Date,nvda,msft,googl,amzn,aapl,meta
2023-01-03,100.0,100.0,100.0,100.0,100.0,100.0
2023-01-04,103.03178148419829,95.62566520368343,98.83304252084733,99.207643547432,101.03143613946838,102.10839742999178
2023-01-05,99.65073000316971,92.79153164620595,96.7235241806477,96.85388375921303,99.96003278094294,101.76366974806498
2023-01-06,103.80021959385164,93.88510714200869,98.00269293226272,100.30296217333377,103.63798553543066,104.23282468484352
2023-01-09,109.17220764813862,94.79922120062628,98.76571921427912,101.79445458052155,104.06173615935576,103.79189335448909
2023-01-10,111.13518363813245,95.52130640261129,99.21454701958253,104.71918325117645,104.52546021132024,106.61374766190555
2023-01-11,111.77784925562551,98.4096997115203,102.69300140091244,110.80167405736483,106.73223186401286,106.53358618797179
2023-01-12,115.34055428931924,99.55336113172139,102.25536533912711,111.01141573275038,106.66827934633574,109.5959743157253
2023-01-13,118.05101299127708,99.85388324073257,103.36625175114055,114.33232707468726,107.74767366507967,109.81241400023663
2023-01-17,123.66050892138458,100.32137811893492,102.43491720270366,111.92030225275164,108.69114094333938,108.51371414499901
2023-01-18,121.39017372993915,98.42639501965309,102.24417359560904,111.23281219287841,108.10748418929225,106.63780474882944
2023-01-19,117.11491164709693,96.80689106718326,104.40978892976685,109.15870500850818,108.1554423685678,109.14701572330694
2023-01-20,124.61755897891666,100.26712493012448,109.98653533868637,113.31857416199121,110.23429656794157,111.72836090965428
2023-01-23,134.0761236404559,101.25218092306416,111.97264202063258,113.63318223007151,112.82485783448455,114.85490538574945
2023-01-24,134.57909329102415,101.02677457540825,109.62746618062525,112.23491032083194,113.96019508374022,114.75067447525788
2023-01-25,134.9842844543836,100.42989762179799,106.84471477474347,113.23700844878547,113.42448409100405,113.43593244552639
2023-01-26,138.33041027259662,103.51447392650941,109.42550490319358,115.61407780648952,115.1035791740551,118.08563137380045
2023-01-27,142.26336743815952,103.58125515904052,111.50136159010908,119.13306714907341,116.67868622156668,121.64503051965036
2023-01-30,133.85959121533685,101.3064341118746,108.77468989363955,117.1638352473939,114.33599994635439,117.8932117273112
2023-01-31,136.47923650963688,103.43515152501533,110.90663493224027,120.17012074125853,115.3673864139644,119.4244181408219
2023-02-01,146.30110827650645,105.49710083086721,112.69077169448182,122.52388941947348,116.27888985135013,122.7513107283987
2023-02-02,151.6521342487667,110.44325649335265,120.89317891319959,131.56607325054435,120.58846995712511,151.33077185459146
2023-02-03,147.3978342479512,107.83454897139447,117.57180648568017,120.47308291459228,123.53083216071528,149.53501158272167
2023-02-06,147.32099110541964,107.17503836180175,115.46230543002653,119.06315622061024,121.31610059271567,149.15827364961075
2023-02-07,154.89348976287044,111.67873554566292,120.78096764073725,118.9815905074045,123.65075244483334,153.61551588249372
2023-02-08,155.11701400489,111.33230790190771,111.50136159010908,116.58122047021145,121.46799713567229,147.04985769516804
2023-02-09,156.0391049779196,110.03420175623617,106.60907455948174,114.47214893161362,120.62848063905827,142.63267767480104
2023-02-10,148.55048138592517,109.81716931313113,106.11535014601121,113.73805751276225,120.92474843842542,139.61037645883138
2023-02-13,152.20399314293934,113.24818638684,106.16023811190533,115.98695090828643,123.19893722091788,143.84318879404097
2023-02-14,160.46803997715026,113.60294855941935,106.23877908881059,116.17338301418691,122.67843823481365,143.88330040509268
2023-02-15,159.0220039028509,112.69489180009677,108.77468989363955,117.87462598675621,124.38408292617416,142.02342083378306
2023-02-16,153.6989184608431,109.69469111514289,107.17010499497452,114.36728253891886,123.08682783653164,138.23954239172394
2023-02-17,149.40972621889895,107.98327109124708,105.86850954495841,113.26030912827456,122.15792683074483,138.59228498608073
2023-02-21,144.2892163055587,105.72786227735816,102.99594763819641,110.20741338543583,118.8987823502724,137.95094379607494
2023-02-22,144.98077785099355,105.24247113135783,102.83885704211293,111.61734007941789,119.24310767263191,137.18132695828763
2023-02-23,165.30913121929132,106.60659068288929,101.98607211285426,111.65229554364949,119.63550293594834,137.91887179672108
2023-02-24,162.66853721163938,104.28424969618347,100.01121767033705,108.94896333312265,117.48145796093668,136.59612720419355
2023-02-27,164.17042760909405,104.677573830472,100.84155861664865,109.25192550645639,118.45034481272747,135.91471145203784
2023-02-28,162.17953782619733,104.36792967810212,101.05477213350929,109.79958481940729,118.04194279304487,140.24371508604114
2023-03-01,158.56093167898658,103.04985347635822,101.39138002407736,107.39920589221823,116.36033928114513,139.02517670473728
2023-03-02,162.86413429208122,105.07509147965712,103.23159649573115,107.35259564324411,116.84081516735164,139.91501722897434
2023-03-03,166.88787812795238,106.82419407403188,105.08302199544899,110.58028648723277,120.9407676127562,148.5088928479071
2023-03-06,164.54069979397534,107.48532565104153,106.74372117261817,109.24027072171387,123.18295530048091,148.228321514322
2023-03-07,162.7101405274985,106.34716370734016,105.31868813752968,109.00722836683929,121.39720231950193,147.91567818138302
2023-03-08,168.94942135696593,106.1588558568834,105.75628098795006,109.43835761235687,122.41415911224965,148.28445060059974
2023-03-09,163.74418078298456,105.58142394965577,103.59067429606526,107.49242639016646,120.58839544933753,145.65496654113673
2023-03-10,160.4533745409364,104.02062264311667,101.69433490363433,105.72128137912998,118.91480152460319,143.9073327927487
2023-03-13,160.4603396204874,106.25091630597407,102.232947282999,107.702168065552,120.49233007521127,145.021627913927
2023-03-14,168.12494844704796,109.12564623770837,105.44211708032907,110.5569769177477,122.18997759737096,155.5395394525111
2023-03-15,169.27778274646857,111.07139121136404,107.84335534520264,112.0950795739096,122.5102741582343,158.52973162022502
2023-03-16,178.4515277922048,115.57382180934877,112.56731682486347,116.56956568546892,124.80048211505755,164.28571075724744
2023-03-17,179.7371264006862,116.92538050405392,114.02602879778205,115.2994608484132,124.11984105750393,156.8141822208248
2023-03-20,180.95982539441266,113.9126123996526,113.57720099247864,113.85457869019955,126.0416700945423,158.57785814370675
2023-03-21,183.04889472476106,114.5611962450782,117.72889708176368,117.23374617585709,127.5471371965911,162.06509837841895
2023-03-22,184.92836997219183,113.93770786282073,115.98968285450819,115.00815345982198,126.3860078348664,160.1811740698194
2023-03-23,189.97991089243524,116.18473620953766,118.49191472150706,115.0198082445645,127.26685131766091,163.76461795295924
2023-03-24,187.10128763064705,117.402430558609,118.31239742702249,114.34397296943379,128.32393055402315,165.15150654419452
2023-03-27,185.36854695740325,115.64917382506441,114.968581016556,114.23910657673902,126.74636474952128,162.61022357036313
2023-03-28,184.52315207148285,115.1679368182339,113.36401340243695,113.30691937724866,126.2418725197832,160.87860729720109
2023-03-29,188.53360744464064,117.37733509544086,113.76795324184623,116.81426282508605,128.74028007104815,164.6224358763782
2023-03-30,191.3213504553972,118.85857118350441,113.20691416408046,118.8534145452247,130.01353123512368,166.61858130863143
2023-03-31,194.07420122502515,120.63698900642834,116.3936226939175,120.356561737155,132.0474572385837,169.90539933405836
2023-04-03,195.3877269950842,120.1892344925591,117.1005346974297,119.33116292971239,133.0644512852252,170.81128203278925
2023-04-04,191.8104300528878,120.1683259816664,117.50449182138496,121.12560862023795,132.63203292201104,172.13403897495076
2023-04-05,187.81394494485622,118.97994029852312,117.22397228250207,117.80470616829706,131.134625078986,169.5366269148416
2023-04-06,188.90390636687147,122.0178301165771,121.65617926839703,118.92332547368787,131.85530165440196,173.2403562326009
2023-04-10,192.6907840233107,121.09309117436398,119.43447558255403,119.0515014358677,129.74927694848887,172.15808371224068
2023-04-11,189.82615776399825,118.34809113695705,118.21141246717018,116.42973493854656,128.76430883254432,171.43660574756902
2023-04-12,185.11701534175745,118.62424623374454,117.41472453186968,113.99440943712192,128.20379916450693,171.55682943401877
2023-04-13,184.8934242563641,121.28137277433626,120.5453447100215,119.31950814496987,132.5760030657471,176.6474473430133
2023-04-14,186.95455305646004,119.73313232462345,122.1611213522046,119.4476841071497,132.2957544407107,177.56133260454027
2023-04-17,188.6593531994514,120.84617911729335,118.90710680034535,119.71568192625588,132.3117239431831,175.45294134936546
2023-04-18,193.30563611296157,120.66625829662969,117.2576252935132,119.20298696753258,133.304701646293,174.6753219487821
2023-04-19,195.15016564456465,120.69974078959093,116.89856477772507,121.53344607626249,134.23359023411527,172.91966093833014
2023-04-20,189.37201051366057,119.72059771828162,118.14407187605597,120.96247719382653,133.448812125447,170.81128203278925
2023-04-21,189.4768342924689,119.57413314009477,118.27872713146539,124.63295206807533,132.14359712049753,170.66698890978174
2023-04-24,188.9388387140244,117.90453670060548,118.90710680034535,123.7590299023016,132.39180739687237,170.58682743584797
2023-04-25,183.3423371357855,115.24742328525602,116.5282693070539,119.51759503561289,131.1426098302222,166.38608709999227
2023-04-26,188.33794352082498,123.59535298173347,116.37118735324341,122.32580252883048,131.134625078986,167.8691793396552
2023-04-27,190.2244373225058,127.5538341654518,120.72485336223309,127.96550930475877,134.85818901744037,191.24580143319972
2023-04-28,193.87857740723376,128.57063355675558,120.4443424656232,122.87345295178538,135.87518306408185,192.65672241209097
2023-05-01,201.99031492988198,127.85931105340961,120.28724322726671,118.91167957894133,135.80309677959337,194.9494937020572
2023-05-02,197.09947884895175,127.79653301976255,118.17774217161308,120.75273551844101,134.9623012326258,191.79093897477784
2023-05-03,194.24884959211505,127.37392647003041,118.27872713146539,120.77604508792605,134.08946733699668,190.0192481394659
2023-05-04,192.57203008540043,127.79653301976255,117.47083016810085,121.1838736539546,132.76014906276345,187.20539639484545
2023-05-05,200.3833333801237,129.98914411214102,118.45827035276895,123.11815898139848,138.99017981150647,186.61214467941954
2023-05-08,203.6741262534971,129.15225241625865,120.9268405664837,123.31624587204149,138.93412511931336,187.00496183592622
2023-05-09,199.6217333476111,128.4618384238054,120.45556013596024,124.23677828678932,137.5487894067808,187.08512330985997
2023-05-10,201.81563982544253,130.68378443259644,125.39272649020874,128.39664744027235,138.98219506027027,186.85266615012264
2023-05-11,199.67066269723978,129.76316681644755,130.80116463270772,130.7154517642597,139.13430270862506,189.02518905437125
2023-05-12,198.00777334962706,129.28619551334594,131.855936766217,128.47821315347804,138.38056951145057,187.43787825385067
2023-05-15,202.2907090517826,129.49123804766222,130.73383268386652,129.5735228893838,137.9796058525619,191.48629820463492
2023-05-16,204.10732479048278,130.44527253056114,134.10008443500706,132.1370332429843,137.9796058525619,191.45425090454893
2023-05-17,210.8496287452175,131.67817903539182,135.59244077666378,134.5840135291515,138.47680873708123,194.396353597683
2023-05-18,221.32992111278708,133.57366089387887,137.82541398648175,137.6718736262178,140.3692071980235,197.89164579372704
2023-05-19,218.4373810605717,133.49819075098304,137.74686436730352,135.45793569492523,140.45743683648874,196.92160674665442
2023-05-22,217.82254233959563,134.68914898160588,140.31642818314359,134.01305353671157,139.6876099571959,199.07008491361307
2023-05-23,214.41294205361294,132.2065356618738,137.52245046465183,133.9897439672265,137.57066986040158,197.80342000882752
2023-05-24,213.36491816432587,131.61525662408008,135.65979001005098,136.04055047210767,137.7951866603244,199.7835603154887
2023-05-25,265.3611621014648,136.67691441830175,138.55476997294105,134.00139875196902,138.7173447113348,202.57335497318522
2023-05-26,272.11049797912426,139.59985336479366,139.82271241194604,139.95572248597358,140.67393163128156,210.06895294616572
2023-05-30,280.2502027693745,138.8953166116872,138.76795756298273,141.76183185123764,142.17343811032356,210.45374284060844
2023-05-31,264.3411054797797,137.71273228561526,137.87030195237588,140.50338179892447,142.13336533856742,212.2174434627583
2023-06-01,277.86761081595307,139.4698215898947,138.8240631992139,143.05522847778644,144.41068344813846,218.5425801793809
2023-06-02,274.7724952350701,140.65241904120893,139.89002707624127,144.7797721298448,145.10031511206066,218.5425801793809
2023-06-05,273.6825204443801,140.87888197086536,141.39363565732697,146.00326671792638,144.00175987394275,217.56456326878015
2023-06-06,270.07033126105506,139.9311213537585,142.85232170342655,147.52971458934573,143.70504502785008,217.34807418573308
2023-06-07,261.8598527066152,135.61176163457566,137.4551271580836,141.2607827872609,142.59045819743682,211.31955097718946
2023-06-08,269.09206511667577,136.40011618464433,137.05117003412835,144.7797721298448,144.79557826083797,212.10518529020283
2023-06-09,270.90881454212354,137.0417567769235,137.15215499398064,143.8242842508654,145.10833711719062,212.40177409901392
2023-06-12,275.88402032947636,139.16371469030926,138.73428726742563,147.48310434037165,147.37764563959627,217.29195744908924
2023-06-13,286.6448409682503,140.18694545031195,138.9474921420133,147.58797962306238,146.99276324486135,217.50844653213633
2023-06-14,300.4453773996938,141.46598718162593,138.76795756298273,147.3083181292177,147.50596046778224,219.1358318948068
2023-06-15,298.04166294014857,145.97827483653495,140.36130750676475,148.11232936652823,149.15781053650636,225.93391019296797
2023-06-16,298.3141432691463,143.55855767763012,138.61086696689924,146.22465428805845,148.2837720983113,225.26858601384197
2023-06-20,306.1123051565786,141.76369392617602,138.1283775083117,146.5625719256238,148.35595772651655,227.93810758655303
2023-06-21,300.78077071212124,139.880812300242,135.26705919870574,145.4556074049755,147.51398247291223,225.7816392064323
2023-06-22,300.6409878488105,142.4598305242471,138.18445721772392,151.6546193886012,149.95167859525998,228.37901421763956
2023-06-23,294.93914111344753,140.49309172562417,137.27557529450706,150.69914039961776,149.69508619278182,231.46543473304905
2023-06-26,283.9197435674282,137.80080266106413,132.787245387835,148.36868129088788,148.5644305161794,223.24033153333303
2023-06-27,292.61226979643385,140.30437699265786,132.7760363597709,150.52434529846784,150.80168827195888,230.11863305359768
2023-06-28,287.308729356928,140.84112064893299,134.85189304668643,150.36121387205642,151.75592192552463,228.7077120747064
2023-06-29,285.24738665803585,140.50563945720825,133.64003031709365,149.03286178127607,152.02854592029814,225.69341342153274
2023-06-30,295.58901913097463,142.80792507376714,134.31328066732175,151.89932541821432,155.54081819112602,230.06254101622173
2023-07-03,296.364562691264,141.73854596203893,134.53770321224644,151.7361939918029,154.32996729915294,229.29291182880047
2023-07-05,295.6938028037587,141.8056553256261,136.61355989916194,151.92263498769935,153.42384084043792,235.98685801354162
2023-07-06,294.19848979428684,143.1140582238371,134.77335206978117,149.5688663094844,153.80874807110203,234.0788642683842
2023-07-07,296.9934518894148,141.41566500286723,134.06644006626897,151.2234901430836,152.90258435849321,232.90846476019604
2023-07-10,294.73647200405657,139.1552882847894,130.6665180195713,148.1356300460173,151.2427247026037,235.77039362976242
2023-07-11,296.30873510545814,139.4236994886537,131.44075332965173,150.05826058871864,150.81773228221886,239.12939526559492
2023-07-12,306.76910814763244,141.40726484783184,133.449295352272,152.41202926693362,152.1728923407795,247.98781239325285
2023-07-13,321.2683984715327,143.6969764823222,139.7441627927678,156.4903327072109,152.79033837649644,251.25056098212193
2023-07-14,317.7186677366954,144.77889020039225,140.73161161970887,156.93310784747504,152.91063119955243,247.61102506160614
2023-07-17,324.65032560075815,144.9844183686715,139.86760037784018,155.62805643618373,155.55686220138597,249.0139187784335
2023-07-18,331.8685009023187,150.75473424206385,138.86894252283503,154.77744383989508,155.34835215782934,250.1602858989657
2023-07-19,328.95469128855706,148.9053613595756,136.92774109132895,157.72547319003905,156.44693223187642,253.33495689854257
2023-07-20,318.07507660584855,145.46245281639477,133.75225023182898,151.43324070846512,154.8672305374638,242.5203824533437
2023-07-21,309.6131065417872,144.16242382273467,134.67234982538287,151.47984206744326,153.91298446593348,235.89870632644576
2023-07-24,311.7303570385337,144.72435481887362,136.36670201356318,150.0815701582037,154.56249368624114,233.7742481975092
2023-07-25,319.18609369061386,147.1860202519863,137.1297023687606,150.46609804474318,155.2601473552933,236.06703183710934
2023-07-26,317.59984695541135,141.6462886343146,145.05161597541448,149.3241602798713,155.96578577558168,239.3538375129023
2023-07-27,320.7303627870639,138.68982781913468,145.19744568979598,149.44069034730458,154.93940374770446,249.88775417707845
2023-07-28,326.6697976102959,141.8978864028659,148.7657192142791,154.05500720578624,157.0322902470734,260.9267214710489
2023-07-31,326.5230362987594,140.87046869058776,148.92276659899767,155.7678782931101,157.52948071362815,255.4112514550956
2023-08-01,324.9717620167341,141.04660944148551,147.6099707631905,153.4490828591187,156.85589305996592,258.7061090922204
2023-08-02,309.33362102721424,137.3394897719581,144.05295812040933,149.39408898832647,154.42620652478357,251.9721006949633
2023-08-03,311.05251175340464,136.98724764588937,144.13151638186056,150.20974612038353,153.29553843021654,251.07423290866237
2023-08-04,312.20545300222335,137.45690818906175,143.7499859563064,162.63109743711195,145.934268360535,249.102144563333
2023-08-07,317.3553606313651,138.43400372258122,147.58751813797045,165.71894864418226,143.4163770228166,253.775888228897
2023-08-08,312.09369088121355,136.73143667457813,147.44165385449696,163.06222668262956,144.17815706105026,250.6333262775758
2023-08-09,297.3498340212185,135.12950085885024,145.4892433949268,160.6269011812049,142.8871606255649,244.6769249312681
2023-08-10,296.1899677988731,135.4230206511249,145.5229136904839,161.4542042080085,142.71070134863442,245.1018264367626
2023-08-11,285.47794282298014,134.61786579098552,145.3770148379185,161.27942688685053,142.75885821534354,241.8150454602375
2023-08-14,305.727955757173,135.88853361774858,147.36311287759173,163.79632699147692,144.0998742122276,245.46260864281723
2023-08-15,307.034690240453,134.9743211198142,145.62389000806323,160.41715061582335,142.48588651756126,242.06349539593296
2023-08-16,303.86230371944606,134.64653132004366,144.41204456301645,157.38756444246968,141.7792794960343,235.92273871410177
2023-08-17,302.87002720391627,133.16727714355878,145.78097196187375,156.117450715418,139.71566213922165,228.54741382610678
2023-08-18,302.5555959735156,132.99920841664036,143.02065589666606,155.23188265489773,140.10913776545806,227.072299449972
2023-08-21,328.18612617649353,135.26851029944322,144.04174909234527,156.93310784747504,141.19311431313847,232.4033894311339
2023-08-22,319.1091703360337,135.51220667216438,144.83842838537277,156.43206767349426,142.30922855319724,230.55958908321998
2023-08-23,329.2272250922539,137.42015751078205,148.53007899901738,157.9119141859355,145.43275644230033,235.88262710305003
2023-08-24,329.55563995645554,134.46582298484546,145.62389000806323,153.62386018027667,141.626724800954,229.87816098143034
2023-08-25,321.55483569698185,135.7307682059907,145.7360839959796,155.27848401387584,143.41733320609058,228.8760869839057
2023-08-28,327.2637410926191,136.03334441541287,147.0040264349846,155.1386621569495,144.68602697715883,232.6920250756847
2023-08-29,340.8825437593489,138.01270969707335,150.99865785500512,157.20112344657323,147.84164288678187,238.88892319342762
2023-08-30,344.23661057037054,138.17239139419868,152.4685529291688,157.38756444246968,150.67610539598437,236.5720577676357
2023-08-31,344.87253169144617,137.73953403027494,152.7939863607648,160.81332439710937,150.8527633603484,237.20542109411332
2023-09-01,338.960957186418,138.11776413598434,152.22171232811598,160.9415003592892,152.12949155451122,237.59821355135213
2023-09-05,339.23349099011483,140.17273081296307,152.34517584000733,159.95106590607418,152.32219352913526,240.62049006805387
2023-09-06,328.87004083996453,139.89119436685604,150.87522891220576,157.72547319003905,146.87006133667344,239.83488045430846
2023-09-07,323.1397188273587,138.64304945578152,151.77288452281257,160.6269011812049,142.57419066381408,239.43411013354154
2023-09-08,318.4646397884113,140.47534639811198,153.0296265760265,161.069676321469,143.07203928249248,238.80872467059203
2023-09-11,315.71130774649197,142.01762798784654,153.63555361968642,166.74435634162086,144.01954239924638,246.56086158950163
2023-09-12,313.5589511098206,139.42472325754864,151.86266045460084,164.56536498456384,141.56248667009112,241.8310258865617
2023-09-13,317.8566859349376,141.22759340677084,153.39991340442467,168.78350806175953,139.8842732625265,244.55668889518444
2023-09-14,318.527552771841,142.33700450733943,154.95963626401453,168.63202253009464,141.11284458998023,249.89580613841028
2023-09-15,306.7803913091315,138.77335686076756,154.1740882185942,163.58657642609538,140.5266545711552,240.74875336620147
2023-09-18,307.2416373257677,138.28585911338726,155.08304792226795,163.10882804160767,142.90340332325843,242.54448893880337
2023-09-19,304.124944703819,138.11355093322442,154.89227838835436,160.37054925684524,143.78669314507863,244.56474085651627
2023-09-20,295.17309292178135,134.80202606489357,150.06734923338718,157.64389858683734,140.91209577429703,240.23570017361115
2023-09-21,286.6335310694017,134.28094082261407,146.36446366485956,150.69914039961776,139.65944601348878,237.07710839742998
2023-09-22,290.7776063468051,133.22190440177312,146.1512587902719,150.45443437000466,140.35000902475576,239.7627091935368
2023-09-25,295.0542721404973,133.44466601311711,147.11627227653892,152.9596885798845,141.38584112369168,241.16557821109623
2023-09-26,292.8809534217992,131.17531162934526,144.26618892181594,146.7956231704944,138.07763326509453,239.66648084584125
2023-09-27,296.77335002813436,131.44846104565917,146.47667493732192,146.7956231704944,136.84907435560544,238.6884639352405
2023-09-28,301.11306249200385,131.80569076378018,148.46273840790317,146.7956231704944,137.05784517641862,243.67485093374347
2023-09-29,303.9781833922825,132.69239275397376,146.83570952629108,148.12398415127075,137.47541165397416,240.66860424190168
2023-10-02,312.9439653334221,135.23488342881728,150.5498473342477,150.85062593128265,139.51490090557385,245.96760987407572
2023-10-03,304.10395588444277,131.70061007438468,148.5973850210396,145.32743144279567,138.43088710399965,241.25380399599575
2023-10-04,307.7657428511346,134.04137890119932,151.75046646668446,147.9841534043484,139.4426780234748,244.973563138615
2023-10-05,312.28713560501876,134.20947387860227,151.55971421731687,146.77231360100933,140.44636001206777,244.34022451140524
2023-10-06,319.7924165657666,137.52942515245297,154.3761445610287,149.10277270973924,142.5179993740104,252.86996848126427
2023-10-09,316.3751961351696,138.6052487581224,155.3186708529837,149.45233624205113,143.72243017828657,255.2188688575082
2023-10-10,320.04393481273763,138.00432266728023,154.91473101357442,150.87391772077572,143.24065040579734,258.00862646630287
2023-10-11,327.0880499688978,139.69789892434704,157.70872601661216,153.61221428553014,144.37285832797446,262.80263086721845
2023-10-12,328.0593911397504,139.1683872765477,155.9358328515266,154.1948290627126,145.10355620082058,259.8684813383446
2023-10-13,317.6889358040249,137.7269337977219,154.129252106338,151.23513603783013,143.6100351807146,252.27671676583836
2023-10-16,322.11947504422693,139.79035313070497,156.08171441954605,154.45118098707226,143.50564977030803,257.45548636192876
2023-10-17,307.0460268766511,139.54659113177257,156.77734825681034,153.19273093475908,142.24499042233435,259.7402674387328
2023-10-18,294.8726185878321,138.72710350710412,154.80253702565804,149.30086849037824,141.19311431313847,254.10451198816014
2023-10-19,294.20878367385353,139.2356016420728,154.56687952585034,149.61546766846254,140.88800492297787,250.76959213851944
2023-10-20,289.21916645510737,137.28146307600292,152.15440630609376,145.8517811862615,138.81634072510607,247.43469698814658
2023-10-23,300.3163964255907,138.3951398803004,153.16425590461697,147.4714495556291,138.91269171241808,251.7316039235281
2023-10-24,305.1242531422736,138.9036248900269,155.75628098795008,149.80190866435902,139.26599522318156,250.56115501680415
2023-10-25,291.95854160057524,143.16493166277,140.94479920975056,141.44721489316137,137.38707025382755,240.12351609885934
2023-10-26,281.8047390080416,137.79418753897377,137.20824334566586,139.326497459817,134.00660225923755,231.16079396290615
2023-10-27,283.02070018968817,138.60104868060472,137.08484032968542,148.84642078537956,135.0745223786934,237.87879723457115
2023-10-30,287.63984469343154,141.75287872656799,139.6544041455255,154.63762198296874,136.73666694006886,242.63269002443496
2023-10-31,284.97739290254384,142.0890818066161,139.22802032316918,155.08039712323284,137.12207088931686,241.51835785435486
2023-11-01,295.77412180172837,145.43423354557288,141.88734278625154,159.63644894799788,139.6915712879025,250.00001234963395
2023-11-02,304.0270860045616,146.37978912198298,143.0543002654042,160.88325310556453,142.58223750487326,249.21435333735272
2023-11-03,314.5023784877703,148.2624607440411,144.86087236831983,161.5008233469786,141.84350520893256,252.20461960287034
2023-11-06,319.71554668588544,149.82999529985074,146.1512587902719,162.82918432775494,143.91514457087519,253.16658198934326
2023-11-07,321.1411019504495,151.51099757484897,146.95917303818243,166.2899175266182,145.9948183559124,255.5877030248946
2023-11-08,325.4668040431685,152.63303515845513,147.9353696256945,165.55581721777085,146.85400490844887,256.35720871597647
2023-11-09,328.0943101182285,151.57819881513188,146.1400411199349,163.83128245570848,146.46857612327165,256.97451751832625
2023-11-10,337.77290979767446,155.35202096573695,148.77693688461616,167.28035197983323,149.8696082672351,263.5642080933079
2023-11-13,339.7645749637074,154.09548902486932,148.2158978068504,166.15007788969987,148.58316922475703,263.90090851317075
2023-11-14,347.00430056898415,155.60415686922022,149.9326680511588,169.89047258240782,150.7057594954432,269.60881052524724
2023-11-15,341.63741934845626,155.66734178537683,151.0547634912363,166.86086862906217,151.16405689687855,266.7227998694891
2023-11-16,345.77440922823575,158.4044666774381,153.64680585911537,166.4297393835446,152.53091467809003,267.90922920253723
2023-11-17,344.5025937234339,155.7431138088442,151.82902472813572,169.168018168307,152.51482099597166,268.59073140213053
2023-11-20,352.2663713793785,158.9392677978613,152.88376229255306,170.27500046894727,153.92989773371525,272.54293535485317
2023-11-21,349.01690107969426,157.0990694597007,153.69165925591759,167.67652576111922,153.27863758039933,270.14592080476143
2023-11-22,340.43541506326125,159.11191723432245,155.3972291144349,170.95083574407798,153.81734130260352,273.7613996383533
2023-11-24,333.8665295575383,158.93502834461688,153.3774780637506,170.9857912083096,152.73995869412437,271.14804420082186
2023-11-27,337.12303178014736,159.431923765443,153.06331415612956,172.13935708793602,152.5952148987759,268.3181255824396
2023-11-28,334.1809875252885,161.15425742826366,153.94971752730743,171.32369995587894,153.08569966444796,271.757251643304
2023-11-29,336.41029425388956,159.5329881307122,151.46992100098262,170.49639692907533,152.25752076951147,266.31392818885456
2023-11-30,326.8364782472277,159.5582673472717,148.70956172441,170.22838132997717,152.7238774299706,262.26554528697216
2023-12-01,326.80155926874954,157.70544252607363,147.9578049663686,171.32369995587894,153.76107550501223,260.3976384535986
2023-12-04,318.03138777672655,155.44417329152333,145.05161597541448,168.771844387021,152.30576456197275,256.5496160128318
2023-12-05,325.4394784719551,156.86744830984287,146.9816083788565,171.148922634721,155.51382153609103,255.16277682013228
2023-12-06,318.01045243204936,155.3009768986549,145.89320051888205,168.39898017522003,154.62941409745704,254.48937598040655
2023-12-07,325.6491527669213,156.20631673283322,153.64680585911537,171.148922634721,156.19726905364368,261.8165866945538
2023-12-08,332.00895219936757,157.5875516002492,151.46992100098262,171.77813877088158,157.35502072899786,266.7548101206732
2023-12-11,325.8658055101132,156.3537132032193,149.56238122276065,169.99533897510258,155.3208463662459,260.76637382391345
2023-12-12,333.06424864772515,157.65072339116358,148.6983959077109,171.84804969934478,156.5510196111327,267.9332862894611
2023-12-13,336.07642497038506,157.6464839379192,148.75450154394207,173.43276260448079,159.16408222952634,268.35016053289166
2023-12-14,337.9075056151776,154.09241771818452,148.04758089815687,171.77813877088158,159.28468550169725,267.0915846383397
2023-12-15,341.68142902577256,156.1136918983261,148.78813727040722,174.74947769051062,158.85051620547483,268.4944783551671
2023-12-18,349.9770927757954,156.9221674447529,152.37881156647248,179.52692597540369,157.49973968841712,276.27064766173265
2023-12-19,346.67136709271296,157.17908093641253,153.33257281331046,179.20064534258887,158.3439750115782,280.872220066525
2023-12-20,336.237143178373,156.0673597932092,155.22889492119543,177.25471412039846,156.64748236012608,280.006411929944
2023-12-21,342.3802898676274,157.29697186223692,157.56284444859276,179.25891037630552,156.52689150591974,283.86243693350684
2023-12-22,341.26205369849066,157.7349086949086,158.76349815012148,178.7695160970713,155.65854049551032,283.3012695670688
2023-12-26,344.4000559880099,157.76860119174574,158.79711659204062,178.75787020232474,155.2163491941579,284.455639250397
2023-12-27,345.3645256600349,157.52017973181717,157.50672152781559,178.67629559912305,155.29671826103296,286.8606810625526
2023-12-28,346.0983322177174,158.02970163568082,157.34965685855104,178.72291473809315,155.64247164932115,287.2535229183272
2023-12-29,346.0983322177174,158.34973441728584,156.74374709943712,177.0449813350089,154.79823632616007,283.7581813237474
2024-01-02,336.63552968627863,156.17262423599604,155.03817724091977,174.70285855154052,149.2585202293921,277.6094220791201
2024-01-03,332.44923613397714,156.05895963817383,155.87970993074947,173.0016333589632,148.14095308747542,276.1503869263811
2024-01-04,335.44742882283606,154.9388120894506,153.04084424636355,168.45724520893668,146.2595072713081,278.2747956567819
2024-01-05,343.12810679646043,154.8588268632233,152.30025330502124,169.23794687676218,145.67259701053646,282.14687518447266
2024-01-08,365.184708963282,157.7812408000255,155.78996856805313,173.73573366781054,149.19420759074166,287.5260546402144
2024-01-09,371.38373671304123,158.24444372401447,158.15753653736962,176.38079195462475,148.85651346147722,286.53998576828184
2024-01-10,379.8401454084016,161.18369734661414,159.64988423675334,179.1307344141257,149.70074878463828,296.9937533081582
2024-01-11,383.13883916855934,161.96695930269263,159.4254962609206,180.8203137119565,149.21832327798998,296.3524121181524
2024-01-12,382.3561032612481,163.5839628965152,160.06507631559163,180.16778800631084,149.48365792754478,300.21643968451133
2024-01-16,394.0413677598099,164.3419325107919,159.885576305653,178.46656281373353,147.6424463166734,294.5807336324744
2024-01-17,391.7420626501553,164.00507316863167,158.74102824035543,176.77698351590274,146.87861731428112,295.3102512088439
2024-01-18,399.1082024439809,165.85789798982978,160.9964195063015,178.86273659501953,151.6625760856452,301.5312064135107
2024-01-19,415.76947485038113,167.8791590447291,164.25045998497973,181.00675470785293,154.01835089554325,307.3994066741868
2024-01-22,416.9086463641951,166.96959288254865,163.81283256546737,180.3542290022073,155.891700198793,306.0606322567993
2024-01-23,418.4391724629898,167.97602333248062,164.99105092632203,181.79912005041695,156.92889827383462,308.8023497895499
2024-01-24,428.8454825844268,169.51724177759354,166.8536854541039,182.78955450363196,156.38216012853587,313.21149019821905
2024-01-25,430.62760714224123,170.48999285593064,170.4106721700661,183.81496220107053,156.11683789694567,315.19960836840835
2024-01-26,426.5321938409714,170.0941486751315,170.76974132812722,185.4113210009531,154.70979558229666,315.96923755582964
2024-01-29,436.5541278256532,172.5322805489029,172.2508713571739,187.9049115360944,154.15502301390333,321.48465817324706
2024-01-30,438.71359659729796,172.05647739236088,169.95060940987966,185.27149914402673,151.18820983802067,320.7151030836295
2024-01-31,429.9986644693913,167.4201693235001,157.2037752905316,180.84362328144155,148.26155635964636,312.76253160580063
2024-02-01,440.4818444707094,170.03099000945937,158.39319403717732,185.59776199684956,150.23945250684244,316.4822907484199
2024-02-02,462.37775516689254,173.16397220756207,159.76214736285363,200.198086890643,149.4273797119889,380.7840436801613
2024-02-05,484.5461729294229,170.81842579257102,161.22082476668024,198.45024255909559,150.89873466528837,368.2940684955157
2024-02-06,476.79549657474496,170.75106704938122,161.6920879126577,197.09857200883417,152.20125497192018,364.53422244111266
2024-02-07,489.90636981256984,174.35565232650825,163.30791640847877,198.70659448345523,152.28970813374818,376.45500299725614
2024-02-08,486.70548127697043,174.3809052925833,163.7230566336791,197.9025832461447,151.41333511820878,376.7837502528588
2024-02-09,504.1216560098276,177.09279034381177,167.19031927149095,203.2742922029668,152.0332026570222,375.2685983634759
2024-02-12,504.92527378711696,174.86518735561413,165.5408377646588,200.81565713205705,150.6646063607671,375.9019122914178
2024-02-13,504.0866835566503,171.10056599982124,162.8591058877213,196.50431133690515,148.96596540143958,368.86321372548196
2024-02-14,516.4708356344165,172.75432027192352,163.75674421378216,199.23094422692108,148.249473680093,379.4131602145181
2024-02-15,507.79071553558987,171.51821120798562,160.199740213274,197.85598188716656,148.01600352769537,388.0311546685445
2024-02-16,507.4762308304901,170.46353236756926,157.67502115196314,197.51805535960523,146.76818435511555,379.44524456350587
2024-02-20,485.38470968519044,169.92775997922013,158.3482887867372,194.68655607689456,146.16441049842047,378.1866439696861
2024-02-21,471.5469548632097,169.670387104082,159.95286504312926,196.44604630318852,146.77624361413933,375.60255716460307
2024-02-22,548.8848453103959,173.6655795903533,161.68090481141263,203.42577773463168,148.42657869118256,390.1280978130527
2024-02-23,550.8346397870745,173.11291501523775,161.53500595884722,203.90352611911936,146.93725494311053,388.4428420657183
2024-02-26,552.7565739455491,171.93166946387456,154.36492689069166,203.6005550557896,145.84238784047807,386.6050189406336
2024-02-27,550.0239098748117,171.90636399683052,155.8348565339473,202.21392904129664,147.02580744865529,390.8664330280586
2024-02-28,542.7695322019958,172.00762524073335,153.0296265760265,201.77115390103245,146.05170505173356,388.4347654051186
2024-02-29,552.8963033341608,174.5051225851687,155.36355881887783,205.9659696287511,145.51229350554732,393.3381875627825
2024-03-01,575.029748643514,175.28978894216715,153.88242878983115,207.66721260132041,144.63482770912333,403.10484616925464
2024-03-04,595.7024790736792,175.04513442676227,149.62972181387482,206.92146639772653,140.96380417888105,399.80645653682177
2024-03-05,600.8115587700979,169.8686832638855,148.86667824731248,202.88976431642732,136.95465189061338,393.4104082220899
2024-03-06,619.9338972507721,169.6324157782737,147.44165385449696,202.17897357706502,136.149607663722,398.12117609021954
2024-03-07,647.6735765335909,172.60668754717705,150.78547026496346,206.03589833720628,136.05302073508264,411.0417583112419
2024-03-08,611.7425359012419,171.3748048112413,151.94121871605205,204.32300946989042,137.44570788265693,406.0340805438186
2024-03-11,599.4836750433445,170.65758907412837,154.47710359406207,200.37288199179292,139.0719272724518,388.0897166327093
2024-03-12,642.3897949953831,175.1969934795109,155.40841221568002,204.3696108288686,139.45834949479686,401.0584624261153
2024-03-13,635.225896513356,175.12106395313657,156.85590651826155,205.7329272738765,137.76776779449312,397.70393135777067
2024-03-14,614.6500622378653,179.390442749859,160.57002704167218,208.28478284273447,139.27318522468352,394.7024516246314
2024-03-15,613.9022185716827,175.67794173101208,158.41561209330544,203.2393367387352,138.96726866682408,388.49900820089795
2024-03-18,618.2214769631665,176.05761561336817,165.70915467335232,203.30924766719835,139.85283097616562,398.8354542183015
2024-03-19,624.8121801461009,177.7830993343271,164.97978140234707,204.96387150079758,141.75272988772483,398.24153562264263
2024-03-20,631.6195628095767,179.39465595261893,166.89857341999806,207.5856379981187,143.83783032329117,405.6889329743377
2024-03-21,639.0489631723758,181.14123193786196,165.61941331065603,207.5856379981187,137.96096648770103,407.48654569129917
2024-03-22,658.9959349870651,180.87545890768845,169.1764000266182,208.42460469966082,138.69355189116595,408.94716159718314
2024-03-25,663.9791352419255,178.3948143742928,168.39092111938177,209.40341103812128,137.5423444831547,403.68256204517843
2024-03-26,646.918620732435,177.8843212025032,169.06417146960987,207.76043309926862,136.6245948095764,397.9606802474768
2024-03-27,630.7669087332606,177.7915388650892,169.28861129908054,209.54323289504765,139.52276147716407,396.3315659360541
2024-03-28,631.5078541632661,177.49200771186733,169.35591732110277,210.18411270594677,138.0495189932458,389.6866971966084
2024-04-01,631.5566765634966,179.11624331416567,174.47264418120082,210.871593875824,136.88220548515156,394.3172665419024
2024-04-02,625.1896580466789,177.79576519309134,173.4291070025745,210.54533102300118,135.9241967703482,399.1483939424552
2024-04-03,621.7789347920162,177.3780937344425,173.83304684198382,212.54952727890824,136.57627650932753,406.6679625549219
2024-04-04,600.3992153657409,176.29388309897996,168.90710680034536,209.74131978569065,135.9080782523006,410.02251832253444
2024-04-05,615.0973780953997,179.51700946080587,171.1176101003973,215.64904216071707,136.51992378598408,423.199824733995
2024-04-08,608.9817976135043,179.1246697196855,173.7544885805326,215.78886401764345,135.6102333714296,416.70747397376397
2024-04-09,596.5482349138182,179.8376328783118,175.71813399498575,216.34816922534088,136.5923826094105,414.82158607336726
2024-04-10,608.324967885101,178.56356561380787,175.2019828831141,216.67443207816368,135.07085907913714,417.1730551734716
2024-04-11,633.3249244369081,180.5337432258984,178.87116358699268,220.2866508086918,140.91546104270296,419.8454171619899
2024-04-12,616.3413600193471,177.9898087744082,176.98609371853672,216.88418264354522,142.13113010493987,410.808992410656
2024-04-15,601.0702158893919,174.5051225851687,173.7657062508696,213.95944508289432,139.02362139016756,401.44359811030836
2024-04-16,610.9527680710058,174.901675529049,173.24957242354398,213.6098904405784,136.35893729294207,401.06646498891126
2024-04-17,587.3296780702799,173.74572231948756,174.45017427143478,211.2328121928784,135.2479516722621,396.5803616615
2024-04-18,591.7746020045258,170.55212775270783,175.05611859964066,208.83244215568536,134.47511964553664,402.70358186313
2024-04-19,532.569982004427,168.3794801537806,172.90170365127392,203.48404276834833,132.83280657362343,386.0673652772258
2024-04-22,555.759766518769,169.15572010525918,175.35906483692463,206.513628941702,133.5090392537449,386.5970410771054
2024-04-23,576.0631472026115,171.94432219739656,177.5807858073136,209.20530636748632,134.36240178088514,398.1292280515513
2024-04-24,556.871077714379,172.57291629888644,178.55701696391765,205.7678827381081,136.06910199923644,396.04265859955643
2024-04-25,577.5240225058966,168.34570890549,175.04488364475762,202.36541457296147,136.76948762050006,354.21543640024964
2024-04-26,613.1892938839783,171.416963089325,192.94214948885275,209.29852686543455,136.29450047464564,355.74822356690527
2024-04-29,613.3431405931387,169.69994514961266,186.43399939331243,210.85994798107745,139.6757135471115,347.1853331795392
2024-04-30,603.8728248664837,164.24928142580032,182.65259013242553,203.91517201386588,137.12372247860836,345.219222057039
2024-05-01,580.3824055940952,166.6159988565289,183.8644615042913,208.5760902313257,136.29450047464564,352.45788589580417
2024-05-02,599.7842563266919,167.83945518694478,186.9613681755211,215.24120470469254,139.29736300175483,354.4561554650959
2024-05-03,620.5559149500954,171.56039573655383,187.6571230046072,216.97740314149345,147.62958130535034,362.70608142904035
2024-05-06,643.9762823667314,174.46295118184275,188.62210192178225,219.8788133526673,146.28517520413115,373.71661986567057
2024-05-07,632.8916189505243,172.6910697295557,192.15665329707033,219.94872428113047,146.84065559650656,375.7710308708739
2024-05-08,631.8991285361983,173.19728407237415,190.05832670038882,219.06315622061024,147.11437237216467,379.2700032578334
2024-05-09,620.2622853776243,173.94824480729324,190.70921084812676,220.81100055215765,148.58759002015373,381.53312307669887
2024-05-10,628.1669153908606,174.9691655246612,189.2392293512332,218.4572318739427,147.5638033468774,382.15910132207773
2024-05-13,631.8082750225161,174.53885445773258,189.78903347411597,217.39688649226449,150.16763941757512,375.58647794120736
2024-05-14,638.496890379407,175.7369921958622,191.13555145911815,217.97950126944698,151.0946777286723,378.66815619718216
2024-05-15,661.3791953742247,178.80957202916377,193.57046001954882,216.7210512171338,152.94075718166596,386.44457249642664
2024-05-16,659.485175008653,177.92624322622655,195.44432950221372,213.97110875763286,153.03748070791588,379.77564667005703
2024-05-17,646.3455858574393,177.59661589254208,197.5538737692323,215.2178951352075,153.06165848498722,378.7163444688336
2024-05-20,662.4276203237545,179.76474840813782,198.51886997095332,213.86622458494608,154.00484015006117,376.25254309837004
2024-05-21,666.6629769124323,181.3284897689393,199.56242443412557,213.41178576994344,155.06087627739723,372.8739549431015
2024-05-22,663.6157211871971,181.95399943850214,197.91294292729341,213.38849398045036,153.8919981057637,375.40187561300496
2024-05-23,725.4623121684485,180.4663188564974,194.7374261409745,210.96481437377227,150.65131913864775,373.79684308777405
2024-05-24,744.1232709457388,181.80185163042415,196.35325463679553,210.61524195146438,153.15033517017795,383.7801883714365
2024-05-28,796.0662941886505,181.86948600370104,197.9353782679675,212.2465562155785,153.15843168309553,385.1445018318212
2024-05-29,802.5242196938493,181.3834451582097,197.37432190565576,212.0950884639056,153.40027154363185,380.6825049898696
2024-05-30,772.2963626643394,175.25519080361528,193.12166678333736,208.94897222311863,154.2063837154786,374.8160583772136
2024-05-31,766.2367701923472,175.44961501695715,193.5592423492118,205.59310541695015,154.98028368715944,374.63953270961093
2024-06-03,803.7472395357702,174.7691499581239,194.31105096089112,207.8070344582468,156.4152167502944,383.19432173710936
2024-06-04,813.7906970868187,175.84687672391854,195.00671936724734,208.9722640126117,156.67317512887828,382.79313152878836
2024-06-05,855.7462507885847,179.20262053336523,196.824517782773,211.2328121928784,157.89849294960746,397.2946150903141
2024-06-06,845.668034683155,179.41818951196018,198.30566509636566,215.56746755751539,156.7779703321166,396.25129331541484
2024-06-07,844.8991754602467,179.1350124105728,195.75852797892668,214.7518104254583,158.72078572932475,395.60928524517607
2024-06-10,851.2033612056834,180.8339962674436,196.60102860333092,217.96783759470847,155.68161307373248,403.3455652341009
2024-06-11,845.1223788540719,182.8668994122123,198.40968349403641,218.16592448535147,166.99174621356082,407.2538785877848
2024-06-12,875.1081024462937,186.4086016537543,199.72401765443527,217.76975070406544,171.76410660599083,408.35329240005996
2024-06-13,905.9325232183801,186.62834445938245,196.7695702111221,214.20415111250742,172.7073006890294,404.5493334532071
2024-06-14,921.7992150716301,187.04679030732362,198.60066044250166,214.00606422186442,171.29654540296576,404.9992553170731
2024-06-17,915.5084514756544,189.49808679906448,199.10616427405338,214.47214893161362,174.6662097683559,406.98342160440023
2024-06-18,947.6610768226884,188.6401290893825,196.690908242395,213.01561198865744,172.7475845661837,401.2477576152166
2024-06-20,914.1106228425466,188.36963097200163,198.05023407596386,216.8492271793136,169.0312975549835,403.02309159254213
2024-06-21,884.6839237541699,190.09399904736992,201.79104193835812,220.32160627292342,167.26586036408605,397.4641508651042
2024-06-24,825.5512272242902,189.20224383891284,201.3304260727005,216.23165693789957,167.78982396231297,400.7818306257584
2024-06-25,881.3288141865169,190.58850567410786,206.73386898141305,217.12887089316632,168.53955857488708,410.1725663749601
2024-06-26,883.4957159413293,191.09989136236996,206.56534465816785,225.60009473179727,171.90921052231263,412.19696776967834
2024-06-27,866.6505440449038,191.39149486927718,208.28411990980925,230.54067444310178,172.5944338088027,417.37025412829735
2024-06-28,863.5053226710131,188.8979482227569,204.6219394470501,225.18061138102618,169.78905417268757,405.0474188894567
2024-07-01,868.8174457997162,193.0313232593599,205.56555466540144,229.78326456476935,174.73069625851073,405.4169940348798
2024-07-02,857.4242333700037,194.10905002515452,208.09316024588992,233.0459108729896,177.56831293072096,409.28890066769526
2024-07-03,896.6362141624264,194.7387728974773,208.7446839218289,230.237703379772,178.60017128098568,409.65845111385056
2024-07-05,879.5116369634766,197.60851523715934,214.1144219658924,233.0459108729896,182.46154979054307,433.71771157331125
2024-07-08,896.0770827091833,197.05062681563118,212.350689610173,232.21859006619403,183.65465541110635,425.2106415313744
2024-07-09,918.3044295900643,194.2189476784531,212.29454940484987,232.27685509991068,184.3479255386556,425.7568905400075
2024-07-10,942.978083528282,197.05484001839108,214.76596292637734,232.80120484337647,187.8143258482603,429.5244180667241
2024-07-11,890.4853938538587,192.17337867492017,208.46387918793744,227.27802813488148,183.4531242636535,411.85955107104667
2024-07-12,903.3465937218298,191.68733782942883,207.90214872833275,226.62550242923584,185.84735750990998,400.74967217896693
2024-07-15,897.754744442408,191.86061727751763,209.542279295793,224.56304113961215,188.95906349671628,398.5727034064983
2024-07-16,883.2160967400085,189.98410139407136,206.61028447769988,224.91261356192004,189.29763930146714,393.4556325815946
2024-07-17,824.7123696203283,187.4482914675294,203.35251053709135,218.98158161740855,184.50917280895416,371.1234684292723
2024-07-18,846.380531573267,186.11694564587808,199.61170267469706,214.1109306145592,180.72029037671695,382.25740440827593
2024-07-19,824.2931814544932,184.7391889676564,199.57798052550203,213.38849398045036,180.82511041588447,383.01253512544633
2024-07-22,863.5053226710131,187.203177568646,204.08271346630335,212.71265870531968,180.54297426022924,391.53565969151106
2024-07-23,856.8649949673623,188.01039309181752,204.2175329248995,217.21044549636807,181.38939514515948,392.57194217506196
2024-07-24,798.5710490920465,181.2693343021512,193.92743774754712,210.70846244941256,176.17366374474028,370.5450362745798
2024-07-25,784.8013675619535,176.83163739890776,187.91741098242767,209.5665424645327,175.32723044184547,364.23096482997147
2024-07-26,790.2533805033654,179.73513786163815,187.60284953024927,212.654393671603,175.7061273776444,374.10375619056276
2024-07-29,779.9785379295372,180.35219487519666,190.44498199382423,213.4700508036601,175.93183630216856,374.1117587533588
2024-07-30,725.0396481471752,178.7419507811291,191.29871757311147,211.7338701468512,176.3832914051107,372.0873820579084
2024-07-31,817.9323660027649,176.8105057588969,192.70296594166638,217.8746170967602,179.0274113529627,381.4379567975226
2024-08-01,763.3430938027769,176.28642796138607,191.8267085989752,214.48381260635213,176.02857224638308,399.84192468551043
2024-08-02,749.782979618252,172.64329384779208,187.22091291786472,195.642035065878,177.2377963849939,392.13012167106353
2024-08-05,702.1134938991385,167.00529354144894,178.89671014594205,187.62526782224168,168.70078100925642,382.1610031657052
2024-08-06,728.6742699667508,168.89024895565728,177.81829275354053,188.68561320391987,167.05624512168023,396.90982519587135
2024-08-07,691.3493578290235,168.39156850188616,178.54847839820656,189.66441954238033,169.14417685317477,392.75671739813964
2024-08-08,733.7067738941332,170.1919973560512,182.01968191250043,193.19506366970677,171.9575536584907,409.3933785708658
2024-08-09,732.1691623977146,171.59936458077254,183.86204166785498,194.52342465048312,174.3195622866167,415.9323615488713
2024-08-12,762.0150496519265,171.9332313677014,182.31177345491284,194.36029322407174,175.5624515272513,414.470263686914
2024-08-13,811.7815991688963,174.97626628071455,184.41250260348474,198.35702206114735,178.58091101789498,424.58407050356624
2024-08-14,825.3415529293239,176.18075663608968,180.15493867010974,198.20555430947445,178.94409922847808,423.15418048693624
2024-08-15,858.7523309955533,178.2638769576791,181.19965119786227,206.93311229247306,181.36532912976952,431.64514660620944
2024-08-16,870.7744058860671,177.17998132803038,183.06444629389088,206.315542051059,182.43872557161288,423.6842761743699
2024-08-19,908.6584494770374,178.47560024029693,187.23216515729368,207.66721260132041,182.30957873979887,425.1784830845829
2024-08-20,889.4369689043288,179.86011641827363,187.80506143359753,208.43626837439933,182.80996062325517,423.13002460294075
2024-08-21,898.1739860829421,179.58065376044095,186.31098527961643,209.86949574787047,182.72119701231222,429.9018722786037
2024-08-22,864.9031513041209,175.94364913497435,184.0080615122422,205.23188709989574,181.2119672669904,427.30726358540005
2024-08-23,904.2549149598547,176.4686719499267,186.05261588639905,206.2922324815739,183.07630112794234,424.1502525623638
2024-08-26,883.9150645312616,175.071450537459,186.6592343118979,204.49778679104838,183.35070089165333,418.6234949809853
2024-08-27,896.7761039751354,175.2196476476219,184.99661655012562,201.72453476206238,184.03669409194845,417.0007530806779
2024-08-28,877.9739185176599,173.84782357889392,182.94089635926966,199.0212114415315,182.793829687243,415.1370945213813
2024-08-29,821.9165519300155,174.91481389653399,181.73884260951704,200.5593052076974,185.45716022632735,416.29381063515893
2024-08-30,834.3582427839569,176.61686906008958,183.5362798298855,207.9934754541432,184.81957225203328,418.77608705800355
2024-09-03,754.8855354013871,173.3566901394124,176.77359751033399,205.37170895682212,179.79152596854072,411.1044203538763
2024-09-04,742.3740065904892,173.12806154478588,175.7513030387096,201.96924079167547,178.24195025624158,411.8916354200345
2024-09-05,749.363737977718,172.91213818465036,176.63876076719185,207.28268471478094,179.47676781988787,415.2013126178927
2024-09-06,718.7489915005976,170.07957965624203,169.53904708569593,199.70869261140876,178.21774764324107,401.8742792444889
2024-09-09,744.1913977123256,171.7816479450399,167.27809019594625,204.38125672361508,178.29036790020726,405.5053433161188
2024-09-10,755.584449717941,175.3720842110292,167.2218289988013,209.2169700422248,177.6447082489248,405.5053433161188
2024-09-11,817.1635602545557,179.11493078994138,170.0339900596576,215.00816234981795,179.70276235759778,411.1606111883238
2024-09-12,832.8218612056165,180.79158860975727,174.00478609078016,217.8979266662453,179.79152596854072,422.22227710948414
2024-09-13,832.5422420042959,182.31159666340594,177.12061933985132,217.30366599431625,179.57360310781917,421.4349632462544
2024-09-16,816.3247561252929,182.62913564898483,177.7955462910389,215.43929159533553,174.58591520926848,428.8004331263617
2024-09-17,808.0063388908251,184.2422935468303,179.21287906089606,217.75810480931895,174.96522193789912,431.2448702708003
2024-09-18,792.4879812271722,182.4047333823605,179.76403137836476,217.23373728586114,178.1128158423922,432.55551222206225
2024-09-19,823.9442055685076,185.74113058474134,182.38497350711216,221.24212979767526,184.71465286914898,449.5616991416758
2024-09-20,810.8723688609876,184.29311448479422,184.01602968793617,223.25798972832084,184.17393743668003,451.37092051454505
2024-09-23,812.689866932222,183.54792885646197,182.05876227094734,225.91471168987357,182.77767391530168,453.8314615816472
2024-09-24,844.915164395262,181.7103686919922,182.55370524490905,226.0079321878218,183.50406275443245,452.9630847212058
2024-09-25,863.3693899860339,182.95515354105254,181.65383721241756,224.3416446794841,182.6969695633825,456.9674288284421
2024-09-26,867.074224085459,182.6164172892516,183.04866550341671,222.7452858796015,183.6251254912935,456.5895794282762
2024-09-27,848.6198915452892,181.22346158051278,184.42097203101193,219.02820075637862,183.84301109812122,456.2035298711711
2024-09-30,848.8995642213088,182.18881002222497,186.55822342522663,217.1172249984198,188.0478456725163,460.28824539611827
2024-10-01,817.8626349952067,178.11995867648733,187.8405466064819,215.71895308918027,182.5678599854623,463.5286905460835
2024-10-02,830.7946888394159,176.61264273208744,186.5694756646556,215.2878060636707,183.0278834839767,460.58577277710907
2024-10-03,858.7558068509912,176.3628299964811,186.5694756646556,212.02517753544242,182.1320266819838,468.59446099158174
2024-10-04,873.2256860904153,176.15959874559434,187.91926042884688,217.32695778380932,183.04401441998886,479.1841733019192
2024-10-07,892.7984419611686,173.39904529612974,183.3298504973196,210.673506985181,178.91988419751294,470.2106328866306
2024-10-08,928.9381943439009,175.5879944459225,184.90469733463658,212.91074559596268,182.21275586983216,476.7317335946845
2024-10-09,927.260372186579,176.75234781051927,182.07003179492233,215.76555444815838,185.25540555551174,474.8179355215732
2024-10-10,942.359595159096,176.06644890139754,182.3174773550842,217.49008921022076,184.85188379591597,469.44673392935965
2024-10-11,942.2896502527415,176.26969327752656,183.6223222997434,220.01865298958566,183.6493405222586,474.3677666650282
2024-10-14,965.1480520570848,177.46368343910748,185.55708523787425,218.52714280240585,186.67584685396145,474.7457148622658
2024-10-15,919.9207558434811,177.2942890627225,186.1195243638639,218.70193790355583,188.7338885446698,471.40864617631865
2024-10-16,948.7207314590185,176.18498296409183,185.7820608882701,217.76975070406544,187.06323767754506,463.7860075189511
2024-10-17,957.1789315567969,176.43903515294255,183.27358930017465,218.51549690765935,187.36185247222116,463.89858678198925
2024-10-18,964.6585446620018,177.04872890560287,183.82479347128128,220.21673988022866,189.6620320546162,463.5286905460835
2024-10-21,1004.5730225758147,177.31122062521567,184.55598161961382,220.3099603781769,190.8564663973914,462.4752667706177
2024-10-22,1003.734218446552,181.00752509513504,185.75959097850406,221.04404290703226,190.35609693189969,467.98330230693625
2024-10-23,975.5633191906122,179.77544548056565,183.10487484692374,215.22955880994604,186.24002596844758,453.2525601408649
2024-10-24,981.5049999512044,179.83046649604725,183.03739597944175,217.17549003213645,186.08670135956223,456.5412676602853
2024-10-25,989.4040685957397,181.27846947075216,185.90578366835103,218.86506932996724,186.76462288286896,460.9395156918154
2024-10-28,982.2741800223068,180.61798103061238,187.53685713372104,219.51759503561289,188.3707127520513,464.88759486680055
2024-10-29,987.37684275484,182.88742729107994,190.86641379375905,222.36075799306207,188.58861077684367,477.0453154998033
2024-10-30,974.0254937953976,183.13301369868407,196.24323850167184,224.5746870343587,185.70736979500236,475.8552553743755
2024-10-31,928.0295522576818,172.04839224313935,192.47498278027106,217.19878182162952,182.32574692970482,456.38047542632785
2024-11-01,946.4838847978516,173.75043428145273,192.67743666726298,230.63387716105802,179.90451702841338,456.04268823867795
2024-11-04,951.0274160771414,172.94176185639225,190.37150538888932,228.12864073117018,179.17814060724717,450.832229481886
2024-11-05,978.0100005708425,174.21195717443462,190.93390994578704,232.46329609580712,180.34031307799805,460.2802428333222
2024-11-06,1017.854640527699,177.9040090658673,198.54922163368343,241.30738414623903,179.75115516563423,459.97466349099943
2024-11-07,1040.712721483848,180.12684759113085,203.31863282698257,244.75647145035575,183.59283878333997,475.77488395666467
2024-11-08,1031.9748487100499,178.90323375780804,200.61897687587015,242.5774800932987,183.3746923992557,473.87728860328855
2024-11-11,1015.4078521980707,176.98522898363242,202.86869881073684,241.01607675764777,181.16893901966006,468.91599606096077
2024-11-12,1036.588217946296,179.110691336697,204.29728382002295,243.42811046957937,181.16893901966006,470.24274193488634
2024-11-13,1022.4682236627414,180.02947141893188,201.21513815105482,249.47565470153216,181.88803851357213,466.36708101335165
2024-11-14,1025.893278136749,180.74503337552224,197.5030917731611,246.42274117870144,184.3927295549234,464.0834855014062
2024-11-15,992.4797193861693,175.7107942123457,194.02729056963815,236.0871607210818,181.79109146395945,445.5253447832553
2024-11-18,979.68750187997,176.03257265116898,197.18815006097122,235.02679755941162,184.23112216365152,445.7826617561229
2024-11-19,1027.6409382510271,176.89207913943562,200.36024450718736,238.4176198298117,184.44118445278284,451.16201410673983
2024-11-20,1019.8118145128461,175.9182517912346,197.95304307395278,236.4017776791581,185.02291642231734,454.72404372461995
2024-11-21,1025.2643087265494,175.15886465079572,188.56044794629346,231.15824468451584,184.6351033879374,452.7701340404569
2024-11-22,992.2702055153003,176.91099261350743,185.33212687202436,229.69004406682112,185.72586014428805,449.59400578407457
2024-11-25,950.8177952568744,177.67039287918857,188.5829697096974,234.73549017082038,188.1497350720388,454.39430849830177
2024-11-26,957.1090935998405,181.5734855406425,190.23647851574145,242.2046158814978,189.91915842957204,461.1726767806876
2024-11-27,946.064322309123,179.45223639033787,190.36025314946033,239.73433491584154,189.81412728500638,457.6830160177222
2024-11-29,966.4060978268818,179.6516350704898,190.04529415272452,242.23957134572936,191.75324212876447,461.79998878653237
2024-12-02,969.0625069767771,182.8419745771933,192.90241231765884,245.5255272234347,193.57921689707476,476.6835206237652
2024-12-03,980.4566819510726,182.93530817478148,192.73369786440793,248.70659892845325,196.05155914064954,493.42443740625083
2024-12-04,1014.5691550182061,185.57412500244456,196.14203748499486,254.20648384745513,196.34243754338138,493.52896470795713
2024-12-05,1014.0798615219193,187.78020259336412,194.19602230743502,256.9913817711877,196.3666774102757,489.6291973009628
2024-12-06,995.7641354016813,188.1832394069123,196.52449263375863,264.5420643050748,196.20508243696844,501.56175940788944
2024-12-09,970.3875030697819,189.22262734011585,197.4929630292204,263.44674567917303,199.36422504853718,493.3601699112037
2024-12-10,944.2420115149743,188.08141377759304,208.52923205626465,262.2232510910914,200.18834326905028,497.9835270702741
2024-12-11,973.8828232983382,190.4826637206623,220.04976220785878,268.3057507872758,199.15413792347664,508.7261772473802
2024-12-12,960.1110562549824,190.72448318374276,216.17582877237376,266.8026124853415,200.3418665653692,507.20638189563425
2024-12-13,938.509630726455,189.75295275293425,213.76584452723742,265.04312225904755,200.47919683585295,498.8117923196638
2024-12-16,922.7803688497579,191.5857090787432,221.46871972503743,271.4169115638312,202.83035216292072,502.34457800436337
2024-12-17,911.5253350423848,192.80328530063434,220.07226668671674,269.342804379461,204.8017785505615,498.4818101006668
2024-12-18,901.1790502706286,185.5613935174691,212.1666783337352,256.9564263069561,200.41457374808758,480.5765698298937
2024-12-19,913.5525608832843,185.40866819873244,212.2905566747299,260.18409937095277,201.820399102206,479.2729424707122
2024-12-20,941.6553333726373,185.22624045680044,215.55640249830827,262.08342923416507,205.61784993001547,470.96815943278625
2024-12-23,976.3995565343208,184.65352051153795,219.18264838998772,262.2465606605765,206.2480367974094,482.7172059792976
2024-12-24,980.2446012946492,186.38442495754313,220.84931073551792,266.8958329832897,208.6153975682769,489.07455054124745
2024-12-26,978.2171615549533,185.86684415494244,220.27499712644425,264.56537387455984,209.27789597955356,485.53371289521607
2024-12-27,957.804050788665,182.6510548035302,217.07671659307772,260.7201127891571,206.50659123829396,482.68494873543455
2024-12-30,961.1595881539105,180.23286017272557,215.3649761516477,257.86530393696137,203.76759804091708,475.788369756932
2024-12-31,938.7891964530766,178.82012472392694,213.18024410964279,255.63971122092627,202.32942388902214,471.17731283327026
2025-01-02,966.8920758918275,177.581311860087,213.32664421404144,256.6068538846482,197.02114139845776,482.2262833307358
2025-01-03,1009.9552510349694,179.60498795955903,215.98435057207527,261.23281663787645,196.62525668708946,486.563771163259
2025-01-06,1044.6294223409004,181.51408069425182,221.7052068830519,265.21789958020554,197.95029076353657,507.1407312415853
2025-01-07,979.6851489932118,179.18920653579312,220.1511187854495,258.8091370311983,195.69609490404608,497.2345464708081
2025-01-08,979.4755281729447,180.11830305843083,218.4168220115236,258.83244660068334,196.09196719744978,491.4645998977944
2025-01-10,950.1143890656004,177.73828975731035,216.26588125689761,255.11536147746043,191.36541667641995,495.60083809555795
2025-01-13,931.3789935072357,176.99162097660465,215.10594994568334,254.55605626976302,189.38590619382617,489.5412185087422
2025-01-14,921.1026536418343,176.34676469997598,213.58565313545986,253.74038135771397,188.48098427767712,478.2105775602705
2025-01-15,952.4213945319179,180.86074551113433,220.21866679111542,260.25402807940793,192.18952247896848,496.614841839473
2025-01-16,933.7558369305094,180.1267688396774,217.24565574542632,257.1195577333675,184.42502868084148,491.931317263825
2025-01-17,962.6977343973194,182.01470368387487,220.72543239452324,263.27196835801504,185.81472309894778,493.11426400010083
2025-01-21,984.50899464491,181.78984203377203,223.0340600620688,268.83011831073367,179.88430058204864,496.083708782788
2025-01-22,1028.131408190693,189.2990293752109,223.394408276532,273.84059117050936,180.8457490730455,501.74897985848804
2025-01-23,1029.1798331402229,189.5153727430982,222.95520796333602,274.318339554997,180.70841880256174,512.1703419588939
2025-01-24,997.0221811714783,188.39113011879525,225.46656607060908,273.6541679546048,179.99741582156724,521.0544710244244
2025-01-27,827.8458800351276,184.36078823379785,216.0068723354792,274.318339554997,185.71773879544128,531.0250714858561
2025-01-28,901.73828867327,189.72326345498115,219.937153390839,277.49941126001556,192.50462833063006,542.6534868079975
2025-01-29,864.7571653757205,187.6571796978228,220.0610317318337,276.24097898769435,193.39340689280235,544.3916236878823
2025-01-30,871.398348674556,176.0582718754803,226.20980154748543,273.4094619249917,191.96329199993122,552.8493939911127
2025-01-31,839.3805865185204,176.08796117343343,229.7571780558861,276.9517519470647,190.67865356231977,554.6037335907326
2025-02-03,815.5422073794282,174.33158063223505,226.61521057330245,276.64879866372695,184.22303806869854,561.2668550891483
2025-02-04,829.4537038113958,174.94673448566834,232.41490169846594,282.0554630847806,188.09318366126178,566.6827129577052
2025-02-05,872.6567152925475,175.33705293948333,215.4663672983304,275.1922617207708,187.82654512542422,567.2298511399823
2025-02-06,899.5710660702633,176.41038274912663,215.77038517746473,278.29177660257955,188.43251696185305,572.9596367034085
2025-02-07,907.6802902820564,173.8351970958564,208.72069297201716,267.01234527073103,183.91600389402532,574.995547956963
2025-02-10,933.7558369305094,174.88309018603326,209.99323310025125,271.6616175934443,184.13439863740157,577.3132284585953
2025-02-11,928.3730737243644,174.5521897038512,208.69818849315922,271.2188246731882,188.15436697283366,579.244513613372
2025-02-12,916.7684223346171,173.53399903686972,206.7724653725727,266.7559933463714,191.59199485846594,583.7348899141281
2025-02-13,945.7799438595872,174.17035015652507,209.62163264635905,268.4339267494556,195.3612196527453,586.2939810601074
2025-02-14,970.6672826951998,173.27519551032714,208.59678006193053,266.46468595778015,197.84440277941366,592.8202686144181
2025-02-18,974.51222050613,173.7885631101679,206.95262219525833,264.0992713848187,197.73925987316662,576.4842222311689
2025-02-19,973.323584895697,175.96492515264984,208.64189272692232,264.0759795953256,198.06276026889614,566.3447281759121
2025-02-20,979.4755281729447,176.89591171017048,207.84227506107928,259.70636876645705,198.83926801314243,559.1584761836075
2025-02-21,939.7678903950483,173.52912957199766,202.3241664743761,252.36541901795948,198.6128015927778,550.0730974833175
2025-02-24,910.7563688700783,171.7394634164717,201.86242711323018,247.85598633216455,199.86651929854148,537.6640864988121
2025-02-25,885.2400071495673,169.1463618075401,197.54927608000327,247.96085272485934,199.81797747492985,529.1098408552072
2025-02-26,917.7471162765888,169.92430804051025,194.5199346989853,249.7669620901234,194.41485898873435,542.1464602367721
2025-02-27,839.9399318705596,166.86358030095394,189.75633111313343,243.23002357893637,191.93979721091273,529.7053896025468
2025-02-28,873.2858451268439,168.75950841767724,191.7608371942688,247.35492837819183,195.6119507759334,537.7204502281348
2025-03-03,797.3661571731028,165.14619485445877,188.07834738999034,238.8953682142994,192.5302465915947,527.1381970966999
2025-03-04,810.858305015138,165.1971995458141,192.4815854768331,237.47378673557483,190.83166772209017,515.0270098844001
2025-03-05,820.0162215499562,170.4726675361702,194.84654347970752,242.78723065868024,190.6780078281607,528.2809334248524
2025-03-06,772.9684326819714,168.7170088832952,194.09200390976432,233.8615680050467,190.34637366561986,505.3139733885148
2025-03-07,787.7888385736533,167.19516329573258,195.7924921117653,232.17198870721592,193.37145193139398,503.48726493398004
2025-03-10,747.8715265007909,161.60513574978668,187.00966119697208,226.68374968296052,183.99688209744886,481.2203809466884
2025-03-11,760.315142443898,161.72842115017286,184.9464222286175,229.0724738254071,178.62613724495907,487.4328890017371
2025-03-12,809.1851351566334,162.9271757746879,188.4077044135224,231.75250535644483,175.5039877499263,498.5783842381128
2025-03-13,808.0664444525547,161.01422421877572,183.50331820071332,225.92635758462006,169.59938218142534,475.30564726530946
2025-03-14,850.644069328343,165.1759497786231,186.58124644046381,230.65718673054306,172.68111120169328,489.38877462733126
2025-03-17,835.6824902311752,165.235472752194,185.22829860435934,228.082039372192,173.09363598562223,487.2141522853121
2025-03-18,807.0176986548306,163.03347711161194,181.1469679017339,224.67957120704543,172.0340359024467,469.0594000103243
2025-03-19,821.6297136443235,164.8613902230333,184.77732751535515,227.84897923732547,174.09658531430395,470.4286780235547
2025-03-20,828.691047653577,164.4447819090061,183.54841358115917,227.1614980674482,173.17451418904574,471.9912031087486
2025-03-21,822.8881872117129,166.32373908750952,184.89009189328866,228.6296986851429,176.54740722523127,480.24698279918283
2025-03-24,848.8263573583124,167.09738024102407,189.05036111737675,236.8445528194222,178.53718736454718,498.4501456392331
2025-03-25,843.7926235128518,167.9816015604338,192.29740135493557,239.69937945160993,180.97988792662773,504.4587365385903
2025-03-26,795.342139814146,165.7753533413651,186.09641492589682,234.36262595901943,179.18423782786454,492.1112267311285
2025-03-27,779.0521422432342,166.03464250187068,182.91704368582572,234.63062377812562,181.06077854801583,485.3455044739019
2025-03-28,766.7472931441558,161.02699507947793,173.99892662969503,224.56304113961215,176.2481094425023,464.5327651843072
2025-03-31,757.7283573521629,159.57743020094614,174.34845471837858,221.6965686126779,179.66956913822864,464.2266918566267
2025-04-01,770.1031513575956,162.4680810515209,177.0881589625124,223.922161328713,180.5269302499693,471.9912031087486
2025-04-02,771.9907547592817,162.44683128432987,177.0542985369496,228.39663855027635,181.0931397637569,470.3240025262411
2025-04-03,711.7249293565803,158.60817043704563,169.92886545104454,207.88860906144845,164.34997326101774,428.1911515860759
2025-04-04,659.3592955670945,152.9671381997444,164.15632834760606,199.25425379640612,152.37090920425123,406.5326599654259
2025-04-07,682.6405752915073,152.12545579044343,165.45289399474376,204.2181252972037,146.77368551343224,415.811384534751
2025-04-08,673.2722358159364,150.72262989953808,163.14158722257224,198.8580800151201,139.46168992727357,411.13978970549334
2025-04-09,799.3271813365814,165.9963955459753,178.93717326806689,222.67537495113837,160.8395636848795,471.80600799811697
2025-04-10,752.0652797736095,162.11100883630684,172.29650255854492,211.16290126441527,154.0209710860733,440.0068861558874
2025-04-11,775.5564476917847,165.12918454051217,177.1670629148831,215.4159820258505,160.27336658905648,437.8161104926689
2025-04-14,774.0183014483756,164.85712451930442,179.34304897662525,212.2116007513469,163.8080532859828,428.0782759318231
2025-04-15,784.4354936710689,163.97292945037918,176.23127759585793,209.26357140120297,163.50067140830086,420.0561019170831
2025-04-16,730.5317671128729,157.9705330436505,172.87149026491159,203.13447034604044,157.13504890411772,404.58344314216185
2025-04-17,709.5575463294766,156.3424123696483,170.42491463594857,201.13027409013338,159.32700592504554,403.91495745674604
2025-04-21,677.5370569637895,152.66108380112792,166.4901223140896,194.96621757073927,156.23721764575384,390.3673349218256
2025-04-22,691.3798918821797,155.93432233783665,170.77442544008613,201.79444569052555,161.5594330925966,402.9484010064458
2025-04-23,718.0870282010857,159.15232985518787,175.1489366115203,210.44046463030642,165.49045154761677,419.04921156232007
2025-04-24,744.0950897793407,164.64032176793864,179.57979540282932,217.36191324804093,168.5397945162144,429.42339806105804
2025-04-25,776.115793043824,166.57452309104178,182.60134145361303,220.21673988022866,169.27584453180208,440.79627475761987
2025-04-28,760.1753595805873,166.28122642788526,181.0792989042462,218.71358379830235,169.97144923669566,442.78575138754314
2025-04-29,762.2027993202831,167.5054965233202,180.57194562627527,218.35236548124794,170.83694411524766,446.57130937981873
2025-04-30,761.503671104933,168.02411422005807,179.0386162683875,214.89163228238465,171.88032633665884,442.18965925631
2025-05-01,780.3105623359246,180.8365425644387,181.857259033984,221.6266576842147,172.54361949766974,460.88418933174404
2025-05-02,800.5157634723155,185.03652820542368,184.9351699891885,221.37030575985506,166.09706911820467,480.8672308144114
2025-05-05,795.7616488281756,185.41485018782876,185.13812512801366,217.14053456790487,160.87191248265597,482.67941609942744
2025-05-06,793.8041005201351,184.19908524936713,184.0332105266342,215.5791134522619,160.56455544090323,473.0463558329667
2025-05-07,818.4137987182917,184.21606931282926,170.67296515521954,219.8904770274058,158.7365565443636,480.69804082937185
2025-05-08,820.5810747959974,186.26503775410305,173.94254444072828,223.81729493601824,159.7395307089745,481.6646713774757
2025-05-09,815.5472874758377,186.50309027265985,172.21756403708227,224.95921492089815,160.5807236308092,477.2185561647767
2025-05-12,859.9427312710548,190.97938851333925,178.65527960777908,243.1134935115031,170.72078647440264,515.0262195078276
2025-05-13,908.3930010709645,190.9283838219839,179.86165449402515,246.29456521652165,172.4539990471696,528.3965753971087
2025-05-14,946.216511302613,192.5437336352839,186.4459257300344,244.9895138052303,171.9680468385756,531.078718295711
2025-05-15,942.650925319508,192.97812665255003,184.85624875227185,239.07014553545736,171.25531776050204,518.610429068272
2025-05-16,946.6360737913413,193.46362936310945,187.37044152508463,239.5595398146916,171.10144676117443,515.7591455831658
2025-05-19,947.8247094017746,195.42267676977815,187.765047709668,240.22372919507578,169.09287824142248,515.8316626336879
2025-05-20,939.5047948757335,195.1245631427185,184.8787705156758,237.7884036936511,167.5378386247005,513.1495197350855
2025-05-21,921.4670302411456,192.73964100099923,190.04249405627675,234.35096228428088,163.67458500248887,511.8607119366375
2025-05-22,928.6682540631078,193.71489900060467,192.64689487452716,236.65812960351772,163.08335329003728,512.7226669874278
2025-05-23,917.9013373086425,191.72180471555828,189.94101648686416,234.199494532608,158.15099984173304,505.06278183408364
2025-05-27,947.3350950572934,196.19777482518163,194.93562802965684,240.06059776866434,162.15195627336635,517.353878513687
2025-05-28,942.5111424561973,194.77959240085227,194.3268144668193,238.5457957919915,162.3220451344583,518.3687714312459
2025-05-29,973.1335358152812,195.34174652610932,193.76309628442758,239.6877157768714,161.94137242972192,519.5527555367731
2025-05-30,944.7484169149564,196.05722973124622,193.62781014309013,238.88370453956088,162.67030695159522,521.5180268841651
2025-06-02,960.479069133829,196.74290551124983,190.57240366674358,240.79468029751973,163.35873407295145,540.3735961862354
2025-06-03,987.3260417907447,197.16879337154268,187.35917200110967,239.69937945160993,164.63027155791252,537.1114650790636
2025-06-04,992.2199392981954,197.55205044503103,189.46752363445606,241.4705155726504,164.26582913290505,554.1063891325197
2025-06-05,978.7268823862764,199.174645392049,189.6479224407853,242.26288091521445,162.49210915962107,551.4243450309889
2025-06-06,990.8216828674952,200.3245347396943,195.81503115971526,248.85808446011808,165.15671874905894,561.967622717695
2025-06-09,997.1838886613986,201.33385274291967,198.77252068311984,252.83150372770868,163.15623432426,559.0276688608673
2025-06-10,1006.4824971294113,200.5545152342718,201.6058553127941,253.565604036556,164.14431934931852,565.7451287486388
2025-06-11,998.6514483020648,201.278503596382,200.19484868676344,248.4269374346085,160.99378238721584,559.0921339500576
2025-06-12,1013.823931612277,203.94022397175866,198.33226601261944,248.47355657357863,161.33394769143518,558.4638339734971
2025-06-13,992.638432292943,202.27505073890518,197.1695864585953,247.14519559280225,159.10669881512126,550.0147084140278
2025-06-16,1011.6563881610759,204.05522734428968,199.5401273698193,251.80611381026208,160.70220857846653,565.9547267359449
2025-06-17,1007.6710257904463,203.58676119816135,198.61448807928076,250.3146214030743,158.45067016339993,562.0130693706108
2025-06-18,1017.1798967751148,204.523693490418,195.64572903190123,247.6345898720365,159.21197831897888,560.8361986542357
2025-06-20,1005.783155015265,203.3142024177484,188.1052421435257,244.33698809958466,162.79179189925256,550.0187590939616
2025-06-23,1008.0206433728204,206.97673563937715,186.46846477798434,242.9154066208601,163.19674172477704,563.0609111115338
2025-06-24,1034.1003610477992,208.7270916943861,188.25202250793575,247.92589726062775,162.22484972555367,574.0797979007104
2025-06-25,1078.9184688642897,209.6470136726961,192.66563132236283,247.01701963062246,163.24532080228246,571.2424448026936
2025-06-26,1083.882632126289,211.85303876264666,195.8940388193618,252.9946351541201,162.79179189925256,585.2760748318659
2025-06-27,1102.9705329007766,211.20998064420527,201.52683036860157,260.1957630456913,162.85658883852233,591.3538236813123
2025-06-30,1104.6486759062925,211.83602844870006,198.9305532869589,255.63971122092627,166.1691057308348,594.9489009196278
2025-07-01,1071.8567070574436,209.55329944308284,198.49033318555047,256.8865153784929,168.3153646420438,579.7384495726162
2025-07-02,1099.4745709758317,209.1444612724634,201.65098526233186,256.2572814623403,172.05715815252725,575.1841515665634
2025-07-03,1114.0876019846064,212.4450265635215,202.65563221251693,260.3239390078711,172.9561442815987,579.5691607905051
2025-07-07,1106.396656868765,211.96804213517763,199.56271827140714,260.3938499363343,170.04046828392856,579.0371879587117
2025-07-08,1118.70225461363,211.49957598904936,196.8196953944463,255.6047557566947,170.08905977939858,580.9072189291237
2025-07-09,1138.8389011858415,214.43388139532348,199.37080795745928,259.31017720517906,171.00425135226976,590.6687153886072
2025-07-10,1147.3691851779363,213.56934793927792,200.49959251682864,258.98391435235624,172.03285619580996,586.2030383557401
2025-07-11,1153.1024215616403,214.35295115165468,203.40066528217454,262.19995930159837,171.0204567960695,578.3601316273384
2025-07-14,1147.159350458873,214.22519004366376,204.94711361045646,262.98066096942387,168.96329678084757,581.1087155565622
2025-07-15,1193.5154975693742,215.4176576771445,205.44381960810748,263.74971674250276,169.3601625114191,572.6208615450429
2025-07-16,1198.199988155354,215.33247485498904,206.53876102646004,260.06758708351146,170.21055714502054,566.5914738621233
2025-07-17,1209.596836864602,217.9218226446392,207.22732548442102,260.871598320822,170.09718112824535,565.3823459018852
2025-07-18,1205.4715846812635,217.21911030020448,208.89798056007118,263.49336481814316,171.03664982190466,567.6958275279762
2025-07-21,1198.2699330617086,217.22336287869112,214.58718886736966,267.18714037188096,172.08953178623295,574.7004411042252
2025-07-22,1167.855342383124,215.1833983535959,215.98692596942536,265.0547681537941,173.64455898499034,568.1230260653844
2025-07-23,1194.0747359720156,215.4389599453045,214.73393466268774,266.01024714277753,173.44208407222808,575.192252926431
2025-07-24,1214.7709417950628,217.57261244952852,216.92381749939287,270.6012544317741,173.12622072472607,576.1756789766994
2025-07-25,1213.0929057389449,218.77786406895373,218.06392343637518,269.6807309070223,173.2234161336307,574.4667366314595
2025-07-28,1235.816551301688,218.2625145575343,217.3866457869351,271.25378013741977,173.3611065250878,578.4567551633202
2025-07-29,1227.146270547486,218.2923219826676,220.96497891717505,269.17967295304953,171.1095556920566,564.2458831877765
2025-07-30,1253.4360368403243,218.577664749025,221.8454709736298,268.2241939640661,169.3115461800199,560.3847948342964
2025-07-31,1243.6473862302382,227.20597587029215,216.61903910023565,272.79189168357766,168.11290214724613,623.4433101168448
2025-08-01,1214.631051982354,223.20695081328594,213.49224744901707,250.23304679987257,163.9094708028506,604.5571631211279
2025-08-04,1258.540196864431,228.1173139401754,220.1634945203668,246.62082806934444,164.69508091514686,625.8050541123911
2025-08-05,1246.3741680840806,224.75719942506188,219.74584803600027,249.06781724550763,164.34679426208078,615.3988079639331
2025-08-06,1254.4847826380487,223.56046608785226,221.34874769143283,259.04217938607286,172.7131619683194,622.2744913618016
2025-08-07,1263.9238156657607,221.81433636084543,221.83414959601694,259.9976761550483,178.20437349536954,614.0848563107741
2025-08-08,1277.4181559704568,222.32538079280926,227.36532529947638,259.484972306329,185.75272020171246,620.1061426338262
2025-08-11,1272.9432862047443,222.21045617173175,226.89122748795913,257.86530393696137,184.20401374693515,617.3413559848673
2025-08-12,1280.6344452193819,225.391699885561,229.53265180368558,258.0633908276044,186.20677065925545,636.7916836577047
2025-08-13,1269.6570520494647,221.70363806777007,227.97488209779075,261.66394588339404,189.19062128256587,628.7955426713197
2025-08-14,1272.6636135287245,222.51278300155127,229.08112760921023,269.14471748881795,188.74466733794043,630.4480224901654
2025-08-15,1261.6863273082054,221.528993594488,230.16478221904188,269.2029825225346,187.77979148871464,632.9467980239598
2025-08-18,1272.5936686223702,220.2215357137185,229.71325802456653,269.73899594073896,187.21220358085668,618.5504839451054
2025-08-19,1228.0554473806956,217.09986747442906,227.53466199638234,265.68398428995465,186.94463369767433,605.7420857988349
2025-08-20,1226.3774113245777,215.375079391309,224.9948362418903,260.79002371762033,183.25534334150913,602.7112880347113
2025-08-21,1223.4406878022742,215.0977955236886,225.4802035773825,258.62269603530183,182.35533893934067,595.7629887892492
2025-08-22,1244.4864042582972,216.37325406387032,232.6368871224083,266.6511269536766,184.6743193201363,608.4101007162046
2025-08-25,1257.211671441289,215.10631380590416,235.3460495738063,265.602427466745,184.18782072110002,607.2091235143699
2025-08-26,1270.915632566252,214.15931445284735,233.8221575780203,266.4996592020037,185.93107942722636,607.8539226018801
2025-08-27,1269.7272108546154,216.16422145591224,234.20592635227808,266.97738980649945,186.88788359946378,602.437224958215
2025-08-28,1259.7286185760677,217.4013017877761,238.90180908700435,269.86717190291876,188.56628327649733,605.4438668383431
2025-08-29,1217.847234281881,216.1428929372678,240.33538933007694,266.8375679495731,188.22573301537548,595.440613944762
2025-09-02,1194.0747359720156,215.47317745183133,238.5744397862593,262.5728235133993,186.26353317543064,592.5467489218153
2025-09-03,1192.956152217335,215.57128863759593,260.37180786844385,263.3302333917317,193.358276470956,594.1105583689395
2025-09-04,1200.2277487432443,216.6889161398085,262.22305188042895,274.6212928383348,194.42045949076783,603.4609602136783
2025-09-05,1167.7853974767697,211.15620652673672,265.270853156547,270.7177844992074,194.34749153079292,606.5239164245933
2025-09-08,1176.804868015753,212.52127109570966,264.4234610056322,274.80773383423127,192.8798992207665,606.4030382075445
2025-09-09,1193.9349531087048,212.61083774877417,270.7391995353914,277.6042954327023,190.01767014272403,617.2043738451548
2025-09-10,1239.8717516292738,213.44692880487975,270.21945323795717,268.38732539047754,183.88779027845982,606.1451284522476
2025-09-11,1238.8228988821515,213.7199600940135,271.57525302414734,267.94453247022136,186.51489761481324,605.2745780562318
2025-09-12,1243.3679274530148,217.51222320996965,272.06106975783484,265.84711571636615,189.7906449139525,609.0550479993223
2025-09-15,1242.87852700733,219.84134994691496,284.2744336502455,269.66906723228374,191.9231074664937,616.3982885383294
2025-09-16,1222.8106488980936,217.14535956404245,283.7660260149701,272.7219807551145,193.09881551865584,627.9249922753039
2025-09-17,1190.7158831754293,217.5633985294741,281.92442677963845,269.8904636924118,193.77991604089956,625.2811332419296
2025-09-18,1232.3201615791506,216.8936961692799,284.748980859958,269.4360248774092,192.8798992207665,628.9325742095679
2025-09-19,1235.3267230584106,220.93762267999858,287.78819171672706,269.7273322660004,199.05840783439453,627.425227288838
2025-09-22,1283.8533012538614,219.4531709075856,285.31387439147596,265.2412091496906,207.63696130171064,617.1853060103446
2025-09-23,1247.6331763984604,217.2264210601337,284.3309368310341,257.17782276708414,206.29909946783434,609.3128589575476
2025-09-24,1237.4244285526552,217.618865803192,279.22413130032504,256.5952079899017,204.58015513638995,613.5555509999128
2025-09-25,1242.4588575692032,216.28793998929243,277.698891109953,254.19482017271662,208.27751716954356,604.0779479255456
2025-09-26,1245.9549264435461,218.17765986643488,278.54623140723,256.0941500359289,207.13426967683924,599.9158248950342
2025-09-29,1271.5468479138115,219.5171302130345,275.73299870452325,258.8790479596615,206.29909946783434,599.633512263063
2025-09-30,1304.6203075784479,220.94618033794086,274.65968025318404,255.8494617863078,206.46129050344229,592.3578983195359
2025-10-01,1309.2351741062673,221.69697044471076,276.6933280788313,257.08460226913587,207.12614832799247,578.6132991232007
2025-10-02,1320.7724473752144,220.00342043812847,277.58590203292187,259.15870945350616,208.4883121185861,586.4454863693386
2025-10-03,1311.8923319019493,220.6901856132382,277.20177028319864,255.77953307785265,209.20996971320523,573.1444860242897
2025-10-06,1297.3482832549462,225.47643644948022,282.94124205018915,257.3992014472202,208.1315936675583,577.2581490912028
2025-10-07,1293.8521074312052,223.51841281170644,277.6649788307523,258.42460914465886,207.961330954962,575.1771863730188
2025-10-08,1322.3108075174198,223.88954216136253,276.37698631841766,262.433001656473,209.24240543673395,579.016638167828
2025-10-09,1346.5040447593926,222.84445787302562,272.88583643806993,265.3693851118704,205.98287599935898,591.6561921188095
2025-10-10,1280.7066360630963,217.9643878052324,267.28194464969846,252.12071298834636,198.87191484206926,568.9017445833888
2025-10-13,1316.7868711057886,219.28251650794527,275.84597049700847,256.4320765634902,200.8098003073322,577.2904557336016
2025-10-14,1258.8208320850333,219.07777585420064,277.3147247911379,252.14402255783145,200.89898612907143,571.6038938889812
2025-10-15,1257.4222548061389,219.0180297515116,283.6191419432842,251.188543568848,202.17198893385503,578.7826373038477
2025-10-16,1271.2670682883938,218.24165854761057,284.1049586769717,249.90678394704977,200.6395251767713,574.3624563224322
2025-10-17,1281.1260916024269,219.082015307445,286.1838228748867,248.24049643871206,204.56393727462557,578.2745239648351
2025-10-20,1277.0706773760446,220.45133245490462,289.8557518215751,252.2488889505262,212.63166535025894,590.5752533589152
2025-10-21,1266.7221466669287,220.82248805504517,282.97515432938985,258.71591653325004,213.06140143312,591.4625992570955
2025-10-22,1260.569026946302,222.0510107289668,284.3648318256888,253.961777817842,209.55866615910307,591.5754749113481
2025-10-23,1273.7143913650125,222.05951588594007,285.93528838832844,257.6205979073483,210.47486358710663,592.0514298035692
2025-10-24,1302.3826053220962,223.3605948989796,293.66326074688254,261.2561262073615,213.1019585054955,595.5682103626766
2025-10-27,1338.9523477598714,226.7348584252308,304.22705670973113,264.47215337661163,217.9588231470115,605.618540060854
2025-10-28,1405.658719390581,231.23524148542566,302.1934607377217,267.12887533816433,218.1128555798789,606.1186508370706
2025-10-29,1447.6823463842347,231.01339864103866,310.2151493860097,268.3523699262459,218.68045590570145,606.3041423389169
2025-10-30,1418.6643009459808,224.27773432593418,318.0222331114862,259.683059196972,220.05887481195322,537.5809981616335
2025-10-31,1415.8675741857842,220.88643423525184,317.69455268891363,284.57236318940693,219.2237170209129,522.9652557868533
2025-11-03,1446.5636556801562,220.55373559488257,320.55300176388795,295.9683068086968,218.15341265225433,514.3829517749264
2025-11-04,1389.2968518241491,219.4019430871121,313.5707020031925,290.515041028665,218.95615955569517,506.0023419845812
2025-11-05,1364.9637247694673,216.34339413776806,321.21959756391607,291.5404309461116,219.03724886451684,512.963386052274
2025-11-06,1315.1087281002726,212.0520174350468,321.7167011061245,283.1973830696605,218.73720600391204,499.2428933413985
2025-11-07,1315.5981285459575,211.93257773063775,315.0282040578928,284.79375964953505,217.68311949701777,501.477287911709
2025-11-10,1391.814012857724,215.8485462547318,327.76127967864574,289.44301419225627,218.6732783221641,509.58363703141475
2025-11-11,1350.6295108415272,216.99179422980225,329.1283835579028,290.25868910430535,223.39689820354894,505.8086997243315
2025-11-12,1355.1045945060362,218.0411835975948,323.93116256720447,284.5490536199219,221.9522418741341,491.2333159532818
2025-11-13,1306.5781232599834,214.69254054420142,314.734435914521,276.83523965962337,221.53020492932347,491.94312351387595
2025-11-14,1329.722507754834,217.63164978913642,312.29403086847066,273.4677269587084,221.09192528681928,491.5962963941785
2025-11-17,1304.7601973911567,216.48416236082159,322.0217733425633,271.34700063536803,217.07444054430673,485.5870139153206
2025-11-18,1268.120616996425,210.64004325029825,321.18568528471536,259.32184087991754,217.058173010684,482.10244120154033
2025-11-19,1304.2007450897192,207.79476636215665,330.82309872154855,259.484972306329,217.9672176910794,476.1577720074799
2025-11-20,1263.0859740810808,204.46977499528475,327.0269284584,253.01794472360513,216.09237823207798,475.2140129814412
2025-11-21,1250.7797346398272,201.77302334836216,338.56239245771553,257.1545131975991,220.34520823964237,479.32772544689
2025-11-24,1276.441494067049,202.5764981774945,359.93857072360885,263.6681421393011,223.9407057092027,494.4919397644134
2025-11-25,1243.3679274530148,203.8543586370066,365.4295252885871,267.6182696173986,224.79290094767074,513.1810853994476
2025-11-26,1260.429030184195,207.49133701198872,361.48650552284454,267.0240089454696,225.2636163137036,511.07586800019664
2025-11-28,1237.6342632717185,210.2735602363961,361.74636138701567,271.75483809139257,226.31872109369488,522.6426833482229
2025-12-01,1258.0516520139306,208.0212817927821,355.76960737289596,272.52389386447146,229.7680839558718,516.9318174239997
2025-12-02,1268.8198521611732,209.41452625685022,356.80899626048847,273.15311000063207,232.2759664141246,521.9570316716242
2025-12-03,1255.7441118006227,204.17062447408796,361.1248782519793,270.77604953292405,230.62025435841065,515.9074399875714
2025-12-04,1282.3164384032293,205.4997652550425,358.85400003284064,266.96574391175295,227.82020202910783,533.5964134687083
2025-12-05,1275.5334936772185,206.49128542978673,362.9777815803779,267.45513819098716,226.2618964876967,543.1869415958641
2025-12-08,1297.4905259544132,209.8504418022165,354.679540196508,264.37893287866336,225.53959315891845,537.8472562694769
2025-12-09,1293.4346839304385,210.2778128148828,358.4781994342768,265.57911789725995,224.96332509380687,529.9102453304181
2025-12-10,1285.1134860116201,204.52533414569834,362.0168645315067,270.0769046883083,226.2618964876967,524.4010242292409
2025-12-11,1265.1842143223157,206.62377162498507,353.2210702072331,268.32906035676086,225.6531926990564,526.4821351430322
2025-12-12,1223.8575765560504,204.51252390926942,349.6711355860282,263.5632757466063,225.85610224057956,519.6421174879956
2025-12-15,1232.7382267763057,202.92694214537596,348.46142478240915,259.31017720517906,222.47163566138917,522.7137184426716
2025-12-16,1242.7378885488342,203.59794390455218,346.5960074427255,259.33348677466415,222.87745474443548,530.4958155735305
2025-12-17,1195.327541221306,203.48253364951168,335.459989300866,257.8303484727298,220.629306433704,524.320208224708
2025-12-18,1217.704029037831,206.8417293976682,341.9494029485707,264.2274473469985,220.9133549559072,536.3888138991672
2025-12-19,1265.6038837604424,207.6708378249006,347.263052640949,264.9149462968677,222.11459434328185,531.8035430111817
2025-12-22,1284.4840888038284,207.24345368699213,350.22510528449067,266.1733785691889,219.9231961307609,534.0073598878456
2025-12-23,1323.0836238680577,208.0682832852534,355.39176719790714,270.49638803907936,221.05134337851467,536.7843973736774
2025-12-24,1318.8879989807722,208.56830251373327,355.09779163998365,270.77604953292405,222.22816904749058,538.891294323145
2025-12-26,1332.3139986200854,208.43582944377718,354.442119673011,270.9391809593355,221.89541726813596,535.4523658564236
2025-12-29,1316.160896278736,208.17513588235164,354.49864013834554,270.41483121586964,222.18761197511517,531.7389791249198
2025-12-30,1311.405819090013,208.33754762986345,354.82649340637784,270.95082685408204,221.63568312061463,537.5997696052291
2025-12-31,1304.1335808677152,206.68784905761416,353.86550721932275,268.95829427291346,220.6455242954683,532.8691682249846
2026-01-02,1320.5663558850845,202.1234804414859,356.2962329196277,263.92449406366075,219.955681526148,525.0547644517269
2026-01-05,1315.4616611139875,202.08501035647237,357.86774383957174,271.5683970954961,216.9121377470174,531.8196469338452
2026-01-06,1309.3081135957684,204.50396625132714,355.38046310484026,280.7387479987508,212.93518524095103,533.2969595448221
2026-01-07,1322.3843887033095,206.62377162498507,364.0179309879933,281.4728483075981,211.28761937001306,523.6662704080788
2026-01-08,1293.9241913255214,204.3330230963575,367.9297002946151,286.9843791213466,210.24063593886862,521.5431707388761
2026-01-09,1292.6655038593358,204.83305545007963,371.46836539184494,288.2544928483983,210.5084665993075,527.1940668406648
2026-01-12,1293.2249561607732,203.93555138552023,375.1878614090535,287.1941296867281,211.22267341516815,518.2414220060103
2026-01-13,1299.308558772638,201.15335441159738,379.83450047230025,282.68469700093317,211.87198394804224,509.45841174321754
2026-01-14,1280.637974549519,196.32826598355905,379.6875472624304,275.75156692846815,210.9873033141871,496.88925070571986
2026-01-15,1307.9794812232285,195.165789528603,376.2279762475769,277.5343667242472,209.56698619538338,501.1515539667888
2026-01-16,1302.2453892443395,196.53338726932878,373.0850581149647,278.629685350149,207.3918679344498,500.70760932575195
2026-01-20,1245.1852116254531,194.25119639864351,364.04057374321906,269.168027058303,200.22531154965705,487.6864022873498
2026-01-21,1281.896875914501,189.8022117870713,371.25355305448176,269.5292453753574,200.99634297151584,494.8226629614472
2026-01-22,1292.525614046627,192.80667161313295,373.6955482787617,273.05988950268386,201.5644772698161,522.8105889713323
2026-01-23,1312.3148889738245,199.13612280606654,370.74476515919497,278.67630448911905,201.31286447114155,531.795441651314
2026-01-26,1303.9237461486518,200.9866638351144,376.7706764220644,277.8140282180919,207.2944862560762,542.7742662279747
2026-01-27,1318.2587087223785,205.38863382897313,378.22907727315544,285.1083588276193,209.61568945253478,543.2666708326099
2026-01-28,1339.2367262094072,205.8373858612528,379.8797168445679,283.1624276054289,208.1304263788861,539.8438956870879
2026-01-29,1346.159453798729,185.26774247277203,382.412179382475,281.6709351982411,209.62381080138152,596.013587561251
2026-01-30,1336.5096235073706,183.89587902831732,382.12954248671036,278.83943591553043,210.5977766006927,578.4071096348633
2026-02-02,1297.9100884431416,180.93842069472694,388.56243566908046,283.10418035170426,219.14406819598454,570.2617356718929
2026-02-03,1261.058534341385,175.7415335296782,384.06278438479546,278.04707057296645,218.71390990232712,558.386871054755
2026-02-04,1218.0536466202052,177.01510203497693,376.52195180550046,271.4868402722864,224.40327489045958,540.0537900656086
2026-02-05,1201.9005442788557,168.24534017805965,374.49820802469617,259.484972306329,223.93255952442672,541.0386980719504
2026-02-06,1296.511404214849,171.43784534973324,365.0128294542491,245.07108840843205,225.72623516681892,533.9751520425183
2026-02-09,1328.8875538039026,176.76296613149367,366.6634690256615,243.20671400945133,223.09414822666187,546.6975967365352
2026-02-10,1318.3984915856893,176.62192227835305,360.1740208088649,241.1559163945661,222.330493075774,541.4503360705885
2026-02-11,1328.9574987102571,172.81826645213022,351.5591611118457,237.80004958839763,223.8090256126108,539.8116384432249
2026-02-12,1307.2103011521258,171.73700899617228,349.34324774890393,232.5798261632404,212.62267474389037,524.5704612069594
2026-02-13,1278.3305412856093,171.51478551976024,345.63502125567044,231.63597528901155,207.78901927820704,516.4654458477196
2026-02-17,1293.4346839304385,169.60865908981432,341.45191914635086,234.3859177485125,214.36926146452882,516.0779143345412
2026-02-18,1314.4825393744236,170.77969320271268,342.9329973217596,238.62735261520123,214.75108903997273,519.2505352948833
2026-02-19,1313.9231940223842,170.68116200919633,342.390331716364,238.70892721840292,211.68839675943278,520.5098521674719
2026-02-20,1327.3493006110955,170.15428853508777,356.1040287683983,244.82638237881892,214.93790489937754,529.2929118288005
2026-02-23,1339.4465609284705,164.688517657454,352.1583471825758,239.18667560289063,216.23769325379794,514.4311647458458
2026-02-24,1348.5370458677894,166.62894034538024,351.49137112253624,243.02027301355486,221.0794824862926,516.0860156944088
2026-02-25,1367.4870888681317,171.59782892743013,353.7524317195617,245.44395262023295,222.77734111385047,527.7025753679635
2026-02-26,1292.875231629001,172.07758278188723,347.5118118266049,242.27452680996095,221.73748559438496,530.3827423251348
2026-02-27,1239.031771056632,168.2309811630461,352.4636268335662,244.69820641663907,214.61295160179014,523.2546324094408
2026-03-02,1276.0230010723014,170.71969772042107,346.53945240829904,242.82218612291183,215.05162861916145,527.5976528779711
2026-03-03,1259.0306668040967,173.0242408786457,343.2155996484323,243.21835990419785,214.26365909359166,528.8247125066965
2026-03-04,1279.938846334169,173.56825591912332,342.70691546042144,252.64508051180417,213.26441031835998,539.0366742139396
2026-03-05,1282.0366587778117,175.9156136175438,340.16311426035537,255.11536147746043,211.45282797101822,533.2566009410915
2026-03-06,1243.4371237135827,175.17885439473142,337.4950026056453,248.43860110934705,209.15379084136615,520.5744160537338
2026-03-09,1277.2116366827345,175.37161170230848,346.6023681556439,248.76486396216987,211.11975332458405,522.6168973125468
2026-03-10,1292.0362136009421,173.80813284635184,347.3717378660327,249.74365252063834,211.8915049883895,528.009340275145
2026-03-11,1300.91729161879,173.43117588914,349.2498074933692,247.7860576237094,211.87523745476676,528.6471247705747
2026-03-12,1280.7074916582812,172.13753888845213,343.4232907528543,244.1505471036882,207.7727641625489,515.1819236925999
2026-03-13,1260.497477798976,169.4346446281599,341.9864610151387,241.9832194213697,203.19098227279673,495.42809141594233
2026-03-16,1281.2669439597184,171.31940316373465,345.6973147593602,246.72571224203122,205.38440461354702,506.9536095880582
2026-03-17,1272.2457622303657,171.08809701969062,351.76139029973996,250.75739654333842,206.52983766802052,503.08343190399495
2026-03-18,1261.5464374954963,167.8240461525518,348.1070915899449,244.54672088497423,203.04476073966117,497.4438974654352
2026-03-19,1248.6792484612322,166.63751112856477,347.47354384181875,243.25331536842944,202.2486450293154,490.1884381245056
2026-03-20,1207.6998753905825,163.57478835218754,340.5383271843561,239.30318789033197,201.46062583188723,479.65266901523773
2026-03-23,1228.2595068322616,164.05884728610022,341.73756355311497,244.8613378430505,204.3039423498477,488.05545874814726
2026-03-24,1225.182572649055,159.66393867256812,328.59121443812694,241.48217924738896,204.42578741847842,479.0547985367166
2026-03-25,1249.5183734386892,158.93575023294025,329.14556439660083,246.6907567777996,205.22191554678875,480.6464687580195
2026-03-26,1197.4901650001946,156.7639951504855,317.82072987452284,241.83173388970482,205.441266473439,442.3896245291393
2026-03-27,1171.4759003568502,152.82316741758365,310.376345061762,232.27685509991068,202.11865377590877,424.75997868947167
2026-03-30,1155.042269744296,153.76125473115763,309.42604072411876,234.15287539363788,200.35579952164758,433.37281099650926
2026-03-31,1219.588156584079,158.56308522994178,325.3329046765932,242.68236426598548,206.17238655708144,462.2573204307651
2026-04-01,1229.0287938527624,158.22039828022577,336.45416181619095,245.36239579702323,207.6671617916118,467.9937747965212
2026-04-02,1240.4972986587343,159.9723556147883,334.621308561122,244.4302085975329,207.90275541595554,464.13989862926474
2026-04-06,1242.2456004694009,159.7239210296175,339.39568041911565,247.94918905012082,210.29110254699285,462.97646431462124
2026-04-07,1245.4624244653164,159.4711944902333,345.5841701214153,249.0911268149927,205.93680535070226,464.6165451009867
2026-04-08,1273.2948288762839,160.34500749254454,359.00209402274476,257.80703890324475,210.3236127783091,494.8099675377522
2026-04-09,1286.0920730041937,159.80529753152257,360.3257445534235,272.2558782653733,211.6152797838827,507.71306267710924
2026-04-10,1319.099330991409,158.8629182637352,358.9115575709336,277.76742685911375,211.60718327096512,508.9007516728197
2026-04-13,1323.8545151295298,164.64567686677367,363.5161951874639,279.5269170854077,210.56735258742884,512.6739600311507
2026-04-14,1374.2044736131102,168.38946846312732,376.6399361163181,290.1654686063571,210.26673850045253,535.2644538263241
2026-04-15,1390.7081560814167,176.1469328868301,381.4029347430609,289.5595442596896,216.44080148275467,542.6088305316542
2026-04-16,1387.0717695967728,180.01923372998252,380.15841286385046,290.9578161689291,213.9792877043089,546.8828906442385
2026-04-17,1410.3585037404882,181.10297185672434,386.561922318065,291.95991429688263,219.5278329739057,556.3198387236604
2026-04-20,1413.0158754349666,179.08114641640856,381.7423686568957,289.3031923353299,221.81869908285262,542.067471978063
2026-04-21,1397.7712012810398,181.68980143739776,375.9384946716066,291.2025221985422,216.22959674088037,540.3950351507631
2026-04-22,1416.0929165675714,185.4421769421782,383.8919439323898,297.5530197138328,221.91622977680137,545.1457911336049
2026-04-23,1396.0927374273294,178.08736869999856,383.40545310140925,297.22675686101,222.12740968274645,532.5659106138435
2026-04-24,1456.442785481031,181.88685069918822,389.63922831416045,307.60893867760774,220.2020787796916,545.3962911085353
2026-04-27,1514.7648590480462,181.97251915530666,396.35949435789206,304.2647355461778,217.3993938418941,548.2968249338121
2026-04-28,1490.7087309344315,183.8701141777948,395.7259466097659,302.6101294925706,219.91775706226719,542.4148918801898
2026-04-29,1463.2959959615907,181.81831068419655,395.90691580611235,306.5019919369514,219.47908004489588,540.6212310460905
2026-04-30,1395.6033369816448,174.67340131596302,435.3459977201684,308.8557428351744,220.43769723996456,494.3978849522921
2026-05-01,1387.7710047615208,177.5262252183942,436.35296079951394,312.5844916331358,227.5784490943237,491.8447710291419
2026-05-04,1387.980732531186,177.17496748549365,433.5924113929356,317.00068604099056,224.88948787631014,493.1859906740504
2026-05-05,1374.1345287067559,176.2154597765795,439.4528404126513,318.74853037253797,230.8604426296555,488.7826051947994
2026-05-06,1453.3658512978243,177.32060517341924,450.32520009022534,320.4264637756222,233.5656465453626,495.1816421209459
2026-05-07,1479.0303914093965,180.23769026187088,450.26861048670685,315.9753139035359,233.50877226750603,498.3569306022201
2026-05-08,1504.904659290634,177.81750059424536,453.4477224585884,317.73478634983786,238.28554103736818,492.5558135531305
2026-05-11,1534.5552034692246,176.76375364602822,439.6904683507,313.4350864494325,237.98467859109996,483.85406388169247
2026-05-12,1543.9258958315536,174.66910936174966,438.23099585775856,309.74132867568665,239.70849076466658,487.1989869348282
2026-05-13,1579.2408009814746,173.57253474809445,455.50679585136334,314.7634652102008,243.01790316582967,498.21150131288954
2026-05-14,1648.5419789087764,175.38016936025076,453.7532095241305,311.37264293980076,242.4812484077841,499.66579420619394
2026-05-15,1575.674466352583,180.73029372848362,448.8996744455766,307.7837515587497,244.1237725850955,496.27236179092415
2026-05-18,1554.695272422175,181.4242384111002,449.08071278010686,308.62268270030785,242.18038596151587,493.8323705147056
2026-05-19,1542.7370463223244,178.80272065271305,438.58169929556834,302.19062836180757,243.09921599801413,486.88387367510035
2026-05-20,1562.7372254625661,180.36190755445628,439.99592084715016,308.7974955814497,245.7662719264777,488.8634211993322
2026-05-21,1535.0447108643075,179.90686853114232,438.58169929556834,312.81751620801845,247.99420379084447,490.73789803796427
2026-05-22,1505.8137291744456,179.6836606615621,433.2756548034185,310.3239434528691,251.10848029632243,493.0647666672512
2026-05-26,1502.5270672215736,178.59328116224543,439.9619739988575,309.1237584342726,250.71003748424704,494.74540365149034
2026-05-27,1486.7227268674133,177.15090891646267,439.905384395339,316.7676614661079,252.7591258224806,513.2637291498042
2026-05-28,1498.2611765797396,183.29818174706688,441.37616098134737,319.27289789599575,254.10890890237053,513.2879838308713
2026-05-29,1476.5129095276272,193.27894407951166,430.3001547831092,315.35774366212183,253.74300115754056,511.0418818075813
2026-06-01,1568.9610387353341,197.6919392768543,425.8086963736158,304.4278847525812,249.0675381428648,485.15487552433456
2026-06-02,1558.1916621447124,189.44546770291328,409.3813947418683,298.90467248410226,256.2962091865743,482.8603135374465
2026-06-03,1501.7577802010728,183.4484395202619,406.1456931664683,291.3306981607221,252.27937017822074,503.341983840257
2026-06-04,1530.8827750374223,183.75322077038086,421.0796100260738,295.7236007790837,253.0681096175956,507.05057891379045
2026-06-05,1435.9464680830242,178.86801873287075,416.93885505439016,286.6814258380088,249.90505534717866,479.1194118215142
2026-06-08,1460.7307076988727,176.75166529792264,411.2786847843277,285.7375927437719,245.1889607523399,472.970874870298
2026-06-09,1457.5801923297763,173.17577180033828,412.3541292348218,284.5374077251754,236.25272023275733,472.32449502964283
2026-06-10,1403.180808786107,170.5786144915537,403.4337133340766,277.32463393885763,237.09023743707118,461.32818337131664
2026-06-11,1434.3361309959007,167.5650851231023,405.0071946922616,281.4145832738815,240.38338230461153,459.26786924108785
2026-06-12,1436.5766139366028,167.73678954212198,407.1693876863166,277.9655137497568,236.72435452817044,458.0963335665768
2026-06-15,1487.4052779260587,171.60890663188303,418.11617461885413,286.66977994326226,241.02576361324023,479.9516289537662
2026-06-16,1452.1192491136235,169.06326589890125,422.5310970587753,286.6464703737772,243.3187656120979,485.3942608287148
2026-06-17,1432.7958457645298,162.65841018928307,411.82207634065423,276.74201916167516,240.64358833478758,459.006155798536
2026-06-18,1475.083209973887,162.86875532146541,416.62185648122943,284.77045008004995,242.31862274341523,466.802035120877
2026-06-22,1460.8006526052272,157.6916478964765,395.8490817152838,271.25378013741977,241.5055192575001,455.98963421125234
2026-06-23,1400.520335559084,160.52488893748145,391.8303556381757,272.79189168357766,239.30192660374442,454.655280962817
2026-06-24,1393.239113587346,156.88460300145414,390.8794636259693,272.97833267947414,238.3099050839085,450.9918361509847
2026-06-25,1370.4152564385877,151.46278856009135,389.09082423950156,264.51875473558977,223.73064342007137,439.02296612026123
2026-06-26,1347.9413377203975,160.10849062733016,381.93640496999836,271.13726784997846,230.74788619854374,444.99124781442356
2026-06-29,1365.0242581287894,158.21966326666018,400.343236513949,279.81822447399895,229.08911932353882,454.9787425750913
2026-06-30,1400.8703809390506,160.12995039839703,404.55440872593016,277.7208077201436,235.28511243132013,455.5367484352396
2026-07-01,1383.2974183885854,164.9636489853466,408.90140290017393,281.63597973400954,239.36699673823534,495.66480919939056
2026-07-02,1364.0441738446423,167.629464436303,407.42976208686696,282.7662538241429,250.95397598080035,471.39555556433754
2026-07-06,1369.0850198250762,166.01966660047168,414.8445557569205,284.5024522609438,254.2308781506472,485.4589235120482
2026-07-07,1378.746614550225,166.92116073867288,415.4898224272169,286.6231608042922,252.6046215069585,497.82411799531855
2026-07-08,1429.0852363976073,164.5601265378354,409.70516885705075,283.8732183447912,254.8244568584077,487.7476070731787
2026-07-09,1419.7036351966726,164.99798461905363,406.27511984672066,287.8583012871203,257.12558020611215,510.6825074597964
2026-07-10,1476.9735405852246,165.31565485705494,404.33931983583136,285.8774146006983,256.39378955238146,541.1950938362236
2026-07-13,1424.954529794966,167.84411464794098,399.0527377424482,288.17291824519657,258.01187517536493,531.1023801943486
2026-07-14,1482.8545810370963,165.24267851018527,406.9769761205355,288.3826688105781,256.01973562277556,534.5878914803086
2026-07-15,1487.755323306025,169.83597516021655,419.89347534316306,297.0869350040836,266.29761303747205,550.9804497884878
2026-07-16,1452.049197257871,172.18413349841387,401.2601816778627,291.1792126290572,270.9811974009945,537.4183781818523
2026-07-17,1419.913683814532,169.05897394468786,392.5548546672163,288.07969774724836,271.37146919236477,522.4330853609168
2026-07-20,1423.2043028951337,172.69498105174404,398.46406067567017,291.2957426964905,265.5576513630362,522.3036611971785
2026-07-21,1451.2790546421854,170.74604008160225,392.9850324474139,288.45257973904125,266.49274893315715,520.6538982978005
2026-07-22,1484.6748597926812,167.5650851231023,387.25693391167425,285.30646349825435,264.98848637367433,507.1969961738364
2026-07-23,1461.5707952209127,163.80458509337365,359.6353652181353,272.26754194011187,261.5489833753878,490.15751464110855
2026-07-24,1448.128539273089,163.8561147944187,361.9560229296787,270.4614325748478,270.7860366693802,481.3345409628713
2026-07-27,1375.806147798988,167.03277779870524,369.6764765107341,269.62246587330566,273.94909093979714,480.26703860470866
2026-07-28,1379.3067085480511,168.8572127209323,377.7705182684687,269.00489563189154,276.5266630153711,479.8950182317646
2026-07-29,1330.29832331418,167.65093733261213,381.1666204305062,264.0992713848187,274.9898902245721,473.5871216041286
2026-07-30,1365.5143002708628,193.6481308933158,377.71392866495034,274.4115600529453,271.1194093469647,435.917576567113
2026-07-31,1405.4912366331635,199.49491442801443,403.15069617830045,316.4530267280397,251.1816717796601,450.21548876269753
2026-08-03,1446.728357753223,209.33829484990434,422.82541830761824,330.9484852291383,246.7176370302214,477.3314318190295
2026-08-04,1483.8346653212434,211.55338948224465,427.5120192411566,323.25799861831683,251.5638222221836,475.47142875138036
2026-08-05,1534.8034330222042,209.25673459460788,410.2824726925779,317.6998308856063,252.88109507075725,476.14265605553186
2026-08-06,1533.1932028844788,214.57979471333618,404.9845865061278,317.2454098505956,254.0275960701861,477.05652896742487
2026-08-07,1567.9891895548406,214.6356032433524,401.07903963605656,319.8322208836851,254.77565425753954,478.83561723346963
2026-08-10,1523.1114039742129,217.24134446056368,404.7242121055775,324.03868250615034,250.86931029817458,481.11619943473255
2026-08-11,1522.7613585942463,216.2754578839196,389.19269935347154,317.2570379653502,248.14299584265171,484.51274395775636
2026-08-12,1568.8992219832348,211.39025584640945,388.8984126737205,311.442553868264,245.97822174622786,468.12023504811293
2026-08-13,1577.3707907557753,213.30055610338857,392.090730038726,308.9373174383761,248.42783911458918,481.1566074369989
2026-08-14,1576.3905995222303,212.66521562738592,391.56998123762537,306.0475353419568,248.97308710413623,477.0160221680869
2026-08-17,1575.3403564329326,206.20456451299378,389.41912690572923,304.4861320063058,248.69639001697473,460.1302194801644
2026-08-18,1538.4440974827721,206.75403965424434,389.64555445798686,302.31882210397936,252.30976935555543,439.66993874334565
2026-08-19,1523.1814558299654,207.9045065125483,390.23419695567287,309.7646204651797,257.843760770644,441.57850057166456
2026-08-20,1518.210661705284,206.93680865247467,385.6494711361046,303.0878423170743,253.3433165490054,441.4167697655274
2026-08-21,1503.2980654324438,207.83569086746957,390.34741073180174,301.36332533500394,251.75637518123244,444.70819420441563
2026-08-24,1459.6105197032207,209.58615192441647,394.0151913874564,305.3717178468181,252.56205272431828,452.08364258875
2026-08-25,1491.6060363844526,211.47853622573422,392.7699435573151,304.19482461771463,252.20396829718476,461.00363499125524
2026-08-26,1467.8719329085036,213.48274759096023,387.15505879770427,303.2859469877093,255.09305743265162,465.9286690083219
2026-08-27,1596.1338862082466,217.2202128205529,385.6268283808788,298.60173698075647,256.01265738295496,461.8527464227433
2026-08-28,1523.1114039742129,220.86307130405976,392.35110443927636,310.4521016350569,260.17945573178787,467.4490571424973
2026-08-31,1545.7253194545099,218.1793136469575,384.1551875675718,302.6916685357883,257.86005314019593,462.8555860975725
2026-09-01,1522.3413683079254,215.48265387673064,379.2534631748427,297.0403158651135,264.59851261345443,467.86953747903954
2026-09-02,1571.139704923937,213.67629241307188,381.63074505899647,297.1102267935767,264.46015165190903,479.44213245575185
2026-09-03,1599.4245052888482,219.39645673585463,387.6984503540307,301.6779245130882,267.10507876745993,493.86141685374304
2026-09-04,1612.7968163303176,214.91494777400484,383.3939415937907,301.22350347807753,260.39917919737604,498.7864508708097
2026-09-08,1580.3812024133667,212.4419421315945,383.28065867947794,299.42904000756005,257.34734021789427,496.1257963352709
2026-09-09,1565.958755231998,211.45273199948497,374.54708872071024,294.1039324097161,256.63117136362723,528.6439138657491
2026-09-10,1530.4930514307623,211.79250514542306,376.75598455798666,293.5096717377871,265.77042076844975,521.1148854336809
2026-09-11,1530.0023675923005,213.164486717058,383.4392616733342,299.207643547432,270.40920111570443,524.0666949390953
2026-09-14,1478.6262296339937,217.370746223835,395.7750347203317,295.4322933904924,271.0683963483982,538.2756403717437
2026-09-15,1487.1071030041685,213.8053135443181,390.7795589502404,289.46632376174136,269.65235100941595,542.0280519465123
2026-09-16,1499.2327049120388,210.87211065839236,388.38941736388205,286.5998690147991,270.5231483588511,544.5107729561788
2026-09-17,1537.361876523444,214.0762710451775,393.44151730658376,292.69401460573,274.2585962894252,551.7891532177094
2026-09-18,1557.8984068951347,212.36882140706007,395.94494180725485,295.63039806112744,273.5505736199342,538.3969631756145
2026-09-21,1593.714583873929,215.73640418500975,402.09582033751536,301.1535925496144,275.86997621152614,599.927433550942
2026-09-22,1604.1579786991558,214.18379302963012,397.7800074842084,297.1102267935767,276.49661154104524,596.1639567041593
2026-09-23,1580.6076142891347,215.29771921353023,382.6802972596217,290.4567759949484,274.27486382304795,602.2340487805601
2026-09-24,1574.089262374012,214.15368372392524,387.81169869925145,290.58495195712817,273.3796775911434,629.339074760485
2026-09-25,1577.5237283950519,221.9984835095113,389.5788361105278,290.92286070469754,277.57086482244574,608.3526996176307
2026-09-28,1604.0879268434032,219.00938021687364,388.25349169434355,286.82124769493515,275.3979445412459,579.1839016099724
2026-09-29,1592.5230606297475,218.89755315296537,386.1805560956976,287.4271720416027,268.07353099048976,597.9364255664099
