Date,nvda,msft,googl,amzn,aapl,meta
2023-01-03,100.0,100.0,100.0,100.0,100.0,100.0
2023-01-04,103.03177801075589,95.62567119216328,98.83303224286388,99.207643547432,101.0314236574629,102.10840080377146
2023-01-05,99.65073980345709,92.79155695056483,96.72350463606199,96.85388375921303,99.96001415647876,101.7636858084779
2023-01-06,103.80021187031976,93.88513258990201,98.00267202857303,100.30296217333377,103.6379418466754,104.23279411278368
2023-01-09,109.1721914396432,94.79922708063336,98.76570037023029,101.79445458052155,104.06171728021756,103.79188962802124
2023-01-10,111.13518343955559,95.52132550263778,99.21453345861184,104.71918325117645,104.52545372135332,106.61377704966908
2023-01-11,111.77785184648069,98.40971262803347,102.69298125684838,110.80167405736483,106.73225007295555,106.53359240533695
2023-01-12,115.34054087691024,99.5533807609649,102.25537590505273,111.01141573275038,106.66827272332155,109.59598440039704
2023-01-13,118.05101473010171,99.85390947204232,103.36623952614114,114.33232707468726,107.7476669750461,109.81240149678003
2023-01-17,123.66053049304784,100.3214109742265,102.43490741306127,111.92030225275164,108.69114661268992,108.51372615993789
2023-01-18,121.39018230916214,98.42641450097955,102.24416544190773,111.23281219287841,108.10745264099046,106.63781516711428
2023-01-19,117.1149047284632,96.80690377332388,104.40977991131643,109.15870500850818,108.15544807117976,109.14703430343013
2023-01-20,124.61757914723866,100.26712496518529,109.98651894304852,113.31857416199121,110.23425246962255,111.72840481176969
2023-01-23,134.07616141083787,101.25218765003794,111.97261917788958,113.63318223007151,112.82481357531806,114.85491490654502
2023-01-24,134.57908968406804,101.02680096066285,109.62745592703145,112.23491032083194,113.96018800797233,114.75065512507965
2023-01-25,134.98429534289914,100.42992392871102,106.84468732437769,113.23700844878547,113.42448946646218,113.43596260320471
2023-01-26,138.33042021658952,103.51447438779269,109.42548621929203,115.61407780648952,115.1035347734032,118.08563542320168
2023-01-27,142.26336151104425,103.581255629089,111.50134788977715,119.13306714907341,116.6786665590443,121.64502907032704
2023-01-30,133.85959057723244,101.30645397121319,108.77468342317107,117.1638352473939,114.33596801132518,117.89321942457585
2023-01-31,136.4792323419923,103.43518478899728,110.9066233195425,120.17012074125853,115.3674040867519,119.42440308220988
2023-02-01,146.30108954438802,105.49712124024104,112.6907452099237,122.52388941947348,116.27889504957871,122.7513130883354
2023-02-02,151.65210375369412,110.44327098929952,120.89316817275237,131.56607325054435,120.58847488777265,151.33079608617984
2023-02-03,147.39784494794247,107.83453687445414,117.57179640935256,120.47308291459228,123.53081207274444,149.5350327180003
2023-02-06,147.3210209248982,107.17504586616504,115.46229471271201,119.06315622061024,121.31605580632943,149.15827101274516
2023-02-07,154.8934685959605,111.67876332901339,120.78095126393653,118.9815905074045,123.65075718534433,153.61551549422023
2023-02-08,155.11702343166087,111.33233563978871,111.50134788977715,116.58122047021145,121.46795233985483,147.04987637892168
2023-02-09,156.03912536791202,110.03421619849358,106.60906031704191,114.47214893161362,120.6284607312939,142.63268719992456
2023-02-10,148.55047236825644,109.81718372690253,106.11533355575769,113.73805751276225,120.92470367633818,139.61037518713454
2023-02-13,152.20398681025134,113.24817500045282,106.16021859193991,115.98695090828643,123.19894198948198,143.84320631960628
2023-02-14,160.4680509946995,113.60298972057143,106.23876956443897,116.17338301418691,122.67839336384012,143.88327396198028
2023-02-15,159.02201536400338,112.69494596730816,108.77468342317107,117.87462598675621,124.38407520318893,142.02342951377352
2023-02-16,153.69893716307698,109.69470551283874,107.17010167751886,114.36728253891886,123.0868326120566,138.23956081816473
2023-02-17,149.40971828565318,107.98329182693682,105.86847881183601,113.26030912827456,122.15795649987271,138.59228440597468
2023-02-21,144.2892162066773,105.72786959177604,102.99595741025864,110.20741338543583,118.8987625499047,137.95094299017398
2023-02-22,144.98079265886568,105.24247181944494,102.83885546526056,111.61734007941789,119.24311268681274,137.18135303504678
2023-02-23,165.3091262212155,106.60661780050837,101.98608296140017,111.65229554364949,119.6354955078016,137.91888394031636
2023-02-24,162.6685190964384,104.28425025850167,100.01120182642455,108.94896333312265,117.48142583060654,136.59612112644496
2023-02-27,164.17041339016149,104.67758756965895,100.84155340399494,109.25192550645639,118.45036229409465,135.91471206827023
2023-02-28,162.17954547366557,104.36795650189148,101.05475084832027,109.79958481940729,118.04196029976966,140.24369567052278
2023-03-01,158.56095104214532,103.04984731403695,101.39138430132688,107.39920589221823,116.36033205635272,139.02518029822073
2023-03-02,162.864137923759,105.07510527101923,103.23158441759442,107.35259564324411,116.8408327486542,139.9150348799501
2023-03-03,166.88788459918038,106.82420153234598,105.0830209071683,110.58028648723277,120.94076010356582,148.50890866453204
2023-03-06,164.5407257459829,107.4853266335088,106.74369815214774,109.24027072171387,123.18292281614585,148.2283117689537
2023-03-07,162.71014268062558,106.3471645404209,105.31866518794497,109.00722836683929,121.39720719993544,147.91566816341378
2023-03-08,168.9493937605753,106.15886979049223,105.75627053974061,109.43835761235687,122.41418876546813,148.2844459559446
2023-03-09,163.74418895638308,105.58143124485326,103.59065607033193,107.49242639016646,120.58840037998971,145.65498687281863
2023-03-10,160.4534019501524,104.02063629607716,101.69432590785534,105.72128137912998,118.91480655916848,143.9073244193215
2023-03-13,160.46037259851482,106.25093681428804,102.23293770532183,107.702168065552,120.49232259386429,145.02166638943032
2023-03-14,168.12497437752577,109.12565399809368,105.44208392318535,110.5569769177477,122.18995759265354,155.5395274017263
2023-03-15,169.27780210382716,111.07136641402322,107.84333403665028,112.0950795739096,122.51027896955735,158.52974334497068
2023-03-16,178.451549253306,115.57383697869483,112.56731783796286,116.56956568546892,124.80048678418201,164.28572486276803
2023-03-17,179.7371264343411,116.92539585079538,114.02602537520288,115.2994608484132,124.11983335092545,156.81418930091527
2023-03-20,180.9598208890568,113.91262735096089,113.57719228682134,113.85457869019955,126.04166226863782,158.57786893944515
2023-03-21,183.0489055080541,114.56119815627073,117.72888971763021,117.23374617585709,127.54714169517625,162.06511121454685
2023-03-22,184.92837658807593,113.93773594266683,115.98967013687216,115.00815345982198,126.38597515165438,160.18119162920686
2023-03-23,189.97989328498215,116.18476458431171,118.4918921491261,115.0198082445645,127.26685583364896,163.76463573367346
2023-03-24,187.10128258594497,117.40244596796443,118.31237791455848,114.34397296943379,128.3238729145582,165.15152898715615
2023-03-27,185.3685423185792,115.64916275381269,114.96855931470733,114.23910657673902,126.74636929782623,162.61023846108665
2023-03-28,184.52311751431486,115.16795193430657,113.36400347921646,113.30691937724866,126.24186468144818,160.8786425522064
2023-03-29,188.53359057963613,117.37733737625848,113.76795153141576,116.81426282508605,128.7402596596236,164.62243126554517
2023-03-30,191.32134248277669,118.8585999092258,113.20690153421837,118.8534145452247,130.0135107446432,166.6185822051789
2023-03-31,194.0741610217101,120.63699171508351,116.39361818907146,120.356561737155,132.04748629367242,169.9054245689304
2023-04-03,195.3877276260549,120.18925026768935,117.10052512124011,119.33116292971239,133.0644554412413,170.81130867558858
2023-04-04,191.81040958167696,120.1683286288084,117.50447317343942,121.12560862023795,132.63203710487593,172.13404680966798
2023-04-05,187.81394458174307,118.97995591493058,117.22396976664187,117.80470616829706,131.1345796829694,169.53665911629562
2023-04-06,188.90391628919002,122.01785925695894,121.65619651440964,118.92332547368787,131.85529346753015,173.24035550746834
2023-04-10,192.69079445761346,121.09309394288366,119.43446063551235,119.0515014358677,129.7492564744159,172.1580972670092
2023-04-11,189.82616511649863,118.34810667043274,118.2113801056081,116.42973493854656,128.76430083759166,171.43662056646045
2023-04-12,185.1170247670341,118.62430117919817,117.41470310107493,113.99440943712192,128.20376636842857,171.55683583347854
2023-04-13,184.8934432238688,121.28138869281233,120.54532425660076,119.31950814496987,132.57599483412704,176.64743781802997
2023-04-14,186.95455177328887,119.73314803988919,122.16112510211843,119.4476841071497,132.29573380852742,177.5613675368926
2023-04-17,188.6593560322749,120.84620810389313,118.90707657463176,119.71568192625588,132.31174056389975,175.45296056317312
2023-04-18,193.30562700915252,120.66627413437048,117.25760115607686,119.20298696753258,133.3046809514644,174.67532499584146
2023-04-19,195.1501513712347,120.69974350648242,116.89854677678025,121.53344607626249,134.23360673550357,172.91965394982796
2023-04-20,189.37201802807303,119.72058718141423,118.1440655064154,120.96247719382653,133.44881625759822,170.81130867558858
2023-04-21,189.4768181206945,119.57413570924749,118.27872925168259,124.63295206807533,132.14356407979784,170.66700593154124
2023-04-24,188.9388362996647,117.90456530110754,118.90707657463176,123.7590299023016,132.391799176689,170.5868336271051
2023-04-25,183.34234042590128,115.2474646622494,116.52826466089775,119.51759503561289,131.14262652352892,166.38609856417906
2023-04-26,188.3379450448505,123.5953560786811,116.37117135262012,122.32580252883048,131.1345796829694,167.86918130713065
2023-04-27,190.22444018816478,127.55383778195977,120.7248557646093,127.96550930475877,134.85819306208361,191.2457939464419
2023-04-28,193.87856890185446,128.5706898076968,120.44432644765037,122.87345295178538,135.87516220965247,192.65674999716182
2023-05-01,201.99028035226613,127.85932783525612,120.28723313937274,118.91167957894133,135.80310076556748,194.94950267751062
2023-05-02,197.09948917967085,127.79653666812531,118.17773144273221,120.75273551844101,134.96226801691327,191.7909458727737
2023-05-03,194.2488411964784,127.37390381243712,118.27872925168259,120.77604508792605,134.08943417547826,190.01924530183138
2023-05-04,192.57199965333712,127.79653666812531,117.47082451056352,121.1838736539546,132.76012840174596,187.20541583228402
2023-05-05,200.38330553753917,129.9892005492652,118.45825212297065,123.11815898139848,138.99018359959518,186.61215065137375
2023-05-08,203.67410589750236,129.15230874353878,120.92682547234872,123.31624587204149,138.93411649291863,187.00501592093383
2023-05-09,199.62174217334402,128.46188153522306,120.45554554751583,124.23677828678932,137.5487684484375,187.08515120568188
2023-05-10,201.8156402386953,130.683788459918,125.39270951971284,128.39664744027235,138.9821740129271,186.85266756468204
2023-05-11,199.67064354174101,129.76319697342373,130.8011447800223,130.7154517642597,139.13429406980137,189.02518029822073
2023-05-12,198.00778335652208,129.28621248247453,131.8559215385039,128.47821315347804,138.38053608349838,187.43788713338785
2023-05-15,202.29072597967323,129.49124191845917,130.7338129073887,129.5735228893838,137.9796345393246,191.48629851985416
2023-05-16,204.10730097964316,130.44527652657746,134.1000783436912,132.1370332429843,137.9796345393246,191.45425180989255
2023-05-17,210.84965393134553,131.6781831932301,135.59243454380714,134.5840135291515,138.47675046722588,194.39635449855845
2023-05-18,221.32995697560926,133.5736915509917,137.8253981592903,137.6718736262178,140.36918606456098,197.8916423858646
2023-05-19,218.4374049798472,133.49820827294627,137.7468385500708,135.45793569492523,140.4574281155119,196.92160315980314
2023-05-22,217.82254572084315,134.68916665988527,140.31642698184018,134.01305353671157,139.68763853790892,199.07007777589664
2023-05-23,214.4129639103361,132.20659239003604,137.52240473243916,133.9897439672265,137.57063648273592,197.80344914901607
2023-05-24,213.36490956919124,131.61528702414756,135.65976641644073,136.04055047210767,137.79516568668237,199.78359524351305
2023-05-25,265.3611523630164,136.67693235748018,138.55473465446943,134.00139875196902,138.71734851636376,202.57336191582317
2023-05-26,272.11047596308117,139.59984543712707,139.82270022055593,139.95572248597358,140.6739228968626,210.06898495470517
2023-05-30,280.2501367756051,138.8953217167924,138.7679407355152,141.76183185123764,142.17345411872816,210.45376759237277
2023-05-31,264.34106073771625,137.71276348599127,137.8702745587521,140.50338179892447,142.13334409556865,212.21743489100663
2023-06-01,277.8676706536906,139.46985302089303,138.82403623484245,143.05522847778644,144.41068689966906,218.54261879247701
2023-06-02,274.772489121048,140.65245062742605,139.89001481974864,144.7797721298448,145.10030610280833,218.54261879247701
2023-06-05,273.6825574747985,140.87891358680628,141.39361602989135,146.00326671792638,144.00171367900805,217.56458331379517
2023-06-06,270.0703194199459,139.9311528453035,142.85231493041093,147.52971458934573,143.70504852319365,217.34811685782807
2023-06-07,261.85985711773304,135.61177943395023,137.45509876996692,141.2607827872609,142.59044934402107,211.3195840566569
2023-06-08,269.0920516848204,136.40013408749235,137.0511507177676,144.7797721298448,144.79558168847052,212.10521587660892
2023-06-09,270.9088269907778,137.04178788923238,137.152148526718,143.8242842508654,145.10832810744023,212.40181761732404
2023-06-12,275.8839736915445,139.16374608113028,138.7342747991984,147.48310434037165,147.37763648894492,217.29197033094118
2023-06-13,286.6448920704602,140.18696385019055,138.94747224352372,147.58797962306238,146.99274170014343,217.50843678690828
2023-06-14,300.44544045483883,141.46597949889394,138.7679407355152,147.3083181292177,147.50595130916383,219.1358469536992
2023-06-15,298.04168848332716,145.97829399653966,140.36129474458153,148.11232936652823,149.15783852921635,225.9339450302056
2023-06-16,298.31413133369205,143.55855026955314,138.61084742723756,146.22465428805845,148.2837628913987,225.2685778368557
2023-06-20,306.1122837913864,141.76373878349463,138.12833976581877,146.5625719256238,148.35594851512198,227.93811690225172
2023-06-21,300.7807526777906,139.88081753469592,135.26703746410686,145.4556074049755,147.51397331379573,225.78164603353787
2023-06-22,300.64101922096194,142.45984922244745,138.18445253858692,151.6546193886012,149.95170653867888,228.37907074659825
2023-06-23,294.93913569034726,140.49305766470934,137.27556726195837,150.69914039961776,149.69508931620484,231.46550085910354
2023-06-26,283.9197424652566,137.80080762251168,132.78724501486337,148.36868129088788,148.56442129184077,223.24031848778029
2023-06-27,292.6122745105423,140.3043691574617,132.77601727827746,150.52434529846784,150.80167890870933,230.1186752479949
2023-06-28,287.30873282025624,140.84115225991764,134.8518703120421,150.36121387205642,151.7559249209907,228.70773153717096
2023-06-29,285.24734384245374,140.5056578989162,133.64001751872377,149.03286178127607,152.0285240629094,225.6934651365854
2023-06-30,295.5889817284884,142.8079438176557,134.31325851457564,151.89932541821432,155.54079611566092,230.06257808069205
2023-07-03,296.3645932192684,141.7385514403249,134.5376923322073,151.7361939918029,154.32997013479698,229.29291408618874
2023-07-05,295.6938352360399,141.80566081272033,136.6135367292515,151.92263498769935,153.42381889641555,235.98686344029392
2023-07-06,294.1985109787044,143.1140376321745,134.77334524970445,149.5688663094844,153.80872610318085,234.07886871782063
2023-07-07,296.9935273123223,141.41565731353032,134.06642968081533,151.2234901430836,152.90262453665474,232.9085036197851
2023-07-10,294.73653286093173,139.1553327997484,130.666498308196,148.1356300460173,151.2427153119703,235.77044634391092
2023-07-11,296.308694495044,139.42374403884233,131.44071983955737,150.05826058871864,150.81773533593696,239.1294153998941
2023-07-12,306.76912718535505,141.40728340788033,133.44927554757024,152.41202926693362,152.17290772831979,247.98785655512555
2023-07-13,321.2683962688069,143.696969092413,139.74414061133643,156.4903327072109,152.7903040538443,251.2506237817438
2023-07-14,317.71870709696134,144.7789092029748,140.73156822374358,156.93310784747504,152.9106341233228,247.61102081049424
2023-07-17,324.6503625605141,144.98442427298616,139.86758525673818,155.62805643618373,155.55684012492472,249.01396826869777
2023-07-18,331.8685357084816,150.75475402899053,138.8689212710247,154.77744383989508,155.34833009431443,250.16034460887218
2023-07-19,328.95472457058736,148.90538090376754,136.92772334580675,157.72547319003905,156.4469101001509,253.334980298122
2023-07-20,318.0750380948604,145.4624719086966,133.7522171540987,151.43324070846512,154.86723333974928,242.52044350573482
2023-07-21,309.61307159483493,144.1624427444045,134.6723388040336,151.47984206744326,153.91297490950407,235.8986578635494
2023-07-24,311.7303325893969,144.7244131900302,136.36668198532985,150.0815701582037,154.56248408948386,233.77424604469311
2023-07-25,319.18614876084706,147.18605269575448,137.12970169026667,150.46609804474318,155.260125297255,236.06704808462604
2023-07-26,317.59985887775497,141.64633347622348,145.05159533613642,149.3241602798713,155.96576367373044,239.35385342868946
2023-07-27,320.7304010940446,138.68984602251294,145.1974522711077,149.44069034730458,154.93936929161725,249.8877809856023
2023-07-28,326.669820818282,141.89793127779762,148.76571332531097,154.05500720578624,157.0322804969669,260.92675580678485
2023-07-31,326.52306329816093,140.87051343066838,148.92276344998635,155.7678782931101,157.52947093265118,255.41126652250375
2023-08-01,324.97181360913595,141.04664107944106,147.6099301211585,153.4490828591187,156.85589573877573,258.70614215856375
2023-08-02,309.33360468117763,137.33953404858912,144.05296589730474,149.39408898832647,154.42617210056068,251.97213750198054
2023-08-03,311.05257725034096,136.98725250055585,144.1314909596424,150.20974612038353,153.29552891212427,251.07426198783878
2023-08-04,312.2054850990373,137.45693935586027,143.749981107174,162.63109743711195,145.93425929950266,249.10217384544228
2023-08-07,317.35532532830484,138.433995641894,147.58752646830942,165.71894864418226,143.416343282192,253.77588478288448
2023-08-08,312.0936342356584,136.7314414956688,147.44163498645634,163.06222668262956,144.17813569109072,250.63340686266042
2023-08-09,297.34988501768635,135.12949234443897,145.48918341449115,160.6269011812049,142.88711449983546,244.67693905424076
2023-08-10,296.1899263982326,135.42306467621466,145.52286662424885,161.4542042080085,142.7107049057166,245.1018263539704
2023-08-11,285.477936095179,134.61790971039673,145.37699241583667,161.27942688685053,142.75886176943567,241.81502100990696
2023-08-14,305.72793666271264,135.88855145345013,147.36310992411862,163.79632699147692,144.099828011201,245.46262023377685
2023-08-15,307.03467950975244,134.9743388355231,145.62384715975833,160.41715061582335,142.48589008860216,242.06354651573164
2023-08-16,303.86234011075317,134.64656211797336,144.4120289133218,157.38756444246968,141.77928311094828,235.9227206607866
2023-08-17,302.87005095650784,133.16728149684482,145.78094910475642,156.117450715418,139.71566588226528,228.54738692829878
2023-08-18,302.55562397117836,132.999199622623,143.0206446119949,155.23188265489773,140.10910423017938,227.07232511775965
2023-08-21,328.1861371430998,135.26851492852123,144.04172952399838,156.93310784747504,141.19310554648354,232.40340699593128
2023-08-22,319.10920455421035,135.51226383420402,144.83839789181107,156.43206767349426,142.30921971724297,230.5596044125494
2023-08-23,329.2273009582772,137.42017554751297,148.5300344976525,157.9119141859355,145.4327598303706,235.88264067851662
2023-08-24,329.55564253286656,134.46584063381277,145.62384715975833,153.62386018027667,141.62671600737627,229.8781459947906
2023-08-25,321.5548872457566,135.73078602098516,145.73607270529462,155.27848401387584,143.41731188337047,228.8760970784556
2023-08-28,327.2637414247338,136.0333622701212,147.00404690810157,155.1386621569495,144.68599315770194,232.69203716381804
2023-08-29,340.8825455098542,138.0127278115782,150.9986510306328,157.20112344657323,147.84164612528483,238.8888861466898
2023-08-30,344.23660250064665,138.17240952966213,152.46856903101784,157.38756444246968,150.67609604053223,236.57209534889577
2023-08-31,344.87240041220304,137.7395652341688,152.79394883727718,160.81332439710937,150.85275399392762,237.20542817218004
2023-09-01,338.96099681874034,138.11778226427785,152.22169701365527,160.9415003592892,152.1294696908548,237.598207062468
2023-09-05,339.23346637657016,140.17278858670784,152.34516756921835,159.95106590607418,152.32217165351398,240.62049439546604
2023-09-06,328.8700084916385,139.89119960267263,150.8752150219515,157.72547319003905,146.8700646355017,239.834862575514
2023-09-07,323.1397349257392,138.64305452777603,151.77286392527373,160.6269011812049,142.5741942293722,239.43403807302158
2023-09-08,318.4646198866722,140.47535171059994,153.02962766493567,161.069676321469,143.07204281713928,238.80875086194175
2023-09-11,315.71132061336897,142.0176466280067,153.6355108779926,166.74435634162086,144.01954587506287,246.5608709794768
2023-09-12,313.5589393023449,139.42472843213974,151.8626512710791,164.56536498456384,141.56250271642958,241.8310135151477
2023-09-13,317.85670456856565,141.22761194323698,153.3999356909795,168.78350806175953,139.88425215917346,244.55669910743066
2023-09-14,318.5275693816541,142.33707569039439,154.95958921684723,168.63202253009464,141.11281099238158,249.89580191801474
2023-09-15,306.7804244430459,138.77336194986526,154.17413131217953,163.58657642609538,140.52663342791683,240.7487799544806
2023-09-18,307.2416356559614,138.28587726374363,155.08302522552853,163.10882804160767,142.90340686837578,242.54450630297208
2023-09-19,304.1249279065367,138.11355593572094,154.89229189109545,160.37054925684524,143.78668421738888,244.56472003984305
2023-09-20,295.1731464985913,134.8020306327444,150.0673361909938,157.64389858683734,140.912049771199,240.23571175779844
2023-09-21,286.63356810530433,134.28093219682722,146.36444593840517,150.69914039961776,139.65943734205902,237.07714261316548
2023-09-22,290.7775784955765,133.22190876222913,146.1512225839185,150.45443437000466,140.35000031044908,239.76269886359432
2023-09-25,295.05429827938497,133.44464415232318,147.11620335987425,152.9596885798845,141.38580750914272,241.16564632179785
2023-09-26,292.8810317307386,131.17532884642492,144.2661547049096,146.7956231704944,138.07761227391543,239.66654639381346
2023-09-27,296.77335097094317,131.44849142383435,146.47663693705962,146.7956231704944,136.84906585867117,238.6884862353396
2023-09-28,301.1129935422685,131.80569493835466,148.4627198984598,146.7956231704944,137.05783666652178,243.67484077832165
2023-09-29,303.9781703864156,132.692423295418,146.8357344999585,148.12398415127075,137.47540311815072,240.66857063035644
2023-10-02,312.9440266284109,135.23490117872566,150.54980066881035,150.85062593128265,139.5149046610827,245.96764281825455
2023-10-03,304.10396254651937,131.70064048565501,148.597383643727,145.32743144279567,138.43090334477856,241.25382721875033
2023-10-04,307.7657429489288,134.0414096197013,151.75044299898371,147.9841534043484,139.44264452957648,244.9735654747479
2023-10-05,312.2871298195123,134.20949149392314,151.55967511766883,146.77231360100933,140.44633887381485,244.34028201104766
2023-10-06,319.79243492358927,137.52943007828156,154.37610965663941,149.10277270973924,142.51797810712978,252.87001301612233
2023-10-09,316.375214778095,138.6052800756434,155.3186522328643,149.45233624205113,143.72245850847835,255.218887543566
2023-10-10,320.0439925363318,138.0043276554403,154.91471281738544,150.87391772077572,143.24065392997508,258.0086912355642
2023-10-11,327.0880330125633,139.69791726003706,157.70867460974333,153.61221428553014,144.3728493638898,262.8026421198165
2023-10-12,328.05938351425635,139.1683792922501,155.93583227627073,154.1948290627126,145.10354719136703,259.86856036356295
2023-10-13,317.68892827349725,137.72695187471797,154.12925491271773,151.23513603783013,143.61000142806583,252.27673549531602
2023-10-16,322.1194563481842,139.79034522804193,156.081689211242,154.45118098707226,143.50562844210435,257.45551837681995
2023-10-17,307.0460301823732,139.54659632235916,156.7773597701043,153.19273093475908,142.24498159036864,259.7402994843404
2023-10-18,294.8725539801267,138.72709546488696,154.80252181873095,149.30086849037824,141.19310554648354,254.1045455734572
2023-10-19,294.20879335272565,139.23563304232917,154.56687753795427,149.61546766846254,140.88799617526715,250.76963931471127
2023-10-20,289.21919791339917,137.28148109452985,152.15436514102169,145.8517811862615,138.8163321060246,247.43465901658928
2023-10-23,300.3163632765412,138.39517117024414,153.16425686332104,147.4714495556291,138.9127079232818,251.73160824877624
2023-10-24,305.1242945390045,138.90364312146653,155.75625758465995,149.80190866435902,139.2659865761811,250.5611691113646
2023-10-25,291.95850247504757,143.16491107778467,140.94477430478935,141.44721489316137,137.38704930552535,240.12346806360873
2023-10-26,281.80472489775383,137.79420562479706,137.20823538932478,139.326497459817,134.0065691028642,231.160828826392
2023-10-27,283.020635656362,138.60104062184254,137.08481665408442,148.84642078537956,135.07452640990456,237.87884097773437
2023-10-30,287.63987867866956,141.75291045722312,139.65438781241284,154.63762198296874,136.73667086807777,242.63268719992456
2023-10-31,284.97738478633295,142.08910045615474,139.22800156048265,155.08039712323284,137.12209962932377,241.51834522981574
2023-11-01,295.7741178758004,145.43423950892688,141.8873255177347,159.63644894799788,139.6915626144781,250.0000740393761
2023-11-02,304.02704504734766,146.37980833468743,143.05429327487082,160.88325310556453,142.5822162340041,249.21436818004796
2023-11-03,314.5023537956582,148.2624802038508,144.86086200170334,161.5008233469786,141.8435088198588,252.2046211429804
2023-11-06,319.71557083934755,149.83001496540317,146.1512225839185,162.82918432775494,143.91517288910137,253.16659007704536
2023-11-07,321.14113519812867,151.51099121054912,146.959135961758,166.2899175266182,145.9948341270482,255.58767767599284
2023-11-08,325.4668097652641,152.63305519191337,147.9353617477406,165.55581721777085,146.85400820827408,256.35726763112
2023-11-09,328.09431687846353,151.57823183538423,146.14002939421437,163.83128245570848,146.46856702906425,256.9745092299954
2023-11-10,337.77296865358187,155.35202823082474,148.77690651501507,167.28035197983323,149.8695865438944,263.56421114253124
2023-11-13,339.76454431790006,154.09548299979025,148.21586515453814,166.15007788969987,148.5831475812911,263.90096690489247
2023-11-14,347.0043238050446,155.6041904178894,149.93265517228573,169.89047258240782,150.7057749740775,269.6088104883193
2023-11-15,341.6374053003368,155.66734909185124,151.0547378932396,166.86086862906217,151.16404751112958,266.7227802871642
2023-11-16,345.77441833478156,158.40451371889876,153.64673861457848,166.4297393835446,152.53091762543696,267.9092612894007
2023-11-17,344.5025554370189,155.74314737575185,151.8289680613214,169.168018168307,152.51482394431787,268.5906703475754
2023-11-20,352.2664155096659,158.93926240854,152.8837189096417,170.27500046894727,153.92991301216338,272.5429169243648
2023-11-21,349.01689153684504,157.09907695409288,153.69161501404028,167.67652576111922,153.27864048132028,270.14591680244666
2023-11-22,340.4354358384535,159.11193811814977,155.3972118420838,170.95083574407798,153.81730691618495,273.76145697645893
2023-11-24,333.8665211643974,158.93506233047108,153.37742839748503,170.9857912083096,152.73996162849178,271.1479903985737
2023-11-27,337.1230424930457,159.43194469127195,153.06325905437066,172.13935708793602,152.5952054241666,268.3181067243055
2023-11-28,334.1810015646568,161.15426545490914,153.94969749454785,171.32369995587894,153.08567774142074,271.75726042462077
2023-11-29,336.41024695992263,159.533048445538,151.46988777186345,170.49639692907533,152.25752373383335,266.31398421184343
2023-11-30,326.83652881475075,159.55830141492754,148.70957464238148,170.22838132997717,152.72383069348118,262.26553580568907
2023-12-01,326.8015687430786,157.7054894757856,147.95779994747147,171.32369995587894,153.76104112208722,260.3976457452779
2023-12-04,318.0313446821364,155.44416744346233,145.05159533613642,168.771844387021,152.30573026940772,256.54964661005783
2023-12-05,325.43951473604415,156.86746889907818,146.98157416148888,171.148922634721,155.51379946230216,255.1628150560552
2023-12-06,318.01037932211915,155.30097103179907,145.8931401034109,168.39898017522003,154.62939207858088,254.48935289091682
2023-12-07,325.6491683362171,156.2063634857813,153.64673861457848,171.148922634721,156.19724693741966,261.8166103885142
2023-12-08,332.008936851935,157.5875460335119,151.46988777186345,171.77813877088158,157.35502337681692,266.7548640168138
2023-12-11,325.86581929221745,156.35372059978167,149.56234714624188,169.99533897510258,155.32084914036645,260.7663865181206
2023-12-12,333.0642556235572,157.6507178327177,148.69834690579557,171.84804969934478,156.55100989090818,267.9332994068459
2023-12-13,336.0764303550103,157.64649150416085,148.75446831528416,173.43276260448079,159.16407234705724,268.3501657741631
2023-12-14,337.90746744727244,154.09243794319028,148.04757001983594,171.77813877088158,159.28467561173994,267.091570419591
2023-12-15,341.68136578771066,156.113725513873,148.78811697816005,174.74947769051062,158.8504939245112,268.4945425575866
2023-12-18,349.9771050256372,156.9222274169021,152.37878168521243,179.52692597540369,157.49975474521443,276.2706514329828
2023-12-19,346.6713618390119,157.17910156655037,153.33255199802323,179.20064534258887,158.34396518002941,280.87222333829726
2023-12-20,336.2371825867863,156.0673934026749,155.22888216049978,177.25471412039846,156.64748505187603,280.0064562335972
2023-12-21,342.38030014650377,157.29699250784824,157.56281767477202,179.25891037630552,156.52688178719336,283.86245162143763
2023-12-22,341.26213870975965,157.7349162727562,158.7634600049454,178.7695160970713,155.65855566662734,283.30128251007307
2023-12-26,344.4000521863866,157.7686350245035,158.79710866782128,178.75787020232474,155.21632713883903,284.4556797826599
2023-12-27,345.36456557704213,157.5201872814811,157.50671353872434,178.67629559912305,155.29670861868777,286.8607255167825
2023-12-28,346.0983264701825,158.0296830017328,157.34961159372625,178.72291473809315,155.64246198550825,287.25355376665453
2023-12-29,346.0983264701825,158.3497552010748,156.74374565411023,177.0449813350089,154.7982391327294,283.75825353945237
2024-01-02,336.6355244271149,156.17268410976587,155.03814882606673,174.70285855154052,149.2585233799214,277.60945611167904
2024-01-03,332.4492094122982,156.05895387080508,155.87969359334122,173.0016333589632,148.14094388943045,276.15041148617263
2024-01-04,335.4474428470264,154.93884555079168,153.04082085463978,168.45724520893668,146.25952302600942,278.2748233050289
2024-01-05,343.128135873694,154.85880781309024,152.30025662287474,169.23794687676218,145.67258796575126,282.1469345970703
2024-01-08,365.18470949555876,157.78124838395433,155.78994079441765,173.73573366781054,149.19417349137262,287.5260927101324
2024-01-09,371.38372577950076,158.24446449398377,158.15752497156578,176.38079195462475,148.85651663696703,286.54003629903815
2024-01-10,379.8401638342732,161.18375787809956,159.64989844512257,179.1307344141257,149.70073948974587,296.99377921161886
2024-01-11,383.13885625014103,161.96698056125118,159.4254819009318,180.8203137119565,149.2183264310151,296.35245013571415
2024-01-12,382.3561138662087,163.58399749255338,160.06506559718733,180.16778800631084,149.48364864613148,300.21646645596707
2024-01-16,394.04132419350464,164.34194095582754,159.88555999934016,178.46656281373353,147.64246198550822,294.58073722487586
2024-01-17,391.7420518250346,164.00509469469765,158.74100453177357,176.77698351590274,146.87862061257815,295.310247197733
2024-01-18,399.10818432904773,165.85791975908353,160.9963804368263,178.86273659501953,151.66254183301564,301.531183657634
2024-01-19,415.76950282585005,167.8791942045223,164.25043760103344,181.00675470785293,154.01831649664405,307.39942120951713
2024-01-22,416.9086563300765,166.96961479771505,163.8128322492378,180.3542290022073,155.89170293746935,306.0606165308209
2024-01-23,418.43920773373407,167.97603225449953,164.99098455935754,181.79912005041695,156.92890094811153,308.8023439879286
2024-01-24,428.84550439251,169.51725090190112,166.85364878551732,182.78955450363196,156.38215041879585,313.2115122345133
2024-01-25,430.6276134089101,170.48998898267024,170.41066482969381,183.81496220107053,156.1168033677518,315.1996422417346
2024-01-26,426.53218389745507,170.0941578751595,170.76972784571086,185.4113210009531,154.70978597639345,315.9692075170698
2024-01-29,436.5540800126273,172.53234256991752,172.25089085612268,187.9049115360944,154.15502586040967,321.4846968013509
2024-01-30,438.7136189242687,172.05648684994932,169.95062127816726,185.27149914402673,151.18817561484443,320.71508216643167
2024-01-31,429.99862590092624,167.4202044230497,157.20375465875497,180.84362328144155,148.26153473614931,312.76258681733844
2024-02-01,440.48178664394396,170.03099920119763,158.39320379922424,185.59776199684956,150.2394307605382,316.482300393544
2024-02-02,462.3776881564278,173.16396868526795,159.76208944377706,200.198086890643,149.42738285203373,380.7840671211368
2024-02-05,484.5460058118115,170.8184744633941,161.220814254458,198.45024255909559,150.8987252960132,368.29406860686026
2024-02-06,476.7954994716596,170.75106321038743,161.69208554257045,197.09857200883417,152.20125793973563,364.53427504838476
2024-02-07,489.90640769506166,174.35564896062505,163.30787775136764,198.70659448345523,152.28969867810775,376.4550588390922
2024-02-08,486.7055180159879,174.38092818050254,163.7230449034324,197.9025832461447,151.41332571698217,376.78374430945695
2024-02-09,504.12166959580793,177.09280046242858,167.1902908752444,203.2742922029668,152.03318079934434,375.2686025166478
2024-02-12,504.9253506322925,174.8652103070966,165.54085000357128,200.81565713205705,150.66462184195657,375.90191066014
2024-02-13,504.0867362316007,171.10058845718794,162.8590101161043,196.50431133690515,148.9659437342059,368.8632586506373
2024-02-14,516.4708275027599,172.75434294634954,163.7567281131901,199.23094422692108,148.24946447531,379.413252752167
2024-02-15,507.79068772122963,171.5182599706572,160.19972934245453,197.85598188716656,148.01598191944467,388.0311152946101
2024-02-16,507.47612719857517,170.4635678665677,157.6750432203083,197.51805535960523,146.76818766026935,379.44528712223257
2024-02-20,485.3846736274333,169.92776915740922,158.34827557943973,194.68655607689456,146.164376587171,378.1866424080764
2024-02-21,471.54689503685836,169.67043562422216,159.95284005165104,196.44604630318852,146.7762345008289,375.6025447827167
2024-02-22,548.8848231224686,173.6656023843843,161.68085780598454,203.42577773463168,148.4265694754031,390.1281325443039
2024-02-23,550.834628311542,173.11295086197416,161.53498359757234,203.90352611911936,146.93722098387528,388.4428482651834
2024-02-26,552.7565509071658,171.93170515556957,154.3648991934944,203.6005550557896,145.84240362107826,386.6050922308508
2024-02-27,550.02384308937,171.90638655996017,155.83483446732035,202.21392904129664,147.02579831984949,390.86640384333464
2024-02-28,542.7695614487358,172.00762156666588,153.02962766493567,201.77115390103245,146.05167114748195,388.43480265297893
2024-02-29,552.8963377789245,174.50514548939177,155.3635286323261,205.9659696287511,145.5123217246068,393.3382330947127
2024-03-01,575.0296686551709,175.2898250746236,153.88240016879607,207.66721260132041,144.63480631080924,403.1048412373658
2024-03-04,595.7025285158943,175.0451574018632,149.62969629231637,206.92146639772653,140.96379542646395,399.80651043042053
2024-03-05,600.8116131535868,169.8687055595646,148.86665931393864,202.88976431642732,136.95466822305147,393.4104461662164
2024-03-06,619.9337307671199,169.6324380429421,147.44163498645634,202.17897357706502,136.1495992102175,398.1212014715079
2024-03-07,647.6735461090362,172.6066970769819,150.78542767614613,206.03589833720628,136.0529998696114,411.04173895789086
2024-03-08,611.7426046695598,171.37481417935857,151.9411936068577,204.32300946989042,137.44572418460547,406.0340610745878
2024-03-11,599.4837179942747,170.6575983481093,154.4770901921489,200.37288199179292,139.07193105546483,388.08975448049284
2024-03-12,642.3898480652377,175.19700334929976,155.4084395786697,204.3696108288686,139.45835325381697,401.0584175613503
2024-03-13,635.2259979010603,175.12107381295948,156.85588483244203,205.7329272738765,137.76777165848117,397.703915547726
2024-03-14,614.6500327233215,179.39046629529227,160.57000282161658,208.28478284273447,139.27317657723663,394.7024826390003
2024-03-15,613.9021702886663,175.6779779144145,158.4155901786324,203.2393367387352,138.96727245633534,388.4989947920703
2024-03-18,618.221515186599,176.05762559611577,165.70912786483257,203.30924766719835,139.85280987476483,398.8354840126775
2024-03-19,624.8122765670171,177.78310954354865,164.97979136965344,204.96387150079758,141.7527335042873,398.24158949707027
2024-03-20,631.6195820735757,179.3947057490931,166.89854245842002,207.5856379981187,143.83779655649863,405.6889388627256
2024-03-21,639.0489578546855,181.14122946260264,165.61937506590897,207.5856379981187,137.96095792172957,407.4866149147881
2024-03-22,658.9959088169754,180.8754957732777,169.17635656320365,208.42460469966082,138.69356811563608,408.9472390469849
2024-03-25,663.9790944647043,178.39483778904741,168.39093320541772,209.40341103812128,137.54234836113923,403.6826445285642
2024-03-26,646.9186863185536,177.88437080074226,169.06414829110827,207.76043309926862,136.62461116250768,397.96068410409146
2024-03-27,630.7669195462989,177.79157532590636,169.28858210873994,209.54323289504765,139.52275281422106,396.33157103164984
2024-03-28,631.5077846251266,177.49200475763843,169.35589670793263,210.18411270594677,138.04949800381232,389.6867344637007
2024-04-01,631.5566592860587,179.11624057312164,174.47261809829953,210.871593875824,136.88219698616018,394.317255765076
2024-04-02,625.1896530473284,177.7957491534874,173.42906043968333,210.54533102300118,135.92417591287557,399.1484237757219
2024-04-03,621.7789495232918,177.378130140994,173.8329825817213,212.54952727890824,136.57626802933123,406.6679615330889
2024-04-04,600.3991430642783,176.29391936322617,168.90706361955108,209.74131978569065,135.9081070676841,410.02256226588133
2024-04-05,615.097382761907,179.5170330228513,171.1175976720238,215.64904216071707,136.51992772745055,423.19989298842177
2024-04-08,608.9818540135244,179.1246669797475,173.7544747928245,215.78886401764345,135.6102125334509,416.7075281756846
2024-04-09,596.5481936873434,179.83766960768384,175.71811955449377,216.34816922534088,136.59237412841415,414.82159718729343
2024-04-10,608.3249572046258,178.56357592546752,175.20195459347863,216.67443207816368,135.07085069261194,417.172989053525
2024-04-11,633.3249605430589,180.53374067090473,178.8711789097505,220.2866508086918,140.91548954717894,419.8453662950055
2024-04-12,616.3414698960798,177.98983213600482,176.98607648385982,216.88418264354522,142.13113369800755,410.8090578785547
2024-04-15,601.0701948296218,174.50514548939177,173.76568525596952,213.95944508289432,139.02362517617985,401.4436197554825
2024-04-16,610.9527580999402,174.9016853600766,173.24953756839528,213.6098904405784,136.35891640847652,401.06646317355467
2024-04-17,587.3295779966811,173.74577137452542,174.45017989856865,211.2328121928784,135.24794327474123,396.580368015187
2024-04-18,591.7747150547176,170.5521370128467,175.05608038506645,208.83244215568536,134.47509887803696,402.70357249861667
2024-04-19,532.5700339839138,168.3794891287542,172.9016850155232,203.48404276834833,132.8328231619861,386.0673936017145
2024-04-22,555.7598587602422,169.15572918211618,175.35905653847672,206.513628941702,133.50905580012045,386.59707129843844
2024-04-23,576.0631941353612,171.94433164026438,177.58074923377177,209.20530636748632,134.3623934383479,398.1292717635044
2024-04-24,556.8711029635538,172.5729520747467,178.55699229319524,205.7678827381081,136.06911838665815,396.04269406584274
2024-04-25,577.5238788106044,168.34574412651895,175.04486992192145,202.36541457296147,136.76949154647113,354.2154565588769
2024-04-26,613.1894014630082,171.41699871346358,192.94208932113563,209.29852686543455,136.29452926603625,355.74824440299335
2024-04-29,613.3431296314917,169.69994117265654,186.4340095396032,210.85994798107745,139.67570487467168,347.1853931170034
2024-04-30,603.8728762056918,164.24930298391922,182.65257695123594,203.91517201386588,137.12371396462123,345.21922812469614
2024-05-01,580.3823787885041,166.61604697577317,183.8644470179952,208.5760902313257,136.29452926603625,352.4579345284605
2024-05-02,599.7841769754143,167.8394640910388,186.96138496376332,215.24120470469254,139.29735435280676,354.45623261000156
2024-05-03,620.5558010416713,171.56044450476222,187.65707279606656,216.97740314149345,147.62958455702017,362.706070093571
2024-05-06,643.9763249005848,174.4629478300428,188.62208811890414,219.8788133526673,146.28516612131108,373.71661379432555
2024-05-07,632.8916052161281,172.691066145192,192.15664868990882,219.94872428113047,146.84063406123298,375.7711077623375
2024-05-08,631.8991558170928,173.19733305542817,190.05832290953148,219.06315622061024,147.11433840193223,379.27008527855344
2024-05-09,620.262392831289,173.94828076366872,190.70913434237292,220.81100055215765,148.58758079437715,381.5331728488723
2024-05-10,628.1670012444343,174.96918848979107,189.23919906854698,218.4572318739427,147.5637817667037,382.15912641433715
2024-05-13,631.8083504361263,174.53887736638305,189.7890299658789,217.39688649226449,150.1676176757297,375.5865029178918
2024-05-14,638.4969145533383,175.7370415122591,191.13551195758265,217.97950126944698,151.0946683472311,378.66819451032575
2024-05-15,661.3792295777697,178.80956924786838,193.57044528080527,216.7210512171338,152.94073526763816,386.4445995432264
2024-05-16,659.4852429905256,177.92629282996796,195.44431997011006,213.97110875763286,153.03745878788254,379.77562613866394
2024-05-17,646.3455975347941,177.59661295204324,197.5538562136324,215.2178951352075,153.06166139938034,378.71636946438434
2024-05-20,662.4276578234244,179.76475887745565,198.51887153647,213.86622458494608,154.00484300589233,376.2525858252108
2024-05-21,666.662927621568,181.32852669398994,199.56236010132255,213.41178576994344,155.0608914856231,372.8739716547652
2024-05-22,663.6157126960478,181.95402332040845,197.91291922964945,213.38849398045036,153.89198855063734,375.40189807344603
2024-05-23,725.4624564484707,180.46632941789807,194.7373698543391,210.96481437377227,150.65132220269842,373.79689715782575
2024-05-24,744.1232293117633,181.80190174284866,196.35321388345903,210.61524195146438,153.15031324313753,383.7802185543664
2024-05-28,796.0663108965256,181.86948362402686,197.93535742938036,212.2465562155785,153.15839733758855,385.144468098654
2024-05-29,802.5241225162224,181.38346896522938,197.37428152202162,212.0950884639056,153.40024960107291,380.6825097768996
2024-05-30,772.2962931507504,175.2552269315306,193.12162946586463,208.94897222311863,154.2063617228683,374.81607384983533
2024-05-31,766.2367966639171,175.4496249199032,193.55920027077846,205.59310541695015,154.9802989003893,374.63951461759405
2024-06-03,803.747324412773,174.76917289700123,194.31099223912938,207.8070344582468,156.4151697846104,383.19436965096355
2024-06-04,813.7906666223323,175.84692605473805,195.0066973448735,208.9722640126117,156.67315298310535,382.7931255920065
2024-06-05,855.7463314292246,179.20264405414636,196.82450244501237,211.2328121928784,157.89850798164625,397.29457651698044
2024-06-06,845.6680024405282,179.41817368530337,198.3056309085424,215.56746755751539,156.77796059780079,396.2513617075257
2024-06-07,844.8992547682506,179.13504904772418,195.7585065866653,214.7518104254583,158.7207386204884,395.6092922378599
2024-06-10,851.2033382194641,180.8340200023468,196.6010359400712,217.96783759470847,155.68160340748926,403.3455926086984
2024-06-11,845.1223689307786,182.86689716345103,198.40963429620965,218.16592448535147,166.99177309896496,407.2538597960758
2024-06-12,875.1081218335796,186.40862612033803,199.7240049612777,217.76975070406544,171.76409594118854,408.35329517179355
2024-06-13,905.9324891370725,186.62839520529587,196.76952108262327,214.20415111250742,172.7072775477005,404.5494235047378
2024-06-14,921.7991804280219,187.04682798291515,198.60062673225622,214.00606422186442,171.29653476719423,404.999237394426
2024-06-17,915.5083972943736,189.4981116711507,199.10616852711703,214.47214893161362,174.66619892336251,406.9834186349212
2024-06-18,947.6608734168984,188.6401407236157,196.69089237964016,213.01561198865744,172.74758625828125,401.24778560565943
2024-06-20,914.1105285767873,188.36968194646317,198.05020853793366,216.8492271793136,169.0312498059693,403.0231017661353
2024-06-21,884.6839765759509,190.094050248159,201.79097944641904,220.32160627292342,167.26583756061518,397.4641266882829
2024-06-24,825.5511920009006,189.20226867216894,201.33040041822454,216.23165693789957,167.78982596223696,400.7818311319782
2024-06-25,881.3289314089536,190.58853068931418,206.7338091072317,217.12887089316632,168.53953569233252,410.17259072168156
2024-06-26,883.4956546286774,191.099890194209,206.56534123812054,225.60009473179727,171.90918743053703,412.1969259838229
2024-06-27,866.6506154802075,191.39153311512177,208.28408315469,230.54067444310178,172.5944106744817,417.3703286706625
2024-06-28,863.5053307432435,188.89795989082947,204.62185458198317,225.18061138102618,169.78905604847972,405.0474617080686
2024-07-01,868.8173921148613,193.03134859519201,205.56553720530752,229.78326456476935,174.7306854095134,405.4169181948805
2024-07-02,857.4240943799081,194.1090755024409,208.0931079920843,233.0459108729896,177.56831432350037,409.2889554475458
2024-07-03,896.6362615531485,194.73878533217237,208.74466218288447,230.237703379772,178.60017260969718,409.65843661414976
2024-07-05,879.5115418313015,197.60851492327114,214.114370388693,233.0459108729896,182.46153846153845,433.7177293209256
2024-07-08,896.0770072362541,197.05065267900667,212.35070025233904,232.21859006619403,183.65463159005816,425.21075308411025
2024-07-09,918.3043483892661,194.21897317016382,212.29449247564597,232.27685509991068,184.34793892845389,425.75691688191563
2024-07-10,942.9778796756592,197.05483963183167,214.7659245794932,232.80120484337647,187.81431418690278,429.5244845748832
2024-07-11,890.485372121119,192.1734301486329,208.46384785415069,227.27802813488148,183.45308803715454,411.8595779064527
2024-07-12,903.3465655468626,191.68736298885955,207.90215010291945,226.62550242923584,185.847358388645,400.7496980427444
2024-07-15,897.7545565272177,191.86065558493567,209.54224604306492,224.56304113961215,188.95903934631838,398.57271826684683
2024-07-16,883.2161343000902,189.98412632994817,206.61026945790502,224.91261356192004,189.29762754801095,393.45563486543836
2024-07-17,824.7124707703488,187.4482766948431,203.35248123046318,218.98158161740855,184.50914893484915,371.12343400549565
2024-07-18,846.3804507766064,186.11699632466917,199.611675775096,214.1109306145592,180.72027915582683,382.2574013462333
2024-07-19,824.2930567401428,184.73918696463772,199.5779580184565,213.38849398045036,180.82509918848606,383.0125042634341
2024-07-22,863.5053307432435,187.20317588903183,204.0826468508056,212.71265870531968,180.54296305034862,391.53564576403454
2024-07-23,856.8650003078036,188.01043089388426,204.21744878359996,217.21044549636807,181.38940871865242,392.57192555192654
2024-07-24,798.5710972080951,181.2693449689496,193.92741821047326,210.70846244941256,176.1736652241132,370.5450877588725
2024-07-25,784.801422653245,176.8316474832476,187.9173835504504,209.5665424645327,175.32723197377328,364.23103444361135
2024-07-26,790.2532708966218,179.73518770280143,187.60283419163622,212.654393671603,175.7061164680827,374.1037903718208
2024-07-29,779.9784283805275,180.3522316721062,190.44495433722716,213.4700508036601,175.9318377965565,374.11173726485714
2024-07-30,725.039623862746,178.74198736669018,191.29871142721893,211.7338701468512,176.3832680355402,372.0874760420919
2024-07-31,817.9324602930103,176.81052896570714,192.70293853185598,217.8746170967602,179.02738781921929,381.43800757077304
2024-08-01,763.3430428322305,176.28643797416586,191.8266914218106,214.48381260635213,176.0285613168009,399.84195061178735
2024-08-02,749.7830218775536,172.64330338240163,187.22091841330663,195.642035065878,177.2377853803312,392.13015727444275
2024-08-05,702.1134017658709,167.00531546130114,178.89672632884367,187.62526782224168,168.70074569872776,382.1610267583241
2024-08-06,728.6742961881904,168.89028424815845,177.81825904616576,188.68561320391987,167.05624716715198,396.909867918689
2024-08-07,691.3493853210164,168.39159060369036,178.54845921338995,189.66441954238033,169.14416635104342,392.75672783470856
2024-08-08,733.7068372312211,170.19201969416605,182.01969535005017,193.19506366970677,171.95756781760494,409.3933756476594
2024-08-09,732.1690748120161,171.59940022885175,183.86199418938722,194.52342465048312,174.3195638811104,415.93243462693283
2024-08-12,762.0150408430585,171.9332933100894,182.31177196225167,194.36029322407174,175.56245304457428,414.47035438700584
2024-08-13,811.7815174460507,174.9762761215324,184.4124642040325,198.35702206114735,178.58091234780233,424.5840838046762
2024-08-14,825.3415918156575,176.1807797602438,180.1548719437777,198.20555430947445,178.9440756999075,423.1541860135669
2024-08-15,858.75225661387,178.26391348049182,181.1996214698161,206.93311229247306,181.36529303290138,431.6452191047257
2024-08-16,870.7744083194822,177.18001770857916,183.06442760264764,206.315542051059,182.4387018260616,423.68435730613163
2024-08-19,908.6587871632705,178.4756105404109,187.2321288764516,207.66721260132041,182.30957983819394,425.17847191612424
2024-08-20,889.4369438754641,179.8601137748648,187.8050543642687,208.43626837439933,182.8099616905816,423.1300491769536
2024-08-21,898.1739705574234,179.58070358132784,186.31097082006264,209.86949574787047,182.72118566718615,429.9020360334835
2024-08-22,864.9030926309697,175.9436853532515,184.0080584056493,205.23188709989574,181.21195601557213,427.3073507773394
2024-08-23,904.2549398461089,176.4687213623583,186.05257741761883,206.2922324815739,183.07630217873174,424.1502624202288
2024-08-26,883.9150152439533,175.07147351601398,186.65922066207546,204.49778679104838,183.35068950744147,418.6234697911941
2024-08-27,896.7761018398372,175.21968377087208,184.99660015499458,201.72453476206238,184.03669508310722,417.0006747455143
2024-08-28,877.9738862419565,173.84785952208887,182.94085340643915,199.0212114415315,182.793830755571,415.13715300829386
2024-08-29,821.9165730903862,174.91483685453005,181.73884647443458,200.5593052076974,185.45717354725346,416.29384550154026
2024-08-30,834.3582456560641,176.61689224148455,183.53625164086893,207.9934754541432,184.81956077661945,418.7761389847425
2024-09-03,754.8855898937884,173.35669976765692,176.7735613404501,205.37170895682212,179.79150238735355,411.10445030945993
2024-09-04,742.3741040146261,173.1280580177784,175.75126728758352,201.96924079167547,178.24191435330349,411.8916616361024
2024-09-05,749.3638215070675,172.9121477545464,176.6387421342148,207.28268471478094,179.4767566762078,415.20141918676137
2024-09-06,718.7490009738876,170.07961510484577,169.5390642752509,199.70869261140876,178.2177117418057,401.87435616592524
2024-09-09,744.1913867624182,171.78168361704422,167.27809177534613,204.38125672361508,178.29036924815438,405.5053458897534
2024-09-10,755.5844708376516,175.37209410379916,167.22183217833032,209.2169700422248,177.644697218997,405.5053458897534
2024-09-11,817.1636592058029,179.11495429921305,170.03396563051643,215.00816234981795,179.70275119988574,411.1606708757229
2024-09-12,832.8218186101088,180.79161233909434,174.00474967804465,217.8979266662453,179.79150238735355,422.2223757853727
2024-09-13,832.5421914516616,182.31162059224778,177.1205847681589,217.30366599431625,179.57359195812663,421.4350904193541
2024-09-16,816.324777730461,182.6291727447484,177.79552719793955,215.43929159533553,174.5859043692606,428.80042883606643
2024-09-17,808.0063638547579,184.2423177290808,179.21284757077987,217.75810480931895,174.96521107434012,431.24491287786617
2024-09-18,792.4879379072805,182.40477044867072,179.7640257965021,217.23373728586114,178.11279236543584,432.5555579138468
2024-09-19,823.9442572473712,185.74114183847394,182.3849595313508,221.24212979767526,184.7146414002496,449.56181029236177
2024-09-20,810.8724487527146,184.29312554847112,184.01600418846397,223.25798972832084,184.17390116542592,451.37098712751407
2024-09-23,812.6898383303669,183.54795294757542,182.0587505999282,225.91471168987357,182.77767498463277,453.83146367455447
2024-09-24,844.9150655875249,181.71040566716533,182.55366922863462,226.0079321878218,183.50403894273458,452.96312987148247
2024-09-25,863.3693897464433,182.95516442911884,181.65380932487707,224.3416446794841,182.69697063772455,456.9673767700964
2024-09-26,867.0741958749519,182.6164806338338,183.04860513078197,222.7452858796015,183.62510167207884,456.5895291539915
2024-09-27,848.6198717160335,181.2234722412903,184.4209454635151,219.02820075637862,183.8429872653781,456.2035372065141
2024-09-30,848.8994988744807,182.18883393495076,186.55818830624324,217.1172249984198,188.04785883258722,460.28824022717254
2024-10-01,817.862646979526,178.1199689299225,187.84051673843925,215.71895308918027,182.5678486498569,463.5286475622042
2024-10-02,830.7946686024238,176.61267903817162,186.56943331627005,215.2878060636707,183.0278721198085,460.5858291595692
2024-10-03,858.7557819992487,176.3628662697768,186.56943331627005,212.02517753544242,182.13202779140306,468.59442167596524
2024-10-04,873.2256728712114,176.15960874172748,187.91926635550865,217.32695778380932,183.0440030548191,479.18412556288433
2024-10-07,892.7984522489888,173.39906805517748,183.3298512955383,210.673506985181,178.91987308840967,470.2106518969629
2024-10-08,928.9380858198986,175.58800436703117,184.90465362907653,212.91074559596268,182.21271972034745,476.73169462804844
2024-10-09,927.2606433587949,176.75237100969613,182.06999560995501,215.76555444815838,185.2553816350733,474.81797419382224
2024-10-10,942.3595484462064,176.0664720105485,182.31748947119002,217.49008921022076,184.85184748256827,469.4467136142124
2024-10-11,942.2896817177922,176.26971641335382,183.62229064999872,220.01865298958566,183.6493415374681,474.3677160678773
2024-10-14,965.1478531938724,177.4637067316489,185.55705421848089,218.52714280240585,186.6758476812557,474.74561304356627
2024-10-15,919.9207910003322,177.29432545827447,186.11949472767083,218.70193790355583,188.73386440825297,471.4087077216653
2024-10-16,948.7207324575688,176.18503233928863,185.7820407862214,217.76975070406544,187.06322606282248,463.7860577931626
2024-10-17,957.1788797901007,176.4390714362403,183.2736089719634,218.51549690765935,187.36185325692148,463.8985976448568
2024-10-18,964.6585724352522,177.04875214368047,183.82478719768565,220.21673988022866,189.6620078605711,463.5286475622042
2024-10-21,1004.5729856929446,177.3112570229899,184.55593740415938,220.3099603781769,190.8564545471479,462.4753140380138
2024-10-22,1003.7341576325329,181.0075488528143,185.75951621928598,221.04404290703226,190.35608511272406,467.9833500250994
2024-10-23,975.5633372206048,179.7754559512875,183.10484745435687,215.22955880994604,186.24001440483804,453.25247575333833
2024-10-24,981.5051072017613,179.8305032244787,183.03736012075518,217.17549003213645,186.08666496954493,456.5412554807648
2024-10-25,989.4041070472588,181.27851951448147,185.9057877168389,218.86506932996724,186.76461128668734,460.93949057947657
2024-10-28,982.2741753636188,180.61801786240702,187.53679782707022,219.51759503561289,188.370688638184,464.8876649905797
2024-10-29,987.3769036246437,182.88743817025698,190.8663917483391,222.36075799306207,188.58858664944708,477.04537478485395
2024-10-30,974.02552138647,183.13302461009494,196.24323388523993,224.5746870343587,185.70734584650154,475.8552658531878
2024-10-31,928.0293910310724,172.04840169966658,192.47494638539862,217.19878182162952,182.32572319116835,456.380540675012
2024-11-01,946.4838220198509,173.75047021186506,192.67742565964463,230.63387716105802,179.90450585817445,456.04277304117727
2024-11-04,951.0274027938411,172.94177143017646,190.37147311963264,228.12864073117018,179.178117064145,450.8322766269043
2024-11-05,978.0100615032858,174.21196691493503,190.9338963553817,232.46329609580712,180.34030188070062,460.2801946149681
2024-11-06,1017.8546080325639,177.9040192909586,198.5492036986928,241.30738414623903,179.7511440049175,459.9746094299511
2024-11-07,1040.712886338504,180.12687123321905,203.3186080128556,244.75647145035575,183.59282738409382,475.7748590907274
2024-11-08,1031.974737943015,178.90324411404995,200.61894193437837,242.5774800932987,183.37466859559038,473.8772298809101
2024-11-11,1015.407883749883,176.9852522133755,202.86866942425635,241.01607675764777,181.16894018887723,468.9160980853911
2024-11-12,1036.5883991051398,179.1107148454122,204.29721753368258,243.42811046957937,181.16894018887723,470.24283434578064
2024-11-13,1022.4680555349686,180.02949504823923,201.21513474708962,249.47565470153216,181.88803963814053,466.3671198041017
2024-11-14,1025.89334133489,180.74504397350486,197.50308957082322,246.42274117870144,184.39270568804832,464.08349864680696
2024-11-15,992.4796318856686,175.71083040006005,194.02727597232413,236.0871607210818,181.79106775861962,445.5252822257618
2024-11-18,979.6875039643894,176.03260888111757,197.1881083759865,235.02679755941162,184.23112314273828,445.7826924567203
2024-11-19,1027.6409710139876,176.89210235695256,200.36025488343924,238.4176198298117,184.44117300086305,451.1619492889505
2024-11-20,1019.8118378969048,175.91827488093435,197.95302815942247,236.4017776791581,185.0228925163141,454.72398367382397
2024-11-21,1025.264327119441,175.15888764082405,188.560456481768,231.15824468451584,184.6350795060134,452.7700845381596
2024-11-22,992.2701385302854,176.91102895875076,185.33208492418126,229.69004406682112,185.72582377667536,449.5940914603477
2024-11-25,950.8178026085982,177.67042932410507,188.58292922838072,234.73549017082038,188.14971097189195,454.39436037136176
2024-11-26,957.1090130616863,181.57348312211755,190.23648117898836,242.2046158814978,189.919134219562,461.17276397382165
2024-11-27,946.064301159785,179.45227306912568,190.36022810960586,239.73433491584154,189.81410308151771,457.6830413796201
2024-11-29,966.4062021143499,179.6516455249612,190.0452296413282,242.23957134572936,191.75323022284036,461.7999268490964
2024-12-02,969.0624197524137,182.84198545040456,192.90242950082606,245.5255272234347,193.5792048777762,476.68351967398985
2024-12-03,980.4565721262467,182.935332185487,192.73366798321953,248.70659892845325,196.0515593858075,493.4244642880941
2024-12-04,1014.5691625193311,185.57414935950123,196.1420287949987,254.20648384745513,196.34242535251494,493.52905724675196
2024-12-05,1014.0798817607109,187.78022723997384,194.19598566960795,256.9913817711877,196.36666521790423,489.6292058684597
2024-12-06,995.7640091003017,188.1832509811776,196.52444550311446,264.5420643050748,196.20505783666653,501.5617865997614
2024-12-09,970.3874305055068,189.22267842653525,197.4929327875732,263.44674567917303,199.3642126700485,493.36014875004264
2024-12-10,944.2419974085747,188.08143846373744,208.5292105545215,262.2232510910914,200.18833083939228,497.983611630895
2024-12-11,973.8827966935623,190.48266247148868,220.0497319636992,268.3057507872758,199.1541379759961,508.72618214969873
2024-12-12,960.1109321265833,190.7244950915525,216.1757828258641,266.8026124853415,200.3418541261789,507.20640055598636
2024-12-13,938.5096139529411,189.75297765847222,213.76582689818488,265.04312225904755,200.4791968060997,498.81176673252884
2024-12-16,922.7804126917613,191.58572109959093,221.46867603998422,271.4169115638312,202.83033956922085,502.344580243629
2024-12-17,911.5252459657373,192.80331060653592,220.07223925719364,269.342804379461,204.80177825241995,498.4818472725621
2024-12-18,901.1790945181192,185.56143099809867,212.16668628641662,256.9564263069561,200.41454888641908,480.5766581488478
2024-12-19,913.5524493883522,185.4086925340725,212.29051958423867,260.18409937095277,201.82039898917776,479.27292345463786
2024-12-20,941.6554328392051,185.22626476819636,215.55639178202227,262.08342923416507,205.6178247452765,470.96817343378336
2024-12-23,976.3997081942374,184.65353162251904,219.18260523044975,262.2465606605765,206.24803640946996,482.7171365123209
2024-12-24,980.2446216840846,186.38444942095362,220.8493022695833,266.8958329832897,208.61533494352932,489.0745522221931
2024-12-26,978.2172046017497,185.86688167566314,220.27497763305323,264.56537387455984,209.27785814959924,485.5337424584725
2024-12-27,957.8041549604509,182.65109190217072,217.07667913607577,260.7201127891571,206.50657841633708,482.6850527826712
2024-12-30,961.159574031958,180.2328707034842,215.36496750995315,257.86530393696137,203.76758538902376,475.78848233593243
2024-12-31,938.7892945263184,178.8201350692606,213.18020543130532,255.63971122092627,202.32943616235244,471.1774087106832
2025-01-02,966.8919574875913,177.58133516806745,213.32661511638543,256.6068538846482,197.02112916545073,482.22625544868106
2025-01-03,1009.9552876974867,179.60501153315187,215.98432400691317,261.23281663787645,196.625232060699,486.56387697814705
2025-01-06,1044.6292690046648,181.51410451841775,221.70518399280596,265.21789958020554,197.95027847283882,507.1408016687488
2025-01-07,979.6851537074701,179.18921692956968,220.15109251490847,258.8091370311983,195.69608275331095,497.2345799425356
2025-01-08,979.4755535222272,180.11832669939753,218.4167872280869,258.83244660068334,196.09196744009884,491.4645926427566
2025-01-10,950.1143279807568,177.73832621113846,216.26584654672394,255.11536147746043,191.36540479457585,495.6008764287748
2025-01-13,931.3790412901416,176.99161795669878,215.10591771675513,254.55605626976302,189.3858944348895,489.5413458088036
2025-01-14,921.1026497410778,176.3467747206751,213.5856130892608,253.74038135771397,188.48097257492688,478.21075456489774
2025-01-15,952.4213188066091,180.86076924954844,220.2186662157147,260.25402807940793,192.18951054595578,496.61487036445635
2025-01-16,933.755898844408,180.12680560699923,217.2456306615322,257.1195577333675,184.4250172299248,491.931336869783
2025-01-17,962.6977103556726,182.01472757374876,220.72539987799772,263.27196835801504,185.81468672581755,493.1143380213421
2025-01-21,984.5088423742776,181.7898658941323,223.0340470747903,268.83011831073367,179.8842645771373,496.0837612397943
2025-01-22,1028.1313200712073,189.29904109592636,223.39440559887493,273.84059117050936,180.8457502623295,501.74905686174725
2025-01-23,1029.1798551467223,189.51539761745323,222.95519381707547,274.318339554997,180.7084075824087,512.1702964882137
2025-01-24,997.0222511909192,188.39114172034672,225.46652756940492,273.6541679546048,179.9974170635241,521.054528026125
2025-01-27,827.8458973928574,184.36078618111313,216.00686584728948,274.318339554997,185.71776451815197,531.025164009558
2025-01-28,901.7382420051538,189.72327523137835,219.93710912902213,277.49941126001556,192.5046287960163,542.6534922646127
2025-01-29,864.7571096273333,187.6571912030415,220.06101152060776,276.24097898769435,193.39338246707686,544.3916900178633
2025-01-30,871.3984015315128,176.05826873307007,226.2097864579505,273.4094619249917,191.96328008096512,552.8493560301864
2025-01-31,839.3806378623985,176.0879842854079,229.75716392210407,276.9517519470647,190.6786293051528,554.6036450078457
2025-02-03,815.5421421763887,174.33159038843635,226.61517684246508,276.64879866372695,184.2230266303234,561.2668927006554
2025-02-04,829.4537402001964,174.94675744785405,232.4148728126318,282.0554630847806,188.09317198259,566.6827249846862
2025-02-05,872.6566436221304,175.3370628276553,215.4662762408398,275.1922617207708,187.826533463308,567.2299253337573
2025-02-06,899.5710914659901,176.41040590341973,215.7703751679086,278.29177660257955,188.43251768007602,572.9596352129298
2025-02-07,907.6801188161703,173.8352199121501,208.72066937347245,267.01234527073103,183.91599247471393,574.9955699773292
2025-02-10,933.755898844408,174.88310001462153,209.99323831155917,271.6616175934443,184.13437478656624,577.3132986072206
2025-02-11,928.373169520426,174.552199489008,208.69814480653704,271.2188246731882,188.15436770832687,579.244541693794
2025-02-12,916.7683486627504,173.53402181363046,206.7724325210872,266.7559933463714,191.59198296255363,583.7349311359762
2025-02-13,945.7800269024295,174.17039926729638,209.6216002305659,268.4339267494556,195.36119510483866,586.2939787724173
2025-02-14,970.6672179087441,173.27523137836326,208.5968015287686,266.46468595778015,197.84440291325433,592.8203029789989
2025-02-18,974.5121313985912,173.78855966985287,206.95261178312953,264.0992713848187,197.73923517760792,576.4842550330734
2025-02-19,973.3236492065279,175.9649744989635,208.64183338919852,264.0759795953256,198.0627728071428,566.3448092720992
2025-02-20,979.4755535222272,176.8959218029465,207.84224580987348,259.70636876645705,198.83926808521207,559.158498066832
2025-02-21,939.7678560435588,173.5291392228753,202.32414147328112,252.36541901795948,198.61277684298108,550.073027504641
2025-02-24,910.7563914635998,171.73947283245127,201.86242239798716,247.85598633216455,199.86650688886542,537.664126787002
2025-02-25,885.2400259970464,169.14638400841275,197.5492442049117,247.96085272485934,199.81796506826777,529.1098147090573
2025-02-26,917.7471238397109,169.9243172182463,194.51989723339068,249.7669620901234,194.4148717534786,542.146519976564
2025-02-27,839.939945594223,166.86362845269386,189.75627952192988,243.23002357893637,191.93978529340544,529.7053380909391
2025-02-28,873.2858180823692,168.7595436930184,191.7608277916536,247.35492837819183,195.6119510483866,537.7204460724332
2025-03-03,797.3661632175979,165.14621653029974,188.0783029258877,238.8953682142994,192.53024705539033,527.1382942018778
2025-03-04,810.8583472111999,165.1972081031056,192.48157938670477,237.47378673557483,190.8316434554226,515.0270811358035
2025-03-05,820.0162835414044,170.47267678587977,194.84648618051318,242.78723065868024,190.67797115307005,528.2810179328304
2025-03-06,772.9684132146934,168.7170441530582,194.09198228194074,233.8615680050467,190.3463494290841,505.31405282166526
2025-03-07,787.7889196870473,167.1951721152617,195.79246617147743,232.17198870721592,193.37145234295932,503.4872546149977
2025-03-10,747.8716754380658,161.605156960855,187.00962968420092,226.68374968296052,183.99689550904338,481.22040584437224
2025-03-11,760.3151641113632,161.72842925217873,184.94642080917606,229.0724738254071,178.62612615409452,487.43300053456426
2025-03-12,809.1851245295647,162.92721028452118,188.40767289699528,231.75250535644483,175.50398927087926,498.5783946190156
2025-03-13,808.0664556509857,161.01424535228549,183.50327664218818,225.92635758462006,169.5993716510304,475.3056468844971
2025-03-14,850.6440839025696,165.17597145836947,186.58121380296478,230.65718673054306,172.68108806199047,489.3888740535917
2025-03-17,835.6825086001376,165.2354944397529,185.22827154436393,228.082039372192,173.09361282030585,487.2141894983536
2025-03-18,807.0177603306812,163.03348538490957,181.14692020162596,224.67957120704543,172.0340128029207,469.05943831754894
2025-03-19,821.6297349163916,164.86139873624901,184.77729654931062,227.84897923732547,174.09657450467847,470.4286731798283
2025-03-20,828.6910284150067,164.44481661802888,183.5483775963817,227.1614980674482,173.17449101870764,471.9912495329349
2025-03-21,822.8881906667292,166.3237477926621,184.89007484495573,228.6296986851429,176.54739626343468,480.24698548680146
2025-03-24,848.8263738353374,167.0974021729629,189.05033126573124,236.8445528194222,178.53716386124168,498.450109060001
2025-03-25,843.7925508339873,167.98162360842883,192.29737541293238,239.69937945160993,180.97988910758303,504.4587993083735
2025-03-26,795.3421112758517,165.77536197454071,186.09641741062657,234.36262595901943,179.18422670234762,492.11125255374145
2025-03-27,779.0521066648079,166.03466429432257,182.91703333143613,234.63062377812562,181.06076730598483,485.3455837239733
2025-03-28,766.7472297348096,161.0270162146639,173.99891125501998,224.56304113961215,176.2481109172529,464.53281894065447
2025-03-31,757.7283324673438,159.57742489538524,174.34840478477767,221.6965686126779,179.66954556461377,464.2267401597967
2025-04-01,770.1031829556164,162.46808925060893,177.0881279727052,223.922161328713,180.52693145904865,471.9912495329349
2025-04-02,771.9907597512627,162.44682635538487,177.0542720285385,228.39663855027635,181.0931161017528,470.3239815020023
2025-04-03,711.7249376814689,158.6082043799989,169.92882219574972,207.88860906144845,164.34997547452144,428.19113413022734
2025-04-04,659.359290585632,152.96715827705447,164.1563146215618,199.25425379640612,152.37089974356905,406.53266691313553
2025-04-07,682.6406151370167,152.12547575728064,165.45285909561963,204.2181252972037,146.77367640028066,415.81135556719346
2025-04-08,673.2721705677593,150.722649682251,163.14158633581002,198.8580800151201,139.46168126812245,411.13981645145066
2025-04-09,799.3272389568972,165.99639108291925,178.9371461805529,222.67537495113837,160.8395536983801,471.8060030138962
2025-04-10,752.0652815908247,162.1110169885283,172.29645819322056,211.16290126441527,154.0209615229391,440.0069794451884
2025-04-11,775.5564734021024,165.12921933936445,177.16705032418363,215.4159820258505,160.2733566377121,437.81615430595735
2025-04-14,774.0183370783876,164.8571461572042,179.34302022141267,212.2116007513469,163.80803069720656,428.0783474806128
2025-04-15,784.4354769679495,163.9729509722262,176.23126166335118,209.26357140120297,163.50066125657378,420.0561317190117
2025-04-16,730.5318003782578,157.97055377766833,172.8714564939458,203.13447034604044,157.13503914763095,404.58345693795843
2025-04-17,709.5575734825853,156.34243288997135,170.42488087155564,201.13027409013338,159.3270084504244,403.91498009081175
2025-04-21,677.536978822182,152.66109071302364,166.4901119483068,194.96621757073927,156.2371831090856,390.3673537685302
2025-04-22,691.3798852460352,155.93436905508483,170.77440894819514,201.79444569052555,161.55943547936445,402.94844539521966
2025-04-23,718.087083161571,159.1523376190755,175.1489251299114,210.44046463030642,165.49042885438075,419.0493936421894
2025-04-24,744.0950262287337,164.64034337738255,179.57975272896616,217.36191324804093,168.53978405160905,429.42349486586284
2025-04-25,776.1157811339268,166.57455807959832,182.60134392552246,220.21673988022866,169.27584643945931,440.7963379137382
2025-04-28,760.1753772396046,166.28123512745793,181.07926013361524,218.71358379830235,169.97145110116293,442.7857759499376
2025-04-29,762.2028477368696,167.5055185088253,180.57193917434162,218.35236548124794,170.8369335080127,446.571359891093
2025-04-30,761.5036463034264,168.024123148389,179.03859309896671,214.89163228238465,171.88034050056814,442.189758972215
2025-05-01,780.3105624151453,180.83657942492007,181.85722136493177,221.6266576842147,172.5436087844676,460.8841584857269
2025-05-02,800.5157745638904,185.03653936667547,184.93514125226747,221.37030575985506,166.09707122323152,480.86733673947367
2025-05-05,795.7616321359175,185.41487452398022,185.1381041828587,217.14053456790487,160.87190249414803,482.6795245092547
2025-05-06,793.8040283670668,184.19909630070248,184.0331739887199,215.5791134522619,160.56455788944285,473.04640936173615
2025-05-07,818.4137288121335,184.21609349163776,170.6729447563404,219.8904770274058,158.73654668843952,480.69813208525983
2025-05-08,820.581093011017,186.26507532708766,173.94253074391787,223.81729493601824,159.73952079077594,481.6646914606439
2025-05-09,815.5472700096668,186.5031278768894,172.21751856830122,224.95921492089815,160.58071366038112,477.2185282057939
2025-05-12,859.9427151583425,190.97940045460595,178.6552781719241,243.1134935115031,170.72077587437988,515.0261926632902
2025-05-13,908.3931013015482,190.92839575655614,179.86165528447674,246.29456521652165,172.4540007574958,528.3966180787374
2025-05-14,946.2165337102292,192.54377203236265,186.44592821382514,244.9895138052303,171.9680485790745,531.0787191582808
2025-05-15,942.6510871340392,192.97816510664393,184.85623617422993,239.07014553545736,171.25533196321797,518.610438860998
2025-05-16,946.636054570295,193.46365475568277,187.3704200443081,239.5595398146916,171.10144855548035,515.7591331272406
2025-05-19,947.8245367623582,195.42270241948123,187.7649972548184,240.22372919507578,169.09286774247627,515.8315929966648
2025-05-20,939.5048409283355,195.12458875329347,184.87876074116534,237.7884036936511,167.5378282223064,513.1495412767053
2025-05-21,921.467046393404,192.7396794237913,190.0425004376658,234.35096228428088,163.67457483996347,511.8607625364706
2025-05-22,928.6681267637777,193.71493755140173,192.6468689426901,236.65812960351772,163.08333074625753,512.7226795936127
2025-05-23,917.9013861574942,191.7218167542689,189.9410189723702,234.199494532608,158.15099002216607,505.0628618983005
2025-05-27,947.335149173878,196.19781370186217,194.93558258868248,240.06059776866434,162.15195862334454,517.3539412887491
2025-05-28,942.5111400174908,194.77961796614895,194.32678016411325,238.5457957919915,162.32203505591187,518.368823696944
2025-05-29,973.1334920557977,195.34178529043407,193.76307869373747,239.6877157768714,161.94137479277524,519.5528120401846
2025-05-30,944.7484777746486,196.05725546423594,193.62777583115695,238.88370453956088,162.67029685142526,521.5180638801864
2025-06-02,960.4790678240079,196.74291820899222,190.57238051075666,240.79468029751973,163.35869909410954,540.3735730761239
2025-06-03,987.3259457814423,197.16879299993988,187.3591404873995,239.69937945160993,164.63027375401256,537.1115462432667
2025-06-04,992.2200353259639,197.5520763742196,189.46748486349964,241.4705155726504,164.2658065157056,554.1064459174441
2025-06-05,978.7266762039025,199.17469778469507,189.64788868027372,242.26288091521445,162.4920990705154,551.4242954783166
2025-06-06,990.8216324590778,200.32454790753422,195.8150252852946,248.85808446011808,165.15670849450817,561.967601356204
2025-06-09,997.1839915988998,201.33389229372304,198.772497469225,252.83150372770868,163.15622419391894,559.0276951690294
2025-06-10,1006.482462609883,200.55452843229725,201.605842706838,253.565604036556,164.14430915762745,565.745139685155
2025-06-11,998.6515133851805,201.27853001467665,200.1948098664858,248.4269374346085,160.99377239114102,559.0921587858332
2025-06-12,1013.823917416245,203.94026386465458,198.33224928097144,248.47355657357863,161.33392525627573,558.4639593592929
2025-06-13,992.6383810575702,202.2750772879991,197.1695912473402,247.14519559280225,159.10668893621514,550.0147338358469
2025-06-16,1011.6564463875015,204.05524100179213,199.54009463600067,251.80611381026208,160.7022110184593,565.9547204791434
2025-06-17,1007.6709448019461,203.58678791942046,198.61446275841823,250.3146214030743,158.4506727431903,562.0130615331383
2025-06-18,1017.1799774669119,204.52372033465173,195.64571101757926,247.6345898720365,159.2119808514998,560.8361809700046
2025-06-20,1005.7832611764399,203.31421597798948,188.10524949369386,244.33698809958466,162.79176937357582,550.0187813217411
2025-06-23,1008.0207057634576,206.9767759308226,186.46843550731967,242.9154066208601,163.19671917395704,563.0610642222484
2025-06-24,1034.100224836794,208.7271190903261,188.2519873741511,247.92589726062775,162.2248396530421,574.0799003331279
2025-06-25,1078.9184491562644,209.64702806413413,192.665627899509,247.01701963062246,163.24532308437384,571.2425633616641
2025-06-26,1083.8826190889201,211.8530928193628,195.89403400397757,252.9946351541201,162.79176937357582,585.2761841487619
2025-06-27,1102.970657977126,211.20999524078653,201.52679944127328,260.1957630456913,162.85657872678615,591.3538297360891
2025-06-30,1104.6486345875292,211.8360431274516,198.93051490659084,255.63971122092627,166.16908299546122,594.9489350422938
2025-07-01,1071.8566749232793,209.55334007270858,198.4902839917782,256.8865153784929,168.31536660933705,579.7383843324783
2025-07-02,1099.4745439800506,209.1445018484281,201.6509609344724,256.2572814623403,172.05713505156558,575.1842223076691
2025-07-03,1114.0875868643607,212.44505444744954,202.65560153073778,260.3239390078711,172.956133542783,579.5692290378485
2025-07-07,1106.396584756207,211.9680437060124,199.56265374981788,260.3938499363343,170.0404701441105,579.0371820810889
2025-07-08,1118.702316325085,211.49959062364073,196.81964860811908,255.6047557566947,170.08906163656346,580.9072192834075
2025-07-09,1138.838890288805,214.43390954029357,199.3707630948444,259.31017720517906,171.00425315261057,590.6687187091086
2025-07-10,1147.3690409469505,213.56937597077587,200.4995824577498,258.98391435235624,172.032845514321,586.2031077781327
2025-07-11,1153.1023858713236,214.35299241124645,203.40065685713716,262.19995930159837,171.0204585954041,578.3600673067289
2025-07-14,1147.1593339318476,214.22523128648652,204.9470962007153,262.98066096942387,168.96327387198323,581.1088038247755
2025-07-15,1193.515480915313,215.41768595123762,205.44377672039369,263.74971674250276,169.3601395779134,572.6209297469976
2025-07-16,1198.2000771044516,215.3325031179017,206.53874013913241,260.06758708351146,170.2105465766778,566.5914591137289
2025-07-17,1209.5969002247834,217.92185124741005,207.22729404034334,260.871598320822,170.09714573101448,565.3823961017774
2025-07-18,1205.4717720122592,217.21913881074263,208.89796397088423,263.49336481814316,171.03665162023384,567.6958304478543
2025-07-21,1198.2700506627257,217.22339138978745,214.58717901304567,267.18714037188096,172.08952110122505,574.7004983837204
2025-07-22,1167.8553758721823,215.1834528474298,215.98688047616656,265.0547681537941,173.6445482034311,568.1230376480355
2025-07-23,1194.0748420620673,215.4389750969496,214.7339168935029,266.01024714277753,173.44207330324048,575.1923172794577
2025-07-24,1214.770884002402,217.57261475597676,216.9237746372167,270.6012544317741,173.12622239331418,576.1756095538436
2025-07-25,1213.0928005621388,218.77786653359422,218.06389083047165,269.6807309070223,173.22340537822015,574.4667313935346
2025-07-28,1235.8163664146684,218.2625432050218,217.3865992127284,271.25378013741977,173.36109576112804,578.4568120915186
2025-07-29,1227.1464822996943,218.29236375931137,220.96494795641806,269.17967295304953,171.10955748585906,564.2458423188342
2025-07-30,1253.4360288777136,218.57770656312076,221.84542705948428,268.2241939640661,169.31154808546043,560.3848369332101
2025-07-31,1243.6473156393706,227.20597944114286,216.61901931939363,272.79189168357766,168.11289170914645,623.4433344570865
2025-08-01,1214.6310437157135,223.2069801097428,213.492215594307,250.23304679987257,163.9094482077774,604.5572223190218
2025-08-04,1258.540145926918,228.1173701316173,220.1634775720348,246.62082806934444,164.69507068925907,625.8050918359742
2025-08-05,1246.3741478148686,224.7572026745047,219.74580577103936,249.06781724550763,164.34679647578187,615.3988081634828
2025-08-06,1254.4847776129482,223.56046918022088,221.3487465398059,259.04217938607286,172.71315124459045,622.2745488657415
2025-08-07,1263.9239435494994,221.8143917250062,221.83413022913476,259.9976761550483,178.2043500127284,614.0848560353691
2025-08-08,1277.4182641403006,222.32540997355787,227.36531056048946,259.484972306329,185.75269625039584,620.1062316968492
2025-08-11,1272.9432681364053,222.2104590869083,226.8912064280692,257.86530393696137,184.2040147277051,617.3414039543937
2025-08-12,1280.6344839042788,225.3917032182836,229.53262646382697,258.0633908276044,186.20675909771074,636.7917454980358
2025-08-13,1269.6571816440128,221.7036409164255,227.9748730164584,261.66394588339404,189.19060953575442,628.795640956411
2025-08-14,1272.663587563028,222.51278595640898,229.0811159921057,269.14471748881795,188.7446556188182,630.4480023929526
2025-08-15,1261.6863921326217,221.5290226707089,230.16474803361308,269.2029825225346,187.7797549935737,632.9467819772364
2025-08-18,1272.5936140047538,220.22159086882027,229.71323756189182,269.73899594073896,187.21219195688482,618.5505163259293
2025-08-19,1228.0553907482404,217.09989596931632,227.53464210164574,265.68398428995465,186.94460967235202,605.7420991347758
2025-08-20,1226.377307307977,215.37510765981364,224.99480717182902,260.79002371762033,183.255331963218,602.7113219533167
2025-08-21,1223.4406612875161,215.09782375579906,225.4801908611579,258.62269603530183,182.35531519896682,595.7629733028818
2025-08-22,1244.4864641893623,216.37329558863178,232.6368710750964,266.6511269536766,184.67428301781356,608.4101820924416
2025-08-25,1257.2116097884461,215.10634203913264,235.34600299918753,265.602427466745,184.18779686694774,607.2091646926946
2025-08-26,1270.9157442242101,214.1593294365359,233.8221054959857,266.4996592020037,185.93108030076309,607.8539982990687
2025-08-27,1269.7271552022871,216.16426295323765,234.20590407937354,266.97738980649945,186.88785957766504,602.4372775425245
2025-08-28,1259.728734948841,217.40134344747136,238.90175808217822,269.86717190291876,188.56628398641476,605.4439178873703
2025-08-29,1217.8471566498317,216.14293443179372,240.33536730978855,266.8375679495731,188.22572132847378,595.4406058592788
2025-09-02,1194.0748420620673,215.47320573321156,238.57442637709704,262.5728235133993,186.26353402832538,592.5468015236316
2025-09-03,1192.9562265984184,215.57131693185346,260.37179872399366,263.3302333917317,193.3582644653756,594.1105625067561
2025-09-04,1200.2278146763663,216.68895770600133,262.2230279322767,274.6212928383348,194.42044741923667,603.4609953162691
2025-09-05,1167.785509143768,211.15624736674792,265.27082293868045,270.7177844992074,194.34749188175616,606.5240536657142
2025-09-08,1176.8048337306736,212.521285864401,264.42343974838127,274.80773383423127,192.87988724488844,606.403122684727
2025-09-09,1193.9348949455186,212.6108525292214,270.73914521859496,277.6042954327023,190.01767076252506,617.2044311085817
2025-09-10,1239.871734728638,213.44696994555386,270.2194219287542,268.38732539047754,183.887791278864,606.1451694983438
2025-09-11,1238.8229859934036,213.7199618947917,271.5752143051037,267.94453247022136,186.51487361617316,605.2746145139882
2025-09-12,1243.3678487257134,217.5122386337356,272.06102983045514,265.84711571636615,189.7906331298857,609.0551144179839
2025-09-15,1242.8784611372332,219.8413656763845,284.2744062276282,269.66906723228374,191.92309555002268,616.39833974103
2025-09-16,1222.8105787734676,217.14540119014464,283.7659970415778,272.7219807551145,193.09880352918532,627.9250859720555
2025-09-17,1190.7158976051817,217.56342708520094,281.9243718664359,269.8904636924118,193.7799040091396,625.2811398510031
2025-09-18,1232.3201455877331,216.8937115118627,284.74894219607097,269.4360248774092,192.87988724488844,628.932613802223
2025-09-19,1235.3266583366085,220.9376779290885,287.7881695757876,269.7273322660004,199.05839547489398,627.4252708236979
2025-09-22,1283.853160755036,219.4531997113496,285.31385280730984,265.2412091496906,207.6369484095693,617.1853783091282
2025-09-23,1247.6331377145061,217.22643644638742,284.3309076528166,257.17782276708414,206.2990990767244,609.3128701660308
2025-09-24,1237.4243694667975,217.61889436619902,279.224118490968,256.5952079899017,204.58013001608126,613.5556225749019
2025-09-25,1242.4589402771676,216.28796837761223,277.69882183905315,254.19482017271662,208.27751665559398,604.07794075764
2025-09-26,1245.9550542742427,218.17768850278503,278.54620502935234,256.0941500359289,207.13424439794608,599.9158419091497
2025-09-29,1271.5468950368584,219.51713277470546,275.7329488035076,258.8790479596615,206.2990990767244,599.6335544478168
2025-09-30,1304.6202445522447,220.94620933766603,274.6596462796592,255.8494617863078,206.4612776842981,592.3579517549554
2025-10-01,1309.2351876726887,221.69697329249107,276.6933002973018,257.08460226913587,207.1261354675674,578.6132819730408
2025-10-02,1320.7724920588691,220.00344931411414,277.585870808999,259.15870945350616,208.48832400951216,586.4454633359477
2025-10-03,1311.8922599496325,220.6902408298514,277.2017267567931,255.77953307785265,209.2099567233961,573.144486855296
2025-10-06,1297.3482291548569,225.47646604381256,282.9412075119776,257.3992014472202,208.13155590877764,577.2582133113914
2025-10-07,1293.8521151577816,223.51844214904344,277.66494862144555,258.42460914465886,207.96130562471672,575.1771638871462
2025-10-08,1322.310735212444,223.88957154741115,276.37695450063393,262.433001656473,209.24241728083848,579.016648494113
2025-10-09,1346.5040662783133,222.84448712190436,272.8858020866144,265.3693851118704,205.9828632099195,591.6562065481411
2025-10-10,1280.7067008896122,217.9644164135901,267.2819005690649,252.12071298834636,198.87191491211186,568.9017344464249
2025-10-13,1316.7868836434538,219.28254528931058,275.84595165388447,256.4320765634902,200.80978783908802,577.2904451197933
2025-10-14,1258.820681139175,219.07780460869316,277.31471233372906,252.14402255783145,200.89897365528975,571.6038755171033
2025-10-15,1257.4223851021488,219.01807162340629,283.6191209735933,251.188543568848,202.17197638103278,578.782684065591
2025-10-16,1271.267107633621,218.2416871923607,284.1049364989447,249.90678394704977,200.63950030113566,574.3624839519653
2025-10-17,1281.126221749678,219.08207031298193,286.1838123848671,248.24049643871206,204.5639121553239,578.2745271475244
2025-10-20,1277.0706397759884,220.45136138967982,289.85573135791964,252.2488889505262,212.6316521479973,590.5753303760362
2025-10-21,1266.7220312415914,220.82249078804753,282.975115276467,258.71591653325004,213.06138820417618,591.4626182593935
2025-10-22,1260.5688449675724,222.05103987370367,284.36479814386513,253.961777817842,209.55862831171572,591.5755036281762
2025-10-23,1273.7143660656018,222.05954503179325,285.9352475702962,257.6205979073483,210.47482568283277,592.0514287378409
2025-10-24,1302.382586305507,223.3606242156026,293.66328138892976,261.2561262073615,213.10194527403343,595.5682497437004
2025-10-27,1338.9523703075486,226.7348619342462,304.2270269065798,264.47215337661163,217.9587847780599,605.6185520958327
2025-10-28,1405.6588578045155,231.23527183561526,302.19339016237814,267.12887533816433,218.11284203729113,606.1187127612789
2025-10-29,1447.682412987413,231.01342896211082,310.2151415700988,268.3523699262459,218.6804423278715,606.3042060782379
2025-10-30,1418.6644317859964,224.27776376293394,318.02221865429703,259.683059196972,220.05883631260983,537.5811039665855
2025-10-31,1415.867519222364,220.88648947762314,317.69454148039785,284.57236318940693,219.22370340935197,522.9652868853066
2025-11-03,1446.5635838640442,220.55376454309842,320.5529850276405,295.9683068086968,218.1533991071484,514.3830372827747
2025-11-04,1389.2967964529282,219.40198500939636,313.5707147464833,290.515041028665,218.95612112481916,506.0023228620266
2025-11-05,1364.96373193023,216.34342253336632,321.2195671120249,291.5404309461116,219.0372352645337,512.9633569255692
2025-11-06,1315.1086933733304,212.0520583926354,321.71673128804855,283.1973830696605,218.73719242255848,499.2429226994362
2025-11-07,1315.5981877916706,211.9326055473056,315.0281095022149,284.79375964953505,217.68313081703994,501.4772336322385
2025-11-10,1391.8141352730431,215.84860083586804,327.76122646266964,289.44301419225627,218.67326474477983,509.583706203858
2025-11-11,1350.6295149804173,216.99182271050464,329.1283156693687,290.25868910430535,223.3968843328759,505.8087839328631
2025-11-12,1355.104617814173,218.04121221603205,323.9311173178423,284.5490536199219,221.9522280931596,491.23329363177453
2025-11-13,1306.5780085658853,214.69256872312116,314.7343919131277,276.83523965962337,221.53019117455312,491.9431338103773
2025-11-14,1329.7224840666604,217.63167835382143,312.2940001825803,273.4677269587084,221.09191155926163,491.59628401307236
2025-11-17,1304.7600848389334,216.48417764965205,322.0217111606034,271.34700063536803,217.07442706619395,485.587001449691
2025-11-18,1268.1205409383374,210.64008402256178,321.18567662097644,259.32184087991754,217.0581595335813,482.10251097140156
2025-11-19,1304.2007236921788,207.79479363572668,330.82304750308526,259.484972306329,217.96720415753427,476.157741384408
2025-11-20,1263.0860769578276,204.46980183244156,327.0268633961882,253.01794472360513,216.09236481494128,475.2140354964513
2025-11-21,1250.7797044097897,201.77304983156375,338.56230905830466,257.1545131975991,220.34519455844824,479.3277619525467
2025-11-24,1276.4414119008197,202.57652476615408,359.93853764258466,263.6681421393011,223.94069180476478,494.49201337249855
2025-11-25,1243.3678487257134,203.85437226814452,365.4294881300801,267.6182696173986,224.7928869903202,513.1810820509302
2025-11-26,1260.4290046808837,207.4913642457329,361.48644522863947,267.0240089454696,225.26360232712642,511.07589579007174
2025-11-28,1237.6341833117604,210.27358783531386,361.7462723266781,271.75483809139257,226.3187070416064,522.6426726437833
2025-12-01,1258.0517198071775,208.02130909608283,355.7695235872722,272.52389386447146,229.768069689613,516.9318674853118
2025-12-02,1268.8197423717804,209.4145537430177,356.8089356200721,273.15311000063207,232.27595199215182,521.957018661378
2025-12-03,1255.7441948320254,204.17065127198052,361.1248775636917,270.77604953292405,230.62024003924074,515.9074586773902
2025-12-04,1282.3164132195006,205.499792227388,358.85393828838687,266.96574391175295,227.8201878837927,533.596502182434
2025-12-05,1275.5334649210133,206.49129940702773,362.9777304754195,267.45513819098716,226.26188243913649,543.1870200088946
2025-12-08,1297.4905265283248,209.85046934559898,354.6795003726313,264.37893287866336,225.5395791552059,537.8472508439255
2025-12-09,1293.4347308949152,210.2778535396027,358.4781373081363,265.57911789725995,224.9633111258747,529.9102790840243
2025-12-10,1285.113432612993,204.5253609901474,362.01680895807556,270.0769046883083,226.26188243913649,524.401058466921
2025-12-11,1265.1842154074566,206.62378561961518,353.2210346635639,268.32906035676086,225.6531786882905,526.482107891166
2025-12-12,1223.857618230943,204.51253762679315,349.671100730157,263.5632757466063,225.85608821721502,519.6421035277789
2025-12-15,1232.7382776596196,202.92696878003218,348.4613725700695,259.31017720517906,222.47162184816554,522.7137504448533
2025-12-16,1242.7378730415248,203.597970627279,346.5959791402473,259.33348677466415,222.8774409060146,530.4958318299227
2025-12-17,1195.327528999967,203.48256035709062,335.4599299786526,257.8303484727298,220.62929273487026,524.3202074682038
2025-12-18,1217.704004637484,206.84175654614978,341.94935444401153,264.2274473469985,220.913341239437,536.3888232132201
2025-12-19,1265.6038430973822,207.67085195696075,347.2630103340951,264.9149462968677,222.11458055222684,531.8035646504429
2025-12-22,1284.4840979079643,207.24349401344497,350.22505997986434,266.1733785691889,219.92318247576944,534.0074207198701
2025-12-23,1323.0836492492597,208.0683105947232,355.3917188878772,270.49638803907936,221.05132965347673,536.7843909200084
2025-12-24,1318.8880133291616,208.5683298888318,355.0977940174992,270.77604953292405,222.22815524938375,538.8913541258936
2025-12-26,1332.3139628095878,208.43584367624436,354.4420596540009,270.9391809593355,221.8954034906896,535.4524225437067
2025-12-29,1316.1608606640839,208.17516320584608,354.4985783526302,270.41483121586964,222.1875981795265,531.7390023144709
2025-12-30,1311.405863597231,208.33757497467485,354.8264628078203,270.95082685408204,221.63566935929518,537.5997618893664
2025-12-31,1304.1335277102637,206.68788931114256,353.86547219671274,268.95829427291346,220.64551059562763,532.8691393514843
2026-01-02,1320.566310429145,202.1235069706858,356.29619080035536,263.92449406366075,219.9556678691395,525.0547767984287
2026-01-05,1315.4616592306406,202.08505000586698,357.86769390668144,271.5683970954961,216.912124278982,531.8197052344358
2026-01-06,1309.308152467042,204.50400621821555,355.3804220575276,280.7387479987508,212.9351720198439,533.2969882262585
2026-01-07,1322.384340985957,206.62378561961518,364.01790253961906,281.4728483075981,211.287606251203,523.6662916983596
2026-01-08,1293.9242253132552,204.33303679032133,367.9296459661463,286.9843791213466,210.24062288506556,521.5431879084814
2026-01-09,1292.6654490733379,204.83306920967394,371.4683176160855,288.2544928483983,210.50845352887487,527.1940705318841
2026-01-12,1293.2249170499522,203.93557815255892,375.1878076453804,287.1941296867281,211.22266030039057,518.2414266104428
2026-01-13,1299.3085570851365,201.15336768822192,379.83446688849796,282.68469700093317,211.87197079294907,509.4584315794721
2026-01-14,1280.6380092896575,196.32827862687898,379.68746990642717,275.75156692846815,210.9872902140236,496.8892602923371
2026-01-15,1307.97950949871,195.165815144589,376.2279451626981,277.5343667242472,209.5669731834071,501.15160845608654
2026-01-16,1302.2454167653173,196.53339993957138,373.0850080438096,278.629685350149,207.39185505752621,500.70761899731923
2026-01-20,1245.1852383033656,194.25123501983092,364.04053074719985,269.168027058303,200.22529911770368,487.68641263921256
2026-01-21,1281.896892359435,189.80223669907463,371.2535051050359,269.5292453753574,200.99633049168926,494.82267322622636
2026-01-22,1292.5256087866492,192.80669691947898,373.69552053902805,273.05988950268386,201.56446475471418,522.8105939488112
2026-01-23,1312.314878875637,199.13614894316848,370.7447331767266,278.67630448911905,201.3128519716622,531.7955190382384
2026-01-26,1303.9237138653004,200.98669021510437,376.77064212893777,277.8140282180919,207.29447338519904,542.7742751668477
2026-01-27,1318.258678624133,205.3886476614884,378.22903874424156,285.1083588276193,209.61567643753455,543.266735737178
2026-01-28,1339.236751394764,205.83741287791187,379.8796887567778,283.1624276054289,208.1304134561056,539.8438953794
2026-01-29,1346.15943315008,185.2677667896152,382.4121133804478,281.6709351982411,209.62379778587703,596.0136212708218
2026-01-30,1336.509598729686,183.89590316510007,382.12948534041936,278.83943591553043,210.59776352471485,578.4071069903537
2026-02-02,1297.9100473883905,180.9384444433361,388.562391107149,283.10418035170426,219.14405458936898,570.2617390664819
2026-02-03,1261.0585530456324,175.74154347093926,384.0627288461022,278.04707057296645,218.71389632242,558.3868596889655
2026-02-04,1218.0536587691356,177.01512526864093,376.52190457995783,271.4868402722864,224.40326095730083,540.0538710500609
2026-02-05,1201.9005566236317,168.24536226067102,374.4981827908336,259.484972306329,223.93254562049464,541.0387428311374
2026-02-06,1296.5114308617844,171.4378678513687,365.0127836417751,245.07108840843205,225.72622115151776,533.975139551884
2026-02-09,1328.887501881207,176.7629893320642,366.6634336543113,243.20671400945133,223.0941343747866,546.6976217071604
2026-02-10,1318.3985189108216,176.62194546041127,360.17397464207056,241.1559163945661,222.3304792713139,541.4503524027505
2026-02-11,1328.9574754394814,172.8182891349493,351.55912236756,237.80004958839763,223.8090117163489,539.811663570998
2026-02-12,1307.210334506993,171.73701841182972,349.3432162749669,232.5798261632404,212.62266154218693,524.5704605594711
2026-02-13,1278.3305911443656,171.51479490625033,345.6349885291397,231.63597528901155,207.78900637662443,516.4654687753739
2026-02-17,1293.4347308949152,169.60868135136462,341.4518793460517,234.3859177485125,214.36924815438013,516.0779960403742
2026-02-18,1314.4825635641005,170.77971561796406,342.9329387158181,238.62735261520123,214.7510757061165,519.2505339473007
2026-02-19,1313.9232024173461,170.68118441151526,342.3902762964603,238.70892721840292,211.68838361573853,520.509894375426
2026-02-20,1327.3492587276323,170.15431086825325,356.1039719500048,244.82638237881892,214.9378915539219,529.2929881255649
2026-02-23,1339.4465652397269,164.6885261479798,352.1583034855472,239.18667560289063,216.23767982763863,514.4312122368332
2026-02-24,1348.5370385133663,166.62897534107915,351.4913068385812,243.02027301355486,221.0794687595075,516.0860910121627
2026-02-25,1367.4870532225027,171.59785145006384,353.7524002525723,245.44395262023295,222.7773272816456,527.7026223266232
2026-02-26,1292.8752629183007,172.07760536748978,347.5117478830751,242.27452680996095,221.73747182674455,530.3827983823877
2026-02-27,1239.031731539767,168.2310032437728,352.4635942800382,244.69820641663907,214.6129382765108,523.2545834075784
2026-03-02,1276.0229593393535,170.71972012779787,346.53942589473615,242.82218612291183,215.05161526664472,527.5976838508768
2026-03-03,1259.0307086438577,173.02426358849945,343.21556675584657,243.21835990419785,214.26364578999983,528.8247631110162
2026-03-04,1279.9388078562147,173.56827870038035,342.7068639213008,252.64508051180417,213.26439707681132,539.0366687414146
2026-03-05,1282.0366258162635,175.9156367068973,340.1630733735177,255.11536147746043,211.45281484195039,533.2566614460679
2026-03-06,1243.437074474968,175.17887738738344,337.4949485981264,248.43860110934705,209.1537778550451,520.5744567113979
2026-03-09,1277.2116551911367,175.37163472026037,346.602335766499,248.76486396216987,211.11974021619676,522.6168575813114
2026-03-10,1292.036221198169,173.8081556590933,347.3716948242466,249.74365252063834,211.8914918320843,528.0094415012421
2026-03-11,1300.9173079462855,173.43119865240496,349.2497669596904,247.7860576237094,211.8752242994716,528.6471673275092
2026-03-12,1280.7074486986319,172.137574607168,343.42322806236297,244.1505471036882,207.7727512619756,515.1819715106352
2026-03-13,1260.4974826211187,169.43466686687037,341.98642324818593,241.9832194213697,203.1909696567054,495.4280685249234
2026-03-16,1281.2669166752464,171.31942564982427,345.69727655703014,246.72571224203122,205.38439186126652,506.9536301259311
2026-03-17,1272.2457759807214,171.0881063501768,351.7613598136334,250.75739654333842,206.5298248446202,503.08349321725274
2026-03-18,1261.5464450160732,167.82408130511126,348.1070597503003,244.54672088497423,203.0447481326487,497.44396329818767
2026-03-19,1248.6792157032417,166.63753300014463,347.4735044849194,243.25331536842944,202.2486324717336,490.18849931562943
2026-03-20,1207.6999224014605,163.57482294702152,340.53828705677756,239.30318789033197,201.46061332323336,479.6526960945216
2026-03-23,1228.2595426106252,164.0588688192242,341.73754751167877,244.8613378430505,204.30392966465288,488.05547424935185
2026-03-24,1225.182522154176,159.6639596288496,328.59118075109933,241.48217924738896,204.42577472571824,479.0548034526042
2026-03-25,1249.5183642532331,158.9357710936452,329.1455200165065,246.6907567777996,205.22190280459714,480.64650196031585
2026-03-26,1197.4901926850123,156.76402885138629,317.8206721458597,241.83173388970482,205.44125371762792,442.3896159281403
2026-03-27,1171.475946656112,152.82317435075325,310.3763373205905,232.27685509991068,202.1186412263981,424.7599520027404
2026-03-30,1155.0423092983508,153.7612617874535,309.4259871490782,234.15287539363788,200.35578708159224,433.37285390698383
2026-03-31,1219.588162877612,158.56310604173356,325.33285704698955,242.68236426598548,206.17237375587524,462.2573421147324
2026-04-01,1229.0288244322026,158.22041904703903,336.45412014317264,245.36239579702323,207.66714889759527,467.9938636165076
2026-04-02,1240.4973303885683,159.97237661155026,334.6213044228905,244.4302085975329,207.90274250731107,464.1399166514064
2026-04-06,1242.2456010468259,159.72392886852785,339.3956143942692,247.94918905012082,210.2910894900563,462.97646189514154
2026-04-07,1245.4624617899635,159.47121542121664,345.5841355191261,249.0911268149927,205.93679256412324,464.61658215483214
2026-04-08,1273.2948452055361,160.34504166346193,359.0020407706753,257.80703890324475,210.32359971935404,494.8099878131187
2026-04-09,1286.0921009600934,159.80533163160172,360.3257045469483,272.2558782653733,211.61526664472828,507.71312604611467
2026-04-10,1319.099322792164,158.86295224012477,358.911527940352,277.76742685911375,211.6071701323134,508.90076699857696
2026-04-13,1323.8545335187366,164.64569847692044,363.51614362831566,279.5269170854077,210.56733951334002,512.6740110437133
2026-04-14,1374.2045148168343,168.38949056465586,376.6398821813143,290.1654686063571,210.26672544502878,535.2644612475437
2026-04-15,1390.7081257328696,176.14695600654477,381.40289532234357,289.5595442596896,216.44078804398444,542.6088712006077
2026-04-16,1387.0717441296658,180.01925735794615,380.1583784522807,290.9578161689291,213.97927441837362,546.8829175857833
2026-04-17,1410.3585170039087,181.1029956269312,386.56188482259614,291.95991429688263,219.52781934346226,556.3198777461822
2026-04-20,1413.015909770432,179.08116992124593,381.74231843605577,289.3031923353299,221.8186853101697,542.0674952824578
2026-04-21,1397.771181924174,181.68983840987144,375.9384422931909,291.2025221985422,216.2295833152238,540.395044495197
2026-04-22,1416.0929302268812,185.44220128191634,383.8918945155875,297.5530197138328,221.91621599806282,545.1458057433824
2026-04-23,1396.0927779943308,178.08737894915623,383.405405326041,297.22675686101,222.12739589089577,532.5659234265029
2026-04-24,1456.4427819937737,181.88687457228113,389.6391483191776,307.60893867760774,220.20206510738433,545.3963056325703
2026-04-27,1514.7648347615818,181.97254303964374,396.3594150487426,304.2647355461778,217.39938034360503,548.2968722312359
2026-04-28,1490.7087800657616,183.87013831119586,395.72585978336167,302.6101294925706,219.91774340761347,542.4149373947715
2026-04-29,1463.2960243401153,181.81832142304947,395.9068854440082,306.5019919369514,219.47906641747954,540.6212594690193
2026-04-30,1395.6032835759906,174.67342424227311,435.3459511788649,308.8557428351744,220.43768355302782,494.3979340052489
2026-05-01,1387.7710523929688,177.52624851914436,436.3528891427701,312.5844916331358,227.57843496401895,491.84480951889714
2026-05-04,1387.980759408072,177.17499074014037,433.5923514585564,317.00068604099056,224.8894739129625,493.18600813742097
2026-05-05,1374.13454125856,176.21549603053245,439.45278084693234,318.74853037253797,230.86042829557238,488.7826396419653
2026-05-06,1453.3658683671842,177.32062844718126,450.32513365972653,320.4264637756222,233.56563204331385,495.18166548121394
2026-05-07,1479.0303534345733,180.23771391850747,450.2685458673336,315.9753139035359,233.50875776898863,498.3569181652648
2026-05-08,1504.904652346925,177.8175239332261,453.44765357146963,317.73478634983786,238.28552624226208,492.5557849679335
2026-05-11,1534.5551731491691,176.76377684670214,439.69039429997173,313.4350864494325,237.98466381467432,483.85408517193673
2026-05-12,1543.925861145486,174.66913228749638,438.2309267313321,309.74132867568665,239.70847588120975,487.1990361060422
2026-05-13,1579.2408216124284,173.5725575299131,455.5067513675599,314.7634652102008,243.017888076892,498.2115048305757
2026-05-14,1648.541992748122,175.3802055045698,453.7531516472515,311.37264293980076,242.48123335216724,499.66583561580273
2026-05-15,1575.674413567499,180.73031744977558,448.89962567589896,307.7837515587497,244.12375742749458,496.2724135701343
2026-05-18,1554.6952724982682,181.42426222347407,449.08065133654543,308.62268270030785,242.1803709245795,493.83237189090147
2026-05-19,1542.7370584638427,178.80274412100633,438.5816466753938,302.19062836180757,243.09920090402778,486.88392452129847
2026-05-20,1562.7372106963933,180.3619312273967,439.9958578288718,308.7974955814497,245.76625666689432,488.8634412810984
2026-05-21,1535.0446675675094,179.90689214435773,438.5816466753938,312.81751620801845,247.9941883929292,490.7378714863997
2026-05-22,1505.813774455191,179.68368424548092,433.27559109930684,310.3239434528691,251.10846470504234,493.06483035851346
2026-05-26,1502.527046983639,178.59330460304932,439.96189824405974,309.1237584342726,250.71002191770617,494.74537611756267
2026-05-27,1486.7227443309066,177.15093216795168,439.90531045166676,316.7676614661079,252.7591101287122,513.2638087138423
2026-05-28,1498.2612238455465,183.2982058054004,441.3761093975378,319.27289789599575,254.10889312479435,513.2879949100396
2026-05-29,1476.5129077845984,193.27896944784462,430.30010271651634,315.35774366212183,253.74298540268353,511.04188703664306
2026-06-01,1568.961011507846,197.6919652244036,425.8086280664568,304.4278847525812,249.06752267830643,485.1548582911021
2026-06-02,1558.1917069849235,189.4454925680931,409.38134394106856,298.90467248410226,256.296193273189,482.86027930614244
2026-06-03,1501.7577651620616,183.44846359831712,406.14564844453963,291.3306981607221,252.27935451424028,503.342038718645
2026-06-04,1530.8827898831587,183.75324488843935,421.0795745102397,295.7236007790837,253.06809390464244,507.0505723490571
2026-06-05,1435.9465118915657,178.86804220973457,416.93878525736005,286.6814258380088,249.905039830619,479.1194645077443
2026-06-08,1460.730718912878,176.75168849700992,411.2786241427947,285.7375927437719,245.1889455286017,472.97088919809926
2026-06-09,1457.5801995127756,173.17579453008082,412.35406857331486,284.5374077251754,236.25270556386872,472.3245254446188
2026-06-10,1403.1808323728662,170.578636880413,403.43364912925875,277.32463393885763,237.09022271618122,461.3281973040783
2026-06-11,1434.3361585825173,167.56510711642852,405.0071559547294,281.4145832738815,240.3833673792508,459.2678789051452
2026-06-12,1436.576594405614,167.73681155798482,407.16934164611916,277.9655137497568,236.7243398299981,458.09632917709183
2026-06-15,1487.4052803061957,171.60892915597069,418.1161084423165,286.66977994326226,241.02574864799416,479.9516670952724
2026-06-16,1452.1192707313025,169.06328808886735,422.53102720230106,286.6464703737772,243.31875050447977,485.39430163345673
2026-06-17,1432.7958856616033,162.65843153859623,411.8220120466704,276.74201916167516,240.6435733932707,459.0061743903721
2026-06-18,1475.0832037687437,162.86877669838688,416.6218176168196,284.77045008004995,242.31860769789577,466.8020764589829
2026-06-22,1460.8006924711524,157.69166859389,395.84901941698854,271.25378013741977,241.50550426246608,455.9896621287111
2026-06-23,1400.5203415404037,160.52491000676474,391.83031884439987,272.79189168357766,239.3019117455311,454.65532449237367
2026-06-24,1393.2391387750595,156.88462359294104,390.8794159227787,272.97833267947414,238.3098902872896,450.9918561622232
2026-06-25,1370.4152596840268,151.46280843995189,389.0907856643223,264.51875473558977,223.7306295286762,439.0229961366254
2026-06-26,1347.9413552142253,160.10851164196015,381.9363682711419,271.13726784997846,230.74787187144926,444.9912608856393
2026-06-29,1365.0243044608278,158.21968403337695,400.34318872382875,279.81822447399895,229.08910509943686,454.97877784682635
2026-06-30,1400.8704229914952,160.1299714158437,404.5543499749406,277.7208077201436,235.28509782251007,455.53678794481004
2026-07-01,1383.2974451772527,164.96367063722798,408.9013495653009,281.63597973400954,239.36698187598176,495.66484644973787
2026-07-02,1364.044140495688,167.62948643807917,407.4297214942667,282.7662538241429,250.95396039911338,471.3955780723009
2026-07-06,1369.0850142677955,166.01968839095798,414.8445187355945,284.5024522609438,254.23086236549796,485.4589626885968
2026-07-07,1378.7465999727851,166.92118264748245,415.4897853939065,286.6231608042922,252.60460582278324,497.8241308147441
2026-07-08,1429.0852573057268,164.56014813675347,409.70511731732404,283.8732183447912,254.82444103640324,487.7476185234673
2026-07-09,1419.7036726636943,164.99800627544167,406.27506106377274,287.8583012871203,257.12556424123136,510.6825492645669
2026-07-10,1476.9735581407492,165.31567655513797,404.33926108883657,285.8774146006983,256.3937736329374,541.1951139934914
2026-07-13,1424.9545739404848,167.8441366778905,399.0526899540863,288.17291824519657,258.01185915545426,531.1024117586376
2026-07-14,1482.854541931588,165.24270019868993,406.9769155144778,288.3826688105781,256.01971972655645,534.5879387881926
2026-07-15,1487.7553617572871,169.83599745160262,419.8934073235416,297.0869350040836,266.29759650310143,550.9804540983016
2026-07-16,1452.0491903431682,172.18415609800147,401.2601320606377,291.1792126290572,270.981180575821,537.4184147774697
2026-07-17,1419.913700168377,169.05899613409062,392.55480150268573,288.07969774724836,271.37145234295934,522.4330918497948
2026-07-20,1423.204273514888,172.69500371838163,398.4640110881672,291.2957426964905,265.5576348746096,522.3036710203465
2026-07-21,1451.2790538827112,170.74606249243658,392.98497927489376,288.45257973904125,266.4927323866705,520.653925641761
2026-07-22,1484.6748159154592,167.56510711642852,387.2568989907042,285.30646349825435,264.98846992058714,507.19702223501184
2026-07-23,1461.5708289316092,163.80460659312504,359.6353196610018,272.26754194011187,261.54896713585873,490.1575508564135
2026-07-24,1448.128534482609,163.85613630093349,361.95597189922086,270.4614325748478,270.7860198563242,481.33457456234095
2026-07-27,1375.8061080773655,167.03279972216484,369.6764399507396,269.62246587330566,273.9490739303476,480.2670748375206
2026-07-28,1379.3067089285594,168.8572348838534,377.77046343519163,269.00489563189154,276.52664584588064,479.89505165233675
2026-07-29,1330.2982970118487,167.65095933720667,381.1665601039308,264.0992713848187,274.98987315049953,473.5871436052931
2026-07-30,1365.5143330284677,193.6481563101054,377.7138756427987,274.4115600529453,271.1193925132096,435.9175872640427
2026-07-31,1405.491241754237,199.49494061220864,403.15064107353055,316.4530267280397,251.18165618383554,450.2155286238696
2026-08-03,1446.7283155081034,209.33832232606622,422.82536663526065,330.9484852291383,246.71762171156794,477.33146293416075
2026-08-04,1483.8347058967279,211.5534172491431,427.51196207374227,323.25799861831683,251.5638066026314,475.4714457274098
2026-08-05,1534.8034457437182,209.2567620600648,410.28243025913014,317.6998308856063,252.8810793694158,476.1426867112647
2026-08-06,1533.1931992645298,214.57982287745773,404.9845277471486,317.2454098505956,254.0275802976586,477.0565300508552
2026-08-07,1567.9891802717832,214.63563141479892,401.0790027593458,319.8322208836851,254.77563843856524,478.835646899305
2026-08-10,1523.1114517203146,217.24137297402018,404.7241478990012,324.03868250615034,250.8692947217445,481.1162077623869
2026-08-11,1522.7613702692233,216.27548627060108,389.1926644187587,317.2570379653502,248.14298043549798,484.5127888214363
2026-08-12,1568.8992638487887,211.39028359189624,388.8983595326809,311.442553868264,245.97820647348456,468.1202735113273
2026-08-13,1577.3707649138157,213.30058409960694,392.0906641456655,308.9373174383761,248.4278236897496,481.15663326174547
2026-08-14,1576.390600948676,212.66524354021433,391.56993899625246,306.0475353419568,248.9730716454423,477.0160551919125
2026-08-17,1575.3403565954018,206.20459157784597,389.41908468209397,304.4861320063058,248.69637457546085,460.130240198544
2026-08-18,1538.4441005413203,206.75406679121647,389.6455049454293,302.31882210397936,252.30975368968748,439.6699522051147
2026-08-19,1523.181425278589,207.90453380052202,390.2341492644667,309.7646204651797,257.8437447611715,441.57853924259695
2026-08-20,1518.2106318946155,206.93683581343566,385.6494325804215,303.0878423170743,253.34330081896474,441.4167878855785
2026-08-21,1503.2980380829756,207.83571814641104,390.3473593961343,301.36332533500394,251.7563595497246,444.7082330305452
2026-08-24,1459.6105010013296,209.5861794331102,394.0151327433705,305.3717178468181,252.56203704278607,452.0836408024091
2026-08-25,1491.6060440595722,211.47856398280803,392.76989038878975,304.19482461771463,252.20395263788595,461.00365803877594
2026-08-26,1467.8719745616738,213.48277561109165,387.1550202362679,303.2859469877093,255.09304159396984,465.92870797833507
2026-08-27,1596.1339341978808,217.22024133123577,385.6267698259589,298.60173698075647,256.0126414871753,461.85279096364224
2026-08-28,1520.1709598248951,221.11468496920685,393.63024593320586,309.22862482696735,260.1794395772925,466.66559720901165
