Date,nvda,msft,googl,amzn,aapl,meta
2023-01-03,100.0,100.0,100.0,100.0,100.0,100.0
2023-01-04,103.03178448519394,95.62567029939216,98.83304077879733,99.207643547432,101.0314111114188,102.10838216384136
2023-01-05,99.65071979617932,92.79153655333813,96.72351298980142,96.85388375921303,99.96000795246304,101.76366718981653
2023-01-06,103.80019158598732,93.88512061606265,98.00268049279059,100.30296217333377,103.63792897695487,104.23281236146539
2023-01-09,109.17219082722829,94.79922672513193,98.76571753706968,101.79445458052155,104.06171677583504,103.791883224116
2023-01-10,111.13517601920854,95.52131107466093,99.21454202749447,104.71918325117645,104.52545315938417,106.6137581317596
2023-01-11,111.77784438322351,98.40970742538941,102.69299012615485,110.80167405736483,106.7322244010227,106.53359817216534
2023-01-12,115.34054652950871,99.55337500759015,102.25537609984326,111.01141573275038,106.6682470593334,109.59597763838221
2023-01-13,118.05098014053065,99.85391542618906,103.36625709031625,114.33232707468726,107.74765359498146,109.81239472141236
2023-01-17,123.66053559013177,100.32138999255822,102.43492489679981,111.92030225275164,108.69112069750204,108.51370712480255
2023-01-18,121.39014749663937,98.42640411531157,102.24416563573004,111.23281219287841,108.10745163421005,106.63780858761693
2023-01-19,117.11492361632139,96.80688414547434,104.40978029217682,109.15870500850818,108.15545947640159,109.14700288932477
2023-01-20,124.61754411922692,100.26712083759348,109.98652844227752,113.31857416199121,110.23426361669924,111.72837323839511
2023-01-23,134.0761524587525,101.25217969096909,111.97262021193133,113.63318223007151,112.82481198273754,114.85489548016167
2023-01-24,134.57909405213445,101.02678420245532,109.62745675852798,112.23491032083194,113.96016143847689,114.75068506471011
2023-01-25,134.9842863301789,100.42990210132656,106.84469655225544,113.23700844878547,113.42445054552729,113.43595560426523
2023-01-26,138.3303976267214,103.51447309563247,109.42549567006618,115.61407780648952,115.10354531581424,118.08562813737981
2023-01-27,142.26332530484734,103.58124675474056,111.50134024639529,119.13306714907341,116.67865206993152,121.64504624468297
2023-01-30,133.85959499333882,101.30644229564356,108.77467554429481,117.1638352473939,114.3359538131278,117.89321215062594
2023-01-31,136.47922322945712,103.43516873121992,110.90662426151717,120.17012074125853,115.36737734250889,119.42439571378674
2023-02-01,146.30106642232897,105.49710840710762,112.69076357943038,122.52388941947348,116.27888061010938,122.75133019443419
2023-02-02,151.6521069818183,110.44326534852556,120.89317861395826,131.56607325054435,120.58847233110362,151.33076206935846
2023-02-03,147.39783510638617,107.8345270909853,117.57181520042201,120.47308291459228,123.53080915069708,149.5350481715576
2023-02-06,147.32098438100815,107.17504386565643,115.46230468486849,119.06315622061024,121.3160407413474,149.15824946986268
2023-02-07,154.8934716076631,111.67878110102387,120.78097896889295,118.9815905074045,123.65072941247763,153.6155306960139
2023-02-08,155.117026428437,111.332336248147,111.50134024639529,116.58122047021145,121.46797450989718,147.04983028633555
2023-02-09,156.03910159565743,110.0341997205777,106.60906952456924,114.47214893161362,120.62839607984799,142.63266605966723
2023-02-10,148.55047580347232,109.817175503041,106.11535135736439,113.73805751276225,120.92472591384096,139.61037891314274
2023-02-13,152.20396329406378,113.24819135022378,106.16022776070201,115.98695090828643,123.19891427272157,143.8431851046605
2023-02-14,160.4680402804631,113.60296817233603,106.2387701032641,116.17338301418691,122.67841538357035,143.88327742435288
2023-02-15,159.02200474631684,112.69495383322659,108.77467554429481,117.87462598675621,124.38403492129682,142.0234207510023
2023-02-16,153.6989269008052,109.69471127597754,107.17011957022294,114.36728253891886,123.08681732718014,138.23953994896095
2023-02-17,149.40969495603517,107.98327108264967,105.86847931868016,113.26030912827456,122.15792891238146,138.59227585490333
2023-02-21,144.28919321894838,105.7278685833602,102.99595766901113,110.20741338543583,118.89878503898805,137.9509468185683
2023-02-22,144.98079633242435,105.24247242278666,102.83886434716578,111.61734007941789,119.24312271517255,137.1813322311339
2023-02-23,165.30911518374702,106.6065965746305,101.9860831329326,111.65229554364949,119.63548065151089,137.9188630908982
2023-02-24,162.66849488154807,104.2842501086857,100.01120182739203,108.94896333312265,117.4814112418074,136.59613737832632
2023-02-27,164.1704424899181,104.67758848967273,100.84156211339877,109.25192550645639,118.45032274904874,135.91472836219418
2023-02-28,162.17949458396015,104.36793006700489,101.05475093941617,109.79958481940729,118.04193322340126,140.24371169735076
2023-03-01,158.560953808975,103.04983480495432,101.39139305821807,107.39920589221823,116.360292770846,139.02515938054466
2023-03-02,162.86410034207586,105.07511250614827,103.23160197013974,107.35259564324411,116.8407809855168,139.91501390737045
2023-03-03,166.88786010256868,106.82419066742153,105.08302134617465,110.58028648723277,120.94072024926328,148.50889950161016
2023-03-06,164.54070140608786,107.48532456590081,106.74371600802455,109.24027072171387,123.18290751933694,148.22831496323977
2023-03-07,162.71010510922451,106.3471723281153,105.31867428402447,109.00722836683929,121.39717970691373,147.91567137698976
2023-03-08,168.94943589497743,106.15886458316344,105.75627967361486,109.43835761235687,122.41416114615804,148.28442446697667
2023-03-09,163.74417802340335,105.5814237435839,103.59066501716808,107.49242639016646,120.5883854053676,145.65496554608694
2023-03-10,160.45335117569925,104.02062057581112,101.69434332763194,105.72128137912998,118.91479179237265,143.90734022010548
2023-03-13,160.46034853105948,106.2509158124597,102.23294653489563,107.702168065552,120.4923076311731,145.02165744166945
2023-03-14,168.12493644458362,109.1256089559237,105.44210166664536,110.5569769177477,122.18994241915068,155.53954248480943
2023-03-15,169.27779080137546,111.07137268341616,107.84335198749955,112.0950795739096,122.51025133831483,158.5297459036638
2023-03-16,178.45151063087235,115.57384571275968,112.56731028664586,116.56956568546892,124.80045886854234,164.28571472642483
2023-03-17,179.73714114099758,116.92540640784767,114.02603522331279,115.2994608484132,124.11979310184678,156.81416728566666
2023-03-20,180.9598088066124,113.91261349442333,113.57718482272439,113.85457869019955,126.04167145275629,158.5778344754832
2023-03-21,183.04890663985594,114.5611970367273,117.72890852226736,117.23374617585709,127.54713827438258,162.06511355510963
2023-03-22,184.928377594388,113.93774040793505,115.98968015457658,115.00815345982198,126.3860091289408,160.18116940621596
2023-03-23,189.979867246548,116.18472578421549,118.49191101966167,115.0198082445645,127.26682761173652,163.7646256294812
2023-03-24,187.101283447175,117.40241164657333,118.3123794961475,114.34397296943379,128.32386939731035,165.1515187973933
2023-03-27,185.3685299417704,115.64914784981153,114.96858651766364,114.23910657673902,126.74631630462305,162.61024076801533
2023-03-28,184.52314525514873,115.16793732472652,113.3640046334282,113.30691937724866,126.24186142274331,160.8786326260784
2023-03-29,188.5335779915013,117.37733713538383,113.76795272051537,116.81426282508605,128.7402685086313,164.6224211084274
2023-03-30,191.3213564159706,118.85860667858425,113.20691131158284,118.8534145452247,130.0134821816522,166.61857192489964
2023-03-31,194.07417477110204,120.63697118769667,116.39363687838495,120.356561737155,132.04746989606537,169.90540174595944
2023-04-03,195.3877012265469,120.189271947681,117.10055250832838,119.33116292971239,133.06445133530968,170.81131047651553
2023-04-04,191.81041012848493,120.1682979182064,117.50449195869437,121.12560862023795,132.63202063467955,172.13403618908742
2023-04-05,187.81394539538965,118.9799311551391,117.22397989094931,117.80470616829706,131.13456339872673,169.5366363160773
2023-04-06,188.90389032259745,122.01782478091407,121.65620702151614,118.92332547368787,131.85526467582721,173.24034481862915
2023-04-10,192.6907548844445,121.09309410101163,119.43446231401253,119.0515014358677,129.74925278016445,172.15809898484
2023-04-11,189.82613908832872,118.34810325536982,118.2114075886378,116.42973493854656,128.76429726565163,171.43659764901548
2023-04-12,185.1169990532872,118.62425039296829,117.41472187857669,113.99440943712192,128.2037628660955,171.5568499283021
2023-04-13,184.8934175250501,121.2813756448024,120.54532603104313,119.31950814496987,132.57596595292773,176.64742691897558
2023-04-14,186.95453929058434,119.73313593378548,122.16113565283422,119.4476841071497,132.2957173800931,177.5613319016587
2023-04-17,188.6593434357429,120.84621366038147,118.90709548102565,119.71568192625588,132.31168687959084,175.45293739792208
2023-04-18,193.30561410239523,120.6662640858261,117.25762855673135,119.20298696753258,133.30466439773937,174.67535123815117
2023-04-19,195.1501116338578,120.69973606915376,116.8985568729818,121.53344607626249,134.23356523050037,172.9196679605664
2023-04-20,189.37200538395751,119.72058557761017,118.14406707346774,120.96247719382653,133.44882452189916,170.81131047651553
2023-04-21,189.47680546958162,119.57413418754359,118.27873946708667,124.63295206807533,132.1435352522976,170.66699540147633
2023-04-24,188.93882368447214,117.9045175976496,118.90709548102565,123.7590299023016,132.3917951542876,170.58682310198682
2023-04-25,183.34232818437926,115.24744474813772,116.52827472511909,119.51759503561289,131.14259782032477,166.38608829824392
2023-04-26,188.33793246977868,123.59535739006043,116.37118140327374,122.32580252883048,131.13456339872673,167.86918328958532
2023-04-27,190.22441413340258,127.5538288117007,120.7248489178361,127.96550930475877,134.85817631544407,191.2457944865718
2023-04-28,193.8785292493794,128.57065657293137,120.44432821336986,122.87345295178538,135.8751329187638,192.656725770446
2023-05-01,201.99029357310937,127.85929504858973,120.28724352824571,118.91167957894133,135.80308390158964,194.9494906492284
2023-05-02,197.09944931213928,127.79651706655206,118.17773301269219,120.75273551844101,134.96226367531202,191.7909340393728
2023-05-03,194.24885493420717,127.37389233772589,118.27873946708667,120.77604508792605,134.08944236022745,190.01924591763873
2023-05-04,192.5719867955631,127.79651706655206,117.47081738274873,121.1838736539546,132.76013675156787,187.20540428180792
2023-05-05,200.38330551194633,129.98918743583582,118.45826235387963,123.11815898139848,138.9901663398466,186.6121638172923
2023-05-08,203.67413235965043,129.15226994741886,120.9268272797403,123.31624587204149,138.9340868221702,187.00497970303178
2023-05-09,199.62174219859975,128.4618562513907,120.45555595092546,124.23677828678932,137.5487886215702,187.08515200252128
2023-05-10,201.81561341000423,130.68379331764277,125.39272034953157,128.39664744027235,138.98214433621087,186.85266837586556
2023-05-11,199.67064356373172,129.76321552177745,130.80115607695248,130.7154517642597,139.1342767921572,189.0251686354661
2023-05-12,198.00777013580813,129.28618408189067,131.85593292653226,128.47821315347804,138.38054373538017,187.43786322867314
2023-05-15,202.2906857655297,129.49120816763556,130.73384147194602,129.5735228893838,137.97960498710333,191.48629904514507
2023-05-16,204.1073140591358,130.4452710474091,134.1000812888199,132.1370332429843,137.97960498710333,191.45421531747496
2023-05-17,210.84963985319706,131.67817978437623,135.59244625454767,134.5840135291515,138.4767581071598,194.39635484430045
2023-05-18,221.32994219770507,133.5736634836841,137.82540142616452,137.6718736262178,140.3691810515307,197.8916054962634
2023-05-19,218.4373770413432,133.49819103908501,137.74685908360243,135.45793569492523,140.45739825559917,196.92161568963385
2023-05-22,217.8225445308557,134.68917791826405,140.31643910057875,134.01305353671157,139.6875963556261,199.07005315348184
2023-05-23,214.41292288680702,132.20657860063397,137.52244252002944,133.9897439672265,137.57061939926618,197.80343694464685
2023-05-24,213.36489532310256,131.615270796533,135.65977813299654,136.04055047210767,137.79514857533064,199.78355823717934
2023-05-25,265.36116135267156,136.67691590586685,138.55476389449797,134.00139875196902,138.71733129049574,202.57333707725755
2023-05-26,272.1104845020931,139.59985193723853,139.8227122966527,139.95572248597358,140.67390542802792,210.06897199355882
2023-05-30,280.250171478606,138.89530271478745,138.76794408379416,141.76183185123764,142.17343646368224,210.453729927695
2023-05-31,264.3410965029448,137.7127395089077,137.87029510294454,140.50338179892447,142.13333886346587,212.21737243772102
2023-06-01,277.86767880830234,139.46981557461208,138.82405686140862,143.05522847778644,144.41066896680442,218.5425806287214
2023-06-02,274.7724440673944,140.65240498165298,139.89002690165918,144.7797721298448,145.1003005022693,218.5425806287214
2023-06-05,273.68251249391824,140.87888781835312,141.39363687838497,146.00326671792638,144.00169579692957,217.5645698901743
2023-06-06,270.0703280951763,139.93112631782833,142.8523359048883,147.52971458934573,143.70501825999264,217.34807876777262
2023-06-07,261.85983963370177,135.61174700237427,137.45511927830177,141.2607827872609,142.59040680126827,211.31954633855875
2023-06-08,269.0920337179052,136.4001530409821,137.0511625544934,144.7797721298448,144.79555128984754,212.10517811003768
2023-06-09,270.90875548763256,137.04174087326766,137.1521603721667,143.8242842508654,145.10832250590505,212.40177983245258
2023-06-12,275.8840086860682,139.16374671101735,138.7342867812909,147.48310434037165,147.37763060560786,217.29198160393094
2023-06-13,286.6448729315654,140.1869413543996,138.94749288075073,147.58797962306238,146.99273586460248,217.5084233667516
2023-06-14,300.4453669795735,141.46599033609476,138.76794408379416,147.3083181292177,147.50593299193045,219.13583343313223
2023-06-15,298.0416952909468,145.97826259969625,140.36131550391642,148.11232936652823,149.15782000685223,225.9339310901995
2023-06-16,298.314138123121,143.5585460687483,138.61085076194883,146.22465428805845,148.28375689553923,225.26858861769296
2023-06-20,306.11226335268,141.7637141298735,138.12836896902076,146.5625719256238,148.35594251029852,227.9380781587988
2023-06-21,300.78070588760016,139.88080698790208,135.26706642018615,145.4556074049755,147.5139301596416,225.78165678271907
2023-06-22,300.64102585502775,142.45985277960585,138.18447310991402,151.6546193886012,149.9516754997702,228.37910601531024
2023-06-23,294.939115997657,140.49306262031655,137.275561844624,150.69914039961776,149.69508314508738,231.46548657780338
2023-06-26,283.9197235083164,137.80078851084326,132.78723920988512,148.36868129088788,148.56441526112926,223.24035407355058
2023-06-27,292.6122282657502,140.30436185794792,132.7760287457719,150.52434529846784,150.80164776425144,230.11863637000266
2023-06-28,287.3087136370377,140.8411319451827,134.8518819588222,150.36121387205642,151.75591849395946,228.70771742602375
2023-06-29,285.2473515043346,140.50565227823353,133.6400204241183,149.03286178127607,152.0285300199892,225.69345121141677
2023-06-30,295.5889619924088,142.80792210447203,134.3132787515585,151.89932541821432,155.54080163658807,230.06253920616095
2023-07-03,296.3645734314023,141.73856101520067,134.5377039518527,151.7361939918029,154.3299509701595,229.29294929851704
2023-07-05,295.6938422004225,141.80566218882274,136.613557164903,151.92263498769935,153.42381226226587,235.98687355981855
2023-07-06,294.19846462800143,143.1140302698084,134.7733482529813,149.5688663094844,153.80871942123355,234.07887895506752
2023-07-07,296.9934540675366,141.41565790558792,134.06643262303785,151.2234901430836,152.90260554926448,232.90843988987135
2023-07-10,294.73651318176894,139.15533613829865,130.66650095677596,148.1356300460173,151.24270894866922,235.77040711720736
2023-07-11,296.3086747109101,139.42368843046464,131.44074846516827,150.05826058871864,150.8177041894852,239.1294006457344
2023-07-12,306.7691334102553,141.40726043344972,133.4492870732121,152.41202926693362,152.17287641358323,247.98779189482363
2023-07-13,321.26840152561044,143.69696680293237,139.74416131736945,156.4903327072109,152.79032233428882,251.25060827971186
2023-07-14,317.71871259077284,144.77890444954014,140.73158901505795,156.93310784747504,152.91061513493793,247.61103021281446
2023-07-17,324.6503942989715,144.98440015618513,139.86759733671158,155.62805643618373,155.55682080793497,249.01397758445688
2023-07-18,331.86851355006485,150.7547080702655,138.86893326474626,154.77744383989508,155.3483232211797,250.16030449431943
2023-07-19,328.9546758992587,148.9053777162662,136.9277265351513,157.72547319003905,156.44691550855717,253.33496466748642
2023-07-20,318.0750435648801,145.46245344135548,133.752237342626,151.43324070846512,154.86720169043238,242.5204285423505
2023-07-21,309.61305092238564,144.16243043018574,134.67235043530803,151.47984206744326,153.9129682146112,235.89866798851625
2023-07-24,311.7302850681177,144.7244060344156,136.36669376293997,150.0815701582037,154.56247731393515,233.77423162094456
2023-07-25,319.18607403428985,147.18600512140995,137.12971353377665,150.46609804474318,155.26009359914892,236.0670581992033
2023-07-26,317.59983767203863,141.6463198274863,145.05160786383829,149.3241602798713,155.965756723923,239.3538633404726
2023-07-27,320.73035297184293,138.6898332093036,145.1974993582916,149.44069034730458,154.93937488722938,249.8877655676571
2023-07-28,326.66974559205005,141.8979295776982,148.76569162690606,154.05500720578624,157.03227341471984,260.9267150279502
2023-07-31,326.52309491158064,140.8705034467955,148.92277631203024,155.7678782931101,157.52943895273862,255.41122608397185
2023-08-01,324.97181861866727,141.04661455124713,147.60994286981662,153.4490828591187,156.85585142454516,258.7061261965302
2023-08-02,309.3335573199248,137.3395170693687,144.05296106531537,149.39408898832647,154.42617775990144,251.97212195543162
2023-08-03,311.0525297743146,136.98725555872372,144.13149477115624,150.20974612038353,153.29554712983017,251.07424649668832
2023-08-04,312.205464253496,137.456937572917,143.7499935224591,162.63109743711195,145.9342287594791,249.10215847596865
2023-08-07,317.3553575538421,138.43401817273232,147.5875046681478,165.71894864418226,143.4163378907669,253.77586912504526
2023-08-08,312.0936133975853,136.73142742157188,147.44163044713687,163.06222668262956,144.1781177871042,250.63331735933892
2023-08-09,297.34983845657035,135.12951463200565,145.4891959799863,160.6269011812049,142.88710917412976,244.67692395780176
2023-08-10,296.1899066220287,135.4230331394251,145.52289646609552,161.4542042080085,142.7106871839551,245.1018359111066
2023-08-11,285.4779170342003,134.61787145828262,145.37702224508456,161.27942688685053,142.75884404169406,241.81498141025628
2023-08-14,305.7279429571318,135.88853606842014,147.3630708311324,163.79632699147692,144.099822534901,245.4625557292807
2023-08-15,307.0346323019957,134.97431205412585,145.62385973688401,160.41715061582335,142.4858475588335,242.0635069007471
2023-08-16,303.8623198222725,134.64652242796467,144.4120327490649,157.38756444246968,141.7792406689258,235.92273078426885
2023-08-17,302.8700841492074,133.16729657533136,145.78096169545057,156.117450715418,139.715623696502,228.54732346746368
2023-08-18,302.5556304774086,132.99917682502058,143.02064832756804,155.23188265489773,140.10909924944593,227.0723357873066
2023-08-21,328.18608852308864,135.2684855905732,144.04173332775977,156.93310784747504,141.19308801317695,232.40341733655333
2023-08-22,319.109183247717,135.51222189186925,144.8384104010997,156.43206767349426,142.30917720941315,230.55959018714253
2023-08-23,329.2272789762121,137.42016424328853,148.53006459921986,157.9119141859355,145.4327169346608,235.8826508044717
2023-08-24,329.55562052887853,134.46583922089798,145.62385973688401,153.62386018027667,141.6266860022618,229.87813181142934
2023-08-25,321.5548657759683,135.73077887733135,145.7360852921129,155.27848401387584,143.4172692379382,228.87605827712974
2023-08-28,327.2637195737729,136.0333367853363,147.00402505754647,155.1386621569495,144.68598760861215,232.6920228068412
2023-08-29,340.88252274958404,138.01271660254258,150.99866407196532,157.20112344657323,147.8416153484027,238.88889608716113
2023-08-30,344.2365528089675,138.1724126795541,152.46859947274544,157.38756444246968,150.67608974759375,236.57208075252137
2023-08-31,344.8724308004621,137.7395301961504,152.79399658054936,160.81332439710937,150.85273526108952,237.20538885693884
2023-09-01,338.96094747930624,138.11777015804344,152.22172743406122,160.9415003592892,152.12945079947463,237.59821708257357
2023-09-05,339.23349714133326,140.17275342565443,152.34514617996092,159.95106590607418,152.32217757412872,240.62050422909803
2023-09-06,328.8700399483558,139.89119574828518,150.8752107791808,157.72547319003905,146.8700339792702,239.83489713740963
2023-09-07,323.139740057596,138.64309033786986,151.7728770334728,160.6269011812049,142.57417652456255,239.43404797985735
2023-09-08,318.4646253306801,140.47533753482054,153.02960633479316,161.069676321469,143.07201263254467,238.80876080735737
2023-09-11,315.7112995337478,142.01764268284433,153.63555869394813,166.74435634162086,144.0195031548454,246.56083108700963
2023-09-12,313.55889165897213,139.42472337632879,151.8626471135905,164.56536498456384,141.56244788336454,241.8309739145103
2023-09-13,317.8566833457,141.2275859710861,153.3999316662619,168.78350806175953,139.88428446024892,244.5566840184104
2023-09-14,318.52754811399575,142.33702173628674,154.95960260027493,168.63202253009464,141.11278105108366,249.89581117936513
2023-09-15,306.7804306671918,138.77332320920468,154.1741619012118,163.58657642609538,140.5266035594102,240.74878978019746
2023-09-18,307.2416418493129,138.2858637071931,155.08305589305942,163.10882804160767,142.9034139586092,242.54449133810306
2023-09-19,304.1249343079866,138.11356487168408,154.89227072182607,160.37054925684524,143.78666636201265,244.56472963011842
2023-09-20,295.17307337535,134.80202631919735,150.06731460500646,157.64389858683734,140.9120571087184,240.23569693538084
2023-09-21,286.63354896716567,134.28092452631086,146.36444130605187,150.69914039961776,139.6594075812405,237.07712798562994
2023-09-22,290.7775323732846,133.22189979510037,146.1512352065921,150.45443437000466,140.34997046387673,239.76270875015183
2023-09-25,295.0542518715422,133.44463586576072,147.1162506127754,152.9596885798845,141.38578995190647,241.16558208242273
2023-09-26,292.8809854680019,131.1753271002081,144.26616716477517,146.7956231704944,138.07759512748962,239.66653160651305
2023-09-27,296.77335786324807,131.4484873054392,146.4766668612808,146.7956231704944,136.84904886480578,238.68847150838496
2023-09-28,301.112973437358,131.8057008355354,148.4627499942134,146.7956231704944,137.0578444826559,243.6748751032926
2023-09-29,303.9781500902011,132.69241363065623,146.8357299083091,148.12398415127075,137.475386046507,240.66855578123167
2023-10-02,312.943979026095,135.23489570202048,150.54983094481932,150.85062593128265,139.51489975413676,245.96762764217982
2023-10-03,304.10394224190594,131.700634179454,148.59739647766872,145.32743144279567,138.4308737365189,241.25378765372503
2023-10-04,307.7657758147496,134.04139351137417,151.7504561052464,147.9841534043484,139.4426147956792,244.97350100042615
2023-10-05,312.2871089685197,134.20947395994327,151.55968820745542,146.77231360100933,140.44633385120375,244.34026693538024
2023-10-06,319.79233344908795,137.52940998456816,154.37612298967358,149.10277270973924,142.51798524522556,252.86997273438442
2023-10-09,316.37514023922006,138.60524276063555,155.31864837386087,149.45233624205113,143.72244066107766,255.21889647648482
2023-10-10,320.04397116742393,138.0042929292433,154.91470892349489,150.87391772077572,143.2406609783293,258.00867531656303
2023-10-11,327.0880378807975,139.69789668214042,157.70868823060184,153.61221428553014,144.37281901776154,262.80262590503105
2023-10-12,328.05938831763484,139.16839741711573,155.9358284705714,154.1948290627126,145.103516754501,259.86856900959936
2023-10-13,317.68890706183385,137.72694053823344,154.12926822443177,151.23513603783013,143.6099960125923,252.27671992997358
2023-10-16,322.11943484070036,139.79034747914372,156.08170269158234,154.45118098707226,143.50561062162953,257.4555024919493
2023-10-17,307.0459562663955,139.54658497668652,156.7773733105278,153.19273093475908,142.24495150847818,259.74025877870946
2023-10-18,294.8725877068084,138.72711746157387,154.80253518859317,149.30086849037824,141.19308801317695,254.1045298953398
2023-10-19,294.2087202938729,139.23560339538227,154.56689088746455,149.61546766846254,140.8879786798489,250.76957448277483
2023-10-20,289.21915189515823,137.2814814974933,152.15441282905476,145.8517811862615,138.8163272858271,247.4346437500004
2023-10-23,300.3163432248207,138.39510944847277,153.1642528182485,147.4714495556291,138.91266583722955,251.73159271706785
2023-10-24,305.12419404387515,138.90363468402285,155.75627103689365,149.80190866435902,139.26595686422115,250.5612030114527
2023-10-25,291.95853639629655,143.1649129246987,140.94480375123894,141.44721489316137,137.38706949874026,240.12342856832598
2023-10-26,281.8047060820305,137.79417271766107,137.20824723961752,139.326497459817,134.00656487994127,231.1608392436804
2023-10-27,283.0206434669172,138.60103747427618,137.0848112202754,148.84642078537956,135.07449721843855,237.8788263007345
2023-10-30,287.63985947334083,141.75287994975142,139.65440851069414,154.63762198296874,136.73662905224498,242.63267222961485
2023-10-31,284.9773390513122,142.08908014863133,139.22802222193818,155.08039712323284,137.1220577656286,241.5183796878414
2023-11-01,295.77412483482266,145.43424789141244,141.8873377721474,159.63644894799788,139.69154526763253,250.00000925492145
2023-11-02,304.02702474786986,146.37978229324222,143.05429699335005,160.88325310556453,142.58221094616056,249.21437748344246
2023-11-03,314.50230608929496,148.26247982592474,144.86085723948972,161.5008233469786,141.84347878782307,252.20458090229684
2023-11-06,319.7155227849047,149.82997739036304,146.1512352065921,162.82918432775494,143.91515501776948,253.16657445679934
2023-11-07,321.141113755966,151.51099148534317,146.9591659276512,166.2899175266182,145.99481599746474,255.58766190636698
2023-11-08,325.4667346193556,152.63305621020248,147.9353745245053,165.55581721777085,146.85397755403648,256.3571777746393
2023-11-09,328.0943216795095,151.5782236647708,146.14004201592127,163.83128245570848,146.4685736765774,256.97449337480276
2023-11-10,337.77291939347083,155.352016202274,148.77693663790407,167.28035197983323,149.86956793314567,263.56421956054794
2023-11-13,339.76452163227736,154.09547401797886,148.2158434086444,166.15007788969987,148.58314154825416,263.90092594255054
2023-11-14,347.00427392856835,155.60414997570825,149.93266812155116,169.89047258240782,150.7057438415289,269.60879385359686
2023-11-15,341.63738248966575,155.66732097516268,151.05475093941615,166.86086862906217,151.16404115759747,266.7227885102988
2023-11-16,345.77436854042446,158.4044645730498,153.64676915806132,166.4297393835446,152.53088626624285,267.90924475953955
2023-11-17,344.5025591425088,155.74313403485633,151.82898117436608,169.168018168307,152.5148298410091,268.5907031352527
2023-11-20,352.2663919893101,158.93925647262023,152.88376666066702,170.27500046894727,153.92986906128027,272.54287542881906
2023-11-21,349.0168682334555,157.09907032385092,153.69166283484137,167.67652576111922,153.27860902927424,270.1459001345851
2023-11-22,340.43538640057307,159.1119221243849,155.39722526330772,170.95083574407798,153.81732506909665,273.7613907259394
2023-11-24,333.866525580041,158.93505118626084,153.37747619115066,170.9857912083096,152.73993024333868,271.14799834867523
2023-11-27,337.1230199837926,159.43194310627473,153.0632722740176,172.13935708793602,152.59519889291383,268.31813952879986
2023-11-28,334.18097925183986,161.154224030015,153.9497280641964,171.32369995587894,153.08564631333672,271.75726833713065
2023-11-29,336.4102512057251,159.53300098470513,151.46993540078014,170.49639692907533,152.25751724451376,266.3139677804101
2023-11-30,326.8364535773879,159.55827200460303,148.70957021257044,170.22838132997717,152.72383656421806,262.26549494425234
2023-12-01,326.80152021551316,157.70545689617506,147.95777817928933,171.32369995587894,153.7610344460614,260.39765435867
2023-12-04,318.03135015507354,155.44416568592445,145.05160786383829,168.771844387021,152.30572377410186,256.5496061012885
2023-12-05,325.43949300688445,156.86745205957175,146.98160412932003,171.148922634721,155.5137801506572,255.16277463285263
2023-12-06,318.0103580889929,155.300976340417,145.89316997723705,168.39898017522003,154.62939771268586,254.48933718905698
2023-12-07,325.64914659305913,156.2063443622536,153.64676915806132,171.148922634721,156.19723995886673,261.816569554776
2023-12-08,332.0088879766807,157.58756477172665,151.46993540078014,171.77813877088158,157.35499141856718,266.7548722379689
2023-12-11,325.8657441196676,156.3536996923787,149.5623773369672,169.99533897510258,155.32081743471971,260.7664197885522
2023-12-12,333.0642333853038,157.65070957001996,148.698394295342,171.84804969934478,156.55099045046285,267.9332828755016
2023-12-13,336.0764346231013,157.64649118308003,148.75449843623525,173.43276260448079,159.16406500008506,268.3501738968889
2023-12-14,337.9074715931075,154.0924346832892,148.04754825940702,171.77813877088158,159.284655831829,267.09152926039053
2023-12-15,341.68136968156756,156.1136970565419,148.7881471020173,174.74947769051062,158.85047419851676,268.4945013118234
2023-12-18,349.9771083655987,156.92219938572686,152.37884666607016,179.52692597540369,157.49971035102973,276.27065906701876
2023-12-19,346.67133869223034,157.1790755693234,153.33256524092823,179.20064534258887,158.34394551693555,280.87220600862815
2023-12-20,336.23710672175434,156.06736030310552,155.22887829374318,177.25471412039846,156.64746559945044,280.00641427755494
2023-12-21,342.3802505787674,157.29696769377185,157.5628312830333,179.25891037630552,156.52684993178192,283.86245878706353
2023-12-22,341.26211592414467,157.73489390069068,158.7634909903452,178.7695160970713,155.65851150108202,283.3012897103228
2023-12-26,344.40002919125726,157.76862789562952,158.79712238268482,178.75787020232474,155.21629544617178,284.45563755210287
2023-12-27,345.3644891025872,157.5201622847517,157.50672714214005,178.67629559912305,155.29670175196338,286.8606090984639
2023-12-28,346.0983033616617,158.02968316442428,157.3496424570159,178.72291473809315,155.642442657886,287.25351136347024
2023-12-29,346.0983033616617,158.34971724689467,156.74372464474575,177.0449813350089,154.79820749198018,283.75823603171676
2024-01-02,336.63544853548626,156.17262346789528,155.038144942837,174.70285855154052,149.25852968097882,277.60943898332096
2024-01-03,332.44918721511067,156.0589497303868,155.87972432967817,173.0016333589632,148.1409379113062,276.1504438074179
2024-01-04,335.44742044965085,154.93882389145017,153.04085134579117,168.45724520893668,146.2595296994816,278.2747814558275
2024-01-05,343.1280862560256,154.8588186459777,152.3002870500657,169.23794687676218,145.67255745822195,282.1468431493807
2024-01-08,365.1846584052026,157.78124375470762,155.78995424956048,173.73573366781054,149.194179800421,287.5260009305515
2024-01-09,371.38370098270775,158.24444098152432,158.15752135774787,176.38079195462475,148.85649815202095,286.53999393987743
2024-01-10,379.840111765392,161.1837265374334,159.6498949601968,179.1307344141257,149.7007208999645,296.9937362074677
2024-01-11,383.1388039610106,161.966970947301,159.4254783966238,180.8203137119565,149.2183079011396,296.35248121050427
2024-01-12,382.3560616293409,163.58397560567096,160.0650794215608,180.16778800631084,149.48363008330838,300.2164479327683
2024-01-16,394.0413245913574,164.3419489956407,159.8855738082102,178.46656281373353,147.64243123336072,294.5807684089797
2024-01-17,391.7420523764067,164.00508066715233,158.74100096834917,176.77698351590274,146.87861479120875,295.31022897724546
2024-01-18,399.10818438859303,165.85789577558023,160.99639434163484,178.86273659501953,151.6625229996184,301.5311650533179
2024-01-19,415.7694483580151,167.8791712494135,164.2504517868858,181.00675470785293,154.01833462459444,307.3994269229243
2024-01-22,416.908628493645,166.96961104179812,163.812829123853,180.3542290022073,155.89169599685874,306.0605482874601
2024-01-23,418.4391797951097,167.97601074090397,164.99103335605366,181.79912005041695,156.9288690427775,308.80232493498573
2024-01-24,428.8454223441447,169.5172285407414,166.85369774308657,182.78955450363196,156.38213099931937,313.2115175893175
2024-01-25,430.62761136394545,170.4899859489723,170.41067954758782,183.81496220107053,156.11683365307516,315.1996227940818
2024-01-26,426.5321287110104,170.09412570622771,170.76974259461616,185.4113210009531,154.7097667645906,315.96923738151617
2024-01-29,436.55405086449724,172.53231405576355,172.2508884595095,187.9049115360944,154.1550067174967,321.4846769659134
2024-01-30,438.7135896319491,172.05644856754648,169.9506359563286,185.27149914402673,151.1881568403538,320.71511173806005
2024-01-31,429.99859719049505,167.42019240953672,157.20378550944736,180.84362328144155,148.26151632508783,312.76256752005065
2024-02-01,440.4817839410294,170.03098090793443,158.39318293231887,185.59776199684956,150.23942452182465,316.4823302263328
2024-02-02,462.37765728409005,173.16394544682444,159.76212051542572,200.198086890643,149.42733946027315,380.7840436269593
2024-02-05,484.54597345932496,170.81843060416145,161.2208281786502,198.45024255909559,150.89869413950413,368.29404588330914
2024-02-06,476.79541422173753,170.75108051950875,161.69209950746506,197.09857200883417,152.20122662147853,364.5342278770204
2024-02-07,489.9063215697418,174.35567905909534,163.30789185581375,198.70659448345523,152.28966734886814,376.45503561201224
2024-02-08,486.70553893424,174.38093697841265,163.72305904373533,197.9025832461447,151.41329449657022,376.78367170251624
2024-02-09,504.1216893512069,177.09279645582134,167.19030531500368,203.2742922029668,152.03318675584586,375.268554682981
2024-02-12,504.9252635041781,174.865226139929,165.5408124805458,200.81565713205705,150.66459071451837,375.90186278739844
2024-02-13,504.0867025744058,171.1005909082364,162.85904145522534,196.50431133690515,148.9659376536335,368.8632358919674
2024-02-14,516.4708464336222,172.7543164939126,163.75672498295975,199.23094422692108,148.2494336477851,379.4132046627775
2024-02-15,507.79065381672683,171.51822431586967,160.1997604519009,197.85598188716656,148.01598837480043,388.0310913532935
2024-02-16,507.47614673000163,170.46353587682415,157.6750395648198,197.51805535960523,146.76816943465116,379.44526371065706
2024-02-20,485.38464121895004,169.92776143371182,158.34830652898123,194.68655607689456,146.1643956904207,378.18669311353017
2024-02-21,471.5469169672313,169.67038742805408,159.9528711397743,196.44604630318852,146.77621627421144,375.6025462880269
2024-02-22,548.884733059239,173.66559287758116,161.68087176990946,203.42577773463168,148.42656346181,390.1281084736025
2024-02-23,550.8346449479795,173.11293178612857,161.5350148223409,203.90352611911936,146.9372151552289,388.4428242984631
2024-02-26,552.756567415279,171.9316786383047,154.36489525211798,203.6005550557896,145.8423730924613,386.6050436977286
2024-02-27,550.0238597799425,171.90635521608456,155.83484792634053,202.21392904129664,147.02576764427903,390.8664044068728
2024-02-28,542.7695786236669,172.00762270380392,153.02960633479316,201.77115390103245,146.0516530108405,388.434778686755
2024-02-29,552.8963008627779,174.50511738152932,155.3635420506409,205.9659696287511,145.5122912369793,393.3381841461591
2024-03-01,575.0296302612117,175.289815955839,153.88241345918993,207.66721260132041,144.63478835011352,403.10479168621765
2024-03-04,595.7024353267094,175.04513641274272,149.62970921541609,206.92146639772653,140.96380275755754,399.8064857625682
2024-03-05,600.8115730382017,169.86870401655284,148.86668944457938,202.88976431642732,136.95463879811015,393.41037253341693
2024-03-06,619.933742789903,169.63244814675585,147.44163044713687,202.17897357706502,136.14956988524932,398.1211769076383
2024-03-07,647.6734494498163,172.6066598504346,150.78544069906312,206.03589833720628,136.05299539256345,411.04176295641184
2024-03-08,611.7425638243271,171.3747860593316,151.94122400303735,204.32300946989042,137.44570711664724,406.03403602249887
2024-03-11,599.483624552625,170.65759477664133,154.47710353390448,200.37288199179292,139.0719137855649,388.0897305355582
2024-03-12,642.3898051737298,175.19699834258006,155.40843572742094,204.3696108288686,139.45832351796898,401.05841749604645
2024-03-13,635.2259554878729,175.12105427708082,156.85593292653226,205.7329272738765,137.76774213256894,397.70386632981223
2024-03-14,614.6499916839637,179.39045487770312,160.56999941615763,208.28478284273447,139.27317170030838,394.7024336062733
2024-03-15,613.9021292992422,175.67792065489277,158.41562113398768,203.2393367387352,138.96725519943186,388.4989955016763
2024-03-18,618.2215273237045,176.0576278818084,165.70917672355273,203.30924766719835,139.85280492585795,398.83541004515604
2024-03-19,624.8122882640663,177.783105347205,164.97977107161327,204.96387150079758,141.75271590148634,398.24156492577276
2024-03-20,631.6195399011838,179.39464706348193,166.8985568729818,207.5856379981187,143.8377786947753,405.688938511721
2024-03-21,639.0489151862441,181.14122956415875,165.61942391687742,207.5856379981187,137.96094078978984,407.4865897730773
2024-03-22,658.9958114017766,180.87548428752393,169.17637117449388,208.42460469966082,138.6935508927211,408.94711509599233
2024-03-25,663.9790501317112,178.39482385581658,168.39094774887317,209.40341103812128,137.5423064452577,403.68259494176584
2024-03-26,646.918643124661,177.88434663376324,169.06418016614978,207.76043309926862,136.6245817785527,397.96070890970674
2024-03-27,630.7669308457646,177.7915290205043,169.2885967297228,209.54323289504765,139.52272307037595,396.3315465781995
2024-03-28,631.5077424601994,177.49201044718896,169.35591133472926,210.18411270594677,138.04949327884,389.6867351000238
2024-04-01,631.5566705327944,179.1162335254468,174.4726504404555,210.871593875824,136.88217998818058,394.31725611569834
2024-04-02,625.1896113042543,177.79574740744422,173.4290754182678,210.54533102300118,135.92415903386265,399.1484238282637
2024-04-03,621.7789080079458,177.37811399981095,173.83301486863374,212.54952727890824,136.57625106934177,406.66796112167924
2024-04-04,600.3991029764333,176.29389685218595,168.90707820758323,209.74131978569065,135.90810260862892,410.0225616474945
2024-04-05,615.0973416926803,179.51701958648147,171.11761245097367,215.64904216071707,136.5199107744574,423.199916236791
2024-04-08,608.9818133526232,179.1246833999072,173.75448979951406,215.78886401764345,135.61019569342585,416.70745310546727
2024-04-09,596.5481538566211,179.837643195077,175.71815200422026,216.34816922534088,136.59236958438694,414.82152223343707
2024-04-10,608.3249165875848,178.56358553457477,175.2019524517406,216.67443207816368,135.07084633752692,417.17301267375115
2024-04-11,633.3248648418748,180.53374254306766,178.87117708491314,220.2866508086918,140.91544721242204,419.84538975034724
2024-04-12,616.3414287437871,177.98983250842252,176.9860917696538,216.88418264354522,142.13110363025467,410.8090078520605
2024-04-15,601.070101282045,174.50511738152932,173.76571753706966,213.95944508289432,139.02362033024082,401.4435949866214
2024-04-16,610.9527173074443,174.90168505562409,173.24951798459,213.6098904405784,136.35891189344,401.06643842796393
2024-04-17,587.3295387814733,173.74575533002033,174.45016041845952,211.2328121928784,135.2479513156272,396.5803188665954
2024-04-18,591.774675542714,170.55214820372373,175.05611277761446,208.83244215568536,134.4750945969322,402.70354765201716
2024-04-19,532.5699450100009,168.37946932037266,172.9016999485597,203.48404276834833,132.83280666685624,386.06739446134907
2024-04-22,555.7598216529021,169.1557311208025,175.35905441030712,206.513628941702,133.50902680305396,386.59704744560156
2024-04-23,576.0631556723948,171.94432069854392,177.58078184436837,209.20530636748632,134.36237675327658,398.1291978395558
2024-04-24,556.8710123670911,172.5729127549152,178.55699044122244,205.7678827381081,136.06908907168403,396.04264495042537
2024-04-25,577.5239470799629,168.34573532543382,175.04488504005883,202.36541457296147,136.76946214452497,354.2154593837592
2024-04-26,613.1893605211748,171.41696992873088,192.94210598500595,209.29852686543455,136.29449992307073,355.7482471333035
2024-04-29,613.3430352644676,169.69992923721412,186.4340256413888,210.85994798107745,139.67569994775764,347.185347016056
2024-04-30,603.8728893008366,164.24930168992904,182.6526099998722,203.91517201386588,137.12368451868787,345.2192068248506
2024-05-01,580.3823400371514,166.6160263725167,183.86446289785488,208.5760902313257,136.29449992307073,352.4578881022
2024-05-02,599.7841369286297,167.83946338973985,186.9613838376545,215.24120470469254,139.29732463695157,354.4561860604471
2024-05-03,620.5557596079932,171.56040818526895,187.65710627692712,216.97740314149345,147.6295538064718,362.7060723945869
2024-05-06,643.9762819031498,174.4629204115495,188.62208713622562,219.8788133526673,146.28513553771205,373.71661541599667
2024-05-07,632.8916163737314,172.6910406898137,192.15664801250045,219.94872428113047,146.84060340865614,375.771035217876
2024-05-08,631.8991670409606,173.1972995249271,190.0583565977813,219.06315622061024,147.11433255129148,379.2700371979973
2024-05-09,620.2622445873486,173.9482379031368,190.70918536027392,220.81100055215765,148.5875747607897,381.53312462868485
2024-05-10,628.1669058876403,174.96917924666292,189.2391981391666,218.4572318739427,147.56378827821354,382.15912751510973
2024-05-13,631.8082548362041,174.53886447704875,189.7890290839859,217.39688649226449,150.1675990279716,375.5864797444013
2024-05-14,638.4968719217562,175.73700427321285,191.1355802857511,217.97950126944698,151.09466200231446,378.66812178711547
2024-05-15,661.3790785885133,178.80957513572693,193.57046199894495,216.7210512171338,152.94072869347764,386.4445510200065
2024-05-16,659.4851455426545,177.92625539097077,195.44431957664864,213.97110875763286,153.03745220171092,379.77562738649715
2024-05-17,646.3456077940924,177.59660548237025,197.55385600236576,215.2178951352075,153.06162997427867,378.71629673820166
2024-05-20,662.4276135940187,179.76473846426742,198.51883686166425,213.86622458494608,154.00481146366673,376.25256261062333
2024-05-21,666.6628831093791,181.32850236324646,199.5623773369672,213.41178576994344,155.06088464818237,372.873973328427
2024-05-22,663.6156683873172,181.95400268260587,197.9129363228365,213.38849398045036,153.89195702242597,375.40187491134554
2024-05-23,725.462408010316,180.46631385493163,194.73743849359,210.96481437377227,150.65129107691178,373.796874094753
2024-05-24,744.1232330425803,181.80185253999625,196.35324811538106,210.61524195146438,153.15030664295165,383.7801948753279
2024-05-28,796.0662577442463,181.86947773684065,197.9353745245053,212.2465562155785,153.15839073639884,385.1444936950231
2024-05-29,802.5241223476902,181.38345929869055,197.37429856868803,212.0950884639056,153.40023055188777,380.6824369294071
2024-05-30,772.2963484154161,175.25519112142214,193.12164614524133,208.94897222311863,154.20635499154272,374.8160260440893
2024-05-31,766.236692088388,175.44961683749497,193.55923426138932,205.59310541695015,154.98025481906967,374.6395161823227
2024-06-03,803.7472707476427,174.76914648211093,194.3110262946704,207.8070344582468,156.41518761492048,383.19437068786215
2024-06-04,813.7906122866216,175.84687884235933,195.00671418705826,208.9722640126117,156.6731583634169,382.7930772940806
2024-06-05,855.7462208772641,179.20264495481248,196.8244848973111,211.2328121928784,157.89848837386907,397.29457668390364
2024-06-06,845.6679459764106,179.41816260558494,198.30564803564684,215.56746755751539,156.77794112917275,396.25133725902424
2024-06-07,844.8990915256085,179.13501975796808,195.75852349378172,214.7518104254583,158.72071891060693,395.6092678289737
2024-06-10,851.2032813857594,180.83400784947486,196.60105291995453,217.96783759470847,155.68159649296877,403.34559240227713
2024-06-11,845.1223659180187,182.86690353826376,198.40966870573897,218.16592448535147,166.9917151081027,407.2538346687259
2024-06-12,875.1080099888583,186.40860619058765,199.72403948432554,217.76975070406544,171.76408702955015,408.3532946563996
2024-06-13,905.9324286491758,186.62838153004168,196.769572623943,214.20415111250742,172.70725610097594,404.5494232240407
2024-06-14,921.7991188807275,187.04678787192793,198.60064388483863,214.00606422186442,171.29652591361744,404.99921240618517
2024-06-17,915.5083361671064,189.49808990260308,199.10618572336168,214.47214893161362,174.6661772333798,406.98341820404795
2024-06-18,947.6609169727064,188.6401328818087,196.69090936728418,213.01561198865744,172.74755238858884,401.2477361690906
2024-06-20,914.1103607130011,188.36964519501166,198.0501910960932,216.8492271793136,169.03124123369474,403.023076899821
2024-06-21,884.6838640918625,190.0939960104802,201.79103142142813,220.32160627292342,167.26581678960656,397.4641268447449
2024-06-24,825.5510834650289,189.20225259242477,201.33041780656993,216.23165693789957,167.78981754412195,400.7817817241586
2024-06-25,881.3288725638037,190.58849052425182,206.73384423569684,217.12887089316632,168.53952718111884,410.172590094038
2024-06-26,883.4955956388582,191.0998716863637,206.56535907859313,225.60009473179727,171.90916608291894,412.19692523127895
2024-06-27,866.6505042001825,191.3915037101827,208.28410114360554,230.54067444310178,172.5943892417729,417.37020419996975
2024-06-28,863.5051662582985,188.89793920662493,204.62190680148703,225.18061138102618,169.78902254617648,405.0474367168524
2024-07-01,868.81733410509,193.0313557810471,205.56553768598747,229.78326456476935,174.73065129356053,405.4169178606595
2024-07-02,857.4240905457783,194.1090619401344,208.0931605113906,233.0459108729896,177.56829227313406,409.28893019463163
2024-07-03,896.6362016859487,194.7387937470143,208.74468021157892,230.237703379772,178.60013801323282,409.6584360182292
2024-07-05,879.5114831074961,197.6085021195757,214.1143888811542,233.0459108729896,182.4615282214957,433.7177025607689
2024-07-08,896.0769474063948,197.05061389648014,212.3506840455922,232.21859006619403,183.65463361981986,425.2106774892484
2024-07-09,918.3042870753171,194.21896271044199,212.29452808437176,232.27685509991068,184.3479036182341,425.7569893320989
2024-07-10,942.9778167142917,197.05484538400063,214.76594312822735,232.80120484337647,187.81431570011665,429.52440871386636
2024-07-11,890.4853126646057,192.17339876025278,208.463865858592,227.27802813488148,183.45307767398157,411.8595278151419
2024-07-12,903.3465052316249,191.68734102036098,207.90215078540615,226.62550242923584,185.84731047426558,400.7496239571169
2024-07-15,897.7547102450563,191.86060929883138,209.54228141408691,224.56304113961215,188.95901588145614,398.5726689953283
2024-07-16,883.2161287438605,189.9841345419143,206.61027002881553,224.91261356192004,189.29759162314068,393.4556105894317
2024-07-17,824.7123622904775,187.44829446489334,203.35251606689243,218.98158161740855,184.5091384405349,371.1234111073742
2024-07-18,846.3803408499931,186.1169741667687,199.6117102884423,214.1109306145592,180.720269132013,382.2573777611518
2024-07-19,824.2930551181281,184.73917300882147,199.5779579820059,213.38849398045036,180.82506431573114,383.01245595197264
2024-07-22,863.5051662582985,187.2031826026386,204.08269902373956,212.71265870531968,180.54294063059157,391.5356709660713
2024-07-23,856.864889681151,188.01040107492884,204.21748369473406,217.21044549636807,181.38937377582175,392.57195069002535
2024-07-24,798.5710438885745,181.26934014144305,193.9274349594437,210.70846244941256,176.17365576489618,370.5450402166441
2024-07-25,784.8014236680336,176.83162328180154,187.9173997803509,209.5665424645327,175.3272102017037,364.23098729095676
2024-07-26,790.2532715473977,179.7351573533657,187.60286766781235,212.654393671603,175.70609464896344,374.1037179302318
2024-07-29,779.9784297173409,180.3522077982647,190.44497078542688,213.4700508036601,175.9318407853318,374.11173886214937
2024-07-30,725.0395754528233,178.7419630394631,191.29872794915528,211.7338701468512,176.38325855029478,372.0873790451179
2024-07-31,817.9324056807575,176.8105051459408,192.7029551750715,217.8746170967602,179.02737800562807,381.4380087160382
2024-08-01,763.34299186484,176.28642952126745,191.82672526278952,214.48381260635213,176.02855187560283,399.8419012619579
2024-08-02,749.7830786454001,172.6432759730964,187.22093458305537,195.642035065878,177.23775095304757,392.1300837206364
2024-08-05,702.1133548867012,167.00529702324022,178.89674177965514,187.62526782224168,168.70074958545737,382.1609784993984
2024-08-06,728.6742475355856,168.89027405693997,177.81830895071784,188.68561320391987,167.05620158624566,396.90981874976745
2024-08-07,691.3493391605457,168.39156115622842,178.54847463412258,189.66441954238033,169.14413292882236,392.7567282816147
2024-08-08,733.7068416575266,170.19200014358236,182.01969379714137,193.19506366970677,171.95753404601675,409.393325708512
2024-08-09,732.1690259260696,171.59936931185072,183.86202734247743,194.52342465048312,174.3195670700973,415.93231024495736
2024-08-12,762.0149899643368,171.93325070797175,182.31177043456873,194.36029322407174,175.56243124329507,414.470378173983
2024-08-13,811.7814632444881,174.97625356016465,184.4124628577805,198.35702206114735,178.58089017169198,424.5840082484796
2024-08-14,825.3415901236335,176.1807733390609,180.15488750325173,198.20555430947445,178.94406589666195,423.15415990517533
2024-08-15,858.7520924462815,178.2639097542927,181.1996371195222,206.93311229247306,181.36528292898998,431.64514311286075
2024-08-16,870.77440359397,177.17998081944,183.06442613996947,206.315542051059,182.43869158885468,423.6843805246097
2024-08-19,908.65861966349,178.47558893496145,187.2321277737262,207.66721260132041,182.3095323631345,425.1784950424162
2024-08-20,889.4368844889531,179.8601106907353,187.80507058446764,208.43626837439933,182.80992657134723,423.13007242963226
2024-08-21,898.1739105875528,179.58066220683602,186.31096963777938,209.86949574787047,182.72115055897595,429.90196014917206
2024-08-22,864.9030882974774,175.9436659315276,184.0080570244699,205.23188709989574,181.2119210947775,427.30727505311864
2024-08-23,904.2548794702201,176.46871099916228,186.05259348646126,206.2922324815739,183.07626702642332,424.1502856099607
2024-08-26,883.9150630559867,175.0714423785047,186.6592367833119,204.49778679104838,183.350666739022,418.62349332192633
2024-08-27,896.7760419633004,175.21966234694673,184.99661613263515,201.72453476206238,184.03667222949986,417.0006983763721
2024-08-28,877.9738276208184,173.84783505373434,182.9408692065306,199.0212114415315,182.79380805630205,415.1370780349679
2024-08-29,821.9165182121196,174.9147987367634,181.73887944415443,200.5593052076974,185.4571505172516,416.29377045684697
2024-08-30,834.3581899470838,176.61687856528206,183.53626749238327,207.9934754541432,184.8195502437584,418.776063786893
2024-09-03,754.8855394910906,173.35669428858574,176.77355933444736,205.37170895682212,179.79149247887486,411.1044249445306
2024-09-04,742.3740544473035,173.1280760572545,175.75129974017287,201.96924079167547,178.24191705521434,411.89166090239314
2024-09-05,749.3636112282716,172.91212608732363,176.6387401165681,207.28268471478094,179.47674680681413,415.20124549030817
2024-09-06,718.7488995690551,170.0795840618075,169.53904437098242,199.70869261140876,178.21768961079746,401.8743066906974
2024-09-09,744.1912836588316,171.78166389032614,167.27810622268854,204.38125672361508,178.29034710812357,405.50529619049536
2024-09-10,755.584366973364,175.37207450116756,167.22186389425613,209.2169700422248,177.6446751591455,405.50529619049536
2024-09-11,817.163604644882,179.11494966855204,170.03398031587597,215.00816234981795,179.7027164665036,411.1606208275344
2024-09-12,832.8218164186401,180.79158816962553,174.00476470634976,217.8979266662453,179.79149247887486,422.22230037489214
2024-09-13,832.5420824490102,182.3115961295383,177.12063461245478,217.30366599431625,179.573582076708,421.4350644170297
2024-09-16,816.3246698106248,182.6291411017025,177.79552528020116,215.43929159533553,174.58585785332426,428.8004517388856
2024-09-17,808.0063099052574,184.24229418938816,179.21286304889387,217.75810480931895,174.96518934722621,431.24488627028086
2024-09-18,792.4878849939244,182.40475435789173,179.76404132221984,217.23373728586114,178.11277024745647,432.5554325062334
2024-09-19,823.9441488187923,185.74114471169847,182.38497528343126,221.24212979767526,184.7146184624551,449.5618319142145
2024-09-20,810.8722877819966,184.2930982407951,184.0160200814132,223.25798972832084,184.1738782947803,451.3710579973226
2024-09-23,812.6897840681569,183.5479372186118,182.0587490503925,225.91471168987357,182.77765228737002,453.83138631380984
2024-09-24,844.9149557587534,181.71038428653486,182.55370226872847,226.0079321878218,183.50402857323448,452.9631512834756
2024-09-25,863.3693321004279,182.95514904890769,181.6538077403677,224.3416446794841,182.69694795048363,456.96739793502957
2024-09-26,867.0741913964978,182.61644663914103,183.04860366673725,222.7452858796015,183.62509128754525,456.58955034223777
2024-09-27,848.6198150548233,181.22344880774563,184.42096139143797,219.02820075637862,183.84298927174984,456.2034596994137
2024-09-30,848.8994421946004,182.18880438796086,186.55820441875383,217.1172249984198,188.04783548087502,460.2882118276292
2024-10-01,817.862645786861,178.11996057511286,187.84055023514335,215.71895308918027,182.56783839661256,463.52866832231047
2024-10-02,830.7946131313786,176.61263397718102,186.56944942975184,215.2878060636707,183.0278493914764,460.58580074166474
2024-10-03,858.7557246612777,176.3628452076668,186.56944942975184,212.02517753544242,182.13198033839194,468.5944421235158
2024-10-04,873.225614567105,176.15960280087793,187.91929985901416,217.32695778380932,183.0439927424461,479.18409599747474
2024-10-07,892.7983926380344,173.39902226437115,183.32986712922644,210.673506985181,178.9198632881696,470.2105735256309
2024-10-08,928.9380237959492,175.58798516935676,184.90465232533356,212.91074559596268,182.21270951120292,476.73176393311456
2024-10-09,927.2604746169932,176.7523516688404,182.0700286082753,215.76555444815838,185.25534621216758,474.8178955382209
2024-10-10,942.3594855261239,176.06644457252446,182.3174706705585,217.49008921022076,184.85182452773557,469.4466846495961
2024-10-11,942.2896188023745,176.26968697931332,183.62230650894404,220.01865298958566,183.64929389603756,474.3677855187998
2024-10-14,965.1477887522453,177.46368699202088,185.55708751796868,218.52714280240585,186.67582449991934,474.74558375201053
2024-10-15,919.9207295784554,177.29432268655702,186.11952807573508,218.70193790355583,188.73385338931516,471.40872799557593
2024-10-16,948.7207759426115,176.18499172600085,185.78205683169827,217.76975070406544,187.06320283338164,463.78602917780574
2024-10-17,957.1788158805514,176.4390512847772,183.27357298046684,218.51549690765935,187.36182999039718,463.8985196629752
2024-10-18,964.6585080262937,177.04875230398272,183.82480307411998,220.21673988022866,189.6619718904522,463.52866832231047
2024-10-21,1004.5729186189543,177.31124863663896,184.55597061718356,220.3099603781769,190.85644326462764,462.47528550352916
2024-10-22,1003.7341974444029,181.00752503897587,185.75956680970228,221.04404290703226,190.3560614743772,467.9832717911907
2024-10-23,975.56327208355,179.77542853800338,183.10488054205445,215.22955880994604,186.2399912776233,453.25254650705995
2024-10-24,981.5050416679826,179.83049027809193,183.03739320262403,217.17549003213645,186.08666669729763,456.5412766719895
2024-10-25,989.4040409860743,181.2784974472536,185.9057864995611,218.86506932996724,186.76460051229063,460.93956085891347
2024-10-28,982.2740029486375,180.61800547722174,187.536831297543,219.51759503561289,188.37065282842065,464.8875869476733
2024-10-29,987.3768376988128,182.88743214799936,190.8664082329372,222.36075799306207,188.58858806651207,477.04534535140414
2024-10-30,974.025456352093,183.13298942999307,196.2432508342209,224.5746870343587,185.70732278543338,475.8551871335861
2024-10-31,928.0294358976482,172.04839171050287,192.47498028236552,217.19878182162952,182.32571296799108,456.38041379740963
2024-11-01,946.4837588243963,173.75045843844092,192.6774250272143,230.63387716105802,179.90447109973846,456.04264618441493
2024-11-04,951.0273392950177,172.94175960054758,190.37150683492843,228.12864073117018,179.17810723183626,450.83229817036994
2024-11-05,978.0098893730136,174.211952589785,190.93393011925238,232.46329609580712,180.34029190407225,460.2802155755022
2024-11-06,1017.8545400717777,177.90402370576254,198.54922084683398,241.30738414623903,179.75113410145053,459.9746304093396
2024-11-07,1040.7128168515012,180.1268516114926,203.31862557291691,244.75647145035575,183.5927921676435,475.77487909524876
2024-11-08,1031.9747758692995,178.90324428672218,200.61897653471945,242.5774800932987,183.37467066011777,473.8772500025142
2024-11-11,1015.4078159524612,176.98524068943377,202.86870421890012,241.01607675764777,181.16891769138655,468.91606915351343
2024-11-12,1036.5882230636705,179.11069197987044,204.29726972514842,243.42811046957937,181.16891769138655,470.24275597246304
2024-11-13,1022.4680940960016,180.02947499619918,201.2151348520374,249.47565470153216,181.8879922154278,466.36709102949465
2024-11-14,1025.8932728373682,180.74502870631963,197.50310662861443,246.42274117870144,184.39268279023167,464.0834700130982
2024-11-15,992.4796724489883,175.7108031120953,194.02727545647662,236.0871607210818,181.7910451838734,445.52535345624733
2024-11-18,979.6874385519693,176.03259267236058,197.18814268001606,235.02679755941162,184.2310878470246,445.78261559258056
2024-11-19,1027.6409023997792,176.8920824610803,200.36025491455348,238.4176198298117,184.44115009702776,451.16197081207554
2024-11-20,1019.8117698054368,175.91825080524356,197.95302798263123,236.4017776791581,185.02290679412795,454.7240543367544
2024-11-21,1025.2642586639179,175.15886255257345,188.56045549376654,231.15824468451584,184.63505657809887,452.7701059620636
2024-11-22,992.2701791075929,176.91098659882664,185.33208365735433,229.69004406682112,185.7258007133126,449.59396500146573
2024-11-25,950.8178459536223,177.67040105265787,188.58294551576253,234.73549017082038,188.1496876075318,454.39428297588665
2024-11-26,957.108949156802,181.57348321969562,190.23648033574045,242.2046158814978,189.91912305343786,461.1727848792847
2024-11-27,946.0642379923412,179.45222411503775,190.36022727704562,239.73433491584154,189.81406709251172,457.6830625003972
2024-11-29,966.4061375887046,179.65164115230348,190.04526332844725,242.23957134572936,191.75320641099657,461.7999477158638
2024-12-02,969.0623550494164,182.8419731334604,192.9024116143863,245.5255272234347,193.57919325714585,476.6834409032852
2024-12-03,980.4565066624772,182.93532787052226,192.7336846290891,248.70659892845325,196.05152262223652,493.42443384406306
2024-12-04,1014.5690947779098,185.57413851073517,196.14199391491172,254.20648384745513,196.3424009707866,493.5289280771056
2024-12-05,1014.0797072221053,187.7802238745111,194.19600244177383,256.9913817711877,196.3666408331658,489.6291262990131
2024-12-06,995.763942614475,188.1832370342408,196.52447974982528,264.5420643050748,196.205058307921,501.56175565366186
2024-12-09,970.3873657140404,189.22266329693534,197.49294984448719,263.44674567917303,199.36417549511347,493.3601183099798
2024-12-10,944.2419343628037,188.08141932213798,208.52922856460805,262.2232510910914,200.18829356211856,497.9835809055669
2024-12-11,973.882731668715,190.48267713507857,220.04973369533866,268.3057507872758,199.15410082714803,508.72605204239767
2024-12-12,960.1109748511176,190.72447455045193,216.17580149636376,266.8026124853415,200.34180441187846,507.20636926161706
2024-12-13,938.5095512899138,189.75294859679354,213.76584536054338,265.04312225904755,200.47915949270637,498.8117853156851
2024-12-16,922.7803510789515,191.58569361580544,221.46869516761632,271.4169115638312,202.83032679978805,502.34459860881253
2024-12-17,911.5251851044197,192.8033008746799,220.0722755376618,269.342804379461,204.8017404022501,498.48186587607427
2024-12-18,901.1789275177475,185.56140474643203,212.166670063777,256.9564263069561,200.41454883494058,480.57662849751966
2024-12-19,913.5522815618284,185.40866507769724,212.2905724660637,260.18409937095277,201.82036150923443,479.2729432433305
2024-12-20,941.6553699661357,185.22625259399683,215.55642767246928,262.08342923416507,205.61781162969487,470.9681937348748
2024-12-23,976.3995361714866,184.65350831254764,219.18260688719786,262.2465606605765,206.24799837970426,482.7171067289264
2024-12-24,980.2445562344667,186.38444872003726,220.8493386171642,266.8958329832897,208.61533387368024,489.0745714061304
2024-12-26,978.2171392874997,185.8668578827405,220.2749966575889,264.56537387455984,209.2778569974783,485.5337125012949
2024-12-27,957.8040910091529,182.65105837297733,217.0766978843833,260.7201127891571,206.50654035446578,482.68502300125624
2024-12-30,961.159509856623,180.2328353082131,215.36498611042498,257.86530393696137,203.76754766727956,475.7884036204512
2024-12-31,938.789231844617,178.8201080024962,213.1802238430853,255.63971122092627,202.3293862012348,471.17733027970286
2025-01-02,966.8918929295129,177.58131710485816,213.32663354081043,256.6068538846482,197.02110469944122,482.22627505515476
2025-01-03,1009.9552202641275,179.60497688435314,215.9843253874347,261.23281663787645,196.62519522588957,486.56374823824854
2025-01-06,1044.6291992561705,181.51407208686157,221.70518586742222,265.21789958020554,197.95024147348562,507.14077037842696
2025-01-07,979.6850882952072,179.18921685973973,220.15112880218695,258.8091370311983,195.69603361592064,497.23449990384137
2025-01-08,979.4753812941062,180.11831003296828,218.41684063902065,258.83244660068334,196.09193067151,491.46456231964856
2025-01-10,950.1142645428981,177.73828826111344,216.2658824984445,255.11536147746043,191.36535619496746,495.60084585046036
2025-01-13,931.3789791032128,176.99160757158535,215.1059535682959,254.55605626976302,189.3858584990583,489.541315604359
2025-01-14,921.1024814104371,176.34677079532116,213.5856315360547,253.74038135771397,188.4809615873931,478.21072505954464
2025-01-15,952.4212552147156,180.86073303381477,220.21866796194453,260.25402807940793,192.18949909789714,496.61483972357894
2025-01-16,933.7559433286326,180.12678610858978,217.2456494244316,257.1195577333675,184.42498191013343,491.93130651787715
2025-01-17,962.6976460776385,182.01468457175415,220.72541894143507,263.27196835801504,185.81468848734443,493.11430759644566
2025-01-21,984.5086698100905,181.7898524082044,223.0340490641767,268.83011831073367,179.88425465713945,496.0837799912671
2025-01-22,1028.131251424259,189.29902658101244,223.3944076193845,273.84059117050936,180.84574022293472,501.7490752636743
2025-01-23,1029.1797864297644,189.51536956836011,222.95523034653635,274.318339554997,180.7083851421068,512.1702648875746
2025-01-24,997.0221846210816,188.39113014712802,225.46652976887788,273.6541679546048,179.99736987558816,521.0544958773335
2025-01-27,827.8458421186978,184.36077583996172,216.00686722975783,274.318339554997,185.71772903782772,531.0251806051645
2025-01-28,901.7380749674485,189.72326268124735,219.93712812437707,277.49941126001556,192.50459247290183,542.6534094235955
2025-01-29,864.7570518886617,187.6571701213225,220.06101325322143,276.24097898769435,193.3933460335973,544.391656429181
2025-01-30,871.3982899344845,176.05825670967522,226.2098059950591,273.4094619249917,191.9632562430374,552.8493712792516
2025-01-31,839.3805818180798,176.08795572580195,229.7571664921473,276.9517519470647,190.6785932087903,554.6036601486722
2025-02-03,815.5420877237342,174.33158709144777,226.6152136880285,276.64879866372695,184.22300375357744,561.266858070782
2025-02-04,829.4536848186833,174.9467379521657,232.41491015909878,282.0554630847806,188.0931237893263,566.6826406610778
2025-02-05,872.6565853560174,175.3370435487534,215.46631212350374,275.1922617207708,187.82651013907994,567.2298409763868
2025-02-06,899.5710314028356,176.41040031509516,215.77041107683675,278.29177660257955,188.43248186263472,572.9595998616204
2025-02-07,907.6800582115869,173.83521919465622,208.72068740009473,267.01234527073103,183.91599447201992,574.9954851408226
2025-02-10,933.7559433286326,174.88309533181118,209.9932219012049,271.6616175934443,184.13435192082903,577.3131642681304
2025-02-11,928.3731075341955,174.552187767477,208.69814555777154,271.2188246731882,188.15433192542616,579.244505954709
2025-02-12,916.7683942812109,173.53399754586826,206.77243310600332,266.7559933463714,191.59194675277115,583.7348951198368
2025-02-13,945.7799637539663,174.17037134709145,209.62161833499908,268.4339267494556,195.36118326292143,586.2939919579668
2025-02-14,970.6671530985965,173.27519557692958,208.59680227125043,266.46468595778015,197.8443535090864,592.8203157618777
2025-02-18,974.512066331724,173.78855492670587,206.95262965704964,264.0992713848187,197.73921062242428,576.4842688238778
2025-02-19,973.3234773891612,175.9649281737745,208.641851409012,264.0759795953256,198.06272337585781,566.344675609759
2025-02-20,979.4753812941062,176.89590783060348,207.8422637606288,259.70636876645705,198.83924339342676,559.1584142074644
2025-02-21,939.7677932965202,173.52911102931984,202.32414167401075,252.36541901795948,198.61275217932132,550.0729935654233
2025-02-24,910.7563306536176,171.73945381976574,201.86243983228178,247.85598633216455,199.8664696515557,537.6641429729881
2025-02-25,885.2399668907578,169.14636420570295,197.54926126668917,247.96085272485934,199.81795267291048,529.1098314228399
2025-02-26,917.747062562967,169.9243028804443,194.5199140335319,249.7669620901234,194.41483519315085,542.1464865264078
2025-02-27,839.9398895125601,166.8636011439165,189.75629591065072,243.23002357893637,191.93976145839528,529.7053054083972
2025-02-28,873.2857597742471,168.7595171623828,191.76084435350168,247.35492837819183,195.61193917533058,537.7204622549443
2025-03-03,797.3661099785292,165.1461805355635,188.07833644312873,238.8953682142994,192.53022314705686,527.1382123181401
2025-03-04,810.8582396563497,165.19720729683996,192.48157873735974,237.47378673557483,190.83163217598337,515.0270987184833
2025-03-05,820.0162287900177,170.47265388089306,194.84653755574573,242.78723065868024,190.67794747475148,528.2809359785873
2025-03-06,772.9683616046298,168.71701887905013,194.0919990451241,233.8615680050467,190.34632579194624,505.3139722844718
2025-03-07,787.7888136725119,167.19516373727862,195.79248308152685,232.17198870721592,193.3714283301653,503.4872235500978
2025-03-10,747.8715720887513,161.60513291226758,187.00966310914362,226.68374968296052,183.996860242416,481.22037615332516
2025-03-11,760.3150599312136,161.7284355764868,184.9464195090404,229.0724738254071,178.62611639033182,487.4329211006224
2025-03-12,809.1850705013599,162.92717799935664,188.4077064426831,231.75250535644483,175.5039550588978,498.57831449740877
2025-03-13,808.066401697473,161.01424432674446,183.50330976429697,225.92635758462006,169.59935059024437,475.30556819880655
2025-03-14,850.6440271062056,165.1759450545931,186.58122991746404,230.65718673054306,172.6810666185181,489.3888438585544
2025-03-17,835.682452802738,165.23547409265217,185.22827026857095,228.082039372192,173.0935913256063,487.21415943749327
2025-03-18,807.0176530322619,163.03346300943,181.14693584678042,224.67957120704543,172.03399143980187,469.0593106576652
2025-03-19,821.6296800572769,164.86140011537682,184.77731250801054,227.84897923732547,174.0965653033938,470.4286935142066
2025-03-20,828.6909730844188,164.44477545244655,183.54839344894333,227.1614980674482,173.17448193192698,471.99122041132205
2025-03-21,822.888135723589,166.32371311850872,184.89007353995365,228.6296986851429,176.5473743398456,480.247005215395
2025-03-24,848.8263171603396,167.09739410456842,189.05033032003888,236.8445528194222,178.537141690564,498.4500289463093
2025-03-25,843.7924944950911,167.98160468880258,192.2973920211206,239.69937945160993,180.9798542156064,504.45876818352974
2025-03-26,795.3420581719263,165.77534901747939,186.09639893637052,234.36262595901943,179.1842292872425,492.1112221907349
2025-03-27,779.0521080634705,166.0346357078987,182.91703185602793,234.63062377812562,181.0607572398893,485.3455044188239
2025-03-28,766.7472319550524,161.02699119162816,173.99892628282083,224.56304113961215,176.24810144879123,464.53279027922287
2025-03-31,757.7282818748399,159.57742505337995,174.3484543896481,221.6965686126779,179.66952325331738,464.2266621576689
2025-04-01,770.1031315368602,162.4680943548354,177.0881432673131,223.922161328713,180.5268966233201,471.99122041132205
2025-04-02,771.9907082064757,162.44683211258848,177.05428732022233,228.39663855027635,181.09309361367792,470.3239524832589
2025-04-03,711.7248901605499,158.6081786007388,169.92885414547072,207.88860906144845,164.3499302296789,428.1910583514776
2025-04-04,659.3592465610969,152.96713411503185,164.15631152584263,199.25425379640612,152.3708932401705,406.53264183028284
2025-04-07,682.6406229729453,152.12544801529154,165.4528733853218,204.2181252972037,146.77365817398086,415.81132991185063
2025-04-08,673.27212561428,150.7226378490576,163.1416176993364,198.8580800151201,139.46167636778577,411.13979108433927
2025-04-09,799.3271321719637,165.99638201266708,178.93714436141292,222.67537495113837,160.83953372538497,471.8060232632939
2025-04-10,752.0652313764352,162.11101183054478,172.29650762087005,211.16290126441527,154.02094239667417,440.0069522969882
2025-04-11,775.5563682043111,165.12920218315935,177.1670656256078,215.4159820258505,160.27334915298943,437.81612729292993
2025-04-14,774.0182319832955,164.85712932611466,179.34303571076933,212.2116007513469,163.80801035558713,428.07827170882194
2025-04-15,784.4354245922455,163.97293184246107,176.2312768839539,209.26357140120297,163.5006409531233,420.0561551613494
2025-04-16,730.5317516016298,157.97053404320138,172.87147142437152,203.13447034604044,157.13500721669877,404.58343197537107
2025-04-17,709.5575261063783,156.3424200925176,170.42493013756223,201.13027409013338,159.32698866525655,403.914955169469
2025-04-21,677.5369335839473,152.6610783520177,166.4901263275936,194.96621757073927,156.23717612557343,390.36732968306893
2025-04-22,691.379839083528,155.93433700811167,170.77444097094713,201.79444569052555,161.55940299901238,402.9484205335117
2025-04-23,718.08703521586,159.15233741540874,175.14892298359334,210.44046463030642,165.49040830384172,419.0493184274803
2025-04-24,744.0950299614337,164.640340919028,179.5798027856535,217.36191324804093,168.53976312240223,429.4234190110771
2025-04-25,776.1157293137177,166.5745237333065,182.60134242284903,220.21673988022866,169.27582541884857,440.796310716835
2025-04-28,760.1753264837147,166.28120173459547,181.07931031981087,218.71358379830235,169.97141757620997,442.78574863028706
2025-04-29,762.2027968456083,167.50549028955493,180.57192022295177,218.35236548124794,170.8369122935467,446.57133233787397
2025-04-30,761.5035954588499,168.0241160727158,179.03862583547323,214.89163228238465,171.88031915653227,442.1897316893385
2025-05-01,780.3105103148563,180.83654936210326,181.85723707143293,221.6266576842147,172.54358735806733,460.8841794089968
2025-05-02,800.5157211145265,185.03652998634462,184.93513995115762,221.37030575985506,166.09706301532214,480.8672083510488
2025-05-05,795.7615790039812,185.41486165230154,185.1381201727206,217.14053456790487,160.87188251713587,482.6795440877619
2025-05-06,793.8039753658372,184.19907537412473,184.03320715659447,215.5791134522619,160.56451311467205,473.04638017502043
2025-05-07,818.413674167747,184.2160930282706,170.67295949688682,219.8904770274058,158.7365145586327,480.6981024264368
2025-05-08,820.5810382219186,186.26505002882453,173.9425457668493,223.81729493601824,159.7395009543825,481.66466174218465
2025-05-09,815.54721555667,186.50311377873868,172.21756798913293,224.95921492089815,160.58070613749095,477.21854812124167
2025-05-12,859.9426043261951,190.9793725463841,178.65531087532477,243.1134935115031,170.7207546743383,515.0261608864438
2025-05-13,908.3930406493598,190.92838508684932,179.86163627174165,246.29456521652165,172.45396692426073,528.3965854769428
2025-05-14,946.216470532621,192.54373907206886,186.44592704319777,244.9895138052303,171.96802722414708,531.0787357505831
2025-05-15,942.6509173646384,192.97814122281736,184.8562348663053,239.07014553545736,171.25531069679545,518.6104562225865
2025-05-16,946.6359913646759,193.4636356377451,187.3704362269689,239.5595398146916,171.1014397261293,515.7591506647533
2025-05-19,947.8244734773858,195.42269645450475,187.7650307450001,240.22372919507578,169.09284674458775,515.8316105297066
2025-05-20,939.504778198858,195.12456654272862,184.87877670862846,237.7884036936511,167.53783225344662,513.1495096156474
2025-05-21,921.4669848682857,192.73965825432538,190.04249957766433,234.35096228428088,163.6745669328788,511.8607803145106
2025-05-22,928.6680647578531,193.71490477286247,192.64690285450544,236.65812960351772,163.0833229125933,512.7225985993109
2025-05-23,917.9013248704505,191.72180864781114,189.94101810360405,234.199494532608,158.15095796507347,505.0627813766054
2025-05-27,947.3350859215815,196.19777920268427,194.93561669816765,240.06059776866434,162.15193848737545,517.353958727863
2025-05-28,942.5110770872868,194.77961515603545,194.32677967413306,238.5457957919915,162.32201489882277,518.3687917138591
2025-05-29,973.1334270809805,195.3417610678126,193.76307815507198,239.6877157768714,161.9413422649941,519.5527306244671
2025-05-30,944.7484146950605,196.05723617444968,193.6278098276905,238.88370453956088,162.67027665108915,521.5180810623762
2025-06-02,960.4790036941095,196.74290746031556,190.57237969651942,240.79468029751973,163.3586912262502,540.3735397353573
2025-06-03,987.325879859014,197.16876803253976,187.3591739425285,239.69937945160993,164.63026572824953,537.1115131037656
2025-06-04,992.2199690767637,197.55206481852846,189.46753577416285,241.4705155726504,164.265798535202,554.1064117293666
2025-06-05,978.7265040257829,199.17467652537758,189.6478877861907,242.26288091521445,162.49207889230783,551.4242120961453
2025-06-06,990.821566303247,200.32452758160204,195.81502492385005,248.85808446011808,165.1566879854104,561.9676160426783
2025-06-09,997.1839250182629,201.33387491133362,198.77253191009382,252.83150372770868,163.15620393324053,559.0277100368945
2025-06-10,1006.4823954083995,200.55452137389196,201.60582557208778,253.565604036556,164.14430119221132,565.7451047789762
2025-06-11,998.6514467065591,201.27851185789223,200.19482715675338,248.4269374346085,160.9937399810328,559.0921242901399
2025-06-12,1013.8238497245826,203.94023541350248,198.33228368381722,248.47355657357863,161.33391763985202,558.4638755427779
2025-06-13,992.6383147804377,202.2750599204179,197.16959100288568,247.14519559280225,159.1066691784065,550.0147492598069
2025-06-16,1011.6563788405582,204.05521920906688,199.5401291431647,251.80611381026208,160.70219106251935,565.9546855600336
2025-06-17,1007.6708775211093,203.5867555488655,198.61447991219563,250.3146214030743,158.45064064888322,562.0129774976457
2025-06-18,1017.1799095511698,204.52369596984875,195.64572791495388,247.6345898720365,159.21194866265375,560.836195726287
2025-06-20,1005.7831940216412,203.31419797034016,188.10524846637742,244.33698809958466,162.79176157611758,550.0186980262893
2025-06-23,1008.0206384592678,206.97675347831876,186.46845161207858,242.9154066208601,163.19669890825003,563.0609801220946
2025-06-24,1034.1002626211625,208.72709584561596,188.2520209063928,247.92589726062775,162.2248070900604,574.0799142722797
2025-06-25,1078.9183771183275,209.64700551187275,192.66562726605972,247.01701963062246,163.24529039466893,571.2424787567161
2025-06-26,1083.8825467195322,211.85305157390704,195.89405092279912,252.9946351541201,162.79176157611758,585.2760493183657
2025-06-27,1102.9703706735495,211.20997027543774,201.52679957313867,260.1957630456913,162.85655850331764,591.3538426094486
2025-06-30,1104.6485608316223,211.8360208191806,198.93056663454956,255.63971122092627,166.16906236064716,594.9488983342561
2025-07-01,1071.8566033568477,209.55331015971637,198.49030113483062,256.8865153784929,168.31533329003602,579.7383485629235
2025-07-02,1099.474470569611,209.14448034221863,201.6509783505037,256.2572814623403,172.05711368557544,575.1841374595228
2025-07-03,1114.0875124782276,212.44502750761654,202.65561903353708,260.3239390078711,172.95611206515557,579.5691439191495
2025-07-07,1106.3965108835919,211.968048470052,199.56268825893028,260.3938499363343,170.04044902854903,579.0371957143791
2025-07-08,1118.7021348009796,211.49958480985066,196.8196828803258,255.6047557566947,170.08902809700564,580.9071834417363
2025-07-09,1138.8388142500608,214.43389214514735,199.37079758738378,259.31017720517906,171.0042443353292,590.668682265158
2025-07-10,1147.3689643386595,213.56934553233194,200.49958250089736,258.98391435235624,172.03281173338485,586.2030222501269
2025-07-11,1153.1023088802249,214.3529698590358,203.4006398774,262.19995930159837,171.02043735814806,578.3600316222156
2025-07-14,1147.1592573375583,214.22519989684602,204.9471139014246,262.98066096942387,168.9632404722253,581.1087186110856
2025-07-15,1193.5154012258859,215.41766714162821,205.44381173744227,263.74971674250276,169.36011854683514,572.6208944165861
2025-07-16,1198.19999710224,215.33248716683505,206.5387579773075,260.06758708351146,170.21052543999636,566.5914241553327
2025-07-17,1209.5968194616216,217.92181691427746,207.22732921142938,260.871598320822,170.09713702637737,565.3823612179798
2025-07-18,1205.471584694674,217.21911487368519,208.8979647393766,263.49336481814316,171.03661796300463,567.695795421319
2025-07-21,1198.2699706558424,217.22337256236676,214.58718027289967,267.18714037188096,172.0894997312132,574.7004629250006
2025-07-22,1167.855297896046,215.18342876123725,215.98691640379366,265.0547681537941,173.64452664031657,568.1229532355607
2025-07-23,1194.0747623352925,215.43894248445565,214.73390089258788,266.01024714277753,173.4420517652692,575.1921830712309
2025-07-24,1214.7708028937802,217.57259473832212,216.9238106457607,270.6012544317741,173.1261884766029,576.1755740041103
2025-07-25,1213.0927195655604,218.7778481497297,218.0639096640419,269.6807309070223,173.22337144944072,574.4666959492381
2025-07-28,1235.816283900868,218.2625237128696,217.3866352612453,271.25378013741977,173.36108665117484,578.4567764010362
2025-07-29,1227.1464003647707,218.29234063422138,220.96496704054456,269.17967295304953,171.10952381957645,564.2458075051613
2025-07-30,1253.435945187472,218.57768437937213,221.8454462196553,268.2241939640661,169.31152706041624,560.3848023577591
2025-07-31,1243.6472326027085,227.2059625458332,216.61903802817437,272.79189168357766,168.1128584149887,623.4432959909593
2025-08-01,1214.6309626164286,223.20695792794405,213.49223403303444,250.23304679987257,163.9094278535639,604.5571850181578
2025-08-04,1258.5400618958813,228.11734373414626,220.1634793134981,246.62082806934444,164.69505023748732,625.8050532241277
2025-08-05,1246.3740645961393,224.75717582662534,219.7458420233143,249.06781724550763,164.34677606725867,615.3987701936987
2025-08-06,1254.484693852683,223.560437792581,221.34874838363766,259.04217938607286,172.7131422150987,622.2744611121466
2025-08-07,1263.923859158994,221.81434001338488,221.83414938833016,259.9976761550483,178.20432788337942,614.084867506236
2025-08-08,1277.4180720189447,222.32539366098277,227.36531292395506,259.484972306329,185.75267318369606,620.1061440770385
2025-08-11,1272.9431831436914,222.21044916716005,226.89122602403012,257.86530393696137,184.20397943535772,617.3413658647524
2025-08-12,1280.634398398033,225.39171554657028,229.53264628791996,258.0633908276044,186.20673597462562,636.7917062083185
2025-08-13,1269.6570968707067,221.70364010766318,227.97489270601255,261.66394588339404,189.1905860421359,628.7956021600494
2025-08-14,1272.663502588988,222.5127581641344,229.081135777203,269.14471748881795,188.74463218057804,630.447963494641
2025-08-15,1261.6863078915144,221.5290093688147,230.16476791230068,269.2029825225346,187.77973167515455,632.9467922843323
2025-08-18,1272.5935290353857,220.22154522788756,229.7132574015837,269.73899594073896,187.21216870894543,618.5504781616863
2025-08-19,1228.0553087526298,217.09987338943918,227.53466175317837,265.68398428995465,186.9445864576409,605.7421111203867
2025-08-20,1226.37722542441,215.37506405365104,224.9948266040032,260.79002371762033,183.2553216246023,602.7112354067627
2025-08-21,1223.4405796000249,215.09779026612455,225.48021033525333,258.62269603530183,182.35530497211485,595.7629365446184
2025-08-22,1244.4863810966713,216.3732758899077,232.63685662040956,266.6511269536766,184.67427250299303,608.410144553852
2025-08-25,1257.211525846114,215.10633184464885,235.34604059880806,265.602427466745,184.1877739945766,607.2091272282072
2025-08-26,1270.9156593668715,214.15931707721595,233.82212569054906,266.4996592020037,185.93105721191165,607.8539607947954
2025-08-27,1269.726963594456,216.16424302651183,234.2059243070845,266.97738980649945,186.88783637000114,602.43724037246
2025-08-28,1259.728650838444,217.4013177480967,238.9017959888994,269.86717190291876,188.56626057032472,605.4438805317977
2025-08-29,1217.8470753358113,216.14291528136215,240.33538806688415,266.8375679495731,188.22569795467467,595.4406184804863
2025-09-02,1194.0747623352925,215.47317430145574,238.57442970866268,262.5728235133993,186.26351089818996,592.5467649638043
2025-09-03,1192.9561469463322,215.571297649841,260.3718039381376,263.3302333917317,193.35825287218154,594.1105258504456
2025-09-04,1200.2277345387658,216.68893437847143,262.22303330630615,274.6212928383348,194.42042327617884,603.4609580830418
2025-09-05,1167.7854311722967,211.1562054928245,265.27084584938183,270.7177844992074,194.34745532979562,606.5239668839167
2025-09-08,1176.8047551569941,212.52125978588805,264.4234625858965,274.80773383423127,192.8798632931368,606.4030359103909
2025-09-09,1193.934815228088,212.6108284551684,270.7391858750225,277.6042954327023,190.01763474824008,617.2042943082295
2025-09-10,1239.8716519440663,213.44694680817128,270.21944526685223,268.38732539047754,183.88776844374743,606.1451320995042
2025-09-11,1238.8229032788554,213.71994980643564,271.57523776029785,267.94453247022136,186.5148504548265,605.2746265284426
2025-09-12,1243.3677657077108,217.5122272631073,272.0610533276078,265.84711571636615,189.79060956175644,609.0550274800212
2025-09-15,1242.8783781519064,219.84134017891068,284.2744307796161,269.66906723228374,191.92307171708504,616.3982523499942
2025-09-16,1222.8104971280463,217.1453717057198,283.7660215496558,272.7219807551145,193.09877955024874,627.9249978698256
2025-09-17,1190.7158181026791,217.56341123135044,281.9243962154579,269.8904636924118,193.77987994562423,625.2811012714843
2025-09-18,1232.3200633073707,216.89368335202457,284.74896678904327,269.4360248774092,192.8798632931368,628.9326243569911
2025-09-19,1235.326575855505,220.9376753635526,287.78819443124945,269.7273322660004,199.0583583379352,627.4252321118873
2025-09-22,1283.8530750338834,219.4531699769541,285.31386017562943,265.2412091496906,207.63692262529133,617.1853402291136
2025-09-23,1247.6330544117156,217.226424997637,284.3309322096844,257.17782276708414,206.29906104061777,609.3128819313268
2025-09-24,1237.4242868456329,217.61886598885573,279.22412533333426,256.5952079899017,204.58010461139787,613.5555847188414
2025-09-25,1242.4588573198512,216.2879518087284,277.6988630965686,254.19482017271662,208.2774783738082,604.0779034863474
2025-09-26,1245.9549710834958,218.17768435317095,278.54622908661145,256.0941500359289,207.13421867609375,599.9158048946565
2025-09-29,1271.5468101373785,219.5171139106615,275.7329726177936,258.8790479596615,206.29906104061777,599.6335668103216
2025-09-30,1304.6201574445017,220.94619074091577,274.65967000124715,255.8494617863078,206.4612396280522,592.3578658471989
2025-10-01,1309.2351002568123,221.6969588115782,276.69332419453076,257.08460226913587,207.1261221646843,578.6132956324853
2025-10-02,1320.7724038726622,220.003446762745,277.58587750987436,259.15870945350616,208.48829811951072,586.4454271525698
2025-10-03,1311.8921723563467,220.69020539679727,277.20176797137583,255.77953307785265,209.20993074378256,573.1444514925813
2025-10-06,1297.3481425326565,225.47645010162447,282.94123194882087,257.3992014472202,208.13153006307954,577.2581776948618
2025-10-07,1293.8520287690123,223.51841113014842,277.664972602593,258.42460914465886,207.9612798001602,575.1771283990164
2025-10-08,1322.3106469235306,223.88955057737863,276.3769783705409,262.433001656473,209.242391297194,579.0166127690892
2025-10-09,1346.503976374044,222.84446486388268,272.8858256550003,265.3693851118704,205.98283763104521,591.656170043263
2025-10-10,1280.7066153785445,217.9643938010935,267.28194092689984,252.12071298834636,198.87187779831018,568.9016993454858
2025-10-13,1316.7867957233605,219.28252181459547,275.84595820448783,256.4320765634902,200.8097629026043,577.2904095012751
2025-10-14,1258.8205970894073,219.07777284104233,277.3147190111852,252.14402255783145,200.89894870773097,571.6038896090246
2025-10-15,1257.4223011457436,219.01804729427488,283.6191281955437,251.188543568848,202.17195127539304,578.7826483550025
2025-10-16,1271.2670227528224,218.2416806892006,284.104961036296,249.90678394704977,200.63948780376043,574.3624485141008
2025-10-17,1281.1261362105995,219.08205673088506,286.1838198283227,248.24049643871206,204.5638867526544,578.2744914682889
2025-10-20,1277.0705545076958,220.45135561204964,289.855756391951,252.2488889505262,212.6316257434789,590.5752939378475
2025-10-21,1266.7219466642612,220.82246885811867,282.9751397162388,258.71591653325004,213.06133691036874,591.4625817664597
2025-10-22,1260.5687608010824,222.05098890059864,284.3648227036599,253.961777817842,209.5586022888043,591.5754671282775
2025-10-23,1273.714281021403,222.05955668028406,285.9352895391687,257.6205979073483,210.47479954614832,592.0513922085778
2025-10-24,1302.3824993471694,223.3606015367374,293.6632722049238,261.2561262073615,213.1019436470388,595.5681636378702
2025-10-27,1338.9522809074956,226.73486566893953,304.2270531818199,264.47215337661163,217.9587825479448,605.6185640890661
2025-10-28,1405.65876395056,231.23525570597425,302.1934162619787,267.12887533816433,218.11283978804522,606.1186753640716
2025-10-29,1447.6823163276008,231.0134104747919,310.21516836251567,268.3523699262459,218.68041517221664,606.304218029167
2025-10-30,1418.6643370636762,224.27774698049632,318.0222461209894,259.683059196972,220.05880898578653,537.5810214385319
2025-10-31,1415.8674246867897,220.88645209356775,317.6945343719048,284.57236318940693,219.22367618623517,522.9652546186223
2025-11-03,1446.5634872789349,220.55372354853594,320.5530127129081,295.9683068086968,218.153347181017,514.3830055456107
2025-11-04,1389.2967036914454,219.40198600871094,313.5707072818269,290.515041028665,218.9561187708552,506.0022916419483
2025-11-05,1364.9636407934333,216.3434065662337,321.21956030797855,291.5404309461116,219.03720806457244,512.9633252759987
2025-11-06,1315.108605565288,212.05202319143376,321.7167245269409,283.1973830696605,218.73716525985643,499.2428918964093
2025-11-07,1315.598099950945,211.9325851984794,315.0281712571991,284.79375964953505,217.68310378523083,501.47720269135584
2025-11-10,1391.814042343481,215.84857143736755,327.76125477049294,289.44301419225627,218.67326242594083,509.58362540322923
2025-11-11,1350.6294248006973,216.99179359982926,329.1283786421485,290.25868910430535,223.39685659153508,505.808752724726
2025-11-12,1355.104527335656,218.04118940432903,323.93114529486974,284.5490536199219,221.95217569529103,491.23326332293755
2025-11-13,1306.577921327425,214.69255000769985,314.73441909585966,276.83523965962337,221.5301636650175,491.9431034577435
2025-11-14,1329.7223952828745,217.63166525606167,312.2940271545424,273.4677269587084,221.09185926822684,491.59625368183913
2025-11-17,1304.7599977218533,216.4841592037572,322.02173897272075,271.34700063536803,217.0743752740489,485.58697148922727
2025-11-18,1268.1204562676307,210.6400557193892,321.1857043608878,259.32184087991754,217.05818225123005,482.1024812259291
2025-11-19,1304.2006366124467,207.7947668289894,330.82307607534955,259.484972306329,217.96715225452454,476.15771200572476
2025-11-20,1263.0859926232652,204.46977398026883,327.02689164058665,253.01794472360513,216.0923379806729,475.21405553557526
2025-11-21,1250.7796208969073,201.773032572825,338.5623728458722,257.1545131975991,220.3451671960651,479.3277323782748
2025-11-24,1276.4413266745396,202.57650427907538,359.93856872947265,263.6681421393011,223.9406639958941,494.4919828626003
2025-11-25,1243.3677657077108,203.85434800735914,365.4295196912061,267.6182696173986,224.79285907562425,513.1810997475072
2025-11-26,1260.4289205237308,207.49134428266757,361.4864764492159,267.0240089454696,225.26357435397725,511.07591361653766
2025-11-28,1237.6341006765867,210.27356697825743,361.74633811657986,271.75483809139257,226.3186789374347,522.642640397004
2025-12-01,1258.0516358087523,208.02127586685066,355.76958886097884,272.52389386447146,229.76804115710075,516.9318849504673
2025-12-02,1268.819657654389,209.41453570985726,356.808966436665,273.15311000063207,232.27592314821175,521.9569864569032
2025-12-03,1255.7441109876709,204.17062222320914,361.12487420615577,270.77604953292405,230.6202362368309,515.9074762057512
2025-12-04,1282.3163276009548,205.49976782496105,358.853969281601,266.96574391175295,227.82015959316772,533.5964199002283
2025-12-05,1275.5333797553556,206.49127216397156,362.97776182479413,267.45513819098716,226.2618791779458,543.18698649454
2025-12-08,1297.4904398966235,209.8504575279506,354.6795310053109,264.37893287866336,225.5395263118615,537.8472176590318
2025-12-09,1293.4346445340138,210.277824666939,358.4781682688936,265.57911789725995,224.96328319001555,529.9101970292566
2025-12-10,1285.1133468076937,204.52534664299918,362.01684022445806,270.0769046883083,226.2618791779458,524.4010261116503
2025-12-11,1265.1841309328042,206.62375833516248,353.22106517027987,268.32906035676086,225.65315066676388,526.4821247670768
2025-12-12,1223.857536515612,204.5125211746321,349.67113093027507,263.5632757466063,225.85608500641575,519.6420714661332
2025-12-15,1232.738195351339,202.92695790960323,348.4614026657067,259.31017720517906,222.47159422172348,522.7137181936886
2025-12-16,1242.737790065585,203.59794344466275,346.5960090747757,259.33348677466415,222.87741322917807,530.4957990986077
2025-12-17,1195.327449189552,203.48254043052046,335.4599589513915,257.8303484727298,220.62924050128333,524.3201751179216
2025-12-18,1217.703923333022,206.84172579449944,341.94938397722393,264.2274473469985,220.91333864242614,536.3887901183106
2025-12-19,1265.603758594712,207.67083533690337,347.2630403262332,264.9149462968677,222.11452813419746,531.8035318384414
2025-12-22,1284.4840121446846,207.2434681979149,350.22509022782634,266.1733785691889,219.9231551657916,534.0073877718918
2025-12-23,1323.08356090874,208.06829385047615,355.39174958206905,270.49638803907936,221.05130220340595,536.7843578006925
2025-12-24,1318.8879252687789,208.56831680924356,355.0978246863056,270.77604953292405,222.22812765317522,538.8913208765792
2025-12-26,1332.3138738527725,208.4358306380526,354.4420902661734,270.9391809593355,221.89535109987753,535.4523895065726
2025-12-29,1316.1607727857893,208.17514218551355,354.4986089696841,270.41483121586964,222.18757058835433,531.7389695064529
2025-12-30,1311.4057760364215,208.33753698212013,354.8264934531926,270.95082685408204,221.6356418366613,537.5997287197426
2025-12-31,1304.133440635018,206.68787257641713,353.86550275908695,268.95829427291346,220.64548319595136,532.8691064737374
2026-01-02,1320.5662222567046,202.12348620335283,356.296221572664,263.92449406366075,219.95561571920302,525.054744402824
2026-01-05,1315.461571399031,202.0850359994128,357.8677248147164,271.5683970954961,216.9120725069916,531.8196724214384
2026-01-06,1309.3080650462937,204.5039795961078,355.3804527507439,280.7387479987508,212.93514557763453,533.2969553221135
2026-01-07,1322.384252692129,206.62375833516248,364.01793397883034,281.4728483075981,211.28755517766317,523.6662593884237
2026-01-08,1293.9241389196711,204.33301701981574,367.929677743204,286.9843791213466,210.24059677746428,521.5431557295399
2026-01-09,1292.6653627638007,204.83305307916373,371.4683496987684,288.2544928483983,210.5084273880145,527.194038004286
2026-01-12,1293.22483070306,203.93555850624296,375.1878400493053,287.1941296867281,211.22263407084026,518.2413946352182
2026-01-13,1299.3084703320478,201.15334891123368,379.83449969374186,282.68469700093317,211.87191964684308,509.4584001461537
2026-01-14,1280.6379237831763,196.32826098504967,379.6875026989754,275.75156692846815,210.98728884962603,496.88922963452995
2026-01-15,1307.9794221666737,195.1657940697471,376.2279776564568,277.5343667242472,209.5669471594594,501.15157753529473
2026-01-16,1302.2453298161383,196.533389875439,373.08504026612155,278.629685350149,207.39182930368386,500.70758810392147
2026-01-20,1245.1851551640182,194.2512163397777,364.0405621883655,269.168027058303,200.22527425380156,487.68638254921626
2026-01-21,1281.8968067688998,189.8022198802751,371.25353716916607,269.5292453753574,200.99631795000303,494.8226426959265
2026-01-22,1292.5255224864488,192.80668082446408,373.6955528140683,273.05988950268386,201.56443972451495,522.8105616916713
2026-01-23,1312.3147912541338,199.13612151679308,370.7447651969155,278.67630448911905,201.31283939067046,531.7954862267334
2026-01-26,1303.923626804064,200.98667022478435,376.7706746695677,277.8140282180919,207.2944352254872,542.7742416779593
2026-01-27,1318.25859060577,205.3886356000809,378.22907141082914,285.1083588276193,209.61562557161432,543.2667022179049
2026-01-28,1339.2366619757233,205.83739598712185,379.87972156592735,283.1624276054289,208.1304124464739,539.8438620713143
2026-01-29,1346.1593432688212,185.26775523320705,382.41214640831583,281.6709351982411,209.62377175487293,596.0135844970935
2026-01-30,1336.5095094927337,183.89588863825296,382.12951834387763,278.83943591553043,210.59771253683945,578.4070713029381
2026-02-02,1297.9099607286785,180.93843257710887,388.5624246661993,283.10418035170426,219.1440273761429,570.2617038816313
2026-02-03,1261.0584688464453,175.74152397350565,384.0627620165293,278.04707057296645,218.71386916261085,558.3868252367887
2026-02-04,1218.0535774413277,177.0151100131078,376.521937099105,271.4868402722864,224.40323309098852,540.05383772902
2026-02-05,1201.9004763743444,168.2453455766119,374.49821513519754,259.484972306329,223.93254264856012,541.0387094493303
2026-02-06,1296.5113442954562,171.43785225414157,365.01281516691154,245.07108840843205,225.72616828499622,533.9751066058976
2026-02-09,1328.8874131531718,176.762963139093,366.66346532200976,243.20671400945133,223.09410667104112,546.6975879762035
2026-02-10,1318.3984308831218,176.62192228879718,360.1740057492925,241.1559163945661,222.33045166239881,541.4503189955474
2026-02-11,1328.957386706774,172.81827352820054,351.55915273074123,237.80004958839763,223.8089839238302,539.8116302649012
2026-02-12,1307.2102472263132,171.73700401120126,349.34324644676656,232.5798261632404,212.62261030286044,524.5704281937485
2026-02-13,1278.3305057919474,171.51477886318273,345.63501838067003,231.63597528901155,207.788980573464,516.465436909725
2026-02-17,1293.4346445340138,169.60867059304167,341.45190883629857,234.3859177485125,214.36922153408773,516.0779641986321
2026-02-18,1314.4824757978638,170.77969218744911,342.93296833397994,238.62735261520123,214.7510490384089,519.2505019098147
2026-02-19,1313.9231146884572,170.68116272106658,342.39030586775385,238.70892721840292,211.68835732835487,520.5098622602382
2026-02-20,1327.3491701023038,170.1542966727342,356.10400270571205,244.82638237881892,214.9378648630156,529.2929554684647
2026-02-23,1339.4464758066772,164.6885117537426,352.15833390047806,239.18667560289063,216.23765297532515,514.4311804966968
2026-02-24,1348.536948473358,166.6289566455282,351.4913371959054,243.02027301355486,221.07944130594242,516.0860591699212
2026-02-25,1367.4869619172273,171.59783654392535,353.7524308051808,245.44395262023295,222.77729961724114,527.7025897676479
2026-02-26,1292.8751765947543,172.07759290456838,347.51177789669583,242.27452680996095,221.73744429146893,530.3827656580469
2026-02-27,1239.031648811281,168.23098734031947,352.4636247213362,244.69820641663907,214.61293646188162,523.2545511230446
2026-03-02,1276.0228741410128,170.7197046290705,346.53945582438024,242.82218612291183,215.05158856161626,527.597651298376
2026-03-03,1259.0306245800668,173.02424085574563,343.21559639841814,243.21835990419785,214.26361918282112,528.8247304828052
2026-03-04,1279.938722396418,173.56825556402944,342.7068935199372,252.64508051180417,213.2643705937189,539.0366354831343
2026-03-05,1282.0365402163986,175.91561758855124,340.16310275245394,255.11536147746043,211.45278858381954,533.2566285444112
2026-03-06,1243.4369914523431,175.17885403850616,337.49497774662416,248.43860110934705,209.15375188240785,520.5744245922266
2026-03-09,1277.2115699134283,175.371615980848,346.6023657015764,248.76486396216987,211.119713999427,522.6168253361249
2026-03-10,1292.0361349306443,173.80814029464122,347.3717248257714,249.74365252063834,211.89146551947874,528.0094089233361
2026-03-11,1300.9172210857826,173.43118418964295,349.2497971234191,247.7860576237094,211.87522282481072,528.6471347102558
2026-03-12,1280.7073631875144,172.1375542617859,343.4232577228697,244.1505471036882,207.77273787879597,515.1819397241775
2026-03-13,1260.4973984593933,169.43465558147943,341.98645278459986,241.9832194213697,203.1909444245274,495.428037957271
2026-03-16,1281.266831126774,171.31940990530964,345.6973064139401,246.72571224203122,205.3843663567102,506.9535988471576
2026-03-17,1272.2456910345784,171.0880929543833,351.7613901942813,250.75739654333842,206.52979919782445,503.0834621772647
2026-03-18,1261.54636078431,167.82405710700272,348.1070898153365,244.54672088497423,203.04472291862842,497.44393260615567
2026-03-19,1248.679132330606,166.63751132463312,347.4735344952372,243.25331536842944,202.2486073565747,490.18846907125567
2026-03-20,1207.6998417649572,163.5748051992798,340.53831646812,239.30318789033197,201.4605883059304,479.65266650020146
2026-03-23,1228.259460601384,164.05884544976553,341.737577026598,244.8613378430505,204.30390429426794,488.05544413658464
2026-03-24,1225.1824403503833,159.66394128739012,328.59120913060343,241.48217924738896,204.42574934020263,479.05477389517375
2026-03-25,1249.5182808245688,158.93575861761101,329.1455484438874,246.6907567777996,205.22187732021865,480.6464723046784
2026-03-26,1197.4901127301991,156.76400987547962,317.8206995951451,241.83173388970482,205.44122820601052,442.3895886329327
2026-03-27,1171.475868438235,152.8231587346909,310.3763641269294,232.27685509991068,202.1186161273815,424.75992579527383
2026-03-30,1155.0422321777257,153.76125200676333,309.42601387333804,234.15287539363788,200.35576220148616,433.3728271681057
2026-03-31,1219.588081447347,158.56308640245547,325.3328851450814,242.68236426598548,206.17236057142995,462.2573135936965
2026-04-01,1229.0287423715974,158.22040141619894,336.45414920177694,245.36239579702323,207.66713552752933,467.9938347415313
2026-04-02,1240.4972475622262,159.97235515490488,334.62133332319956,244.4302085975329,207.90271669002692,464.1398880142165
2026-04-06,1242.2455181037542,159.7239157451882,339.3956437069222,247.94918905012082,210.2910882121127,462.97643332973627
2026-04-07,1245.4623786321065,159.47119244562882,345.58416536626436,249.0911268149927,205.93676699097,464.61655348823234
2026-04-08,1273.294760189348,160.34502737006042,359.0020717766806,257.80703890324475,210.3235984373733,494.8099572836016
2026-04-09,1286.0920150894497,159.8053096521999,360.3257356672748,272.2558782653733,211.6152652023488,507.71309472048074
2026-04-10,1319.0992347176725,158.86293249028478,358.91155893854005,277.76742685911375,211.60714385501484,508.9007355996662
2026-04-13,1323.854445126746,164.64568595589597,363.51617502419145,279.5269170854077,210.5673133651672,512.6739794119953
2026-04-14,1374.204423063043,168.3894781639196,376.6399147106509,290.1654686063571,210.2667241701107,535.2644282220068
2026-04-15,1390.7080328771542,176.14693453947757,381.4029282630483,289.5595442596896,216.440761166449,542.6088377219245
2026-04-16,1387.071651516747,180.0192434427828,380.15841128549994,290.9578161689291,213.9792726824326,546.8828838433936
2026-04-17,1410.358422836163,181.10297586892713,386.5619182088684,291.95991429688263,219.52779208258045,556.319843421537
2026-04-20,1413.0158154252558,179.08115017071037,381.74235140607544,289.3031923353299,221.818657764809,542.0674618371771
2026-04-21,1397.771088596868,181.68981637505757,375.93847476194605,291.2025221985422,216.2295564639157,540.3950111531058
2026-04-22,1416.0928356762565,185.44217636276662,383.89192767126013,297.5530197138328,221.9161884405908,545.1457721081717
2026-04-23,1396.0926847790895,178.08736633068264,383.40543843969687,297.22675686101,222.12736830719956,532.5658905674643
2026-04-24,1456.4426847490436,181.8868491066616,389.6391819712245,307.60893867760774,220.20203776277495,545.3962719819037
2026-04-27,1514.7647336227665,181.97252690351598,396.3594492812002,304.2647355461778,217.39935334703202,548.2968384016059
2026-04-28,1490.708680533137,183.87011979629384,395.7258939611009,302.6101294925706,219.91771609831102,542.414903928054
2026-04-29,1463.2959266378034,181.81830686917806,395.9069196373821,306.5019919369514,219.47903916265184,540.6212261129706
2026-04-30,1395.6031903934322,174.67340743938738,435.34598877848094,308.8557428351744,220.4376561791594,494.3979035011553
2026-05-01,1387.770959733358,177.5262291636085,436.35292682935255,312.5844916331358,227.5784315393393,491.8447791723299
2026-05-04,1387.980666734459,177.17497639766654,433.5923889067189,317.00068604099056,224.88942115034786,493.18597770810266
2026-05-05,1374.1344495094406,176.2154767769611,439.4528188012438,318.74853037253797,230.86039962741145,488.78260948433245
2026-05-06,1453.3657713278958,177.32061555173848,450.32517255305277,320.4264637756222,233.56562787514633,495.1816349287646
2026-05-07,1479.0302546817015,180.23769562360042,450.2685847557725,315.9753139035359,233.5087536078837,498.35688741690393
2026-05-08,1504.9045518664611,177.81750747175235,453.4476927344792,317.73478634983786,238.2854966520553,492.55575457749956
2026-05-11,1534.5550706889799,176.7637622745071,439.69043227480523,313.4350864494325,237.9846342618285,483.8540553183931
2026-05-12,1543.925758059628,174.6691104489641,438.2309645801154,309.74132867568665,239.7084461143016,487.1990060461168
2026-05-13,1579.240716168638,173.57253945387217,455.5067907084081,314.7634652102008,243.01785789902235,498.2114740911868
2026-05-14,1648.5418826771856,175.38018376053344,453.75319083664607,311.37264293980076,242.48120324093912,499.66580478668243
2026-05-15,1575.674308361833,180.73030365377156,448.89966444610803,307.7837515587497,244.1237271122985,496.27238295038626
2026-05-18,1554.6951686933514,181.42424140597,449.0806901223893,308.62268270030785,242.18034085071238,493.8323414217027
2026-05-19,1542.7369554573597,178.8027235320947,438.5816845544678,302.19062836180757,243.09917071606066,486.8838944808153
2026-05-20,1562.7371063545268,180.36191532845874,439.9958958300874,308.7974955814497,245.76622614773328,488.8634111184801
2026-05-21,1535.044565074637,179.90687976333015,438.5816845544678,312.81751620801845,247.99415759710445,490.73784120813
2026-05-22,1505.8136739140261,179.68365897118915,433.2756285201117,310.3239434528691,251.10843352248787,493.0647999366717
2026-05-26,1502.5269466619243,178.59328455070153,439.96193624234223,309.1237584342726,250.70999078463018,494.74534559203204
2026-05-27,1486.7226450644241,177.15091063118007,439.905348445062,316.7676614661079,252.7590787411812,513.2637770457341
2026-05-28,1498.2611238086552,183.29818775083928,441.3761475179617,319.27289789599575,254.10886156964781,513.2879632404392
2026-05-29,1476.512809199813,193.27894365302745,430.3001398803365,315.35774366212183,253.74295389297527,511.04185550562624
2026-06-01,1568.9609067504248,197.69193971715453,425.8086648423609,304.4278847525812,249.06749174919543,485.1548283573014
2026-06-02,1558.1916029465542,189.44547797107901,409.38137929819385,298.90467248410226,256.2961614464244,482.8602495139161
2026-06-03,1501.7576648917109,183.44843830926789,406.1456835222069,291.3306981607221,252.2793231862852,503.34200766270476
2026-06-04,1530.8826876681694,183.75322331596786,421.07961087770855,295.7236007790837,253.06806247874198,507.0505410643024
2026-06-05,1435.946416015344,178.86802992618018,416.9388212672005,286.6814258380088,249.9050087975054,479.11943494632425
2026-06-08,1460.7306213818483,176.75167043865133,411.2786596637828,285.7375927437719,245.1889150811309,472.9708600160431
2026-06-09,1457.5801021921018,173.17577527106903,412.3541041871861,284.5374077251754,236.2526762260968,472.3244963024429
2026-06-10,1403.180738684365,170.578624477033,403.4336839726983,277.32463393885763,237.0901932744068,461.3281688403701
2026-06-11,1434.3360628138169,167.5650848305168,405.00719093406826,281.4145832738815,240.38333752853492,459.26785056855755
2026-06-12,1436.5764984873226,167.7367941399007,407.1693768122,277.9655137497568,236.72431043365884,458.0963009127882
2026-06-15,1487.4051809941413,171.60890653449755,418.11614455383904,286.66977994326226,241.02571871750763,479.9516374825059
2026-06-16,1452.1191737752474,169.06326722321862,422.5310636951279,286.6464703737772,243.31872028924911,485.3942716848825
2026-06-17,1432.7957899957448,162.65841958919333,411.82204761458945,276.74201916167516,240.64354351024252,459.00614606993156
2026-06-18,1475.0831052794179,162.86876251064504,416.62185359928446,284.77045008004995,242.31857760686245,466.8020476575393
2026-06-22,1460.8005949354504,157.69164888426613,395.8490536053647,271.25378013741977,241.50547427240366,455.9896339943877
2026-06-23,1400.52024802954,160.52489834113243,391.8303526856921,272.79189168357766,239.30188202910995,454.65529644037827
2026-06-24,1393.239045750352,156.8846007195232,390.8794496819441,272.97833267947414,238.30986069405728,450.99182833626185
2026-06-25,1370.4151681832388,151.46279444946742,389.09081926900865,264.51875473558977,223.73060174589102,439.0229690491364
2026-06-26,1347.94126521399,160.10849638807167,381.93640125792115,271.13726784997846,230.74784321726557,444.9912334299115
2026-06-29,1365.0242133199868,158.21966778368767,400.34322330035377,279.81822447399895,229.08907665123817,454.978749774874
2026-06-30,1400.870329457257,160.12995513902698,404.5543849151718,277.7208077201436,235.28506860489534,455.53675983842885
2026-07-01,1383.2973528163388,164.9636501466381,408.90138488097045,281.63597973400954,239.36695215148026,495.6648158674764
2026-07-02,1364.0440494202912,167.6294741839632,407.4297566828357,282.7662538241429,250.95392923574522,471.39554898744063
2026-07-06,1369.0849228558263,166.01967484490058,414.84455456455896,284.5024522609438,254.23083079520535,485.4589327360331
2026-07-07,1378.7465079157248,166.92116509489176,415.48982127860097,286.6231608042922,252.60457445443856,497.82410009925593
2026-07-08,1429.0851618876222,164.5601260642666,409.70515270241276,283.8732183447912,254.82440939240027,487.74758842969464
2026-07-09,1419.7035778719855,164.99798676828263,406.2750961526171,287.8583012871203,257.1255323114758,510.68251775572105
2026-07-10,1476.9734595252069,165.31566274625243,404.3392960104912,285.8774146006983,256.3937417940553,541.1950806020363
2026-07-13,1424.9544787981802,167.84411409583822,399.0527244191546,288.17291824519657,258.0118271156389,531.1023789898969
2026-07-14,1482.8544429233802,165.24267941195947,406.97695066393925,288.3826688105781,256.0196879341242,534.5879058043967
2026-07-15,1487.755262421858,169.83597876631703,419.89344358856454,297.0869350040836,266.2975634343663,550.9804201030962
2026-07-16,1452.0490933917924,172.1841399262529,401.26016671635665,291.1792126290572,270.9811469254802,537.4183816190349
2026-07-17,1419.913605362645,169.0589833333759,392.5548354065495,288.07969774724836,271.3714186441547,522.4330596159467
2026-07-20,1423.2041784894486,172.69498396456189,398.4640455023929,291.2957426964905,265.55760189776265,522.3036387944836
2026-07-21,1451.2789569827564,170.7460498965742,392.9850132159108,288.45257973904125,266.49269929370354,520.6538935176864
2026-07-22,1484.674716785714,167.5650848305168,387.2569324370029,285.30646349825435,264.9884370144189,507.19699094122115
2026-07-23,1461.5707313444864,163.80458938228077,359.6353507217017,272.26754194011187,261.54893465680664,490.15752061394926
2026-07-24,1448.12843779301,163.85611396561842,361.95600316034904,270.4614325748478,270.7859862302183,481.3345448642497
2026-07-27,1375.8060162166382,167.03278204125255,369.67647187866305,269.62246587330566,273.949039911455,480.2670452052935
2026-07-28,1379.3066168341013,168.8572212921902,377.7704960621733,269.00489563189154,276.5266115069061,479.8950220430634
2026-07-29,1330.2982081896166,167.65094603549903,381.1665930242239,264.0992713848187,274.9898390023608,473.58711438521436
2026-07-30,1365.514241854908,193.64813111375437,377.71390826489306,274.4115600529453,271.11935884570573,435.9175603681559
2026-07-31,1405.491147911473,199.4949202171369,403.1506758925274,316.4530267280397,251.18162499219218,450.21550084580724
2026-08-03,1446.7282189119953,209.3383034315857,422.8254031535087,330.9484852291383,246.71759107426675,477.3314334830594
2026-08-04,1483.8346068230758,211.55338889420557,427.51199899675845,323.25799861831683,251.56377536353273,475.47141639107053
2026-08-05,1534.8033432669517,209.25673921702676,410.2824656940798,317.6998308856063,252.88104796673872,476.14265733351033
2026-08-06,1533.1930968952774,214.579806411411,404.98456272453313,317.2454098505956,254.02754875260948,477.05650061671713
2026-08-07,1567.9890755792496,214.6356148845914,401.07903739942105,319.8322208836851,254.7756068006225,478.8356173553963
2026-08-10,1523.111350024207,217.2413465588934,404.7241828538974,324.03868250615034,250.86926356889006,481.1161780777689
2026-08-11,1522.7612685964903,216.27546695545584,389.192698032244,317.2570379653502,248.14294962119624,484.51275892725096
2026-08-12,1568.8991590954902,211.39026046508764,388.8983931207479,311.442553868264,245.97817592800362,468.1202446285516
2026-08-13,1577.3706595948863,213.3005609210075,392.09069800944303,308.9373174383761,248.4277928400761,481.1566035746332
2026-08-14,1576.390495695191,212.66522206564846,391.56997281505636,306.0475353419568,248.97304072806014,477.01602576027176
