Date,nvda,msft,googl,amzn,aapl,meta
2023-01-03,100.0,100.0,100.0,100.0,100.0,100.0
2023-01-04,103.03179136448838,95.62568311344226,98.83301496942298,99.207643547432,101.03143448632592,102.10838820370253
2023-01-05,99.6507264497246,92.79154918174424,96.72349599934154,96.85388375921303,99.96002379465135,101.7636670809992
2023-01-06,103.80021187031976,93.88512021552029,98.00267202857303,100.30296217333377,103.6379773702667,104.23281827025035
2023-01-09,109.17219811650945,94.79921983417546,98.76569173350984,101.79445458052155,104.06174748003811,103.79185214042256
2023-01-10,111.13518343955559,95.52131733158448,99.21452482189139,104.71918325117645,104.52546898062971,106.61375155374697
2023-01-11,111.77785184648069,98.40972042180204,102.69298125684838,110.80167405736483,106.73226221834813,106.53357925920406
2023-01-12,115.34055423064274,99.55337497833492,102.25535863161184,111.01141573275038,106.66826554945041,109.5959832162627
2023-01-13,118.05101473010171,99.85390231603868,103.36623952614114,114.33232707468726,107.74764790839271,109.81240028594004
2023-01-17,123.66050378558286,100.3213900136102,102.43491604978172,111.92030225275164,108.69117072401784,108.51368808966957
2023-01-18,121.39015560169715,98.42641056252718,102.24416544190773,111.23281219287841,108.10748338558756,106.6378143480149
2023-01-19,117.1148780209982,96.8068970368974,104.40977991131643,109.15870500850818,108.15544986910027,109.14702083480125
2023-01-20,124.61755243977366,100.26712740538137,109.98653621648941,113.31857416199121,110.23427458355172,111.72837868470793
2023-01-23,134.07617476457037,101.2521797729905,111.97259326772824,113.63318223007151,112.82484931842865,114.85487605378071
2023-01-24,134.57912974526553,101.02678426971268,109.62745592703145,112.23491032083194,113.96018843904767,114.75067798465336
2023-01-25,134.98429534289914,100.42990867977713,106.84468732437769,113.23700844878547,113.42449239865854,113.43593626543212
2023-01-26,138.33043357032201,103.51447987613139,109.42547758257157,115.61407780648952,115.10356746688765,118.08560851166435
2023-01-27,142.26337486477675,103.58126664019476,111.5013392530567,119.13306714907341,116.67865725360616,121.64502639935328
2023-01-30,133.85960393096494,101.30644893151003,108.77468342317107,117.1638352473939,114.33600447257062,117.89320487667693
2023-01-31,136.47921898825982,103.43516895623344,110.9066233195425,120.17012074125853,115.36739553347172,119.42437600547002
2023-02-01,146.30108954438802,105.49710876718419,112.69075384664416,122.52388941947348,116.27889520011956,122.75131028084736
2023-02-02,151.65210375369412,110.4432725828805,120.89315953603193,131.56607325054435,120.58848398678154,151.33076507222478
2023-02-03,147.39784494794247,107.83455380533245,117.57179640935256,120.47308291459228,123.53085429163238,149.53501426553504
2023-02-06,147.32098086370073,107.17503123506124,115.4622774392711,119.06315622061024,121.31608318301417,149.15822792698287
2023-02-07,154.8934685959605,111.67874911456445,120.78094262721608,118.9815905074045,123.65075809314989,153.6155088781222
2023-02-08,155.11702343166087,111.33234354073869,111.5013392530567,116.58122047021145,121.46798531898054,147.0498335533331
2023-02-09,156.03908530671453,110.0342200287191,106.60905168032147,114.47214893161362,120.6284601921302,142.63265725930697
2023-02-10,148.5504990757214,109.81718269638525,106.11534219247814,113.73805751276225,120.9247332546754,139.61038263915052
2023-02-13,152.20398681025134,113.24818566772812,106.16023586538081,115.98695090828643,123.19894756621896,143.84317622961186
2023-02-14,160.4680777021645,113.6029756136607,106.23876956443897,116.17338301418691,122.67845042451144,143.88325620693607
2023-02-15,159.02201536400338,112.69493501391085,108.77468342317107,117.87462598675621,124.38407703819247,142.0233996483377
2023-02-16,153.69896387054197,109.69471846130003,107.1700930407984,114.36728253891886,123.08682311937358,138.23953141965427
2023-02-17,149.40974499311815,107.98329780673997,105.86847881183601,113.26030912827456,122.15795328280392,138.592291983622
2023-02-21,144.2892295604098,105.72788205913366,102.99595741025864,110.20741338543583,118.89878830037168,137.95093830706767
2023-02-22,144.98077930513318,105.24248586676525,102.83886410198102,111.61734007941789,119.24312710454342,137.18132376711804
2023-02-23,165.3091262212155,106.60659700738178,101.98607432467972,111.65229554364949,119.63548202128477,137.9188545813771
2023-02-24,162.6685190964384,104.28425693960723,100.01120182642455,108.94896333312265,117.48141965654335,136.5961166105222
2023-02-27,164.17045345135898,104.67758224577766,100.84155340399494,109.25192550645639,118.45035254931126,135.91469529653816
2023-02-28,162.17953211993307,104.36793690340771,101.05473357487938,109.79958481940729,118.04194263265646,140.2437030443877
2023-03-01,158.56096439587782,103.04985465559946,101.39137566460643,107.39920589221823,116.36036129705292,139.02516314266015
2023-03-02,162.8640978625615,105.07510628829218,103.23157578087397,107.35259564324411,116.8408077898264,139.9150176145824
2023-03-03,166.88785789171538,106.82418456413514,105.0830209071683,110.58028648723277,120.94076344006042,148.50889033868938
2023-03-06,164.5407123922504,107.48534470708344,106.74369815214774,109.24027072171387,123.18295460262665,148.22831815752542
2023-03-07,162.71014268062558,106.34715964329213,105.31866518794497,109.00722836683929,121.39718946928485,147.91564991077638
2023-03-08,168.9494071143078,106.15888463745911,105.75627917646106,109.43835761235687,122.41417569641509,148.28442765780042
2023-03-09,163.74421566384808,105.5814306594741,103.59063879689103,107.49242639016646,120.5884219504604,145.65494421935793
2023-03-10,160.4533885964199,104.02064704033629,101.6943345445758,105.72128137912998,118.9148308930209,143.907319001204
2023-03-13,160.46037259851482,106.25092277220357,102.23293770532183,107.702168065552,120.492327689,145.02162381412072
2023-03-14,168.12496102379328,109.12564230513115,105.4420925599058,110.5569769177477,122.18996402451701,155.53953288810172
2023-03-15,169.27778875009466,111.07139305949538,107.84335994681162,112.0950795739096,122.51030717966817,158.5297484623566
2023-03-16,178.4515626070385,115.57382708201973,112.56730056452196,116.56956568546892,124.80047723301134,164.28569225018842
2023-03-17,179.7371264343411,116.92540096622028,114.02602537520288,115.2994608484132,124.11983953188881,156.81416995020976
2023-03-20,180.95983424278927,113.91262095603065,113.57718365010089,113.85457869019955,126.04169994656812,158.57784937110344
2023-03-21,183.0489055080541,114.5611783396559,117.72888971763021,117.23374617585709,127.54714775916433,162.0651158956721
2023-03-22,184.92837658807593,113.93770856944403,115.9896787735926,115.00815345982198,126.38600152894716,160.18115952312232
2023-03-23,189.97986657751716,116.18474649523421,118.491909422567,115.0198082445645,127.26686766021145,163.76462786518468
2023-03-24,187.10128258594497,117.402432437354,118.31237791455848,114.34397296943379,128.3239045362757,165.15148392784272
2023-03-27,185.3685423185792,115.64916852574834,114.96856795142779,114.23910657673902,126.74635811123969,162.61021839515476
2023-03-28,184.52311751431486,115.16795796914263,113.36398620577557,113.30691937724866,126.24187874765293,160.87861036005714
2023-03-29,188.53357722590363,117.37733172335922,113.76793425797487,116.81426282508605,128.74031713835882,164.62241095131085
2023-03-30,191.32135583650918,118.85861446416854,113.20690153421837,118.8534145452247,130.01352577910018,166.61854930472714
2023-03-31,194.0741877291751,120.63697908976899,116.39361818907146,120.356561737155,132.0474734188322,169.90541594267478
2023-04-03,195.3877276260549,120.18926671984629,117.10053375796056,119.33116292971239,133.06447205322667,170.8112875976533
2023-04-04,191.81046299660696,120.16831889016066,117.50447317343942,121.12560862023795,132.63206648755127,172.13402556850818
2023-04-05,187.81393122801057,118.97995204925189,117.22396976664187,117.80470616829706,131.13460895311908,169.53662585575626
2023-04-06,188.90390293545752,122.01783277343633,121.65618787768919,118.92332547368787,131.85529730317566,173.24034646968576
2023-04-10,192.69078110388097,121.09310203296133,119.4344692722328,119.0515014358677,129.74926345826808,172.15807602288163
2023-04-11,189.82616511649863,118.34808480635179,118.2113801056081,116.42973493854656,128.7643127873794,171.43658707146784
2023-04-12,185.1170381207666,118.62429746494578,117.41470310107493,113.99440943712192,128.20377740400204,171.55682700344047
2023-04-13,184.8934031626713,121.28137048850365,120.54531561988031,119.31950814496987,132.57599806049646,176.647428359817
2023-04-14,186.95457848075387,119.73315687723536,122.16111646539798,119.4476841071497,132.2957303688078,177.56133328611267
2023-04-17,188.6593560322749,120.84619537499694,118.90706793791131,119.71568192625588,132.31174814692855,175.4529265725684
2023-04-18,193.30561365542002,120.66627198981719,117.25761842951776,119.20298696753258,133.30470150324552,174.67531578098513
2023-04-19,195.1501647249672,120.69973087475596,116.89856405022114,121.53344607626249,134.23358374707942,172.91965729151408
2023-04-20,189.37203138180553,119.72061962081939,118.14404823297451,120.96247719382653,133.44881187727552,170.8112875976533
2023-04-21,189.4768448281595,119.57412891941557,118.27871197824169,124.63295206807533,132.1435800875568,170.66697253151827
2023-04-24,188.9388496533972,117.90453842131967,118.90706793791131,123.7590299023016,132.39181222300397,170.58680023697534
2023-04-25,183.34232707216879,115.2474522971804,116.52826466089775,119.51759503561289,131.14262404581157,166.38607803231005
2023-04-26,188.3379717523155,123.59537858649705,116.37117135262012,122.32580252883048,131.13460895311908,167.86916059225078
2023-04-27,190.22441348069978,127.55382406626588,120.72486440132974,127.96550930475877,134.85821505746827,191.2457826868072
2023-04-28,193.87855554812197,128.5706518941017,120.44432644765037,122.87345295178538,135.87517647007004,192.65672622352213
2023-05-01,201.99030705973112,127.85931652432667,120.28723313937274,118.91167957894133,135.80311507942292,194.9494786209477
2023-05-02,197.09950253340335,127.79653853817688,118.17774007945265,120.75273551844101,134.96231200435693,191.79090986607883
2023-05-03,194.2488679039434,127.37390068108611,118.27871197824169,120.77604508792605,134.0894361512567,190.019246533446
2023-05-04,192.57202636080208,127.79653853817688,117.47081587384307,121.1838736539546,132.76018389798895,187.20538039143872
2023-05-05,200.38333224500414,129.98915664876122,118.4582434862502,123.11815898139848,138.99019385667958,186.61211528373676
2023-05-08,203.67415931243235,129.1522915078494,120.92682547234872,123.31624587204149,138.93412542962477,187.00499284471218
2023-05-09,199.62174217334402,128.46186466601574,120.45556282095673,124.23677828678932,137.54877993477376,187.0851281195716
2023-05-10,201.8156402386953,130.68380187781113,125.39272679315374,128.39664744027235,138.98217876398712,186.85264450726
2023-05-11,199.67064354174101,129.76319782048247,130.80113614330185,130.7154517642597,139.13432904523805,189.02515697271292
2023-05-12,198.00781006398708,129.28617944993016,131.85591290178346,128.47821315347804,138.38052570695197,187.43785166385584
2023-05-15,202.2907526871382,129.49122975026754,130.73382154410916,129.5735228893838,137.97962218515622,191.48628723054145
2023-05-16,204.10731433337568,130.44526649137217,134.10006970697074,132.1370332429843,137.97962218515622,191.45420350485088
2023-05-17,210.84965393134553,131.6782015102612,135.59245181724805,134.5840135291515,138.47679367011156,194.3963305102534
2023-05-18,221.3299169144118,133.57369843431022,137.82538952256985,137.6718736262178,140.3692240540376,197.8916056263502
2023-05-19,218.4373782723822,133.4981997836046,137.7468385500708,135.45793569492523,140.45743970271204,196.92159119977956
2023-05-22,217.82254572084315,134.68916053963392,140.31641834511973,134.01305353671157,139.68763099356937,199.07006555075355
2023-05-23,214.4129639103361,132.20654795880495,137.5224306426005,133.9897439672265,137.5706415343468,197.80342474027916
2023-05-24,213.3649229229237,131.61529251829725,135.65977505316118,136.04055047210767,137.79516338785066,199.78355825053367
2023-05-25,265.3612057779464,136.67693795918356,138.55473465446943,134.00139875196902,138.7173457090004,202.5733492583785
2023-05-26,272.11050267054617,139.59986108143465,139.82269158383548,139.95572248597358,140.67394646352335,210.06893435262506
2023-05-30,280.2501901905351,138.89532491341498,138.7679407355152,141.76183185123764,142.17345119655346,210.45374162259986
2023-05-31,264.34114086011124,137.7127485294925,137.8702745587521,140.50338179892447,142.13335091856248,212.21740870359906
2023-06-01,277.8676973611556,139.4698509114533,138.8240448715629,143.05522847778644,144.41071667522044,218.54256714475943
2023-06-02,274.772489121048,140.6524403959572,139.8900061830282,144.7797721298448,145.10031242111694,218.54256714475943
2023-06-05,273.68253076733356,140.87888394574838,141.39361602989135,146.00326671792638,144.00174843167528,217.5645564665551
2023-06-06,270.0703728348759,139.9311485843053,142.85233220385183,147.52971458934573,143.70507833667472,217.3480653575108
2023-06-07,261.85991053266304,135.61175588533794,137.45509876996692,141.2607827872609,142.5904345327911,211.31953330025416
2023-06-08,269.0920516848204,136.40018817675147,137.0511507177676,144.7797721298448,144.7956024188954,212.1051403434711
2023-06-09,270.9088269907778,137.04177605106293,137.15213988999756,143.8242842508654,145.10833992107365,212.4017914071638
2023-06-12,275.8840003990095,139.16370342432168,138.7342747991984,147.48310434037165,147.37765336324642,217.29196819713033
2023-06-13,286.6448653629952,140.1869636376332,138.94747224352372,147.58797962306238,146.99274280504298,217.50843462638562
2023-06-14,300.44541374737383,141.46601270310975,138.7679407355152,147.3083181292177,147.50594447538333,219.13579523277792
2023-06-15,298.0417151907921,145.97827216169682,140.36128610786108,148.11232936652823,149.15786004221323,225.93394182998418
2023-06-16,298.314211456087,143.55856857283183,138.61084742723756,146.22465428805845,148.28380549901118,225.26857471873987
2023-06-20,306.11231049885134,141.76373651639034,138.12834840253922,146.5625719256238,148.3559413332437,227.9380887749286
2023-06-21,300.7807793852556,139.88081615050157,135.26704610082732,145.4556074049755,147.51397197534007,225.78164285210994
2023-06-22,300.64107263589193,142.45984901055894,138.18446981202783,151.6546193886012,149.95170162216914,228.37901788507287
2023-06-23,294.93918910527725,140.49307182302059,137.27555862523792,150.69914039961776,149.69508217610263,231.46547229650497
2023-06-26,283.9197157577916,137.80081063777692,132.78723637814292,148.36868129088788,148.56444540862674,223.2403402997385
2023-06-27,292.6123012180073,140.3043579477101,132.77600000483656,150.52434529846784,150.80168607276525,230.11859749201514
2023-06-28,287.30867940532625,140.84112807010487,134.85186167532166,150.36121387205642,151.75590395015655,228.7077033148782
2023-06-29,285.24739725738374,140.5056352805994,133.64002615544422,149.03286178127607,152.02857839613654,225.69341260646092
2023-06-30,295.5890084359534,142.8079576599689,134.3132671512961,151.89932541821432,155.5408267543298,230.06254969121267
2023-07-03,296.3645932192684,141.73857029948846,134.5376923322073,151.7361939918029,154.3299646163435,229.29288579168508
2023-07-05,295.6938085285749,141.805645276343,136.61354536597196,151.92263498769935,153.42384970237143,235.98680963997495
2023-07-06,294.1984575637744,143.1140789459377,134.77332797626354,149.5688663094844,153.80873544604643,234.0788645125242
2023-07-07,296.99350060485733,141.4156540681432,134.06642104409485,151.2234901430836,152.9026329393386,232.9084501993325
2023-07-10,294.73647944600174,139.15531905221485,130.66648967147557,148.1356300460173,151.24272709434464,235.7704172500866
2023-07-11,296.308641080114,139.42372376428438,131.44072847627783,150.05826058871864,150.81771625815026,239.12938589157648
2023-07-12,306.76912718535505,141.40730899778063,133.44927554757024,152.41202926693362,152.17289969365845,247.98780127389665
2023-07-13,321.2683962688069,143.69696311491998,139.74414924805689,156.4903327072109,152.790334790794,251.2505927776819
2023-07-14,317.71873380442634,144.7788877318164,140.73158549718448,156.93310784747504,152.9106480320311,247.61099025555552
2023-07-17,324.6503892679791,144.9844096530848,139.86757662001773,155.62805643618373,155.5568321251863,249.01393754063685
2023-07-18,331.8685624159466,150.75473104571856,138.8689212710247,154.77744383989508,155.3483528643317,250.1603384191386
2023-07-19,328.95472457058736,148.9053743694199,136.92772334580675,157.72547319003905,156.4469292610376,253.33492435706373
2023-07-20,318.07511821725535,145.46247607015047,133.7522344275396,151.43324070846512,154.86723637928984,242.52038889917898
2023-07-21,309.61307159483493,144.16245297382545,134.6723388040336,151.47984206744326,153.91299368737006,235.89867811348188
2023-07-24,311.7303058819319,144.72437621254068,136.36668198532985,150.0815701582037,154.56251396980406,233.77426655677579
2023-07-25,319.18609534591707,147.18601476252118,137.12970169026667,150.46609804474318,155.2601372156573,236.06701895420136
2023-07-26,317.59988558521997,141.6463029045692,145.05159533613642,149.3241602798713,155.96581277599572,239.3538732522545
2023-07-27,320.7303743865796,138.68986849505367,145.1974522711077,149.44069034730458,154.93938462078657,249.88779950929177
2023-07-28,326.669794110817,141.89789957068083,148.76569605187007,154.05500720578624,157.03230398740317,260.9267236086985
2023-07-31,326.52309000562593,140.87047337247876,148.92279799686816,155.7678782931101,157.5294754723585,255.41121032523395
2023-08-01,324.97181360913595,141.04662379021042,147.6099646680403,153.4490828591187,156.85588509731855,258.7060855547097
2023-08-02,309.33360468117763,137.33952606550633,144.0529486238638,149.39408898832647,154.42619535771044,251.9721310886736
2023-08-03,311.05249712794597,136.9872645317872,144.1315082330833,150.20974612038353,153.2955461829703,251.07423100553973
2023-08-04,312.2055118065023,137.45694657674602,143.74996383373312,162.63109743711195,145.93426668632804,249.10211842670788
2023-08-07,317.35535203576984,138.43404034114437,147.5874746479867,165.71894864418226,143.41638611257397,253.775853467208
2023-08-08,312.0936609431234,136.73142327729647,147.44163498645634,163.06222668262956,144.17814250723143,250.63332657518447
2023-08-09,297.34988501768635,135.1295103828003,145.48920068793205,160.6269011812049,142.88712944232014,244.67690886136464
2023-08-10,296.1899263982326,135.42304201002744,145.52291844457156,161.4542042080085,142.71072295949978,245.10179610866362
2023-08-11,285.477962802644,134.61788027614455,145.37699241583667,161.27942688685053,142.75890036650438,241.8149664903995
2023-08-14,305.72796337017763,135.88851876835147,147.36309265067774,163.79632699147692,144.09984026267668,245.4625405843705
2023-08-15,307.03465280228744,134.97432089533567,145.62386443319923,160.41715061582335,142.48587851712597,242.06349196555638
2023-08-16,303.86228669582323,134.64654434828472,144.41200300316044,157.38756444246968,141.77929722649876,235.92271622796082
2023-08-17,302.87010437143783,133.16729219759503,145.78094910475642,156.117450715418,139.7156714107289,228.54735872579238
2023-08-18,302.55559726371337,132.9991855368533,143.020627338554,155.23188265489773,140.10910575945826,227.07234645685224
2023-08-21,328.1860570207048,135.26849445105222,144.04172088727793,156.93310784747504,141.19310362069405,232.40340299738506
2023-08-22,319.10917784674535,135.51224386889515,144.83838061837017,156.43206767349426,142.30922388902098,230.55955128194844
2023-08-23,329.22724754334723,137.42017324470876,148.53005177109338,157.9119141859355,145.43276506615646,235.88263625063658
2023-08-24,329.55566924033155,134.4658611293828,145.62386443319923,153.62386018027667,141.62672509826396,229.8781423078589
2023-08-25,321.5549406606866,135.73080086867336,145.73608997873552,155.27848401387584,143.41734147191966,228.87606883538666
2023-08-28,327.2636880098038,136.03337189707815,147.0040123612198,155.1386621569495,144.68600905395292,232.69198377007717
2023-08-29,340.8825188023892,138.01271254219535,150.99861648375102,157.20112344657323,147.84163541638685,238.88890602763126
2023-08-30,344.23657579318166,138.1724086296674,152.46858630445874,157.38756444246968,150.67609974423044,236.5720661561488
2023-08-31,344.872480534598,137.73956541965288,152.7939661107181,160.81332439710937,150.85279159412812,237.20539890128046
2023-09-01,338.96094340381035,138.1177661045775,152.22169701365527,160.9415003592892,152.12947426885387,237.59822710267792
2023-09-05,339.23349308403516,140.17276260737728,152.34515029577744,159.95106590607418,152.32220871140078,240.62048938293987
2023-09-06,328.8700084916385,139.891231112728,150.8752322953924,157.72547319003905,146.8700721836022,239.83488233972298
2023-09-07,323.1397883406692,138.6430732182325,151.77288119871463,160.6269011812049,142.57420583117846,239.4340578866919
2023-09-08,318.4646465941372,140.4753467363635,153.02957584461296,161.069676321469,143.07203490113798,238.8087954325608
2023-09-11,315.71132061336897,142.0176650859942,153.63552815143348,166.74435634162086,144.01955285584515,246.56084055412543
2023-09-12,313.5589393023449,139.4247456096349,151.8626512710791,164.56536498456384,141.5624802840817,241.8310083532448
2023-09-13,317.85662444617066,141.22758212132214,153.39988387065682,168.78350806175953,139.8842861316129,244.556668929392
2023-09-14,318.5275426741891,142.3370441603569,154.95960649028814,168.63202253009464,141.11282862112674,249.89574640134742
2023-09-15,306.7804244430459,138.7733585004236,154.17409676529772,163.58657642609538,140.52664742258628,240.74879960591312
2023-09-18,307.24166236342637,138.28585966473779,155.08302522552853,163.10882804160767,142.9034325875182,242.54447637323588
2023-09-19,304.1249279065367,138.11357391852408,154.89222279733184,160.37054925684524,143.7866809135146,244.56466518102565
2023-09-20,295.1730396687313,134.8020613502848,150.0673189175529,157.64389858683734,140.91206667862312,240.23568211296507
2023-09-21,286.63356810530433,134.28095952326458,146.36442866496427,150.69914039961776,139.6594416892391,237.07711335809623
2023-09-22,290.7775517881115,133.2219216221035,146.15123985735937,150.45443437000466,140.35000520174552,239.76266927713024
2023-09-25,295.05429827938497,133.4446577073537,147.11627245363786,152.9596885798845,141.38581324871248,241.16559188242252
2023-09-26,292.8809783158086,131.17533569257338,144.2661547049096,146.7956231704944,138.07761475804375,239.66649213942551
2023-09-27,296.77335097094317,131.4484697145344,146.47667148394143,146.7956231704944,136.8490722685299,238.68848146122122
2023-09-28,301.1130202497335,131.80568326802913,148.4627371719007,146.7956231704944,137.05786171099027,243.67481070910338
2023-09-29,303.9781703864156,132.69240922181368,146.8356826796358,148.12398415127075,137.4754033741183,240.66859029168674
2023-10-02,312.94397321348094,135.2348914597179,150.54978339536947,150.85062593128265,139.51494669001795,245.96761246610694
2023-10-03,304.10396254651937,131.70062970564697,148.5973490968452,145.32743144279567,138.43092401425372,241.25377276849358
2023-10-04,307.7657963638587,134.0414153920565,151.75044299898371,147.9841534043484,139.4426619686147,244.97355992505737
2023-10-05,312.2871031120473,134.2094958516354,151.55967511766883,146.77231360100933,140.44636001575475,244.34020250013666
2023-10-06,319.79243492358927,137.52943209372575,154.37610965663941,149.10277270973924,142.51800092421712,252.8699324526515
2023-10-09,316.37513465570004,138.60530424200758,155.31866950630518,149.45233624205113,143.72246091386077,255.21885604982452
2023-10-10,320.0439391214018,138.0043281700885,154.91471281738544,150.87391772077572,143.24066202928623,258.0086347177749
2023-10-11,327.0880330125633,139.69789273217734,157.7086918831842,153.61221428553014,144.37284970479084,262.80260969024766
2023-10-12,328.05941022172135,139.16838033188753,155.93579772938892,154.1948290627126,145.10356312434516,259.86852829605675
2023-10-13,317.68898168842725,137.72696266032983,154.12923763927685,151.23513603783013,143.61006350720234,252.27670436463302
2023-10-16,322.11948305564914,139.79036973639927,156.0817064846829,154.45118098707226,143.50563156417945,257.4554866070806
2023-10-17,307.0459500599783,139.54662031855636,156.7773597701043,153.19273093475908,142.24499148210293,259.7402427528725
2023-10-18,294.87258068759166,138.72711344802192,154.80250454529005,149.30086849037824,141.19310362069405,254.10451421722433
2023-10-19,294.20873993779566,139.23561251571905,154.5668429910725,149.61546766846254,140.88799658601718,250.76958369021338
2023-10-20,289.21919791339917,137.28150359041084,152.15439968790346,145.8517811862615,138.8163432702906,247.4346531632024
2023-10-23,300.3163899840062,138.39513161433618,153.16423958988014,147.4714495556291,138.91268567703557,251.7315771853614
2023-10-24,305.1242144166095,138.9036437826147,155.75624031121905,149.80190866435902,139.2659825259813,250.5611628721697
2023-10-25,291.95852918251256,143.16493540299814,140.94477430478935,141.44721489316137,137.3870760600658,240.12343843262607
2023-10-26,281.8047516052188,137.79418174357997,137.20823538932478,139.326497459817,134.0065804407296,231.16082498117856
2023-10-27,283.020662363827,138.60104655304707,137.08481665408442,148.84642078537956,135.07452330205194,237.87878694394738
2023-10-30,287.63985197120456,141.75288923497712,139.65437917569238,154.63762198296874,136.73667486187148,242.63270661888495
2023-10-31,284.97735807886795,142.08908945587916,139.2279929237622,155.08039712323284,137.12209411790835,241.51836478628476
2023-11-01,295.7740911683354,145.43427051835985,141.88733415445515,159.63644894799788,139.69156409633027,249.99999383005274
2023-11-02,304.0271251697426,146.37977878096208,143.05429327487082,160.88325310556453,142.58225814566364,249.21436210704684
2023-11-03,314.5023270881933,148.26247643696675,144.86086200170334,161.5008233469786,141.8435172261526,252.20456534140726
2023-11-06,319.71554413188255,149.83002650640637,146.15123985735937,162.82918432775494,143.91514572735073,253.16658351634428
2023-11-07,321.1411619055936,151.5110014097536,146.95915323519887,166.2899175266182,145.99482654303407,255.58762145695408
2023-11-08,325.4668097652641,152.63304000694856,147.9353617477406,165.55581721777085,146.85401718368874,256.3571866373257
2023-11-09,328.0943702933935,151.5782335935851,146.14002939421437,163.83128245570848,146.46858552038765,256.9745268791901
2023-11-10,337.77299536104687,155.3520263782827,148.77692378845597,167.28035197983323,149.86959034749583,263.5642279785636
2023-11-13,339.76457102536506,154.09547101109894,148.21586515453814,166.15007788969987,148.58318037761384,263.9009096600026
2023-11-14,347.00424368264964,155.60416016823243,149.93265517228573,169.89047258240782,150.70579032753255,269.60875253908756
2023-11-15,341.6374053003368,155.66733117182474,151.0547378932396,166.86086862906217,151.16406503912725,266.7227720536435
2023-11-16,345.77439162731656,158.40444874783987,153.64675588801938,166.4297393835446,152.53092371027574,267.90927758925847
2023-11-17,344.5025287295539,155.74314423648437,151.8289680613214,169.168018168307,152.5148314885696,268.59066188355905
2023-11-20,352.2664155096659,158.93926688360355,152.88373618308256,170.27500046894727,153.9299047885154,272.54285861306744
2023-11-21,349.01689153684504,157.09908061429672,153.69163228748118,167.67652576111922,153.27864748908922,270.14588346672554
2023-11-22,340.4354625459185,159.11193254667836,155.3972118420838,170.95083574407798,153.81733368015773,273.761373835006
2023-11-24,333.8665745793274,158.93506159696872,153.37746294436684,170.9857912083096,152.7399612980207,271.14798161898676
2023-11-27,337.1230424930457,159.43195354953048,153.06329360125247,172.13935708793602,152.59521815351496,268.3181229737122
2023-11-28,334.1810015646568,161.154260787248,153.94969749454785,171.32369995587894,153.08568971578617,271.75722689006153
2023-11-29,336.41024695992263,159.5330376357433,151.46992231874526,170.49639692907533,152.25754205023466,266.3139513489788
2023-11-30,326.8364486923558,159.55826935555226,148.7096091892633,170.22838132997717,152.72384426178607,262.26550344239865
2023-12-01,326.80151532814864,157.70546722634097,147.95779994747147,171.32369995587894,153.76104192234678,260.3976136124831
2023-12-04,318.0314248045314,155.4441758679692,145.05159533613642,168.771844387021,152.30576908629618,256.5495902723131
2023-12-05,325.43948802857915,156.86744923426446,146.9816087083707,171.148922634721,155.51381614010134,255.16273420965504
2023-12-06,318.01043273704914,155.3009603119196,145.8931746502927,168.39898017522003,154.62941393853157,254.48934616698816
2023-12-07,325.6491683362171,156.20635459422326,153.64675588801938,171.148922634721,156.19723306841135,261.81657808062073
2023-12-08,332.00901697433,157.5875488930074,151.46992231874526,171.77813877088158,157.35505415181493,266.7548310995451
2023-12-11,325.86581929221745,156.35370993400056,149.56236441968278,169.99533897510258,155.32084595953407,260.76637901961266
2023-12-12,333.0642556235572,157.65071989659972,148.69836417923648,171.84804969934478,156.55101380066202,267.93329102394836
2023-12-13,336.0764303550103,157.64650150938348,148.75446831528416,173.43276260448079,159.16408290558772,268.3501326600358
2023-12-14,337.90744073980744,154.09244477679164,148.04755274639504,171.77813877088158,159.28468151390211,267.091537460773
2023-12-15,341.68139249517566,156.11372038302432,148.78813425160095,174.74947769051062,158.85053893123452,268.49446006606536
2023-12-18,349.9771050256372,156.92222276516853,152.37879895865333,179.52692597540369,157.49977248179218,276.2706173414759
2023-12-19,346.6713885464769,157.17907276442835,153.332586544905,179.20064534258887,158.34399996178564,280.8721886789612
2023-12-20,336.2371825867863,156.06739672713414,155.2288994339407,177.25471412039846,156.64750509457778,280.00639700130694
2023-12-21,342.38032685396877,157.29699109776192,157.56280040133112,179.25891037630552,156.52689407899916,283.86239191332163
2023-12-22,341.2620852948297,157.734943534529,158.7634600049454,178.7695160970713,155.6585716918713,283.3012722307827
2023-12-26,344.40007889385157,157.76862512935185,158.79712594126218,178.75787020232474,155.21633957292585,284.4556446811291
2023-12-27,345.3645388695772,157.52019880394312,157.50669626528344,178.67629559912305,155.2967262378712,286.8606407588937
2023-12-28,346.0982997627175,158.02971971699077,157.34962886716716,178.72291473809315,155.64246706290092,287.25351831986904
2023-12-29,346.0982997627175,158.34972761926147,156.74371110722842,177.0449813350089,154.7982519901717,283.7581691644053
2024-01-02,336.6354710121849,156.17264679823754,155.03813155262583,174.70285855154052,149.25854499143867,277.609397175176
2024-01-03,332.4492361197632,156.05897305328307,155.87969359334122,173.0016333589632,148.1409606659326,276.1504020892922
2024-01-04,335.4474161395615,154.93882093981213,153.04083812808068,168.45724520893668,146.25953552537848,278.2747889662093
2024-01-05,343.128082458764,154.8588287896805,152.30023934943384,169.23794687676218,145.67259748371995,282.1468504208583
2024-01-08,365.18468278809377,157.78125408983777,155.78992352097674,173.73573366781054,149.19421332640675,287.5260325499269
2024-01-09,371.38372577950076,158.24447754815807,158.15750769812487,176.38079195462475,148.856512408598,286.53997626051097
2024-01-10,379.8401638342732,161.18373709543604,159.64988117168167,179.1307344141257,149.70073988859144,296.99374256289985
2024-01-11,383.13882954267604,161.96696845602705,159.4254819009318,180.8203137119565,149.21833304806964,296.3524135661345
2024-01-12,382.3561405736737,163.5839601197341,160.06506559718733,180.16778800631084,149.4836748008898,300.21642940957184
2024-01-16,394.04132419350464,164.3419466599347,159.88552545245835,178.46656281373353,147.6424740109689,294.5806515143457
2024-01-17,391.74207853249953,164.00507830938045,158.74100453177357,176.77698351590274,146.8786331959208,295.31021075676006
2024-01-18,399.1082110365127,165.857919740336,160.99639771026722,178.86273659501953,151.66257650861942,301.53117112879306
2024-01-19,415.7694761183851,167.87918224598727,164.25043760103344,181.00675470785293,154.0183313606817,307.39938327675287
2024-01-22,416.9086296226115,166.96963507937446,163.8128149757969,180.3542290022073,155.89170418675067,306.06057876326366
2024-01-23,418.43920773373407,167.97603484440242,164.99100183279845,181.79912005041695,156.9289142545756,308.8023058820452
2024-01-24,428.845477685045,169.5172789463569,166.85364878551732,182.78955450363196,156.38216334175766,313.2114735845431
2024-01-25,430.6276134089101,170.48999711656202,170.4106475562529,183.81496220107053,156.11684640346598,315.1996280262203
2024-01-26,426.53213048252513,170.09416304905028,170.76974511915176,185.4113210009531,154.70980060347694,315.9692672459589
2024-01-29,436.5540800126273,172.53229915596884,172.25087358268178,187.9049115360944,154.15500978343803,321.48470649005645
2024-01-30,438.7135922168037,172.05647293832547,169.95062127816726,185.27149914402673,151.18819716805433,320.71504259052887
2024-01-31,429.9985991934613,167.42019027546462,157.20377193219588,180.84362328144155,148.26153445971855,312.7625482227652
2024-02-01,440.48178664394396,170.0310051460394,158.39316925234243,185.59776199684956,150.23946330145264,316.48231069954
2024-02-02,462.3776881564278,173.1639829907291,159.76207217033615,200.198086890643,149.42740785760728,380.78399545299567
2024-02-05,484.54611264167136,170.8184155921024,161.2207969810171,198.45024255909559,150.89873569357135,368.29404783954976
2024-02-06,476.7955528865896,170.7510655030381,161.69208554257045,197.09857200883417,152.2012502924237,364.5342300652398
2024-02-07,489.90640769506166,174.35566427873636,163.30789502480854,198.70659448345523,152.28967686459004,376.45498770514615
2024-02-08,486.7055180159879,174.38089599854533,163.7230794503142,197.9025832461447,151.41332697750545,376.7836731349514
2024-02-09,504.12161618087794,177.09279495533292,167.1902908752444,203.2742922029668,152.03323112022272,375.2684821695311
2024-02-12,504.92519038750265,174.86519829236542,165.54081545668947,200.81565713205705,150.66459821028934,375.90181491466285
2024-02-13,504.0866828166707,171.1006021158225,162.8590446629861,196.50431133690515,148.96596929363398,368.86321313330035
2024-02-14,516.4708275027599,172.75434091040393,163.7567281131901,199.23094422692108,148.24946219162288,379.4131812531829
2024-02-15,507.7907411361596,171.5182486513934,160.19969479557273,197.85598188716656,148.01600710787352,388.03109209176887
2024-02-16,507.47618061350516,170.46354704268128,157.67500867342653,197.51805535960523,146.76819613701068,379.4452402990845
2024-02-20,485.3847270423633,169.92775946389276,158.34827557943973,194.68655607689456,146.16438421599955,378.18662042003274
2024-02-21,471.54700186671823,169.6704116425391,159.95284005165104,196.44604630318852,146.7762484514959,375.60249843375885
2024-02-22,548.8848765373986,173.66560425318235,161.68085780598454,203.42577773463168,148.42658829576857,390.128059723115
2024-02-23,550.834681726472,173.11293002494745,161.53500087101327,203.90352611911936,146.93724511214273,388.44280033174573
2024-02-26,552.7565509071658,171.9317030009109,154.3649164669353,203.6005550557896,145.84240330197005,386.60501984440134
2024-02-27,550.02384308937,171.90635337586917,155.83483446732035,202.21392904129664,147.02582057147984,390.8664296501998
2024-02-28,542.7695614487358,172.00762087022184,153.02957584461296,201.77115390103245,146.05170144226383,388.43477940032307
2024-02-29,552.8962843639945,174.50512881212182,155.3635631792079,205.9659696287511,145.51232044439843,393.33815987740064
2024-03-01,575.0297754850309,175.28982743783152,153.88238289535516,207.66721260132041,144.63484149626893,403.1047914946536
2024-03-04,595.7025819308242,175.045147878708,149.62971356575727,206.92146639772653,140.9637925631975,399.8064610947189
2024-03-05,600.8115597386568,169.86868894228394,148.86665931393864,202.88976431642732,136.9546704943904,393.41037293999347
2024-03-06,619.9338375969799,169.63247235875576,147.44163498645634,202.17897357706502,136.1496251548349,398.1211770235607
2024-03-07,647.6735461090362,172.60669735783546,150.78544494958703,206.03589833720628,136.05299738101263,411.0417129155629
2024-03-08,611.7426046695598,171.3748103854597,151.9412108802986,204.32300946989042,137.44573760534465,406.034010970413
2024-03-11,599.4837179942747,170.65763215637273,154.477072918708,200.37288199179292,139.0719205061618,388.0896819108376
2024-03-12,642.3898480652377,175.19700981849275,155.40842230522878,204.3696108288686,139.4583571578655,401.05844211053164
2024-03-13,635.2259444861304,175.12106574801896,156.8559021058829,205.7329272738765,137.76775574116684,397.7038911512715
2024-03-14,614.6500861382515,179.390453527718,160.57000282161658,208.28478284273447,139.27317873923462,394.7024092533414
2024-03-15,613.9022771185263,175.67794526288873,158.41557290519154,203.2393367387352,138.96727763964702,388.4989221719152
2024-03-18,618.2214083567391,176.057613212932,165.70912786483257,203.30924766719835,139.8528461240544,398.8353854372216
2024-03-19,624.8122231520871,177.7831431936781,164.97975682277163,204.96387150079758,141.75273327378258,398.2415156746893
2024-03-20,631.6195820735757,179.3946981160971,166.89854245842002,207.5856379981187,143.83781124940595,405.6888888011385
2024-03-21,639.0489578546855,181.1412545300173,165.61937506590897,207.5856379981187,137.96094925249025,407.4865399515807
2024-03-22,658.9959088169754,180.87546993423115,169.17640838352634,208.42460469966082,138.69357339073596,408.9471392237491
2024-03-25,663.9792012945643,178.39484864177757,168.39091593197685,209.40341103812128,137.54236537916694,403.68257003476276
2024-03-26,646.9186863185536,177.88434518512366,169.06416556454917,207.76043309926862,136.62460004408302,397.9606349961629
2024-03-27,630.7669729612289,177.7915275657849,169.28858210873994,209.54323289504765,139.52275085921855,396.3315468045411
2024-03-28,631.5077846251266,177.49200897285021,169.35587943449173,210.18411270594677,138.0495123045631,389.6866863767688
2024-04-01,631.5566592860587,179.1162452580808,174.47261809829953,210.871593875824,136.88218725675947,394.3172317865317
2024-04-02,625.1895462174684,177.7957983553268,173.42904316624242,210.54533102300118,135.92420997830652,399.1483498414385
2024-04-03,621.7790029382218,177.37812561859306,173.8330171286031,212.54952727890824,136.57628615717186,406.66798539005856
2024-04-04,600.3991430642783,176.29386909820442,168.9070981664329,209.74131978569065,135.90810534933615,410.0225363493188
2024-04-05,615.097382761907,179.51701824478673,171.1175803985829,215.64904216071707,136.51995717756824,423.19979140642346
2024-04-08,608.9818540135244,179.12468203251328,173.7544920662654,215.78886401764345,135.61021934244104,416.7074767544152
2024-04-09,596.5481402724134,179.8376287738026,175.71813682793467,216.34816922534088,136.59239078614226,414.82159535832403
2024-04-10,608.3248503747658,178.5635710298459,175.20197186691954,216.67443207816368,135.07086315910414,417.1729869343963
2024-04-11,633.324853713199,180.53375436855262,178.8711616363096,220.2866508086918,140.91547867628634,419.8453144865302
2024-04-12,616.34141648115,177.98983106669257,176.98609375730072,216.88418264354522,142.13113001826537,410.80898250536137
2024-04-15,601.0700879997618,174.50512881212182,173.76568525596952,213.95944508289432,139.02364384104334,401.4435702177633
2024-04-16,610.9528649298002,174.90169651219293,173.24952029495438,213.6098904405784,136.3589357023929,401.0663643227983
2024-04-17,587.3296848265411,173.74574050970958,174.45016262512775,211.2328121928784,135.2479768559856,396.58034375737697
2024-04-18,591.7746616397876,170.5521331742224,175.05608038506645,208.83244215568536,134.47512836710663,402.70349812563177
2024-04-19,532.5700339839138,168.3794803497174,172.9016677420823,203.48404276834833,132.8328284300549,386.0673459614055
2024-04-22,555.7598053453122,169.15571599983178,175.35903926503582,206.513628941702,133.50904914511156,386.5970235927677
2024-04-23,576.0631407204312,171.9443450619782,177.58076650721267,209.20530636748632,134.36242077884245,398.1291732751943
2024-04-24,556.8709961336938,172.5729371595241,178.55699229319524,205.7678827381081,136.069102009983,396.04266987438115
2024-04-25,577.5239856404644,168.34573325198744,175.04488719536235,202.36541457296147,136.7694920757595,354.2154128490632
2024-04-26,613.1894014630082,171.41699425762215,192.94208932113563,209.29852686543455,136.29450477924715,355.7482498636133
2024-04-29,613.3431296314917,169.69995345363424,186.4339922661623,210.85994798107745,139.67573242717293,347.18532559490325
2024-04-30,603.8728762056918,164.24928624757297,182.65261149811775,203.91517201386588,137.12373187678668,345.2191855250076
2024-05-01,580.382432203434,166.6160241857694,183.8644470179952,208.5760902313257,136.29450477924715,352.4579157153122
2024-05-02,599.7842303903443,167.83948748429404,186.96140223720425,215.24120470469254,139.29733568269017,354.4561395108984
2024-05-03,620.5558010416713,171.5604194229744,187.65705552262565,216.97740314149345,147.62959527069827,362.7060746956026
2024-05-06,643.9762714856548,174.4629711411222,188.62208811890414,219.8788133526673,146.28515652601317,373.7165676780897
2024-05-07,632.8916052161281,172.69107820274172,192.156614143027,219.94872428113047,146.84064215284894,375.7710367127903
2024-05-08,631.8991558170928,173.1973108698537,190.0583401829724,219.06315622061024,147.11437121628845,379.270038477025
2024-05-09,620.2622325864992,173.94826239783347,190.7091688892547,220.81100055215765,148.5875973636797,381.5331504478703
2024-05-10,628.1669478295044,174.96919070765279,189.23919906854698,218.4572318739427,147.56379954848725,382.1590792563042
2024-05-13,631.8082436062663,174.53886280927034,189.7890299658789,217.39688649226449,150.1676252415617,375.5864812507026
2024-05-14,638.4968611384083,175.73702888507893,191.13551195758265,217.97950126944698,151.09468361755378,378.66812310328106
2024-05-15,661.3791761628397,178.80959994885532,193.57044528080527,216.7210512171338,152.94073564778853,386.44455185637054
2024-05-16,659.4850827457357,177.92628014623918,195.44431997011006,213.97110875763286,153.0374874942531,379.7756286343303
2024-05-17,646.3457043646541,177.5966171154642,197.5538389401915,215.2178951352075,153.06166925223715,378.7162980513949
2024-05-20,662.4275509935645,179.76475023938036,198.51883698958815,213.86622458494608,154.0048694789923,376.2525147162497
2024-05-21,666.662981036498,181.32852734137194,199.56239464820436,213.41178576994344,155.06091377391817,372.8739256425106
2024-05-22,663.6156592811178,181.95401460112203,197.91290195620854,213.38849398045036,153.8919881890289,375.4018764290369
2024-05-23,725.4624564484707,180.46632567599983,194.7374044012209,210.96481437377227,150.65131003029916,373.79685103168305
2024-05-24,744.1232293117633,181.8018644485461,196.35321388345903,210.61524195146438,153.1503563769523,383.7801711962923
2024-05-28,796.0663643114555,181.86948964982014,197.93534015593943,212.2465562155785,153.1584086914375,385.144395892444
2024-05-29,802.5241225162224,181.3834449786716,197.3743160689034,212.0950884639056,153.400238678542,380.68246280107957
2024-05-30,772.2963465656803,175.25521570172805,193.12159491898282,208.94897222311863,154.2063758573497,374.81602759792725
2024-05-31,766.2367432489871,175.44962832995492,193.55923481766027,205.59310541695015,154.980266556424,374.63949306726215
2024-06-03,803.747324412773,174.76918413116093,194.31099223912938,207.8070344582468,156.41521629366605,383.1942976853937
2024-06-04,813.7906132074024,175.84691656200394,195.0067146183144,208.9722640126117,156.67318813153364,382.79307835573866
2024-06-05,855.7462780142947,179.20263049194386,196.82450244501237,211.2328121928784,157.8985047323477,397.29452749124886
2024-06-06,845.6679490255981,179.4181874585776,198.30559636166058,215.56746755751539,156.77797988521917,396.2512881307367
2024-06-07,844.8990945234607,179.13503149183262,195.7585065866653,214.7518104254583,158.72077135465426,395.60924342009065
2024-06-10,851.2033382194641,180.83403279520948,196.6010359400712,217.96783759470847,155.68163679607463,403.3455428362778
2024-06-11,845.1224223457085,182.86692861715898,198.40965156965055,218.16592448535147,166.9917390573668,407.2538095413792
2024-06-12,875.1080684186496,186.40861840089323,199.7239704143959,217.76975070406544,171.7641063925389,408.3532447814278
2024-06-13,905.9327027967925,186.62840685532464,196.76952108262327,214.20415111250742,172.7072818047656,404.5493735837657
2024-06-14,921.799073598162,187.0467870234549,198.6006094588153,214.00606422186442,171.29653864003603,404.99921209773635
2024-06-17,915.5085041242336,189.49810231527886,199.10616852711703,214.47214893161362,174.66622753222802,406.98336841359674
2024-06-18,947.6610870766182,188.64014523828584,196.69090965308106,213.01561198865744,172.7476054135127,401.24768673252794
2024-06-20,914.1104217469273,188.36967063435242,198.05017399105185,216.8492271793136,169.03128237326646,403.02302735372075
2024-06-21,884.6839765759509,190.094021562771,201.79099671985995,220.32160627292342,167.26585274599742,397.464127001207
2024-06-24,825.5512454158305,189.2022387845595,201.33043496510635,216.23165693789957,167.78983632895356,400.781806355712
2024-06-25,881.3288779940237,190.58851610893345,206.7338436541135,217.12887089316632,168.539557677308,410.17254010681665
2024-06-26,883.4957080436075,191.09989730454225,206.56535851156144,225.60009473179727,171.90922175497155,412.1968751191571
2024-06-27,866.6505620652777,191.39152934746397,208.28408315469,230.54067444310178,172.59442532933068,417.37022780802636
2024-06-28,863.5052773283134,188.8979646805705,204.62188912886495,225.18061138102618,169.7890436288419,405.04736236606124
2024-07-01,868.8173921148613,193.03135532458066,205.56551993186662,229.78326456476935,174.7307080844307,405.4169422062275
2024-07-02,857.4242012097681,194.10908775542367,208.0931079920843,233.0459108729896,177.56831145012444,409.2889049417205
2024-07-03,896.6364752128685,194.73881960355283,208.74466218288447,230.237703379772,178.60016157980206,409.6584354223088
2024-07-05,879.5115418313015,197.60851506350704,214.1143876621339,233.0459108729896,182.46157516795247,433.71767580061544
2024-07-08,896.077060651184,197.05062680386817,212.35068297889813,232.21859006619403,183.6546825108258,425.21055253481796
2024-07-09,918.3043483892661,194.21897543234869,212.29450974908687,232.27685509991068,184.3479259924059,425.7569137035392
2024-07-10,942.9778796756592,197.05487139224726,214.7659073060523,232.80120484337647,187.81434191653398,429.524382212437
2024-07-11,890.485478950979,192.17339824758764,208.46383058070978,227.27802813488148,183.4531389106757,411.85952708341534
2024-07-12,903.3463518871429,191.6873797776019,207.9021673763604,226.62550242923584,185.8473562818506,400.7496485906545
2024-07-15,897.7546633570777,191.8606480674219,209.54226331650582,224.56304113961215,188.959073336175,398.57266908339386
2024-07-16,883.2161343000902,189.98413388584598,206.61026945790502,224.91261356192004,189.29763035521563,393.45556163363915
2024-07-17,824.7124707703488,187.44830674330157,203.35246395702228,218.98158161740855,184.5091832056016,371.1233882092555
2024-07-18,846.3803439467464,186.11699945855298,199.61165850165509,214.1109306145592,180.72031489140326,382.25735417607325
2024-07-19,824.2931635700028,184.73918510977435,199.5779580184565,213.38849398045036,180.82510664508877,383.01245700009514
2024-07-22,863.5052773283134,187.20316866382848,204.0826641242465,212.71265870531968,180.5429654565014,391.53567148831587
2024-07-23,856.8648934779436,188.0104395913195,204.21746605704087,217.21044549636807,181.38940142952777,392.5718771089651
2024-07-24,798.5710972080951,181.2693520151118,193.92738366359146,210.70846244941256,176.17367291436526,370.54501735421064
2024-07-25,784.801422653245,176.83166106594976,187.9173662770095,209.5665424645327,175.32726175586734,364.230989497886
2024-07-26,790.2533243115516,179.7351560259596,187.60281691819532,212.654393671603,175.70610516186238,374.1037195280188
2024-07-29,779.9785886253173,180.3522196118586,190.44495433722716,213.4700508036601,175.93184292726073,374.1117404594414
2024-07-30,725.039623862746,178.74196164699984,191.29869415377803,211.7338701468512,176.38329364352902,372.0873807673119
2024-07-31,817.9324602930103,176.81052982812432,192.70293853185598,217.8746170967602,179.0274305380863,381.4379605017253
2024-08-01,763.3429894173005,176.28644106854105,191.8266914218106,214.48381260635213,176.02858236646108,399.84190127171246
2024-08-02,749.7830752924835,172.64331348289568,187.22090113986573,195.642035065878,177.237806745569,392.13013356578404
2024-08-05,702.1134551808008,167.0053210631541,178.89670905540277,187.62526782224168,168.70077766871103,382.1609549202676
2024-08-06,728.6742961881904,168.89029822032532,177.81825904616576,188.68561320391987,167.05621960956944,396.90981894043
2024-08-07,691.3493853210164,168.39155908578377,178.54847648683085,189.66441954238033,169.1441388487014,392.7567040487317
2024-08-08,733.7068372312211,170.19199819107172,182.01967807660927,193.19506366970677,171.95757286367538,409.3933498087378
2024-08-09,732.1691282269461,171.59938055210827,183.86201146282812,194.52342465048312,174.3195685696453,415.93233394173126
2024-08-12,762.0150408430585,171.9332619700995,182.31175468881077,194.36029322407174,175.56245385660887,414.4703032418014
2024-08-13,811.7816242759104,174.97629122278076,184.4124642040325,198.35702206114735,178.5809179129815,424.5839820518703
2024-08-14,825.3415918156575,176.1807717788323,180.1548892172186,198.20555430947445,178.94410335151844,423.1541337967869
2024-08-15,858.75214978401,178.26392143109703,181.19960419637516,206.93311229247306,181.36530652239335,431.6452151997391
2024-08-16,870.7744617344123,177.18000552582524,183.06444487608854,206.315542051059,182.4387085799768,423.6842556643509
2024-08-19,908.6584666736908,178.47560062563136,187.2321288764516,207.66721260132041,182.3095861811365,425.17846880912737
2024-08-20,889.4368370456043,179.86013557267685,187.8050370908278,208.43626837439933,182.80998355479164,423.129996963152
2024-08-21,898.1741842171434,179.5806870704729,186.31097082006264,209.86949574787047,182.72118476469842,429.90188426487
2024-08-22,864.9031460458998,175.9436774563492,184.0080411322084,205.23188709989574,181.21197755104055,427.30729804806316
2024-08-23,904.2551535058288,176.46869635721302,186.05257741761883,206.2922324815739,183.0763054814859,424.1502594401118
2024-08-26,883.9150686588833,175.07146694677456,186.65920338863452,204.49778679104838,183.35071694445807,418.6234674930776
2024-08-27,896.7761018398372,175.219673824344,184.99661742843548,201.72453476206238,184.03672699099215,417.000672647649
2024-08-28,877.9738862419565,173.84787264243576,182.94085340643915,199.0212114415315,182.79382929676433,415.1370524212292
2024-08-29,821.9165196754564,174.91482329477265,181.73884647443458,200.5593052076974,185.45716022908525,416.293794131319
2024-08-30,834.3581922411342,176.61690323478246,183.53625164086893,207.9934754541432,184.81957573484038,418.77603794863074
2024-09-03,754.8855898937884,173.3567187445346,176.7735613404501,205.37170895682212,179.7915319056832,411.10437489981547
2024-09-04,742.3740505996961,173.12807429706538,175.75128456102442,201.96924079167547,178.24195145422132,411.89161080910594
2024-09-05,749.3637680921375,172.91213741357055,176.6387594076557,207.28268471478094,179.4767720194355,415.20126923218834
2024-09-06,718.7489475589578,170.0796083030961,169.5390297283691,199.70869261140876,178.21774488170882,401.87430657505365
2024-09-09,744.1913333474882,171.78166204194306,167.27807450190522,204.38125672361508,178.29037700651054,405.5052958508216
2024-09-10,755.5845242525816,175.37208598854826,167.22183217833032,209.2169700422248,177.64471538325202,405.5052958508216
2024-09-11,817.1636592058029,179.11494830052052,170.03398290395734,215.00816234981795,179.7027455228542,411.160570779352
2024-09-12,832.8218720250387,180.79161311258153,174.00473240460374,217.8979266662453,179.7915319056832,422.222175604843
2024-09-13,832.5421914516616,182.31162117205923,177.1206193150407,217.30366599431625,179.5736231240139,421.4350384147085
2024-09-16,816.324831145391,182.62915306444216,177.79552719793955,215.43929159533553,174.58591531086805,428.80042528212397
2024-09-17,808.0063638547579,184.24231935837545,179.21284757077987,217.75810480931895,174.9652177856396,431.24481030312086
2024-09-18,792.4879379072805,182.40475320535202,179.7640257965021,217.23373728586114,178.1128166481168,432.5554551773693
2024-09-19,823.9442572473712,185.74114377770198,182.3849422579099,221.24212979767526,184.71465990851254,449.56175481690866
2024-09-20,810.8724487527146,184.29311031252877,184.01600418846397,223.25798972832084,184.17393892611034,451.37098078838847
2024-09-23,812.6898383303669,183.5479492415353,182.0587678733691,225.91471168987357,182.77768744600127,453.8314076722306
2024-09-24,844.9150655875249,181.71038308851186,182.55366922863462,226.0079321878218,183.5040583230751,452.96307397631017
2024-09-25,863.3693897464433,182.9551610330018,181.65379205143617,224.3416446794841,182.69697819218592,456.9673697403822
2024-09-26,867.0742492898819,182.61644550046776,183.04860513078197,222.7452858796015,183.625116000166,456.58952217090336
2024-09-27,848.6199251309633,181.22347377898978,184.4209454635151,219.02820075637862,183.84303718909956,456.2035302710568
2024-09-30,848.8995522894106,182.18881632185716,186.55818830624324,217.1172249984198,188.0478714438687,460.28823278766737
2024-10-01,817.8627003944559,178.1199591419067,187.84053401188015,215.71895308918027,182.56785579334561,463.5285903632581
2024-10-02,830.7946686024238,176.61263244524054,186.56943331627005,215.2878060636707,183.02786752193248,460.5857723237638
2024-10-03,858.7557819992487,176.36283055878303,186.56943331627005,212.02517753544242,182.13202582274275,468.59436385190793
2024-10-04,873.2256728712114,176.15964054100687,187.91928362894956,217.32695778380932,183.04402177995976,479.18416515122476
2024-10-07,892.7984522489888,173.39905982367404,183.3298340220974,210.673506985181,178.91989677900597,470.21064323304245
2024-10-08,928.9381926497585,175.5880228720431,184.9046363556356,212.91074559596268,182.2127350765581,476.7316357998602
2024-10-09,927.2606433587949,176.75236324663325,182.06996106307318,215.76555444815838,185.255393298179,474.81796496136315
2024-10-10,942.3595484462064,176.0664692059698,182.3174721977491,217.49008921022076,184.85185943636654,469.44670504456127
2024-10-11,942.2896817177922,176.26971162607168,183.62230792343962,220.01865298958566,183.64933497994272,474.3677068909796
2024-10-14,965.1479600237324,177.4636986164083,185.55708876536266,218.52714280240585,186.67585135080057,474.7456038200364
2024-10-15,919.9207910003322,177.29433429985056,186.11947745422992,218.70193790355583,188.73390630493122,471.40860019075006
2024-10-16,948.7206256277088,176.1850163672114,185.7820580596623,217.76975070406544,187.06324336184997,463.78595120287446
2024-10-17,957.1788797901007,176.439062842048,183.2735744250816,218.51549690765935,187.3618489900704,463.8985404002593
2024-10-18,964.6585724352522,177.0487508006093,183.82480447112655,220.21673988022866,189.66203170564708,463.5285903632581
2024-10-21,1004.5730925228045,177.3112602510412,184.55593740415938,220.3099603781769,190.8564790330572,462.47525696904796
2024-10-22,1003.7340508026729,181.00754999607636,185.7595507661678,221.04404290703226,190.35609406666634,467.9832922764477
2024-10-23,975.5634440504648,179.775453414398,183.10486472779778,215.22955880994604,186.24003378746195,453.25246918203896
2024-10-24,981.5052140316213,179.83047585634898,183.03737739419608,217.17549003213645,186.08669240884493,456.5412978632115
2024-10-25,989.4041070472588,181.27850932152222,185.9057531699571,218.86506932996724,186.76462532636532,460.93953241918575
2024-10-28,982.2739617038989,180.61801730822614,187.53679782707022,219.51759503561289,188.3706836446016,464.8875089047763
2024-10-29,987.3770104545036,182.88744412765783,190.8663917483391,222.36075799306207,188.58861724079938,477.045365277536
2024-10-30,974.02541455661,183.1330145263177,196.24325115868083,224.5746870343587,185.70736511954493,475.8552071331501
2024-10-31,928.0293910310724,172.04841608075407,192.47494638539862,217.19878182162952,182.32571562463534,456.3803362794009
2024-11-01,946.4837151899909,173.75048292018246,192.67744293308553,230.63387716105802,179.90450004649622,456.04271676598023
2024-11-04,951.0274027938411,172.94175782815418,190.37147311963264,228.12864073117018,179.17815398395084,450.8322209946769
2024-11-05,978.0099546734258,174.2119509005929,190.93391362882258,232.46329609580712,180.3403300170991,460.2801871764557
2024-11-06,1017.8545012027039,177.90400915783042,198.5492036986928,241.30738414623903,179.75117107514342,459.9746513887256
2024-11-07,1040.712886338504,180.12686341032503,203.31862528629648,244.75647145035575,183.59281989137563,475.77484974018967
2024-11-08,1031.974844772875,178.90325600540478,200.61894193437837,242.5774800932987,183.37468777895018,473.8772207645379
2024-11-11,1015.4079905797429,176.98525228248155,202.86866942425635,241.01607675764777,181.16894915869133,468.91594150248335
2024-11-12,1036.5885059349996,179.11071681272287,204.29725208056436,243.42811046957937,181.16894915869133,470.2426775991551
2024-11-13,1022.4681623648286,180.0294998892346,201.21510020020784,249.47565470153216,181.88803697166225,466.36701289531317
2024-11-14,1025.89323450503,180.74502744506304,197.50308957082322,246.42274117870144,184.39272862353997,464.0834907389709
2024-11-15,992.4798455453886,175.71080152108232,194.02727597232413,236.0871607210818,181.79108660896998,445.525227248412
2024-11-18,979.6875039643894,176.03261730358855,197.1881256494274,235.02679755941162,184.23112400694583,445.78263744760636
2024-11-19,1027.6408641841276,176.89209404802594,200.36020306311656,238.4176198298117,184.44119139762188,451.16199233519797
2024-11-20,1019.8118378969048,175.91827542898181,197.95301088598157,236.4017776791581,185.02291838830382,454.7239769209421
2024-11-21,1025.264220289581,175.15887402598815,188.560456481768,231.15824468451584,184.63511693753483,452.7700780263869
2024-11-22,992.2701385302854,176.91101128759195,185.33208492418126,229.69004406682112,185.7258395359832,449.5939866213332
2024-11-25,950.8178026085982,177.6704126905856,188.58294650182162,234.73549017082038,188.14971026866752,454.3942549399991
2024-11-26,957.1091198915462,181.5734820127052,190.23646390554745,242.2046158814978,189.91915984954704,461.1726577060112
2024-11-27,946.0645148195049,179.45224897026156,190.36019356272405,239.73433491584154,189.81411995057692,457.68303426159366
2024-11-29,966.4060952844899,179.65163981942683,190.04524691476914,242.23957134572936,191.75322646253574,461.79991922305067
2024-12-02,969.0625265822737,182.8419982107226,192.90241222738516,245.5255272234347,193.5792159465108,476.6834608517464
2024-12-03,980.4564652963867,182.9353136521552,192.73366798321953,248.70659892845325,196.05157426780545,493.4244527596138
2024-12-04,1014.5689488596112,185.5741375657993,196.14197697467603,254.20648384745513,196.34245017041067,493.528897626631
2024-12-05,1014.0797749308509,187.7802099734988,194.19600294304885,256.9913817711877,196.36669396471584,489.62914544873223
2024-12-06,995.7640091003017,188.1832493607899,196.52446277655537,264.5420643050748,196.20510175538595,501.5617247075661
2024-12-09,970.3874305055068,189.22266259098845,197.4929500610141,263.44674567917303,199.36421455906847,493.3600878699207
2024-12-10,944.2421042384346,188.0814316420177,208.5291932810806,262.2232510910914,200.18832986374528,497.9835501802427
2024-12-11,973.8827966935623,190.48268961224767,220.0497319636992,268.3057507872758,199.15414716839243,508.7260700138466
2024-12-12,960.1110389564433,190.7245001440409,216.1757828258641,266.8026124853415,200.34185735132576,507.2062392480957
2024-12-13,938.5097207828011,189.75297412674473,213.76582689818488,265.04312225904755,200.47920576635047,498.8117051796831
2024-12-16,922.7803058619013,191.58570616522533,221.46867603998422,271.4169115638312,202.8303575233835,502.34446889525987
2024-12-17,911.5252459657373,192.80331350385663,220.07223925719364,269.342804379461,204.80178495866116,498.4817857604281
2024-12-18,901.1788808583993,185.56140380066208,212.16668628641662,256.9564263069561,200.41456391971283,480.57659884619517
2024-12-19,913.5525562182122,185.4086772225038,212.29055413112044,260.18409937095277,201.82039380780736,479.2729136724427
2024-12-20,941.6554328392051,185.226238525692,215.55639178202227,262.08342923416507,205.61782313432434,470.96806595722967
2024-12-23,976.3994945345177,184.65354660905206,219.18262250389066,262.2465606605765,206.24803771361667,482.7170769455355
2024-12-24,980.2445148542246,186.3844609287605,220.8493022695833,266.8958329832897,208.61536854320542,489.0745412304874
2024-12-26,978.2170977718897,185.86687005756002,220.27497763305323,264.56537387455984,209.2778420094954,485.53363318454296
2024-12-27,957.804048130591,182.65105723657123,217.07669640951667,260.7201127891571,206.50656787837457,482.68499321984496
2024-12-30,961.159680861818,180.2328733151506,215.36496750995315,257.86530393696137,203.76758985604408,475.7883742645578
2024-12-31,938.7892945263184,178.82013281631453,213.18020543130532,255.63971122092627,202.32942663736648,471.17730120831015
2025-01-02,966.8920643174513,177.58131563636925,213.32663238982633,256.6068538846482,197.02115233831336,482.2261959424699
2025-01-03,1009.9551808676267,179.60497554841982,215.98430673347227,261.23281663787645,196.62523653673802,486.56376757709995
2025-01-06,1044.6294826643848,181.5141101777238,221.70514944592418,265.21789958020554,197.95029513469603,507.1407390881089
2025-01-07,979.6851537074701,179.18921549657296,220.15109251490847,258.8091370311983,195.69608133309106,497.23446922473505
2025-01-08,979.4755535222272,180.11830873065978,218.4168045015278,258.83244660068334,196.09197232013793,491.46453199654434
2025-01-10,950.1143279807568,177.7382868029066,216.26586382016484,255.11536147746043,191.3654126045025,495.6008646317276
2025-01-13,931.3789344602816,176.99163226563158,215.10593499019603,254.55605626976302,189.38592044747543,489.5412853999181
2025-01-14,921.1026497410778,176.3467692459659,213.5856303627017,253.74038135771397,188.4809842236052,478.2106955541951
2025-01-15,952.4213188066091,180.86075798129997,220.2186662157147,260.25402807940793,192.18954031644355,496.6148584422833
2025-01-16,933.756005674268,180.1267848068365,217.2456306615322,257.1195577333675,184.4250123250661,491.9312268063971
2025-01-17,962.6977103556726,182.01470959482654,220.7254344248795,263.27196835801504,185.8147127696618,493.11432653113104
2025-01-21,984.5088423742776,181.7898643159682,223.0340298013494,268.83011831073367,179.88430102032999,496.08370002358157
2025-01-22,1028.1313200712073,189.299038980649,223.39438832543402,273.84059117050936,180.84576474003154,501.749044306021
2025-01-23,1029.1798551467223,189.51538198216775,222.95521109051637,274.318339554997,180.70842873227102,512.1702826465174
2025-01-24,997.0223580207792,188.39114248729473,225.466510295964,273.6541679546048,179.9973932337853,521.054463728546
2025-01-27,827.8458973928574,184.36080101670993,216.00684857384857,274.318339554997,185.7177748142338,531.025098481613
2025-01-28,901.7383488350138,189.7232751086726,219.93710912902213,277.49941126001556,192.50463519882547,542.6534253017444
2025-01-29,864.7571096273333,187.6571955139941,220.0609942471669,276.24097898769435,193.39339235013995,544.391622840503
2025-01-30,871.398348116583,176.05826824200287,226.2097691845096,273.4094619249917,191.96331866774023,552.849287809159
2025-01-31,839.3806912773287,176.0879803606564,229.75716392210407,276.9517519470647,190.67864571485043,554.603625929919
2025-02-03,815.5421955913185,174.3315985106735,226.61519411590598,276.64879866372695,184.22303447066795,561.266823440913
2025-02-04,829.4537402001964,174.94674941168563,232.4148555391909,282.0554630847806,188.09317036557198,566.6825563374798
2025-02-05,872.6566970370606,175.33706813442086,215.4662935142807,275.1922617207708,187.82655066453617,567.2299046977608
2025-02-06,899.5709846361301,176.4103987699078,215.77035789446774,278.29177660257955,188.4325214495233,572.9595151507374
2025-02-07,907.6803324758903,173.83523058136842,208.72065210003154,267.01234527073103,183.91601671729967,574.9954990234825
2025-02-10,933.756005674268,174.88313298832517,209.99320376467736,271.6616175934443,184.13439697500974,577.3131286482127
2025-02-11,928.3730626905661,174.55219920115275,208.69814480653704,271.2188246731882,188.15438780728218,579.2445195752065
2025-02-12,916.7683486627504,173.53400891284957,206.7724152476463,266.7559933463714,191.59198165660428,583.7348591037016
2025-02-13,945.7800269024295,174.1703827557571,209.62158295712499,268.4339267494556,195.3612464933194,586.2938570647809
2025-02-14,970.6672179087441,173.27522002754003,208.59676698188682,266.46468595778015,197.84439913449404,592.8202298255991
2025-02-18,974.5120245687312,173.78855320978,206.95259450968862,264.0992713848187,197.73924757014586,576.4842826146805
2025-02-19,973.3236492065279,175.96493969998883,208.64185066263943,264.0759795953256,198.0627793922041,566.3446900261692
2025-02-20,979.4755535222272,176.89591941779966,207.84224580987348,259.70636876645705,198.83928802403088,559.1584290672632
2025-02-21,939.7679628734188,173.52913549656247,202.32410692639934,252.36541901795948,198.61280582277874,550.0730089857877
2025-02-24,910.7562846337398,171.73947816978065,201.86240512454626,247.85598633216455,199.866522651415,537.664109799394
2025-02-25,885.2400259970464,169.14637528528152,197.5492614783526,247.96085272485934,199.8179730264835,529.1098481366204
2025-02-26,917.7471238397109,169.9243140109801,194.5198799599498,249.7669620901234,194.41488241418563,542.1464530762555
2025-02-27,839.939945594223,166.86359897338602,189.7562967953708,243.23002357893637,191.93979449476038,529.7053220854372
2025-02-28,873.2858180823692,168.7595282166218,191.7608277916536,247.35492837819183,195.61197248887675,537.7204290778755
2025-03-03,797.3661632175979,165.14620445369985,188.0783201993286,238.8953682142994,192.53025619946018,527.1382291535683
2025-03-04,810.8584006261298,165.19719191657444,192.48157938670477,237.47378673557483,190.8316769118617,515.0270175820051
2025-03-05,820.0162835414044,170.4726781479289,194.84652072739496,242.78723065868024,190.67800053711045,528.2809033839322
2025-03-06,772.9684666296234,168.71704303108677,194.09198228194074,233.8615680050467,190.34637917877436,505.3139904664443
2025-03-07,787.7888662721173,167.1951746890479,195.79246617147743,232.17198870721592,193.37148112151,503.48724184477965
2025-03-10,747.8715686082058,161.60514349787357,187.00964695764182,226.68374968296052,183.99689967281424,481.2203464622818
2025-03-11,760.3151106964332,161.72841996900664,184.94640353573516,229.0724738254071,178.62614239109942,487.4329403858463
2025-03-12,809.1850711146348,162.92718867156043,188.40769017043618,231.75250535644483,175.50397842029346,498.5782837353897
2025-03-13,808.0664556509857,161.01424177306413,183.50327664218818,225.92635758462006,169.59938618782402,475.3055882322817
2025-03-14,850.6440839025696,165.17595587409767,186.58121380296478,230.65718673054306,172.6811024772406,489.3888136635209
2025-03-17,835.6824551852077,165.23549801663748,185.22827154436393,228.082039372192,173.0936191983555,487.21417873621465
2025-03-18,807.0177603306812,163.03347368859576,181.14693747506686,224.67957120704543,172.0340388331241,469.0593310765312
2025-03-19,821.6297883313215,164.86139781369639,184.77731382275152,227.84897923732547,174.09658521690596,470.4286151294264
2025-03-20,828.6910818299367,164.44479932463884,183.5483775963817,227.1614980674482,173.1745269683985,471.99124064929066
2025-03-21,822.8881906667292,166.32373711377684,184.89005757151483,228.6296986851429,176.54740452749758,480.2469755844082
2025-03-24,848.8263738353374,167.0974050499335,189.05033126573124,236.8445528194222,178.53715749204275,498.4500475517835
2025-03-25,843.7924974190574,167.98161569208602,192.29739268637329,239.69937945160993,180.9798996736207,504.458687699112
2025-03-26,795.3421112758517,165.77534677566524,186.09641741062657,234.36262595901943,179.18425835795193,492.1112411873101
2025-03-27,779.0521066648079,166.03465968423146,182.91701605799523,234.63062377812562,181.0607950363995,485.34547447326236
2025-03-28,766.7472831497396,161.02701483994562,173.99889398157907,224.56304113961215,176.24814131427294,464.5327616177947
2025-03-31,757.7283324673438,159.5774486067466,174.3484220582186,221.6965686126779,179.66956849830353,464.22663351512875
2025-04-01,770.1031829556164,162.46810499696787,177.0881279727052,223.922161328713,180.52694767838062,471.99124064929066
2025-04-02,771.9907597512627,162.44685585390965,177.0542720285385,228.39663855027635,181.0931407742468,470.3239234645191
2025-04-03,711.7249910963989,158.608202090617,169.9288049223088,207.88860906144845,164.34994713574892,428.1910812918932
2025-04-04,659.3593440005619,152.96715723540527,164.1563146215618,199.25425379640612,152.3709320380315,406.5326167474334
2025-04-07,682.6406151370167,152.12544487936918,165.45287636906053,204.2181252972037,146.77370496232876,415.8113042565109
2025-04-08,673.2722239826893,150.72263462124712,163.14158633581002,198.8580800151201,139.4616823046791,411.13976571723106
2025-04-09,799.3272389568972,165.99640598649407,178.9371461805529,222.67537495113837,160.8395846817186,471.8059941531112
2025-04-10,752.0652815908247,162.1110093487059,172.29645819322056,211.16290126441527,154.02096170069845,440.0068757892134
2025-04-11,775.5564734021024,165.12919989902073,177.16701577730183,215.4159820258505,160.27337917858824,437.81614963948385
2025-04-14,774.0183370783876,164.85714012473588,179.3430029479718,212.2116007513469,163.80804746324486,428.0782452966184
2025-04-15,784.4354769679495,163.97294258316478,176.23124438991027,209.26357140120297,163.50066989921393,420.0560798845282
2025-04-16,730.5317469633278,157.970557491312,172.8714737673867,203.13447034604044,157.13503613522653,404.5834316925757
2025-04-17,709.5575200676553,156.34244343398206,170.42489814499655,201.13027409013338,159.32701509945446,403.9149549279184
2025-04-21,677.536978822182,152.66110145234356,166.4901119483068,194.96621757073927,156.23720927376002,390.36728091782163
2025-04-22,691.3798852460352,155.93433412168264,170.77442622163602,201.79444569052555,161.5594417450718,402.9483956718066
2025-04-23,718.087029746641,159.15232163918665,175.14889058302958,210.44046463030642,165.4904600855518,419.0492925723584
2025-04-24,744.0950796436637,164.64032550228612,179.57978727584796,217.36191324804093,168.53980582259263,429.42344187545666
2025-04-25,776.1157277189968,166.57454774500346,182.60132665208155,220.21673988022866,169.27585436576578,440.7962835199352
2025-04-28,760.1753772396046,166.281225727079,181.07927740705614,218.71358379830235,169.97146763481376,442.78572131063993
2025-04-29,762.2027943219396,167.5055012616515,180.57193917434162,218.35236548124794,170.83694875843298,446.57130478465837
2025-04-30,761.5036463034264,168.0241270787839,179.0386103724076,214.89163228238465,171.88035005110862,442.18965504688725
2025-05-01,780.3105624151453,180.83654810684152,181.85722136493177,221.6266576842147,172.5436051750451,460.88410161310804
2025-05-02,800.5157745638904,185.03652900619383,184.93514125226747,221.37030575985506,166.0970760482789,480.8672280413737
2025-05-05,795.7615787209875,185.414873797514,185.13806963597693,217.14053456790487,160.87191801230168,482.6795143066886
2025-05-06,793.8040283670668,184.19908743969967,184.0331912621608,215.5791134522619,160.56455285553497,473.04630162873036
2025-05-07,818.4137288121335,184.21609199437881,170.6729447563404,219.8904770274058,158.73655339475468,480.6980727676175
2025-05-08,820.581093011017,186.2650622297268,173.94253074391787,223.81729493601824,159.73954422783362,481.6646813833071
2025-05-09,815.5472700096668,186.50309979407197,172.21755311518302,224.95921492089815,160.58074433535495,477.218469317531
2025-05-12,859.9426617434126,190.9793981566696,178.6552781719241,243.1134935115031,170.72080435797713,515.0260797500233
2025-05-13,908.3931013015482,190.9283975932136,179.86163801103584,246.29456521652165,172.45399991277694,528.3965035155743
2025-05-14,946.216747369949,192.5437647848249,186.44592821382514,244.9895138052303,171.9680570019496,531.0786536237273
2025-05-15,942.6508734743195,192.9781407628652,184.85623617422993,239.07014553545736,171.25534652279285,518.610374865017
2025-05-16,946.636054570295,193.46364831017567,187.370437317749,239.5595398146916,171.1014592245497,515.7591188426858
2025-05-19,947.8247504220781,195.42268305409664,187.76503180170022,240.22372919507578,169.09288444016778,515.8315787031685
2025-05-20,939.5048409283355,195.1245924245364,184.87876074116534,237.7884036936511,167.53786960697323,513.1495273141713
2025-05-21,921.467153223264,192.7396708793333,190.0424831642249,234.35096228428088,163.6745825219241,511.8607487329705
2025-05-22,928.6681267637777,193.71493056233328,192.6468689426901,236.65812960351772,163.08335156684205,512.722616324175
2025-05-23,917.9012793276343,191.72180810556554,189.94100169892928,234.199494532608,158.15101737395415,505.0627502144982
2025-05-27,947.335149173878,196.19779205420915,194.93559986212338,240.06059776866434,162.15196305563373,517.3538774478186
2025-05-28,942.5111400174908,194.77961481408505,194.32676289067234,238.5457957919915,162.32202942643266,518.368759730778
2025-05-29,973.1334920557977,195.34178696384726,193.76306142029657,239.6877157768714,161.9413869671243,519.5526985683377
2025-05-30,944.7484777746486,196.0572359161872,193.62775855771605,238.88370453956088,162.67030133336527,521.5180488849857
2025-06-02,960.4790678240079,196.74290724696652,190.57236323731576,240.79468029751973,163.35871838915992,540.373506394595
2025-06-03,987.3260526113023,197.16879404824866,187.3591577608404,239.69937945160993,164.63027686375875,537.1114799642686
2025-06-04,992.2200353259639,197.552077758763,189.46750213694054,241.4705155726504,164.2658382915346,554.1064269008713
2025-06-05,978.7266762039025,199.17467647131647,189.64787140683282,242.26288091521445,162.49213301902427,551.4242274331403
2025-06-06,990.8218461187978,200.32455380402237,195.8150252852946,248.85808446011808,165.1567170850324,561.9675813695727
2025-06-09,997.1839915988998,201.33388809928775,198.772497469225,252.83150372770868,163.15624424419258,559.0276261856017
2025-06-10,1006.4825694397427,200.55453451079615,201.605842706838,253.565604036556,164.14433395293142,565.7450698728015
2025-06-11,998.6516202150405,201.2785250422199,200.1948098664858,248.4269374346085,160.9937821615675,559.0920897944507
2025-06-12,1013.824024246105,203.94024877218078,198.33228382785325,248.47355657357863,161.33395212495802,558.4638410858515
2025-06-13,992.6385947172902,202.27506006944097,197.1695912473402,247.14519559280225,159.10669930852455,550.0146166050309
2025-06-16,1011.6564463875015,204.05524567585834,199.54011190944158,251.80611381026208,160.70222385942967,565.954650640928
2025-06-17,1007.6710516318061,203.58678198497125,198.61448003185913,250.3146214030743,158.45066521236987,562.0129921813194
2025-06-18,1017.1800842967718,204.5237093667454,195.64571101757926,247.6345898720365,159.21197494551504,560.8361117634116
2025-06-20,1005.7832611764399,203.31421128801117,188.10523222025296,244.33698809958466,162.79178085743996,550.0186640904258
2025-06-23,1008.0207057634576,206.97676703589784,186.46845278076057,242.9154066208601,163.1967415546389,563.0609947411072
2025-06-24,1034.1003316666538,208.7271095178475,188.2519873741511,247.92589726062775,162.22485573298425,574.0798294922738
2025-06-25,1078.9184491562644,209.64701924436108,192.665627899509,247.01701963062246,163.24535321589156,571.2424435113564
2025-06-26,1083.8827259187801,211.8530785514792,195.89401673053666,252.9946351541201,162.79178085743996,585.2760625667203
2025-06-27,1102.970551147266,211.2099841103048,201.5268167147142,260.1957630456913,162.85657159124838,591.3537567636504
2025-06-30,1104.6485277576694,211.83604779563723,198.93054945347265,255.63971122092627,166.16910021713335,594.9488616262229
2025-07-01,1071.8565680934194,209.5533238860674,198.4903012652191,256.8865153784929,168.31537081993838,579.7383621529513
2025-07-02,1099.4746508099106,209.14449404179004,201.6509782079133,256.2572814623403,172.05715356638436,575.184151330543
2025-07-03,1114.0874800345007,212.44504142338343,202.6556188041787,260.3239390078711,172.9561591179527,579.5691575196171
2025-07-07,1106.396477926347,211.96806235457535,199.5626710232588,260.3938499363343,170.04047683846034,579.0371106285115
2025-07-08,1118.702316325085,211.49958556310685,196.81966588155998,255.6047557566947,170.08906368518453,580.9070982404915
2025-07-09,1138.838890288805,214.43389309060925,199.3707803682853,259.31017720517906,171.00426071657287,590.66869518079
2025-07-10,1147.3690409469505,213.56935952174493,200.4995824577498,258.98391435235624,172.03284773575803,586.2030354412876
2025-07-11,1153.1023858713236,214.35298389977845,203.40063958369626,262.19995930159837,171.02046460365708,578.3599959377067
2025-07-14,1147.1593339318476,214.2252139292194,204.9470962007153,262.98066096942387,168.96329056528674,581.1087321165621
2025-07-15,1193.515480915313,215.41768125211166,205.44377672039369,263.74971674250276,169.36014931894357,572.620809726601
2025-07-16,1198.2001839343116,215.33250127173895,206.5387228656915,260.06758708351146,170.21056802378772,566.5913891969407
2025-07-17,1209.5969002247834,217.92184428937142,207.2273113137842,260.871598320822,170.09716562872663,565.3823263341862
2025-07-18,1205.4716651823992,217.2191422027501,208.89792942400246,263.49336481814316,171.03665608347706,567.6957603947878
2025-07-21,1198.2700506627257,217.22339989171059,214.58716173960477,267.18714037188096,172.08953652602432,574.7004274662853
2025-07-22,1167.8552690423223,215.183429755796,215.98688047616656,265.0547681537941,173.64457617374737,568.122967542252
2025-07-23,1194.0749488919273,215.4389565963327,214.733899620062,266.01024714277753,173.44210202878,575.1922463013326
2025-07-24,1214.770884002402,217.572622090541,216.9238091840985,270.6012544317741,173.12621308148738,576.1755384543814
2025-07-25,1213.0928005621388,218.7778493797333,218.06387355703075,269.6807309070223,173.22342399672846,574.466660504946
2025-07-28,1235.8164732445284,218.26253800969943,217.38661648616932,271.25378013741977,173.3611198151516,578.4567407105583
2025-07-29,1227.1463754698343,218.29234183242286,220.96493068297715,269.17967295304953,171.10954876082758,564.2457726914927
2025-07-30,1253.4360288777136,218.57768559626444,221.84540978604338,268.2241939640661,169.31156247221938,560.3847677823123
2025-07-31,1243.6474224692306,227.20597742848426,216.61900204595273,272.79189168357766,168.11289667497104,623.4432575248368
2025-08-01,1214.6310437157135,223.2069725486487,213.492215594307,250.23304679987257,163.90947684832412,604.5571477172984
2025-08-04,1258.540039097058,228.11738487765828,220.16349484547567,246.62082806934444,164.6950800048314,625.8050146122861
2025-08-05,1246.3740409850088,224.75716434771093,219.74584031792114,249.06781724550763,164.346820505163,615.3987322239193
2025-08-06,1254.4847776129482,223.56047863760242,221.34872926636498,259.04217938607286,172.71318766253904,622.2744720777187
2025-08-07,1263.9239435494994,221.8143807440318,221.83414750257572,259.9976761550483,178.20435744360478,614.0847802579458
2025-08-08,1277.4181573104406,222.32538202277956,227.36529328704856,259.484972306329,185.75272607756935,620.1061058168165
2025-08-11,1272.9433749662653,222.2104113202648,226.8912064280692,257.86530393696137,184.2040265418678,617.3413277751158
2025-08-12,1280.6344839042788,225.3917303103829,229.53262646382697,258.0633908276044,186.20676991206165,636.7916669186061
2025-08-13,1269.6571816440128,221.70365462989614,227.9748730164584,261.66394588339404,189.1906301084972,628.7955633636924
2025-08-14,1272.663694392888,222.51279894052976,229.0810987186648,269.14471748881795,188.74467581028276,630.4479245963342
2025-08-15,1261.6863921326217,221.52902387960881,230.16474803361308,269.2029825225346,187.77977527838954,632.9467532318492
2025-08-18,1272.5937208346136,220.22158585420178,229.71323756189182,269.73899594073896,187.21220497619387,618.550439997448
2025-08-19,1228.0554975781004,217.0998745095306,227.53464210164574,265.68398428995465,186.94462991581238,605.7420243868398
2025-08-20,1226.377414137837,215.37510436250673,224.99480717182902,260.79002371762033,183.25535471158724,602.7111982197974
2025-08-21,1223.4406612875161,215.0977912550737,225.4802081345988,258.62269603530183,182.35533176435206,595.7628997863594
2025-08-22,1244.4863573595023,216.37329006298626,232.6368538016555,266.6511269536766,184.67429907797276,608.410107015267
2025-08-25,1257.2116097884461,215.10634593473893,235.34602027262844,265.602427466745,184.18781024751934,607.2090897637243
2025-08-26,1270.9157442242101,214.15934420585518,233.82212276942658,266.4996592020037,185.93109290813806,607.8539232905267
2025-08-27,1269.7271552022871,216.16425718589815,234.20588680593264,266.97738980649945,186.88787908922492,602.4372032024
2025-08-28,1259.728628118981,217.40134508909642,238.90177535561912,269.86717190291876,188.56629657244983,605.4438431762296
2025-08-29,1217.8471566498317,216.14292943935146,240.33535003634765,266.8375679495731,188.22574198386818,595.4405817421142
2025-09-02,1194.0749488919273,215.47318841557507,238.57442637709704,262.5728235133993,186.26354555317758,592.5467777635595
2025-09-03,1192.9561197685584,215.5713117703877,260.37176417711186,263.3302333917317,193.35829219963364,594.1105385537174
2025-09-04,1200.2277078465063,216.6889485722266,262.2230279322767,274.6212928383348,194.42045327582485,603.4609208498189
2025-09-05,1167.785402313908,211.15623242475127,265.27082293868045,270.7177844992074,194.34749856215316,606.5239294617079
2025-09-08,1176.8049405605336,212.52127370664837,264.42343974838127,274.80773383423127,192.8799053127223,606.4029984956435
2025-09-09,1193.9350017753786,212.61085548237716,270.73914521859496,277.6042954327023,190.01768593479648,617.204305586628
2025-09-10,1239.871841558498,213.4469476889854,270.21940465531327,268.38732539047754,183.88780259844094,606.1450947006693
2025-09-11,1238.8227723336836,213.7199638057137,271.57519703166287,267.94453247022136,186.5148919119464,605.2745891833174
2025-09-12,1243.3679555555734,217.5122415107905,272.06104710389604,265.84711571636615,189.79065781391822,609.0549899016473
2025-09-15,1242.8783543073732,219.84135457915758,284.2744062276282,269.66906723228374,191.92311913163542,616.3982636781252
2025-09-16,1222.8105787734676,217.1453859293729,283.7659797681369,272.7219807551145,193.09881908279422,627.9250084867624
2025-09-17,1190.7158976051817,217.56342548238635,281.9243718664359,269.8904636924118,193.7799282599575,625.2810626919702
2025-09-18,1232.3201455877331,216.8937106597728,284.74892492263007,269.4360248774092,192.8799053127223,628.932536192602
2025-09-19,1235.3266583366085,220.9376636344498,287.7881523023467,269.7273322660004,199.05841271759473,627.4252427596595
2025-09-22,1283.853267584896,219.45318435177472,285.31385280730984,265.2412091496906,207.63696890783007,617.1853021491037
2025-09-23,1247.6331377145061,217.22645232718074,284.3309076528166,257.17782276708414,206.29911842045107,609.3128443370434
2025-09-24,1237.4243694667975,217.61888024352407,279.2241012175271,256.5952079899017,204.58014159045868,613.5555468627854
2025-09-25,1242.4588334473076,216.28796597621798,277.69882183905315,254.19482017271662,208.2775187382259,604.0778662150594
2025-09-26,1245.9550542742427,218.17768554386214,278.54620502935234,256.0941500359289,207.1342637830282,599.9157678801678
2025-09-29,1271.5467882069984,219.51714139025205,275.7329660769485,258.8790479596615,206.29911842045107,599.6335298132468
2025-09-30,1304.6202445522447,220.94620521353357,274.6596290062183,255.8494617863078,206.46128136393554,592.357829299031
2025-10-01,1309.2352945025486,221.69697333337353,276.6932830238609,257.08460226913587,207.1261494322219,578.6132599323503
2025-10-02,1320.7724920588691,220.0034349724475,277.5858535355581,259.15870945350616,208.48834297201995,586.4453909691963
2025-10-03,1311.8921531197725,220.6902198526473,277.201744030234,255.77953307785265,209.209974274158,573.144416129871
2025-10-06,1297.3483359847169,225.47646487098746,282.9412247854185,257.3992014472202,208.13157208908984,577.2581420783368
2025-10-07,1293.8521151577816,223.51845197241698,277.66494862144555,258.42460914465886,207.96131960932752,575.177092910891
2025-10-08,1322.310735212444,223.88956524279502,276.376937227193,262.433001656473,209.2424316773833,579.0165770440697
2025-10-09,1346.5040662783133,222.84447946084293,272.8858020866144,265.3693851118704,205.98286966249572,591.6561335383894
2025-10-10,1280.7067008896122,217.96440807839494,267.2819005690649,252.12071298834636,198.8719315362197,568.9016642445511
2025-10-13,1316.7869904733138,219.28254927881957,275.84593438044357,256.4320765634902,200.80980972901978,577.2903738827614
2025-10-14,1258.8207879690349,219.0777609901105,277.31471233372906,252.14402255783145,200.89899314430411,571.6038543413662
2025-10-15,1257.4223851021488,219.0180616405937,283.6191037001524,251.188543568848,202.1719908615536,578.7826126444184
2025-10-16,1271.267000803761,218.24168188408368,284.1049364989447,249.90678394704977,200.6395200274647,574.3624130762407
2025-10-17,1281.126221749678,219.08205798081525,286.1838123848671,248.24049643871206,204.56392529611023,578.2744557890579
2025-10-20,1277.0706397759884,220.45134385109145,289.85573135791964,252.2488889505262,212.63167441800158,590.5752574996634
2025-10-21,1266.7221380714511,220.82248332263234,282.975115276467,258.71591653325004,213.06141242186757,591.4625452735304
2025-10-22,1260.5688449675724,222.05100344558392,284.36481541730603,253.961777817842,209.55864321354593,591.5754306283832
2025-10-23,1273.7143660656018,222.05957122583055,285.9352475702962,257.6205979073483,210.47484523333688,592.0513556793192
2025-10-24,1302.382693135367,223.36061616750612,293.66324684204795,261.2561262073615,213.10195936137083,595.5681268916287
2025-10-27,1338.9524771374086,226.73488052073242,304.2270614534616,264.47215337661163,217.95880775868417,605.6185267227203
2025-10-28,1405.6587509746555,231.23524465139286,302.19335561549633,267.12887533816433,218.1128563513623,606.1186379668692
2025-10-29,1447.682412987413,231.01342560684185,310.21510702321694,268.3523699262459,218.68046387535065,606.3041806205165
2025-10-30,1418.6644317859964,224.27776167134073,318.02221865429703,259.683059196972,220.05886130223297,537.5809882700664
2025-10-31,1415.867519222364,220.88646656227252,317.69454148039785,284.57236318940693,219.22370353239154,522.965222351942
2025-11-03,1446.563690693904,220.553737995446,320.5529850276405,295.9683068086968,218.15342810539403,514.3829738084505
2025-11-04,1389.2967964529282,219.40200038017886,313.5706801996015,290.515041028665,218.9561532865385,506.0022604218738
2025-11-05,1364.96373193023,216.34340763677434,321.2195671120249,291.5404309461116,219.0372223510165,512.9632936264321
2025-11-06,1315.1088002031904,212.0520370814577,321.71669674116674,283.1973830696605,218.7372147019381,499.2428610933862
2025-11-07,1315.5979741319507,211.93259908067978,315.0281440490966,284.79375964953505,217.6831431620248,501.477171750477
2025-11-10,1391.8141352730431,215.84858557607646,327.76122646266964,289.44301419225627,218.6732924766258,509.58359396218833
2025-11-11,1350.6295149804173,216.99180781342258,329.1283156693687,290.25868910430535,223.39691167063873,505.8087215165928
2025-11-12,1355.104510984313,218.0412036866608,323.9311518647241,284.5490536199219,221.95225945276894,491.23323301410437
2025-11-13,1306.5781153957453,214.69255097010463,314.7344264600095,276.83523965962337,221.53018913819702,491.9430731051135
2025-11-14,1329.7224840666604,217.6316926121498,312.2939656356985,273.4677269587084,221.09193975106933,491.5962233506096
2025-11-17,1304.7601916687934,216.4841864846804,322.02174570748514,271.34700063536803,217.0744179643786,485.5869415287673
2025-11-18,1268.1205409383374,210.64006951692522,321.18567662097644,259.32184087991754,217.05818926276592,482.1024514804603
2025-11-19,1304.2007236921788,207.79479354073214,330.82304750308526,259.484972306329,217.967219883832,476.1576826270451
2025-11-20,1263.0860769578276,204.46980047421482,327.0268633961882,253.01794472360513,216.09238300058396,475.2140262151187
2025-11-21,1250.7797044097897,201.7730457895452,338.5623436051865,257.1545131975991,220.34522096065848,479.3277028040066
2025-11-24,1276.4414119008197,202.57653064900674,359.93853764258466,263.6681421393011,223.9407220618342,494.49195235270577
2025-11-25,1243.3679555555734,203.85436136041153,365.4294881300801,267.6182696173986,224.79287778367052,513.1810680845041
2025-11-26,1260.4288978510237,207.4913447733724,361.48644522863947,267.0240089454696,225.2636342030805,511.0758820834234
2025-11-28,1237.6341833117604,210.27358075178734,361.7462723266781,271.75483809139257,226.31872313866066,522.6426081502289
2025-12-01,1258.0516129773175,208.021289492849,355.769558134154,272.52389386447146,229.76809148173692,516.9318530560428
2025-12-02,1268.8198492016404,209.41454942711815,356.8089701669538,273.15311000063207,232.27597180052172,521.9569542524325
2025-12-03,1255.7443016618854,204.17063559697843,361.1248775636917,270.77604953292405,230.6202720181017,515.9074443745321
2025-12-04,1282.3163063896407,205.4997681852118,358.853903741505,266.96574391175295,227.82020062670335,533.5963869776106
2025-12-05,1275.5334649210133,206.49128568975019,362.9777650223013,267.45513819098716,226.26189786848784,543.1869529801894
2025-12-08,1297.4905265283248,209.8504712737656,354.6794658257495,264.37893287866336,225.53957175955293,537.8471844741422
2025-12-09,1293.4347308949152,210.27783844074784,358.4781373081363,265.57911789725995,224.9633287796606,529.910164334077
2025-12-10,1285.113432612993,204.5253469394225,362.01680895807556,270.0769046883083,226.26189786848784,524.4009937563835
2025-12-11,1265.1842154074566,206.62377186961933,353.2210692104457,268.32906035676086,225.65319748537013,526.4820922834074
2025-12-12,1223.857618230943,204.51253457079676,349.671100730157,263.5632757466063,225.8560810700571,519.6420394044915
2025-12-15,1232.7381708297596,202.9269712019089,348.4614071169513,259.31017720517906,222.47165234796,522.713685942528
2025-12-16,1242.7377662116648,203.5979567809199,346.5959791402473,259.33348677466415,222.87746914639075,530.4957663672967
2025-12-17,1195.327422170107,203.48255375921838,335.4599299786526,257.8303484727298,220.6292976824657,524.3201427676433
2025-12-18,1217.704004637484,206.8417393432338,341.94935444401153,264.2274473469985,220.91337440427296,536.3887570234052
2025-12-19,1265.6039499272422,207.6708489399468,347.2630103340951,264.9149462968677,222.11457128342417,531.803499026444
2025-12-22,1284.4840979079643,207.24348177296457,350.22509452674615,266.1733785691889,219.9232002751435,534.0073548239177
2025-12-23,1323.0837560791197,208.06832058013563,355.3917188878772,270.49638803907936,221.05134318250919,536.7843246813808
2025-12-24,1318.8880133291616,208.56833047107463,355.0977594706174,270.77604953292405,222.2281721947129,538.891287627269
2025-12-26,1332.3139628095878,208.43585739178693,354.4420942008827,270.9391809593355,221.8954341825961,535.4523564694426
2025-12-29,1316.1608606640839,208.17515582159052,354.498612899512,270.41483121586964,222.18762525520964,531.738936698439
2025-12-30,1311.405863597231,208.33756372941585,354.8264628078203,270.95082685408204,221.63567569867945,537.599695550123
2025-12-31,1304.1334208804037,206.6878861150737,353.86547219671274,268.95829427291346,220.64552638407838,532.8690735959946
2026-01-02,1320.566310429145,202.12349944302878,356.29615625347355,263.92449406366075,219.9556824928973,525.0547120072233
2026-01-05,1315.4616592306406,202.08503613598876,357.86765935979963,271.5683970954961,216.91213094825184,531.8196396084453
2026-01-06,1309.308152467042,204.50399299171295,355.3804220575276,280.7387479987508,212.9352057301213,533.2969224179727
2026-01-07,1322.384340985957,206.62377186961933,364.0179370865008,281.4728483075981,211.28762029850762,523.6662270784917
2026-01-08,1293.9241184833952,204.33303040422234,367.9296459661463,286.9843791213466,210.24064571373376,521.5431235506022
2026-01-09,1292.6654490733379,204.8330664963242,371.4683176160855,288.2544928483983,210.50846891939986,527.1940054766919
2026-01-12,1293.2249170499522,203.93557186461493,375.1878421922622,287.1941296867281,211.22268067752844,518.2413626599975
2026-01-13,1299.3085570851365,201.1533620873628,379.83443234161615,282.68469700093317,211.8719776292063,509.45836871283916
2026-01-14,1280.6381161195175,196.32828694570296,379.68746990642717,275.75156692846815,210.9873148750877,496.88919897672656
2026-01-15,1307.9794026688503,195.1658199542554,376.2279797095799,277.5343667242472,209.5670057096369,501.15154661450674
2026-01-16,1302.2454167653173,196.5334158495288,373.0850080438096,278.629685350149,207.3918634029689,500.7075572105274
2026-01-20,1245.1853451332254,194.25121596321566,364.04053074719985,269.168027058303,200.22531591841454,487.6863524592237
2026-01-21,1281.896892359435,189.80221921229085,371.2535051050359,269.5292453753574,200.99635294671594,494.8226121656306
2026-01-22,1292.5256087866492,192.80669345386215,373.6954859921463,273.05988950268386,201.56448157580198,522.8105294345355
2026-01-23,1312.314878875637,199.13613456078792,370.7447331767266,278.67630448911905,201.31287466448433,531.7954534152324
2026-01-26,1303.9237138653004,200.98667028941412,376.77064212893777,277.8140282180919,207.29449119329283,542.7742081890749
2026-01-27,1318.258678624133,205.38866215421504,378.22903874424156,285.1083588276193,209.61569181447493,543.266668698636
2026-01-28,1339.236644564904,205.83739636948826,379.879654209896,283.1624276054289,208.13044302804494,539.8438287632329
2026-01-29,1346.15943315008,185.26776736878358,382.4121479273296,281.6709351982411,209.62380616528128,596.0135477233697
2026-01-30,1336.509598729686,183.89588758338684,382.12948534041936,278.83943591553043,210.59777640732653,578.4070356155269
2026-02-02,1297.9099405585305,180.93844442910222,388.5623565602672,283.10418035170426,219.14404889603577,570.2616686967849
2026-02-03,1261.0585530456324,175.74153548508636,384.0627288461022,278.04707057296645,218.7139138597144,558.3867907846161
2026-02-04,1218.0537655989956,177.0151347086935,376.52193912683964,271.4868402722864,224.40328968685245,540.0538044079831
2026-02-05,1201.9006634534917,168.24535659717114,374.4982173377154,259.484972306329,223.9325828964994,541.0386760675274
2026-02-06,1296.5115376916444,171.43786348381929,365.0127836417751,245.07108840843205,225.72622664262715,533.9750736599152
2026-02-09,1328.887501881207,176.76297471758093,366.6634336543113,243.20671400945133,223.09414960890132,546.6975542452508
2026-02-10,1318.3985189108216,176.62193385804656,360.17397464207056,241.1559163945661,222.33050731008092,541.4502855883483
2026-02-11,1328.9575822693414,172.81827174771846,351.5590878206782,237.80004958839763,223.80903135929827,539.8115969588083
2026-02-12,1307.210334506993,171.73701526047427,349.3432508218487,232.5798261632404,212.62266674417071,524.5703958280297
2026-02-13,1278.3304843145056,171.51479009789935,345.6349885291397,231.63597528901155,207.78901993096724,516.46540504408
2026-02-17,1293.4347308949152,169.60868170290266,341.4518793460517,234.3859177485125,214.3692621443388,516.0779323568939
2026-02-18,1314.4825635641005,170.77969027343403,342.9329387158181,238.62735261520123,214.75108329374902,519.2504698723327
2026-02-19,1313.9232024173461,170.6811739011789,342.3902762964603,238.70892721840292,211.68839974766107,520.5098301450543
2026-02-20,1327.3492587276323,170.1543078183353,356.1040064968866,244.82638237881892,214.93791187852244,529.2929228113685
2026-02-23,1339.4464584098669,164.68852254131892,352.1583034855472,239.18667560289063,216.23769687924423,514.4311487565644
2026-02-24,1348.5370385133663,166.62896756020928,351.4913068385812,243.02027301355486,221.07948285778255,516.0860273276835
2026-02-25,1367.4870532225027,171.59784778408252,353.7524347994541,245.44395262023295,222.77734252405565,527.7025572086764
2026-02-26,1292.8752629183007,172.07760417615094,347.5117133361932,242.27452680996095,221.73748970894977,530.38273293371
2026-02-27,1239.031731539767,168.2309983599382,352.4635942800382,244.69820641663907,214.612965628342,523.2545188385149
2026-03-02,1276.0229593393535,170.71971581170743,346.53942589473615,242.82218612291183,215.0516368624535,527.5976187458792
2026-03-03,1259.0307086438577,173.0242521893364,343.21556675584657,243.21835990419785,214.2636515112141,528.8246978545983
2026-03-04,1279.9388078562147,173.56826693325476,342.7068639213008,252.64508051180417,213.26442007919678,539.0366022248583
2026-03-05,1282.0365189864037,175.9156291115356,340.1631079203995,255.11536147746043,211.4528354289926,533.2565956427586
2026-03-06,1243.437181304828,175.17886551323033,337.4949485981264,248.43860110934705,209.15379418172512,520.5743924730592
2026-03-09,1277.2116551911367,175.37162746819868,346.602335766499,248.76486396216987,211.1197500134774,522.6167930909425
2026-03-10,1292.036114368309,173.80815167957968,347.3716948242466,249.74365252063834,211.89150666310414,528.0093763454341
2026-03-11,1300.9173079462855,173.4311955498897,349.2497669596904,247.7860576237094,211.875253146963,528.6471020930065
2026-03-12,1280.7074486986319,172.1375655372961,343.42322806236297,244.1505471036882,207.77276641482607,515.1819079377235
2026-03-13,1260.4974826211187,169.43466667994193,341.98642324818593,241.9832194213697,203.19098706548905,495.4280073896224
2026-03-16,1281.2669166752464,171.31942112722905,345.69727655703014,246.72571224203122,205.38440527236767,506.95356756838794
2026-03-17,1272.2457759807214,171.08810416115077,351.7613598136334,250.75739654333842,206.52984390606983,503.08343113728046
2026-03-18,1261.5464450160732,167.82406809996635,348.1070597503003,244.54672088497423,203.04476745654,497.44390191412737
2026-03-19,1248.6792157032417,166.63752223987453,347.4735044849194,243.25331536842944,202.24864293996578,490.1884388268857
2026-03-20,1207.6999224014605,163.57481591390507,340.53828705677756,239.30318789033197,201.4606327741979,479.652636905885
2026-03-23,1228.2595426106252,164.05885619609683,341.73754751167877,244.8613378430505,204.30394348143741,488.05541402382124
2026-03-24,1225.182522154176,159.66395174584244,328.59118075109933,241.48217924738896,204.425795223439,479.0547443377468
2026-03-25,1249.5183642532331,158.93576902836523,329.1455200165065,246.6907567777996,205.22191974001322,480.6464426490447
2026-03-26,1197.4901926850123,156.764020143978,317.8206721458597,241.83173388970482,205.4412677643332,442.3895613377285
2026-03-27,1171.475946656112,152.82316874505207,310.3763373205905,232.27685509991068,202.11865203262937,424.75989958781054
2026-03-30,1155.0423092983508,153.76126207857232,309.4259871490782,234.15287539363788,200.35580311632012,433.37280042923084
2026-03-31,1219.588162877612,158.5630967887986,325.33285704698955,242.68236426598548,206.17239062360707,462.2572850726641
2026-04-01,1229.0288244322026,158.22041178009522,336.45412014317264,245.36239579702323,207.6671681889656,467.9938058665586
2026-04-02,1240.4973303885683,159.97236563355918,334.6213044228905,244.4302085975329,207.90275732216247,464.1398593770303
2026-04-06,1242.2456010468259,159.723926207569,339.3956143942692,247.94918905012082,210.29111846462092,462.9764047643345
2026-04-07,1245.4624617899635,159.47120289145553,345.5841355191261,249.0911268149927,205.93681389767445,464.6165248216361
2026-04-08,1273.2948452055361,160.34503787312585,359.0020407706753,257.80703890324475,210.3236254969032,494.8099267540883
2026-04-09,1286.0921009600934,159.80532011991224,360.3257045469483,272.2558782653733,211.61529614681865,507.71306339485056
2026-04-10,1319.099322792164,158.8629428962687,358.911527940352,277.76742685911375,211.6071817960123,508.90070420075926
2026-04-13,1323.8545335187366,164.64569674066703,363.51614362831566,279.5269170854077,210.56735379543485,512.6739477802813
2026-04-14,1374.2045148168343,168.38948919391993,376.6398821813143,290.1654686063571,210.26675059767342,535.264395196474
2026-04-15,1390.7081257328696,176.14694607761388,381.40289532234357,289.5595442596896,216.4408037946873,542.6088042432455
2026-04-16,1387.0717441296658,180.01925523456657,380.1583784522807,290.9578161689291,213.97930182959382,546.8828501010082
2026-04-17,1410.3585170039087,181.10298773169853,386.56188482259614,291.95991429688263,219.52783039319428,556.3198090968962
2026-04-20,1413.015909770432,179.08116190104633,381.74231843605577,289.3031923353299,221.81870766059853,542.0674283919008
2026-04-21,1397.771181924174,181.68982827626874,375.9384422931909,291.2025221985422,216.22960734296637,540.3949778110186
2026-04-22,1416.0929302268812,185.44218850976824,383.8918945155875,297.5530197138328,221.9162287574454,545.1457384729653
2026-04-23,1396.0927779943308,178.08737799592285,383.405405326041,297.22675686101,222.12742520916632,532.5658577084298
2026-04-24,1456.4427819937737,181.88686102077895,389.6391483191776,307.60893867760774,220.20209076050264,545.3962383312415
2026-04-27,1514.7648347615818,181.97253882324551,396.3594150487426,304.2647355461778,217.3993890290875,548.2968045719803
2026-04-28,1490.7087800657616,183.87013184032122,395.72585978336167,302.6101294925706,219.91776589341077,542.4148704613406
2026-04-29,1463.2960243401153,181.81831877880572,395.9068854440082,306.5019919369514,219.4790946592993,540.6211927569261
2026-04-30,1395.6032835759906,174.67341888100336,435.3459511788649,308.8557428351744,220.43770470822798,494.3978729970654
2026-05-01,1387.7710523929688,177.5262407920926,436.3528891427701,312.5844916331358,227.57845749044841,491.8447488257665
2026-05-04,1387.980759408072,177.17498800314257,433.5923514585564,317.00068604099056,224.88948074296437,493.1859472787879
2026-05-05,1374.13454125856,176.2154883195871,439.45278084693234,318.74853037253797,230.86045183906364,488.7825793267033
2026-05-06,1453.3658683671842,177.3206271667543,450.32513365972653,320.4264637756222,233.56565728816037,495.1816043763189
2026-05-07,1479.0303534345733,180.23770742969342,450.2685458673336,315.9753139035359,233.50878238893063,498.3568566685468
2026-05-08,1504.904652346925,177.81751911931602,453.44765357146963,317.73478634983786,238.28555430290436,492.55572418706936
2026-05-11,1534.5551731491691,176.76377385304738,439.69039429997173,313.4350864494325,237.98467814532987,483.85402546485307
2026-05-12,1543.925861145486,174.6691218902986,438.2309267313321,309.74132867568665,239.7084938083719,487.19897598619514
2026-05-13,1579.2408216124284,173.5725508233781,455.5067513675599,314.7634652102008,243.01790821093516,498.2114433518016
2026-05-14,1648.541992748122,175.38019524844532,453.7531516472515,311.37264293980076,242.4812444039361,499.6657739575658
2026-05-15,1575.674413567499,180.73031549213187,448.89962567589896,307.7837515587497,244.123767671744,496.2723523306421
2026-05-18,1554.6952724982682,181.42425328978527,449.08065133654543,308.62268270030785,242.18039306089008,493.83231095250784
2026-05-19,1542.7370584638427,178.8027352441929,438.5816466753938,302.19062836180757,243.09922542069776,486.88386444033586
2026-05-20,1562.7372106963933,180.36192714268853,439.9958578288718,308.7974955814497,245.7662661250234,488.8633809558655
2026-05-21,1535.0446675675094,179.9068915477538,438.5816466753938,312.81751620801845,247.99421374825377,490.73781092986405
2026-05-22,1505.813774455191,179.68367074099118,433.27559109930684,310.3239434528691,251.10848669900952,493.0647695148336
2026-05-26,1502.527046983639,178.59329624908082,439.96189824405974,309.1237584342726,250.71003981553127,494.7453150665052
2026-05-27,1486.7227443309066,177.15092223507972,439.90531045166676,316.7676614661079,252.75912431762376,513.2637453776297
2026-05-28,1498.2612238455465,183.29819975740344,441.3761093975378,319.27289789599575,254.10891059319192,513.2879315708426
2026-05-29,1476.5129077845984,193.27895631336014,430.30010271651634,315.35774366212183,253.74299555652442,511.0418239746134
2026-06-01,1568.961011507846,197.6919526665513,425.8086280664568,304.4278847525812,249.06754136225183,485.1547984235045
2026-06-02,1558.1917069849235,189.44549038030857,409.38134394106856,298.90467248410226,256.2962120188052,482.86021972169345
2026-06-03,1501.7577651620616,183.4484503256739,406.14564844453963,291.3306981607221,252.27938503891133,503.3419766067684
2026-06-04,1530.8827898831587,183.75323535233815,421.0795745102397,295.7236007790837,253.06811482600455,507.0505097795515
2026-06-05,1435.9465118915657,178.86804164255614,416.93878525736005,286.6814258380088,249.90505651229694,479.1194053849078
2026-06-08,1460.730718912878,176.75168201639957,411.2786241427947,285.7375927437719,245.18895612040728,472.97083083399053
2026-06-09,1457.5801995127756,173.17578661458575,412.35406857331486,284.5374077251754,236.25272331695305,472.32446716027073
2026-06-10,1403.1808323728662,170.57863565042882,403.43364912925875,277.32463393885763,237.09023846699813,461.3281403766654
2026-06-11,1434.3361585825173,167.565095806517,405.0071559547294,281.4145832738815,240.38339935342026,459.26782223197347
2026-06-12,1436.576594405614,167.73680512714836,407.16934164611916,277.9655137497568,236.7243482448591,458.0962726484881
2026-06-15,1487.4052803061957,171.60891777537978,418.1161084423165,286.66977994326226,241.02577305165784,479.95160786974304
2026-06-16,1452.1192707313025,169.06327829735412,422.53102720230106,286.6464703737772,243.31875955398118,485.394241736312
2026-06-17,1432.7958856616033,162.65843024379265,411.8220120466704,276.74201916167516,240.6436044988492,459.0061177494944
2026-06-18,1475.0832037687437,162.86877317902247,416.6218176168196,284.77045008004995,242.31863479893937,466.8020188560992
2026-06-22,1460.8006924711524,157.69165921352754,395.84901941698854,271.25378013741977,241.5055123303702,455.98960586006785
2026-06-23,1400.5203415404037,160.52490885597993,391.83031884439987,272.79189168357766,239.30193257408737,454.65526838838633
2026-06-24,1393.2391387750595,156.8846109959206,390.8794159227787,272.97833267947414,238.30992216985183,450.99180051030396
2026-06-25,1370.4152596840268,151.46280437072076,389.0907856643223,264.51875473558977,223.73064226389397,439.0229419616508
2026-06-26,1347.9413552142253,160.10850687564363,381.9363682711419,271.13726784997846,230.7478931379702,444.99120597418715
2026-06-29,1365.0243044608278,158.21967814753586,400.34318872382875,279.81822447399895,229.08911635402117,454.97872170292516
2026-06-30,1400.8704229914952,160.12996562800456,404.5543499749406,277.7208077201436,235.28510559419348,455.53673173205107
2026-07-01,1383.2974451772527,164.96366095223672,408.9013495653009,281.63597973400954,239.36699626770883,495.6647852852187
2026-07-02,1364.044140495688,167.6294851641811,407.4297214942667,282.7662538241429,250.9539914448191,471.39551990258394
2026-07-06,1369.0850142677955,166.0196857196719,414.8445187355945,284.5024522609438,254.23087400057162,485.458902783473
2026-07-07,1378.7465999727851,166.92117602871332,415.4897853939065,286.6231608042922,252.6046290634333,497.8240693837716
2026-07-08,1429.0852573057268,164.56013684343324,409.70511731732404,283.8732183447912,254.8244623358573,487.74755833592576
2026-07-09,1419.7036726636943,164.99799757613042,406.27506106377274,287.8583012871203,257.1255880035155,510.6824862468791
2026-07-10,1476.9735581407492,165.31567357490894,404.33926108883657,285.8774146006983,256.3937827447089,541.1950472105854
2026-07-13,1424.9545739404848,167.84412509011563,399.0526899540863,288.17291824519657,258.01188851651244,531.1023462211602
2026-07-14,1482.854541931588,165.24269023583537,406.9769155144778,288.3826688105781,256.0197285427067,534.587872820605
2026-07-15,1487.7553617572871,169.83598989106736,419.8934073235416,297.0869350040836,266.29760845639424,550.9803861078948
2026-07-16,1452.0491903431682,172.18415120481464,401.2601320606377,291.1792126290572,270.98120181600166,537.4183484606044
2026-07-17,1419.913700168377,169.05899440723078,392.55480150268573,288.07969774724836,271.3714847196166,522.4330273821024
2026-07-20,1423.204273514888,172.69499527658536,398.4640110881672,291.2957426964905,265.5576640322529,522.3036065686246
2026-07-21,1451.2790538827112,170.74606108093684,392.98497927489376,288.45257973904125,266.49274990820174,520.6538613936159
2026-07-22,1484.6748159154592,167.565095806517,387.2568989907042,285.30646349825435,264.98849319297165,507.19695964743437
2026-07-23,1461.5708289316092,163.80460011195757,359.6353196610018,272.26754194011187,261.5489762176939,490.1574903714888
2026-07-24,1448.128534482609,163.85612469867027,361.95597189922086,270.4614325748478,270.78603554966566,481.3345151661622
2026-07-27,1375.8061080773655,167.03279298238536,369.6764399507396,269.62246587330566,273.9490938633733,480.26701557307024
2026-07-28,1379.3067089285594,168.85723235282904,377.77046343519163,269.00489563189154,276.52667819260154,479.89499243379373
2026-07-29,1330.2982970118487,167.65095701712337,381.1665601039308,264.0992713848187,274.9898896305607,473.58708516513923
2026-07-30,1365.5143330284677,193.6481437982699,377.7138756427987,274.4115600529453,271.1194187395225,435.9175334722723
