Date,nvda,msft,googl,amzn,aapl,meta
2023-01-03,100.0,100.0,100.0,100.0,100.0,100.0
2023-01-04,103.03179136448838,95.62566972632949,98.83304077879733,99.207643547432,101.0314298664448,102.1083945037366
2023-01-05,99.6507264497246,92.79154215927858,96.72352162652261,96.85388375921303,99.96002036546068,101.76367335976416
2023-01-06,103.80021854718602,93.88512636526899,98.00268049279059,100.30296217333377,103.63795426463922,104.23280002157014
2023-01-09,109.1722047933757,94.79923259409149,98.76570890034847,101.79445458052155,104.06174211614521,103.79187088422074
2023-01-10,111.13517676268935,95.52133013880001,99.21455066421568,104.71918325117645,104.52547855728096,106.6137581317596
2023-01-11,111.77785852334694,98.40971376734296,102.69299876287606,110.80167405736483,106.73225007295555,106.5335858322701
2023-01-12,115.34055423064274,99.55339459995308,102.25538473656445,111.01141573275038,106.66826030535772,109.59596529848695
2023-01-13,118.05101473010171,99.85390230646887,103.36623981687387,114.33232707468726,107.7476669750461,109.81240706130761
2023-01-17,123.66050378558286,100.32140968553558,102.43491626007861,111.92030225275164,108.69114661268992,108.51371946469781
2023-01-18,121.39016895542964,98.4264301103259,102.24415699900884,111.23281219287841,108.10745264099046,106.63780858761693
2023-01-19,117.1149047284632,96.80691647861327,104.40979756561921,109.15870500850818,108.15543565321595,109.14703990901056
2023-01-20,124.61753908604116,100.26714052346128,109.98651980555631,113.31857416199121,110.23425246962255,111.72837323839511
2023-01-23,134.07616141083787,101.2521929555942,111.97262021193133,113.63318223007151,112.82482599328188,114.8549201599522
2023-01-24,134.57911639153303,101.02679088726117,109.62745675852798,112.23491032083194,113.96020042593615,114.75068506471011
2023-01-25,134.98428198916665,100.42992180851967,106.84470518897665,113.23700844878547,113.42448946646218,113.43596794416048
2023-01-26,138.33043357032201,103.51448665663119,109.42548703334501,115.61407780648952,115.10354719136704,118.08561579748455
2023-01-27,142.26336151104425,103.58126687477815,111.50135751983767,119.13306714907341,116.67864172311666,121.64503390478771
2023-01-30,133.85957722349994,101.30645556737738,108.77469281773719,117.1638352473939,114.33596801132518,117.89321215062594
2023-01-31,136.47924569572479,103.43518228182928,110.90662426151717,120.17012074125853,115.36737925082423,119.42442039357726
2023-02-01,146.3011296055855,105.49712222784311,112.69076357943038,122.52388941947348,116.27887021365106,122.75131785453893
2023-02-02,151.65211710742662,110.4432798172364,120.89316997723705,131.56607325054435,120.58847488777265,151.33077440925373
2023-02-03,147.39785830167497,107.83454776822738,117.57179792697963,120.47308291459228,123.53082449070827,149.53503583166236
2023-02-06,147.32098086370073,107.17503825533781,115.46229604814731,119.06315622061024,121.31604338836561,149.1582371299674
2023-02-07,154.893481949693,111.67878263101221,120.78096169545056,118.9815905074045,123.65075718534433,153.6155306960139
2023-02-08,155.11701007792837,111.33233773274904,111.50135751983767,116.58122047021145,121.46798959374632,147.04985496612605
2023-02-09,156.03912536791202,110.03424033686314,106.60906952456924,114.47214893161362,120.62843589536622,142.63266605966723
2023-02-10,148.55045901452394,109.81716368856588,106.11534272064318,113.73805751276225,120.92474093022967,139.61040359293327
2023-02-13,152.20398681025134,113.248193085814,106.16022776070201,115.98695090828643,123.19892957151816,143.84319744455578
2023-02-14,160.4680777021645,113.60295685382181,106.23878737670648,116.17338301418691,122.67840578180396,143.88327742435288
2023-02-15,159.0219886565384,112.69495549633947,108.77469281773719,117.87462598675621,124.38408762115276,142.0234207510023
2023-02-16,153.69893716307698,109.69470599575004,107.17010229678054,114.36728253891886,123.08684503002043,138.23953994896095
2023-02-17,149.4097049319207,107.98327212850467,105.86847931868016,113.26030912827456,122.1579440819089,138.59227585490333
2023-02-21,144.2892028529448,105.72788898461776,102.99594903228994,110.20741338543583,118.8987625499047,137.9509468185683
2023-02-22,144.98079265886568,105.24248621016335,102.83886434716578,111.61734007941789,119.24311268681274,137.1813322311339
2023-02-23,165.3091262212155,106.60660399042425,101.98609176965381,111.65229554364949,119.63550792576541,137.91885075100294
2023-02-24,162.6685324501709,104.28426377052969,100.01121910083441,108.94896333312265,117.48140099467889,136.59612503843107
2023-02-27,164.17045345135898,104.67759565275519,100.84157075011997,109.25192550645639,118.45034987613082,135.91470368240368
2023-02-28,162.17951876620057,104.3679568403937,101.05475093941617,109.79958481940729,118.0419851356973,140.243724037246
2023-03-01,158.56095104214532,103.04986140566497,101.39138442149687,107.39920589221823,116.36035689228036,139.02517172043991
2023-03-02,162.864111216294,105.07511317101756,103.23159333341856,107.35259564324411,116.8408327486542,139.9150262472657
2023-03-03,166.88789795291288,106.82421776259478,105.08303861961703,110.58028648723277,120.94073526763816,148.50888716171488
2023-03-06,164.54069903851791,107.48533209681304,106.74370737130336,109.24027072171387,123.18292281614585,148.22831496323977
2023-03-07,162.7101159731606,106.34717315963185,105.31866564730325,109.00722836683929,121.39720719993544,147.91568371688504
2023-03-08,168.9494071143078,106.1588719403017,105.75627967361486,109.43835761235687,122.41418876546813,148.28443680687192
2023-03-09,163.74422901758058,105.5814375753652,103.59067365388927,107.49242639016646,120.58842521591735,145.65496554608694
2023-03-10,160.4533752426874,104.0206342031181,101.69433469091076,105.72128137912998,118.91481897713231,143.90731554031498
2023-03-13,160.46037259851482,106.25093628223948,102.23294653489563,107.702168065552,120.49232259386429,145.02164510177423
2023-03-14,168.12496102379328,109.12565600346954,105.44211030336656,110.5569769177477,122.18994517468971,155.5395178050189
2023-03-15,169.27781545755965,111.07141343557727,107.84335198749955,112.0950795739096,122.51026655159353,158.52975824355906
2023-03-16,178.4515626070385,115.57386085360643,112.56732756008827,116.56956568546892,124.80047436621817,164.28570238652958
2023-03-17,179.7371264343411,116.92540862517447,114.0260265865916,115.2994608484132,124.11983335092545,156.81417962556193
2023-03-20,180.95983424278927,113.91264151822125,113.5771934594456,113.85457869019955,126.04167468660164,158.57784681537845
2023-03-21,183.0489055080541,114.56119894432888,117.72889124882498,117.23374617585709,127.54714169517625,162.0650888753191
2023-03-22,184.92836323434346,113.93772913327793,115.98967151785537,115.00815345982198,126.38601240554586,160.1811570663207
2023-03-23,189.97986657751716,116.18479340742019,118.49190238294047,115.0198082445645,127.26685583364896,163.7646256294812
2023-03-24,187.10129593967747,117.4024663287197,118.3123794961475,114.34397296943379,128.3238729145582,165.15150645749804
2023-03-27,185.36856902604418,115.64914989994102,114.96858651766364,114.23910657673902,126.74634446189859,162.61022842812008
2023-03-28,184.52313086804736,115.16796551297917,113.36401327014937,113.30691937724866,126.24186468144818,160.8786326260784
2023-03-29,188.53357722590363,117.37733941191617,113.76795272051537,116.81426282508605,128.7403093314789,164.62243344832265
2023-03-30,191.32136919024168,118.85859604858928,113.20691131158284,118.8534145452247,130.0135107446432,166.6185842647949
2023-03-31,194.0741743754426,120.63700009242461,116.39361960494254,120.356561737155,132.0474614577448,169.9054140858547
2023-04-03,195.3877009185899,120.18924839142863,117.100535234886,119.33116292971239,133.06444302327748,170.81131047651553
2023-04-04,191.81043628914196,120.16832676153541,117.50449195869437,121.12560862023795,132.63202468691208,172.13406086887795
2023-04-05,187.81395793547557,118.97995984278515,117.2239712542281,117.80470616829706,131.13460451889705,169.53661163628678
2023-04-06,188.90390293545752,122.0178407659596,121.65618974807376,118.92332547368787,131.85530588549395,173.24034481862915
2023-04-10,192.69076775014847,121.09312306549434,119.43445367729133,119.0515014358677,129.74926889237972,172.15809898484
2023-04-11,189.82617847023113,118.34813186024273,118.2113989519166,116.42973493854656,128.76430083759166,171.43659764901548
2023-04-12,185.1170381207666,118.62427903401809,117.41471324185548,113.99440943712192,128.2037787863924,171.5568499283021
2023-04-13,184.8934432238688,121.28140463395107,120.54532603104313,119.31950814496987,132.57599483412704,176.64745159876608
2023-04-14,186.95457848075387,119.73319092127028,122.16112701611301,119.4476841071497,132.29570897259975,177.5613195617634
2023-04-17,188.6593426785424,120.84621639135685,118.90710411774683,119.71568192625588,132.31174056389975,175.45294973781733
2023-04-18,193.30562700915252,120.66627989380929,117.25761992001014,119.20298696753258,133.30465611553674,174.67532655836064
2023-04-19,195.1501380175022,120.69976498210428,116.89856550970302,121.53344607626249,134.23359431753977,172.9196679605664
2023-04-20,189.37203138180553,119.72061436228626,118.14406707346774,120.96247719382653,133.4488410935259,170.81131047651553
2023-04-21,189.476804766962,119.57416295303369,118.27873946708667,124.63295206807533,132.14356407979784,170.66699540147633
2023-04-24,188.9388496533972,117.90455924499248,118.90710411774683,123.7590299023016,132.391799176689,170.58682310198682
2023-04-25,183.34238048709878,115.24744674564178,116.52827472511909,119.51759503561289,131.14260168760129,166.38607595834867
2023-04-26,188.3379717523155,123.59536048118962,116.37117276655253,122.32580252883048,131.13460451889705,167.86914626989955
2023-04-27,190.22441348069978,127.55383242141272,120.7248661912785,127.96550930475877,134.85820548004745,191.24578214667656
2023-04-28,193.87855554812197,128.57066031585373,120.44431957664865,122.87345295178538,135.87518704558013,192.65673811034125
2023-05-01,201.99028035226613,127.85931179890187,120.2872348915245,118.91167957894133,135.80308834760365,194.9495029891237
2023-05-02,197.09950253340335,127.79656000980448,118.17772437597098,120.75273551844101,134.9622804348771,191.79094637926804
2023-05-03,194.2488679039434,127.37390902444746,118.27873946708667,120.77604508792605,134.0894590114059,190.01925825753398
2023-05-04,192.57202636080208,127.79656000980448,117.47082601946994,121.1838736539546,132.76012840174596,187.2053796020174
2023-05-05,200.38330553753917,129.98919136459398,118.45826235387963,123.11815898139848,138.990196017559,186.61215147739705
2023-05-08,203.67411925123486,129.15232616886507,120.92684455318268,123.31624587204149,138.9341289108825,187.00499204292703
2023-05-09,199.62172881961152,128.46188618122417,120.45557322436787,124.23677828678932,137.5487684484375,187.08512732273078
2023-05-10,201.8156135312303,130.68379733739837,125.39272898625275,128.39664744027235,138.9821740129271,186.8526807157608
2023-05-11,199.670670249206,129.763219420932,130.8011474402313,130.7154517642597,139.1343064877652,189.02519331525662
2023-05-12,198.00778335652208,129.28618791855132,131.85592428981104,128.47821315347804,138.38056091942605,187.4378755685684
2023-05-15,202.29072597967323,129.4912382323201,130.73383283522483,129.5735228893838,137.9795972854331,191.4862867052498
2023-05-16,204.10732768710815,130.44528813649916,134.1000899255411,132.1370332429843,137.9795972854331,191.45423999726546
2023-05-17,210.84962722388053,131.67818393440226,135.59243761782648,134.5840135291515,138.47677530315354,194.39635484430045
2023-05-18,221.32993026814427,133.57372028435861,137.82541006288568,137.6718736262178,140.36921090048864,197.89163017605392
2023-05-19,218.43739162611473,133.49820852812536,137.74686772032362,135.45793569492523,140.45745295143954,196.92161568963385
2023-05-22,217.82253236711065,134.68916936216607,140.31642182713637,134.01305353671157,139.68760128401746,199.0700654933771
2023-05-23,214.4129639103361,132.20658281988332,137.52243388330822,133.9897439672265,137.5706737366274,197.80343694464685
2023-05-24,213.3649229229237,131.61528803889982,135.65976949627532,136.04055047210767,137.79516568668237,199.78355823717934
2023-05-25,265.3611523630164,136.67693381133864,138.55475525777678,134.00139875196902,138.71734851636376,202.57337409694333
2023-05-26,272.11050267054617,139.59983092388515,139.8227122966527,139.95572248597358,140.67391047889876,210.06897199355882
2023-05-30,280.2501901905351,138.89532091088086,138.76794408379416,141.76183185123764,142.173466536692,210.45377928727603
2023-05-31,264.34111415264624,137.7127313489139,137.87028646622335,140.50338179892447,142.1333813494601,212.21747115688308
2023-06-01,277.8676706536906,139.46986004713457,138.82405686140862,143.05522847778644,144.41068689966906,218.5425806287214
2023-06-02,274.772462413583,140.65244960910155,139.89003553838037,144.7797721298448,145.1002936848445,218.5425806287214
2023-06-05,273.6825574747985,140.87891937489,141.39363687838497,146.00326671792638,144.00172609697188,217.5645452103838
2023-06-06,270.0703194199459,139.9311708507852,142.85232726816707,147.52971458934573,143.70503610522982,217.3480540879821
2023-06-07,261.85991053266304,135.61177786888504,137.45511927830177,141.2607827872609,142.5904245080934,211.31954633855875
2023-06-08,269.0920516848204,136.40018401077862,137.0511625544934,144.7797721298448,144.79558168847052,212.10517811003768
2023-06-09,270.90885369824275,137.04178502769824,137.1521603721667,143.8242842508654,145.10832810744023,212.40182919203363
2023-06-12,275.8839736915445,139.16372564053168,138.73427814456974,147.48310434037165,147.37761165301725,217.29195692414044
2023-06-13,286.64483865553024,140.1869597197052,138.9474842440295,147.58797962306238,146.99274170014343,217.50847272633266
2023-06-14,300.44538703990884,141.46599576838094,138.76794408379416,147.3083181292177,147.5059388912,219.13578407355118
2023-06-15,298.04166177586217,145.97826862311635,140.361298230474,148.11232936652823,149.15781369328872,225.9338817306185
2023-06-16,298.31418474862204,143.55856487575375,138.61085939867002,146.22465428805845,148.2837753093625,225.2685145783214
2023-06-20,306.11231049885134,141.7637458023278,138.1283603322996,146.5625719256238,148.35592367919432,227.93810283858932
2023-06-21,300.7807793852556,139.8808253131023,135.26705778346496,145.4556074049755,147.51398573175956,225.78165678271907
2023-06-22,300.64104592842693,142.45988454325834,138.18445583647164,151.6546193886012,149.95170653867888,228.37900729614816
2023-06-23,294.93918910527725,140.49305482456128,137.27557911806642,150.69914039961776,149.69508931620484,231.46541253843185
2023-06-26,283.9197157577916,137.80079346296665,132.7872478466063,148.36868129088788,148.56442129184077,223.24032939376005
2023-06-27,292.6123012180073,140.304367138054,132.7760287457719,150.52434529846784,150.80165407278167,230.11861169021213
2023-06-28,287.30870611279124,140.8411503961911,134.85187332210097,150.36121387205642,151.75591250302688,228.70769274623322
2023-06-29,285.24737054991874,140.50564448412757,133.6400463342819,149.03286178127607,152.02854889883704,225.69345121141677
2023-06-30,295.5890351434184,142.80794081314133,134.31327011483728,151.89932541821432,155.54079611566092,230.06253920616095
2023-07-03,296.3645932192684,141.7385664831952,134.5377039518527,151.7361939918029,154.32998255276084,229.29294929851704
2023-07-05,295.6938085285749,141.8056676656079,136.61354852818178,151.92263498769935,153.42385615030702,235.98684888002802
2023-07-06,294.1984308563094,143.11407521974425,134.77333961626013,149.5688663094844,153.8087385211447,234.07887895506752
2023-07-07,296.99344718992734,141.41566333128026,134.06641534959547,151.2234901430836,152.90258728276325,232.90846456966187
2023-07-10,294.73647944600174,139.1553281672934,130.66650095677596,148.1356300460173,151.24270289400647,235.77043179699788
2023-07-11,296.308694495044,139.42374599752648,131.44074846516827,150.05826058871864,150.81769808204547,239.12945000531542
2023-07-12,306.76912718535505,141.40731826037106,133.4492784364909,152.41202926693362,152.17292014628362,247.98781657461416
2023-07-13,321.2683962688069,143.69697252748946,139.74416995409064,156.4903327072109,152.79031647180813,251.25058359992133
2023-07-14,317.71870709696134,144.77888411467282,140.73158901505795,156.93310784747504,152.91060928739515,247.61103021281446
2023-07-17,324.6503358530491,144.98439294882118,139.86759733671158,155.62805643618373,155.55684012492472,249.01397758445688
2023-07-18,331.8685357084816,150.75474092059233,138.86894190146745,154.77744383989508,155.34836734820593,250.16032917410996
2023-07-19,328.95472457058736,148.90537102257315,136.92774380859368,157.72547319003905,156.4469225181147,253.33496466748642
2023-07-20,318.07509150979035,145.4624724977839,133.752237342626,151.43324070846512,154.86720850382164,242.520453222141
2023-07-21,309.61307159483493,144.16246241688583,134.6723417985868,151.47984206744326,153.91297490950407,235.89869266830675
2023-07-24,311.7302791744669,144.72441189357323,136.36670239966116,150.0815701582037,154.5625089254115,233.77420694115406
2023-07-25,319.18606863845207,147.18605060479823,137.12970489705546,150.46609804474318,155.26013771521883,236.06703351941277
2023-07-26,317.59988558521997,141.64629908223216,145.0516251372807,149.3241602798713,155.96578850965807,239.35388802026313
2023-07-27,320.7303743865796,138.6898513784793,145.1974820848492,149.44069034730458,154.93939412754492,249.8877655676571
2023-07-28,326.669767403352,141.89793506657094,148.76570890034847,154.05500720578624,157.03229291493074,260.9267643875312
2023-07-31,326.52306329816093,140.8705088010694,148.92277631203024,155.7678782931101,157.5294336787597,255.41125076376238
2023-08-01,324.971760194206,141.04661992859266,147.6099774167014,153.4490828591187,156.85587090284804,258.7061015167397
2023-08-02,309.33357797371264,137.33952196106284,144.0529697020366,149.39408898832647,154.4261845185245,251.9720972756411
2023-08-03,311.05252383541097,136.98726040426956,144.13150340787746,150.20974612038353,153.29552891212427,251.07424649668832
2023-08-04,312.2054850990373,137.45692937941166,143.7499935224591,162.63109743711195,145.93425929950266,249.10215847596865
2023-08-07,317.35535203576984,138.43402320781252,147.5875392150326,165.71894864418226,143.4163805360835,253.77586912504526
2023-08-08,312.0936876505884,136.73144533418505,147.44166499402166,163.06222668262956,144.17814810905455,250.63336671891994
2023-08-09,297.34991172515134,135.12950613359436,145.4892132534287,160.6269011812049,142.88710208187163,244.67692395780176
2023-08-10,296.1899531056976,135.42305088063097,145.52289646609552,161.4542042080085,142.7107049057166,245.1018359111066
2023-08-11,285.477936095179,134.61788909400764,145.37702224508456,161.27942688685053,142.75889902332716,241.81498141025628
2023-08-14,305.72799007764263,135.88854077002733,147.3631053780172,163.79632699147692,144.09984042916483,245.46258040907122
2023-08-15,307.0347062172174,134.97432973654665,145.62387701032642,160.41715061582335,142.4858528347107,242.0635069007471
2023-08-16,303.86225998835823,134.64652696686085,144.4120413857861,157.38756444246968,141.77925827502065,235.92273078426885
2023-08-17,302.87005095650784,133.1672878198581,145.78096169545057,156.117450715418,139.71564104633762,228.5473728270447
2023-08-18,302.55565067864336,132.9991811481049,143.02064832756804,155.23188265489773,140.10910423017938,227.0723111075161
2023-08-21,328.1861104356348,135.268529512697,144.04174196448096,156.93310784747504,141.19310554648354,232.40344201634383
2023-08-22,319.10917784674535,135.51225274534164,144.8384276745421,156.43206767349426,142.3092321352068,230.55959018714253
2023-08-23,329.22724754334723,137.4201822461302,148.53004732577745,157.9119141859355,145.4327598303706,235.8826261246812
2023-08-24,329.55566924033155,134.46585683670588,145.62387701032642,153.62386018027667,141.62670358941244,229.87813181142934
2023-08-25,321.5548605382916,135.7307966588537,145.7360852921129,155.27848401387584,143.41731188337047,228.87608295692024
2023-08-28,327.2636880098038,136.03338080766008,147.00405960443126,155.1386621569495,144.68600557566575,232.69204748663174
2023-08-29,340.8825188023892,138.0127346830121,150.99866407196532,157.20112344657323,147.84163370732102,238.88884672758007
2023-08-30,344.23657579318166,138.17241768036243,152.46859947274544,157.38756444246968,150.67609604053223,236.57208075252137
2023-08-31,344.87245382713303,137.73956134141315,152.79397930710695,160.81332439710937,150.85275399392762,237.20538885693884
2023-09-01,338.96094340381035,138.1178144534401,152.22171016061884,160.9415003592892,152.1294696908548,237.59821708257357
2023-09-05,339.2334396691052,140.1727848896836,152.34516345340333,159.95106590607418,152.3221840714778,240.62047954930753
2023-09-06,328.8699550767085,139.89124027601093,150.8752453260656,157.72547319003905,146.87005221753788,239.83484777782857
2023-09-07,323.1397082182742,138.64309540033972,151.7728770334728,160.6269011812049,142.57421906529984,239.4339986202763
2023-09-08,318.4646465941372,140.47532973674316,153.02962360823557,161.069676321469,143.07201798121162,238.80873612756685
2023-09-11,315.711293905904,142.01766128798243,153.63555869394813,166.74435634162086,144.0195210391352,246.5608804465907
2023-09-12,313.5589927172749,139.42472854119708,151.8626471135905,164.56536498456384,141.5624654625381,241.8310479538819
2023-09-13,317.85665115363565,141.2276044727222,153.3999143928195,168.78350806175953,139.88430183102875,244.5567086982009
2023-09-14,318.5275426741891,142.33706658442995,154.95961987371732,168.63202253009464,141.11281099238158,249.89581117936513
2023-09-15,306.7804244430459,138.7733806910649,154.1741446277694,163.58657642609538,140.52663342791683,240.74876510040696
2023-09-18,307.2416356559614,138.2858556222819,155.08303861961704,163.10882804160767,142.90343170430344,242.5444666583126
2023-09-19,304.1249546140017,138.11355676420072,154.89227072182607,160.37054925684524,143.7866966353527,244.5646555907469
2023-09-20,295.1730663761963,134.8020439790477,150.06733187844884,157.64389858683734,140.91207460712667,240.23572161517137
2023-09-21,286.63351469037434,134.28094211789386,146.3644758529367,150.69914039961776,139.6594249240952,237.07710330583942
2023-09-22,290.7776052030415,133.22194344910952,146.1512524800345,150.45443437000466,140.35000031044908,239.76268407036133
2023-09-25,295.05429827938497,133.44465334778502,147.11626788621777,152.9596885798845,141.38583234507038,241.16563144200373
2023-09-26,292.8809516083436,131.1753311843575,144.26617580149636,146.7956231704944,138.07761227391543,239.66645756714152
2023-09-27,296.77340438587316,131.44849142537413,146.47664958783838,146.7956231704944,136.84905344070734,238.6884961881755
2023-09-28,301.1130736646635,131.80569190168512,148.4627499942134,146.7956231704944,137.05783666652178,243.6748751032926
2023-09-29,303.9781703864156,132.69240481297052,146.83571263486672,148.12398415127075,137.4753907001869,240.66860514081273
2023-10-02,312.94399992094594,135.234900317997,150.54983094481932,150.85062593128265,139.51491707904654,245.96762764217982
2023-10-03,304.10398925398437,131.70063833242165,148.59743102455352,145.32743144279567,138.4309157627424,241.25378765372503
2023-10-04,307.7657696563938,134.04139797099492,151.750438831804,147.9841534043484,139.44263211161265,244.97355036000718
2023-10-05,312.2870764045823,134.2095177433304,151.5597054808978,146.77231360100933,140.4463637097425,244.34024225558971
2023-10-06,319.7923815086593,137.52942800172167,154.37612298967358,149.10277270973924,142.5179905250936,252.86997273438442
2023-10-09,316.37518807063003,138.6052609187294,155.31864837386087,149.45233624205113,143.72245850847835,255.2188717966943
2023-10-10,320.0439658288668,138.00429790802698,154.91470892349489,150.87391772077572,143.24067876590277,258.008625956982
2023-10-11,327.0880330125633,139.69790188279603,157.70870550404425,153.61221428553014,144.37283694592597,262.80265058482155
2023-10-12,328.05943692918635,139.1683894478216,155.93581119712903,154.1948290627126,145.10352235543937,259.86854432980886
2023-10-13,317.68898168842725,137.72695858126457,154.12926822443177,151.23513603783013,143.61003868195732,252.27671992997358
2023-10-16,322.1194296407192,139.79033959132866,156.08168541813993,154.45118098707226,143.50564086006818,257.45555185153034
2023-10-17,307.0460034749083,139.5466032581017,156.7773733105278,153.19273093475908,142.24498159036864,259.74028345849996
2023-10-18,294.87258068759166,138.7271094344695,154.80253518859317,149.30086849037824,141.19310554648354,254.1045298953398
2023-10-19,294.20871323033066,139.23563473663933,154.5668563405798,149.61546766846254,140.88798375730332,250.76959916256536
2023-10-20,289.21922462086417,137.28152568333127,152.15441282905476,145.8517811862615,138.81634452398842,247.43471778937192
2023-10-23,300.3163899840062,138.39514067962023,153.1642528182485,147.4714495556291,138.91268308735417,251.73161739685835
2023-10-24,305.1242144166095,138.9036397806255,155.75628831033606,149.80190866435902,139.2659865761811,250.5611536518717
2023-10-25,291.95850247504757,143.1649447807182,140.94478647779653,141.44721489316137,137.3870617234892,240.12347792790698
2023-10-26,281.8047516052188,137.79417766891777,137.20825587633874,139.326497459817,134.00659393879187,231.1608145638899
2023-10-27,283.020689071292,138.60106873240142,137.084837130439,148.84642078537956,135.07452640990456,237.87875226136293
2023-10-30,287.63985197120456,141.7528854196218,139.65439123725176,154.63762198296874,136.7366460321501,242.63269690940535
2023-10-31,284.97735807886795,142.0890856625459,139.2280049484958,155.08039712323284,137.12208721135994,241.51833032826033
2023-11-01,295.7740911683354,145.43425384356345,141.8873291354262,159.63644894799788,139.6915626144781,250.00000925492145
2023-11-02,304.0271251697426,146.37980146984603,143.05430563007127,160.88325310556453,142.58222865196794,249.21437748344246
2023-11-03,314.5024072105882,148.2624861485906,144.8608745129321,161.5008233469786,141.8435088198588,252.20465494166837
2023-11-06,319.71551742441756,149.83002322012706,146.1512524800345,162.82918432775494,143.91516047113754,253.16659913658987
2023-11-07,321.1411619055936,151.51101133416526,146.95914865420883,166.2899175266182,145.9948341270482,255.58763722657645
2023-11-08,325.4667563503341,152.6330631054393,147.9353745245053,165.55581721777085,146.8540206262379,256.35725181401085
2023-11-09,328.0943702933935,151.57823042181843,146.14004201592127,163.83128245570848,146.46857944702808,256.97449337480276
2023-11-10,337.7729419461169,155.3520365542927,148.77693663790407,167.28035197983323,149.8695865438944,263.56419488075744
2023-11-13,339.76451761043506,154.0954942053832,148.21589522897156,166.15007788969987,148.58315999925495,263.90092594255054
2023-11-14,347.0042703901146,155.60417036075793,149.93266812155116,169.89047258240782,150.70576255611368,269.6088185333874
2023-11-15,341.6374053003368,155.66734136848814,151.05473366597377,166.86086862906217,151.16404751112958,266.7227885102988
2023-11-16,345.77436491985156,158.4044984255393,153.64676915806132,166.4297393835446,152.53090520747313,267.90924475953955
2023-11-17,344.5025821444839,155.74314133753145,151.82898117436608,169.168018168307,152.51479910839018,268.5907031352527
2023-11-20,352.2663888022009,158.939264194006,152.88376666066702,170.27500046894727,153.92990059419958,272.54287542881906
2023-11-21,349.01691824431,157.09907780416162,153.69166283484137,167.67652576111922,153.27864048132028,270.1459494941661
2023-11-22,340.4354091309885,159.11194296897318,155.39722526330772,170.95083574407798,153.81730691618495,273.7613907259394
2023-11-24,333.8665745793274,158.93507200767797,153.37747619115066,170.9857912083096,152.73993679256412,271.14799834867523
2023-11-27,337.1230959079757,159.43196399278762,153.0632722740176,172.13935708793602,152.59519300620278,268.3180901692188
2023-11-28,334.1810549795868,161.15427134332126,153.94974533763877,171.32369995587894,153.08564048752928,271.7572436573401
2023-11-29,336.41022025245763,159.53302188445718,151.46991812733773,170.49639692907533,152.25751131586952,266.31394310061955
2023-11-30,326.83650210728575,159.55827980708344,148.70960475945523,170.22838132997717,152.72385552940884,262.26549494425234
2023-12-01,326.8015687430786,157.7054775565082,147.95781272617415,171.32369995587894,153.7610287041234,260.3976296788795
2023-12-04,318.0313713896014,155.44415984885072,145.0516251372807,168.771844387021,152.3057675232992,256.549630781079
2023-12-05,325.43943461364915,156.8674988112859,146.98160412932003,171.148922634721,155.513811880266,255.1627252732716
2023-12-06,318.01043273704914,155.3009835851669,145.89318725067946,168.39898017522003,154.62939207858088,254.48938654863804
2023-12-07,325.6491683362171,156.20635172561197,153.64676915806132,171.148922634721,156.19723451945583,261.8165448749854
2023-12-08,332.0089635594,157.58757231603295,151.46991812733773,171.77813877088158,157.35502337681692,266.7548475581784
2023-12-11,325.86581929221745,156.35372017562378,149.5623773369672,169.99533897510258,155.32086155833028,260.7663951087617
2023-12-12,333.0642823310222,157.65073022318086,148.698394295342,171.84804969934478,156.55100989090818,267.9332828755016
2023-12-13,336.0764303550103,157.6465118356883,148.75449843623525,173.43276260448079,159.16407234705724,268.3501245373079
2023-12-14,337.90744073980744,154.0924417697131,148.04756553284943,171.77813877088158,159.28468802970377,267.09157861997153
2023-12-15,341.68139249517566,156.1137306089275,148.7881471020173,174.74947769051062,158.85050634247503,268.4945013118234
2023-12-18,349.9771050256372,156.92220684286644,152.37881211918537,179.52692597540369,157.4997423272506,276.27068374680925
2023-12-19,346.6713885464769,157.1791092612798,153.33256524092823,179.20064534258887,158.34397759799324,280.87218132883766
2023-12-20,336.2371825867863,156.06738074883845,155.2288955671856,177.25471412039846,156.6474974698399,280.0064389573455
2023-12-21,342.38032685396877,157.29701450175506,157.5628312830333,179.25891037630552,156.52688178719336,283.8624341072731
2023-12-22,341.2620318798997,157.7349276654625,158.76347371690278,178.7695160970713,155.6585308306997,283.3012650305323
2023-12-26,344.4000254789216,157.76862236307386,158.79712238268482,178.75787020232474,155.21631472087523,284.4556622318934
2023-12-27,345.3644854546472,157.52016982022792,157.50674441558243,178.67629559912305,155.29673345461546,286.86068313783545
2023-12-28,346.0983264701825,158.02970386723294,157.3496424570159,178.72291473809315,155.6424371495806,287.2534866836797
2023-12-29,346.0983264701825,158.34975109221193,156.74372464474575,177.0449813350089,154.79826396865707,283.7581866721357
2024-01-02,336.6354977196499,156.1726570280006,155.0381622162794,174.70285855154052,149.25851096195757,277.60948834290195
2024-01-03,332.4492361197632,156.0589701750179,155.87972432967817,173.0016333589632,148.14095630739428,276.1504191276274
2024-01-04,335.4473627246315,154.93885728992055,153.0408340723488,168.45724520893668,146.25952302600942,278.27480613561806
2024-01-05,343.128082458764,154.8588520339669,152.3002870500657,169.23794687676218,145.67258796575126,282.1468431493807
2024-01-08,365.18470949555876,157.78126442496927,155.78995424956048,173.73573366781054,149.19419832730028,287.526025610342
2024-01-09,371.38375248696576,158.2444617124675,158.15753863119025,176.38079195462475,148.8565042190032,286.54001861966793
2024-01-10,379.8401905417382,161.1837345528578,159.6499122336392,179.1307344141257,149.70075190770967,296.9937362074677
2024-01-11,383.13882954267604,161.96697906533504,159.4254783966238,180.8203137119565,149.21833884897893,296.35248121050427
2024-01-12,382.3560871587437,163.5839970361243,160.0650621481184,180.16778800631084,149.48364864613148,300.2164479327683
2024-01-16,394.04135090096963,164.34197052539298,159.88553926132542,178.46656281373353,147.64244956754442,294.5806943696081
2024-01-17,391.7420518250346,164.00508905219056,158.74101824179155,176.77698351590274,146.87860819461434,295.31027833682646
2024-01-18,399.1082110365127,165.85791750393034,160.99641161507722,178.86273659501953,151.66255425097947,301.5311897331084
2024-01-19,415.7694761183851,167.87919324256245,164.250417240001,181.00675470785293,154.01832891460788,307.3993775633433
2024-01-22,416.9086563300765,166.96961981520712,163.81284639729537,180.3542290022073,155.89172777339698,306.0606223268316
2024-01-23,418.43918102626907,167.97604584732176,164.99101608261125,181.79912005041695,156.9288885301477,308.80234961477623
2024-01-24,428.845477685045,169.51726384906766,166.85364592275937,182.78955450363196,156.38216283675965,313.21149290952707
2024-01-25,430.6276134089101,170.48998208298863,170.41067954758782,183.81496220107053,156.11684062164326,315.19959811429123
2024-01-26,426.53218389745507,170.09418729129544,170.76974259461616,185.4113210009531,154.70977355842962,315.96923738151617
2024-01-29,436.55405330516226,172.532323557919,172.2509057329519,187.9049115360944,154.15502586040967,321.484701645704
2024-01-30,438.7136189242687,172.05649730910767,169.9506186828862,185.27149914402673,151.18818803280826,320.71511173806005
2024-01-31,429.99862590092624,167.4202143425568,157.20376823600498,180.84362328144155,148.26153473614931,312.76259219984115
2024-02-01,440.4817599364789,170.03101628356524,158.39320020576125,185.59776199684956,150.23944317850203,316.4822808667518
2024-02-02,462.3776881564278,173.1639550317273,159.76212051542572,200.198086890643,149.42738285203373,380.78401894716876
2024-02-05,484.5460592267415,170.81845298237047,161.22081090520783,198.45024255909559,150.89873771397703,368.2940952428902
2024-02-06,476.7954994716596,170.75107668773,161.69211678090744,197.09857200883417,152.2012455217718,364.53420319722983
2024-02-07,489.90651452492165,174.35568880012224,163.30785730892896,198.70659448345523,152.28969867810775,376.4550109322217
2024-02-08,486.70562484584786,174.38094672274852,163.7230763171777,197.9025832461447,151.41331329901837,376.78369638230674
2024-02-09,504.12166959580793,177.09281965600886,167.19032258844607,203.2742922029668,152.03319321730814,375.26853000319045
2024-02-12,504.9253506322925,174.865209746545,165.54084702743057,200.81565713205705,150.66460942399274,375.90186278739844
2024-02-13,504.0866294017408,171.10057402166325,162.85904145522534,196.50431133690515,148.9659437342059,368.8632605717579
2024-02-14,516.4708275027599,172.75432602515167,163.75670770951734,199.23094422692108,148.24945205734616,379.4132046627775
2024-02-15,507.79068772122963,171.51825988633803,160.1997086315737,197.85598188716656,148.01598191944467,388.031116033084
2024-02-16,507.47623402843516,170.46355820853992,157.6750395648198,197.51805535960523,146.7681628243417,379.4452390308666
2024-02-20,485.3847270423633,169.927783695238,158.34827198209643,194.68655607689456,146.1643890051348,378.18666843373967
2024-02-21,471.54694845178835,169.67040965586278,159.9528711397743,196.44604630318852,146.77625933675657,375.6025216082363
2024-02-22,548.8848231224686,173.66560252820278,161.68087176990946,203.42577773463168,148.4265570574393,390.128133153393
2024-02-23,550.834628311542,173.11294136434836,161.5350148223409,203.90352611911936,146.9372334018391,388.4428242984631
2024-02-26,552.7566043220958,171.93170116235572,154.36492979900277,203.6005550557896,145.8423787851506,386.6050436977286
2024-02-27,550.02394991923,171.90640393798262,155.83481337945574,202.21392904129664,147.02578590188565,390.8664044068728
2024-02-28,542.7695614487358,172.00764523780404,153.02962360823557,201.77115390103245,146.05168356544579,388.434778686755
2024-02-29,552.8963911938545,174.50515334329808,155.3635420506409,205.9659696287511,145.51228447071534,393.3381841461591
2024-03-01,575.0297754850309,175.28983891982554,153.88241345918993,207.66721260132041,144.63479389284538,403.1048163660082
2024-03-04,595.7025819308242,175.04514624409254,149.62970921541609,206.92146639772653,140.96377059053626,399.8064610827777
2024-03-05,600.8115597386568,169.86870006917763,148.86670671802176,202.88976431642732,136.9546433871238,393.41037253341693
2024-03-06,619.9338375969799,169.63248347017657,147.44166499402166,202.17897357706502,136.14961162818133,398.1211769076383
2024-03-07,647.6735995239661,172.60670866407665,150.78544069906312,206.03589833720628,136.0529998696114,411.04171359683085
2024-03-08,611.7424978396999,171.37479540984418,151.94120672959497,204.32300946989042,137.44573660256927,406.03403602249887
2024-03-11,599.4837714092047,170.6576302343622,154.47710353390448,200.37288199179292,139.07194347342866,388.0896811759772
2024-03-12,642.3897946503077,175.19702129440697,155.40843572742094,204.3696108288686,139.45835325381697,401.0583681364654
2024-03-13,635.2259444861304,175.12109031954088,156.85591565308985,205.7329272738765,137.76775924051734,397.7038910096027
2024-03-14,614.6500327233215,179.39049147947955,160.57003396304245,208.28478284273447,139.27317657723663,394.7024336062733
2024-03-15,613.9022237035963,175.6779567703056,158.41560386054527,203.2393367387352,138.9672600383715,388.4990201814668
2024-03-18,618.221461771669,176.0576509463828,165.70915945011032,203.30924766719835,139.8528347106925,398.83541004515604
2024-03-19,624.8122231520871,177.78314173840928,164.97980561849806,204.96387150079758,141.75275834021494,398.24156492577276
2024-03-20,631.6196354885057,179.3947098669721,166.89853959953942,207.5856379981187,143.83780897446246,405.688938511721
2024-03-21,639.0489044397555,181.14126639529684,165.61938936999266,207.5856379981187,137.96095792172957,407.4865897730773
2024-03-22,658.9959622319054,180.87546868151875,169.1763884479363,208.42460469966082,138.69355569767225,408.9471397757829
2024-03-25,663.9790944647043,178.39484722657727,168.39093047543076,209.40341103812128,137.54236077910303,403.6826443013469
2024-03-26,646.9187397334836,177.88436993764842,169.06418016614978,207.76043309926862,136.62458632658004,397.9606595501257
2024-03-27,630.7669195462989,177.79153921164757,169.2885967297228,209.54323289504765,139.52275281422106,396.33157125799
2024-03-28,631.5077846251266,177.49203369967583,169.35592860817167,210.18411270594677,138.04951042177612,389.6867104202333
2024-04-01,631.5567127009887,179.11627009129862,174.47259862012834,210.871593875824,136.882209404124,394.31725611569834
2024-04-02,625.1896530473284,177.79582310205151,173.4290754182678,210.54533102300118,135.9241883308394,399.1483991484732
2024-04-03,621.7788961083618,177.37812413679444,173.83301486863374,212.54952727890824,136.57628044729506,406.6680104812602
2024-04-04,600.3992498941383,176.2938937465484,168.90706093414084,209.74131978569065,135.90809464972028,410.0225616474945
2024-04-05,615.097382761907,179.5170169030918,171.11757790408885,215.64904216071707,136.51994014541435,423.19986687720996
2024-04-08,608.9818540135244,179.1246675645369,173.75450707295644,215.78886401764345,135.61022495141472,416.7075024650483
2024-04-09,596.5482471022734,179.8376667548554,175.71815200422026,216.34816922534088,136.59237412841415,414.8215715930181
2024-04-10,608.3248503747658,178.5636089274442,175.20198699862536,216.67443207816368,135.0708382746481,417.17301267375115
2024-04-11,633.324853713199,180.53375309345688,178.87115981147076,220.2866508086918,140.91547712921513,419.84534039076624
2024-04-12,616.34130965129,177.98985582612698,176.98607449621142,216.88418264354522,142.13110886207988,410.8090078520605
2024-04-15,601.0701414146918,174.50515334329808,173.7656829901849,213.95944508289432,139.02363759414368,401.4436443462024
2024-04-16,610.9528115148702,174.90169486818098,173.2495352580324,213.6098904405784,136.35894124440415,401.06643842796393
2024-04-17,587.3296314116111,173.74576499114366,174.45019496534428,211.2328121928784,135.24795569270506,396.5803188665954
2024-04-18,591.7746082248576,170.55214434588365,175.05609550417205,208.83244215568536,134.47509887803696,402.70354765201716
2024-04-19,532.5699271540539,168.37949137906358,172.9016999485597,203.48404276834833,132.8328107440223,386.067345101768
2024-04-22,555.7598587602422,169.15574018060593,175.35903713686474,206.513628941702,133.50904338215662,386.59704744560156
2024-04-23,576.0631407204312,171.94436942541566,177.58078184436837,209.20530636748632,134.36240585631174,398.12924719913684
2024-04-24,556.8711563784838,172.5729484635539,178.55700771466485,205.7678827381081,136.06909355073049,396.0426696302159
2024-04-25,577.5239856404644,168.3457573797054,175.04488504005883,202.36541457296147,136.7694791285073,354.2154347039687
2024-04-26,613.1894014630082,171.41697928476978,192.94208871156357,209.29852686543455,136.29451684807242,355.748222453513
2024-04-29,613.3431830464217,169.69995146889295,186.43400836794643,210.85994798107745,139.67570487467168,347.185396375637
2024-04-30,603.8728227907618,164.24932320754394,182.65262727331458,203.91517201386588,137.12372638258506,345.2192068248506
2024-05-01,580.3823787885041,166.61603509960406,183.8644456244125,208.5760902313257,136.29451684807242,352.457937461781
2024-05-02,599.7842303903443,167.83947227710456,186.9614011110969,215.24120470469254,139.29734193484293,354.45616138065657
2024-05-03,620.5558544566013,171.56044376126363,187.65707173004236,216.97740314149345,147.62958455702017,362.7060477147964
2024-05-06,643.9763249005848,174.46298256895477,188.62210440966803,219.8788133526673,146.28514128538345,373.7165660564157
2024-05-07,632.8916586310581,172.6910502127633,192.15661346561566,219.94872428113047,146.84062164326915,375.771084577457
2024-05-08,631.8992092320228,173.19734841594635,190.05837387122372,219.06315622061024,147.11435081989606,379.2700618777878
2024-05-09,620.2622860014291,173.9482737919511,190.70915081338913,220.81100055215765,148.58759321234095,381.53312462868485
2024-05-10,628.1670012444343,174.96921526922645,189.23921541260898,218.4572318739427,147.5637817667037,382.15915219490023
2024-05-13,631.8082970211963,174.53888734265627,189.78904635742828,217.39688649226449,150.1676052577659,375.5864797444013
2024-05-14,638.4968611384083,175.73702729578372,191.13556301230872,217.97950126944698,151.0946807651949,378.66812178711547
2024-05-15,661.3791761628397,178.8096116614047,193.57047927238733,216.7210512171338,152.94072284967436,386.4445510200065
2024-05-16,659.4850827457357,177.92629180092854,195.44431957664864,213.97110875763286,153.0374836238102,379.7756520662877
2024-05-17,646.3455441198641,177.59662874855968,197.55387327580814,215.2178951352075,153.06163656345268,378.71632141799216
2024-05-20,662.4274975786345,179.76477511507716,198.51885413510664,213.86622458494608,154.0048305879285,376.25256261062333
2024-05-21,666.662981036498,181.32852611833613,199.5623946104096,213.41178576994344,155.0608914856231,372.8739980082175
2024-05-22,663.6157126960478,181.95405272080424,197.9129363228365,213.38849398045036,153.8919637147097,375.4019242709266
2024-05-23,725.4624564484707,180.46635059765183,194.73743849359,210.96481437377227,150.6513097847346,373.796874094753
2024-05-24,744.1232293117633,181.8018763570975,196.3532135684963,210.61524195146438,153.15033807906516,383.7801948753279
2024-05-28,796.0663108965256,181.86950156280122,197.9353745245053,212.2465562155785,153.15839733758855,385.1444936950231
2024-05-29,802.5241759311525,181.3834699603976,197.37431584213041,212.0950884639056,153.40021234718145,380.68241224961656
2024-05-30,772.2963465656803,175.25522718145493,193.12162887179895,208.94897222311863,154.20637414083214,374.8160260440893
2024-05-31,766.2367966639171,175.44962672183408,193.5592688082741,205.59310541695015,154.98027406446164,374.63949150253217
2024-06-03,803.7473778277028,174.7691955790513,194.3110262946704,207.8070344582468,156.41519462053807,383.19434600807165
2024-06-04,813.7905597924723,175.84691497990664,195.00673146050065,208.9722640126117,156.67316540106918,382.7930772940806
2024-06-05,855.7462780142947,179.20265533082016,196.8244848973111,211.2328121928784,157.8984831457186,397.29457668390364
2024-06-06,845.6678956106682,179.41818611040895,198.30566530908925,215.56746755751539,156.77796059780079,396.2513125792337
2024-06-07,844.8992013533207,179.13503012511646,195.75852349378172,214.7518104254583,158.72075103845222,395.60929250876427
2024-06-10,851.203391634394,180.83403153978284,196.60105291995453,217.96783759470847,155.68160340748926,403.34556772248663
2024-06-11,845.1224223457085,182.8669143943106,198.40966870573897,218.16592448535147,166.99173584507346,407.25385934851647
2024-06-12,875.1080684186496,186.40864371178273,199.72402221088316,217.76975070406544,171.76409594118854,408.3532699766091
2024-06-13,905.9327027967925,186.62839287886408,196.7695380770582,214.20415111250742,172.7072651297367,404.54934918466915
2024-06-14,921.7991804280219,187.04681237614628,198.60064388483863,214.00606422186442,171.29655960312186,404.99921240618517
2024-06-17,915.5085041242336,189.49810162737398,199.1061684499193,214.47214893161362,174.6661865053987,406.98341820404795
2024-06-18,947.6610870766182,188.64015759476453,196.69090936728418,213.01561198865744,172.74756142235356,401.2477361690906
2024-06-20,914.1105285767873,188.36968297311427,198.0501910960932,216.8492271793136,169.0312498059693,403.023076899821
2024-06-21,884.6840299908807,190.09402091390055,201.79101414798572,220.32160627292342,167.26582514265135,397.4641268447449
2024-06-24,825.5511385859705,189.20227737902152,201.3304350800123,216.23165693789957,167.78982596223696,400.7818064039491
2024-06-25,881.3288245790936,190.58851549245384,206.73382696225443,217.12887089316632,168.53953569233252,410.1725654142475
2024-06-26,883.4957080436075,191.0999098221419,206.56534180515075,225.60009473179727,171.90919984850083,412.1968758716979
2024-06-27,866.6506154802075,191.3915156830018,208.28410114360554,230.54067444310178,172.5944106744817,417.3701548403887
2024-06-28,863.5052773283134,188.8979901545194,204.62188952804462,225.18061138102618,169.7890436305159,405.04741203706186
2024-07-01,868.8173921148613,193.03135486811414,205.56553768598747,229.78326456476935,174.73069782747723,405.41694254045
2024-07-02,857.4240943799081,194.10911357071632,208.09310869106343,233.0459108729896,177.56830190553654,409.2889055148411
2024-07-03,896.6364752128685,194.7388192589302,208.74468021157892,230.237703379772,178.60016019173338,409.6583866586482
2024-07-05,879.5115418313015,197.60854110802234,214.11440615459662,233.0459108729896,182.46153846153845,433.7177025607689
2024-07-08,896.0770072362541,197.0506528118402,212.3507013190346,232.21859006619403,183.65464400802202,425.2105787700863
2024-07-09,918.3043483892661,194.2189750536747,212.2945108109294,232.27685509991068,184.34791409252625,425.7568906129368
2024-07-10,942.9778796756592,197.05487119933275,214.76592585478494,232.80120484337647,187.81431418690278,429.5244580734474
2024-07-11,890.4854255360489,192.1734108355047,208.4638485851496,227.27802813488148,183.4531128730822,411.8595278151419
2024-07-12,903.3463518871429,191.6873661325188,207.90215078540615,226.62550242923584,185.84733355271737,400.74964863690735
2024-07-15,897.7546633570777,191.86064753427064,209.54224686720212,224.56304113961215,188.95903934631838,398.5726689953283
2024-07-16,883.2160808851601,189.98415943094216,206.61028730225794,224.91261356192004,189.29762754801095,393.4556105894317
2024-07-17,824.7124707703488,187.44830592112913,203.35249879345002,218.98158161740855,184.50916135281298,371.1234604669552
2024-07-18,846.3803973616765,186.1170116497583,199.6117102884423,214.1109306145592,180.72029157379063,382.2573777611518
2024-07-19,824.2931635700028,184.73922341189336,199.5779925288907,213.38849398045036,180.8251116064499,383.0125299913442
2024-07-22,863.5052773283134,187.20318092618103,204.08269902373956,212.71265870531968,180.54296305034862,391.5356462862808
2024-07-23,856.8650003078036,188.0104388059684,204.21746642129165,217.21044549636807,181.3893963006886,392.57192601023485
2024-07-24,798.5711506230251,181.26936388878207,193.9274349594437,210.70846244941256,176.17367764207702,370.54506489643467
2024-07-25,784.801422653245,176.8316595483561,187.9173825069085,209.5665424645327,175.32721955580942,364.2310119707473
2024-07-26,790.2532708966218,179.73518089971785,187.60286766781235,212.654393671603,175.70612888604654,374.1037672898129
2024-07-29,779.9785352103873,180.35224452603634,190.44497078542688,213.4700508036601,175.9318377965565,374.11173886214937
2024-07-30,725.039623862746,178.741986455701,191.29872794915528,211.7338701468512,176.3832680355402,372.087428404699
2024-07-31,817.9324068780803,176.8105283091465,192.7029551750715,217.8746170967602,179.02741265514695,381.4379840362477
2024-08-01,763.3430428322305,176.2864395152339,191.82672526278952,214.48381260635213,176.0285613168009,399.8419012619579
2024-08-02,749.7830752924835,172.6432985903708,187.220917309613,195.642035065878,177.23777296236736,392.1301084004269
2024-08-05,702.1134551808008,167.00533200248884,178.89674177965514,187.62526782224168,168.70077053465545,382.16095381960787
2024-08-06,728.6742427732604,168.89029618254926,177.81829167727543,188.68561320391987,167.05623474918818,396.9098681093485
2024-08-07,691.3493319060864,168.39158321650342,178.54849190756497,189.66441954238033,169.14412909715193,392.7567282816147
2024-08-08,733.7068372312211,170.19200933914308,182.01971107058375,193.19506366970677,171.95756781760494,409.3933997478836
2024-08-09,732.1691282269461,171.5994048929496,183.86202734247743,194.52342465048312,174.31955146314658,415.93231024495736
2024-08-12,762.0150408430585,171.93329943339327,182.3117877080111,194.36029322407174,175.5624654625381,414.47032881440197
2024-08-13,811.7816242759104,174.976289583655,184.4124628577805,198.35702206114735,178.58091234780233,424.5840082484796
2024-08-14,825.3416452305876,176.18080952035035,180.15488750325173,198.20555430947445,178.9440881178713,423.15415990517533
2024-08-15,858.7522031989402,178.26393310790286,181.1996543929646,206.93311229247306,181.3653054508652,431.64519247244175
2024-08-16,870.7745151493422,177.18001713163144,183.06446068685426,206.315542051059,182.4387018260616,423.68433116502865
2024-08-19,908.6585735035508,178.47561231630283,187.2321450471686,207.66721260132041,182.3095674202301,425.17854440199727
2024-08-20,889.4369438754641,179.8601342534571,187.80507058446764,208.43626837439933,182.8099616905816,423.1300230700512
2024-08-21,898.1741842171434,179.58068573294844,186.31098691122176,209.86949574787047,182.72117324922232,429.90191078959106
2024-08-22,864.9030926309697,175.94366278000774,184.0080915713547,205.23188709989574,181.21195601557213,427.30727505311864
2024-08-23,904.2550466759689,176.46872101700868,186.05261075990364,206.2922324815739,183.07628976076793,424.15023625037963
2024-08-26,883.9151220738133,175.07149151504763,186.65920223642715,204.49778679104838,183.3507019254053,418.6235426815074
2024-08-27,896.7763154995572,175.21968530174277,184.99661613263515,201.72453476206238,184.03671991903488,417.0006983763721
2024-08-28,877.9738862419565,173.84785782881298,182.94085193308823,199.0212114415315,182.79381833760718,415.1370286753869
2024-08-29,821.9165730903862,174.9148347522028,181.73886217071205,200.5593052076974,185.45714871132583,416.29377045684697
2024-08-30,834.3582990709942,176.61691480370382,183.53626749238327,207.9934754541432,184.81956077661945,418.776063786893
2024-09-03,754.8855898937884,173.35673009990438,176.77357660788974,205.37170895682212,179.79151480531738,411.1044002647401
2024-09-04,742.3741040146261,173.1280856374583,175.7512824667305,201.96924079167547,178.24193918923115,411.89166090239314
2024-09-05,749.3637146772076,172.91213563923668,176.6387746634529,207.28268471478094,179.4767566762078,415.20129484988917
2024-09-06,718.7490009738876,170.0796194438056,169.5390961913096,199.70869261140876,178.2177117418057,401.8743313704879
2024-09-09,744.1913333474882,171.78168639472435,167.27810622268854,204.38125672361508,178.29036924815438,405.50529619049536
2024-09-10,755.5844708376516,175.37209747593045,167.22184662081375,209.2169700422248,177.644697218997,405.50529619049536
2024-09-11,817.1636592058029,179.1149600330711,170.03396304243358,215.00816234981795,179.70273878192194,411.1606208275344
2024-09-12,832.8219254399688,180.79162495495856,174.00476470634976,217.8979266662453,179.79151480531738,422.22225101531114
2024-09-13,832.5421914516616,182.31162001341892,177.12060006557,217.30366599431625,179.5735795401628,421.4350644170297
2024-09-16,816.324777730461,182.62916502718338,177.79554255364354,215.43929159533553,174.5859043692606,428.80040237930456
2024-09-17,808.0063638547579,184.24233142678378,179.21286304889387,217.75810480931895,174.96522349230398,431.2448369106998
2024-09-18,792.4879379072805,182.40477825397667,179.76404132221984,217.23373728586114,178.11280478339967,432.5555312253954
2024-09-19,823.9442572473712,185.7411559442877,182.38497528343126,221.24212979767526,184.7146414002496,449.5618319142145
2024-09-20,810.8724487527146,184.29312238426405,184.0160200814132,223.25798972832084,184.17390116542592,451.3710086377416
2024-09-23,812.6898917452968,183.54796126446033,182.0587490503925,225.91471168987357,182.77767498463277,453.8314356733909
2024-09-24,844.9150655875249,181.7103818904887,182.5536849952861,226.0079321878218,183.50403894273458,452.96305256431356
2024-09-25,863.3693363315134,182.95519921826204,181.65382501381012,224.3416446794841,182.69695821976072,456.96739793502957
2024-09-26,867.0741424600219,182.61647056295885,183.04863821362204,222.7452858796015,183.62510167207884,456.58940226349466
2024-09-27,848.6198717160335,181.22347254907265,184.42097866488035,219.02820075637862,183.84299968334193,456.20350905899477
2024-09-30,848.8995522894106,182.18884135633735,186.55820441875383,217.1172249984198,188.04785883258722,460.28826118721025
2024-10-01,817.8625401496661,178.11997080928256,187.84053296170097,215.71895308918027,182.5678486498569,463.52866832231047
2024-10-02,830.7946686024238,176.61265711446444,186.56946670319422,215.2878060636707,183.0278597018447,460.58580074166474
2024-10-03,858.7557819992487,176.36286831222642,186.56946670319422,212.02517753544242,182.1320153734392,468.5944421235158
2024-10-04,873.2256194562814,176.15962587881162,187.91928258557178,217.32695778380932,183.04401547278292,479.1841453570558
2024-10-07,892.798398834059,173.399058081235,183.32984985578403,210.673506985181,178.91988550637353,470.21067224479293
2024-10-08,928.9381926497585,175.58803437356977,184.90466959877594,212.91074559596268,182.21273213831128,476.7317145735335
2024-10-09,927.260536528935,176.75237482442762,182.07001133483288,215.76555444815838,185.2553816350733,474.8179942573829
2024-10-10,942.3595484462064,176.0664676382539,182.31750521744328,217.49008921022076,184.85184748256827,469.446734009177
2024-10-11,942.2896817177922,176.26969697108643,183.62232378238642,220.01865298958566,183.64931670154044,474.36773615921874
2024-10-14,965.1477463640124,177.4637102407972,185.55708751796868,218.52714280240585,186.67582284532804,474.7455343924295
2024-10-15,919.9207910003322,177.29433281256334,186.11949352885026,218.70193790355583,188.7338768262168,471.4086786359949
2024-10-16,948.7206256277088,176.18501480726064,185.78205683169827,217.76975070406544,187.06322606282248,463.7859304586437
2024-10-17,957.1789866199607,176.43908749990257,183.27360752735163,218.51549690765935,187.36185325692148,463.8984703033942
2024-10-18,964.6585724352522,177.04874929723564,183.8247858006776,220.21673988022866,189.66199544260726,463.52866832231047
2024-10-21,1004.5730925228045,177.31125876486269,184.55595334374115,220.3099603781769,190.85647938307554,462.47538422269116
2024-10-22,1003.7341576325329,181.00754875201562,185.7595322628175,221.04404290703226,190.35607269476026,467.9832717911907
2024-10-23,975.5634440504648,179.7754520896313,183.10488054205445,215.22955880994604,186.24001440483804,453.252595866641
2024-10-24,981.5052140316213,179.83050073635098,183.03737592918165,217.17549003213645,186.08667738750876,456.54122731240847
2024-10-25,989.4041070472588,181.27852119579234,185.90580377300347,218.86506932996724,186.76461128668734,460.93956085891347
2024-10-28,982.273854874039,180.61802913923214,187.536831297543,219.51759503561289,188.37067622022016,464.8875869476733
2024-10-29,987.3770104545036,182.88742990615333,190.8664082329372,222.36075799306207,188.58857423148328,477.04534535140414
2024-10-30,974.02552138647,183.13301342148102,196.2432681076633,224.5746870343587,185.7073706824292,475.8552364931671
2024-10-31,928.0293910310724,172.04841424984397,192.4749630089231,217.19878182162952,182.32572319116835,456.3804631569907
2024-11-01,946.4837151899909,173.7504812007627,192.6774423006567,230.63387716105802,179.9044934402106,456.04264618441493
2024-11-04,951.0275096237011,172.94178225692508,190.37148956148602,228.12864073117018,179.178117064145,450.8322488107889
2024-11-05,978.0100615032858,174.21198851314745,190.93391284581,232.46329609580712,180.34031429866445,460.28016621592116
2024-11-06,1017.8545012027039,177.90403391164324,198.54920357339157,241.30738414623903,179.75115642288134,459.9746304093396
2024-11-07,1040.712886338504,180.12686210857672,203.31862557291691,244.75647145035575,183.59281496613,475.77487909524876
2024-11-08,1031.974844772875,178.90324152292433,200.61897653471945,242.5774800932987,183.3746810135542,473.87720064293325
2024-11-11,1015.4080974096029,176.98525077494858,202.8686869454577,241.01607675764777,181.1689277709134,468.9159704343513
2024-11-12,1036.5885059349996,179.11072854499628,204.29723517826366,243.42811046957937,181.1689277709134,470.242706612882
2024-11-13,1022.4681623648286,180.02951168169096,201.21515212547982,249.47565470153216,181.8880148022129,466.36714038907564
2024-11-14,1025.89323450503,180.74503928438855,197.50310662861443,246.42274117870144,184.39270568804832,464.0835193726792
2024-11-15,992.4798455453886,175.71083923181592,194.027292729919,236.0871607210818,181.79106775861962,445.52535345624733
2024-11-18,979.6876107942493,176.0326157336552,197.18814268001606,235.02679755941162,184.23111072477445,445.7826649521616
2024-11-19,1027.6407573542676,176.89210563497312,200.36025491455348,238.4176198298117,184.44117300086305,451.1619214524945
2024-11-20,1019.8118378969048,175.91828695214102,197.9530452560736,236.4017776791581,185.02290493427793,454.72400497717337
2024-11-21,1025.264327119441,175.15888549940433,188.56047276720892,231.15824468451584,184.63509192397723,452.7701059620636
2024-11-22,992.2701385302854,176.91102287577826,185.3321009307967,229.69004406682112,185.72581135871152,449.59396500146573
2024-11-25,950.8178026085982,177.67043742909718,188.58294551576253,234.73549017082038,188.14971097189195,454.39428297588665
2024-11-26,957.1091198915462,181.57350700687917,190.23649760918283,242.2046158814978,189.91914663752584,461.1727848792847
2024-11-27,946.064407989645,179.45226072490632,190.36024455048803,239.73433491584154,189.8140906635539,457.6829144216541
2024-11-29,966.4060952844899,179.65166468771454,190.04524605500487,242.23957134572936,191.75320538691273,461.7999477158638
2024-12-02,969.0625265822737,182.8419970868235,192.9024461612711,245.5255272234347,193.57918004184853,476.68349026286626
2024-12-03,980.4564652963867,182.93532563495083,192.7337019025315,248.70659892845325,196.05154696784368,493.42443384406306
2024-12-04,1014.5690556894712,185.5741628220279,196.14202846179649,254.20648384745513,196.34242535251494,493.5289280771056
2024-12-05,1014.0797749308509,187.7802222736493,194.19600244177383,256.9913817711877,196.36667763586803,489.62917565859414
2024-12-06,995.7641159301616,188.18328788850513,196.5244452029405,264.5420643050748,196.2050826725942,501.56175565366186
2024-12-09,970.3874305055068,189.22267498562374,197.49294984448719,263.44674567917303,199.36420025208466,493.3600689503987
2024-12-10,944.2421042384346,188.08143086131676,208.52922856460805,262.2232510910914,200.18833083939228,497.9835809055669
2024-12-11,973.8829035234223,190.4827020894184,220.04973369533866,268.3057507872758,199.1541503939599,508.7261507615597
2024-12-12,960.1111457863033,190.72449953646864,216.17578422292135,266.8026124853415,200.34182929025127,507.20646798077917
2024-12-13,938.5097207828011,189.75297345553471,213.765828087101,265.04312225904755,200.4791968060997,498.8118840348471
2024-12-16,922.7803058619013,191.58573181522914,221.46869516761632,271.4169115638312,202.83035198718466,502.3444998896505
2024-12-17,911.5252459657373,192.80332613303497,220.07225826421944,269.342804379461,204.80175341649232,498.4818165164932
2024-12-18,901.1788808583993,185.56141595547427,212.1667046106618,256.9564263069561,200.41456130438294,480.5765791379386
2024-12-19,913.5525562182122,185.40870246789424,212.29055519262135,260.18409937095277,201.8203865712139,479.2729432433305
2024-12-20,941.6554328392051,185.22626375913217,215.5564103990269,262.08342923416507,205.6178123273127,470.96809501571266
2024-12-23,976.3993877046577,184.65354560381468,219.18260688719786,262.2465606605765,206.2480239915061,482.7171560885074
2024-12-24,980.2444080243648,186.38446003690302,220.84932134372178,266.8958329832897,208.61535977945698,489.0745714061304
2024-12-26,978.2170977718897,185.86689533296342,220.2749966575889,264.56537387455984,209.27783331367155,485.5337125012949
2024-12-27,957.804048130591,182.65108230132952,217.0766978843833,260.7201127891571,206.50657841633708,482.68497364167524
2024-12-30,961.159680861818,180.23288512092853,215.36496883698257,257.86530393696137,203.7675729710599,475.7884036204512
2024-12-31,938.7892945263184,178.82014452955383,213.1802238430853,255.63971122092627,202.3294113264248,471.17733027970286
2025-01-02,966.8919574875913,177.58132726846242,213.32661626736802,256.6068538846482,197.02112916545073,482.2262256955737
2025-01-03,1009.9551808676267,179.60500041365088,215.98434266087705,261.23281663787645,196.62521964273517,486.5636988786675
2025-01-06,1044.6294826643848,181.51412206742648,221.70520314086457,265.21789958020554,197.950266054875,507.1407210188459
2025-01-07,979.6851537074701,179.18921413340598,220.1511115287446,258.8091370311983,195.69608275331095,497.2344505442603
2025-01-08,979.4755535222272,180.11835983068022,218.41682336557824,258.83244660068334,196.09197985806267,491.4645129600675
2025-01-10,950.1143279807568,177.73831154586412,216.2658824984445,255.11536147746043,191.36539237661202,495.60089521004136
2025-01-13,931.3789344602816,176.99163075851652,215.10593629485354,254.55605626976302,189.3858944348895,489.541315604359
2025-01-14,921.1026497410778,176.34680699835727,213.5856315360547,253.74038135771397,188.48097257492688,478.21072505954464
2025-01-15,952.4213188066091,180.86076982820617,220.21868523538694,260.25402807940793,192.18951054595578,496.61488908316
2025-01-16,933.756005674268,180.12679660566533,217.2456494244316,257.1195577333675,184.4250172299248,491.9312571582961
2025-01-17,962.6977103556726,182.0147215173199,220.72543621487748,263.27196835801504,185.81471156174524,493.1143569560267
2025-01-21,984.5088423742776,181.78986312315132,223.0340663376191,268.83011831073367,179.88428941306495,496.083730631686
2025-01-22,1028.1313200712073,189.29905138028718,223.39442489282692,273.84059117050936,180.84576268029332,501.74902590409323
2025-01-23,1029.179961976582,189.515394395977,222.95521307309394,274.318339554997,180.70839516444488,512.1702648875746
2025-01-24,997.0223580207792,188.39115482746305,225.4665470423203,273.6541679546048,179.99739222759644,521.0544958773335
2025-01-27,827.8458973928574,184.36081309287914,216.00688450320024,274.318339554997,185.71775210018814,531.0250818860025
2025-01-28,901.7383488350138,189.7232875360995,219.93712812437707,277.49941126001556,192.5046287960163,542.6534587831765
2025-01-29,864.7571630422634,187.65720780608675,220.06103052666379,276.24097898769435,193.39337004911306,544.391656429181
2025-01-30,871.398348116583,176.058279774332,226.2097887216167,273.4094619249917,191.96329249892895,552.8493712792516
2025-01-31,839.3806912773287,176.08799189493175,229.7571664921473,276.9517519470647,190.678616887189,554.6036601486722
2025-02-03,815.5422490062487,174.33160992990076,226.6151964145861,276.64879866372695,184.2230142123596,561.266858070782
2025-02-04,829.4537936151265,174.94677397178933,232.41487561221396,282.0554630847806,188.09315956462618,566.6826406610778
2025-02-05,872.6566970370606,175.3370796195093,215.46631212350374,275.1922617207708,187.826533463308,567.2298903359679
2025-02-06,899.5709846361301,176.41043652646707,215.77039380339437,278.29177660257955,188.43250526211216,572.9595505020394
2025-02-07,907.6803324758903,173.83522886749986,208.72068740009473,267.01234527073103,183.9159800567501,574.9955345004036
2025-02-10,933.756005674268,174.88314444367953,209.9932391746473,271.6616175934443,184.13438720453007,577.3131642681304
2025-02-11,928.3730626905661,174.55221063482998,208.69816283121395,271.2188246731882,188.15435529036304,579.244505954709
2025-02-12,916.7684554926104,173.53402027983236,206.7724503794457,266.7559933463714,191.5919705445898,583.7349444794178
2025-02-13,945.7800269024295,174.17039416442424,209.62160106155667,268.4339267494556,195.3612075228025,586.2939425983858
2025-02-14,970.6672179087441,173.27521827698916,208.59680227125043,266.46468595778015,197.84437807732667,592.8203157618777
2025-02-18,974.5119177388713,173.7885645934362,206.95262965704964,264.0992713848187,197.7392227596441,576.4842688238778
2025-02-19,973.3236492065279,175.96496432678694,208.641851409012,264.0759795953256,198.0627728071428,566.34472496934
2025-02-20,979.4755535222272,176.8959310049974,207.8422637606288,259.70636876645705,198.83925566724824,559.1584635670454
2025-02-21,939.7679628734188,173.52914686322606,202.32414167401075,252.36541901795948,198.61276442501722,550.0730429250043
2025-02-24,910.7563914635998,171.7394763186342,201.86242255883937,247.85598633216455,199.86650688886542,537.6641923325691
2025-02-25,885.2400259970464,169.14639946544384,197.54926126668917,247.96085272485934,199.81796506826777,529.1098314228399
2025-02-26,917.7470170098509,169.92433824209968,194.5199140335319,249.7669620901234,194.41485933551473,542.1464865264078
2025-02-27,839.939945594223,166.86362300401984,189.75629591065072,243.23002357893637,191.9397728754416,529.7053547679782
2025-02-28,873.2858180823692,168.7595392708622,191.76084435350168,247.35492837819183,195.6119634663504,537.7205116145253
2025-03-03,797.3661632175979,165.14621527125706,188.07833644312873,238.8953682142994,192.5302346374265,527.1382123181401
2025-03-04,810.8584006261298,165.19721583805375,192.48159601080212,237.47378673557483,190.83165587338644,515.0269999993213
2025-03-05,820.0162835414044,170.4726893143856,194.84650300886094,242.78723065868024,190.67797115307005,528.2810346977493
2025-03-06,772.9684666296234,168.71704098196201,194.0919990451241,233.8615680050467,190.3463494290841,505.31392292489085
2025-03-07,787.7888662721173,167.19518564081858,195.79248308152685,232.17198870721592,193.37145234295932,503.48727290967884
2025-03-10,747.8715686082058,161.60515408348098,187.00964583570124,226.68374968296052,183.99688309107955,481.22037615332516
2025-03-11,760.3151641113632,161.728430562689,184.9464367824828,229.0724738254071,178.62612615409452,487.4329211006224
2025-03-12,809.1851245295647,162.92719934376564,188.40768916924068,231.75250535644483,175.50397685291543,498.5783638569897
2025-03-13,808.0664556509857,161.014265420548,183.50329249085456,225.92635758462006,169.5993840689942,475.30556819880655
2025-03-14,850.6440839025696,165.17596669360364,186.58124719090642,230.65718673054306,172.68107564402663,489.3888438585544
2025-03-17,835.6824551852077,165.23550884004365,185.22830481545572,228.082039372192,173.09362523826968,487.21420879707426
2025-03-18,807.0177603306812,163.0334712671807,181.146918573338,224.67957120704543,172.0340128029207,469.05936001724626
2025-03-19,821.6297349163916,164.86142171318016,184.77731250801054,227.84897923732547,174.09657450467847,470.42864415462554
2025-03-20,828.6910818299367,164.44482319683422,183.5484107223857,227.1614980674482,173.1745034366715,471.99122041132205
2025-03-21,822.8881906667292,166.3237349078836,184.89009081339606,228.6296986851429,176.54739626343468,480.247005215395
2025-03-24,848.8263738353374,167.09741599530003,189.05034759348126,236.8445528194222,178.53716386124168,498.4500783058904
2025-03-25,843.7924974190574,167.98161359478866,192.2973920211206,239.69937945160993,180.9798766896192,504.4587188239488
2025-03-26,795.3421112758517,165.77537073501537,186.0964334832553,234.36262595901943,179.18423912031145,492.1112221907349
2025-03-27,779.0521066648079,166.03467055998505,182.91704912947034,234.63062377812562,181.06077972394868,485.34545505924285
2025-03-28,766.7472297348096,161.0270122871016,173.9989435562632,224.56304113961215,176.2481109172529,464.5327409196418
2025-03-31,757.7283324673438,159.57745905953408,174.3484198427633,221.6965686126779,179.6695579825776,464.22671151724995
2025-04-01,770.1031829556164,162.4680894379372,177.0881432673131,223.922161328713,180.52693145904865,471.99122041132205
2025-04-02,771.9907597512627,162.4468533940694,177.05428732022233,228.39663855027635,181.0931161017528,470.32390312367795
2025-04-03,711.7249910963989,158.6081993793337,169.9288368720283,207.88860906144845,164.3499630565576,428.19110771105863
2025-04-04,659.3593440005619,152.96715415461713,164.156328799285,199.25425379640612,152.37091216153286,406.53266651007345
2025-04-07,682.6406151370167,152.12548104519328,165.4528733853218,204.2181252972037,146.77368881824447,415.81132991185063
2025-04-08,673.2722239826893,150.72265759460078,163.141600425894,198.8580800151201,139.46168126812245,411.13979108433927
2025-04-09,799.3272389568972,165.99641685974197,178.9371616348553,222.67537495113837,160.8395536983801,471.8059739037129
2025-04-10,752.0652815908247,162.11103306803125,172.29647307398525,211.16290126441527,154.0209739409029,440.0069522969882
2025-04-11,775.5564734021024,165.12922381604633,177.1670656256078,215.4159820258505,160.27334421974828,437.81617665251093
2025-04-14,774.0183370783876,164.85715092335852,179.34303571076933,212.2116007513469,163.80801827924276,428.07827170882194
2025-04-15,784.4354769679495,163.97295332386992,176.2312768839539,209.26357140120297,163.50066125657378,420.0560564421873
2025-04-16,730.5318003782578,157.97056783884344,172.87147142437152,203.13447034604044,157.13502672966712,404.58343197537107
2025-04-17,709.5575200676553,156.34244057428498,170.42491286411985,201.13027409013338,159.32699603246056,403.914955169469
2025-04-21,677.536978822182,152.66109835150786,166.4901263275936,194.96621757073927,156.23720794501327,390.36735436285943
2025-04-22,691.3798852460352,155.9343574364178,170.77442369750472,201.79444569052555,161.55943547936445,402.94839585372114
2025-04-23,718.087083161571,159.15234516470935,175.14894025703575,210.44046463030642,165.49041643641692,419.0492690678992
2025-04-24,744.0950796436637,164.64033628670677,179.57978551221112,217.36191324804093,168.53978405160905,429.4234190110771
2025-04-25,776.1157811339268,166.57454555553903,182.60135969629144,220.21673988022866,169.27583402149548,440.796310716835
2025-04-28,760.1753772396046,166.2812235184011,181.07927577292608,218.71358379830235,169.97145110116293,442.78579798986806
2025-04-29,762.2028477368696,167.50552533433176,180.57195476983657,218.35236548124794,170.8369335080127,446.571381697455
2025-04-30,761.5036463034264,168.0241380848534,179.03862583547323,214.89163228238465,171.8803280826043,442.1897316893385
2025-05-01,780.3105624151453,180.83655995216193,181.85723707143293,221.6266576842147,172.5436087844676,460.8840806898347
2025-05-02,800.5157745638904,185.03654112662517,184.9351572246,221.37030575985506,166.09707122323152,480.86730707021087
2025-05-05,795.7616321359175,185.41489904331033,185.1381028992782,217.14053456790487,160.87191491211186,482.6795440877619
2025-05-06,793.8040283670668,184.19909950527617,184.03320715659447,215.5791134522619,160.56453305351522,473.04638017502043
2025-05-07,818.4137288121335,184.21610406106913,170.67294222344444,219.8904770274058,158.73654668843952,480.6980530668557
2025-05-08,820.5811464259468,186.26507443063068,173.94256304029167,223.81729493601824,159.73953320873977,481.6646123826036
2025-05-09,815.5473234245967,186.50312511115027,172.21755071569055,224.95921492089815,160.58072607834492,477.21854812124167
2025-05-12,859.9427151583425,190.97942376695846,178.65527632844,243.1134935115031,170.72077587437988,515.0261115268627
2025-05-13,908.3929944716882,190.92841009957948,179.86167081862644,246.29456521652165,172.45398833953197,528.3965854769428
2025-05-14,946.216640540089,192.5437642964198,186.44594431664018,244.9895138052303,171.96803616111066,531.0786863910021
2025-05-15,942.6508734743195,192.97816650407754,184.85625213974768,239.07014553545736,171.25531954525417,518.6104068630054
2025-05-16,946.636054570295,193.46364788202558,187.3704362269689,239.5595398146916,171.10143613751654,515.7591013051723
2025-05-19,947.8247504220781,195.4226958548513,187.7650307450001,240.22372919507578,169.09286774247627,515.8316105297066
2025-05-20,939.5048409283355,195.124592105183,184.87877670862846,237.7884036936511,167.53784064027022,513.1494602560664
2025-05-21,921.467153223264,192.73968350434288,190.04251685110674,234.35096228428088,163.67456242199967,511.8607803145106
2025-05-22,928.6682335936376,193.71493015064294,192.64688558106306,236.65812960351772,163.08334316422136,512.7225985993109
2025-05-23,917.9012793276343,191.72182066390212,189.94103537704643,234.199494532608,158.1510024401299,505.0627813766054
2025-05-27,947.335149173878,196.19780490573575,194.93559942472527,240.06059776866434,162.15195862334454,517.3538600087008
2025-05-28,942.5110331876308,194.77962757271692,194.32679694757545,238.5457957919915,162.32202263794807,518.3688410734401
2025-05-29,973.1334920557977,195.341799759303,193.76307815507198,239.6877157768714,161.9413623748114,519.5527306244671
2025-05-30,944.7484777746486,196.05726185908924,193.62779255424812,238.88370453956088,162.67028443346146,521.518031702795
2025-06-02,960.4790678240079,196.74293323478202,190.57239696996183,240.79468029751973,163.35871151207337,540.3735890949383
2025-06-03,987.3260526113023,197.16879386279643,187.3591566690861,239.69937945160993,164.63027375401256,537.1114637441847
2025-06-04,992.2200353259639,197.55209069899925,189.4675012272781,241.4705155726504,164.2658065157056,554.1064117293666
2025-06-05,978.7266762039025,199.17470261841993,189.6479050596331,242.26288091521445,162.4920990705154,551.4242614557263
2025-06-06,990.8218461187978,200.32456692586388,195.81502492385005,248.85808446011808,165.15670849450817,561.9675173235162
2025-06-09,997.1839915988998,201.33390128724358,198.7725146366514,252.83150372770868,163.15623661188275,559.0276113177324
2025-06-10,1006.4825694397427,200.55456074828427,201.60586011897257,253.565604036556,164.14432157559125,565.7451047789762
2025-06-11,998.6516202150405,201.2785382265493,200.19482715675338,248.4269374346085,160.99377239114102,559.0920749305587
2025-06-12,1013.824024246105,203.94027523144308,198.33226641037484,248.47355657357863,161.33392525627573,558.4638261831969
2025-06-13,992.6385947172902,202.27508641962854,197.1696082763281,247.14519559280225,159.1066765182513,550.0147492598069
2025-06-16,1011.6564463875015,204.05525904207101,199.54011186972232,251.80611381026208,160.7022110184593,565.9546855600336
2025-06-17,1007.6710516318061,203.58679532049823,198.61447991219563,250.3146214030743,158.45066032522647,562.0129774976457
2025-06-18,1017.1800842967718,204.52372276364383,195.64572791495388,247.6345898720365,159.21196843353596,560.836195726287
2025-06-20,1005.7832611764399,203.31421150510164,188.1052657398198,244.33698809958466,162.79176937357582,550.0187473858703
2025-06-23,1008.0207057634576,206.97679369406092,186.46845161207858,242.9154066208601,163.19673159192087,563.0609307625136
2025-06-24,1034.1003316666538,208.72713629066314,188.2520036329504,247.92589726062775,162.22482723507827,574.0798155531177
2025-06-25,1078.9183423264046,209.64703297685122,192.66564453950213,247.01701963062246,163.24531066641003,571.2424787567161
2025-06-26,1083.8827259187801,211.85309242847262,195.89405092279912,252.9946351541201,162.79176937357582,585.2761480375278
2025-06-27,1102.970551147266,211.21001104575595,201.52681684658108,260.1957630456913,162.85656630882235,591.3538426094486
2025-06-30,1104.6485277576694,211.8360485709328,198.9305320876648,255.63971122092627,166.16908299546122,594.9488983342561
2025-07-01,1071.8565680934194,209.5533245118379,198.49030113483062,256.8865153784929,168.31535419137325,579.7383979225046
2025-07-02,1099.4746508099106,209.1445077413633,201.6509783505037,256.2572814623403,172.0571474695294,575.1841868191038
2025-07-03,1114.0875868643607,212.4450684397344,202.65561903353708,260.3239390078711,172.956133542783,579.5691439191495
2025-07-07,1106.396477926347,211.9680631385183,199.5626709854879,260.3938499363343,170.04045772614666,579.037096995217
2025-07-08,1118.702209495225,211.49959941694547,196.8196656068834,255.6047557566947,170.08906163656346,580.9071834417363
2025-07-09,1138.838890288805,214.43392023723584,199.37078031394137,259.31017720517906,171.00425315261057,590.668682265158
2025-07-10,1147.3690409469505,213.56937351115977,200.49959977433974,258.98391435235624,172.03285793228486,586.2030716097079
2025-07-11,1153.1023858713236,214.3529848399407,203.4006744242848,262.19995930159837,171.0204585954041,578.3600316222156
2025-07-14,1147.1593339318476,214.22521486101235,204.9471139014246,262.98066096942387,168.96328628994704,581.1087186110856
2025-07-15,1193.515480915313,215.41769536259693,205.44379446399992,263.74971674250276,169.3601395779134,572.620845057005
2025-07-16,1198.2000771044516,215.3325153766447,206.5387579773075,260.06758708351146,170.21053415871398,566.5914241553327
2025-07-17,1209.5967933949235,217.92184546330438,207.22731193798697,260.871598320822,170.0971581489783,565.3823612179798
2025-07-18,1205.4716651823992,217.21914333065405,208.89798201281894,263.49336481814316,171.03666403819767,567.695795421319
2025-07-21,1198.2699438328657,217.22341412047572,214.58719754634203,267.18714037188096,172.08952110122505,574.7004629250006
2025-07-22,1167.8551622124623,215.1834438509371,215.98689913035125,265.0547681537941,173.6445606213949,568.1230025951417
2025-07-23,1194.0749488919273,215.43897070821157,214.73393543947265,266.01024714277753,173.44207330324048,575.1922324308119
2025-07-24,1214.770990832262,217.57263634218117,216.92379337231836,270.6012544317741,173.12620997535032,576.1756233636913
2025-07-25,1213.0928005621388,218.77788991148398,218.0639096640419,269.6807309070223,173.22341779618395,574.4667453088192
2025-07-28,1235.8164732445284,218.2625523065311,217.38661798780288,271.25378013741977,173.36109576112804,578.4567764010362
2025-07-29,1227.1463754698343,218.29235613120676,220.96496704054456,269.17967295304953,171.10954506789523,564.2458568647423
2025-07-30,1253.4360288777136,218.5776999137392,221.8454462196553,268.2241939640661,169.3115356674966,560.3848023577591
2025-07-31,1243.6473156393706,227.20599231113727,216.61903802817437,272.79189168357766,168.11287929118262,623.4432959909593
2025-08-01,1214.6310437157135,223.20698716935522,213.49223403303444,250.23304679987257,163.9094482077774,604.5571850181578
2025-08-04,1258.540039097058,228.117347417682,220.1634965869405,246.62082806934444,164.69508310722293,625.8050532241277
2025-08-05,1246.3741478148686,224.75720527112406,219.7458247498719,249.06781724550763,164.34679647578187,615.3987701936987
2025-08-06,1254.4847776129482,223.56046708030007,221.34876565708,259.04217938607286,172.71315124459045,622.2744611121466
2025-08-07,1263.9239435494994,221.814369072355,221.83414938833016,259.9976761550483,178.20433759476458,614.084867506236
2025-08-08,1277.4181573104406,222.32544898806844,227.36533019739747,259.484972306329,185.75272108632348,620.1061934366195
2025-08-11,1272.9433749662653,222.21045207685825,226.89122602403012,257.86530393696137,184.2040147277051,617.3413658647524
2025-08-12,1280.6344839042788,225.39171887303291,229.53264628791996,258.0633908276044,186.2067466797469,636.7917062083185
2025-08-13,1269.6571816440128,221.7036429509664,227.97489270601255,261.66394588339404,189.19060953575442,628.7955034408873
2025-08-14,1272.663694392888,222.51278731460138,229.081135777203,269.14471748881795,188.7446556188182,630.447963494641
2025-08-15,1261.6863921326217,221.52903839040482,230.16476791230068,269.2029825225346,187.77976741153753,632.9467922843323
2025-08-18,1272.5937208346136,220.22157407819228,229.7132574015837,269.73899594073896,187.21219195688482,618.5504781616863
2025-08-19,1228.0554975781004,217.09990183078673,227.53466175317837,265.68398428995465,186.94462209031585,605.7420617608055
2025-08-20,1226.377414137837,215.37510536962083,224.9948266040032,260.79002371762033,183.25534438118183,602.7112847663437
2025-08-21,1223.4406612875161,215.09781844518753,225.48021033525333,258.62269603530183,182.35531519896682,595.7629859041994
2025-08-22,1244.4863573595023,216.37329113548444,232.63689116729432,266.6511269536766,184.67428301781356,608.410144553852
2025-08-25,1257.2116097884461,215.10636002483085,235.34602332536565,265.602427466745,184.18780928491157,607.2091272282072
2025-08-26,1270.9157442242101,214.15935823391575,233.82212569054906,266.4996592020037,185.93108030076309,607.8539607947954
2025-08-27,1269.7271552022871,216.16427134528635,234.2059243070845,266.97738980649945,186.88785957766504,602.43724037246
2025-08-28,1259.728628118981,217.40134622893515,238.901778715457,269.86717190291876,188.56627156845093,605.4438311722166
2025-08-29,1217.8471566498317,216.14293049676033,240.33538806688415,266.8375679495731,188.22572132847378,595.4405691209053
2025-09-02,1194.0749488919273,215.47320252969624,238.57444698210503,262.5728235133993,186.26352161036155,592.5468143233853
2025-09-03,1192.9561197685584,215.57132589093618,260.37182121157997,263.3302333917317,193.35827688333944,594.1105752100266
2025-09-04,1200.2277078465063,216.6889627659836,262.22305057974853,274.6212928383348,194.4204598372005,603.4609087234606
2025-09-05,1167.785402313908,211.15623315551693,265.27084584938183,270.7177844992074,194.3474670458285,606.5240162434977
2025-09-08,1176.8049405605336,212.52128762741052,264.4234625858965,274.80773383423127,192.87987482692463,606.4030359103909
2025-09-09,1193.9350017753786,212.6108694090072,270.7391686015801,277.6042954327023,190.01765834456123,617.2043436678105
2025-09-10,1239.871734728638,213.44696167038188,270.21944526685223,268.38732539047754,183.88780369682783,606.1451320995042
2025-09-11,1238.8227723336836,213.71999090557577,271.57523776029785,267.94453247022136,186.51487361617316,605.2745771688615
2025-09-12,1243.3679555555734,217.51225575847556,272.0610533276078,265.84711571636615,189.7906331298857,609.0550274800212
2025-09-15,1242.8783543073732,219.84136897940635,284.2744307796161,269.66906723228374,191.92310796798648,616.3982523499942
2025-09-16,1222.8105787734676,217.14540015302794,283.7660215496558,272.7219807551145,193.09880352918532,627.9249978698256
2025-09-17,1190.7158976051817,217.5634397334241,281.9243962154579,269.8904636924118,193.77991642710344,625.2811012714843
2025-09-18,1232.3201455877331,216.8937248669423,284.74896678904327,269.4360248774092,192.87987482692463,628.9326243569911
2025-09-19,1235.3266583366085,220.93767810650996,287.78819443124945,269.7273322660004,199.05838305693015,627.4252321118873
2025-09-22,1283.853267584896,219.4531987265972,285.31387744907187,265.2412091496906,207.6369484095693,617.1852908695325
2025-09-23,1247.6331377145061,217.22646655614577,284.3309322096844,257.17782276708414,206.2990866587606,609.3128819313268
2025-09-24,1237.4243694667975,217.61889449819432,279.22414260677664,256.5952079899017,204.5801424340451,613.5555353592604
2025-09-25,1242.4589402771676,216.28796704312717,277.69884582312613,254.19482017271662,208.27752907355782,604.0779034863474
2025-09-26,1245.9550542742427,218.177712935718,278.54622908661145,256.0941500359289,207.13424439794608,599.9158542542375
2025-09-29,1271.5467882069984,219.51714266868163,275.7329726177936,258.8790479596615,206.2990866587606,599.6335668103216
2025-09-30,1304.6202445522447,220.94621968615326,274.65967000124715,255.8494617863078,206.4612652663343,592.3579152067799
2025-10-01,1309.2352945025486,221.6969878551707,276.69332419453076,257.08460226913587,207.1261478855312,578.6132956324853
2025-10-02,1320.7724920588691,220.00347558447757,277.58589478331675,259.15870945350616,208.48832400951216,586.4454765121508
2025-10-03,1311.8921531197725,220.69023430849919,277.20175069793345,255.77953307785265,209.2099567233961,573.1444514925813
2025-10-06,1297.3483359847169,225.47647964035232,282.94123194882087,257.3992014472202,208.13156832674147,577.2581776948618
2025-10-07,1293.8521151577816,223.51846661352633,277.664972602593,258.42460914465886,207.96129320675288,575.1771283990164
2025-10-08,1322.310735212444,223.88957990821342,276.3769783705409,262.433001656473,209.24241728083848,579.0166621286702
2025-10-09,1346.5040662783133,222.84449405780515,272.8858256550003,265.3693851118704,205.9828632099195,591.656170043263
2025-10-10,1280.7067008896122,217.96442235569825,267.2819236534574,252.12071298834636,198.87190249414803,568.9016993454858
2025-10-13,1316.7869904733138,219.28253744130038,275.8459754779302,256.4320765634902,200.80977542112421,577.2904095012751
2025-10-14,1258.8207879690349,219.0778015415062,277.31473628462766,252.14402255783145,200.89897365528975,571.6038402494436
2025-10-15,1257.4223851021488,219.01807598691434,283.61914546898606,251.188543568848,202.17197638103278,578.7826483550025
2025-10-16,1271.267000803761,218.24169617954925,284.104961036296,249.90678394704977,200.63951271909946,574.3624485141008
2025-10-17,1281.126221749678,219.08207233132785,286.1838371017651,248.24049643871206,204.5639121553239,578.2744914682889
2025-10-20,1277.0706397759884,220.4513582912963,289.855756391951,252.2488889505262,212.6316521479973,590.5752445782665
2025-10-21,1266.7221380714511,220.82249778714788,282.9751397162388,258.71591653325004,213.0614130401038,591.4626311260408
2025-10-22,1260.5688449675724,222.05107039290021,284.3648227036599,253.961777817842,209.55862831171572,591.5755164878585
2025-10-23,1273.7143660656018,222.059585771379,285.9352722657263,257.6205979073483,210.47485051876043,592.0513922085778
2025-10-24,1302.382693135367,223.36063079827676,293.66330675180865,261.2561262073615,213.10194527403343,595.5681636378702
2025-10-27,1338.9524771374086,226.73489537252718,304.2270531818199,264.47215337661163,217.9588096139876,605.6185640890661
2025-10-28,1405.6587509746555,231.23528599913917,302.1934162619787,267.12887533816433,218.1128668732188,606.1186260044906
2025-10-29,1447.682412987413,231.01346694005835,310.21516836251567,268.3523699262459,218.6804423278715,606.3041193100049
2025-10-30,1418.6644317859964,224.2778025633516,318.0222461209894,259.683059196972,220.05883631260983,537.5810214385319
2025-10-31,1415.867519222364,220.88648103097916,317.6945689187896,284.57236318940693,219.22370340935197,522.9653039782032
2025-11-03,1446.563690693904,220.55377864352246,320.5530127129081,295.9683068086968,218.15337427122077,514.3829561860297
2025-11-04,1389.2967964529282,219.40201475164866,313.5707418287117,290.515041028665,218.9561459607468,506.0022916419483
2025-11-05,1364.96373193023,216.34343490847968,321.2195948548633,291.5404309461116,219.0372352645337,512.9633252759987
2025-11-06,1315.1088002031904,212.0520509714835,321.71675907382564,283.1973830696605,218.73719242255848,499.2428918964093
2025-11-07,1315.5979741319507,211.93261296288205,315.02813671031436,284.79375964953505,217.68313081703994,501.4772520509369
2025-11-10,1391.8141352730431,215.8485997147872,327.76125477049294,289.44301419225627,218.67328958070743,509.5836747628103
2025-11-11,1350.6295149804173,216.99182202701772,329.12834409526374,290.25868910430535,223.3968843328759,505.808703365145
2025-11-12,1355.104510984313,218.04123106957672,323.93114529486974,284.5490536199219,221.9522280931596,491.23326332293755
2025-11-13,1306.5781153957453,214.69256503309174,314.73441909585966,276.83523965962337,221.53019117455312,491.9431034577435
2025-11-14,1329.7224840666604,217.63168066649476,312.2940271545424,273.4677269587084,221.09188672333397,491.59625368183913
2025-11-17,1304.7601916687934,216.48420066502484,322.02173897272075,271.34700063536803,217.0744022302663,485.5870208488083
2025-11-18,1268.1206477681974,210.64008331446306,321.1857043608878,259.32184087991754,217.05818436950892,482.1024812259291
2025-11-19,1304.2007236921788,207.7947940513138,330.82307607534955,259.484972306329,217.96717932160666,476.1577613653057
2025-11-20,1263.0860769578276,204.46980076699978,327.02689164058665,253.01794472360513,216.09236481494128,475.2140061759942
2025-11-21,1250.7797044097897,201.77305900626715,338.5623382989874,257.1545131975991,220.34519455844824,479.3277323782748
2025-11-24,1276.4414119008197,202.57653081777698,359.93856872947265,263.6681421393011,223.94066696883712,494.49193350301925
2025-11-25,1243.3679555555734,203.8543747134657,365.4295196912061,267.6182696173986,224.7928869903202,513.1810503879261
2025-11-26,1260.4288978510237,207.49137146524183,361.4864764492159,267.0240089454696,225.26360232712642,511.0758642569566
2025-11-28,1237.6341833117604,210.27359452531908,361.74630356969504,271.75483809139257,226.3187070416064,522.642640397004
2025-12-01,1258.0516129773175,208.02130311884906,355.769554314094,272.52389386447146,229.768069689613,516.9317862313053
2025-12-02,1268.8198492016404,209.4145631443808,356.808966436665,273.15311000063207,232.27595199215182,521.9569864569032
2025-12-03,1255.7443016618854,204.17064897074945,361.12490875304053,270.77604953292405,230.62026487516843,515.9074268461702
2025-12-04,1282.3163063896407,205.49979474662717,358.853969281601,266.96574391175295,227.8201878837927,533.5964199002283
2025-12-05,1275.5334649210133,206.4912992155306,362.97776182479413,267.45513819098716,226.26188243913649,543.18698649454
2025-12-08,1297.4905265283248,209.8504850195824,354.6795310053109,264.37893287866336,225.53955431927827,537.8472176590318
2025-12-09,1293.4347308949152,210.27785221455844,358.4781682688936,265.57911789725995,224.963286289947,529.9101970292566
2025-12-10,1285.113432612993,204.52537343701044,362.01684022445806,270.0769046883083,226.26188243913649,524.4010754712313
2025-12-11,1265.1842154074566,206.62378540407795,353.22106517027987,268.32906035676086,225.6531786882905,526.4821247670768
2025-12-12,1223.857618230943,204.5125479669632,349.67113093027507,263.5632757466063,225.85608821721502,519.6419727469712
2025-12-15,1232.7381708297596,202.9269844942163,348.4614026657067,259.31017720517906,222.47162184816554,522.7137181936886
2025-12-16,1242.7377662116648,203.5979701171788,346.5960090747757,259.33348677466415,222.8774409060146,530.4957497390267
2025-12-17,1195.327422170107,203.48256708791808,335.4599589513915,257.8303484727298,220.6292678989426,524.3201751179216
2025-12-18,1217.704004637484,206.84175289196992,341.94938397722393,264.2274473469985,220.9133660753646,536.3888394778917
2025-12-19,1265.6039499272422,207.67086254299204,347.2630403262332,264.9149462968677,222.1145557162992,531.8035318384414
2025-12-22,1284.4840979079643,207.243495348016,350.22509022782634,266.1733785691889,219.92318247576944,534.0073384123108
2025-12-23,1323.0837560791197,208.06832110863414,355.39174958206905,270.49638803907936,221.05132965347673,536.7843578006925
2025-12-24,1318.8880133291616,208.5683441329075,355.0978246863056,270.77604953292405,222.22815524938375,538.8913702361604
2025-12-26,1332.3139628095878,208.4358579443601,354.4420902661734,270.9391809593355,221.8954034906896,535.4523401469917
2025-12-29,1316.1608606640839,208.1751694576693,354.4986089696841,270.41483121586964,222.1875981795265,531.7389695064529
2025-12-30,1311.405863597231,208.3375642755506,354.8264934531926,270.95082685408204,221.6356941952228,537.5997287197426
2025-12-31,1304.1334208804037,206.687899653732,353.86550275908695,268.95829427291346,220.64551059562763,532.8691558333184
2026-01-02,1320.566310429145,202.12351268270643,356.296221572664,263.92449406366075,219.95564303321183,525.0547937624051
2026-01-05,1315.4616592306406,202.08506247372924,357.8677248147164,271.5683970954961,216.91209944305433,531.8196724214384
2026-01-06,1309.308152467042,204.5040063873199,355.3804527507439,280.7387479987508,212.9351720198439,533.2970046816945
2026-01-07,1322.384340985957,206.62378540407795,364.01793397883034,281.4728483075981,211.28758141527535,523.6663087480048
2026-01-08,1293.9241184833952,204.33304378863073,367.929677743204,286.9843791213466,210.24062288506556,521.5431557295399
2026-01-09,1292.6654490733379,204.83307991348636,371.4683496987684,288.2544928483983,210.50845352887487,527.193988644705
2026-01-12,1293.2249170499522,203.93558522298864,375.1878400493053,287.1941296867281,211.22268513631818,518.2414439947993
2026-01-13,1299.3085570851365,201.15337526349367,379.83449969374186,282.68469700093317,211.87197079294907,509.4584001461537
2026-01-14,1280.6381161195175,196.32828670519504,379.6875026989754,275.75156692846815,210.9872902140236,496.88922963452995
2026-01-15,1307.9794026688503,195.16581963760254,376.2279776564568,277.5343667242472,209.5669731834071,501.15157753529473
2026-01-16,1302.2454167653173,196.53341562245748,373.08504026612155,278.629685350149,207.39185505752621,500.70758810392147
2026-01-20,1245.1853451332254,194.25124178781812,364.0405621883655,269.168027058303,200.22529911770368,487.68638254921626
2026-01-21,1281.896892359435,189.80224474547106,371.25353716916607,269.5292453753574,200.99633049168926,494.8226426959265
2026-01-22,1292.5256087866492,192.80670608326193,373.6955528140683,273.05988950268386,201.56446475471418,522.8105616916713
2026-01-23,1312.314878875637,199.1361476047845,370.7447651969155,278.67630448911905,201.3128519716622,531.7954862267334
2026-01-26,1303.9237138653004,200.98669655520843,376.7706746695677,277.8140282180919,207.29446096723518,542.7742910375403
2026-01-27,1318.258678624133,205.38866250718812,378.22907141082914,285.1083588276193,209.61565160160686,543.2667022179049
2026-01-28,1339.236644564904,205.83742295301928,379.87972156592735,283.1624276054289,208.13043829203326,539.8439114308954
2026-01-29,1346.15943315008,185.26777950436176,382.41214640831583,281.6709351982411,209.62379778587703,596.0135844970935
2026-01-30,1336.509598729686,183.89591272968514,382.12951834387763,278.83943591553043,210.59773868878722,578.4070713029381
2026-02-02,1297.9099405585305,180.9384562810971,388.5624246661993,283.10418035170426,219.14405458936898,570.2617038816313
2026-02-03,1261.0585530456324,175.7415469966686,384.0627620165293,278.04707057296645,218.71389632242,558.3868252367887
2026-02-04,1218.0537655989956,177.0151332031179,376.521937099105,271.4868402722864,224.40326095730083,540.053788369439
2026-02-05,1201.9006634534917,168.2453676177318,374.49821513519754,259.484972306329,223.93257045642224,541.0386600897492
2026-02-06,1296.5115376916444,171.43787471349845,365.01281516691154,245.07108840843205,225.72619631559013,533.9751066058976
2026-02-09,1328.887501881207,176.7629862960704,366.66346532200976,243.20671400945133,223.0941343747866,546.6975879762035
2026-02-10,1318.3985189108216,176.62194542729742,360.1740057492925,241.1559163945661,222.3304792713139,541.4503683551284
2026-02-11,1328.9575822693414,172.81829616840065,351.55915273074123,237.80004958839763,223.8090117163489,539.8116302649012
2026-02-12,1307.210334506993,171.73702650974874,349.34324644676656,232.5798261632404,212.62266154218693,524.5704281937485
2026-02-13,1278.3304843145056,171.51480133261742,345.63501838067003,231.63597528901155,207.78900637662443,516.465486269306
2026-02-17,1293.4347308949152,169.6086928127651,341.45190883629857,234.3859177485125,214.36924815438013,516.077914839051
2026-02-18,1314.4825635641005,170.77971456058322,342.93296833397994,238.62735261520123,214.7510757061165,519.2505019098147
2026-02-19,1313.9232024173461,170.6811850812927,342.39030586775385,238.70892721840292,211.68838361573853,520.5098622602382
2026-02-20,1327.3492587276323,170.1543189639378,356.10400270571205,244.82638237881892,214.9378915539219,529.2929061088836
2026-02-23,1339.4464584098669,164.68853332889663,352.15833390047806,239.18667560289063,216.23767982763863,514.4311311371158
2026-02-24,1348.5370385133663,166.62897847489177,351.4913371959054,243.02027301355486,221.0794687595075,516.0860098103401
2026-02-25,1367.4870532225027,171.59785902424113,353.7524308051808,245.44395262023295,222.7773272816456,527.7026391272288
2026-02-26,1292.8752629183007,172.07761544773498,347.51177789669583,242.27452680996095,221.73747182674455,530.3827656580469
2026-02-27,1239.031731539767,168.2310093795584,352.4636247213362,244.69820641663907,214.6129382765108,523.2546004826257
2026-03-02,1276.0229593393535,170.71972699434585,346.53945582438024,242.82218612291183,215.05161526664472,527.597651298376
2026-03-03,1259.0307086438577,173.0242635229287,343.21559639841814,243.21835990419785,214.26364578999983,528.8247304828052
2026-03-04,1279.9388078562147,173.5682783024816,342.7068935199372,252.64508051180417,213.26439707681132,539.0366354831343
2026-03-05,1282.0365189864037,175.91564063452145,340.16310275245394,255.11536147746043,211.45281484195039,533.2566285444112
2026-03-06,1243.437181304828,175.17887698795604,337.49497774662416,248.43860110934705,209.1537778550451,520.5744245922266
2026-03-09,1277.2116551911367,175.37163895555082,346.6023657015764,248.76486396216987,211.11974021619676,522.616874695706
2026-03-10,1292.036114368309,173.80816306451965,347.3717248257714,249.74365252063834,211.8914918320843,528.0093595637551
2026-03-11,1300.9173079462855,173.43120691013794,349.2497971234191,247.7860576237094,211.8752242994716,528.6470853506748
2026-03-12,1280.7074486986319,172.13757681280782,343.4232577228697,244.1505471036882,207.7727512619756,515.1818903645964
2026-03-13,1260.4974826211187,169.4346777784059,341.98645278459986,241.9832194213697,203.1909696567054,495.428037957271
2026-03-16,1281.2669166752464,171.3194323491499,345.6973064139401,246.72571224203122,205.38439186126652,506.9535988471576
2026-03-17,1272.2457759807214,171.0881153679197,351.7613901942813,250.75739654333842,206.5298248446202,503.0834621772647
2026-03-18,1261.5464450160732,167.8240790929314,348.1070898153365,244.54672088497423,203.0447481326487,497.44393260615567
2026-03-19,1248.6792157032417,166.63753315511738,347.4735344952372,243.25331536842944,202.2486324717336,490.18846907125567
2026-03-20,1207.6999224014605,163.57482662853175,340.53831646812,239.30318789033197,201.46061332323336,479.65266650020146
2026-03-23,1228.2595426106252,164.05886694242955,341.737577026598,244.8613378430505,204.30392966465288,488.05544413658464
2026-03-24,1225.182522154176,159.6639622042961,328.59120913060343,241.48217924738896,204.42577472571824,479.05477389517375
2026-03-25,1249.5183642532331,158.93577943912084,329.1455484438874,246.6907567777996,205.22190280459714,480.6464723046784
2026-03-26,1197.4901926850123,156.76403041247772,317.8206995951451,241.83173388970482,205.44125371762792,442.3895886329327
2026-03-27,1171.475946656112,152.82317875541455,310.3763641269294,232.27685509991068,202.1186412263981,424.75992579527383
2026-03-30,1155.0423092983508,153.7612721503826,309.42601387333804,234.15287539363788,200.35578708159224,433.3728271681057
2026-03-31,1219.588162877612,158.56310717514305,325.3328851450814,242.68236426598548,206.17237375587524,462.2573135936965
2026-04-01,1229.0288244322026,158.22042214399283,336.45414920177694,245.36239579702323,207.66714889759527,467.9938347415313
2026-04-02,1240.4973303885683,159.97237611221487,334.62133332319956,244.4302085975329,207.90274250731107,464.1398880142165
2026-04-06,1242.2456010468259,159.7239366699512,339.3956437069222,247.94918905012082,210.2910894900563,462.97643332973627
2026-04-07,1245.4624617899635,159.47121333728361,345.58416536626436,249.0911268149927,205.93679256412324,464.61655348823234
2026-04-08,1273.2948452055361,160.34504837619266,359.0020717766806,257.80703890324475,210.32359971935404,494.8099572836016
2026-04-09,1286.0921009600934,159.80533058762597,360.3257356672748,272.2558782653733,211.61526664472828,507.71309472048074
2026-04-10,1319.099322792164,158.86295330225394,358.91155893854005,277.76742685911375,211.6071701323134,508.9007355996662
2026-04-13,1323.8545335187366,164.64570752543952,363.51617502419145,279.5269170854077,210.56733951334002,512.6739794119953
2026-04-14,1374.2045148168343,168.3895002239217,376.6399147106509,290.1654686063571,210.26672544502878,535.2644282220068
2026-04-15,1390.7081257328696,176.1469576157517,381.4029282630483,289.5595442596896,216.44078804398444,542.6088377219245
2026-04-16,1387.0717441296658,180.01926702635188,380.15841128549994,290.9578161689291,213.97927441837362,546.8828838433936
2026-04-17,1410.3585170039087,181.10299959447147,386.5619182088684,291.95991429688263,219.52781934346226,556.319843421537
2026-04-20,1413.015909770432,179.08117363138382,381.74235140607544,289.3031923353299,221.8186853101697,542.0674618371771
2026-04-21,1397.771181924174,181.68984017748144,375.93847476194605,291.2025221985422,216.2295833152238,540.3950111531058
2026-04-22,1416.0929302268812,185.4422006567715,383.89192767126013,297.5530197138328,221.91621599806282,545.1457721081717
2026-04-23,1396.0927779943308,178.08738966116456,383.40543843969687,297.22675686101,222.12739589089577,532.5658905674643
2026-04-24,1456.4427819937737,181.8868729348979,389.6391819712245,307.60893867760774,220.20206510738433,545.3962719819037
2026-04-27,1514.7648347615818,181.9725507429766,396.3594492812002,304.2647355461778,217.39938034360503,548.2968384016059
2026-04-28,1490.7087800657616,183.87014388435014,395.7258939611009,302.6101294925706,219.91774340761347,542.414903928054
2026-04-29,1463.2960243401153,181.81833068843494,395.9069196373821,306.5019919369514,219.47906641747954,540.6212261129706
2026-04-30,1395.6032835759906,174.67343032262085,435.34598877848094,308.8557428351744,220.43768355302782,494.3979035011553
2026-05-01,1387.7710523929688,177.5262524205782,436.35292682935255,312.5844916331358,227.57843496401895,491.8447791723299
2026-05-04,1387.980759408072,177.1749996086201,433.5923889067189,317.00068604099056,224.8894739129625,493.18597770810266
2026-05-05,1374.13454125856,176.21549986221464,439.4528188012438,318.74853037253797,230.86042829557238,488.78260948433245
2026-05-06,1453.3658683671842,177.32063878177163,450.32517255305277,320.4264637756222,233.56563204331385,495.1816349287646
2026-05-07,1479.0303534345733,180.237719235788,450.2685847557725,315.9753139035359,233.50875776898863,498.35688741690393
2026-05-08,1504.904652346925,177.81753076688122,453.4476927344792,317.73478634983786,238.28552624226208,492.55575457749956
2026-05-11,1534.5551731491691,176.76378543158918,439.69043227480523,313.4350864494325,237.98466381467432,483.8540553183931
2026-05-12,1543.925861145486,174.66913333163464,438.2309645801154,309.74132867568665,239.70847588120975,487.1990060461168
2026-05-13,1579.2408216124284,173.5725621928855,455.5067907084081,314.7634652102008,243.017888076892,498.2114740911868
2026-05-14,1648.541992748122,175.3802067363587,453.75319083664607,311.37264293980076,242.48123335216724,499.66580478668243
2026-05-15,1575.674413567499,180.7303273304937,448.89966444610803,307.7837515587497,244.12375742749458,496.27238295038626
2026-05-18,1554.6952724982682,181.42426517360204,449.0806901223893,308.62268270030785,242.1803709245795,493.8323414217027
2026-05-19,1542.7370584638427,178.8027469562926,438.5816845544678,302.19062836180757,243.09920090402778,486.8838944808153
2026-05-20,1562.7372106963933,180.36193895691986,439.9958958300874,308.7974955814497,245.76625666689432,488.8634111184801
2026-05-21,1535.0446675675094,179.90690333217896,438.5816845544678,312.81751620801845,247.9941883929292,490.73784120813
2026-05-22,1505.813774455191,179.6836825107947,433.2756285201117,310.3239434528691,251.10846470504234,493.0647999366717
2026-05-26,1502.527046983639,178.59330794746168,439.96193624234223,309.1237584342726,250.71002191770617,494.74534559203204
2026-05-27,1486.7227443309066,177.15093383898088,439.905348445062,316.7676614661079,252.7591101287122,513.2637770457341
2026-05-28,1498.2612238455465,183.29821176396916,441.3761475179617,319.27289789599575,254.10889312479435,513.2879632404392
2026-05-29,1476.5129077845984,193.2789689736945,430.3001398803365,315.35774366212183,253.74298540268353,511.04185550562624
2026-06-01,1568.961011507846,197.69196561594975,425.8086648423609,304.4278847525812,249.06752267830643,485.1548283573014
2026-06-02,1558.1917069849235,189.44550278953974,409.38137929819385,298.90467248410226,256.296193273189,482.8602495139161
2026-06-03,1501.7577651620616,183.44846234208148,406.1456835222069,291.3306981607221,252.27935451424028,503.34200766270476
2026-06-04,1530.8827898831587,183.75324738871007,421.07961087770855,295.7236007790837,253.06809390464244,507.0505410643024
2026-06-05,1435.9465118915657,178.86805335893362,416.9388212672005,286.6814258380088,249.905039830619,479.11943494632425
2026-06-08,1460.730718912878,176.75169359414932,411.2786596637828,285.7375927437719,245.1889455286017,472.9708600160431
2026-06-09,1457.5801995127756,173.17579795810394,412.3541041871861,284.5374077251754,236.25270556386872,472.3244963024429
2026-06-10,1403.1808323728662,170.57864682382606,403.4336839726983,277.32463393885763,237.09022271618122,461.3281688403701
2026-06-11,1434.3361585825173,167.56510678251863,405.00719093406826,281.4145832738815,240.3833673792508,459.26785056855755
2026-06-12,1436.576594405614,167.73681611439744,407.1693768122,277.9655137497568,236.7243398299981,458.0963009127882
2026-06-15,1487.4052803061957,171.60892901626352,418.11614455383904,286.66977994326226,241.02574864799416,479.9516374825059
2026-06-16,1452.1192707313025,169.06328937149104,422.5310636951279,286.6464703737772,243.31875050447977,485.3942716848825
2026-06-17,1432.7958856616033,162.6584408983934,411.82204761458945,276.74201916167516,240.6435733932707,459.00614606993156
2026-06-18,1475.0832037687437,162.86878384740126,416.62185359928446,284.77045008004995,242.31860769789577,466.8020476575393
2026-06-22,1460.8006924711524,157.69166954279032,395.8490536053647,271.25378013741977,241.50550426246608,455.9896339943877
2026-06-23,1400.5203415404037,160.52491937082883,391.8303526856921,272.79189168357766,239.3019117455311,454.65529644037827
2026-06-24,1393.2391387750595,156.88462127231938,390.8794496819441,272.97833267947414,238.3098902872896,450.99182833626185
2026-06-25,1370.4152596840268,151.46281429197543,389.09081926900865,264.51875473558977,223.7306295286762,439.0229690491364
2026-06-26,1347.9413552142253,160.10851736321698,381.93640125792115,271.13726784997846,230.74787187144926,444.9912334299115
2026-06-29,1365.0243044608278,158.2196885113854,400.34322330035377,279.81822447399895,229.08910509943686,454.978749774874
2026-06-30,1400.8704229914952,160.12997611698347,404.5543849151718,277.7208077201436,235.28509782251007,455.53675983842885
2026-07-01,1383.2974451772527,164.9636717578368,408.90138488097045,281.63597973400954,239.36698187598176,495.6648158674764
2026-07-02,1364.044140495688,167.62949614440038,407.4297566828357,282.7662538241429,250.95396039911338,471.39554898744063
2026-07-06,1369.0850142677955,166.0196965944447,414.84455456455896,284.5024522609438,254.23086236549796,485.4589327360331
2026-07-07,1378.7465999727851,166.92118696253632,415.48982127860097,286.6231608042922,252.60460582278324,497.82410009925593
2026-07-08,1429.0852573057268,164.5601476226013,409.70515270241276,283.8732183447912,254.82444103640324,487.74758842969464
2026-07-09,1419.7036726636943,164.99800838397965,406.2750961526171,287.8583012871203,257.12556424123136,510.68251775572105
2026-07-10,1476.9735581407492,165.31568440356685,404.3392960104912,285.8774146006983,256.3937736329374,541.1950806020363
2026-07-13,1424.9545739404848,167.84413608439448,399.0527244191546,288.17291824519657,258.01185915545426,531.1023789898969
2026-07-14,1482.854541931588,165.24270105971266,406.97695066393925,288.3826688105781,256.01971972655645,534.5879058043967
2026-07-15,1487.7553617572871,169.83600101581914,419.89344358856454,297.0869350040836,266.29759650310143,550.9804201030962
2026-07-16,1452.0491903431682,172.18416248337783,401.26016671635665,291.1792126290572,270.981180575821,537.4183816190349
2026-07-17,1419.913700168377,169.05900548108713,392.5548354065495,288.07969774724836,271.37145234295934,522.4330596159467
2026-07-20,1423.204273514888,172.69500658861034,398.4640455023929,291.2957426964905,265.5576348746096,522.3036387944836
2026-07-21,1451.2790538827112,170.74607226530094,392.9850132159108,288.45257973904125,266.4927323866705,520.6538935176864
2026-07-22,1484.6748159154592,167.56510678251863,387.2569324370029,285.30646349825435,264.98846992058714,507.19699094122115
2026-07-23,1461.5708289316092,163.8046108416358,359.6353507217017,272.26754194011187,261.54896713585873,490.15752061394926
2026-07-24,1448.128534482609,163.85613543172346,361.95600316034904,270.4614325748478,270.7860198563242,481.3345448642497
2026-07-27,1375.8061080773655,167.03280392351957,369.67647187866305,269.62246587330566,273.9490739303476,480.2670452052935
2026-07-28,1379.3067089285594,168.85724341346938,377.7704960621733,269.00489563189154,276.52664584588064,479.8950220430634
2026-07-29,1330.2982970118487,167.65096799874917,381.1665930242239,264.0992713848187,274.98987315049953,473.58711438521436
2026-07-30,1365.5143330284677,193.6481564827871,377.71390826489306,274.4115600529453,271.1193925132096,435.9175603681559
2026-07-31,1405.491241754237,199.49494635213304,403.1506758925274,316.4530267280397,251.18165618383554,450.21550084580724
2026-08-03,1446.7283155081034,209.33833085612238,422.8254031535087,330.9484852291383,246.71762171156794,477.3314334830594
2026-08-04,1483.8347058967279,211.55341660893131,427.51199899675845,323.25799861831683,251.5638066026314,475.47141639107053
2026-08-05,1534.8034457437182,209.25676663087805,410.2824656940798,317.6998308856063,252.8810793694158,476.14265733351033
2026-08-06,1533.1931992645298,214.57983452261513,404.98456272453313,317.2454098505956,254.0275802976586,477.05650061671713
2026-08-07,1567.9891802717832,214.63564300310676,401.07903739942105,319.8322208836851,254.77563843856524,478.8356173553963
2026-08-10,1523.1114517203146,217.24137501877476,404.7241828538974,324.03868250615034,250.8692947217445,481.1161780777689
2026-08-11,1522.7613702692233,216.27549528880135,389.192698032244,317.2570379653502,248.14298043549798,484.51275892725096
2026-08-12,1568.8992638487887,211.39028815844262,388.8983931207479,311.442553868264,245.97820647348456,468.1202446285516
2026-08-13,1577.3707649138157,213.30058886462297,392.09069800944303,308.9373174383761,248.4278236897496,481.1566035746332
2026-08-14,1576.390600948676,212.6652499260308,391.56997281505636,306.0475353419568,248.9730716454423,477.01602576027176
