Date,nvda,msft,googl,amzn,aapl,meta
2023-01-03,100.0,100.0,100.0,100.0,100.0,100.0
2023-01-04,103.03177801075589,95.62566491661238,98.83303224286388,99.207643547432,101.0314236574629,102.108388333789
2023-01-05,99.6507264497246,92.79155742362765,96.72351327278244,96.85388375921303,99.96002657444258,101.76367335976416
2023-01-06,103.80021187031976,93.88511986595451,98.00268066529348,100.30296217333377,103.63796047362115,104.23282470136066
2023-01-09,109.17219811650945,94.7992142966973,98.76570037023029,101.79445458052155,104.06174211614521,103.791883224116
2023-01-10,111.13519011642185,95.52133235917779,99.21453345861184,104.71918325117645,104.52547855728096,106.6137581317596
2023-01-11,111.77785852334694,98.40971273239802,102.69299853028929,110.80167405736483,106.73225007295555,106.5335858322701
2023-01-12,115.34056758437524,99.55337422765326,102.25535863161184,111.01141573275038,106.6682851412854,109.59596529848695
2023-01-13,118.05100137636921,99.85389635638657,103.36623088942069,114.33232707468726,107.74765455708229,109.81240706130761
2023-01-17,123.66051713931536,100.32140439051193,102.43491604978172,111.92030225275164,108.69115903065374,108.51371946469781
2023-01-18,121.39015560169715,98.42640804162644,102.24415680518729,111.23281219287841,108.10745264099046,106.63780858761693
2023-01-19,117.1149047284632,96.8069039828747,104.40977991131643,109.15870500850818,108.15543565321595,109.1470275691153
2023-01-20,124.61757914723866,100.26712494765488,109.98651894304852,113.31857416199121,110.23425246962255,111.72839791818564
2023-01-23,134.07614805710537,101.25218100524005,111.97260190444868,113.63318223007151,112.82481357531806,114.85489548016167
2023-01-24,134.57911639153303,101.02678120541313,109.62745592703145,112.23491032083194,113.96018800797233,114.75068506471011
2023-01-25,134.98426863543415,100.42991733787518,106.84468732437769,113.23700844878547,113.42447704849836,113.43594326436998
2023-01-26,138.33042021658952,103.51447415715103,109.42548621929203,115.61407780648952,115.10354719136704,118.0856034575893
2023-01-27,142.26336151104425,103.58126851930784,111.50133061633622,119.13306714907341,116.6786541410805,121.64502156489246
2023-01-30,133.85961728469744,101.3064341976109,108.77467478645062,117.1638352473939,114.33599284725284,117.89321215062594
2023-01-31,136.47924569572479,103.43515831307289,110.90661468282205,120.17012074125853,115.36739166878806,119.42438337389147
2023-02-01,146.30110289812052,105.49710775424268,112.69073657320325,122.52388941947348,116.27889504957871,122.75130551464366
2023-02-02,151.65211710742662,110.44325061608251,120.89315953603193,131.56607325054435,120.58848730573648,151.33076206935846
2023-02-03,147.39784494794247,107.8345297976816,117.57179640935256,120.47308291459228,123.53082449070827,149.53503583166236
2023-02-06,147.32099421743322,107.17503227005083,115.46228607599156,119.06315622061024,121.31603097040178,149.15824946986268
2023-02-07,154.893481949693,111.67872974947257,120.78095990065698,118.9815905074045,123.65076960330813,153.61551835611863
2023-02-08,155.11701007792837,111.33231520822575,111.50133061633622,116.58122047021145,121.46798959374632,147.04986730602133
2023-02-09,156.03909866044702,110.03422210260752,106.60905168032147,114.47214893161362,120.62843589536622,142.63267839956248
2023-02-10,148.5504857219889,109.81718308263791,106.11534219247814,113.73805751276225,120.92472851226583,139.61037891314274
2023-02-13,152.20397345651884,113.248206944133,106.16023586538081,115.98695090828643,123.19894198948198,143.8431851046605
2023-02-14,160.468037640967,113.60298226523715,106.23876956443897,116.17338301418691,122.67841819976779,143.88327742435288
2023-02-15,159.0219886565384,112.69492544632224,108.77467478645062,117.87462598675621,124.38410003911659,142.02340841110706
2023-02-16,153.69893716307698,109.69472456447656,107.1700930407984,114.36728253891886,123.08684503002043,138.23953994896095
2023-02-17,149.40971828565318,107.98328474040204,105.86848744855646,113.26030912827456,122.15791924598123,138.59228819479856
2023-02-21,144.2892295604098,105.72788234112073,102.99594877353819,110.20741338543583,118.89877496786852,137.95093447867305
2023-02-22,144.98080601259818,105.24248460064447,102.83884682854011,111.61734007941789,119.24312510477657,137.18134457102914
2023-02-23,165.3091262212155,106.60659767907639,101.98607432467972,111.65229554364949,119.63550792576541,137.91887543079346
2023-02-24,162.6685324501709,104.28424997734255,100.011210463145,108.94896333312265,117.48142583060654,136.59613737832632
2023-02-27,164.17045345135898,104.67759382530812,100.84155340399494,109.25192550645639,118.45033745816697,135.91470368240368
2023-02-28,162.17954547366557,104.36793652737437,101.05475084832027,109.79958481940729,118.04196029976966,140.24369935745548
2023-03-01,158.56096439587782,103.04984055126548,101.39137566460643,107.39920589221823,116.36033205635272,139.02517172043991
2023-03-02,162.864137923759,105.07511150058082,103.23158441759442,107.35259564324411,116.84079549476272,139.9150015674752
2023-03-03,166.88787124544788,106.82418139663481,105.08301227044785,110.58028648723277,120.94078493949347,148.50889950161016
2023-03-06,164.5407123922504,107.48533270489669,106.74369815214774,109.24027072171387,123.18291039818202,148.2283026233445
2023-03-07,162.71014268062558,106.34717724912362,105.31866518794497,109.00722836683929,121.39720719993544,147.91567137698976
2023-03-08,168.9494204680403,106.15886282368736,105.75627053974061,109.43835761235687,122.4141763475043,148.28442446697667
2023-03-09,163.74418895638308,105.58142431594351,103.59063879689103,107.49242639016646,120.58841279795351,145.6549532061917
2023-03-10,160.4533885964199,104.02063603221801,101.69432590785534,105.72128137912998,118.91483139509616,143.90731554031498
2023-03-13,160.46034589104983,106.25091671619806,102.23292906860138,107.702168065552,120.49232259386429,145.0216204219837
2023-03-14,168.12494767006078,109.12562714872533,105.44210119662625,110.5569769177477,122.18995759265354,155.5395178050189
2023-03-15,169.27778875009466,111.0713985005591,107.84335131009118,112.0950795739096,122.51026655159353,158.52973356376853
2023-03-16,178.451549253306,115.5738293940213,112.56730920124241,116.56956568546892,124.80047436621817,164.2856900466343
2023-03-17,179.7371264343411,116.92541442791035,114.02603401192333,115.2994608484132,124.1198581868531,156.81419196545718
2023-03-20,180.9598075353243,113.91260675006313,113.57719228682134,113.85457869019955,126.04164985067399,158.57782213558792
2023-03-21,183.0489055080541,114.56117751280973,117.72888971763021,117.23374617585709,127.5471168592486,162.06511355510963
2023-03-22,184.92837658807593,113.93774159060752,115.98967013687216,115.00815345982198,126.38598756961821,160.18118174611124
2023-03-23,189.97987993124966,116.18475695954531,118.491909422567,115.0198082445645,127.26685583364896,163.7646256294812
2023-03-24,187.10128258594497,117.4024382632862,118.31237791455848,114.34397296943379,128.32389775048586,165.15150645749804
2023-03-27,185.3685423185792,115.64914203895272,114.96856795142779,114.23910657673902,126.74634446189859,162.6102531079106
2023-03-28,184.52315757551233,115.16794437626973,113.36398620577557,113.30691937724866,126.24185226348436,160.8786326260784
2023-03-29,188.53357722590363,117.37730342274185,113.76793425797487,116.81426282508605,128.74028449555126,164.6224211084274
2023-03-30,191.32134248277669,118.85859210898573,113.20689289749792,118.8534145452247,130.01352316260704,166.6185595850044
2023-03-31,194.0741877291751,120.63697067289118,116.39362682579191,120.356561737155,132.04747387570862,169.9054140858547
2023-04-03,195.3876875648574,120.18924238012372,117.10052512124011,119.33116292971239,133.0644554412413,170.81129813662028
2023-04-04,191.81042293540946,120.16832074261576,117.50447317343942,121.12560862023795,132.63204952283974,172.13403618908742
2023-04-05,187.81395793547557,118.97994810672634,117.22396976664187,117.80470616829706,131.13460451889705,169.53662397618203
2023-04-06,188.90390293545752,122.0178381241455,121.65617060424829,118.92332547368787,131.85529346753015,173.24034481862915
2023-04-10,192.69079445761346,121.09309912124529,119.4344519987919,119.0515014358677,129.74923163848823,172.15809898484
2023-04-11,189.82616511649863,118.34808577845128,118.21138874232855,116.42973493854656,128.76430083759166,171.43658530912026
2023-04-12,185.11699805956914,118.6242540186049,117.41470310107493,113.99440943712192,128.2037787863924,171.55683758840686
2023-04-13,184.8934298701363,121.28139385881688,120.54531561988031,119.31950814496987,132.5759824161632,176.64743925887083
2023-04-14,186.95455177328887,119.73314018225581,122.16112510211843,119.4476841071497,132.29572139056359,177.56134424155394
2023-04-17,188.6593693860074,120.84620017321383,118.90707657463176,119.71568192625588,132.31172814593592,175.4529250580268
2023-04-18,193.30564036288501,120.66627934074265,117.25760979279731,119.20298696753258,133.3046809514644,174.67532655836064
2023-04-19,195.1501780786997,120.69976183590126,116.89856405022114,121.53344607626249,134.23358189957594,172.91968030046164
2023-04-20,189.37201802807303,119.72057932460518,118.14405686969496,120.96247719382653,133.44882867556208,170.81129813662028
2023-04-21,189.476831474427,119.57415411253571,118.27872061496214,124.63295206807533,132.14358891572547,170.66699540147633
2023-04-24,188.9388362996647,117.90458381396334,118.90707657463176,123.7590299023016,132.391799176689,170.58682310198682
2023-04-25,183.34236713336628,115.24744397375134,116.52826466089775,119.51759503561289,131.14261410556512,166.38607595834867
2023-04-26,188.337985106048,123.59537421807185,116.37116271589967,122.32580252883048,131.13460451889705,167.86914626989955
2023-04-27,190.22444018816478,127.55384253632722,120.7248557646093,127.96550930475877,134.85818064411978,191.24578214667656
2023-04-28,193.8785421943895,128.57066824484588,120.44431781092993,122.87345295178538,135.87516220965247,192.65673811034125
2023-05-01,201.99029370599862,127.85928006860303,120.28723313937274,118.91167957894133,135.80310076556748,194.9494906492284
2023-05-02,197.09950253340335,127.79654140656535,118.17773144273221,120.75273551844101,134.96230527080476,191.7909340393728
2023-05-03,194.2488545502109,127.37390857861296,118.27872061496214,120.77604508792605,134.08943417547826,190.01924591763873
2023-05-04,192.57198629960462,127.79654140656535,117.47081587384307,121.1838736539546,132.76015323767362,187.20539194191267
2023-05-05,200.38331889127164,129.98919201856592,118.45823484952976,123.11815898139848,138.990196017559,186.61212679760652
2023-05-08,203.67413260496735,129.15228714251842,120.92682547234872,123.31624587204149,138.93414132884632,187.00496736313653
2023-05-09,199.62174217334402,128.4618731047559,120.45556282095673,124.23677828678932,137.54879328436516,187.08513966262603
2023-05-10,201.8156402386953,130.68379300887864,125.39271815643329,128.39664744027235,138.9821615949633,186.8526560359703
2023-05-11,199.6706568954735,129.76322783328553,130.80115341674275,130.7154517642597,139.1343064877652,189.0251686354661
2023-05-12,198.00779671025458,129.28619087266657,131.8559215385039,128.47821315347804,138.38051124757072,187.43786322867314
2023-05-15,202.2907526871382,129.491233420439,130.73383881755007,129.5735228893838,137.9795972854331,191.48629904514507
2023-05-16,204.10731433337568,130.4452942164338,134.1000783436912,132.1370332429843,137.9795972854331,191.4542276573702
2023-05-17,210.84964057761303,131.67818767693237,135.5924604539685,134.5840135291515,138.47678772111738,194.39633016450992
2023-05-18,221.32993026814427,133.57368278505584,137.8253981592903,137.6718736262178,140.3692357364163,197.89163017605392
2023-05-19,218.43739162611473,133.4981995119641,137.7468558235117,135.45793569492523,140.45741569754807,196.92161568963385
2023-05-22,217.82254572084315,134.68918407123124,140.31641834511973,134.01305353671157,139.68760128401746,199.07009017316759
2023-05-23,214.4129639103361,132.2065705885746,137.5224306426005,133.9897439672265,137.57066131866358,197.80344928454213
2023-05-24,213.3649229229237,131.61527838673436,135.65978368988164,136.04055047210767,137.79516568668237,199.78355823717934
2023-05-25,265.3611790704814,136.67692338789038,138.55474329118988,134.00139875196902,138.71734851636376,202.57336175704808
2023-05-26,272.11047596308117,139.5998494009606,139.82269158383548,139.95572248597358,140.67394773279025,210.0689473137683
2023-05-30,280.2502168980001,138.8953388521043,138.76793209879474,141.76183185123764,142.1734292828005,210.453729927695
2023-05-31,264.34111415264624,137.7127413231807,137.8702745587521,140.50338179892447,142.13334409556865,212.21742179730202
2023-06-01,277.8676973611556,139.4698438680144,138.82403623484245,143.05522847778644,144.41068689966906,218.54255594893087
2023-06-02,274.772489121048,140.65242827169487,139.8900061830282,144.7797721298448,145.10030610280833,218.54255594893087
2023-06-05,273.68250405986856,140.87890434145635,141.3936073931709,146.00326671792638,144.00172609697188,217.56449585080279
2023-06-06,270.0703461274109,139.93113053690843,142.85232356713138,147.52971458934573,143.70503610522982,217.34810344756315
2023-06-07,261.8598304102681,135.61175740901925,137.45510740668735,141.2607827872609,142.59043692605724,211.31957101834922
2023-06-08,269.0920783922854,136.40017763704017,137.05114208104717,144.7797721298448,144.7956065243982,212.10515343024716
2023-06-09,270.9088002833128,137.04177889569849,137.15213988999756,143.8242842508654,145.1083653613317,212.40177983245258
2023-06-12,275.88394698407956,139.1637106978541,138.73428343591888,147.48310434037165,147.37763648894492,217.29198160393094
2023-06-13,286.6448920704602,140.18691527452134,138.94746360680327,147.58797962306238,146.99274170014343,217.5084233667516
2023-06-14,300.44541374737383,141.46599646550328,138.76793209879474,147.3083181292177,147.50595130916383,219.1357593937607
2023-06-15,298.04166177586217,145.97827129129357,140.36129474458153,148.11232936652823,149.15781369328872,225.93395576999004
2023-06-16,298.31413133369205,143.55858022407807,138.61084742723756,146.22465428805845,148.2837753093625,225.26856393790246
2023-06-20,306.11233720631634,141.76371635483386,138.12835703925967,146.5625719256238,148.35594851512198,227.93812751837982
2023-06-21,300.7807526777906,139.88080835484723,135.26703746410686,145.4556074049755,147.51394847786807,225.7816814625096
2023-06-22,300.64099251349694,142.45985299858975,138.18445253858692,151.6546193886012,149.95169412071502,228.3790566557292
2023-06-23,294.93910898288226,140.49310094565408,137.27556726195837,150.69914039961776,149.69507689824098,231.46546189801285
2023-06-26,283.9197157577916,137.80079857916618,132.78722774142247,148.36868129088788,148.56442129184077,223.24035407355058
2023-06-27,292.6123012180073,140.30435994981693,132.77601727827746,150.52434529846784,150.80167890870933,230.11861169021213
2023-06-28,287.30865269786125,140.84115614228892,134.8518703120421,150.36121387205642,151.7559249209907,228.70769274623322
2023-06-29,285.24729042752375,140.5056618033047,133.64001751872377,149.03286178127607,152.02858615272854,225.69342653162624
2023-06-30,295.5889817284884,142.8079213204677,134.3132671512961,151.89932541821432,155.5407836976971,230.06256388595148
2023-07-03,296.3645932192684,141.73855526380328,134.5376923322073,151.7361939918029,154.32993288090552,229.29292461872652
2023-07-05,295.6938619435049,141.8056777570377,136.6135367292515,151.92263498769935,153.42380647845172,235.98687355981855
2023-07-06,294.19853768616935,143.11406761587114,134.773336612984,149.5688663094844,153.8087509391085,234.07890363485805
2023-07-07,296.99350060485733,141.41567428344212,134.0664124073744,151.2234901430836,152.90258728276325,232.90846456966187
2023-07-10,294.73650615346673,139.15533679275364,130.666498308196,148.1356300460173,151.2427153119703,235.77043179699788
2023-07-11,296.308667787579,139.42370863850343,131.44072847627783,150.05826058871864,150.81771050000933,239.1294006457344
2023-07-12,306.76910047789005,141.4072872530986,133.44925827412933,152.41202926693362,152.17290772831979,247.98781657461416
2023-07-13,321.2683695613419,143.69697278736783,139.74414924805689,156.4903327072109,152.79032888977196,251.25058359992133
2023-07-14,317.71870709696134,144.77889970168292,140.73159413390493,156.93310784747504,152.91064654128664,247.61103021281446
2023-07-17,324.6503625605141,144.9843753824778,139.86757662001773,155.62805643618373,155.55685254288852,249.01392822487583
2023-07-18,331.8685357084816,150.75473101028342,138.86892990774516,154.77744383989508,155.34833009431443,250.16030449431943
2023-07-19,328.95467115565737,148.90537113167093,136.92773198252723,157.72547319003905,156.4469101001509,253.3349399876959
2023-07-20,318.0750113873954,145.46244923730197,133.7522171540987,151.43324070846512,154.86723333974928,242.5204285423505
2023-07-21,309.61309830229993,144.16243328356896,134.67233016731313,151.47984206744326,153.91297490950407,235.89866798851625
2023-07-24,311.7303325893969,144.72436431658534,136.36668198532985,150.0815701582037,154.56249650744766,233.77423162094456
2023-07-25,319.18612205338206,147.18604303649087,137.12969305354622,150.46609804474318,155.26013771521883,236.06703351941277
2023-07-26,317.59991229268496,141.64629793002447,145.05159533613642,149.3241602798713,155.96581334558573,239.35388802026313
2023-07-27,320.73034767911463,138.6898369208232,145.1974868179895,149.44069034730458,154.93939412754492,249.88774088786658
2023-07-28,326.669794110817,141.89793509081653,148.76569605187007,154.05500720578624,157.03230533289457,260.9267643875312
2023-07-31,326.523009883231,140.87051731111282,148.92281527030906,155.7678782931101,157.52944609672352,255.41122608397185
2023-08-01,324.97181360913595,141.0466318230838,147.6099473945994,153.4490828591187,156.85585848488424,258.7060768369492
2023-08-02,309.33360468117763,137.33951191027217,144.05295726058426,149.39408898832647,154.4261845185245,251.9720972756411
2023-08-03,311.05257725034096,136.98723038535778,144.1315082330833,150.20974612038353,153.29552891212427,251.07424649668832
2023-08-04,312.20545839157234,137.45691720983842,143.74998974389445,162.63109743711195,145.93425929950266,249.10215847596865
2023-08-07,317.35535203576984,138.43402593272407,147.5874746479867,165.71894864418226,143.41636811811966,253.7758938048358
2023-08-08,312.0936876505884,136.73144564774486,147.44163498645634,163.06222668262956,144.17814810905455,250.63334203912945
2023-08-09,297.34988501768635,135.12949660164486,145.48921796137296,160.6269011812049,142.88712691779926,244.67692395780176
2023-08-10,296.1900065206276,135.42304266366833,145.52290117113066,161.4542042080085,142.7107049057166,245.1018112313161
2023-08-11,285.477962802644,134.61788775068968,145.37702696271847,161.27942688685053,142.7588741873995,241.8150060900468
2023-08-14,305.72796337017763,135.88854253559876,147.36309265067774,163.79632699147692,144.09985284712866,245.46258040907122
2023-08-15,307.03465280228744,134.97434310291118,145.62388170664013,160.41715061582335,142.48587767063833,242.06353158053759
2023-08-16,303.8623134032882,134.64652703114285,144.4120116398809,157.38756444246968,141.77927069298445,235.92273078426885
2023-08-17,302.87005095650784,133.16729900806632,145.78098365163822,156.117450715418,139.71567830022911,228.5473728270447
2023-08-18,302.55562397117836,132.99917776914575,143.020627338554,155.23188265489773,140.1091166481432,227.0723357873066
2023-08-21,328.1861371430998,135.26851917660363,144.04172088727793,156.93310784747504,141.19310554648354,232.40341733655333
2023-08-22,319.1092312616753,135.5122286905608,144.83839789181107,156.43206767349426,142.30920729927914,230.5595408275615
2023-08-23,329.2273009582772,137.42015340390384,148.5300344976525,157.9119141859355,145.43273499444297,235.8826261246812
2023-08-24,329.55564253286656,134.46583180932853,145.62388170664013,153.62386018027667,141.62671600737627,229.87815649121987
2023-08-25,321.5548605382916,135.73079023873044,145.73607270529462,155.27848401387584,143.41729946540667,228.87605827712974
2023-08-28,327.2637681321987,136.03336646800955,147.0040123612198,155.1386621569495,144.68599315770194,232.69199812705068
2023-08-29,340.8825455098542,138.0127318795683,150.99863375719193,157.20112344657323,147.84163370732102,238.88889608716113
2023-08-30,344.23657579318166,138.1724004619298,152.46860357789964,157.38756444246968,150.67609604053223,236.57208075252137
2023-08-31,344.87245382713303,137.7395561948424,152.793983384159,160.81332439710937,150.85275399392762,237.2054382165199
2023-09-01,338.96091669634535,138.1177732001305,152.22169701365527,160.9415003592892,152.12949452678245,237.59821708257357
2023-09-05,339.23349308403516,140.1727400119689,152.34515029577744,159.95106590607418,152.32219648944164,240.62047954930753
2023-09-06,328.8700084916385,139.89122979787192,150.8752322953924,157.72547319003905,146.87003979957407,239.83489713740963
2023-09-07,323.1397349257392,138.64311105537257,151.77286392527373,160.6269011812049,142.5741942293722,239.43402330006683
2023-09-08,318.4646733016022,140.475316241248,153.02959311805387,161.069676321469,143.07203039917545,238.80873612756685
2023-09-11,315.71132061336897,142.0176504331691,153.63554542487438,166.74435634162086,144.01954587506287,246.56085576680016
2023-09-12,313.5589125948799,139.42473240746557,151.8626339976382,164.56536498456384,141.56247788050194,241.83099859430084
2023-09-13,317.85670456856565,141.22760267500328,153.39990114409773,168.78350806175953,139.8842645771373,244.5566840184104
2023-09-14,318.5275960891191,142.33702697362148,154.95962376372904,168.63202253009464,141.11281099238158,249.8957864995746
2023-09-15,306.7803977355809,138.77335284269466,154.17413131217953,163.58657642609538,140.52663342791683,240.74874042061643
2023-09-18,307.24166236342637,138.28586818856485,155.08300795208763,163.10882804160767,142.90341928633964,242.54451601789359
2023-09-19,304.1249279065367,138.11353374660786,154.89224007077274,160.37054925684524,143.78667179942505,244.5647049503279
2023-09-20,295.1731197911263,134.8020086609542,150.067301644112,157.64389858683734,140.91206218916284,240.23567225559032
2023-09-21,286.63359481276933,134.2809365097209,146.36442866496427,150.69914039961776,139.65944976002285,237.07715266542047
2023-09-22,290.7775517881115,133.22191314462253,146.15123985735937,150.45443437000466,140.34998789248527,239.76268407036133
2023-09-25,295.0543249868499,133.44466164534242,147.11623790675608,152.9596885798845,141.38583234507038,241.16560676221326
2023-09-26,292.8809783158086,131.17530711264143,144.26616334163006,146.7956231704944,138.07761227391543,239.66648224693205
2023-09-27,296.77335097094317,131.4484696721242,146.47663693705962,146.7956231704944,136.84907827663497,238.68847150838496
2023-09-28,301.1130469571985,131.80571253893194,148.4627544453416,146.7956231704944,137.0578490844856,243.6748504235021
2023-09-29,303.97814367895063,132.69242771255955,146.8357172265176,148.12398415127075,137.47536586425923,240.66860514081273
2023-10-02,312.94399992094594,135.23486605328466,150.54978339536947,150.85062593128265,139.51487982515508,245.96760296238932
2023-10-03,304.10396254651937,131.7006318426404,148.5973663702861,145.32743144279567,138.43090334477856,241.25378765372503
2023-10-04,307.7657429489288,134.0414008230709,151.7504257255428,147.9841534043484,139.44264452957648,244.97355036000718
2023-10-05,312.2871298195123,134.20949581150523,151.55970966455064,146.77231360100933,140.44635129177868,244.34024225558971
2023-10-06,319.7924082161243,137.52942105274556,154.37610965663941,149.10277270973924,142.51801536102124,252.8699233748034
2023-10-09,316.37513465570004,138.60525785426032,155.31866950630518,149.45233624205113,143.72243367255072,255.21884711690376
2023-10-10,320.0439658288668,138.00429234825233,154.91474736426724,150.87391772077572,143.24065392997508,258.00867531656303
2023-10-11,327.08797959763336,139.69789496694833,157.7087091566251,153.61221428553014,144.37283694592597,262.80260122524055
2023-10-12,328.05935680679136,139.16839640964224,155.93579772938892,154.1948290627126,145.10354719136703,259.86849497022786
2023-10-13,317.68892827349725,137.72696908670554,154.12923763927685,151.23513603783013,143.61003868195732,252.27674460976405
2023-10-16,322.1194563481842,139.79036230461682,156.081689211242,154.45118098707226,143.50564086006818,257.45547781215873
2023-10-17,307.0460034749083,139.54660028968723,156.77737704354521,153.19273093475908,142.24495675444098,259.74028345849996
2023-10-18,294.87258068759166,138.7271388617251,154.80252181873095,149.30086849037824,141.19310554648354,254.10455457513032
2023-10-19,294.20879335272565,139.23562390482152,154.5668602645134,149.61546766846254,140.88799617526715,250.76959916256536
2023-10-20,289.21919791339917,137.2814852105089,152.1543824144626,145.8517811862615,138.81631968806073,247.43466842979092
2023-10-23,300.3164166914712,138.3951095869204,153.16423958988014,147.4714495556291,138.912695505318,251.73164207664888
2023-10-24,305.1242678315395,138.90362088050298,155.75625758465995,149.80190866435902,139.26599899414492,250.5611536518717
2023-10-25,291.95850247504757,143.16491480765646,140.9447656680689,141.44721489316137,137.3870617234892,240.12342856832598
2023-10-26,281.8047516052188,137.7941703313986,137.20824402604524,139.326497459817,134.00658152082804,231.1608392436804
2023-10-27,283.020689071292,138.6010315259808,137.08481665408442,148.84642078537956,135.07452640990456,237.87877694115343
2023-10-30,287.63985197120456,141.75288802927298,139.65438781241284,154.63762198296874,136.7366460321501,242.63269690940535
2023-10-31,284.97735807886795,142.0891042566279,139.22798428704175,155.08039712323284,137.12207479339614,241.5183796878414
2023-11-01,295.7741178758004,145.43425621511435,141.88733415445515,159.63644894799788,139.6915626144781,249.99998457513092
2023-11-02,304.02707175481265,146.37981185357768,143.0543105483117,160.88325310556453,142.58224106993177,249.214402163233
2023-11-03,314.5023805031232,148.2624835991884,144.8608533649829,161.5008233469786,141.8435088198588,252.20458090229684
2023-11-06,319.71554413188255,149.8299920073832,146.15123985735937,162.82918432775494,143.91516047113754,253.16662381638037
2023-11-07,321.14113519812867,151.51096814221304,146.959135961758,166.2899175266182,145.99484654501202,255.58766190636698
2023-11-08,325.4668097652641,152.6330451751836,147.93534447429965,165.55581721777085,146.8540206262379,256.35725181401085
2023-11-09,328.0943435859285,151.57824813836473,146.14002939421437,163.83128245570848,146.46856702906425,256.97449337480276
2023-11-10,337.7729419461169,155.35201803565906,148.77690651501507,167.28035197983323,149.86957412593057,263.56421956054794
2023-11-13,339.76454431790006,154.09549913757309,148.21586515453814,166.15007788969987,148.5831475812911,263.90092594255054
2023-11-14,347.0043238050446,155.60416708093214,149.93265517228573,169.89047258240782,150.70578739204132,269.60876917380637
2023-11-15,341.6374053003368,155.66732575074914,151.0547378932396,166.86086862906217,151.16404751112958,266.72281319008937
2023-11-16,345.77444504224655,158.40449019816688,153.64675588801938,166.4297393835446,152.53089278950932,267.90922007974905
2023-11-17,344.5026088519489,155.7431371549185,151.8290026082032,169.168018168307,152.51482394431787,268.5906784554622
2023-11-20,352.2664422171309,158.93927822844392,152.88375345652346,170.27500046894727,153.92990059419958,272.54290010860956
2023-11-21,349.01689153684504,157.0990797695181,153.6916495609221,167.67652576111922,153.27866531724794,270.1459494941661
2023-11-22,340.4354091309885,159.1119145509923,155.3972118420838,170.95083574407798,153.8173317521126,273.7614400855204
2023-11-24,333.86660128679233,158.9350519001644,153.37746294436684,170.9857912083096,152.73994921052795,271.14799834867523
2023-11-27,337.1230424930457,159.4319473535999,153.06327632781156,172.13935708793602,152.5952054241666,268.31811484900936
2023-11-28,334.1810549795868,161.1542680042077,153.94969749454785,171.32369995587894,153.0856529054931,271.75726833713065
2023-11-29,336.4103003748526,159.53301172550155,151.46992231874526,170.49639692907533,152.25752373383335,266.3139677804101
2023-11-30,326.83647539982076,159.55827781847697,148.7096091892633,170.22838132997717,152.72386794737267,262.2655443038334
2023-12-01,326.80151532814864,157.70545287568498,147.95776540058966,171.32369995587894,153.76106595801485,260.39765435867
2023-12-04,318.0313179746714,155.4441572422499,145.05159533613642,168.771844387021,152.3057675232992,256.549630781079
2023-12-05,325.43951473604415,156.86745860445984,146.98157416148888,171.148922634721,155.51382429822982,255.16274995306213
2023-12-06,318.01037932211915,155.30097396522714,145.8931746502927,168.39898017522003,154.62941691450854,254.48933718905698
2023-12-07,325.6491683362171,156.20634010930573,153.64675588801938,171.148922634721,156.19722210149203,261.81661891435704
2023-12-08,332.0089635594,157.58753569163764,151.46992231874526,171.77813877088158,157.35506063070838,266.7548722379689
2023-12-11,325.86581929221745,156.35371033887867,149.56234714624188,169.99533897510258,155.32082430443882,260.7663951087617
2023-12-12,333.0642823310222,157.65072061194084,148.69836417923648,171.84804969934478,156.551022308872,267.9333075552921
2023-12-13,336.0764303550103,157.6464942836613,148.75446831528416,173.43276260448079,159.16407234705724,268.3501492170984
2023-12-14,337.90744073980744,154.09242783068672,148.04757001983594,171.77813877088158,159.28467561173994,267.091553940181
2023-12-15,341.68141920264065,156.11371526872,148.7881687984828,174.74947769051062,158.85051876043886,268.4944519522424
2023-12-18,349.97713173310217,156.92219086820398,152.37881623209424,179.52692597540369,157.49975474521443,276.27068374680925
2023-12-19,346.6713885464769,157.17909125148077,153.33256927146414,179.20064534258887,158.34397759799324,280.87220600862815
2023-12-20,336.2371291718563,156.06737003531936,155.2288994339407,177.25471412039846,156.64748505187603,280.0063895977645
2023-12-21,342.38030014650377,157.29696905979878,157.56281767477202,179.25891037630552,156.52688178719336,283.86240942748253
2023-12-22,341.2621120022947,157.7349190464537,158.7634600049454,178.7695160970713,155.6585432486635,283.3012897103228
2023-12-26,344.4000521863866,157.76863779598818,158.79709139438037,178.75787020232474,155.2163519747667,284.45563755210287
2023-12-27,345.3645121621122,157.52017694402733,157.50671353872434,178.67629559912305,155.29670861868777,286.86065845804495
2023-12-28,346.0982997627175,158.02969888132895,157.34961159372625,178.72291473809315,155.64248682143588,287.25351136347024
2023-12-29,346.0982997627175,158.34973168393654,156.74367656034661,177.0449813350089,154.79822671476558,283.7582113519262
2024-01-02,336.6354977196499,156.17264761025746,155.03811427918492,174.70285855154052,149.25851096195757,277.60941430353046
2024-01-03,332.4492361197632,156.05894362924653,155.8796590464594,173.0016333589632,148.14094388943045,276.1504191276274
2024-01-04,335.4474962619564,154.93883538274162,153.04085540152158,168.45724520893668,146.25954786193708,278.27480613561806
2024-01-05,343.128082458764,154.85883702602203,152.30025662287474,169.23794687676218,145.67257554778743,282.1468925089617
2024-01-08,365.18468278809377,157.78125115461123,155.78990624753584,173.73573366781054,149.19419832730028,287.52607496992306
2024-01-09,371.38377919443076,158.24446723424154,158.15750769812487,176.38079195462475,148.85651663696703,286.53999393987743
2024-01-10,379.8401638342732,161.18372104973332,159.6498638982408,179.1307344141257,149.70073948974587,296.9937608872582
2024-01-11,383.13885625014103,161.9669568067281,159.4254646274909,180.8203137119565,149.2183264310151,296.3524318509232
2024-01-12,382.3561138662087,163.58399988239782,160.06504832374645,180.16778800631084,149.48364864613148,300.2164479327683
2024-01-16,394.04135090096963,164.3419695464172,159.88552545245835,178.46656281373353,147.64244956754442,294.5807437291891
2024-01-17,391.7420518250346,164.00509705690703,158.7410218052145,176.77698351590274,146.87862061257815,295.3102536570359
2024-01-18,399.10823774397767,165.85792199969904,160.9963804368263,178.86273659501953,151.6625666689433,301.5311403735274
2024-01-19,415.76944941092006,167.8791831872461,164.25043760103344,181.00675470785293,154.0183413325717,307.3994269229243
2024-01-22,416.9086830375415,166.96960384013113,163.8128149757969,180.3542290022073,155.89170293746935,306.0606223268316
2024-01-23,418.43920773373407,167.97603435611134,164.99098455935754,181.79912005041695,156.9288761121839,308.80232493498573
2024-01-24,428.84545097758,169.5172529023686,166.85366605895823,182.78955450363196,156.38216283675965,313.2114682297365
2024-01-25,430.62764011637506,170.48997779405747,170.4106475562529,183.81496220107053,156.1168157857156,315.19957343450073
2024-01-26,426.53218389745507,170.09415983776674,170.76972784571086,185.4113210009531,154.70977355842962,315.96921270172567
2024-01-29,436.55410672009225,172.53231812202972,172.25085630924087,187.9049115360944,154.155001024482,321.4847263254945
2024-01-30,438.7136456317337,172.05647555853324,169.95062127816726,185.27149914402673,151.1881631968806,320.71508705826955
2024-01-31,429.9985991934613,167.4201934358953,157.20375465875497,180.84362328144155,148.26152231818548,312.7625428402601
2024-02-01,440.48178664394396,170.03101429319287,158.39316925234243,185.59776199684956,150.23944317850203,316.4822808667518
2024-02-02,462.3776881564278,173.1639704464151,159.762106717218,200.198086890643,149.42737043406993,380.78401894716876
2024-02-05,484.5460592267415,170.81843700273788,161.220814254458,198.45024255909559,150.8987128780494,368.2940952428902
2024-02-06,476.7955528865896,170.75107825512757,161.69208554257045,197.09857200883417,152.2012455217718,364.5342525568109
2024-02-07,489.90640769506166,174.35566376880988,163.30787775136764,198.70659448345523,152.2896738421801,376.4550109322217
2024-02-08,486.70557143091787,174.38091673654216,163.7230621768733,197.9025832461447,151.41331329901837,376.78374574188774
2024-02-09,504.12161618087794,177.09281509098452,167.1902908752444,203.2742922029668,152.03318079934434,375.26850532339995
2024-02-12,504.92529721736264,174.8651988313546,165.54083273013038,200.81565713205705,150.66460942399274,375.90186278739844
2024-02-13,504.0867362316007,171.10059035374695,162.8590446629861,196.50431133690515,148.9659437342059,368.8632605717579
2024-02-14,516.4709343326199,172.7543316091358,163.7567108397492,199.23094422692108,148.24945205734616,379.4132046627775
2024-02-15,507.7907411361596,171.5182355893198,160.19971206901363,197.85598188716656,148.01600675537233,388.031116033084
2024-02-16,507.47618061350516,170.46355667968888,157.6750259468674,197.51805535960523,146.76815040637788,379.4452390308666
2024-02-20,485.3847270423633,169.92777113093592,158.34829285288063,194.68655607689456,146.1643890051348,378.1865943943681
2024-02-21,471.54689503685836,169.67041136415048,159.95285732509194,196.44604630318852,146.7762345008289,375.6025216082363
2024-02-22,548.8848231224686,173.66557786212496,161.68085780598454,203.42577773463168,148.4265570574393,390.128133153393
2024-02-23,550.834628311542,173.11293950122632,161.53500087101327,203.90352611911936,146.9372458198029,388.4428242984631
2024-02-26,552.7566043220958,171.93168074709934,154.3648991934944,203.6005550557896,145.84239120311443,386.60501901793805
2024-02-27,550.0238965043,171.90640152888082,155.83481719387945,202.21392904129664,147.02578590188565,390.8664044068728
2024-02-28,542.7695614487358,172.00762340369974,153.02959311805387,201.77115390103245,146.0516959834096,388.434778686755
2024-02-29,552.8963911938545,174.5051471625226,155.3635631792079,205.9659696287511,145.51229688867917,393.3381841461591
2024-03-01,575.0297220701009,175.28982669625884,153.88236562191426,207.66721260132041,144.63480631080924,403.1048410457987
2024-03-04,595.7024751009643,175.04515903955507,149.62973083919817,206.92146639772653,140.96379542646395,399.8064610827777
2024-03-05,600.8116665685168,169.8687075369674,148.86669386082045,202.88976431642732,136.9546433871238,393.41042189299793
2024-03-06,619.9337307671199,169.6324531610934,147.44163498645634,202.17897357706502,136.1495992102175,398.1212015874288
2024-03-07,647.6735995239661,172.6066857494576,150.78544494958703,206.03589833720628,136.0530122875752,411.04171359683085
2024-03-08,611.7424978396999,171.37478980743498,151.9411936068577,204.32300946989042,137.44573660256927,406.0340113427083
2024-03-11,599.4837179942747,170.65760027374006,154.4770901921489,200.37288199179292,139.07193105546483,388.0897305355582
2024-03-12,642.3898480652377,175.19700497702655,155.4084568521106,204.3696108288686,139.45834083585316,401.05841749604645
2024-03-13,635.2259444861304,175.12106232042618,156.8559021058829,205.7329272738765,137.76775924051734,397.70386632981223
2024-03-14,614.6500327233215,179.39045452257486,160.57003736849836,208.28478284273447,139.27318899520046,394.7024336062733
2024-03-15,613.9022237035963,175.67795326009053,158.41560745207332,203.2393367387352,138.9672600383715,388.4990201814668
2024-03-18,618.221515186599,176.0576534178494,165.70912786483257,203.30924766719835,139.85280987476483,398.83541004515604
2024-03-19,624.8122231520871,177.7831241268022,164.97979136965344,204.96387150079758,141.75274592225114,398.24156492577276
2024-03-20,631.6196354885057,179.3946546003682,166.89854245842002,207.5856379981187,143.83780897446246,405.68888915213995
2024-03-21,639.0489578546855,181.1412569507186,165.6193577924681,207.5856379981187,137.96093308580194,407.48656509328686
2024-03-22,658.9959622319054,180.8754707778603,169.17640838352634,208.42460469966082,138.69354327970842,408.94711509599233
2024-03-25,663.9791478796343,178.39483920691242,168.39091593197685,209.40341103812128,137.5423359431754,403.68261962155646
2024-03-26,646.9187397334836,177.88433287637798,169.06418283799007,207.76043309926862,136.62457390861618,397.96070890970674
2024-03-27,630.7669729612289,177.79152428238882,169.28858210873994,209.54323289504765,139.52275281422106,396.33157125799
2024-03-28,631.5077846251266,177.49203248523918,169.35589670793263,210.18411270594677,138.04951042177612,389.6867104202333
2024-04-01,631.5567127009887,179.11624194364376,174.47260082485863,210.871593875824,136.88219698616018,394.31725611569834
2024-04-02,625.1895996323984,177.79576373591144,173.42906043968333,210.54533102300118,135.9241883308394,399.14844850805423
2024-04-03,621.7788961083618,177.3781185003386,173.8329998551622,212.54952727890824,136.57626802933123,406.66798580146974
2024-04-04,600.3992498941383,176.2938946684803,168.9070981664329,209.74131978569065,135.90808223175645,410.0225369677039
2024-04-05,615.097436176837,179.51703436707092,171.11756312514203,215.64904216071707,136.51992772745055,423.199916236791
2024-04-08,608.9818540135244,179.12468147495971,173.7544747928245,215.78886401764345,135.61023736937855,416.70745310546727
2024-04-09,596.5482471022734,179.83765780561816,175.71811955449377,216.34816922534088,136.59237412841415,414.8216209525992
2024-04-10,608.3249572046258,178.56359045750202,175.20193732003773,216.67443207816368,135.0708382746481,417.17301267375115
2024-04-11,633.324907128129,180.53375507364476,178.8711616363096,220.2866508086918,140.91547712921513,419.84538975034724
2024-04-12,616.3414698960798,177.98984670569195,176.98607648385982,216.88418264354522,142.13108402615222,410.8089831722699
2024-04-15,601.0701414146918,174.5051471625226,173.76570252941042,213.95944508289432,139.02361275821605,401.4436443462024
2024-04-16,610.9528649298002,174.90168700718402,173.24950302151348,213.6098904405784,136.35892882644032,401.066389068383
2024-04-17,587.3295779966811,173.74575997224798,174.45016262512775,211.2328121928784,135.2479681106689,396.58036822617646
2024-04-18,591.7746082248576,170.55213894539853,175.05609765850735,208.83244215568536,134.47511129600082,402.7035723318077
2024-04-19,532.5699271540539,168.37949120388865,172.9016850155232,203.48404276834833,132.8328231619861,386.06736978155857
2024-04-22,555.7598053453122,169.15571808106586,175.35903926503582,206.513628941702,133.50904338215662,386.5970721253921
2024-04-23,576.0631941353612,171.94432035620858,177.58074923377177,209.20530636748632,134.36240585631174,398.1291978395558
2024-04-24,556.8711029635538,172.57292762419385,178.55697501975433,205.7678827381081,136.06909355073049,396.0426696302159
2024-04-25,577.5238788106044,168.34570682813865,175.04486992192145,202.36541457296147,136.7694791285073,354.2154347039687
2024-04-26,613.1894014630082,171.41696121352848,192.94207204769472,209.29852686543455,136.29451684807242,355.7482471333035
2024-04-29,613.3430762165617,169.69995628637784,186.4339922661623,210.85994798107745,139.67571729263554,347.185347016056
2024-04-30,603.8728762056918,164.24929220485907,182.65257695123594,203.91517201386588,137.12372638258506,345.21918214506
2024-05-01,580.382432203434,166.61603604139253,183.86442974455431,208.5760902313257,136.29451684807242,352.4578634224095
2024-05-02,599.7841769754143,167.83947932685618,186.96136769032245,215.24120470469254,139.29732951687913,354.4562107402376
2024-05-03,620.5558010416713,171.56043324589953,187.65707279606656,216.97740314149345,147.62957213905636,362.7060723945869
2024-05-06,643.9763249005848,174.46294950594287,188.62210539234505,219.8788133526673,146.28514128538345,373.71661541599667
2024-05-07,632.8915518011981,172.69105481213086,192.156614143027,219.94872428113047,146.84062164326915,375.77105989766653
2024-05-08,631.8992092320228,173.19730856389955,190.0583401829724,219.06315622061024,147.11433840193223,379.2700125182067
2024-05-09,620.262339416359,173.94825622285822,190.70915161581382,220.81100055215765,148.58759321234095,381.53317398826584
2024-05-10,628.1668944145744,174.96919013246847,189.23919906854698,218.4572318739427,147.56379418466753,382.15907815552873
2024-05-13,631.8082970211963,174.53885278681395,189.7890299658789,217.39688649226449,150.1676176757297,375.5864797444013
2024-05-14,638.4968611384083,175.73699060357285,191.13549468414175,217.97950126944698,151.09469318315877,378.6681711466965
2024-05-15,661.3792829926997,178.80957063851616,193.57042800736434,216.7210512171338,152.94073526763816,386.4445510200065
2024-05-16,659.4851895755957,177.92625490285252,195.44431997011006,213.97110875763286,153.03747120584637,379.7756520662877
2024-05-17,646.3455975347941,177.59661442229276,197.5538389401915,215.2178951352075,153.06167381734417,378.71632141799216
2024-05-20,662.4276044084944,179.76476020541793,198.51881971614728,213.86622458494608,154.00484300589233,376.25256261062333
2024-05-21,666.662927621568,181.32852791932805,199.56239464820436,213.41178576994344,155.06087906765927,372.8739980082175
2024-05-22,663.6156592811178,181.95402450469763,197.91290195620854,213.38849398045036,153.8920009686012,375.4019242709266
2024-05-23,725.4624564484707,180.4663306998189,194.7374044012209,210.96481437377227,150.65129736677076,373.796874094753
2024-05-24,744.1231758968333,181.80185043614853,196.35319661001813,210.61524195146438,153.15032566110133,383.7802195551184
2024-05-28,796.0663643114555,181.86951106435026,197.93535742938036,212.2465562155785,153.15839733758855,385.1444690152325
2024-05-29,802.5241759311525,181.38345706171876,197.3743160689034,212.0950884639056,153.40023718310908,380.6824369294071
2024-05-30,772.2962931507504,175.2552023049502,193.12161219242373,208.94897222311863,154.20638655879594,374.81605072387987
2024-05-31,766.2367966639171,175.4496134058083,193.55921754421936,205.59310541695015,154.98027406446164,374.63949150253217
2024-06-03,803.747324412773,174.7691483023187,194.31100951257028,207.8070344582468,156.41518220257424,383.19434600807165
2024-06-04,813.7906666223323,175.84688826408356,195.0066973448735,208.9722640126117,156.67316540106918,382.7930772940806
2024-06-05,855.7463314292246,179.20264541899812,196.82451971845327,211.2328121928784,157.89847072775478,397.2946260434847
2024-06-06,845.6680024405282,179.41818816125385,198.3056136351015,215.56746755751539,156.77796059780079,396.25133725902424
2024-06-07,844.8992013533207,179.1350110412826,195.7585065866653,214.7518104254583,158.72076345641605,395.60934186834527
2024-06-10,851.2033382194641,180.83400813489442,196.60101866663027,217.96783759470847,155.68162824341692,403.34559240227713
2024-06-11,845.1224223457085,182.86691141307483,198.40966884309142,218.16592448535147,166.99172342710966,407.25385934851647
2024-06-12,875.1080684186496,186.40860076180223,199.7239876878368,217.76975070406544,171.76409594118854,408.3532946563996
2024-06-13,905.9325959669325,186.62838295758058,196.76953835606417,214.20415111250742,172.7072651297367,404.5493245048787
2024-06-14,921.7991804280219,187.04680258249658,198.60059218537444,214.00606422186442,171.29654718515806,404.99923708597566
2024-06-17,915.5083972943736,189.4981123603499,199.10616852711703,214.47214893161362,174.6661865053987,406.9833935242574
2024-06-18,947.6609802467582,188.64014146912027,196.69089237964016,213.01561198865744,172.74757384031741,401.2477361690906
2024-06-20,914.1105285767873,188.36966958447383,198.05017399105185,216.8492271793136,169.03129947782463,403.0230522200305
2024-06-21,884.6838697460909,190.09398527203345,201.79101399330085,220.32160627292342,167.265849978579,397.4641268447449
2024-06-24,825.5511920009006,189.2022693807832,201.33041769166545,216.23165693789957,167.78980112630933,400.7818557635301
2024-06-25,881.3289848238836,190.58850505646708,206.7338263806726,217.12887089316632,168.53953569233252,410.17254073445696
2024-06-26,883.4956546286774,191.0998907782895,206.56532396467958,225.60009473179727,171.9091750125732,412.19690055148845
2024-06-27,866.6505086503475,191.39152055481978,208.28408315469,230.54067444310178,172.59443551040937,417.37020419996975
2024-06-28,863.5052773283134,188.89794749417123,204.62188912886495,225.18061138102618,169.7890312125521,405.04741203706186
2024-07-01,868.8174455297914,193.03136217776134,205.56555447874842,229.78326456476935,174.7306729915496,405.41694254045
2024-07-02,857.4242012097681,194.10907588903999,208.0931252655252,233.0459108729896,177.56830190553654,409.2888808350506
2024-07-03,896.6362615531485,194.73881192793218,208.74466218288447,230.237703379772,178.60014777376955,409.6584113384387
2024-07-05,879.5115418313015,197.60851508021523,214.1143876621339,233.0459108729896,182.4615632974661,433.71775192034994
2024-07-08,896.0769538213242,197.05061349683186,212.35070025233904,232.21859006619403,183.65464400802202,425.2105787700863
2024-07-09,918.3043483892661,194.21896042430762,212.29452702252777,232.27685509991068,184.34791409252625,425.7568906129368
2024-07-10,942.9778796756592,197.0548660755976,214.7659245794932,232.80120484337647,187.81431418690278,429.52440871386636
2024-07-11,890.485372121119,192.17339128653174,208.46383058070978,227.27802813488148,183.4531128730822,411.8595524949325
2024-07-12,903.3465655468626,191.68736353438646,207.90215010291945,226.62550242923584,185.84734597068118,400.7496979964884
2024-07-15,897.7545565272177,191.86062986860384,209.54224604306492,224.56304113961215,188.9590517642822,398.57269367511884
2024-07-16,883.2161343000902,189.98410073676584,206.6102349110232,224.91261356192004,189.29762754801095,393.45558590964123
2024-07-17,824.7124707703488,187.44829064380826,203.35246395702228,218.98158161740855,184.50916135281298,371.12343578716474
2024-07-18,846.3803973616765,186.1170103610013,199.61165850165509,214.1109306145592,180.72030399175446,382.25742712073287
2024-07-19,824.2931101550729,184.7392010913902,199.5779407450156,213.38849398045036,180.82509918848606,383.01248063176314
2024-07-22,863.5052773283134,187.20317672883897,204.0826813976874,212.71265870531968,180.54295063238482,391.5356462862808
2024-07-23,856.8650003078036,188.01040543022808,204.21748333048177,217.21044549636807,181.3893963006886,392.57192601023485
2024-07-24,798.5710972080951,181.2693461981716,193.92740093703236,210.70846244941256,176.1736528061494,370.5450402166441
2024-07-25,784.8013692383151,176.83164900369889,187.9174008238913,209.5665424645327,175.32723197377328,364.2310119707473
2024-07-26,790.2533243115516,179.73516278221814,187.60281691819532,212.654393671603,175.7061040501189,374.1037179302318
2024-07-29,779.9785352103873,180.3522329615149,190.44495433722716,213.4700508036601,175.93182537859266,374.11176354193987
2024-07-30,725.039623862746,178.7419887617731,191.29872870065984,211.7338701468512,176.38328045350406,372.087428404699
2024-07-31,817.9324068780803,176.81050423705818,192.70293853185598,217.8746170967602,179.02741265514695,381.4379593564572
2024-08-01,763.3430428322305,176.28642640515406,191.8267086952515,214.48381260635213,176.0285737347647,399.8419259417484
2024-08-02,749.7830218775536,172.643292052475,187.22090113986573,195.642035065878,177.23777296236736,392.1301084004269
2024-08-05,702.1134551808008,167.00530450137433,178.89672632884367,187.62526782224168,168.70078295261925,382.1609784993984
2024-08-06,728.6742427732604,168.89027316452828,177.81827631960667,188.68561320391987,167.05623474918818,396.90981874976745
2024-08-07,691.3493319060864,168.39156642754443,178.54845921338995,189.66441954238033,169.14412909715193,392.75670360182414
2024-08-08,733.7067838162911,170.19202165035102,182.01966080316836,193.19506366970677,171.95756781760494,409.39337506809306
2024-08-09,732.1690748120161,171.59937584218943,183.86201146282812,194.52342465048312,174.31957629907424,415.93231024495736
2024-08-12,762.0150942579885,171.93328202675804,182.31175468881077,194.36029322407174,175.56244062661045,414.47032881440197
2024-08-13,811.7815708609805,174.97627776374472,184.4124642040325,198.35702206114735,178.58092476576616,424.5840082484796
2024-08-14,825.3415918156575,176.18078132340906,180.1548719437777,198.20555430947445,178.94406328194364,423.15415990517533
2024-08-15,858.7522031989402,178.2639017817058,181.1996214698161,206.93311229247306,181.36531786882907,431.6450937532797
2024-08-16,870.7745151493422,177.17999295568202,183.06444487608854,206.315542051059,182.4387018260616,423.6842818054476
2024-08-19,908.6585735035508,178.47561195297516,187.2321116030107,207.66721260132041,182.3095674202301,425.1784950424162
2024-08-20,889.4369438754641,179.8601150965693,187.80501981738692,208.43626837439933,182.80993685465396,423.13007242963226
2024-08-21,898.1739705574234,179.58069179612585,186.31095354662176,209.86949574787047,182.7211608312585,429.90196014917206
2024-08-22,864.9030926309697,175.9436606814902,184.0080238587675,205.23188709989574,181.21196843353596,427.3072256935376
2024-08-23,904.2550466759689,176.46869665614088,186.05259469105977,206.2922324815739,183.07630217873174,424.15023625037963
2024-08-26,883.9150686588833,175.07146202673573,186.65920338863452,204.49778679104838,183.35068950744147,418.62349332192633
2024-08-27,896.7762086696972,175.21965914662425,184.99661742843548,201.72453476206238,184.03670750107105,417.00074773595315
2024-08-28,877.9738328270266,173.84783498786868,182.94085340643915,199.0212114415315,182.79384317353484,415.1370286753869
2024-08-29,821.9165196754564,174.91482537553125,181.73886374787546,200.5593052076974,185.45716112928963,416.293819816428
2024-08-30,834.3582456560641,176.6168937760294,183.53623436742802,207.9934754541432,184.81957319458328,418.776063786893
2024-09-03,754.8855898937884,173.35671464139898,176.7735613404501,205.37170895682212,179.79151480531738,411.1044249445306
2024-09-04,742.3740505996961,173.12808603176848,175.75126728758352,201.96924079167547,178.24193918923115,411.8916362226026
2024-09-05,749.3637146772076,172.91216265746272,176.63877668109663,207.28268471478094,179.47676909417163,415.20124549030817
2024-09-06,718.7488941440278,170.07960394316427,169.53904700181,199.70869261140876,178.21772415976952,401.8743313704879
2024-09-09,744.1913333474882,171.78165921841935,167.27807450190522,204.38125672361508,178.29035683019055,405.50532087028597
2024-09-10,755.5844708376516,175.37209572003542,167.22183217833032,209.2169700422248,177.644697218997,405.50532087028597
2024-09-11,817.1636592058029,179.11491629409025,170.03398290395734,215.00816234981795,179.70273878192194,411.1606208275344
2024-09-12,832.8218720250387,180.79160047442505,174.00474967804465,217.8979266662453,179.79151480531738,422.22230037489214
2024-09-13,832.5421914516616,182.31160862782605,177.1206020415998,217.30366599431625,179.57360437609046,421.4350644170297
2024-09-16,816.324831145391,182.62914763424382,177.79552719793955,215.43929159533553,174.5859167872244,428.80040237930456
2024-09-17,808.0063638547579,184.24231876319783,179.21286484422077,217.75810480931895,174.96519865637632,431.2448369106998
2024-09-18,792.4879379072805,182.40474535289283,179.7640257965021,217.23373728586114,178.11279236543584,432.55548186581433
2024-09-19,823.9442572473712,185.74115589947192,182.3849595313508,221.24212979767526,184.7146414002496,449.5617331950525
2024-09-20,810.8724487527146,184.29311345401075,184.01600418846397,223.25798972832084,184.17391358338972,451.37095927816057
2024-09-23,812.6898383303669,183.5479277767748,182.0587678733691,225.91471168987357,182.77767498463277,453.83148503297195
2024-09-24,844.9150655875249,181.710380616956,182.55366922863462,226.0079321878218,183.50403894273458,452.96310192389456
2024-09-25,863.3693897464433,182.95516554770688,181.65379205143617,224.3416446794841,182.69695821976072,456.96734857544857
2024-09-26,867.0742492898819,182.61642927367598,183.04860513078197,222.7452858796015,183.62512650800647,456.5895009826567
2024-09-27,848.6199251309633,181.22346034827962,184.4209454635151,219.02820075637862,183.84301210130576,456.20350905899477
2024-09-30,848.8995522894106,182.18882197858707,186.55817103280233,217.1172249984198,188.04785883258722,460.28826118721025
2024-10-01,817.8627003944559,178.1199441153399,187.84053401188015,215.71895308918027,182.56783623189307,463.5286189627294
2024-10-02,830.7946686024238,176.61264119726368,186.56945058971095,215.2878060636707,183.0278597018447,460.58570202250263
2024-10-03,858.7557819992487,176.36284157050622,186.56945058971095,212.02517753544242,182.13202779140306,468.59439276393476
2024-10-04,873.2256728712114,176.15962343152523,187.91928362894956,217.32695778380932,183.0440030548191,479.18409599747474
2024-10-07,892.7984522489888,173.39904355040977,183.3298340220974,210.673506985181,178.91987308840967,470.21062288521193
2024-10-08,928.9382994796185,175.58801909434118,184.90467090251744,212.91074559596268,182.21271972034745,476.7317145735335
2024-10-09,927.2606433587949,176.75237253535005,182.06999560995501,215.76555444815838,185.2553816350733,474.818092976545
2024-10-10,942.3595484462064,176.06646045597225,182.3174549243082,217.49008921022076,184.8518599005321,469.4467833687581
2024-10-11,942.2896817177922,176.26971797068254,183.62230792343962,220.01865298958566,183.64931670154044,474.36773615921874
2024-10-14,965.1478531938724,177.4636950853774,185.5570714919218,218.52714280240585,186.6758476812557,474.7456824711726
2024-10-15,919.9207910003322,177.29430069787574,186.11947745422992,218.70193790355583,188.7338768262168,471.4086292764138
2024-10-16,948.7207324575688,176.1850207769317,185.7820407862214,217.76975070406544,187.0632384807863,463.7859798182247
2024-10-17,957.1787729602407,176.4390729824549,183.2735744250816,218.51549690765935,187.36184083895765,463.8985690225563
2024-10-18,964.6586792651121,177.04875364988402,183.82478719768565,220.21673988022866,189.66199544260726,463.5286189627294
2024-10-21,1004.5730925228045,177.31125851196626,184.55595467760028,220.3099603781769,190.8564545471479,462.47538422269116
2024-10-22,1003.7340508026729,181.00755009921699,185.7595507661678,221.04404290703226,190.35608511272406,467.9832717911907
2024-10-23,975.5634440504648,179.77543102806158,183.10486472779778,215.22955880994604,186.24002682280187,453.25254650705995
2024-10-24,981.5052140316213,179.8304914228833,183.03737739419608,217.17549003213645,186.08667738750876,456.5412766719895
2024-10-25,989.4042138771188,181.27849449261518,185.905770443398,218.86506932996724,186.76461128668734,460.9395114993324
2024-10-28,982.2739617038989,180.61800600913006,187.5367805536293,219.51759503561289,188.37067622022016,464.88763630725424
2024-10-29,987.3770104545036,182.88742616804657,190.86637447489818,222.36075799306207,188.58861148537474,477.04534535140414
2024-10-30,974.0256282163299,183.1330125917676,196.24323388523993,224.5746870343587,185.70734584650154,475.8552364931671
2024-10-31,928.0293910310724,172.0484035340242,192.47492911195772,217.19878182162952,182.32571077320452,456.38041379740963
2024-11-01,946.4837151899909,173.75045880927925,192.67744293308553,230.63387716105802,179.90450585817445,456.04264618441493
2024-11-04,951.0274027938411,172.94176008066248,190.37147311963264,228.12864073117018,179.17814190007263,450.8322488107889
2024-11-05,978.0100615032858,174.21195548206293,190.93391362882258,232.46329609580712,180.34032671662828,460.28016621592116
2024-11-06,1017.8546080325639,177.90402074103415,198.5491864252519,241.30738414623903,179.75113158695368,459.9746304093396
2024-11-07,1040.712886338504,180.12687253741728,203.31864255973738,244.75647145035575,183.59281496613,475.77487909524876
2024-11-08,1031.974737943015,178.9032454985502,200.61894193437837,242.5774800932987,183.3746810135542,473.87720064293325
2024-11-11,1015.4079905797429,176.9852405985032,202.86866942425635,241.01607675764777,181.1689277709134,468.9160197939324
2024-11-12,1036.5883991051398,179.11071621629694,204.29723480712346,243.42811046957937,181.1689277709134,470.24275597246304
2024-11-13,1022.4680555349686,180.02949635882788,201.21511747364872,249.47565470153216,181.88802722017672,466.36709102949465
2024-11-14,1025.89323450503,180.74501898664855,197.50308957082322,246.42274117870144,184.39270568804832,464.08356873226023
2024-11-15,992.4797387155286,175.71080574358012,194.02729324576504,236.0871607210818,181.79108017658345,445.5253040966663
2024-11-18,979.6876107942493,176.03261045400674,197.1881256494274,235.02679755941162,184.23111072477445,445.78261559258056
2024-11-19,1027.6409710139876,176.89210387343644,200.36022033655746,238.4176198298117,184.44117300086305,451.1619214524945
2024-11-20,1019.8119447267645,175.91827646132683,197.95301088598157,236.4017776791581,185.02291735224173,454.72400497717337
2024-11-21,1025.264220289581,175.15887614580913,188.560456481768,231.15824468451584,184.63509192397723,452.77015532164467
2024-11-22,992.2701385302854,176.91099109826325,185.33208492418126,229.69004406682112,185.72582377667536,449.59396500146573
2024-11-25,950.8179094384582,177.67040453902408,188.58294650182162,234.73549017082038,188.1496861359643,454.39428297588665
2024-11-26,957.1090130616863,181.57347120613701,190.23646390554745,242.2046158814978,189.91915905548967,461.17268616012257
2024-11-27,946.064407989645,179.45224816710902,190.36021083616495,239.73433491584154,189.81411549948155,457.6830131408162
2024-11-29,966.4063089442099,179.6516468603467,190.04526418821004,242.23957134572936,191.75323022284036,461.79989835628277
2024-12-02,969.0624197524137,182.8419997016632,192.90241222738516,245.5255272234347,193.57921729574002,476.6834409032852
2024-12-03,980.4564652963867,182.93532018013346,192.73366798321953,248.70659892845325,196.0515593858075,493.4244832036441
2024-12-04,1014.5688420297514,185.57413718097212,196.14197697467603,254.20648384745513,196.34242535251494,493.5289280771056
2024-12-05,1014.0797749308509,187.78020179142504,194.19600294304885,256.9913817711877,196.3666527999404,489.62922501817513
2024-12-06,995.7640091003017,188.18325175666612,196.52446277655537,264.5420643050748,196.20507025463036,501.56180501324286
2024-12-09,970.3875373353668,189.22265288332386,197.4929500610141,263.44674567917303,199.3642126700485,493.3601183099798
2024-12-10,944.2421042384346,188.08142612066442,208.5291932810806,262.2232510910914,200.18831842142845,497.9835315459859
2024-12-11,973.8829035234223,190.48268934656173,220.0497319636992,268.3057507872758,199.1541379759961,508.72610140197867
2024-12-12,960.1110389564433,190.7244957002688,216.1757828258641,266.8026124853415,200.3418541261789,507.206319902036
2024-12-13,938.5097207828011,189.75297833094552,213.76582689818488,265.04312225904755,200.47918438813585,498.81183467526614
2024-12-16,922.7803058619013,191.58570852654512,221.46867603998422,271.4169115638312,202.83033956922085,502.34454924923153
2024-12-17,911.5252459657373,192.8032979535843,220.07223925719364,269.342804379461,204.80177825241995,498.48176715691216
2024-12-18,901.1789876882592,185.5614056951611,212.16668628641662,256.9564263069561,200.41453646845525,480.5765791379386
2024-12-19,913.5524493883522,185.40868036640165,212.29055413112044,260.18409937095277,201.82041140714156,479.2729432433305
2024-12-20,941.6554328392051,185.2262657377407,215.55639178202227,262.08342923416507,205.6178247452765,470.96809501571266
2024-12-23,976.3994945345177,184.65353262964967,219.18262250389066,262.2465606605765,206.2480239915061,482.7171560885074
2024-12-24,980.2445148542246,186.38443718924756,220.8493022695833,266.8958329832897,208.61535977945698,489.07452204654936
2024-12-26,978.2172046017497,185.8668694779231,220.27497763305323,264.56537387455984,209.27785814959924,485.5337125012949
2024-12-27,957.803941300731,182.6510799154708,217.07669640951667,260.7201127891571,206.50656599837322,482.68497364167524
2024-12-30,961.159680861818,180.23287200072608,215.36496750995315,257.86530393696137,203.76758538902376,475.7884529800323
2024-12-31,938.7892945263184,178.82013645921498,213.18020543130532,255.63971122092627,202.3294113264248,471.17737963928386
2025-01-02,966.8919574875913,177.58132351407647,213.32663238982633,256.6068538846482,197.02111674748693,482.2262256955737
2025-01-03,1009.9551808676267,179.60497349586845,215.98430673347227,261.23281663787645,196.62521964273517,486.5637975978296
2025-01-06,1044.6294826643848,181.5141057315771,221.70514944592418,265.21789958020554,197.950266054875,507.1406716592649
2025-01-07,979.6851537074701,179.18921829530262,220.15109251490847,258.8091370311983,195.69605791738329,497.23454926342237
2025-01-08,979.4755535222272,180.1183017536703,218.4168045015278,258.83244660068334,196.0919426041712,491.4645129600675
2025-01-10,950.1142211508968,177.73828829635855,216.26586382016484,255.11536147746043,191.36539237661202,495.60084585046036
2025-01-13,931.3789344602816,176.9916194666518,215.10593499019603,254.55605626976302,189.3858944348895,489.541315604359
2025-01-14,921.1026497410778,176.34677627294678,213.5856303627017,253.74038135771397,188.48097257492688,478.21062634038253
2025-01-15,952.4213188066091,180.8607573803406,220.2186662157147,260.25402807940793,192.18952296391961,496.61483972357894
2025-01-16,933.756005674268,180.12679378595865,217.2456306615322,257.1195577333675,184.4250172299248,491.9313558774582
2025-01-17,962.6978171855326,182.01471562881105,220.7254344248795,263.27196835801504,185.81469914378138,493.1142582368647
2025-01-21,984.5087355444176,181.7898539639514,223.0340298013494,268.83011831073367,179.88427699510112,496.0838293508481
2025-01-22,1028.1312132413475,189.29901554770362,223.39438832543402,273.84059117050936,180.84573784436566,501.74902590409323
2025-01-23,1029.1798551467223,189.51538518027488,222.95521109051637,274.318339554997,180.7084075824087,512.1703142471556
2025-01-24,997.0223580207792,188.39114248219215,225.466510295964,273.6541679546048,179.99740464556027,521.0545452369146
2025-01-27,827.8458973928574,184.36080033269866,216.00684857384857,274.318339554997,185.71776451815197,531.0251312455835
2025-01-28,901.7382420051538,189.72326278055783,219.93710912902213,277.49941126001556,192.5046163780525,542.6534587831765
2025-01-29,864.7571096273333,187.6571788878102,220.0609942471669,276.24097898769435,193.39338246707686,544.391656429181
2025-01-30,871.3982947016528,176.05825717903218,226.2097691845096,273.4094619249917,191.96328008096512,552.8493712792516
2025-01-31,839.3806912773287,176.087985854663,229.75716392210407,276.9517519470647,190.678616887189,554.6036601486722
2025-02-03,815.5421955913185,174.3315920729569,226.61519411590598,276.64879866372695,184.22303904828726,561.266858070782
2025-02-04,829.4537402001964,174.94675909200356,232.4148555391909,282.0554630847806,188.09315956462618,566.6826900206589
2025-02-05,872.6566436221304,175.33705132094744,215.4662935142807,275.1922617207708,187.826533463308,567.2298409763868
2025-02-06,899.5710914659901,176.4103943262724,215.77035789446774,278.29177660257955,188.43248042618453,572.9595998616204
2025-02-07,907.6802256460303,173.8352216292456,208.72065210003154,267.01234527073103,183.91600489267773,574.9954851408226
2025-02-10,933.756005674268,174.8831016629486,209.99320376467736,271.6616175934443,184.13438720453007,577.3131642681304
2025-02-11,928.3730626905661,174.55218803380774,208.69814480653704,271.2188246731882,188.15436770832687,579.244505954709
2025-02-12,916.7684554926104,173.53401042524933,206.7724152476463,266.7559933463714,191.5919705445898,583.7348951198368
2025-02-13,945.7799200725696,174.17037471190912,209.62158295712499,268.4339267494556,195.3612075228025,586.2939425983858
2025-02-14,970.6672179087441,173.27522000696555,208.59676698188682,266.46468595778015,197.84437807732667,592.8202664022967
2025-02-18,974.5120245687312,173.7885745152536,206.95259450968862,264.0992713848187,197.7392227596441,576.4842194642968
2025-02-19,973.3235423766679,175.96493670056194,208.64185066263943,264.0759795953256,198.0627728071428,566.344675609759
2025-02-20,979.4755535222272,176.8958970686935,207.84224580987348,259.70636876645705,198.83925566724824,559.1584635670454
2025-02-21,939.7679628734188,173.5291409600577,202.32410692639934,252.36541901795948,198.61278926094488,550.0730922845854
2025-02-24,910.7563914635998,171.73944843659652,201.86240512454626,247.85598633216455,199.86650688886542,537.6641429729881
2025-02-25,885.2400259970464,169.1463729079757,197.5492614783526,247.96085272485934,199.81795265030394,529.1098807824209
2025-02-26,917.7470170098509,169.92431919199953,194.5198799599498,249.7669620901234,194.41485933551473,542.1464865264078
2025-02-27,839.939945594223,166.8635912515792,189.7562967953708,243.23002357893637,191.93978529340544,529.7053547679782
2025-02-28,873.2858180823692,168.7595194927251,191.7608277916536,247.35492837819183,195.6119510483866,537.7204622549443
2025-03-03,797.3661632175979,165.14619256713544,188.0783201993286,238.8953682142994,192.53024705539033,527.1382616777211
2025-03-04,810.8584006261298,165.19719726183803,192.48157938670477,237.47378673557483,190.8316434554226,515.0270987184833
2025-03-05,820.0162835414044,170.47266559840313,194.84652072739496,242.78723065868024,190.67797115307005,528.2809853381684
2025-03-06,772.9684132146934,168.71703308079708,194.09198228194074,233.8615680050467,190.34633701112028,505.3139722844718
2025-03-07,787.7888662721173,167.1951873933615,195.79246617147743,232.17198870721592,193.37145234295932,503.4872235500978
2025-03-10,747.8715686082058,161.60514635532016,187.00964695764182,226.68374968296052,183.99688309107955,481.2203267937441
2025-03-11,760.3151106964332,161.72841863855396,184.94640353573516,229.0724738254071,178.62613857205832,487.43287174104137
2025-03-12,809.1851245295647,162.92719959222495,188.40769017043618,231.75250535644483,175.50397685291543,498.57846257615176
2025-03-13,808.0664556509857,161.014247910773,183.50327664218818,225.92635758462006,169.5993840689942,475.3056175583876
2025-03-14,850.6440839025696,165.17596061849557,186.58121380296478,230.65718673054306,172.68111289791813,489.38879449897337
2025-03-17,835.6824551852077,165.23548359597274,185.22827154436393,228.082039372192,173.09362523826968,487.21415943749327
2025-03-18,807.0177603306812,163.03347468563894,181.14693747506686,224.67957120704543,172.03402522088453,469.0594093768273
2025-03-19,821.6297883313215,164.86137479177623,184.77731382275152,227.84897923732547,174.0965869226423,470.42864415462554
2025-03-20,828.6910818299367,164.4447927008948,183.5483775963817,227.1614980674482,173.17449101870764,471.991171051741
2025-03-21,822.8881906667292,166.32372375222087,184.89005757151483,228.6296986851429,176.54738384547088,480.247005215395
2025-03-24,848.8263738353374,167.09739120699277,189.05033126573124,236.8445528194222,178.53716386124168,498.4500783058904
2025-03-25,843.7924974190574,167.9815994591875,192.29739268637329,239.69937945160993,180.97986427165537,504.4587188239488
2025-03-26,795.3421112758517,165.77535109533105,186.09641741062657,234.36262595901943,179.18423912031145,492.11127155031596
2025-03-27,779.0521600797379,166.0346533980959,182.91701605799523,234.63062377812562,181.06077972394868,485.3455044188239
2025-03-28,766.7472831497396,161.0269925218271,173.99889398157907,224.56304113961215,176.24812333521675,464.53279027922287
2025-03-31,757.7283324673438,159.57742754816587,174.3484220582186,221.6965686126779,179.6695579825776,464.226760876831
2025-04-01,770.1031829556164,162.4680785884431,177.0881279727052,223.922161328713,180.52693145904865,471.991171051741
2025-04-02,771.9907597512627,162.44684194510066,177.0542720285385,228.39663855027635,181.09312851971663,470.32390312367795
2025-04-03,711.7249376814689,158.60819397114273,169.9288049223088,207.88860906144845,164.34995063859378,428.1910583514776
2025-04-04,659.359290585632,152.96716136364188,164.1563146215618,199.25425379640612,152.37089974356905,406.53264183028284
2025-04-07,682.6406151370167,152.12546577386138,165.45287636906053,204.2181252972037,146.77367640028066,415.81132991185063
2025-04-08,673.2722239826893,150.72262666565078,163.14158633581002,198.8580800151201,139.46168126812245,411.1398157641299
2025-04-09,799.3272389568972,165.99640643969053,178.9371461805529,222.67537495113837,160.83954128041626,471.8059245441319
2025-04-10,752.0652815908247,162.11100634979573,172.29645819322056,211.16290126441527,154.02094910497524,440.0069522969882
2025-04-11,775.5564199871724,165.12919537731563,177.16701577730183,215.4159820258505,160.2733566377121,437.81617665251093
2025-04-14,774.0183370783876,164.8571484634967,179.3430029479718,212.2116007513469,163.80804311517042,428.07827170882194
2025-04-15,784.4354769679495,163.972940211302,176.23124438991027,209.26357140120297,163.50067367453758,420.05610580176835
2025-04-16,730.5318003782578,157.97054341065873,172.8714737673867,203.13447034604044,157.13501431170332,404.58343197537107
2025-04-17,709.5575200676553,156.34243575505224,170.42489814499655,201.13027409013338,159.3270084504244,403.9149304896785
2025-04-21,677.537032237112,152.661080694454,166.4901119483068,194.96621757073927,156.23720794501327,390.36735436285943
2025-04-22,691.3798318311052,155.9343456964592,170.77442622163602,201.79444569052555,161.55942306140062,402.94839585372114
2025-04-23,718.087083161571,159.15234029975298,175.14889058302958,210.44046463030642,165.49044127234458,419.0492690678992
2025-04-24,744.0950796436637,164.64033257265987,179.57978727584796,217.36191324804093,168.53979646957288,429.42336965149605
2025-04-25,776.1157811339268,166.57453402269735,182.60132665208155,220.21673988022866,169.27582160353168,440.796310716835
2025-04-28,760.1753772396046,166.28122421504975,181.07927740705614,218.71358379830235,169.9714635191268,442.78574863028706
2025-04-29,762.2028477368696,167.50550751607202,180.57193917434162,218.35236548124794,170.83690867208503,446.57133233787397
2025-04-30,761.5036463034264,168.02411212160172,179.0386103724076,214.89163228238465,171.88034050056814,442.18968232975743
2025-05-01,780.3105624151453,180.83655443205663,181.85722136493177,221.6266576842147,172.54359636650378,460.8841300494158
2025-05-02,800.5157745638904,185.03652722342767,184.93514125226747,221.37030575985506,166.09707122323152,480.8672577106298
2025-05-05,795.7616321359175,185.4148623559037,185.13806963597693,217.14053456790487,160.87190249414803,482.6794947281808
2025-05-06,793.8040283670668,184.199097337656,184.0331912621608,215.5791134522619,160.56453305351522,473.04638017502043
2025-05-07,818.4137288121335,184.2160814022327,170.6729447563404,219.8904770274058,158.73654668843952,480.6980530668557
2025-05-08,820.581093011017,186.26507622845875,173.94253074391787,223.81729493601824,159.73952079077594,481.6646123826036
2025-05-09,815.5473234245967,186.50312876263806,172.21755311518302,224.95921492089815,160.58071366038112,477.21854812124167
2025-05-12,859.9426617434126,190.97938792135065,178.6552781719241,243.1134935115031,170.72077587437988,515.0261608864438
2025-05-13,908.3929944716882,190.92840947713427,179.86163801103584,246.29456521652165,172.45397592156814,528.3966348365238
2025-05-14,946.216640540089,192.5437462712005,186.44592821382514,244.9895138052303,171.96803616111066,531.0786863910021
2025-05-15,942.6509803041793,192.97813931697416,184.85623617422993,239.07014553545736,171.25531954525417,518.6103575034244
2025-05-16,946.636054570295,193.46364205939528,187.370437317749,239.5595398146916,171.10144855548035,515.7591506647533
2025-05-19,947.8246435922181,195.42268959462882,187.76503180170022,240.22372919507578,169.09286774247627,515.8316105297066
2025-05-20,939.5048409283355,195.12457594800514,184.87876074116534,237.7884036936511,167.5378282223064,513.1494602560664
2025-05-21,921.467153223264,192.73966677501556,190.0424831642249,234.35096228428088,163.67456242199967,511.8607803145106
2025-05-22,928.6681267637777,193.7149117133804,192.6468689426901,236.65812960351772,163.0833555821852,512.7225492397298
2025-05-23,917.9012793276343,191.72181729753476,189.94100169892928,234.199494532608,158.1510024401299,505.0627813766054
2025-05-27,947.335149173878,196.19778770089906,194.93559986212338,240.06059776866434,162.15195862334454,517.353958727863
2025-05-28,942.5111400174908,194.77960518349974,194.32676289067234,238.5457957919915,162.32202263794807,518.3688410734401
2025-05-29,973.1333852259379,195.34175934564888,193.76306142029657,239.6877157768714,161.94137479277524,519.5528293436292
2025-05-30,944.7484777746486,196.05722947249714,193.62775855771605,238.88370453956088,162.67028443346146,521.5181304219572
2025-06-02,960.4791746538679,196.74291842274215,190.57236323731576,240.79468029751973,163.35869909410954,540.3735890949383
2025-06-03,987.3260526113023,197.1687931857413,187.3591577608404,239.69937945160993,164.63027375401256,537.1114143846036
2025-06-04,992.2200353259639,197.55207653486758,189.46750213694054,241.4705155726504,164.2658065157056,554.1064610889476
2025-06-05,978.7265693740425,199.17467158837033,189.64787140683282,242.26288091521445,162.49211148847925,551.4242120961453
2025-06-06,990.8217392889378,200.32453476099226,195.8150252852946,248.85808446011808,165.15670849450817,561.9675666830973
2025-06-09,997.1840984287597,201.33387908094159,198.772497469225,252.83150372770868,163.15623661188275,559.0276113177324
2025-06-10,1006.4825694397427,200.55452839590563,201.605842706838,253.565604036556,164.14432157559125,565.7451047789762
2025-06-11,998.6515133851805,201.27851680552845,200.1948098664858,248.4269374346085,160.9937599731772,559.0920749305587
2025-06-12,1013.824024246105,203.94025048082688,198.33228382785325,248.47355657357863,161.33393767423956,558.4638755427779
2025-06-13,992.6384878874302,202.2750771386944,197.1695912473402,247.14519559280225,159.10668893621514,550.0147986193879
2025-06-16,1011.6564463875015,204.05524073566198,199.54011190944158,251.80611381026208,160.7022110184593,565.9547349196146
2025-06-17,1007.6710516318061,203.58677455879004,198.61448003185913,250.3146214030743,158.45066032522647,562.0129774976457
2025-06-18,1017.1799774669119,204.52369378729088,195.64571101757926,247.6345898720365,159.2119808514998,560.836195726287
2025-06-20,1005.7832611764399,203.31421576049004,188.10523222025296,244.33698809958466,162.79176937357582,550.0188461050324
2025-06-23,1008.0207057634576,206.97676234772013,186.46845278076057,242.9154066208601,163.19673159192087,563.0609307625136
2025-06-24,1034.1003316666538,208.72711851759829,188.2519873741511,247.92589726062775,162.2248396530421,574.0798155531177
2025-06-25,1078.9185559861244,209.64701430579308,192.665627899509,247.01701963062246,163.24532308437384,571.2424293971351
2025-06-26,1083.8826190889201,211.85306579100293,195.89401673053666,252.9946351541201,162.79176937357582,585.2761480375278
2025-06-27,1102.970444317406,211.21000763036005,201.5268167147142,260.1957630456913,162.85655389085852,591.3538426094486
2025-06-30,1104.6487414173891,211.83602922545379,198.93054945347265,255.63971122092627,166.16909541342505,594.9488983342561
2025-07-01,1071.8566749232793,209.55332632051596,198.4903012652191,256.8865153784929,168.31535419137325,579.7383979225046
2025-07-02,1099.4745439800506,209.14448812306597,201.6509782079133,256.2572814623403,172.05713505156558,575.1841374595228
2025-07-03,1114.0876936942207,212.4450405054846,202.6556188041787,260.3239390078711,172.956133542783,579.5691439191495
2025-07-07,1106.3966915860667,211.96805604583807,199.5626710232588,260.3938499363343,170.0404701441105,579.037096995217
2025-07-08,1118.702209495225,211.49957674372303,196.81966588155998,255.6047557566947,170.08904921859963,580.9072328013173
2025-07-09,1138.838997118665,214.43390859305072,199.3707803682853,259.31017720517906,171.00425315261057,590.668632905577
2025-07-10,1147.3690409469505,213.56936195502598,200.4995824577498,258.98391435235624,172.03285793228486,586.2030222501269
2025-07-11,1153.1022790414636,214.35297834407078,203.40063958369626,262.19995930159837,171.02044617744028,578.3600809817966
2025-07-14,1147.1592271019877,214.22520410245224,204.9470962007153,262.98066096942387,168.96328628994704,581.1087186110856
2025-07-15,1193.515480915313,215.41765868894706,205.44377672039369,263.74971674250276,169.3601395779134,572.620845057005
2025-07-16,1198.2000771044516,215.33250211168755,206.5387228656915,260.06758708351146,170.2105465766778,566.5914735149137
2025-07-17,1209.5969002247834,217.92183694602366,207.2273113137842,260.871598320822,170.0971581489783,565.3823612179798
2025-07-18,1205.4716651823992,217.2191245554726,208.89792942400246,263.49336481814316,171.03665162023384,567.6958447808998
2025-07-21,1198.2700506627257,217.22337713423835,214.58716173960477,267.18714037188096,172.08952110122505,574.7004629250006
2025-07-22,1167.8553758721823,215.18342560051104,215.98688047616656,265.0547681537941,173.6445482034311,568.1230025951417
2025-07-23,1194.0748420620673,215.43896095850502,214.733899620062,266.01024714277753,173.44207330324048,575.1922324308119
2025-07-24,1214.770884002402,217.5726267279957,216.9238091840985,270.6012544317741,173.12620997535032,576.1756233636913
2025-07-25,1213.0929073919988,218.7778653012739,218.06387355703075,269.6807309070223,173.22341779618395,574.4667453088192
2025-07-28,1235.8164732445284,218.26252888127712,217.38661648616932,271.25378013741977,173.3610833431642,578.4567764010362
2025-07-29,1227.1463754698343,218.29234943360967,220.96493068297715,269.17967295304953,171.1095326499314,564.2458568647423
2025-07-30,1253.4359220478536,218.57767909344994,221.84540978604338,268.2241939640661,169.3115356674966,560.3848517173401
2025-07-31,1243.6473156393706,227.2059645304743,216.61900204595273,272.79189168357766,168.11289170914645,623.4432959909593
2025-08-01,1214.6310437157135,223.2069917119996,213.492215594307,250.23304679987257,163.9094482077774,604.5571850181578
2025-08-04,1258.540145926918,228.11732891065142,220.16349484547567,246.62082806934444,164.69507068925907,625.8050038645467
2025-08-05,1246.3742546447286,224.75718792454006,219.74584031792114,249.06781724550763,164.34680889374567,615.3987701936987
2025-08-06,1254.4847776129482,223.56045450879333,221.34872926636498,259.04217938607286,172.71315124459045,622.2745104717276
2025-08-07,1263.9239435494994,221.81437716816708,221.83414750257572,259.9976761550483,178.20433759476458,614.084867506236
2025-08-08,1277.4181573104406,222.3253953831826,227.36529328704856,259.484972306329,185.75272108632348,620.1061934366195
2025-08-11,1272.9433749662653,222.2104445040768,226.8912064280692,257.86530393696137,184.20400230974127,617.3413658647524
2025-08-12,1280.6344839042788,225.3917146771653,229.53262646382697,258.0633908276044,186.2067466797469,636.7917062083185
2025-08-13,1269.6571816440128,221.70365261734082,227.9748730164584,261.66394588339404,189.19060953575442,628.7956021600494
2025-08-14,1272.663694392888,222.51282385470935,229.0810987186648,269.14471748881795,188.7446556188182,630.447963494641
2025-08-15,1261.6863921326217,221.52900813259754,230.16474803361308,269.2029825225346,187.77976741153753,632.9467922843323
2025-08-18,1272.5936140047538,220.22155016602449,229.71323756189182,269.73899594073896,187.21219195688482,618.5504781616863
2025-08-19,1228.0553907482404,217.09988172187175,227.53464210164574,265.68398428995465,186.94462209031585,605.7421111203867
2025-08-20,1226.377414137837,215.3750804003173,224.99480717182902,260.79002371762033,183.25534438118183,602.7112847663437
2025-08-21,1223.4407681173761,215.09779651449983,225.4802081345988,258.62269603530183,182.35532761693065,595.7629859041994
2025-08-22,1244.4864641893623,216.37328138887125,232.6368538016555,266.6511269536766,184.6742954357774,608.410095194271
2025-08-25,1257.2115029585864,215.1063410477606,235.34602027262844,265.602427466745,184.18782170287537,607.2091272282072
2025-08-26,1270.9157442242101,214.15932850731272,233.82212276942658,266.4996592020037,185.93106788279925,607.8539607947954
2025-08-27,1269.7271552022871,216.16424876719515,234.20588680593264,266.97738980649945,186.88787199562887,602.437191012879
2025-08-28,1259.728734948841,217.40132918024392,238.90177535561912,269.86717190291876,188.56627156845093,605.4438311722166
2025-08-29,1217.8472634796917,216.14292024715093,240.33535003634765,266.8375679495731,188.22570891050992,595.4405691209053
2025-09-02,1194.0748420620673,215.47319159252055,238.57442637709704,262.5728235133993,186.26352161036155,592.5468143233853
2025-09-03,1192.9561197685584,215.5713027847238,260.37176417711186,263.3302333917317,193.35827688333944,594.1105258504456
2025-09-04,1200.2277078465063,216.68894348552513,262.2230279322767,274.6212928383348,194.4204598372005,603.4609580830418
2025-09-05,1167.785509143768,211.15622038411942,265.27082293868045,270.7177844992074,194.3474670458285,606.5239668839167
2025-09-08,1176.8049405605336,212.5212719174333,264.42343974838127,274.80773383423127,192.87987482692463,606.4030359103909
2025-09-09,1193.9350017753786,212.61086482686196,270.73914521859496,277.6042954327023,190.01765834456123,617.2043436678105
2025-09-10,1239.871734728638,213.44694281259387,270.21940465531327,268.38732539047754,183.887791278864,606.1450827399232
2025-09-11,1238.8229859934036,213.71996099440253,271.57519703166287,267.94453247022136,186.51488603413696,605.2745278092805
2025-09-12,1243.3678487257134,217.51222435923054,272.06104710389604,265.84711571636615,189.7906207119219,609.0550274800212
2025-09-15,1242.8784611372332,219.84136437427077,284.2744062276282,269.66906723228374,191.92310796798648,616.3982523499942
2025-09-16,1222.8105787734676,217.14537381447064,283.7659797681369,272.7219807551145,193.09880352918532,627.9249978698256
2025-09-17,1190.7158976051817,217.5634128073366,281.9243718664359,269.8904636924118,193.77991642710344,625.2811012714843
2025-09-18,1232.3201455877331,216.89371040319236,284.74892492263007,269.4360248774092,192.87987482692463,628.9326243569911
2025-09-19,1235.3266583366085,220.93763717929863,287.7881523023467,269.7273322660004,199.05839547489398,627.4252321118873
2025-09-22,1283.853160755036,219.45319843470975,285.31385280730984,265.2412091496906,207.63693599160544,617.1852908695325
2025-09-23,1247.6331377145061,217.22643531588162,284.3309076528166,257.17782276708414,206.2990866587606,609.3128325717458
2025-09-24,1237.4243694667975,217.61888008469458,279.2241012175271,256.5952079899017,204.5801424340451,613.5555847188414
2025-09-25,1242.4589402771676,216.2879541834514,277.69882183905315,254.19482017271662,208.27750423763013,604.0779528459285
2025-09-26,1245.9550542742427,218.17768730985216,278.54620502935234,256.0941500359289,207.13424439794608,599.9158542542375
2025-09-29,1271.5468950368584,219.517144619113,275.7329660769485,258.8790479596615,206.2990866587606,599.6335174507406
2025-09-30,1304.6202445522447,220.94619483780252,274.6596290062183,255.8494617863078,206.4612652663343,592.3579152067799
2025-10-01,1309.2351876726887,221.69698499384393,276.6932830238609,257.08460226913587,207.1261354675674,578.6132956324853
2025-10-02,1320.7724920588691,220.00346112660654,277.5858535355581,259.15870945350616,208.48832400951216,586.4454765121508
2025-10-03,1311.8922599496325,220.69022634678612,277.201744030234,255.77953307785265,209.20993188746843,573.1444514925813
2025-10-06,1297.3482291548569,225.47645124664544,282.9412247854185,257.3992014472202,208.13155590877764,577.2581776948618
2025-10-07,1293.8521151577816,223.5184537308602,277.66494862144555,258.42460914465886,207.96131804268052,575.1771283990164
2025-10-08,1322.310735212444,223.88953060389966,276.376937227193,262.433001656473,209.24239244491082,579.0166621286702
2025-10-09,1346.5040662783133,222.84447249746404,272.8858020866144,265.3693851118704,205.9828632099195,591.656120683682
2025-10-10,1280.7067008896122,217.96440210941032,267.2819005690649,252.12071298834636,198.87190249414803,568.9016993454858
2025-10-13,1316.7868836434538,219.282530898627,275.84593438044357,256.4320765634902,200.80978783908802,577.2904095012751
2025-10-14,1258.820681139175,219.07777710620283,277.31471233372906,252.14402255783145,200.89897365528975,571.6038402494436
2025-10-15,1257.4223851021488,219.01804412483602,283.6191037001524,251.188543568848,202.17197638103278,578.7826977145835
2025-10-16,1271.267107633621,218.2416728699847,284.1049364989447,249.90678394704977,200.63951271909946,574.3624485141008
2025-10-17,1281.126221749678,219.08204281021168,286.1838123848671,248.24049643871206,204.56392457328772,578.2744914682889
2025-10-20,1277.0706397759884,220.45137317277747,289.85573135791964,252.2488889505262,212.6316521479973,590.5752445782665
2025-10-21,1266.7220312415914,220.82247629630314,282.975115276467,258.71591653325004,213.06138820417618,591.4626311260408
2025-10-22,1260.5688449675724,222.05102530133428,284.36481541730603,253.961777817842,209.55862831171572,591.5755164878585
2025-10-23,1273.7143660656018,222.05953045886574,285.9352475702962,257.6205979073483,210.47485051876043,592.0513922085778
2025-10-24,1302.382586305507,223.36063580777633,293.66324684204795,261.2561262073615,213.10194527403343,595.5682129974513
2025-10-27,1338.9523703075486,226.7348470544953,304.2270614534616,264.47215337661163,217.9588096139876,605.6185640890661
2025-10-28,1405.6588578045155,231.23525666051944,302.19335561549633,267.12887533816433,218.11284203729113,606.1186260044906
2025-10-29,1447.682412987413,231.01338755108753,310.21510702321694,268.3523699262459,218.6804423278715,606.3041686695859
2025-10-30,1418.6644317859964,224.27774904443308,318.02221865429703,259.683059196972,220.05886114853746,537.5810214385319
2025-10-31,1415.867519222364,220.8864749816788,317.69454148039785,284.57236318940693,219.22370340935197,522.9653039782032
2025-11-03,1446.5635838640442,220.55375006898953,320.5529850276405,295.9683068086968,218.1533991071484,514.3830055456107
2025-11-04,1389.2967964529282,219.4019706108744,313.5706801996015,290.515041028665,218.9561459607468,506.0022916419483
2025-11-05,1364.96373193023,216.34340833556624,321.2195671120249,291.5404309461116,219.0372352645337,512.9633252759987
2025-11-06,1315.1086933733304,212.0520313512182,321.71669674116674,283.1973830696605,218.73719242255848,499.2428918964093
2025-11-07,1315.5981877916706,211.93260476421386,315.0281440490966,284.79375964953505,217.68310598111228,501.4772520509369
2025-11-10,1391.8141352730431,215.84857354529814,327.76122646266964,289.44301419225627,218.67326474477983,509.58362540322923
2025-11-11,1350.6295149804173,216.99180847015248,329.1283156693687,290.25868910430535,223.3968843328759,505.808703365145
2025-11-12,1355.104617814173,218.04121103205557,323.9311518647241,284.5490536199219,221.9522280931596,491.23326332293755
2025-11-13,1306.5780085658853,214.69255463366034,314.7344264600095,276.83523965962337,221.53019117455312,491.9431034577435
2025-11-14,1329.7224840666604,217.63166407147799,312.2939656356985,273.4677269587084,221.09191155926163,491.59625368183913
2025-11-17,1304.7600848389334,216.48417656785787,322.02174570748514,271.34700063536803,217.07442706619395,485.58697148922727
2025-11-18,1268.1205409383374,210.64005707380713,321.18567662097644,259.32184087991754,217.0581595335813,482.1024812259291
2025-11-19,1304.2007236921788,207.7947799989408,330.82304750308526,259.484972306329,217.96720415753427,476.1577613653057
2025-11-20,1263.0860769578276,204.4697884138623,327.0268633961882,253.01794472360513,216.09236481494128,475.2140061759942
2025-11-21,1250.7797044097897,201.77303658996212,338.5623436051865,257.1545131975991,220.34519455844824,479.3277323782748
2025-11-24,1276.4414119008197,202.57651147182344,359.93853764258466,263.6681421393011,223.94069180476478,494.4919828626003
2025-11-25,1243.3678487257134,203.85437201519667,365.4294881300801,267.6182696173986,224.79286215439257,513.1810503879261
2025-11-26,1260.4290046808837,207.49135062885995,361.48644522863947,267.0240089454696,225.26360232712642,511.07581489737555
2025-11-28,1237.6341833117604,210.27357403585412,361.7462723266781,271.75483809139257,226.3187070416064,522.642640397004
2025-12-01,1258.0517198071775,208.02128231918843,355.769558134154,272.52389386447146,229.76804485368535,516.9317862313053
2025-12-02,1268.8197423717804,209.41453999993308,356.8089701669538,273.15311000063207,232.27595199215182,521.9569864569032
2025-12-03,1255.7441948320254,204.17062474779027,361.1248775636917,270.77604953292405,230.62026487516843,515.9074268461702
2025-12-04,1282.3164132195006,205.49977874121436,358.853903741505,266.96574391175295,227.82021271972033,533.5964199002283
2025-12-05,1275.5334649210133,206.4912858557852,362.9777650223013,267.45513819098716,226.26188243913649,543.18698649454
2025-12-08,1297.4905265283248,209.85045557390683,354.6794658257495,264.37893287866336,225.53955431927827,537.8472176590318
2025-12-09,1293.4347308949152,210.27783973986294,358.4781373081363,265.57911789725995,224.963286289947,529.9101970292566
2025-12-10,1285.113432612993,204.52534756792198,362.01680895807556,270.0769046883083,226.26188243913649,524.4010754712313
2025-12-11,1265.1842154074566,206.62378518492122,353.2210692104457,268.32906035676086,225.65315385236283,526.4821247670768
2025-12-12,1223.857618230943,204.51253733065235,349.671100730157,263.5632757466063,225.85608821721502,519.6420221065521
2025-12-15,1232.7382776596196,202.92696858794633,348.4614071169513,259.31017720517906,222.47162184816554,522.7137181936886
2025-12-16,1242.7378730415248,203.59795726591474,346.5959791402473,259.33348677466415,222.8774409060146,530.4957497390267
2025-12-17,1195.327528999967,203.48254700330028,335.4599299786526,257.8303484727298,220.62929273487026,524.3201751179216
2025-12-18,1217.704004637484,206.8417429719081,341.94935444401153,264.2274473469985,220.913341239437,536.3888394778917
2025-12-19,1265.6038430973822,207.67085145355176,347.2630103340951,264.9149462968677,222.11458055222684,531.8035318384414
2025-12-22,1284.4840979079643,207.24346728759565,350.22509452674615,266.1733785691889,219.92318247576944,534.0073384123108
2025-12-23,1323.0836492492597,208.06829693998742,355.3917188878772,270.49638803907936,221.05132965347673,536.7843578006925
2025-12-24,1318.8880133291616,208.56832932652475,355.0977594706174,270.77604953292405,222.22815524938375,538.8913702361604
2025-12-26,1332.3139628095878,208.43585624787494,354.4420942008827,270.9391809593355,221.8954034906896,535.4523401469917
2025-12-29,1316.1608606640839,208.17514954409796,354.498612899512,270.41483121586964,222.1875981795265,531.7389695064529
2025-12-30,1311.405863597231,208.33756130226826,354.8264628078203,270.95082685408204,221.63566935929518,537.5997287197426
2025-12-31,1304.1335277102637,206.68787574699857,353.86547219671274,268.95829427291346,220.64551059562763,532.8691558333184
2026-01-02,1320.566310429145,202.12349370608501,356.29615625347355,263.92449406366075,219.9556678691395,525.0547937624051
2026-01-05,1315.4616592306406,202.08503674378994,357.86765935979963,271.5683970954961,216.912124278982,531.8196724214384
2026-01-06,1309.308152467042,204.5039796721485,355.3804220575276,280.7387479987508,212.93514718391626,533.2970046816945
2026-01-07,1322.384340985957,206.62378518492122,364.0179370865008,281.4728483075981,211.287606251203,523.6663087480048
2026-01-08,1293.9242253132552,204.33303650596054,367.9296459661463,286.9843791213466,210.24064772099317,521.5431557295399
2026-01-09,1292.6654490733379,204.8330688924979,371.4683176160855,288.2544928483983,210.50845352887487,527.193988644705
2026-01-12,1293.2249170499522,203.9355647690387,375.1878421922622,287.1941296867281,211.22266030039057,518.2414439947993
2026-01-13,1299.3085570851365,201.15335448728766,379.83443234161615,282.68469700093317,211.87197079294907,509.4584001461537
2026-01-14,1280.6380092896575,196.32827886784014,379.68746990642717,275.75156692846815,210.98731504995126,496.88922963452995
2026-01-15,1307.97950949871,195.16580233659516,376.2279797095799,277.5343667242472,209.5669731834071,501.15157753529473
2026-01-16,1302.2454167653173,196.53340016707122,373.0850080438096,278.629685350149,207.39186747549005,500.70758810392147
2026-01-20,1245.1852383033656,194.25120914661443,364.04053074719985,269.168027058303,200.22529911770368,487.68638254921626
2026-01-21,1281.896892359435,189.80221111782905,371.2535051050359,269.5292453753574,200.99634290965312,494.8226426959265
2026-01-22,1292.5256087866492,192.80669739154825,373.6954859921463,273.05988950268386,201.56446475471418,522.8105616916713
2026-01-23,1312.314878875637,199.13613587461666,370.7447331767266,278.67630448911905,201.31286438962604,531.7954862267334
2026-01-26,1303.9237138653004,200.98667702510852,376.77064212893777,277.8140282180919,207.29446096723518,542.7742910375403
2026-01-27,1318.258678624133,205.38864730785184,378.22903874424156,285.1083588276193,209.61567643753455,543.2667022179049
2026-01-28,1339.236751394764,205.83739936958145,379.879654209896,283.1624276054289,208.13042587406946,539.8439114308954
2026-01-29,1346.15943315008,185.26776775643592,382.4121479273296,281.6709351982411,209.6237729499494,596.0135844970935
2026-01-30,1336.509598729686,183.89589109670789,382.12948534041936,278.83943591553043,210.59773868878722,578.4070713029381
2026-02-02,1297.9100473883905,180.93843256903074,388.5623565602672,283.10418035170426,219.14405458936898,570.2617038816313
2026-02-03,1261.0585530456324,175.74154506292996,384.0627288461022,278.04707057296645,218.71389632242,558.3868252367887
2026-02-04,1218.0536587691356,177.01512677705128,376.52193912683964,271.4868402722864,224.4032857932285,540.053788369439
2026-02-05,1201.9005566236317,168.24536434460774,374.4982173377154,259.484972306329,223.93254562049464,541.0386600897492
2026-02-06,1296.5114308617844,171.43786972579335,365.0127836417751,245.07108840843205,225.72624598744545,533.9751066058976
2026-02-09,1328.887501881207,176.7629777317782,366.6634336543113,243.20671400945133,223.0941343747866,546.6975879762035
2026-02-10,1318.3985189108216,176.62192074413827,360.17397464207056,241.1559163945661,222.3304792713139,541.4503683551284
2026-02-11,1328.9574754394814,172.818277793539,351.5590878206782,237.80004958839763,223.8090117163489,539.8116302649012
2026-02-12,1307.210334506993,171.73703339186534,349.3432508218487,232.5798261632404,212.62263670625927,524.5704281937485
2026-02-13,1278.3305911443656,171.5147836503834,345.6349885291397,231.63597528901155,207.78900637662443,516.465486269306
2026-02-17,1293.4347308949152,169.60868334583185,341.4518793460517,234.3859177485125,214.36924815438013,516.077914839051
2026-02-18,1314.4825635641005,170.77969128509451,342.9329387158181,238.62735261520123,214.7510757061165,519.2505019098147
2026-02-19,1313.9232024173461,170.68117321035504,342.3902762964603,238.70892721840292,211.68838361573853,520.5098622602382
2026-02-20,1327.3492587276323,170.1542997016698,356.1040064968866,244.82638237881892,214.9378915539219,529.2929061088836
2026-02-23,1339.4465652397269,164.68852846533818,352.1583034855472,239.18667560289063,216.23767982763863,514.4311311371158
2026-02-24,1348.5370385133663,166.628951280607,351.4913068385812,243.02027301355486,221.0794687595075,516.0860098103401
2026-02-25,1367.4870532225027,171.59784018874623,353.7524347994541,245.44395262023295,222.7773272816456,527.7026391272288
2026-02-26,1292.8752629183007,172.07759407468774,347.5117133361932,242.27452680996095,221.73747182674455,530.3827656580469
2026-02-27,1239.031731539767,168.2309922034087,352.4635942800382,244.69820641663907,214.61296311243845,523.2546004826257
2026-03-02,1276.0229593393535,170.71970892410872,346.53942589473615,242.82218612291183,215.05161526664472,527.597651298376
2026-03-03,1259.0307086438577,173.02425223357181,343.21556675584657,243.21835990419785,214.26364578999983,528.8247304828052
2026-03-04,1279.9388078562147,173.5682673097511,342.7068639213008,252.64508051180417,213.26439707681132,539.0366354831343
2026-03-05,1282.0366258162635,175.91562516221978,340.1631079203995,255.11536147746043,211.45281484195039,533.2566285444112
2026-03-06,1243.437074474968,175.17886589105666,337.4949485981264,248.43860110934705,209.1537778550451,520.5744245922266
2026-03-09,1277.2116551911367,175.37162321128366,346.602335766499,248.76486396216987,211.11974021619676,522.616874695706
2026-03-10,1292.036221198169,173.80814425272183,347.3716948242466,249.74365252063834,211.8914918320843,528.0093595637551
2026-03-11,1300.9173079462855,173.43118727077174,349.2497669596904,247.7860576237094,211.8752491353993,528.6470853506748
2026-03-12,1280.7074486986319,172.13755018518734,343.42322806236297,244.1505471036882,207.7727636799394,515.1818903645964
2026-03-13,1260.4974826211187,169.43465574751443,341.98642324818593,241.9832194213697,203.1909696567054,495.428037957271
2026-03-16,1281.2669166752464,171.31941440677872,345.69727655703014,246.72571224203122,205.38439186126652,506.9535988471576
2026-03-17,1272.2457759807214,171.08810824755494,351.7613598136334,250.75739654333842,206.5298248446202,503.0834621772647
2026-03-18,1261.5464450160732,167.82405716620883,348.1070597503003,244.54672088497423,203.0447481326487,497.44393260615567
2026-03-19,1248.6792157032417,166.637522064354,347.4735044849194,243.25331536842944,202.2486324717336,490.18846907125567
2026-03-20,1207.6999224014605,163.57479908698184,340.53828705677756,239.30318789033197,201.46061332323336,479.65266650020146
2026-03-23,1228.2595426106252,164.0588580526615,341.73754751167877,244.8613378430505,204.30392966465288,488.05544413658464
2026-03-24,1225.182522154176,159.6639491507082,328.59118075109933,241.48217924738896,204.42577472571824,479.05477389517375
2026-03-25,1249.5183642532331,158.93576066329203,329.1455200165065,246.6907567777996,205.22190280459714,480.6464723046784
2026-03-26,1197.4901926850123,156.76400543831323,317.8206721458597,241.83173388970482,205.44125371762792,442.3895886329327
2026-03-27,1171.475946656112,152.82317744678977,310.3763373205905,232.27685509991068,202.1186412263981,424.75992579527383
2026-03-30,1155.0423092983508,153.76126482192686,309.4259871490782,234.15287539363788,200.35578708159224,433.3728271681057
2026-03-31,1219.588162877612,158.56309563583696,325.33285704698955,242.68236426598548,206.17238617383907,462.2573135936965
2026-04-01,1229.0288244322026,158.22040866363173,336.45412014317264,245.36239579702323,207.6671613155591,467.9938347415313
2026-04-02,1240.4973303885683,159.97236611316862,334.6213044228905,244.4302085975329,207.90274250731107,464.1398880142165
2026-04-06,1242.2456010468259,159.72393151169396,339.3956143942692,247.94918905012082,210.29111432598398,462.97643332973627
2026-04-07,1245.4624617899635,159.4712049557243,345.5841355191261,249.0911268149927,205.93679256412324,464.61655348823234
2026-04-08,1273.2948452055361,160.34501801538056,359.0020407706753,257.80703890324475,210.32362455528167,494.8099572836016
2026-04-09,1286.0921009600934,159.80530801893946,360.3257045469483,272.2558782653733,211.6152914806559,507.71309472048074
2026-04-10,1319.099322792164,158.86292868930732,358.911527940352,277.76742685911375,211.6071701323134,508.9007355996662
2026-04-13,1323.8545335187366,164.64568767184636,363.51614362831566,279.5269170854077,210.56733951334002,512.6739794119953
2026-04-14,1374.2045148168343,168.38947951389088,376.6398821813143,290.1654686063571,210.26675028095644,535.2644282220068
2026-04-15,1390.7081257328696,176.1469444466867,381.40289532234357,289.5595442596896,216.44078804398444,542.6088377219245
2026-04-16,1387.0717441296658,180.01924554396356,380.1583784522807,290.9578161689291,213.97929925430125,546.8828838433936
2026-04-17,1410.3585170039087,181.102983741827,386.56188482259614,291.95991429688263,219.52781934346226,556.319843421537
2026-04-20,1413.015909770432,179.08115816882645,381.74231843605577,289.3031923353299,221.8186853101697,542.0674618371771
2026-04-21,1397.771181924174,181.68981336101183,375.9384422931909,291.2025221985422,216.2295833152238,540.3950111531058
2026-04-22,1416.0929302268812,185.44218911204646,383.8918945155875,297.5530197138328,221.91621599806282,545.1457721081717
2026-04-23,1396.0927779943308,178.0873803871986,383.405405326041,297.22675686101,222.12739589089577,532.5658905674643
2026-04-24,1456.4427819937737,181.88686263573388,389.6391483191776,307.60893867760774,220.20206510738433,545.3962719819037
2026-04-27,1514.7648347615818,181.97253109747442,396.3594150487426,304.2647355461778,217.39938034360503,548.2968384016059
2026-04-28,1490.7087800657616,183.87012624449451,395.72585978336167,302.6101294925706,219.91774340761347,542.414903928054
2026-04-29,1463.2960243401153,181.8183226162442,395.9068854440082,306.5019919369514,219.47906641747954,540.6212261129706
2026-04-30,1395.6032835759906,174.6734127791173,435.3459511788649,308.8557428351744,220.43768355302782,494.3979035011553
2026-05-01,1387.7710523929688,177.5262368687685,436.3528891427701,312.5844916331358,227.57845979994661,491.8447791723299
2026-05-04,1387.980759408072,177.17497911281626,433.5923514585564,317.00068604099056,224.88944907703484,493.18597770810266
2026-05-05,1374.13454125856,176.21547134093325,439.45278084693234,318.74853037253797,230.86042829557238,488.78260948433245
2026-05-06,1453.3658683671842,177.3206168102995,450.32513365972653,320.4264637756222,233.56565687924152,495.1816349287646
2026-05-07,1479.0303534345733,180.2377020901884,450.2685458673336,315.9753139035359,233.50878260491626,498.35688741690393
2026-05-08,1504.904652346925,177.81751226373495,453.44765357146963,317.73478634983786,238.28552624226208,492.55575457749956
2026-05-11,1534.5551731491691,176.76376524636441,439.69039429997173,313.4350864494325,237.98466381467432,483.8540553183931
2026-05-12,1543.925861145486,174.66912082462227,438.2309267313321,309.74132867568665,239.70847588120975,487.1990060461168
2026-05-13,1579.2408216124284,173.572546139003,455.5067513675599,314.7634652102008,243.017888076892,498.2114740911868
2026-05-14,1648.541992748122,175.38018086978755,453.7531516472515,311.37264293980076,242.48123335216724,499.66580478668243
2026-05-15,1575.674413567499,180.73030558912885,448.89962567589896,307.7837515587497,244.12375742749458,496.27238295038626
2026-05-18,1554.6952724982682,181.42425031728635,449.08065133654543,308.62268270030785,242.1803709245795,493.8323414217027
2026-05-19,1542.7370584638427,178.80273238685893,438.5816466753938,302.19062836180757,243.09920090402778,486.8838944808153
2026-05-20,1562.7372106963933,180.36191939092572,439.9958578288718,308.7974955814497,245.76625666689432,488.8634111184801
2026-05-21,1535.0446675675094,179.90688033774927,438.5816466753938,312.81751620801845,247.9941883929292,490.73784120813
2026-05-22,1505.813774455191,179.68367245352073,433.27559109930684,310.3239434528691,251.10846470504234,493.0647999366717
2026-05-26,1502.527046983639,178.5932928826466,439.96189824405974,309.1237584342726,250.71002191770617,494.74534559203204
2026-05-27,1486.7227443309066,177.15092054220642,439.90531045166676,316.7676614661079,252.7591101287122,513.2637770457341
2026-05-28,1498.2612238455465,183.29819377623284,441.3761093975378,319.27289789599575,254.10889312479435,513.2879632404392
2026-05-29,1476.5129077845984,193.27895676367731,430.30010271651634,315.35774366212183,253.74298540268353,511.04185550562624
2026-06-01,1568.961011507846,197.6919522506281,425.8086280664568,304.4278847525812,249.06752267830643,485.1548283573014
2026-06-02,1558.1917069849235,189.44548013550238,409.38134394106856,298.90467248410226,256.296193273189,482.8602495139161
2026-06-03,1501.7577651620616,183.44845155928874,406.14564844453963,291.3306981607221,252.27935451424028,503.34200766270476
2026-06-04,1530.8827898831587,183.7532328294093,421.0795745102397,295.7236007790837,253.06809390464244,507.0505410643024
2026-06-05,1435.9465118915657,178.8680304713019,416.93878525736005,286.6814258380088,249.905039830619,479.11943494632425
2026-06-08,1460.730718912878,176.75167689746553,411.2786241427947,285.7375927437719,245.1889455286017,472.9708600160431
2026-06-09,1457.5801995127756,173.1757831652088,412.35406857331486,284.5374077251754,236.25270556386872,472.3244963024429
2026-06-10,1403.1808323728662,170.57862568598264,403.43364912925875,277.32463393885763,237.09022271618122,461.3281688403701
2026-06-11,1434.3361585825173,167.5650961197647,405.0071559547294,281.4145832738815,240.3833673792508,459.26785056855755
2026-06-12,1436.576594405614,167.7368005500527,407.16934164611916,277.9655137497568,236.7243398299981,458.0963009127882
2026-06-15,1487.4052803061957,171.6089178939261,418.1161084423165,286.66977994326226,241.02574864799416,479.9516374825059
2026-06-16,1452.1192707313025,169.06327699388356,422.53102720230106,286.6464703737772,243.31875050447977,485.3942716848825
2026-06-17,1432.7958856616033,162.65842086393894,411.8220120466704,276.74201916167516,240.6435733932707,459.00614606993156
2026-06-18,1475.0832037687437,162.86876600992542,416.6218176168196,284.77045008004995,242.31860769789577,466.8020476575393
2026-06-22,1460.8006924711524,157.69165824518257,395.84901941698854,271.25378013741977,241.50550426246608,455.9896339943877
2026-06-23,1400.5203415404037,160.5248994721224,391.83031884439987,272.79189168357766,239.3019117455311,454.65529644037827
2026-06-24,1393.2391387750595,156.88461329719692,390.8794159227787,272.97833267947414,238.3098902872896,450.99182833626185
2026-06-25,1370.4152596840268,151.46279850002097,389.0907856643223,264.51875473558977,223.7306295286762,439.0229690491364
2026-06-26,1347.9413552142253,160.10850113464446,381.9363682711419,271.13726784997846,230.74787187144926,444.9912334299115
2026-06-29,1365.0243044608278,158.21967365001788,400.34318872382875,279.81822447399895,229.08910509943686,454.978749774874
2026-06-30,1400.8704229914952,160.12996090711968,404.5543499749406,277.7208077201436,235.28509782251007,455.53675983842885
2026-07-01,1383.2974451772527,164.9636598112866,408.9013495653009,281.63597973400954,239.36698187598176,495.6648158674764
2026-07-02,1364.044140495688,167.62947543719037,407.4297214942667,282.7662538241429,250.95396039911338,471.39554898744063
2026-07-06,1369.0850142677955,166.01967749571412,414.8445187355945,284.5024522609438,254.23086236549796,485.4589327360331
2026-07-07,1378.7465999727851,166.92117169307693,415.4897853939065,286.6231608042922,252.60460582278324,497.82410009925593
2026-07-08,1429.0852573057268,164.56013733729375,409.70511731732404,283.8732183447912,254.82444103640324,487.74758842969464
2026-07-09,1419.7036726636943,164.99799544724692,406.27506106377274,287.8583012871203,257.12556424123136,510.68251775572105
2026-07-10,1476.9735581407492,165.31566570609576,404.33926108883657,285.8774146006983,256.3937736329374,541.1950806020363
2026-07-13,1424.9545739404848,167.84412566291502,399.0526899540863,288.17291824519657,258.01185915545426,531.1023789898969
2026-07-14,1482.854541931588,165.2426893544369,406.9769155144778,288.3826688105781,256.01971972655645,534.5879058043967
2026-07-15,1487.7553617572871,169.83598630590885,419.8934073235416,297.0869350040836,266.29759650310143,550.9804201030962
2026-07-16,1452.0491903431682,172.18414479820694,401.2601320606377,291.1792126290572,270.981180575821,537.4183816190349
2026-07-17,1419.913700168377,169.05898503938852,392.55480150268573,288.07969774724836,271.37145234295934,522.4330596159467
2026-07-20,1423.204273514888,172.69499238506208,398.4640110881672,291.2957426964905,265.5576348746096,522.3036387944836
2026-07-21,1451.2790538827112,170.74605128701867,392.98497927489376,288.45257973904125,266.4927323866705,520.6538935176864
2026-07-22,1484.6748159154592,167.5650961197647,387.2568989907042,285.30646349825435,264.98846992058714,507.19699094122115
2026-07-23,1461.5708289316092,163.80459584324862,359.6353196610018,272.26754194011187,261.54896713585873,490.15752061394926
2026-07-24,1448.128534482609,163.85612554767536,361.95597189922086,270.4614325748478,270.7860198563242,481.3345448642497
2026-07-27,1375.8061080773655,167.03278876043433,369.6764399507396,269.62246587330566,273.9490739303476,480.2670452052935
2026-07-28,1379.3067089285594,168.85722380239213,377.77046343519163,269.00489563189154,276.52664584588064,479.8950220430634
2026-07-29,1330.2982970118487,167.6509483349087,381.1665601039308,264.0992713848187,274.98987315049953,473.58711438521436
2026-07-30,1365.5143330284677,193.64814360170976,377.7138756427987,274.4115600529453,271.1193925132096,435.9175603681559
2026-07-31,1405.491241754237,199.49492752011068,403.15064107353055,316.4530267280397,251.18165618383554,450.21550084580724
2026-08-03,1446.7283155081034,209.3383085879844,422.82536663526065,330.9484852291383,246.71762171156794,477.3314334830594
2026-08-04,1483.8347058967279,211.55340336569296,427.51196207374227,323.25799861831683,251.5638066026314,475.47141639107053
2026-08-05,1534.8034457437182,209.2567483273354,410.28243025913014,317.6998308856063,252.8810793694158,476.14265733351033
2026-08-06,1533.1931992645298,214.57980879539602,404.9845277471486,317.2454098505956,254.0275802976586,477.05650061671713
2026-08-07,1567.9891802717832,214.6356173290747,401.0790027593458,319.8322208836851,254.77563843856524,478.8356173553963
2026-08-10,1523.1114517203146,217.241358717291,404.7241478990012,324.03868250615034,250.8692947217445,481.1161780777689
2026-08-11,1522.7613702692233,216.27547207725937,389.1926644187587,317.2570379653502,248.14298043549798,484.51275892725096
2026-08-12,1568.8992638487887,211.39026971915195,388.8983595326809,311.442553868264,245.97820647348456,468.1202446285516
2026-08-13,1577.3707649138157,213.30057010149685,392.0906641456655,308.9373174383761,248.4278236897496,481.1566035746332
2026-08-14,1576.390600948676,212.66522958379917,391.56993899625246,306.0475353419568,248.9730716454423,477.01602576027176
2026-08-17,1575.3403565954018,206.204578045419,389.41908468209397,304.4861320063058,248.69637457546085,460.13021180874915
2026-08-18,1538.4441005413203,206.75405322272954,389.6455049454293,302.31882210397936,252.30975368968748,439.66992507770897
2026-08-19,1523.181425278589,207.9045201565343,390.2341492644667,309.7646204651797,257.8437447611715,441.5785119974323
2026-08-20,1518.2106318946155,206.9368222329543,385.6494325804215,303.0878423170743,253.34330081896474,441.41676065039394
2026-08-21,1503.2980380829756,207.8357045069394,390.3473593961343,301.36332533500394,251.7563595497246,444.70820559228014
2026-08-24,1459.6105010013296,209.58616567876246,394.0151327433705,305.3717178468181,252.56203704278607,452.0836129090853
2026-08-25,1491.6060440595722,211.4785501042702,392.76989038878975,304.19482461771463,252.20395263788595,461.00362959509164
