Date,nvda,msft,googl,amzn,aapl,meta
2023-01-03,100.0,100.0,100.0,100.0,100.0,100.0
2023-01-04,103.03178816853567,95.62566491661238,98.83304262169897,99.207643547432,101.03141744848097,102.10837260053573
2023-01-05,99.65070995015756,92.7915508610061,96.72350717926518,96.85388375921303,99.96002036546068,101.76366963916163
2023-01-06,103.80021959385164,93.88512642857607,98.00266717805872,100.30296217333377,103.63797289158497,104.23280589902457
2023-01-09,109.17221433247599,94.79922085931885,98.76570203640453,101.79445458052155,104.0617234891995,103.79188694553004
2023-01-10,111.13519032246981,95.52132579655623,99.21454708746352,104.71918325117645,104.52545372135332,106.61374107870219
2023-01-11,111.77784925562551,98.4096996071549,102.69300116817594,110.80167405736483,106.73222523702788,106.53357960971826
2023-01-12,115.34055428931924,99.55338079027483,102.25537378648455,111.01141573275038,106.66826030535772,109.59595519874172
2023-01-13,118.05102635995183,99.85389635638657,103.36623417567546,114.33232707468726,107.74765455708229,109.81239486988828
2023-01-17,123.66050892138458,100.32139782789041,102.43490834999925,111.92030225275164,108.69112177676226,108.51369509484303
2023-01-18,121.39017372993915,98.4264014790049,102.24417340166143,111.23281219287841,108.10746505895428,106.63782286340695
2023-01-19,117.1149250157717,96.80689742025315,104.40977990638865,109.15870500850818,108.15542323525212,109.1470089836789
2023-01-20,124.61755897891666,100.26712494765488,109.98652583335056,113.31857416199121,110.23425246962255,111.72837870989926
2023-01-23,134.0761370091307,101.25218100524005,111.97262370137977,113.63318223007151,112.82481357531806,114.85491064330289
2023-01-24,134.57913339704842,101.0268008932778,109.62745670632114,112.23491032083194,113.96018800797233,114.7506673896142
2023-01-25,134.98429782305837,100.4299042126321,106.84469689866012,113.23700844878547,113.42448946646218,113.43596248996515
2023-01-26,138.3303969039219,103.51447415715103,109.42548680407131,115.61407780648952,115.10354719136704,118.08559938296293
2023-01-27,142.26336743815952,103.58126851930784,111.50134331158563,119.13306714907341,116.6786665590443,121.64501065865967
2023-01-30,133.85960458401163,101.30642763498936,108.77468049303471,117.1638352473939,114.33598042928901,117.89321679725478
2023-01-31,136.47923650963688,103.43516487569444,110.90663398965917,120.17012074125853,115.36737925082423,119.42442311621629
2023-02-01,146.30110827650645,105.49712087948579,112.6907533131663,122.52388941947348,116.27887021365106,122.75132784799676
2023-02-02,151.65214761744147,110.44326374132561,120.89316846528195,131.56607325054435,120.58851214166413,151.33077485982702
2023-02-03,147.3978342479512,107.83454948554625,117.57180496707684,120.47308291459228,123.53083690867209,149.53501469884216
2023-02-06,147.32104458011867,107.17505195791549,115.46228680918753,119.06315622061024,121.31606822429326,149.15825208972774
2023-02-07,154.89347639419572,111.6787691252019,120.78096584478945,118.9815905074045,123.65076960330813,153.61551874665057
2023-02-08,155.11701400489,111.33232833346884,111.50134331158563,116.58122047021145,121.46796475781866,147.04986096474224
2023-02-09,156.03913171526915,110.0342352278506,106.6090653460353,114.47214893161362,120.62843589536622,142.6326688674948
2023-02-10,148.55049475459992,109.81717652001635,106.11533233296151,113.73805751276225,120.92472851226583,139.61038018777987
2023-02-13,152.20399314293934,113.24816756840367,106.16022029497631,115.98695090828643,123.19895440744581,143.84317991198787
2023-02-14,160.46803997715026,113.60295601475094,106.23877854963833,116.17338301418691,122.67841819976779,143.8832791709296
2023-02-15,159.02204400887518,112.69492544632224,108.77468049303471,117.87462598675621,124.38407520318893,142.02341206409733
2023-02-16,153.69890509216833,109.69470487661188,107.17010437531454,114.36728253891886,123.0868326120566,138.23953385568578
2023-02-17,149.4097128502242,107.98327161515896,105.86846582642463,113.26030912827456,122.15793166394506,138.59225172899497
2023-02-21,144.28920293688395,105.72786265325608,102.99593873700623,110.20741338543583,118.89881222176,137.95094762749036
2023-02-22,144.9808045883431,105.24247803802291,102.83884815449893,111.61734007941789,119.24310026884892,137.1813184875923
2023-02-23,165.30911785061656,106.60661736694104,101.98608058348472,111.65229554364949,119.6354955078016,137.9188509308505
2023-02-24,162.6685639489889,104.28424997734255,100.01121766936758,108.94896333312265,117.48141341264274,136.59610642000004
2023-02-27,164.1704543464436,104.67759382530812,100.8415671861911,109.25192550645639,118.45037471205846,135.9146907099205
2023-02-28,162.17952445752258,104.36794308999593,101.05475475780854,109.79958481940729,118.04194788180583,140.24370642624893
2023-03-01,158.56094504766133,103.04984055126548,101.39137126155828,107.39920589221823,116.36033205635272,139.0251681201876
2023-03-02,162.86413429208122,105.07509837533773,103.23159621644777,107.35259564324411,116.84082033069039,139.9150209391118
2023-03-03,166.88787812795238,106.82418139663481,105.08302155616039,110.58028648723277,120.94074768560199,148.50889602738852
2023-03-06,164.54069979397534,107.48532614227516,106.74369466299069,109.24027072171387,123.18291039818202,148.22828766222864
2023-03-07,162.71011379014897,106.3471641238805,105.3186703933297,109.00722836683929,121.39719478197159,147.91568139749438
2023-03-08,168.9494079882912,106.15888251155201,105.75627184820438,109.43835761235687,122.41415151157665,148.2844290946737
2023-03-09,163.7442075203341,105.58142431594351,103.59065670120494,107.49242639016646,120.58843763388116,145.65494519757652
2023-03-10,160.4533879096112,104.02062946959644,101.69433475720531,105.72128137912998,118.91478172324084,143.90731155710165
2023-03-13,160.46035298916215,106.25092984144115,102.23293844774939,107.702168065552,120.49232259386429,145.02161895910746
2023-03-14,168.12494844704796,109.12564027396844,105.44209068318978,110.5569769177477,122.18997001061736,155.53952984822982
2023-03-15,169.27778274646857,111.0713985005591,107.84336330963076,112.0950795739096,122.51027896955735,158.5297588802044
2023-03-16,178.45154116087957,115.5738293940213,112.5673070964895,116.56956568546892,124.80048678418201,164.28568826327293
2023-03-17,179.73713976936094,116.92540130266724,114.02602758561446,115.2994608484132,124.11982093296163,156.81417253783664
2023-03-20,180.95982539441266,113.91261987530625,113.57718253455549,113.85457869019955,126.04166226863782,158.57782365254852
2023-03-21,183.04892146211057,114.56119063805286,117.72887826503965,117.23374617585709,127.5471168592486,162.06508837119637
2023-03-22,184.92839670954135,113.9377022148782,115.98968147263629,115.00815345982198,126.38601240554586,160.18116417892568
2023-03-23,189.97992426111,116.18478321003151,118.49192176565771,115.0198082445645,127.26683099772131,163.76463254006083
2023-03-24,187.10131436799657,117.4023988875569,118.31239584441524,114.34397296943379,128.32389775048586,165.15150869602508
2023-03-27,185.3685335887285,115.64914203895272,114.968562438386,114.23910657673902,126.7463568798624,162.6102011798469
2023-03-28,184.52315207148285,115.16791812578353,113.3639863206658,113.30691937724866,126.24183984552053,160.8786344121417
2023-03-29,188.53360744464064,117.37734279847115,113.76794340971,116.81426282508605,128.74028449555126,164.62242571124472
2023-03-30,191.321363824072,118.85859210898573,113.20689573815852,118.8534145452247,130.01353558057085,166.61855867060643
2023-03-31,194.07420122502515,120.63697067289118,116.39362127713598,120.356561737155,132.0474614577448,169.90538884271155
2023-04-03,195.38774036375898,120.18925550536682,117.10053321955493,119.33116292971239,133.0644678592051,170.8112591358727
2023-04-04,191.8104300528878,120.16828136688645,117.50449030859913,121.12560862023795,132.63204952283974,172.13404069562273
2023-04-05,187.81395831353097,118.97992185624014,117.22394486714278,117.80470616829706,131.13460451889705,169.53661644626584
2023-04-06,188.90390636687147,122.0178118736593,121.65618603908331,118.92332547368787,131.85529346753015,173.2403331856935
2023-04-10,192.6907840233107,121.09309912124529,119.4344652607015,119.0515014358677,129.7492564744159,172.15806073216157
2023-04-11,189.82617113267298,118.34809890369438,118.21139360874584,116.42973493854656,128.76428841962783,171.43661986093943
2023-04-12,185.11702871043224,118.62428026909112,117.41471438456954,113.99440943712192,128.2037787863924,171.55681884069918
2023-04-13,184.8934376250389,121.28136760833068,120.54531700762014,119.31950814496987,132.57599483412704,176.64741173609107
2023-04-14,186.95455305646004,119.73316643274201,122.16111943698016,119.4476841071497,132.29572139056359,177.56130929082045
2023-04-17,188.6593531994514,120.84618704797072,118.90707923952499,119.71568192625588,132.31174056389975,175.45293051546813
2023-04-18,193.30563611296157,120.66627934074265,117.25762380206224,119.20298696753258,133.3046809514644,174.67531116290135
2023-04-19,195.15015227588987,120.69974871065816,116.89856331730508,121.53344607626249,134.23358189957594,172.91967496012458
2023-04-20,189.3720372510101,119.72060557509138,118.1440530234514,120.96247719382653,133.44882867556208,170.8112591358727
2023-04-21,189.47682092379415,119.5741409872926,118.27871690949578,124.63295206807533,132.14358891572547,170.666966021775
2023-04-24,188.9388387140244,117.90453131299093,118.90707923952499,123.7590299023016,132.391799176689,170.58681690242426
2023-04-25,183.34235050446026,115.24744397375134,116.52827652090811,119.51759503561289,131.14262652352892,166.3860521266902
2023-04-26,188.33794352082498,123.59538734331494,116.37118593840081,122.32580252883048,131.13460451889705,167.86916897404126
2023-04-27,190.224423953831,127.55382941108412,120.72486885567932,127.96550930475877,134.85818064411978,191.24578962412224
2023-04-28,193.87855066988425,128.57066824484588,120.44434069876746,122.87345295178538,135.8751746276163,192.65673521515808
2023-05-01,201.99028819253243,127.85931944433233,120.28724147398793,118.91167957894133,135.80311318353128,194.94949401391668
2023-05-02,197.09949221762653,127.79654140656535,118.17773195837087,120.75273551844101,134.9622804348771,191.79092713203914
2023-05-03,194.2488362234403,127.37392170385607,118.27871690949578,120.77604508792605,134.08943417547826,190.019248755759
2023-05-04,192.57201671672567,127.79654140656535,117.4708200159519,121.1838736539546,132.76015323767362,187.2053848352556
2023-05-05,200.3833333801237,129.98917889332282,118.45825147301048,123.11815898139848,138.99018359959518,186.61213315646188
2023-05-08,203.67409951614755,129.15231339300465,120.92682147338469,123.31624587204149,138.93410407495483,187.00497498797915
2023-05-09,199.6217333476111,128.4618599795128,120.45555836813504,124.23677828678932,137.54879328436516,187.08511175769672
2023-05-10,201.81563982544253,130.68379300887864,125.39269836888347,128.39664744027235,138.9821615949633,186.8526669619464
2023-05-11,199.67066269723978,129.76321470804243,130.80117061305944,130.7154517642597,139.1343064877652,189.02516503277934
2023-05-12,198.00777334962706,129.28619087266657,131.85591672859576,128.47821315347804,138.38056091942605,187.43786667990548
2023-05-15,202.2907224204574,129.49122029519592,130.73383867003727,129.5735228893838,137.97962212136076,191.48629873034037
2023-05-16,204.10732479048278,130.4452810911907,134.1000728457127,132.1370332429843,137.97962212136076,191.4542267329669
2023-05-17,210.8496421138923,131.6782008021755,135.59245498521264,134.5840135291515,138.47677530315354,194.39634159406472
2023-05-18,221.32996121881138,133.57368278505584,137.82539343296202,137.6718736262178,140.36919848252484,197.89163357428086
2023-05-19,218.43740779792125,133.4981995119641,137.74686110511675,135.45793569492523,140.4574281155119,196.92158223747322
2023-05-22,217.82252897092084,134.6891709459881,140.3164246988881,134.01305353671157,139.6876137019813,199.07008497103362
2023-05-23,214.41294205361294,132.2065968390608,137.522429937315,133.9897439672265,137.57063648273592,197.8034201444623
2023-05-24,213.36490479565114,131.6152915119775,135.65977828596257,136.04055047210767,137.79520294057383,199.78353562958708
2023-05-25,265.36118883881426,136.67693651313348,138.55475799866062,134.00139875196902,138.71733609839993,202.57335481428532
2023-05-26,272.11047124177475,139.59986252620374,139.82270897035883,139.95572248597358,140.6739228968626,210.06896467405954
2023-05-30,280.2501760320249,138.8953388521043,138.7679369280058,141.76183185123764,142.17344170076433,210.45370514620947
2023-05-31,264.3410520050806,137.7127413231807,137.87028139497681,140.50338179892447,142.13333167760482,212.21738096018768
2023-06-01,277.8676375533026,139.46981761752818,138.8240512016604,143.05522847778644,144.4106620637414,218.5425666847774
2023-06-02,274.7724952350701,140.65242827169487,139.89002362883653,144.7797721298448,145.10031852077213,218.5425666847774
2023-06-05,273.68254718172966,140.87890434145635,141.39360615315957,146.00326671792638,144.0017385149357,217.56457453383376
2023-06-06,270.07033126105506,139.93114366215153,142.8523266422845,147.52971458934573,143.70503610522982,217.34811016342084
2023-06-07,261.8599061813143,135.61175740901925,137.45510663656506,141.2607827872609,142.59044934402107,211.31953792859477
2023-06-08,269.0920918540253,136.40017763704017,137.05116683206535,144.7797721298448,144.79559410643438,212.1051474938303
2023-06-09,270.9087878047741,137.04177889569849,137.15214314091804,143.8242842508654,145.10832810744023,212.40176098359393
2023-06-12,275.8839935921268,139.16369757261097,138.73428391990308,147.48310434037165,147.37764890690875,217.29191933244306
2023-06-13,286.6448944429494,140.18696777549377,138.94748013379274,147.58797962306238,146.99274170014343,217.50848249992143
2023-06-14,300.4454041370434,141.46598334026018,138.7679369280058,147.3083181292177,147.50595130916383,219.13579366430474
2023-06-15,298.0416896774981,145.9782844165367,140.3612953763584,148.11232936652823,149.15782611125255,225.93392094122976
2023-06-16,298.3141432691463,143.55855397359187,138.61084634549852,146.22465428805845,148.2837753093625,225.26857210391995
2023-06-20,306.1123051565786,141.7637426053201,138.12836557088127,146.5625719256238,148.35593609715815,227.9381182110593
2023-06-21,300.78077071212124,139.88082148009036,135.26704750855822,145.4556074049755,147.51398573175956,225.78164996409652
2023-06-22,300.64101458616,142.45986612383285,138.1844625599914,151.6546193886012,149.9516817027512,228.37902481492068
2023-06-23,294.93914111344753,140.49306156992475,137.27557207305037,150.69914039961776,149.69507689824098,231.46546983901573
2023-06-26,283.9197703047777,137.80081170440928,132.78723391199972,148.36868129088788,148.56442129184077,223.240317748652
2023-06-27,292.61224305908434,140.30435994981693,132.77603352717662,150.52434529846784,150.80169132667316,230.11861884419412
2023-06-28,287.308729356928,140.84114301704582,134.85187275014647,150.36121387205642,151.75593733895454,228.70769795242464
2023-06-29,285.2473599206863,140.5056618033047,133.6400187675584,149.03286178127607,152.02854889883704,225.69339948537842
2023-06-30,295.58901913097463,142.80794757095393,134.31327770187463,151.89932541821432,155.54079611566092,230.06247741174906
2023-07-03,296.3645359539144,141.73855526380328,134.5377002274041,151.7361939918029,154.32995771683318,229.29287297111736
2023-07-05,295.6938295411082,141.8056777570377,136.61353945037396,151.92263498769935,153.42381889641555,235.98681874251957
2023-07-06,294.19848979428684,143.11406761587114,134.77333178002894,149.5688663094844,153.80872610318085,234.07884981444366
2023-07-07,296.9934518894148,141.41564803295591,134.06641983761,151.2234901430836,152.90258728276325,232.90847507779188
2023-07-10,294.73652547875565,139.15531054226744,130.66650672701508,148.1356300460173,151.24269047604264,235.77037907137304
2023-07-11,296.30865489340954,139.42372176374653,131.44074197018398,150.05826058871864,150.81769808204547,239.12938049979337
2023-07-12,306.7691348849819,141.4072872530986,133.44927517694836,152.41202926693362,152.17288289239212,247.98779708046027
2023-07-13,321.2683984715327,143.69697278736783,139.74415935796904,156.4903327072109,152.79031647180813,251.25064426492605
2023-07-14,317.71872121139444,144.7788865764398,140.7315821727554,156.93310784747504,152.91062170535895,247.61100977207948
2023-07-17,324.65035233810767,144.984401632964,139.8675969323736,155.62805643618373,155.55681528899706,249.0139281015471
2023-07-18,331.86852763966823,150.75474413552655,138.8689391636752,154.77744383989508,155.3483549302421,250.1602951512932
2023-07-19,328.95471802590663,148.90537113167093,136.9277292576608,157.72547319003905,156.4469101001509,253.3349412555736
2023-07-20,318.07507660584855,145.46244923730197,133.75223867259538,151.43324070846512,154.86720850382164,242.52044157595395
2023-07-21,309.6130530670882,144.16243328356896,134.672346828904,151.47984206744326,153.91298732746793,235.89866706086698
2023-07-24,311.73030356383464,144.72439056707154,136.36669022838154,150.0815701582037,154.56249650744766,233.77423376237815
2023-07-25,319.1861471653129,147.18601678600464,137.12970780218288,150.46609804474318,155.26011287929117,236.0670419596694
2023-07-26,317.59987369276087,141.64628480478137,145.05162072420342,149.3241602798713,155.96577609169424,239.3538474325082
2023-07-27,320.7303627870639,138.6898369208232,145.19746771052638,149.44069034730458,154.93938170958108,249.88773874696793
2023-07-28,326.6697708729464,141.8979088403303,148.76568907299617,154.05500720578624,157.0322804969669,260.92673005856875
2023-07-31,326.5230897734584,140.87050418586972,148.92278829777572,155.7678782931101,157.5294336787597,255.41123568391927
2023-08-01,324.9718154914332,141.0466318230838,147.60995800633495,153.4490828591187,156.85589573877573,258.7060931175927
2023-08-02,309.33356755251515,137.33951191027217,144.05297159777723,149.39408898832647,154.4261969364883,251.97208513614822
2023-08-03,311.0525652281037,136.9872697610871,144.13150392562252,150.20974612038353,153.29550407619664,251.0741927060226
2023-08-04,312.2055332142719,137.45691720983842,143.74999081758574,162.63109743711195,145.9342717174665,249.1021538809988
2023-08-07,317.35533389401553,138.43402593272407,147.58748809851085,165.71894864418226,143.41636811811966,253.77582316016864
2023-08-08,312.09366414386403,136.73143252250176,147.44162382764335,163.06222668262956,144.17813569109072,250.6333108014276
2023-08-09,297.349860758568,135.12949660164486,145.48923082135033,160.6269011812049,142.88711449983546,244.6768851236504
2023-08-10,296.1899677988731,135.42302953842523,145.52290111399753,161.4542042080085,142.71071732368043,245.1017619036416
2023-08-11,285.47794282298014,134.61788775068968,145.3770022740411,161.27942688685053,142.75886176943567,241.8150058293356
2023-08-14,305.7279290198235,135.88854253559876,147.3631001420703,163.79632699147692,144.09984042916483,245.46256878668498
2023-08-15,307.03466350310345,134.97431685242495,145.6238774228502,160.41715061582335,142.48586525267453,242.06350514822245
2023-08-16,303.8623304567956,134.64655328162905,144.41203208253438,157.38756444246968,141.77927069298445,235.92267474777265
2023-08-17,302.8700806786153,133.1672858828232,145.7809593630853,156.117450715418,139.71566588226528,228.5473503151904
2023-08-18,302.5555959735156,132.99919089438885,143.02062625188714,155.23188265489773,140.10912906610704,227.07231012794034
2023-08-21,328.18607270179444,135.2685060513605,144.0417366438652,156.93310784747504,141.19311796444737,232.40337508065082
2023-08-22,319.1091970733832,135.5122418158039,144.8384158680415,156.43206767349426,142.3092321352068,230.55950074878916
2023-08-23,329.22733204165195,137.42017965439004,148.5300488780991,157.9119141859355,145.4327598303706,235.88263723699683
2023-08-24,329.5556666938051,134.46581868408543,145.6238774228502,153.62386018027667,141.62671600737627,229.87814678687553
2023-08-25,321.5549159090304,135.73075086300116,145.7360714010705,155.27848401387584,143.4173243013343,228.8760234526944
2023-08-28,327.2637410926191,136.03335334276645,147.00399644595197,155.1386621569495,144.68600557566575,232.69196130884623
2023-08-29,340.8825170219993,138.0127318795683,150.99864480529004,157.20112344657323,147.8416212893572,238.88883434467564
2023-08-30,344.236583833021,138.1724004619298,152.46855703696585,157.38756444246968,150.67609604053223,236.57206785901138
2023-08-31,344.8724514793976,137.73952994435618,152.79400772498147,160.81332439710937,150.8527415759638,237.20540644711363
2023-09-01,338.9609304490685,138.1177469496443,152.2217164572457,160.9415003592892,152.12948210881862,237.59819888009824
2023-09-05,339.23349099011483,140.172753137212,152.345145389378,159.95106590607418,152.32214681758632,240.62047521017993
2023-09-06,328.8699873652655,139.89121667262881,150.87519858861324,157.72547319003905,146.8700646355017,239.83486564494444
2023-09-07,323.1397188273587,138.64307167964327,151.7728714061867,160.6269011812049,142.57420664733604,239.4339965518589
2023-09-08,318.46461305106175,140.4753293664911,153.0295960662451,161.069676321469,143.07203039917545,238.80870992459128
2023-09-11,315.71130774649197,142.017637307926,153.6355230575391,166.74435634162086,144.01955829302668,246.56084636482066
2023-09-12,313.5588976351215,139.42474553270867,151.8626473302163,164.56536498456384,141.56247788050194,241.8310109539394
2023-09-13,317.8566591975881,141.2275895497602,153.399917431731,168.78350806175953,139.88430183102875,244.55667379425745
2023-09-14,318.5275260344914,142.33704009886458,154.9596055874364,168.63202253009464,141.11279857441775,249.8958154070689
2023-09-15,306.780418046481,138.7733659679378,154.17414403262768,163.58657642609538,140.52662100995298,240.74876319967387
2023-09-18,307.2416373257677,138.28586818856485,155.08303451956874,163.10882804160767,142.90344412226727,242.54444926285967
2023-09-19,304.12491796646947,138.1135731223372,154.8922477175975,160.37054925684524,143.78667179942505,244.56465165729298
2023-09-20,295.17311965913086,134.8020349114404,150.06731897961382,157.64389858683734,140.91207460712667,240.23568533949725
2023-09-21,286.6335578067513,134.2809233844778,146.36445101564414,150.69914039961776,139.65943734205902,237.0771431568861
2023-09-22,290.7775796094556,133.2219000193794,146.15124615948224,150.45443437000466,140.34997547452144,239.76264499009653
2023-09-25,295.0542988778468,133.44464852009932,147.11625956235014,152.9596885798845,141.38581992710655,241.1656374173632
2023-09-26,292.8809801591487,131.17533336312763,144.2661850962114,146.7956231704944,138.07759985595163,239.66649074614196
2023-09-27,296.77335002813436,131.4484696721242,146.4766622784089,146.7956231704944,136.84905344070734,238.6884491966656
2023-09-28,301.1130090173048,131.8056994136888,148.46277743098258,146.7956231704944,137.05783666652178,243.6748605865347
2023-09-29,303.9781833922825,132.69240146207332,146.8357141208938,148.12398415127075,137.4753907001869,240.66861408032315
2023-10-02,312.9439920707716,135.2348923037709,150.54981703877556,150.85062593128265,139.5148922431189,245.96761938529332
2023-10-03,304.10395588444277,131.7006449678835,148.597406747938,145.32743144279567,138.4308785088509,241.25378909901585
2023-10-04,307.7657428511346,134.04138769782776,151.75045335199604,147.9841534043484,139.44264452957648,244.97354801194678
2023-10-05,312.28713560501876,134.20948268626213,151.5596665500248,146.77231360100933,140.44635129177868,244.3402341231109
2023-10-06,319.7924165657666,137.52943417798866,154.37611393487754,149.10277270973924,142.51800294305744,252.8699528670075
2023-10-09,316.3751961351696,138.60525785426032,155.3186919990103,149.45233624205113,143.72245850847835,255.21877900041204
2023-10-10,320.04393481273763,138.00431859873854,154.91471762542162,150.87391772077572,143.24067876590277,258.00863523400983
2023-10-11,327.0880499688978,139.69789496694833,157.70869510245024,153.61221428553014,144.37282452796214,262.802614639638
2023-10-12,328.05944461444943,139.16840953488537,155.9358193751274,154.1948290627126,145.10354719136703,259.8685146904753
2023-10-13,317.6889625413744,137.72694283621934,154.1292387860684,151.23513603783013,143.6100262639935,252.27672588748015
2023-10-16,322.1194483068774,139.7903491793737,156.08170093053937,154.45118098707226,143.50561602414052,257.45547046452464
2023-10-17,307.0460001393016,139.54660028968723,156.77736927677404,153.19273093475908,142.24498159036864,259.74022670098134
2023-10-18,294.8725918504826,138.7270994859958,154.80252364720135,149.30086849037824,141.19311796444737,254.10452099693893
2023-10-19,294.208756936504,139.23562390482152,154.5668834523043,149.61546766846254,140.88798375730332,250.76955195469068
2023-10-20,289.21916645510737,137.281498335752,152.1544104410402,145.8517811862615,138.8163321060246,247.43465701024147
2023-10-23,300.31636968824114,138.3951358374066,153.16429452137842,147.4714495556291,138.91268308735417,251.73161307882964
2023-10-24,305.12422640492406,138.9036340057461,155.75628481161272,149.80190866435902,139.2659865761811,250.56116424437874
2023-10-25,291.95854160057524,143.16491480765646,140.94478702891732,141.44721489316137,137.3870617234892,240.12345187313989
2023-10-26,281.80471227069216,137.79418345664172,137.2082487723004,139.326497459817,134.0065691028642,231.16082908768382
2023-10-27,283.0206734523386,138.601057776467,137.08481119789585,148.84642078537956,135.0745015739769,237.87875784672536
2023-10-30,287.63984469343154,141.75288802927298,139.6543920762117,154.63762198296874,136.7366460321501,242.63267504231138
2023-10-31,284.97736616519427,142.0890780061417,139.22799100616012,155.08039712323284,137.1220623754323,241.5183429410392
2023-11-01,295.77412180172837,145.43425621511435,141.8873305239611,159.63644894799788,139.69155019651427,249.99997221332535
2023-11-02,304.0270860045616,146.37978560309145,143.05431382907884,160.88325310556453,142.58222865196794,249.21431324955714
2023-11-03,314.50235175042076,148.2624704739453,144.86089441813786,161.5008233469786,141.84348398393115,252.2045546311649
2023-11-06,319.7154932111864,149.8299920073832,146.15124615948224,162.82918432775494,143.9151480531737,253.1665663567711
2023-11-07,321.1411019504495,151.51099439269927,146.95914305302614,166.2899175266182,145.9948341270482,255.58763784429001
2023-11-08,325.466777305819,152.6330320499405,147.93535684071713,165.55581721777085,146.85399579031028,256.3572422849217
2023-11-09,328.0943368555781,151.57823501312166,146.14002849011467,163.83128245570848,146.46856702906425,256.9744769513547
2023-11-10,337.77296327237354,155.35204428614526,148.7769585959972,167.28035197983323,149.8695865438944,263.56419181870143
2023-11-13,339.7645749637074,154.09548601232999,148.2158677130845,166.15007788969987,148.5831475812911,263.90091691704004
2023-11-14,347.00430056898415,155.60418020617527,149.93265509356945,169.89047258240782,150.7057749740775,269.60874447886493
2023-11-15,341.6373926111067,155.66735200123534,151.0547504366724,166.86086862906217,151.16404751112958,266.72273400131263
2023-11-16,345.77438249088624,158.40449019816688,153.64677529599567,166.4297393835446,152.53090520747313,267.90923735890004
2023-11-17,344.5025669860844,155.7431371549185,151.8289597530246,169.168018168307,152.51479910839018,268.59064071934637
2023-11-20,352.26642485407757,158.93925197795772,152.88374907992207,170.27500046894727,153.92987575827192,272.542869127294
2023-11-21,349.01687434234475,157.099066644275,153.69166325801044,167.67652576111922,153.27862806335645,270.1458794244799
2023-11-22,340.43544180061076,159.1119145509923,155.39723296912783,170.95083574407798,153.81730691618495,273.7614074333554
2023-11-24,333.8665830322374,158.9350519001644,153.37746480845138,170.9857912083096,152.73993679256412,271.1479780593947
2023-11-27,337.1230585174969,159.431960478843,153.06328364343676,172.13935708793602,152.5952178421304,268.3180843150211
2023-11-28,334.18104099998754,161.1542680042077,153.94968693800922,171.32369995587894,153.0856653234569,271.75725956205855
2023-11-29,336.41024077919053,159.53301172550155,151.46994247962866,170.49639692907533,152.25749889790572,266.3139364437243
2023-11-30,326.83650498457723,159.55826469323387,148.7095834416138,170.22838132997717,152.72386794737267,262.265479694023
2023-12-01,326.80158600609906,157.70543975044185,147.95780946399677,171.32369995587894,153.76104112208722,260.39764707378833
2023-12-04,318.03138777672655,155.4441572422499,145.05162072420342,168.771844387021,152.3057675232992,256.5496001713635
2023-12-05,325.4394784719551,156.86748485494604,146.98161296085024,171.148922634721,155.51378704433833,255.16271166576607
2023-12-06,318.01042569469985,155.30098709047027,145.8931879103945,168.39898017522003,154.62939207858088,254.48933556688797
2023-12-07,325.6491795042708,156.2063532345488,153.64677529599567,171.148922634721,156.19723451945583,261.8165458285934
2023-12-08,332.00892546201806,157.58754881688074,151.46994247962866,171.77813877088158,157.35502337681692,266.75479364905294
2023-12-11,325.8658322474627,156.35371033887867,149.562351012628,169.99533897510258,155.32083672240262,260.76635772206816
2023-12-12,333.06427538507467,157.65070748669774,148.6983830567907,171.84804969934478,156.55099747294437,267.9332697450721
2023-12-13,336.07642497038506,157.6464942836613,148.7544714036286,173.43276260448079,159.16408476502107,268.3501686620278
2023-12-14,337.9074788778281,154.09242783068672,148.04758538802636,171.77813877088158,159.28468802970377,267.0915434466579
2023-12-15,341.681402288423,156.11370214347687,148.7881416962758,174.74947769051062,158.85050634247503,268.4944617761255
2023-12-18,349.9770660384459,156.92220399344708,152.37879839748075,179.52692597540369,157.49975474521443,276.2706059032605
2023-12-19,346.67139383006247,157.1791043767239,153.3325768464366,179.20064534258887,158.3439900159571,280.8721780239142
2023-12-20,336.237143178373,156.06737003531936,155.2289333595252,177.25471412039846,156.64748505187603,280.006419339328
2023-12-21,342.3803166049769,157.2969821850419,157.56283083158277,179.25891037630552,156.52688178719336,283.862419405522
2023-12-22,341.2620804358402,157.7349059212106,158.7634498602588,178.7695160970713,155.6585432486635,283.301252073735
2023-12-26,344.4000292506604,157.76861154550198,158.7971374374505,178.75787020232474,155.21633955680286,284.455621685783
2023-12-27,345.3645523973844,157.52017694402733,157.50672520020038,178.67629559912305,155.29670861868777,286.8606386501653
2023-12-28,346.0983054803679,158.02969888132895,157.34962597542085,178.72291473809315,155.64246198550825,287.253505180949
2023-12-29,346.0983054803679,158.3497185586934,156.74369898412684,177.0449813350089,154.79822671476558,283.7582378999992
2024-01-02,336.6354762115796,156.17267386074366,155.03811198846498,174.70285855154052,149.25851096195757,277.6094296365139
2024-01-03,332.44920939662757,156.05896987973273,155.87967917465608,173.0016333589632,148.14094388943045,276.1503945738676
2024-01-04,335.4474555601856,154.93883538274162,153.04083102015716,168.45724520893668,146.25953544397325,278.2747784738237
2024-01-05,343.12810679646043,154.85881077553583,152.30024014281872,169.23794687676218,145.67258796575126,282.14690716095333
2024-01-08,365.184708963282,157.78123802936813,155.78990325062648,173.73573366781054,149.19419832730028,287.5260121867415
2024-01-09,371.3837634503908,158.24444098375534,158.15752286896475,176.38079195462475,148.85652905493086,286.53996807496327
2024-01-10,379.8401721457512,161.18370792449022,159.6498877239202,179.1307344141257,149.70073948974587,296.99375966860504
2024-01-11,383.1388124312098,161.96698305721432,159.42548248293517,180.8203137119565,149.21833884897893,296.35241851820086
2024-01-12,382.3561299985976,163.58397363191162,160.06507976687644,180.16778800631084,149.48363622816768,300.2164211466968
2024-01-16,394.0413410224603,164.341943295931,159.8855624879062,178.46656281373353,147.64244956754442,294.58071544265437
2024-01-17,391.74211612485436,164.00507080642083,158.74099723697915,176.77698351590274,146.87863303054198,295.31028237251024
2024-01-18,399.1082024439809,165.85792199969904,160.9963710234637,178.86273659501953,151.66254183301564,301.53118779451177
2024-01-19,415.76947485038113,167.8792094377323,164.25044579000783,181.00675470785293,154.0183413325717,307.39933829430447
2024-01-22,416.9086463641951,166.96961696537423,163.81281840831642,180.3542290022073,155.89170293746935,306.06061335811654
2024-01-23,418.4391457256403,167.97602123086824,164.99100209825727,181.79912005041695,156.92891336607536,308.8023307215712
2024-01-24,428.8454825844268,169.5172660276117,166.8536537496097,182.78955450363196,156.38215041879585,313.21147085798395
2024-01-25,430.6276606169403,170.48996466881434,170.41065744271188,183.81496220107053,156.11684062164326,315.19956420614426
2024-01-26,426.5321938409714,170.09415983776674,170.76972656974127,185.4113210009531,154.7098108123211,315.96919334604235
2024-01-29,436.5541010883037,172.53231812202972,172.25087375532914,187.9049115360944,154.155001024482,321.48463832215907
2024-01-30,438.71359659729796,172.05646243329014,169.95061200682983,185.27149914402673,151.18818803280826,320.71503388152735
2024-01-31,429.99863773204174,167.4201803106522,157.2037617045534,180.84362328144155,148.26155957207698,312.7625369925544
2024-02-01,440.48179099601043,170.03098804270664,158.3931630638618,185.59776199684956,150.2394307605382,316.4822712062189
2024-02-02,462.3775947427954,173.1639704464151,159.76211627122942,200.198086890643,149.42737043406993,380.7839954681786
2024-02-05,484.54601250532573,170.81845012798095,161.22079354899316,198.45024255909559,150.8987252960132,368.2940457540325
2024-02-06,476.795443100046,170.75105200464137,161.69212579242074,197.09857200883417,152.20122068584413,364.534199931793
2024-02-07,489.9064232872689,174.35566376880988,163.30788501041954,198.70659448345523,152.28969867810775,376.4549550525838
2024-02-08,486.70548127697043,174.3809429870284,163.72305976883132,197.9025832461447,151.41332571698217,376.7837269871532
2024-02-09,504.1216560098276,177.09280196574142,167.19032210699288,203.2742922029668,152.03318079934434,375.2685257927955
2024-02-12,504.9253807365151,174.8652119565977,165.5408407427134,200.81565713205705,150.6645970060289,375.90186438089773
2024-02-13,504.0867370313494,171.10060347899005,162.85905724390506,196.50431133690515,148.9659437342059,368.8632403473878
2024-02-14,516.4708356344165,172.7543316091358,163.75673006147852,199.23094422692108,148.24946447531,379.4131614857177
2024-02-15,507.7906620608909,171.5182355893198,160.19976093746527,197.85598188716656,148.01601917333616,388.0310813097996
2024-02-16,507.4762843051892,170.46354355444578,157.6750420943475,197.51805535960523,146.76817524230552,379.44522113345795
2024-02-20,485.38470968519044,169.92775800569282,158.3482923863915,194.68655607689456,146.16440142309867,378.1865959180881
2024-02-21,471.5469548632097,169.6704507398798,159.9528685041117,196.44604630318852,146.77625933675657,375.6025092725677
2024-02-22,548.8847918356968,173.66559098736806,161.68085626941973,203.42577773463168,148.4265570574393,390.12812312189095
2024-02-23,550.8347467364725,173.11291325074012,161.53499199855224,203.90352611911936,146.9372458198029,388.4427933808189
2024-02-26,552.7566274202482,171.93168074709934,154.36489626550994,203.6005550557896,145.84235394922294,386.60501976774907
2024-02-27,550.0239633495107,171.90638840363772,155.83482578173025,202.21392904129664,147.02578590188565,390.86635949424056
2024-02-28,542.7695856766949,172.00761027845664,153.0295960662451,201.77115390103245,146.0516959834096,388.434790818517
2024-02-29,552.89635680886,174.5051602877657,155.36354539193613,205.9659696287511,145.51230930664298,393.33818797413716
2024-03-01,575.029748643514,175.28982669625884,153.88241549089273,207.66721260132041,144.63479389284538,403.10477187973703
2024-03-04,595.7025325483781,175.04513278906887,149.6297261670114,206.92146639772653,140.96379542646395,399.8064812480391
2024-03-05,600.8116122447971,169.8686944117243,148.86668266639333,202.88976431642732,136.9546433871238,393.41040862898507
2024-03-06,619.933790301374,169.6324531610934,147.44162382764335,202.17897357706502,136.1495992102175,398.1211515069671
2024-03-07,647.6735230588919,172.60669887470073,150.78545723367262,206.03589833720628,136.0530122875752,411.04170823090084
2024-03-08,611.7424824265428,171.37478980743498,151.94118830033383,204.32300946989042,137.44572418460547,406.03398137415974
2024-03-11,599.4836750433445,170.6576133989832,154.47709024373023,200.37288199179292,139.071918637501,388.08971736814743
2024-03-12,642.3897949953831,175.19701810226965,155.4084506384954,204.3696108288686,139.45835325381697,401.05836356369167
2024-03-13,635.2260034627541,175.12103606993998,156.85591024689157,205.7329272738765,137.7677468225535,397.7038574017496
2024-03-14,614.6500087631663,179.39046764781796,160.57003044931778,208.28478284273447,139.2732014131643,394.70240255321255
2024-03-15,613.9022185716827,175.67796638533363,158.41561568714144,203.2393367387352,138.9672600383715,388.4989842117967
2024-03-18,618.2215839125646,176.0576534178494,165.70914035231604,203.30924766719835,139.85282229272866,398.83545429021007
2024-03-19,624.8122336207999,177.78308475107286,164.97981899797867,204.96387150079758,141.7527335042873,398.24151103195817
2024-03-20,631.6195628095767,179.3946808508544,166.89852442708,207.5856379981187,143.83779655649863,405.68885852525744
2024-03-21,639.0489631723758,181.1412569507186,165.61939899737544,207.5856379981187,137.96095792172957,407.486569928285
2024-03-22,658.9958815123662,180.8754707778603,169.17640269047763,208.42460469966082,138.69355569767225,408.9471363454459
2024-03-25,663.9790817672265,178.39481295642622,168.39090656657993,209.40341103812128,137.54234836113923,403.68261121631963
2024-03-26,646.918674207134,177.8843460016211,169.0641741431684,207.76043309926862,136.62457390861618,397.9607050726674
2024-03-27,630.7669087332606,177.79153740763192,169.28856209960892,209.54323289504765,139.52275281422106,396.3315414633068
2024-03-28,631.5078006885669,177.49199310950988,169.35591996944783,210.18411270594677,138.04949800381232,389.68669783343597
2024-04-01,631.5567300381956,179.11625506888686,174.47259453371095,210.871593875824,136.88219698616018,394.3172174942681
2024-04-02,625.1896580466789,177.79578998639764,173.42909201435896,210.54533102300118,135.92420074880323,399.1484186943066
2024-04-03,621.7789347920162,177.3781316255817,173.83303181885867,212.54952727890824,136.57626802933123,406.6679621431875
2024-04-04,600.3992153657409,176.2938946684803,168.90709220293334,209.74131978569065,135.9081070676841,410.022567102195
2024-04-05,615.0974315700987,179.51703436707092,171.1175607428586,215.64904216071707,136.5199153094867,423.1998480007148
2024-04-08,608.9817976135043,179.1246683497166,173.7544908487411,215.78886401764345,135.6102125334509,416.7074976413744
2024-04-09,596.5481814391192,179.83763155513196,175.71811880894623,216.34816922534088,136.59236171045032,414.8215604588951
2024-04-10,608.324914410402,178.56359045750202,175.20196774168178,216.67443207816368,135.07085069261194,417.17298001526785
2024-04-11,633.3249244369081,180.53375507364476,178.87118269754873,220.2866508086918,140.91547712921513,419.84524304170725
2024-04-12,616.3413600193471,177.98983358044885,176.98607842291668,216.88418264354522,142.13109644411605,410.80899174322053
2024-04-15,601.0702693640909,174.5051602877657,173.76567394901977,213.95944508289432,139.02362517617985,401.4436227204352
2024-04-16,610.9527680710058,174.90167388194092,173.2495401662998,213.6098904405784,136.35890399051266,401.0664155245263
2024-04-17,587.3296245955809,173.74573372176178,174.45015919497578,211.2328121928784,135.24795569270506,396.58033717339003
2024-04-18,591.7746020045258,170.55215207064163,175.05608618626982,208.83244215568536,134.47511129600082,402.70355699692243
2024-04-19,532.569982004427,168.37947807864552,172.90170599318247,203.48404276834833,132.8328107440223,386.0673167390077
2024-04-22,555.7598199934681,169.15571808106586,175.35906696646134,206.513628941702,133.5090309641928,386.59704190471354
2024-04-23,576.0631472026115,171.9443466066948,177.58078774484315,209.20530636748632,134.36240585631174,398.12920346780174
2024-04-24,556.8711311890781,172.57291449895072,178.55700153253414,205.7678827381081,136.06909355073049,396.04265884391504
2024-04-25,577.5239690311976,168.34574620386798,175.04490308599122,202.36541457296147,136.76949154647113,354.2154145280961
2024-04-26,613.1893473586774,171.41700058925778,192.9420809606335,209.29852686543455,136.2945044301086,355.7482016001049
2024-04-29,613.3431405931387,169.69995628637784,186.43401785026762,210.85994798107745,139.67570487467168,347.18536114001444
2024-04-30,603.8728783411827,164.24929220485907,182.6526089161804,203.91517201386588,137.12370154665737,345.2192007403852
2024-05-01,580.3823521193962,166.61603604139253,183.86444561422402,208.5760902313257,136.2945044301086,352.45786413217616
2024-05-02,599.7842563266919,167.83947932685618,186.96136930235517,215.24120470469254,139.29734193484293,354.4561829766111
2024-05-03,620.5559149500954,171.56043324589953,187.65708950222327,216.97740314149345,147.62957213905636,362.7060343333387
2024-05-06,643.9762823667314,174.462962631186,188.6220856205467,219.8788133526673,146.28516612131108,373.7165967893547
2024-05-07,632.8916724252233,172.69104168688773,192.15663669036925,219.94872428113047,146.84063406123298,375.77103236696837
2024-05-08,631.8991820108973,173.19730856389955,190.05836212866424,219.06315622061024,147.1143632378599,379.27002923713906
2024-05-09,620.2622853776243,173.94825622285822,190.70915979742858,220.81100055215765,148.58759321234095,381.5331736155274
2024-05-10,628.1670223402588,174.96919013246847,189.2392129966638,218.4572318739427,147.5637817667037,382.15912712298683
2024-05-13,631.8082750225161,174.53886591205708,189.78906892566445,217.39688649226449,150.16763009369353,375.58647944869756
2024-05-14,638.496890379407,175.73699060357285,191.13553494066346,217.97950126944698,151.0946807651949,378.66818221365077
2024-05-15,661.3792488489237,178.80957063851616,193.5704432906627,216.7210512171338,152.94072284967436,386.4445486341831
2024-05-16,659.485175008653,177.92626802809565,195.44432989592718,213.97110875763286,153.03747120584637,379.775598520341
2024-05-17,646.3455858574393,177.59661442229276,197.55382212699973,215.2178951352075,153.0616489814165,378.7162716852612
2024-05-20,662.4275668490556,179.76477333066103,198.51883552986763,213.86622458494608,154.00481816996466,376.2525445647319
2024-05-21,666.6629769124323,181.32851479408495,199.56240718739758,213.41178576994344,155.0608914856231,372.8739319188187
2024-05-22,663.6157211871971,181.95401137945453,197.91292582311812,213.38849398045036,153.89197613267353,375.401877131894
2024-05-23,725.4624191178466,180.46631757457584,194.73740931123598,210.96481437377227,150.65129736677076,373.7968447057709
2024-05-24,744.1232174710398,181.80186356139166,196.35322038286822,210.61524195146438,153.150350497029,383.7801646737137
2024-05-28,796.0662407139514,181.86949793910713,197.93536116185325,212.2465562155785,153.15839733758855,385.1444286513219
2024-05-29,802.5242196938493,181.38345706171876,197.37430484802954,212.0950884639056,153.40022476514525,380.6824320848904
2024-05-30,772.2964161390385,175.2551891797071,193.12163280869268,208.94897222311863,154.20638655879594,374.8160105337431
2024-05-31,766.2367167176482,175.4496265310514,193.5592429058396,205.59310541695015,154.98028648242547,374.63943547850783
2024-06-03,803.7472930104691,174.7691745528049,194.31101688345663,207.8070344582468,156.41519462053807,383.19429807556287
2024-06-04,813.7905901374205,175.84688826408356,195.00670251423577,208.9722640126117,156.67317781903301,382.7930584934818
2024-06-05,855.7463577379827,179.20264541899812,196.82450077266236,211.2328121928784,157.89849556368242,397.2946152573667
2024-06-06,845.6679812084561,179.41818816125385,198.30561338916127,215.56746755751539,156.77794817983695,396.251318246157
2024-06-07,844.8992824096448,179.13502416652574,195.75852834548624,214.7518104254583,158.72077587437988,395.6092855162946
2024-06-10,851.2034146803824,180.83402126013752,196.60106346616823,217.96783759470847,155.68162824341692,403.34558972678474
2024-06-11,845.1223788540719,182.86691141307483,198.4096836314759,218.16592448535147,166.99176068100115,407.253804042072
2024-06-12,875.1081024462937,186.40861388704536,199.72400039374193,217.76975070406544,171.76410835915235,408.3532918842595
2024-06-13,905.9325232183801,186.62838295758058,196.7695704903046,214.20415111250742,172.7072775477005,404.5493331722941
2024-06-14,921.7992150716301,187.04681570773968,198.6006432788919,214.00606422186442,171.29654718515806,404.99923030911197
2024-06-17,915.5084514756544,189.49809923510676,199.10614706675662,214.47214893161362,174.6661865053987,406.9833717746541
2024-06-18,947.6608629238923,188.64012834387717,196.69089124383126,213.01561198865744,172.74756142235356,401.24770813963704
2024-06-20,914.1105158931484,188.36965645923073,198.05016510629002,216.8492271793136,169.0312870598608,403.0230173080726
2024-06-21,884.6839237541699,190.09401152251968,201.79098992993798,220.32160627292342,167.26582514265135,397.4641263224219
2024-06-24,825.5511737495912,189.2022693807832,201.3304259577215,216.23165693789957,167.78980112630933,400.7817811789491
2024-06-25,881.328921135915,190.58850505646708,206.73381654582036,217.12887089316632,168.53954811029635,410.1725657468227
2024-06-26,883.49566246663,191.0998776530464,206.56536137531737,225.60009473179727,171.90921226646466,412.19691761800516
2024-06-27,866.6505440449038,191.39150742957668,208.28408462478407,230.54067444310178,172.59442309244554,417.3702283564497
2024-06-28,863.5052691963141,188.89796061941436,204.62186990943158,225.18061138102618,169.78905604847972,405.0473938785215
2024-07-01,868.8174457997162,193.03134905251824,205.56557146895554,229.78326456476935,174.73069782747723,405.4169196025913
2024-07-02,857.4241798953045,194.1090890142831,208.09312497736806,233.0459108729896,177.56830190553654,409.28892479338907
2024-07-03,896.6362676371255,194.73879880268908,208.74468316608952,230.237703379772,178.60014777376955,409.6584011189262
2024-07-05,879.5115300140786,197.60850195497216,214.11438617699665,233.0459108729896,182.46155087950228,433.717684792038
2024-07-08,896.0770292344844,197.050626622075,212.35070582733724,232.21859006619403,183.65465642598585,425.2105164783317
2024-07-09,918.3043226406662,194.2189735495507,212.29451377323247,232.27685509991068,184.34791409252625,425.7569136488331
2024-07-10,942.9779765788841,197.0548660755976,214.76592708117366,232.80120484337647,187.81431418690278,429.524391544379
2024-07-11,890.4854473285578,192.17337816128864,208.46387845646598,227.27802813488148,183.45312529104604,411.8595256394748
2024-07-12,903.3467006712278,191.68733728390026,207.90216532995203,226.62550242923584,185.84733355271737,400.7496474334097
2024-07-15,897.7546374930098,191.86062986860384,209.54224390203433,224.56304113961215,188.9590517642822,398.57267879536494
2024-07-16,883.2161502147076,189.98411386200894,206.61024933733216,224.91261356192004,189.29761513004712,393.45555888789823
2024-07-17,824.7124765697263,187.44830376905136,203.35251024735825,218.98158161740855,184.50916135281298,371.1233714152797
2024-07-18,846.3804780985681,186.1170103610013,199.6116854237103,214.1109306145592,180.72030399175446,382.2573808045823
2024-07-19,824.293127979794,184.7391879661471,199.57798056197413,213.38849398045036,180.82508677052226,383.01251147512477
2024-07-22,863.5052691963141,187.20317672883897,204.0826785443752,212.71265870531968,180.54292579645715,391.5356355149022
2024-07-23,856.8649414926634,188.0104316807143,204.21749799131987,217.21044549636807,181.38938388272473,392.5718932351982
2024-07-24,798.5711025667454,181.2693461981716,193.92743827235446,210.70846244941256,176.1736652241132,370.54506279263614
2024-07-25,784.8013675619535,176.83166212894199,187.9174120266379,209.5665424645327,175.32724439173708,364.23096703864377
2024-07-26,790.2533270286664,179.73516278221814,187.60285060164475,212.654393671603,175.70612888604654,374.10373309034196
2024-07-29,779.9785379295372,180.3522198362718,190.4449828195949,213.4700508036601,175.9318377965565,374.1117109533775
2024-07-30,725.0397016218742,178.74197563653001,191.2987183251,211.7338701468512,176.38329287146786,372.08738378146137
2024-07-31,817.932419477464,176.81051736230125,192.7029147186625,217.8746170967602,179.02741265514695,381.4379579436947
2024-08-01,763.343040328078,176.2864395303972,191.82672658987778,214.48381260635213,176.0285737347647,399.8418999960049
2024-08-02,749.7830865676502,172.64330517771808,187.22087945317924,195.642035065878,177.2377853803312,392.1300727584814
2024-08-05,702.1133869497404,167.00530450137433,178.89674653883478,187.62526782224168,168.70077053465545,382.1609548686978
2024-08-06,728.6743234414498,168.89027316452828,177.81827738599958,188.68561320391987,167.05623474918818,396.9098006874176
2024-08-07,691.3493578290235,168.39156642754443,178.54848025210546,189.66441954238033,169.14416635104342,392.7566684468663
2024-08-08,733.7068273688323,170.1919953998648,182.01968346640848,193.19506366970677,171.95756781760494,409.39335329157547
2024-08-09,732.1690554483165,171.59937584218943,183.86200849345232,194.52342465048312,174.3195638811104,415.9322864672782
2024-08-12,762.0151031266255,171.93328202675804,182.311792268122,194.36029322407174,175.56247788050194,414.4702874926682
2024-08-13,811.7815456941972,174.9762646385016,184.41246938150974,198.35702206114735,178.5808875118747,424.58399488774586
2024-08-14,825.3416064040231,176.18076819816596,180.15488853154054,198.20555430947445,178.94410053583513,423.15410495940887
2024-08-15,858.752277520854,178.2639017817058,181.19961825355063,206.93311229247306,181.36529303290138,431.6452187499788
2024-08-16,870.7744593607661,177.18000608092512,183.064465042052,206.315542051059,182.43868940809776,423.68425001264296
2024-08-19,908.6584494770374,178.47561195297516,187.23211440709127,207.66721260132041,182.30955500226628,425.17850622912414
2024-08-20,889.4369689043288,179.8601150965693,187.80504520297282,208.43626837439933,182.80994927261779,423.129949076905
2024-08-21,898.1738791335441,179.58066554563965,186.31096917811385,209.86949574787047,182.72118566718615,429.90194453001715
2024-08-22,864.9030978294219,175.94367380673327,184.0080456097646,205.23188709989574,181.2119808514998,427.307286598493
2024-08-23,904.2549149598547,176.46869665614088,186.0525652381365,206.2922324815739,183.07628976076793,424.1502757703963
2024-08-26,883.9150645312616,175.07147515197883,186.65920089575422,204.49778679104838,183.3507143433691,418.62341973321946
2024-08-27,896.7761039751354,175.21967227186735,184.99660056221438,201.72453476206238,184.03671991903488,417.00072733164626
2024-08-28,877.9738650429609,173.84784811311178,182.94088054901937,199.0212114415315,182.793830755571,415.1370194888944
2024-08-29,821.9164984553165,174.91481225028815,181.73886147224044,200.5593052076974,185.45716112928963,416.29373553124697
2024-08-30,834.3582427839569,176.6168806507863,183.53622939909158,207.9934754541432,184.81957319458328,418.7760118008155
2024-09-03,754.8855888760862,173.3567015161559,176.7735476639895,205.37170895682212,179.79150238735355,411.10437026966594
2024-09-04,742.3740600651884,173.12807290652538,175.75128784980353,201.96924079167547,178.24192677126732,411.8916346857478
2024-09-05,749.363737977718,172.91213640697651,176.63874550158926,207.28268471478094,179.4767566762078,415.2012869799732
2024-09-06,718.7488845511996,170.07957769267807,169.5390497182144,199.70869261140876,178.21772415976952,401.87430382802194
2024-09-09,744.1913977123256,171.78167234366245,167.27811030840726,204.38125672361508,178.29036924815438,405.5052688783748
2024-09-10,755.5843962432419,175.37209572003542,167.22181454703562,209.2169700422248,177.644697218997,405.5052688783748
2024-09-11,817.1637206786528,179.11492941933332,170.03399264940177,215.00816234981795,179.70273878192194,411.1605857999101
2024-09-12,832.8218612056165,180.79160047442505,174.00477105281286,217.8979266662453,179.79150238735355,422.22225103803294
2024-09-13,832.5421885295968,182.31162175306918,177.12058674806076,217.30366599431625,179.57359195812663,421.43498662195117
2024-09-16,816.3247561252929,182.62913450900072,177.79553092546377,215.43929159533553,174.58589195129676,428.8004066487214
2024-09-17,808.0063388908251,184.24231876319783,179.21286357283114,217.75810480931895,174.96521107434012,431.24479424368775
2024-09-18,792.487874277774,182.40475847813593,179.76405041175673,217.23373728586114,178.1128172013635,432.5554855125527
2024-09-19,823.9442055685076,185.74114277422882,182.38497502945071,221.24212979767526,184.7146414002496,449.5617701791308
2024-09-20,810.8724223356866,184.29311345401075,184.0160137847699,223.25798972832084,184.17390116542592,451.370991440284
2024-09-23,812.689813457523,183.5479409020179,182.05876382147795,225.91471168987357,182.77769982056043,453.83133476132144
2024-09-24,844.9150574458638,181.71039374219907,182.55368946812087,226.0079321878218,183.50405136069838,452.9630073530334
2024-09-25,863.3693899860339,182.95515242246378,181.65380422885394,224.3416446794841,182.69695821976072,456.9673512130088
2024-09-26,867.074224085459,182.61644239891905,183.04864968385272,222.7452858796015,183.62510167207884,456.58950183617435
2024-09-27,848.6198915452892,181.22344722303654,184.42097337739395,219.02820075637862,183.84299968334193,456.2034523029071
2024-09-30,848.8995642213088,182.18882197858707,186.55820730235706,217.1172249984198,188.04785883258722,460.2882169741632
2024-10-01,817.8626884699056,178.1199441153399,187.84054765733492,215.71895308918027,182.5678486498569,463.52861252550434
2024-10-02,830.7946353647168,176.61264119726368,186.56944225626913,215.2878060636707,183.0278721198085,460.5856949382496
2024-10-03,858.7558068509912,176.36284157050622,186.56944225626913,212.02517753544242,182.1320153734392,468.59438265820046
2024-10-04,873.2256860904153,176.15962343152523,187.91927875744173,217.32695778380932,183.04401547278292,479.1840449161099
2024-10-07,892.7983884864694,173.39904355040977,183.32981736891034,210.673506985181,178.91988550637353,470.2105544534537
2024-10-08,928.9380873945028,175.58800596909805,184.90466407012477,212.91074559596268,182.21273213831128,476.7317041573744
2024-10-09,927.2604791359772,176.75235941010695,182.06999877539002,215.76555444815838,185.2553816350733,474.818004999502
2024-10-10,942.3594882096978,176.06646045597225,182.31746159871147,217.49008921022076,184.8518599005321,469.44670494188483
2024-10-11,942.2896502527415,176.26970484543943,183.62230643060244,220.01865298958566,183.64931670154044,474.3677373736888
2024-10-14,965.1478381582886,177.46370821062052,185.55706920152576,218.52714280240585,186.67583526329187,474.7456855475886
2024-10-15,919.9207558434811,177.29431382311884,186.11950827890792,218.70193790355583,188.7338768262168,471.40866646623215
2024-10-16,948.7207314590185,176.1850076516886,185.78204483247862,217.76975070406544,187.0632384807863,463.7859788810158
2024-10-17,957.1789315567969,176.43908610769802,183.27357346117213,218.51549690765935,187.36184083895765,463.8985581371023
2024-10-18,964.6585446620018,177.04875364988402,183.8247948691867,220.21673988022866,189.66199544260726,463.52861252550434
2024-10-21,1004.5730225758147,177.31125851196626,184.55594838523896,220.3099603781769,190.85646696511174,462.47528761215085
2024-10-22,1003.734218446552,181.00753697397388,185.75954035556555,221.04404290703226,190.35608511272406,467.9832734098257
2024-10-23,975.5633191906122,179.77543102806158,183.10487630704645,215.22955880994604,186.24001440483804,453.2524827548179
2024-10-24,981.5051069006024,179.8304914228833,183.03738016085168,217.17549003213645,186.08667738750876,456.5411406726339
2024-10-25,989.4040685957397,181.27849449261518,185.9057848864116,218.86506932996724,186.76461128668734,460.9395366281785
2024-10-28,982.2741800223068,180.61801913437316,187.53682364173082,219.51759503561289,188.37066380225636,464.88751676231146
2024-10-29,987.3769497042382,182.88743929328965,190.86641458310845,222.36075799306207,188.58858664944708,477.04528604313003
2024-10-30,974.0254937953976,183.1330125917676,196.2432388263414,224.5746870343587,185.70734584650154,475.85522599118616
2024-10-31,928.0295522576818,172.0483904087811,192.4749315769701,217.19878182162952,182.32573560913215,456.3804472456706
2024-11-01,946.4837778484534,173.75047193452235,192.67743730009886,230.63387716105802,179.90450585817445,456.0426600788784
2024-11-04,951.0274160771414,172.9417732059056,190.37148893646557,228.12864073117018,179.17812948210883,450.83220164382266
2024-11-05,978.0100005708425,174.21195548206293,190.93392801384766,232.46329609580712,180.34030188070062,460.2801650133286
2024-11-06,1017.854533578301,177.90399449054794,198.5491871899747,241.30738414623903,179.7511440049175,459.97463508840764
2024-11-07,1040.7129353826442,180.12684628693108,203.31863254017728,244.75647145035575,183.59282738409382,475.7748051799054
2024-11-08,1031.9748487100499,178.9032454985502,200.6189768223765,242.5774800932987,183.3746810135542,473.87716054516955
2024-11-11,1015.4077452486728,176.9852405985032,202.86869856281604,241.01607675764777,181.16894018887723,468.91606590332356
2024-11-12,1036.5884318450924,179.11071621629694,204.29726616409548,243.42811046957937,181.16894018887723,470.24271289825947
2024-11-13,1022.4680097639454,180.02948323358476,201.2151207614948,249.47565470153216,181.8880148022129,466.3671510131053
2024-11-14,1025.8934920355453,180.74501898664855,197.50310927349517,246.42274117870144,184.39271810601215,464.0834568451022
2024-11-15,992.4796124367712,175.71081886882322,194.02727380127146,236.0871607210818,181.79106775861962,445.5253172728824
2024-11-18,979.68750187997,176.03259732876364,197.18813301943447,235.02679755941162,184.23111072477445,445.78258483132845
2024-11-19,1027.6409382510271,176.89207762295024,200.36024447605402,238.4176198298117,184.44114816493538,451.16188745124754
2024-11-20,1019.8118145128461,175.91828958656995,197.95304325085638,236.4017776791581,185.02290493427793,454.72396624771153
2024-11-21,1025.2643087265494,175.158863020566,188.5604489349307,231.15824468451584,184.63510434194106,452.7701060827315
2024-11-22,992.2700985659022,176.91100422350635,185.33205900148397,229.69004406682112,185.72582377667536,449.594027421002
2024-11-25,950.8177952568744,177.67041766426718,188.58295341184376,234.73549017082038,188.14972338985575,454.39428044028665
2024-11-26,957.1089866504425,181.5734843313801,190.23649664407606,242.2046158814978,189.91914663752584,461.1727471011861
2024-11-27,946.064322309123,179.45224816710902,190.36020212892006,239.73433491584154,189.8140906635539,457.68308655370083
2024-11-29,966.40620477628,179.6516337351036,190.04526044394834,242.23957134572936,191.75321780487653,461.79981207563185
2024-12-02,969.0622930779809,182.8419997016632,192.90239564650722,245.5255272234347,193.57921729574002,476.683491189432
2024-12-03,980.4565750016744,182.93532018013346,192.73366392329257,248.70659892845325,196.0515593858075,493.42440693819685
2024-12-04,1014.5691550182061,185.57413718097212,196.14198596477704,254.20648384745513,196.34243777047877,493.52888483491597
2024-12-05,1014.0798615219193,187.78021491666817,194.1959882399416,256.9913817711877,196.36667763586803,489.6292164657906
2024-12-06,995.7639215028851,188.18325175666612,196.5244929341214,264.5420643050748,196.20507025463036,501.5617284373707
2024-12-09,970.3873961203838,189.22265288332386,197.4929286767964,263.44674567917303,199.3642126700485,493.3600406500526
2024-12-10,944.2420115149743,188.08143924590752,208.52921403460073,262.2232510910914,200.18833083939228,497.98359511777016
2024-12-11,973.8828232983382,190.48266309607553,220.0497259060148,268.3057507872758,199.1541379759961,508.72599763887365
2024-12-12,960.1110562549824,190.7244825750257,216.17579280532567,266.8026124853415,200.34182929025127,507.2063505765704
2024-12-13,938.509630726455,189.75295208045932,213.76584333755565,265.04312225904755,200.47918438813585,498.81176151895056
2024-12-16,922.7803688497579,191.58572165178822,221.46866601601877,271.4169115638312,202.83035198718466,502.3444975869743
2024-12-17,911.5252280929866,192.8032979535843,220.07228223656128,269.342804379461,204.80177825241995,498.48172992179656
2024-12-18,901.1789433212307,185.5614056951611,212.1666945668022,256.9564263069561,200.41456130438294,480.5765401551719
2024-12-19,913.5524539338863,185.40866724115855,212.29053832800204,260.18409937095277,201.82039898917776,479.27291287648706
2024-12-20,941.6554403220352,185.2262788629838,215.55641843842608,262.08342923416507,205.6178247452765,470.9680809528335
2024-12-23,976.3995565343208,184.65350637916347,219.18261216308207,262.2465606605765,206.2480239915061,482.7171761723954
2024-12-24,980.2446012946492,186.38443718924756,220.8493262182082,266.8958329832897,208.61533494352932,489.07442154472545
2024-12-26,978.2171615549533,185.86685635268,220.27497808967928,264.56537387455984,209.27783331367155,485.53373231293256
2024-12-27,957.8041577380629,182.6510799154708,217.0766805481724,260.7201127891571,206.50656599837322,482.6849189305243
2024-12-30,961.1595881539105,180.23287200072608,215.36495753922017,257.86530393696137,203.76758538902376,475.7884391749383
2024-12-31,938.7893034024747,178.82012333397188,213.18022568602575,255.63971122092627,202.32943616235244,471.1773825360009
2025-01-02,966.8919689424296,177.58133663931957,213.3266084932276,256.6068538846482,197.02111674748693,482.22625355414726
2025-01-03,1009.9552510349694,179.60498662111158,215.9843319061197,261.23281663787645,196.625232060699,486.5637905173712
2025-01-06,1044.6293153915024,181.51407948109087,221.70518772268431,265.21789958020554,197.95027847283882,507.140749325108
2025-01-07,979.6851489932118,179.18923142054572,220.15111704393496,258.8091370311983,195.69605791738329,497.23451576748676
2025-01-08,979.4754212235466,180.1183148789134,218.41680313534724,258.83244660068334,196.0919426041712,491.46456955075683
2025-01-10,950.1142821162024,177.73828829635855,216.26587985115586,255.11536147746043,191.36540479457585,495.600856891648
2025-01-13,931.3789935072357,176.9916194666518,215.10594864018603,254.55605626976302,189.38590685285334,489.54128707753523
2025-01-14,921.1025466924361,176.34677627294678,213.58565196135072,253.74038135771397,188.4809849928907,478.21064682870997
2025-01-15,952.4212875825198,180.8607705055837,220.21866504376314,260.25402807940793,192.18951054595578,496.6148605729501
2025-01-16,933.7560508293058,180.12678066071555,217.2456369704653,257.1195577333675,184.4250172299248,491.9312868879683
2025-01-17,962.6977343973194,182.01471562881105,220.72543060337492,263.27196835801504,185.81469914378138,493.1142335511994
2025-01-21,984.5088876955119,181.7898539639514,223.03407535594712,268.83011831073367,179.8842645771373,496.08382634612695
2025-01-22,1028.1313012412948,189.2990286729467,223.39440625472355,273.84059117050936,180.84576268029332,501.7490476734742
2025-01-23,1029.1798331402229,189.51539830551798,222.95522326402892,274.318339554997,180.7084075824087,512.170260934782
2025-01-24,997.0222881208764,188.39112935694905,225.46652930063016,273.6541679546048,179.99740464556027,521.0544882487992
2025-01-27,827.8458265604283,184.36077408221246,216.00683638303275,274.318339554997,185.71776451815197,531.0250880945646
2025-01-28,901.73828867327,189.7232759058009,219.93715166781595,277.49941126001556,192.5046163780525,542.65345330014
2025-01-29,864.7571119010216,187.6571788878102,220.0609954290158,276.24097898769435,193.39337004911306,544.3916394712307
2025-01-30,871.398348674556,176.0582703042753,226.2097819978185,273.4094619249917,191.96328008096512,552.8493104551438
2025-01-31,839.3806399932193,176.0879727294199,229.7571754841898,276.9517519470647,190.6786293051528,554.6036993449693
2025-02-03,815.5422073794282,174.3315920729569,226.61517370405454,276.64879866372695,184.22303904828726,561.2668698304822
2025-02-04,829.4537572860949,174.94674596676046,232.41488161253736,282.0554630847806,188.09317198259,566.682677966087
2025-02-05,872.6567152925475,175.33706444619054,215.46629682350692,275.1922617207708,187.826533463308,567.2298655131121
2025-02-06,899.5710660702633,176.4104074515155,215.77036653000064,278.29177660257955,188.43250526211216,572.9595025271364
2025-02-07,907.6801833326582,173.8352085040025,208.72065764926217,267.01234527073103,183.91600489267773,574.9955124520425
2025-02-10,933.7560508293058,174.8831147881917,209.99323223660883,271.6616175934443,184.13438720453007,577.3131434120296
2025-02-11,928.3731806737626,174.55220115905084,208.69815317234912,271.2188246731882,188.15435529036304,579.2444284475529
2025-02-12,916.7684223346171,173.53401042524933,206.77241293364438,266.7559933463714,191.5919705445898,583.7348044710365
2025-02-13,945.7800508089854,174.17038783715222,209.62159724574238,268.4339267494556,195.36121994076632,586.2938954589966
2025-02-14,970.6671757458016,173.27520688172245,208.5967793189734,266.46468595778015,197.84439049529047,592.8202320088536
2025-02-18,974.5121135567318,173.7885482647674,206.9526043098493,264.0992713848187,197.7392227596441,576.4842360328582
2025-02-19,973.323584895697,175.96493670056194,208.64184012643298,264.0759795953256,198.06278522510664,566.3446932051639
2025-02-20,979.4754212235466,176.89592331917973,207.8422743833285,259.70636876645705,198.83925566724824,559.1584416565971
2025-02-21,939.7678903950483,173.5291409600577,202.3241489889708,252.36541901795948,198.61277684298108,550.07301411878
2025-02-24,910.7563688700783,171.73946156183962,201.86240966772968,247.85598633216455,199.86651930682925,537.6640532990408
2025-02-25,885.2400071495673,169.1463729079757,197.549259007257,247.96085272485934,199.81795265030394,529.109808183645
2025-02-26,917.7471162765888,169.92431919199953,194.51991788804298,249.7669620901234,194.41485933551473,542.146525557288
2025-02-27,839.9399318705596,166.8635912515792,189.7562974293302,243.23002357893637,191.93978529340544,529.705258097145
2025-02-28,873.2858451268439,168.7595194927251,191.7608379063197,247.35492837819183,195.6119634663504,537.7204170248832
2025-03-03,797.3661571731028,165.14620569237857,188.07831385120306,238.8953682142994,192.53024705539033,527.138164546883
2025-03-04,810.858305015138,165.19721038708113,192.48156884205045,237.47378673557483,190.8316434554226,515.0270768794921
2025-03-05,820.0162750246552,170.47267872364625,194.84649207144983,242.78723065868024,190.67798357103385,528.2809502030063
2025-03-06,772.9684326819714,168.71700683031088,194.09198713580494,233.8615680050467,190.3463494290841,505.3139421863038
2025-03-07,787.7888920483524,167.1951873933615,195.79245790630065,232.17198870721592,193.37146476092315,503.4871844460322
2025-03-10,747.8716334501888,161.60514635532016,187.00966231963255,226.68374968296052,183.99689550904338,481.22035123221247
2025-03-11,760.315142443898,161.72843176379706,184.94642352958869,229.0724738254071,178.62613857205832,487.4328589036502
2025-03-12,809.1851351566334,162.92718646698182,188.40770541536014,231.75250535644483,175.5039644349516,498.57840285034473
2025-03-13,808.0664444525547,161.01426103601614,183.50328505731252,225.92635758462006,169.5993716510304,475.3055685175247
2025-03-14,850.644069328343,165.17596061849557,186.58123031560453,230.65718673054306,172.6811004799543,489.3887938070048
2025-03-17,835.6824902311752,165.2354704707296,185.2282825964255,228.082039372192,173.09360040234202,487.21417159926455
2025-03-18,807.0176986548306,163.03347468563894,181.1469349619753,224.67957120704543,172.0340128029207,469.05937104676667
2025-03-19,821.6297136443235,164.86140104226243,184.77731154639548,227.84897923732547,174.09659934060613,470.4286489754466
2025-03-20,828.691047653577,164.44480582613792,183.54841500295004,227.1614980674482,173.17449101870764,471.99117396415755
2025-03-21,822.8881872117129,166.32373687746397,184.8900586300391,228.6296986851429,176.5474086813985,480.2470025433452
2025-03-24,848.8263573583124,167.09740433223587,189.0503274945854,236.8445528194222,178.53716386124168,498.4500654623181
2025-03-25,843.7925700381529,167.98158633394436,192.29738473607063,239.69937945160993,180.9798766896192,504.4587547877212
2025-03-26,795.342086339447,165.77535109533105,186.0964161274825,234.36262595901943,179.18423912031145,492.1112457426955
2025-03-27,779.0521422432342,166.0346533980959,182.91702787763683,234.63062377812562,181.06077972394868,485.3454745047071
2025-03-28,766.7472931441558,161.0270056470702,173.99892887677856,224.56304113961215,176.2481109172529,464.53268710172824
2025-03-31,757.7283573521629,159.57744067340897,174.34843965071047,221.6965686126779,179.6695579825776,464.22671259001265
2025-04-01,770.1032048322946,162.4680785884431,177.08814365807163,223.922161328713,180.52693145904865,471.99117396415755
2025-04-02,771.9907547592817,162.44682881985756,177.0542832354351,228.39663855027635,181.09310368378897,470.32387468753114
2025-04-03,711.7249293565803,158.60819397114273,169.92881619624043,207.88860906144845,164.34995063859378,428.1910263489921
2025-04-04,659.3592955670945,152.96714823839878,164.15631416076926,199.25425379640612,152.37091216153286,406.5326101635135
2025-04-07,682.6406822409054,152.12546577386138,165.45286241130975,204.2181252972037,146.77367640028066,415.81130946062797
2025-04-08,673.2721823412372,150.72265291613698,163.1415904079766,198.8580800151201,139.46168126812245,411.13978901763176
2025-04-09,799.3271813365814,165.99639331444743,178.93715780382925,222.67537495113837,160.83954128041626,471.8059294664285
2025-04-10,752.0652797736095,162.11101947503883,172.2964703836676,211.16290126441527,154.0209615229391,440.00690838480193
2025-04-11,775.5563942170857,165.12919537731563,177.16703031907875,215.4159820258505,160.27334421974828,437.8161822553925
2025-04-14,774.0183014483756,164.85713533825358,179.3430334773107,212.2116007513469,163.80801827924276,428.0782494987747
2025-04-15,784.4354936710689,163.972940211302,176.23126236547114,209.26357140120297,163.50064883860992,420.05612537792194
2025-04-16,730.5318205875719,157.97054341065873,172.87149260943127,203.13447034604044,157.13503914763095,404.5833934606099
2025-04-17,709.5575998041757,156.34242262980916,170.42491719190795,201.13027409013338,159.32702086838822,403.9149325157382
2025-04-21,677.5370034890904,152.6610938196971,166.49010792555995,194.96621757073927,156.23720794501327,390.3673108173586
2025-04-22,691.3798918821797,155.9343325712161,170.77442796583986,201.79444569052555,161.55943547936445,402.9483514258547
2025-04-23,718.0870816757848,159.15234029975298,175.1489214746724,210.44046463030642,165.49042885438075,419.0492350853326
2025-04-24,744.0950897793407,164.64034569790297,179.57976259851003,217.36191324804093,168.53979646957288,429.4233715449509
2025-04-25,776.115793043824,166.57452089745425,182.60134295725248,220.21673988022866,169.27583402149548,440.79629693779117
2025-04-28,760.1753595805873,166.28122421504975,181.07926597033574,218.71358379830235,169.97145110116293,442.7857240463351
2025-04-29,762.2028527949822,167.50549439082891,180.57194730530063,218.35236548124794,170.83692109004886,446.57133120339216
2025-04-30,761.503671104933,168.02411212160172,179.03861807992735,214.89163228238465,171.88034050056814,442.18968135044224
2025-05-01,780.3105623359246,180.83654130681353,181.85722603284012,221.6266576842147,172.5436087844676,460.88406207592516
2025-05-02,800.5157634723155,185.03652722342767,184.93515400658765,221.37030575985506,166.0970588052677,480.8672505202746
2025-05-05,795.7616488281756,185.41487548114682,185.1380918433284,217.14053456790487,160.87191491211186,482.6794356933915
2025-05-06,793.8040470454359,184.19907108716978,184.03319462198314,215.5791134522619,160.56454547147905,473.0463266232219
2025-05-07,818.4137452435926,184.21609452747583,170.67295040519724,219.8904770274058,158.73654668843952,480.6980605456821
2025-05-08,820.5810747959974,186.26506310321565,173.94254669268452,223.81729493601824,159.73952079077594,481.6646416355656
2025-05-09,815.5472874758377,186.50310251215186,172.21756643811602,224.95921492089815,160.5807012424173,477.2185266974061
2025-05-12,859.9426777963558,190.97940104659378,178.65526416790345,243.1134935115031,170.72077587437988,515.0261383073704
2025-05-13,908.3931080203627,190.9283963518912,179.86163894989133,246.29456521652165,172.45398833953197,528.396592168122
2025-05-14,946.216511302613,192.5437462712005,186.44594418595887,244.9895138052303,171.96803616111066,531.0786855025742
2025-05-15,942.6510322689062,192.97815244221727,184.8562154919471,239.07014553545736,171.25533196321797,518.610446443562
2025-05-16,946.6360737913413,193.46364205939528,187.37042533202097,239.5595398146916,171.10144855548035,515.7591631345172
2025-05-19,947.8244955029784,195.42267646938575,187.76504876704593,240.22372919507578,169.09286774247627,515.8316307820288
2025-05-20,939.5047948757335,195.12457594800514,184.8787718224936,237.7884036936511,167.5378282223064,513.1494880490438
2025-05-21,921.4670302411456,192.73966677501556,190.04249491683152,234.35096228428088,163.67456242199967,511.86072972871006
2025-05-22,928.6681471137099,193.7149248386235,192.64687822545804,236.65812960351772,163.08333074625753,512.7225365306781
2025-05-23,917.9013373086425,191.72180417229166,189.94101735618892,234.199494532608,158.1510024401299,505.0627506473832
2025-05-27,947.3352020066916,196.19778770089906,194.93561118278916,240.06059776866434,162.15197104130837,517.3538959665666
2025-05-28,942.5111424561973,194.77960518349974,194.32678038802246,238.5457957919915,162.32203505591187,518.368739422925
2025-05-29,973.1335358152812,195.34177247089198,193.76304496980435,239.6877157768714,161.9413623748114,519.5527728538761
2025-05-30,944.7485238643544,196.05722947249714,193.62775884015866,238.88370453956088,162.67028443346146,521.5180934784489
2025-06-02,960.479069133829,196.74291842274215,190.57236991241317,240.79468029751973,163.35869909410954,540.3736122176897
2025-06-03,987.3259348413466,197.1687800604982,187.35917309356444,239.69937945160993,164.63027375401256,537.1114319134158
2025-06-04,992.2200462475935,197.55207653486758,189.46750726015685,241.4705155726504,164.2657940977418,554.1063549174665
2025-06-05,978.7265615380821,199.17467158837033,189.6478714818066,242.26288091521445,162.4920990705154,551.4242615830143
2025-06-06,990.8216828674952,200.32456101147847,195.81503152139166,248.85808446011808,165.15670849450817,561.967588017225
2025-06-09,997.1839956107967,201.3338922061847,198.77250350465744,252.83150372770868,163.15623661188275,559.027634341934
2025-06-10,1006.4824971294113,200.55454152114876,201.6058378894672,253.565604036556,164.14430915762745,565.7450444163819
2025-06-11,998.6515552514628,201.27851680552845,200.1948141008351,248.4269374346085,160.99377239114102,559.0920994271437
2025-06-12,1013.823931612277,203.94023735558378,198.33226615674954,248.47355657357863,161.33392525627573,558.4638982864452
2025-06-13,992.638432292943,202.27505088820817,197.16960398775183,247.14519559280225,159.1066765182513,550.0146744516284
2025-06-16,1011.656495110474,204.05524073566198,199.54011012501823,251.80611381026208,160.70219860049548,565.9546917892785
2025-06-17,1007.6709188410481,203.58677455879004,198.61448819902049,250.3146214030743,158.4506727431903,562.0129852688018
2025-06-18,1017.1800037245127,204.52369378729088,195.64572940820918,247.6345898720365,159.2119808514998,560.8361640236291
2025-06-20,1005.783261964663,203.31421576049004,188.10522588695858,244.33698809958466,162.79176937357582,550.0186757327793
2025-06-23,1008.0207503222185,206.97676234772013,186.46844866287196,242.9154066208601,163.19673159192087,563.0609257420879
2025-06-24,1034.1003610477992,208.72711851759829,188.25200623868346,247.92589726062775,162.2248396530421,574.0798118508685
2025-06-25,1078.9184688642897,209.6470274310362,192.66563195621893,247.01701963062246,163.24531066641003,571.2424589280531
2025-06-26,1083.882632126289,211.85307891624606,195.89403917421015,252.9946351541201,162.79176937357582,585.2760880906745
2025-06-27,1102.9704259513783,211.20999450511698,201.52681295210425,260.1957630456913,162.85656630882235,591.3537871662983
2025-06-30,1104.6486759062925,211.83602922545379,198.93055337938338,255.63971122092627,166.16909541342505,594.9488641826244
2025-07-01,1071.8567070574436,209.55330007002974,198.49029874693102,256.8865153784929,168.31535419137325,579.7383643762976
2025-07-02,1099.4745709758317,209.14448812306597,201.65098511964925,256.2572814623403,172.05712263360178,575.1841654485297
2025-07-03,1114.0876019846064,212.44505363072773,202.65561469846548,260.3239390078711,172.956133542783,579.5691250031723
2025-07-07,1106.3965499193669,211.96805604583807,199.56268374010924,260.3938499363343,170.0404701441105,579.0371028056946
2025-07-08,1118.70225461363,211.4995898689661,196.8196783847524,255.6047557566947,170.0890368006358,580.9071336606356
2025-07-09,1138.8389011858415,214.4338954678076,199.37079072729128,259.31017720517906,171.00425315261057,590.6686789158973
2025-07-10,1147.3690782285382,213.56934882978288,200.4995924736525,258.98391435235624,172.032845514321,586.2030515573103
2025-07-11,1153.1024215616403,214.35295209358455,203.4006649882798,262.19995930159837,171.02044617744028,578.3600465161284
2025-07-14,1147.159350458873,214.22520410245224,204.94711318291343,262.98066096942387,168.96328628994704,581.1087290726975
2025-07-15,1193.5154975693742,215.41765868894706,205.44378456854884,263.74971674250276,169.3601395779134,572.6208755852876
2025-07-16,1198.2000951047523,215.33250211168755,206.53874317681803,260.06758708351146,170.2105465766778,566.5913894776062
2025-07-17,1209.596943814,217.92182382078062,207.22732485981587,260.871598320822,170.0971581489783,565.382360389095
2025-07-18,1205.4716916306616,217.21911143022953,208.897962506539,263.49336481814316,171.03663920227,567.6957924738001
2025-07-21,1198.2700400111066,217.22339025948148,214.5871703221606,267.18714037188096,172.08953351918885,574.700405617527
2025-07-22,1167.855342383124,215.18342560051104,215.98689001870275,265.0547681537941,173.6445482034311,568.1229415862969
2025-07-23,1194.0748429214136,215.4389478332619,214.73393338934105,266.01024714277753,173.44207330324048,575.1922174093643
2025-07-24,1214.7708348456647,217.5726267279957,216.92381603679053,270.6012544317741,173.12622239331418,576.1755940003753
2025-07-25,1213.0927987895466,218.7778653012739,218.06390459069723,269.6807309070223,173.22341779618395,574.4667011591922
2025-07-28,1235.8163374028916,218.26252888127712,217.38662699978937,271.25378013741977,173.3610833431642,578.4567688432093
2025-07-29,1227.146484446282,218.29234943360967,220.96495982078,269.17967295304953,171.10955748585906,564.2457989480953
2025-07-30,1253.4360368403243,218.57767909344994,221.8454345165958,268.2241939640661,169.3115356674966,560.3847108330303
2025-07-31,1243.6472792808402,227.2059907809605,216.6190030948841,272.79189168357766,168.11287929118262,623.4432716203638
2025-08-01,1214.631051982354,223.20696546151342,213.49222899843582,250.23304679987257,163.9094482077774,604.557125790832
2025-08-04,1258.540196864431,228.11732891065142,220.1635100623272,246.62082806934444,164.69507068925907,625.8050154700768
2025-08-05,1246.3741680840806,224.7571616740539,219.74584632951033,249.06781724550763,164.34679647578187,615.3987699641855
2025-08-06,1254.4847826380487,223.56045450879333,221.34872856187147,259.04217938607286,172.71315124459045,622.274452937493
2025-08-07,1263.9239226151587,221.81432466719468,221.83413042450582,259.9976761550483,178.20433759476458,614.0848183921605
2025-08-08,1277.4181559704568,222.32542163366884,227.36530564994598,259.484972306329,185.75270866835965,620.106153741942
2025-08-11,1272.9432862047443,222.2104445040768,226.89122516394607,257.86530393696137,184.20402714566893,617.3413178651708
2025-08-12,1280.6344452193819,225.3917146771653,229.53264925139342,258.0633908276044,186.20675909771074,636.791693735519
2025-08-13,1269.6571589988628,221.70362636685462,227.97489696466977,261.66394588339404,189.19060953575442,628.7955038443481
2025-08-14,1272.6636135287245,222.51277135373692,229.08110781139555,269.14471748881795,188.74464320085437,630.4479835611563
2025-08-15,1261.6864342576034,221.52900813259754,230.16476232757478,269.2029825225346,187.7797549935737,632.9467589406559
2025-08-18,1272.5936686223702,220.22155016602449,229.71325545666588,269.73899594073896,187.212179538921,618.5504951492802
2025-08-19,1228.0553404312975,217.09989484711488,227.5346423322174,265.68398428995465,186.94460967235202,605.742048395372
2025-08-20,1226.3773043751796,215.37506727507417,224.99481679722405,260.79002371762033,183.25534438118183,602.7112508183948
2025-08-21,1223.4406878022742,215.0977833892567,225.4802186598584,258.62269603530183,182.35531519896682,595.7630014005102
2025-08-22,1244.4865112076955,216.37328138887125,232.63686701729517,266.6511269536766,184.6742954357774,608.4101125465295
2025-08-25,1257.2115644918908,215.1063410477606,235.34602923455998,265.602427466745,184.18780928491157,607.2090366217875
2025-08-26,1270.9157395156503,214.15932850731272,233.82212008592836,266.4996592020037,185.93108030076309,607.8538850680153
2025-08-27,1269.726996955819,216.16423564195202,234.2059061115643,266.97738980649945,186.88787199562887,602.4371877588213
2025-08-28,1259.7287255254657,217.4013160550008,238.90178844045963,269.86717190291876,188.56627156845093,605.4438294532947
2025-08-29,1217.8471273324828,216.14292024715093,240.3353512750938,266.8375679495731,188.22572132847378,595.4405277788635
2025-09-02,1194.0748429214136,215.47317846727742,238.57441916800673,262.5728235133993,186.26353402832538,592.546761731673
2025-09-03,1192.9562591667332,215.5713027847238,260.3717853664034,263.3302333917317,193.35827688333944,594.1104722851693
2025-09-04,1200.2278556926424,216.68895661076823,262.22302921839895,274.6212928383348,194.4204598372005,603.4609229510708
2025-09-05,1167.7855044261676,211.15623350936255,265.2708302311177,270.7177844992074,194.34747946379233,606.5238789728538
2025-09-08,1176.804868015753,212.5212719174333,264.4234381534368,274.80773383423127,192.87987482692463,606.4030007632691
2025-09-09,1193.9348461593067,212.61086482686196,270.7391415682838,277.6042954327023,190.01767076252506,617.2043357339168
2025-09-10,1239.8717516292738,213.446955937837,270.2194471694009,268.38732539047754,183.887791278864,606.1450416253648
2025-09-11,1238.8230058315496,213.71996099440253,271.57521226933017,267.94453247022136,186.51488603413696,605.2745900801696
2025-09-12,1243.3678205036167,217.51223748447364,272.06104624557656,265.84711571636615,189.7906331298857,609.0550103912901
2025-09-15,1242.8784200579319,219.84133812378457,284.27442636701954,269.66906723228374,191.92309555002268,616.3982504768657
2025-09-16,1222.8105419486956,217.14537381447064,283.76598420659315,272.7219807551145,193.09880352918532,627.9249535020874
2025-09-17,1190.7158831754293,217.5634128073366,281.924402414962,269.8904636924118,193.7799040091396,625.2810452334337
2025-09-18,1232.3201615791506,216.89369727794926,284.7489216820869,269.4360248774092,192.87987482692463,628.9324859756022
2025-09-19,1235.3266161090123,220.93763717929863,287.78816684528806,269.7273322660004,199.05839547489398,627.4252379450136
2025-09-22,1283.8531943044632,219.45315905898048,285.3138497338742,265.2412091496906,207.63693599160544,617.1852679002839
2025-09-23,1247.6331763984604,217.22643531588162,284.33091225838047,257.17782276708414,206.2990990767244,609.3128213335962
2025-09-24,1237.4243216032569,217.61886695945148,279.2241244535599,256.5952079899017,204.58013001608126,613.5555131139829
2025-09-25,1242.4589645186013,216.2879541834514,277.6988498259144,254.19482017271662,208.27749181966632,604.0779106248402
2025-09-26,1245.9550333929442,218.17770043509523,278.54620733450633,256.0941500359289,207.13424439794608,599.9158372498651
2025-09-29,1271.5468479138115,219.5171314938699,275.7329575903824,258.8790479596615,206.2990990767244,599.6335246353261
2025-09-30,1304.6202006290496,220.94619483780252,274.65965651634673,255.8494617863078,206.4612652663343,592.3579111410548
2025-10-01,1309.2351741062673,221.69698499384393,276.6933041662407,257.08460226913587,207.1261354675674,578.6132633948907
2025-10-02,1320.7724473752144,220.00346112660654,277.58586075864804,259.15870945350616,208.48834884543982,586.4454501574054
2025-10-03,1311.8922249525513,220.6902000962999,277.2017636112115,255.77953307785265,209.2099567233961,573.144450633669
2025-10-06,1297.3482832549462,225.47645124664544,282.94121759763675,257.3992014472202,208.13156832674147,577.2581134465709
2025-10-07,1293.8521074312052,223.5184537308602,277.6649548341889,258.42460914465886,207.96130562471672,575.1771014583496
2025-10-08,1322.3107005680215,223.88955685438586,276.37696243316606,262.433001656473,209.24241728083848,579.0165530160799
2025-10-09,1346.5040447593926,222.8444462469778,272.885812854533,265.3693851118704,205.9828632099195,591.6561555851247
2025-10-10,1280.7067430124946,217.96440210941032,267.2819042659206,252.12071298834636,198.87190249414803,568.9016600562168
2025-10-13,1316.7868711057886,219.282530898627,275.84594665764877,256.4320765634902,200.80978783908802,577.2904200869748
2025-10-14,1258.8207251356353,219.07776398095976,277.3147008248444,252.14402255783145,200.89898607325355,571.6038585934892
2025-10-15,1257.422361755537,219.01804412483602,283.61911743214586,251.188543568848,202.17196396306898,578.7826015650813
2025-10-16,1271.2670682883938,218.24165974474158,284.1049514083922,249.90678394704977,200.63950030113566,574.3624208566039
2025-10-17,1281.126198551825,219.08206906069788,286.1838327111906,248.24049643871206,204.56392457328772,578.2744388589113
2025-10-20,1277.0706773760446,220.45132067180506,289.8557440559964,252.2488889505262,212.6316521479973,590.5752168919765
2025-10-21,1266.7220397175306,220.82247629630314,282.97514715845114,258.71591653325004,213.06138820417618,591.462513336832
2025-10-22,1260.5688130475057,222.05102530133428,284.3648245346503,253.961777817842,209.55862831171572,591.5753889841149
2025-10-23,1273.7143913650125,222.0595567093519,285.9352463924779,257.6205979073483,210.47482568283277,592.0513438469466
2025-10-24,1302.3826053220962,223.36060955729016,293.66323536770403,261.2561262073615,213.10194527403343,595.5681241888992
2025-10-27,1338.9523477598714,226.73487330498148,304.2270649866896,264.47215337661163,217.9588096139876,605.61850266502
2025-10-28,1405.658826339979,231.23525666051944,302.1933654831622,267.12887533816433,218.11284203729113,606.1186134103555
2025-10-29,1447.6824533336328,231.01341380157376,310.215122576372,268.3523699262459,218.68046716379914,606.3041049007481
2025-10-30,1418.6644078953789,224.27774904443308,318.02220562713904,259.683059196972,220.05886114853746,537.5809649669928
2025-10-31,1415.8675741857842,220.88644873119262,317.69455980197444,284.57236318940693,219.22370340935197,522.9652728932406
2025-11-03,1446.563548730758,220.55372381850336,320.5530086299138,295.9683068086968,218.1533991071484,514.3829200127226
2025-11-04,1389.2967448747509,219.4019968613606,313.5707094726477,290.515041028665,218.9561459607468,506.0022613413319
2025-11-05,1364.9637247694673,216.34340833556624,321.2196043723329,291.5404309461116,219.0372352645337,512.9633543777258
2025-11-06,1315.1087281002726,212.0520313512182,321.7167078715803,283.1973830696605,218.73719242255848,499.24286251406545
2025-11-07,1315.5982354953555,211.93259163897076,315.02814226320885,284.79375964953505,217.68313081703994,501.4772569464062
2025-11-10,1391.814119807122,215.84856042005504,327.7612167835347,289.44301419225627,218.67326474477983,509.5836549640925
2025-11-11,1350.6295108415272,216.99180847015248,329.1283205446429,290.25868910430535,223.3968843328759,505.808668491572
2025-11-12,1355.1045945060362,218.04119790681247,323.9311691412805,284.5490536199219,221.9522280931596,491.2332856205255
2025-11-13,1306.5780163105853,214.69255463366034,314.73444328340315,276.83523965962337,221.53019117455312,491.94309313729036
2025-11-14,1329.722507754834,217.63166407147799,312.29396931008137,273.4677269587084,221.09191155926163,491.59626603900887
2025-11-17,1304.7600904417586,216.48416344261477,322.02174551256496,271.34700063536803,217.07442706619395,485.586983931213
2025-11-18,1268.120510047027,210.6400701990502,321.185692096063,259.32184087991754,217.0581595335813,482.10241143259884
2025-11-19,1304.2007450897192,207.79476687369768,330.82303556182677,259.484972306329,217.96720415753427,476.1576932070781
2025-11-20,1263.086081030479,204.4697884138623,327.02686562675353,253.01794472360513,216.09236481494128,475.21398363784743
2025-11-21,1250.7797346398272,201.7730497152052,338.5623286291429,257.1545131975991,220.34519455844824,479.32764645074934
2025-11-24,1276.4413871176507,202.57651147182344,359.93853961673767,263.6681421393011,223.94069180476478,494.4919092304431
2025-11-25,1243.3678205036167,203.85435888995355,365.42949370717264,267.6182696173986,224.79286215439257,513.1810537114569
2025-11-26,1260.429030184195,207.49133750361685,361.4864397131077,267.0240089454696,225.26360232712642,511.0758364421991
2025-11-28,1237.6341563223202,210.27357403585412,361.74629555482136,271.75483809139257,226.3187070416064,522.6426510759958
2025-12-01,1258.051758963329,208.02129544443156,355.76957662631787,272.52389386447146,229.76804485368535,516.9317855044081
2025-12-02,1268.8197452117752,209.41453999993308,356.8089999931726,273.15311000063207,232.27595199215182,521.9569994417349
2025-12-03,1255.744218750021,204.17062474779027,361.1248816116731,270.77604953292405,230.62026487516843,515.9073587327005
2025-12-04,1282.3164384032293,205.49976561597126,358.85393445061203,266.96574391175295,227.82021271972033,533.5963805201085
2025-12-05,1275.5334936772185,206.49127273054208,362.97781934902775,267.45513819098716,226.26188243913649,543.1869574535995
2025-12-08,1297.4905259544132,209.85046869914993,354.67947497504764,264.37893287866336,225.53955431927827,537.8471736598626
2025-12-09,1293.4346839304385,210.27783973986294,358.4781684536149,265.57911789725995,224.963286289947,529.9101632108997
2025-12-10,1285.1134860116201,204.52534756792198,362.0168332450237,270.0769046883083,226.26188243913649,524.4010412469721
2025-12-11,1265.1842143223157,206.6237720596781,353.2210742499955,268.32906035676086,225.65315385236283,526.4821520322587
2025-12-12,1223.8575765560504,204.51253733065235,349.67110536649676,263.5632757466063,225.85608821721502,519.642036002515
2025-12-15,1232.7382267763057,202.92696858794633,348.4613946674242,259.31017720517906,222.47162184816554,522.7136367675255
2025-12-16,1242.7378885488342,203.59794414067161,346.595977488955,259.33348677466415,222.8774409060146,530.4957334178542
2025-12-17,1195.327541221306,203.48254700330028,335.4599603095005,257.8303484727298,220.62929273487026,524.320126450364
2025-12-18,1217.704029037831,206.8417429719081,341.9493733963724,264.2274473469985,220.913341239437,536.3887807781418
2025-12-19,1265.6038837604424,207.67085145355176,347.26302262953055,264.9149462968677,222.11458055222684,531.8035595718209
2025-12-22,1284.4840888038284,207.24346728759565,350.2250750170836,266.1733785691889,219.92318247576944,534.0073269138705
2025-12-23,1323.0836238680577,208.0683100652305,355.39173648398315,270.49638803907936,221.05132965347673,536.7843148296927
2025-12-24,1318.8879989807722,208.56832932652475,355.0977955205547,270.77604953292405,222.22815524938375,538.8913104461286
2025-12-26,1332.3139986200854,208.43585624787494,354.44208904115806,270.9391809593355,221.8954034906896,535.4523327932221
2025-12-29,1316.160896278736,208.17514954409796,354.4986095016079,270.41483121586964,222.1875981795265,531.738946291013
2025-12-30,1311.405819090013,208.33756130226826,354.8264627413063,270.95082685408204,221.63566935929518,537.5996870108966
2025-12-31,1304.1335808677152,206.68787574699857,353.8655112063912,268.95829427291346,220.64551059562763,532.8691353212909
2026-01-02,1320.5663558850845,202.12349370608501,356.29616755844836,263.92449406366075,219.9556678691395,525.0547320305582
2026-01-05,1315.4616611139875,202.08503674378994,357.86767834257813,271.5683970954961,216.912124278982,531.8195646964247
2026-01-06,1309.3081135957684,204.5039796721485,355.3803978228042,280.7387479987508,212.93514718391626,533.2969760132457
2026-01-07,1322.3843887033095,206.6237720596781,364.0179340976617,281.4728483075981,211.287606251203,523.6662874711798
2026-01-08,1293.9241913255214,204.33303650596054,367.9296684971287,286.9843791213466,210.24064772099317,521.543138534542
2026-01-09,1292.6655038593358,204.8330688924979,371.46833328853756,288.2544928483983,210.50845352887487,527.194034287398
2026-01-12,1293.2249561607732,203.9355647690387,375.187863553386,287.1941296867281,211.22266030039057,518.2413900055531
2026-01-13,1299.308558772638,201.15335448728766,379.83443307687963,282.68469700093317,211.87197079294907,509.4583308865623
2026-01-14,1280.637974549519,196.32827886784014,379.68747987970994,275.75156692846815,210.98731504995126,496.88922002372
2026-01-15,1307.9794812232285,195.16580233659516,376.2280128711089,277.5343667242472,209.5669731834071,501.1515230215996
2026-01-16,1302.2453892443395,196.53341329231432,373.0850258719383,278.629685350149,207.39186747549005,500.70757840797546
2026-01-20,1245.1852116254531,194.25120914661443,364.0405422818416,269.168027058303,200.22529911770368,487.6863227750762
2026-01-21,1281.896875914501,189.80221111782905,371.253520969739,269.5292453753574,200.99634290965312,494.82263240705527
2026-01-22,1292.525614046627,192.80668426630513,373.69551598297505,273.05988950268386,201.56446475471418,522.81060608727
2026-01-23,1312.3148889738245,199.13613587461666,370.744767687512,278.67630448911905,201.31286438962604,531.7954582124536
2026-01-26,1303.9237461486518,200.98667702510852,376.7706438605168,277.8140282180919,207.29446096723518,542.774282111192
2026-01-27,1318.2587087223785,205.38864730785184,378.2290445855689,285.1083588276193,209.61567643753455,543.2666372868894
2026-01-28,1339.2367262094072,205.83738624433835,379.8796840143285,283.1624276054289,208.13042587406946,539.8438623527176
2026-01-29,1346.159453798729,185.26776775643592,382.4121463333734,281.6709351982411,209.6237729499494,596.0135507585053
2026-01-30,1336.5096235073706,183.8958779714648,382.129509462035,278.83943591553043,210.59773868878722,578.4070739192852
2026-02-02,1297.9100884431416,180.93843256903074,388.56236751936797,283.10418035170426,219.14405458936898,570.2617004592767
2026-02-03,1261.058534341385,175.74153193768686,384.06275119304405,278.04707057296645,218.71389632242,558.3868365753899
2026-02-04,1218.0536466202052,177.01512677705128,376.52195383453727,271.4868402722864,224.4032857932285,540.0538061168104
2026-02-05,1201.9005442788557,168.24536434460774,374.49824479771945,259.484972306329,223.93254562049464,541.0386646638032
2026-02-06,1296.511404214849,171.43785660055022,365.01279790884666,245.07108840843205,225.72624598744545,533.9750696719993
2026-02-09,1328.8875538039026,176.7629777317782,366.6634373376063,243.20671400945133,223.0941343747866,546.6975629789612
2026-02-10,1318.3984915856893,176.62192074413827,360.1739896816455,241.1559163945661,222.3304792713139,541.4503520355561
2026-02-11,1328.9574987102571,172.818277793539,351.5591307291459,237.80004958839763,223.8090117163489,539.8116051108464
2026-02-12,1307.2103011521258,171.73702026662227,349.34325212679835,232.5798261632404,212.62263670625927,524.5704288156955
2026-02-13,1278.3305412856093,171.5147836503834,345.6350259540399,231.63597528901155,207.78900637662443,516.4654633554584
2026-02-17,1293.4346839304385,169.60868334583185,341.4519242062354,234.3859177485125,214.36924815438013,516.0778824676765
2026-02-18,1314.4825393744236,170.77969128509451,342.9329676845564,238.62735261520123,214.7510757061165,519.2504538335825
2026-02-19,1313.9231940223842,170.68117321035504,342.39030212605945,238.70892721840292,211.68838361573853,520.5098200269432
2026-02-20,1327.3493006110955,170.1542997016698,356.10399799291866,244.82638237881892,214.9378915539219,529.292879145934
2026-02-23,1339.4465609284705,164.68852846533818,352.1583167480927,239.18667560289063,216.23767982763863,514.4311329806649
2026-02-24,1348.5370458677894,166.628951280607,351.49130617660603,243.02027301355486,221.0794687595075,516.085983827044
2026-02-25,1367.4870888681317,171.59784018874623,353.75243571640243,245.44395262023295,222.7773272816456,527.7025921818301
2026-02-26,1292.875231629001,172.07759407468774,347.5117126555101,242.27452680996095,221.73747182674455,530.3826601764405
2026-02-27,1239.031771056632,168.2309922034087,352.463630941789,244.69820641663907,214.61296311243845,523.2545507008941
2026-03-02,1276.0230010723014,170.71970892410872,346.5394224594161,242.82218612291183,215.05161526664472,527.5976696983164
2026-03-03,1259.0306668040967,173.02425223357181,343.2156045558948,243.21835990419785,214.26364578999983,528.8246798527405
2026-03-04,1279.938846334169,173.5682673097511,342.70685127366784,252.64508051180417,213.26439707681132,539.036591530881
2026-03-05,1282.0366587778117,175.91562516221978,340.16311943162196,255.11536147746043,211.45281484195039,533.2565680134745
2026-03-06,1243.4371237135827,175.17886589105666,337.4949388693194,248.43860110934705,209.1537778550451,520.5743839092183
2026-03-09,1277.2116366827345,175.37162321128366,346.6023382013236,248.76486396216987,211.11974021619676,522.6168156433791
2026-03-10,1292.0362136009421,173.80814425272183,347.37170784522135,249.74365252063834,211.8914918320843,528.0093570700693
2026-03-11,1300.91729161879,173.43118727077174,349.24977731025007,247.7860576237094,211.8752491353993,528.6470427290516
2026-03-12,1280.7074916582812,172.13755018518734,343.42322650418964,244.1505471036882,207.7727636799394,515.1818918810609
2026-03-13,1260.497477798976,169.43465574751443,341.98643145973773,241.9832194213697,203.1909696567054,495.4280608241664
2026-03-16,1281.2669439597184,171.31941440677872,345.69728488325717,246.72571224203122,205.38439186126652,506.95357828460266
2026-03-17,1272.2457622303657,171.08810824755494,351.761359899563,250.75739654333842,206.5298248446202,503.0834008395157
2026-03-18,1261.5464374954963,167.82405716620883,348.10706150558235,244.54672088497423,203.0447481326487,497.4438667491869
2026-03-19,1248.6792484612322,166.637522064354,347.47351381220915,243.25331536842944,202.2486324717336,490.1884078562685
2026-03-20,1207.6998753905825,163.57479908698184,340.5382977541068,239.30318789033197,201.46061332323336,479.6526393975651
2026-03-23,1228.2595068322616,164.0588580526615,341.73756858831337,244.8613378430505,204.30392966465288,488.0554286116178
2026-03-24,1225.182572649055,159.6639491507082,328.5911860403796,241.48217924738896,204.42577472571824,479.0547689559614
2026-03-25,1249.5183734386892,158.93576066329203,329.1455359509451,246.6907567777996,205.22190280459714,480.64643907898164
2026-03-26,1197.4901650001946,156.76400543831323,317.82066783850115,241.83173388970482,205.44125371762792,442.3895972123914
2026-03-27,1171.4759003568502,152.82317744678977,310.3763528072823,232.27685509991068,202.1186412263981,424.75995246132203
2026-03-30,1155.042269744296,153.76126482192686,309.42601398267794,234.15287539363788,200.35578708159224,433.372784236533
2026-03-31,1219.588156584079,158.56309563583696,325.33287656043785,242.68236426598548,206.17238617383907,462.2572918872234
2026-04-01,1229.0287938527624,158.22040866363173,336.45413273890637,245.36239579702323,207.6671613155591,467.99374589876396
2026-04-02,1240.4972986587343,159.97236611316862,334.62131421132653,244.4302085975329,207.90274250731107,464.1398699694773
2026-04-06,1242.2456004694009,159.72393151169396,339.395616518528,247.94918905012082,210.29111432598398,462.9764357266737
2026-04-07,1245.4624244653164,159.4712049557243,345.5841402550905,249.0911268149927,205.93679256412324,464.6165164117671
2026-04-08,1273.2948288762839,160.34501801538056,359.00206299680644,257.80703890324475,210.32362455528167,494.80993698414426
2026-04-09,1286.0920730041937,159.80530801893946,360.3257134130917,272.2558782653733,211.6152914806559,507.7130313267587
2026-04-10,1319.099330991409,158.86292868930732,358.91152655281974,277.76742685911375,211.6071701323134,508.90072024913155
2026-04-13,1323.8545151295298,164.64568767184636,363.51616377140465,279.5269170854077,210.56733951334002,512.6739283744739
2026-04-14,1374.2044736131102,168.38947951389088,376.63990356606945,290.1654686063571,210.26675028095644,535.2644207747259
2026-04-15,1390.7081560814167,176.1469444466867,381.40290178118096,289.5595442596896,216.44078804398444,542.6087970265542
2026-04-16,1387.0717695967728,180.01924554396356,380.15838000952556,290.9578161689291,213.97929925430125,546.882856875223
2026-04-17,1410.3585037404882,181.102983741827,386.56188891033133,291.95991429688263,219.52781934346226,556.3198043719307
2026-04-20,1413.0158754349666,179.08115816882645,381.74233566568097,289.3031923353299,221.8186853101697,542.0674385063909
2026-04-21,1397.7712012810398,181.68981336101183,375.9384621819784,291.2025221985422,216.2295833152238,540.3950017823609
2026-04-22,1416.0929165675714,185.44218911204646,383.8919107554029,297.5530197138328,221.91621599806282,545.1457574718522
2026-04-23,1396.0927374273294,178.0873803871986,383.40541996646624,297.22675686101,222.12739589089577,532.5658777288753
2026-04-24,1456.442785481031,181.88686263573388,389.63916007138863,307.60893867760774,220.20206510738433,545.3962574313147
2026-04-27,1514.7648590480462,181.97253109747442,396.35942553433654,304.2647355461778,217.39938034360503,548.2967910774888
2026-04-28,1490.7087309344315,183.87012624449451,395.72587784096334,302.6101294925706,219.91774340761347,542.414858387065
2026-04-29,1463.2959959615907,181.8183226162442,395.9069161598478,306.5019919369514,219.47906641747954,540.6211976637211
2026-04-30,1395.6033369816448,174.6734127791173,435.3459600963821,308.8557428351744,220.43768355302782,494.3978544241295
2026-05-01,1387.7710047615208,177.5262368687685,436.35292308870316,312.5844916331358,227.57845979994661,491.8447406586294
2026-05-04,1387.980732531186,177.17497911281626,433.592373920699,317.00068604099056,224.88944907703484,493.18596022072006
2026-05-05,1374.1345287067559,176.21547134093325,439.45280243394046,318.74853037253797,230.86042829557238,488.78257501337004
2026-05-06,1453.3658512978243,177.3206168102995,450.3251611718956,320.4264637756222,233.56565687924152,495.1816115443877
2026-05-07,1479.0303914093965,180.2377020901884,450.2685715732677,315.9753139035359,233.50878260491626,498.35689982959354
2026-05-08,1504.904659290634,177.81751226373495,453.44768327040174,317.73478634983786,238.28552624226208,492.5557831387124
2026-05-11,1534.5552034692246,176.76376524636441,439.69039578236374,313.4350864494325,237.98466381467432,483.8540340045915
2026-05-12,1543.9258958315536,174.66912082462227,438.2309579846429,309.74132867568665,239.70847588120975,487.1989568511844
2026-05-13,1579.2408009814746,173.572546139003,455.50675648522594,314.7634652102008,243.017888076892,498.2114705492432
2026-05-14,1648.5419789087764,175.38018086978755,453.75317030954284,311.37264293980076,242.48123335216724,499.66576335274755
2026-05-15,1575.674466352583,180.73030558912885,448.8996356504447,307.7837515587497,244.12375742749458,496.272331147016
2026-05-18,1554.695272422175,181.42425031728635,449.08067396932904,308.62268270030785,242.1803709245795,493.83234002146247
2026-05-19,1542.7370463223244,178.80273238685893,438.58166139214393,302.19062836180757,243.09920090402778,486.8838436109142
2026-05-20,1562.7372254625661,180.36191939092572,439.99588282150484,308.7974955814497,245.76625666689432,488.86339101291264
2026-05-21,1535.0447108643075,179.90688033774927,438.58166139214393,312.81751620801845,247.9941883929292,490.73786773579917
2026-05-22,1505.8137291744456,179.68367245352073,433.2756173585569,310.3239434528691,251.10846470504234,493.0647362214062
2026-05-26,1502.5270672215736,178.5932928826466,439.961901407057,309.1237584342726,250.71002191770617,494.7453731018691
2026-05-27,1486.7227268674133,177.15092054220642,439.9053118084292,316.7676614661079,252.7591101287122,513.2636974567104
2026-05-28,1498.2611765797396,183.29819377623284,441.3761228364179,319.27289789599575,254.10889312479435,513.2879521362796
2026-05-29,1476.5129095276272,193.27895676367731,430.3001175953984,315.35774366212183,253.74298540268353,511.0418502516825
2026-06-01,1568.9610387353341,197.6919522506281,425.8086595740691,304.4278847525812,249.06752267830643,485.1548455669108
2026-06-02,1558.1916621447124,189.44548013550238,409.3813593620136,298.90467248410226,256.296193273189,482.86028372170773
2026-06-03,1501.7577802010728,183.44845155928874,406.1456580662519,291.3306981607221,252.27935451424028,503.3419527598126
2026-06-04,1530.8827750374223,183.7532328294093,421.07960820431646,295.7236007790837,253.06809390464244,507.0505476043471
2026-06-05,1435.9464680830242,178.8680304713019,416.9388190213992,286.6814258380088,249.905039830619,479.1193822367693
2026-06-08,1460.7307076988727,176.75167689746553,411.2786492405042,285.7375927437719,245.1889455286017,472.97084566521386
2026-06-09,1457.5801923297763,173.1757831652088,412.3540935980554,284.5374077251754,236.25270556386872,472.32446586447156
2026-06-10,1403.180808786107,170.57862568598264,403.4336784682368,277.32463393885763,237.09022271618122,461.3281548851475
2026-06-11,1434.3361309959007,167.5650961197647,405.0071596904373,281.4145832738815,240.3833673792508,459.26784088213924
2026-06-12,1436.5766139366028,167.7368005500527,407.1693524976296,277.9655137497568,236.7243398299981,458.09630527996836
2026-06-15,1487.4052779260587,171.6089178939261,418.1161384841161,286.66977994326226,241.02574864799416,479.95159931763334
2026-06-16,1452.1192491136235,169.06327699388356,422.5310605424875,286.6464703737772,243.31875050447977,485.3942308565094
2026-06-17,1432.7958457645298,162.65842086393894,411.82204074986925,276.74201916167516,240.6435733932707,459.0061274557477
2026-06-18,1475.083209973887,162.86876600992542,416.6218204756344,284.77045008004995,242.31860769789577,466.8020062967075
2026-06-22,1460.8006526052272,157.69165824518257,395.8490475049285,271.25378013741977,241.50550426246608,455.9896060547287
2026-06-23,1400.520335559084,160.5248994721224,391.8303217751296,272.79189168357766,239.3019117455311,454.65525288868724
2026-06-24,1393.239113587346,156.88461329719692,390.879429845102,272.97833267947414,238.3098902872896,450.99180830306597
2026-06-25,1370.4152564385877,151.46279850002097,389.0907906132133,264.51875473558977,223.7306295286762,439.02293901139825
2026-06-26,1347.9413377203975,160.10850113464446,381.93637196201445,271.13726784997846,230.74787187144926,444.99122033703014
2026-06-29,1365.0242581287894,158.21967365001788,400.34320191519663,279.81822447399895,229.08910509943686,454.97871448098846
2026-06-30,1400.8703809390506,160.12996090711968,404.5543737632368,277.7208077201436,235.28509782251007,455.53672030668093
2026-07-01,1383.2974183885854,164.9636598112866,408.9013675618015,281.63597973400954,239.36698187598176,495.66477859299766
2026-07-02,1364.0441738446423,167.62947543719037,407.4297268756777,282.7662538241429,250.95396039911338,471.3955264565265
2026-07-06,1369.0850198250762,166.01967749571412,414.8445199049246,284.5024522609438,254.23086236549796,485.45889353585005
2026-07-07,1378.746614550225,166.92117169307693,415.4897865194553,286.6231608042922,252.60460582278324,497.8240872555923
2026-07-08,1429.0852363976073,164.56013733729375,409.70513344921466,283.8732183447912,254.82444103640324,487.7475769556586
2026-07-09,1419.7036351966726,164.99799544724692,406.2750847353187,287.8583012871203,257.12556424123136,510.6824759260882
2026-07-10,1476.9735405852246,165.31566570609576,404.3392848917266,285.8774146006983,256.3937736329374,541.1950604184192
2026-07-13,1424.954529794966,167.84412566291502,399.0527032552242,288.17291824519657,258.01185915545426,531.1023473997508
2026-07-14,1482.8545810370963,165.2426893544369,406.9769409484773,288.3826688105781,256.01971972655645,534.5878584704868
2026-07-15,1487.755323306025,169.83598630590885,419.8934390548258,297.0869350040836,266.29759650310143,550.9804157664556
2026-07-16,1452.049197257871,172.18414479820694,401.2601469998654,291.1792126290572,270.981180575821,537.4183449972531
2026-07-17,1419.913683814532,169.05898503938852,392.5548207415571,288.07969774724836,271.37145234295934,522.433053101632
2026-07-20,1423.2043028951337,172.69499238506208,398.46402623932124,291.2957426964905,265.5576348746096,522.3036289458853
2026-07-21,1451.2790546421854,170.74605128701867,392.98499848457755,288.45257973904125,266.4927323866705,520.6538661483772
2026-07-22,1484.6748597926812,167.5650961197647,387.25690044387574,285.30646349825435,264.98846992058714,507.1969648553521
2026-07-23,1461.5707952209127,163.80459584324862,359.63533413746796,272.26754194011187,261.54896713585873,490.15748437478095
2026-07-24,1448.128539273089,163.85612554767536,361.9559916484538,270.4614325748478,270.7860198563242,481.33451124134626
2026-07-27,1375.806147798988,167.03278876043433,369.67644456228663,269.62246587330566,273.9490739303476,480.26700894909993
2026-07-28,1379.3067085480511,168.85722380239213,377.77048562051215,269.00489563189154,276.52664584588064,479.8949885991274
2026-07-29,1330.29832331418,167.6509483349087,381.16658748904916,264.0992713848187,274.98987315049953,473.5870923609924
2026-07-30,1365.5143002708628,193.64814360170976,377.7138960218843,274.4115600529453,271.1193925132096,435.9175496500021
2026-07-31,1405.4912366331635,199.49492752011068,403.15066133691977,316.4530267280397,251.18165618383554,450.2154609627169
2026-08-03,1446.728357753223,209.3383085879844,422.82538176589446,330.9484852291383,246.71762171156794,477.33140234468897
2026-08-04,1483.8346653212434,211.55340336569296,427.511982294404,323.25799861831683,251.5638066026314,475.4713993918917
2026-08-05,1534.8034330222042,209.2567483273354,410.2824372348497,317.6998308856063,252.8810793694158,476.14262665459614
2026-08-06,1533.1932028844788,214.57980879539602,404.98455150625733,317.2454098505956,254.0275802976586,477.05649951005915
2026-08-07,1567.9891895548406,214.6356173290747,401.07900497371406,319.8322208836851,254.77563843856524,478.8355876662484
2026-08-10,1523.1114039742129,217.241358717291,404.7241771282092,324.03868250615034,250.8692947217445,481.1161697266897
2026-08-11,1522.7613585942463,216.27547207725937,389.1926657183789,317.2570379653502,248.14298043549798,484.512714039983
2026-08-12,1568.8992219832348,211.39026971915195,388.898379064061,311.442553868264,245.97820647348456,468.120206142547
2026-08-13,1577.3707907557753,213.30057010149685,392.0906961531777,308.9373174383761,248.4278236897496,481.1565777264609
2026-08-14,1576.3905995222303,212.66522958379917,391.56994739708153,306.0475353419568,248.9730716454423,477.0159927132225
2026-08-17,1575.3403564329326,206.204578045419,389.4190932510681,304.4861320063058,248.69637457546085,460.13019106796725
2026-08-18,1538.4440974827721,206.75405322272954,389.6455207837573,302.31882210397936,252.30975368968748,439.6699115945334
2026-08-19,1523.1814558299654,207.9045201565343,390.23416323057126,309.7646204651797,257.8437447611715,441.57847330500203
2026-08-20,1518.210661705284,206.9368222329543,385.64943780722734,303.0878423170743,253.34330081896474,441.4167425088515
2026-08-21,1503.2980654324438,207.8357045069394,390.34737699691584,301.36332533500394,251.7563595497246,444.7081667445002
2026-08-24,1459.6105197032207,209.58616567876246,394.0151573355909,305.3717178468181,252.56203704278607,452.0836146734142
2026-08-25,1491.6060363844526,211.4785501042702,392.76990961306734,304.19482461771463,252.20395263788595,461.0036065251263
2026-08-26,1467.8719329085036,213.48276160102503,387.1550253387101,303.2859469877093,255.09304159396984,465.9286402380812
2026-08-27,1596.1338862082466,217.22022707589338,385.62679505395846,298.60173698075647,256.0126414871753,461.85271790418324
2026-08-28,1523.1114039742129,220.86308579846724,392.3510705312258,310.4521016350569,260.1794395772925,467.44902827837535
2026-08-31,1545.7253194545099,218.17932796524016,384.15515436783465,302.6916685357883,257.8600371297119,462.855557517089
2026-09-01,1522.3413683079254,215.4826680180417,379.2534303987259,297.0403158651135,264.5984961845806,467.86950858895375
2026-09-02,1571.139704923937,213.67630643583828,381.63071207742854,297.1102267935767,264.46013523162605,479.44210285107954
2026-09-03,1599.4245052888482,219.39647113401378,387.69841684807517,301.6779245130882,267.1050621829539,493.86138635870634
2026-09-04,1612.7968163303176,214.91496187805953,383.3939084598425,301.22350347807753,260.39916302923814,498.7864200716612
2026-09-08,1580.3812024133667,212.44195607335516,383.28062555532,299.42904000756005,257.34732423924453,496.12576570041284
2026-09-09,1565.958755231998,211.45274587632753,374.54705635133115,294.1039324097161,256.6311554294442,528.643881222957
2026-09-10,1530.4930514307623,211.79251904456368,376.75595199770873,293.5096717377871,265.77040426681236,521.1148532557925
2026-09-11,1530.0023675923005,213.1645007062365,383.4392285354693,299.207643547432,270.40918432604605,524.0666625789381
2026-09-14,1478.6262296339937,217.37076048905442,395.77500051637577,295.4322933904924,271.06837951781046,538.2756071342102
2026-09-15,1487.1071030041685,213.80532757555167,390.779525178007,289.46632376174136,269.6523342667503,542.0280184772741
2026-09-16,1499.2327049120388,210.8721244971309,388.3893837982112,286.5998690147991,270.5231315621178,544.5107393336373
2026-09-17,1537.361876523444,214.076285094193,393.44148330429675,292.69401460573,274.2585792607586,551.7891191457413
2026-09-18,1557.8984068951347,212.36883534402216,395.944907588615,295.63039806112744,273.55055663522853,538.3969299305895
2026-09-21,1593.714583873929,215.73641834297348,402.0957855872998,301.1535925496144,275.8699590828092,599.9273965065235
2026-09-22,1604.1579786991558,214.1838070857019,397.77997310697725,297.1102267935767,276.4965943734206,596.1639198921284
2026-09-23,1580.6076142891347,215.29773334270476,382.6802641873486,290.4567759949484,274.2748467933713,602.2340115937121
2026-09-24,1574.089262374012,214.15369777802104,387.8116651835087,290.58495195712817,273.3796606170486,629.3390358999515
2026-09-25,1577.5237283950519,221.99849807843162,389.57880244206416,290.92286070469754,277.57084758812096,608.3526620529672
2026-09-28,1604.0879268434032,219.0093945896304,388.2534581404198,286.82124769493515,275.39792744183734,579.1838658464287
2026-09-29,1592.5230606297475,218.8975675183834,386.1805227209226,287.4271720416027,268.0735143458527,597.9363886449322
2026-09-30,1600.7236196275142,220.592128279826,389.7600136063934,290.31693635803003,271.0195520840448,586.9212074261061
2026-10-01,1618.105998350573,220.54910373293072,383.1446998975286,289.2449273016133,268.822243056806,587.5282165962644
2026-10-02,1639.7638931612946,222.58343766260947,389.1030280707052,293.0785424922695,271.5648248756652,589.2683293101315
2026-10-05,1658.5130851920137,226.28648875005882,391.54422799489515,293.34654031137563,271.4752913564763,603.5491981290552
