Date,nvda,msft,googl,amzn,aapl,meta
2023-01-03,100.0,100.0,100.0,100.0,100.0,100.0
2023-01-04,103.03177459720688,95.62568460447703,98.83304252084733,99.207643547432,101.03142359342199,102.108388333789
2023-01-05,99.65070997350529,92.791537735763,96.72351553837471,96.85388375921303,99.96001415896147,101.76366718981653
2023-01-06,103.80020597115829,93.88512642857607,98.00268428998974,100.30296217333377,103.63796645672237,104.23281236146539
2023-01-09,109.17218698202656,94.7992274219404,98.76570192973314,101.79445458052155,104.06173565497087,103.791883224116
2023-01-10,111.1351762094823,95.52131923393469,99.21454701958253,104.71918325117645,104.52545964935025,106.6137581317596
2023-01-11,111.77785515269132,98.40971929501957,102.69299275863946,110.80167405736483,106.7322310280068,106.53359817216534
2023-01-12,115.34054657956798,99.55336110241016,102.25538262367309,111.01141573275038,106.66827851827125,109.59594061869645
2023-01-13,118.0510051003496,99.85391604425124,103.36625175114055,114.33232707468726,107.74764786705032,109.81241940120287
2023-01-17,123.66048728682564,100.32139126526884,102.43492584497665,111.92030225275164,108.69111502815059,108.51371946469781
2023-01-18,121.39015224713705,98.42639491638334,102.24415631106305,111.23281219287841,108.10748318250786,106.63780858761693
2023-01-19,117.11490381874164,96.80689742025315,104.40979757203984,109.15870500850818,108.15542893786491,109.1470275691153
2023-01-20,124.61755064905915,100.26711838503333,109.98651805414039,113.31857416199121,110.23424562519818,111.72838557829037
2023-01-23,134.07611467835605,101.25217444261851,111.97262473608657,113.63318223007151,112.82479415208317,114.85489548016167
2023-01-24,134.57911103265187,101.02678120541313,109.62746618062525,112.23491032083194,113.96016851424227,114.75068506471011
2023-01-25,134.98427543157922,100.4299042126321,106.84469749019749,113.23700844878547,113.42448242395659,113.43594326436998
2023-01-26,138.33042776347366,103.51447415715103,109.42548761864761,115.61407780648952,115.10355246257211,118.08561579748455
2023-01-27,142.26337129747057,103.5812750819294,111.50136159010908,119.13306714907341,116.67863447856135,121.6450092249972
2023-01-30,133.85955553036302,101.30645388547556,108.77468125136656,117.1638352473939,114.33596091222604,117.89319981073068
2023-01-31,136.479214018231,103.43517800093753,110.90664357451325,120.17012074125853,115.36737208768497,119.424408053682
2023-02-01,146.30107175989968,105.49709462899959,112.69078033675481,122.52388941947348,116.27887541188056,122.75131785453893
2023-02-02,151.6521107431532,110.44328999181181,120.89317891319959,131.56607325054435,120.58847981841959,151.33078674914898
2023-02-03,147.39783776405721,107.8345297976816,117.57180648568017,120.47308291459228,123.53079198477607,149.53503583166236
2023-02-06,147.32096788931432,107.17504539529392,115.46231407229952,119.06315622061024,121.31607310976405,149.15826180975793
2023-02-07,154.89346604059384,111.6787691252019,120.78097628301023,118.9815905074045,123.6507370899286,153.61549367632813
2023-02-08,155.11700363634614,111.33232833346884,111.50136159010908,116.58122047021145,121.46796963385822,147.0498426262308
2023-02-09,156.03912128508784,110.03421553998595,106.60907455948174,114.47214893161362,120.62842840556894,142.63265371977195
2023-02-10,148.55047145631048,109.81718964525946,106.11535014601121,113.73805751276225,120.92473342203485,139.61040359293327
2023-02-13,152.20399633778547,113.24816756840367,106.16023811190533,115.98695090828643,123.19894675804548,143.84320978445103
2023-02-14,160.46804261959966,113.60296913999403,106.23877908881059,116.17338301418691,122.67842300065051,143.88326508445763
2023-02-15,159.0219799046105,112.69492544632224,108.77468125136656,117.87462598675621,124.38406748020468,142.02338373131656
2023-02-16,153.69892155576338,109.6947311270981,107.17011363724751,114.36728253891886,123.0868249696179,138.23953994896095
2023-02-17,149.40974296919717,107.9832781777805,105.86848361813944,113.26030912827456,122.15791166121859,138.59227585490333
2023-02-21,144.28923339812906,105.72786265325608,102.99596492274242,110.20741338543583,118.8987800034286,137.9509221387778
2023-02-22,144.98076815998988,105.24247147540136,102.8388743266589,111.61734007941789,119.24311770099297,137.1813322311339
2023-02-23,165.30909343212429,106.60659111645484,101.98608075512725,111.65229554364949,119.63548807965576,137.9188877706887
2023-02-24,162.66852633832625,104.284243414721,100.01120038579107,108.94896333312265,117.48141853620653,136.5961126985358
2023-02-27,164.17044337273728,104.67758726268659,100.84157590119463,109.25192550645639,118.45035493953353,135.91471602229893
2023-02-28,162.1795269855706,104.36794965261747,101.05475484896331,109.79958481940729,118.0419653885292,140.24371169735076
2023-03-01,158.5609344489135,103.04985367650856,101.39139730862334,107.39920589221823,116.3603248315612,139.02517172043991
2023-03-02,162.86411003701986,105.07511150058082,103.23160513800414,107.35259564324411,116.8407882401393,139.9150262472657
2023-03-03,166.88789370995204,106.8241945218779,105.08303063772198,110.58028648723277,120.94076501233941,148.50889950161016
2023-03-06,164.54067542684672,107.4853458301398,106.74371253034518,109.24027072171387,123.18292758570396,148.2283026233445
2023-03-07,162.7101162827306,106.34715756125897,105.3186708529837,109.00722836683929,121.3971872444422,147.91564669719926
2023-03-08,168.94938332646961,106.15885626106581,105.75628963022305,109.43835761235687,122.41416874683071,148.28442446697667
2023-03-09,163.74418320644568,105.58143087856506,103.59066565379227,107.49242639016646,120.58840531064124,145.6549408662964
2023-03-10,160.45336381569223,104.02062946959644,101.69434354590732,105.72128137912998,118.91477433984402,143.90731554031498
2023-03-13,160.46035563212538,106.2509232788196,102.232947282999,107.702168065552,120.49229027659212,145.02163276187895
2023-03-14,168.12493720900991,109.12561402348224,105.44210843805608,110.5569769177477,122.18996242386469,155.53953014491418
2023-03-15,169.27778480004508,111.071385375316,107.84336398747563,112.0950795739096,122.51029619884288,158.5297459036638
2023-03-16,178.45154260125116,115.5738162687782,112.56731682486347,116.56956568546892,124.80046661737978,164.28570238652958
2023-03-17,179.73711438645105,116.92541442791035,114.02604608232802,115.2994608484132,124.11981322638488,156.81417962556193
2023-03-20,180.95979992977436,113.91263300054936,113.57720963475163,113.85457869019955,126.04166686069733,158.5778344754832
2023-03-21,183.04889585783005,114.56119063805286,117.72891436630965,117.23374617585709,127.54712135783473,162.06511355510963
2023-03-22,184.92838434830423,113.93774159060752,115.98968285450819,115.00815345982198,126.3860045582617,160.18116940621596
2023-03-23,189.97987145619015,116.18475695954531,118.49193200605306,115.0198082445645,127.26686034963643,163.7646256294812
2023-03-24,187.10128849284044,117.40246451377241,118.3123887847495,114.34397296943379,128.32386494695263,165.15153113728854
2023-03-27,185.36850782939726,115.64914203895272,114.968581016556,114.23910657673902,126.74636142816757,162.61022842812008
2023-03-28,184.5231129999859,115.16794437626973,113.36402204470994,113.30691937724866,126.24185684311414,160.87862028618315
2023-03-29,188.53360821109297,117.37731654798493,113.76796188411922,116.81426282508605,128.74027650209078,164.62243344832265
2023-03-30,191.32132429815968,118.85860523422882,113.20693144862643,118.8534145452247,130.01352750805444,166.6185595850044
2023-03-31,194.0742016211255,120.63697067289118,116.39363133619047,120.356561737155,132.04747809486838,169.9054140858547
2023-04-03,195.38770056603633,120.1892292548806,117.1005346974297,119.33116292971239,133.0644595972569,170.81131047651553
2023-04-04,191.81041723163239,120.16833386785886,117.50448317911197,121.12560862023795,132.6320412877403,172.13404852898267
2023-04-05,187.81391902206545,118.97994810672634,117.22397228250207,117.80470616829706,131.13459637677366,169.53664865597253
2023-04-06,188.90389373989788,122.01786437463171,121.65617926839703,118.92332547368787,131.8552604447332,173.2403571585244
2023-04-10,192.69077114320945,121.0931122464884,119.43447558255403,119.0515014358677,129.74924841830853,172.15809898484
2023-04-11,189.82615844405214,118.34812515418058,118.2113951826242,116.42973493854656,128.76430526060304,171.43660998891076
2023-04-12,185.11701633658632,118.62428026909112,117.41472453186968,113.99440943712192,128.2037832442065,171.55682524851161
2023-04-13,184.8934520034863,121.28139385881688,120.54532742547552,119.31950814496987,132.5759617665819,176.64743925887083
2023-04-14,186.95456729713555,119.73312705701271,122.16114727902357,119.4476841071497,132.2957131763467,177.5613319016587
2023-04-17,188.65936732617232,120.84622642370005,118.90709815807237,119.71568192625588,132.3117323486882,175.45296207771258
2023-04-18,193.30562319176153,120.66625309025645,117.25764257805918,119.20298696753258,133.30466025663833,174.67532655836064
2023-04-19,195.15013923139617,120.69976183590126,116.89855613545208,121.53344607626249,134.23357356503763,172.9196679605664
2023-04-20,189.37199785539732,119.72057932460518,118.14409780287494,120.96247719382653,133.44879555382283,170.81131047651553
2023-04-21,189.476808258525,119.57415411253571,118.27874441601136,124.63295206807533,132.14358071095447,170.66699540147633
2023-04-24,188.93883945338968,117.90457068872023,118.90709815807237,123.7590299023016,132.3918033744697,170.5867984221963
2023-04-25,183.3423382492398,115.24745709899446,116.5282693070539,119.51759503561289,131.14259354498137,166.38608829824392
2023-04-26,188.33794430035613,123.59536109282874,116.37117871097043,122.32580252883048,131.13459637677366,167.86918328958532
2023-04-27,190.22438450124184,127.55381628584101,120.72486200450608,127.96550930475877,134.85819710672638,191.24578214667656
2023-04-28,193.87855107906253,128.570681370089,120.44435110789618,122.87345295178538,135.87515377318874,192.65673811034125
2023-05-01,201.99031479684263,127.85929319384613,120.28726051181269,118.91167957894133,135.8031047515411,194.9494906492284
2023-05-02,197.09947904283237,127.79652828132227,118.17773352934009,120.75273551844101,134.96225963713098,191.7909340393728
2023-05-03,194.24883660786745,127.37390857861296,118.27874441601136,120.77604508792605,134.08942584989006,190.01925825753398
2023-05-04,192.57200384456323,127.79652828132227,117.47083881037383,121.1838736539546,132.76016983054635,187.2053796020174
2023-05-05,200.38330661715267,129.98917889332282,118.45826171049596,123.11815898139848,138.99017496972036,186.6121391375018
2023-05-08,203.67413937657997,129.15230026776152,120.9268405664837,123.31624587204149,138.93410786652504,187.00497970303178
2023-05-09,199.6217333728957,128.461886229999,120.45556877823323,124.23677828678932,137.54877232602294,187.08515200252128
2023-05-10,201.81559959805747,130.68380613412174,125.3927437747547,128.39664744027235,138.98215296558652,186.8526560359703
2023-05-11,199.67063598190603,129.76321470804243,130.8011732749807,130.7154517642597,139.13431026690486,189.02518097536137
2023-05-12,198.00776011412034,129.28617774742347,131.85594540849,128.47821315347804,138.3805523274026,187.43790024835891
2023-05-15,202.29069552999005,129.491233420439,130.73384996841247,129.5735228893838,137.97960113626846,191.4862867052498
2023-05-16,204.10728440991375,130.4452679659476,134.1000930772801,132.1370332429843,137.97960113626846,191.45423999726546
2023-05-17,210.84962801999177,131.67817455168927,135.59244941893678,134.5840135291515,138.47676670515614,194.39635484430045
2023-05-18,221.32993305569718,133.57365653456964,137.82540534420878,137.6718736262178,140.36920218499029,197.89163017605392
2023-05-19,218.4373664594812,133.4981995119641,137.74687300957652,135.45793569492523,140.45740697657308,196.9216033497386
2023-05-22,217.8225144109291,134.6891709459881,140.31642818314359,134.01305353671157,139.68758019287705,199.07007783327236
2023-05-23,214.41292772152946,132.2065968390608,137.52243318010585,133.9897439672265,137.57064035896357,197.80343694464685
2023-05-24,213.36491727096973,131.61526526149126,135.65977272550498,136.04055047210767,137.79516954896903,199.78357057707458
2023-05-25,265.3611176264829,136.67692338789038,138.55476997294105,134.00139875196902,138.71732748546617,202.57336175704808
2023-05-26,272.11045305299405,139.5998231504744,139.82272105421902,139.95572248597358,140.67391416244473,210.0689473137683
2023-05-30,280.25018403650665,138.89532572686122,138.76795756298273,141.76183185123764,142.17344529120467,210.45370524790448
2023-05-31,264.34103433563405,137.7127413231807,137.8702846678299,140.50338179892447,142.13334768849865,212.21742179730202
2023-06-01,277.8676189796935,139.4698438680144,138.8240631992139,143.05522847778644,144.41069035119924,218.54253126914034
2023-06-02,274.77247686835074,140.6524151464518,139.89003571851427,144.7797721298448,145.10029709355712,218.54253126914034
2023-06-05,273.68255562521375,140.87887809097015,141.39363565732697,146.00326671792638,144.00172957389435,217.5645452103838
2023-06-06,270.0702864712964,139.93113053690843,142.85232170342655,147.52971458934573,143.7050396005737,217.34810344756315
2023-06-07,261.8598619403681,135.61173115853305,137.4551185158106,141.2607827872609,142.59040323671724,211.31957101834922
2023-06-08,269.09202039230775,136.40017763704017,137.05117003412835,144.7797721298448,144.7955851161027,212.10512875045663
2023-06-09,270.9088231710133,137.04175264521228,137.15216363625365,143.8242842508654,145.108331515654,212.4018045122431
2023-06-12,275.88397515111114,139.16369757261097,138.73428726742563,147.48310434037165,147.37763975625774,217.29195692414044
2023-06-13,286.6448485452911,140.18692839976444,138.94748349974031,147.58797962306238,146.9927449913543,217.50844804654213
2023-06-14,300.44535731691246,141.46595708977395,138.76795756298273,147.3083181292177,147.50595456850962,219.1358087533417
2023-06-15,298.0416430180396,145.9782844165367,140.36129886449174,148.11232936652823,149.15781685007065,225.93395576999004
2023-06-16,298.31417680351933,143.558567098835,138.61085832462626,146.22465428805845,148.28375368448724,225.26853925811193
2023-06-20,306.1122846950007,141.76371635483386,138.12836022376572,146.5625719256238,148.35591446780242,227.93812751837982
2023-06-21,300.78075060692106,139.88080835484723,135.26705919870574,145.4556074049755,147.51397657264346,225.781607423138
2023-06-22,300.64102122764933,142.45986612383285,138.18445721772392,151.6546193886012,149.95164755635287,228.3790566557292
2023-06-23,294.9391481360693,140.49310094565408,137.27558393678007,150.69914039961776,149.69505518573825,231.46546189801285
2023-06-26,283.91969785192816,137.80082482965238,132.78725403010796,148.36868129088788,148.56446173935552,223.24035407355058
2023-06-27,292.6123037119393,140.30437307506006,132.77605364431687,150.52434529846784,150.8016571274979,230.11866104979313
2023-06-28,287.30868341489673,140.84114301704582,134.85189304668643,150.36121387205642,151.75592791645641,228.70776678560475
2023-06-29,285.24736759113944,140.50564867806162,133.64004760163962,149.03286178127607,152.0285518773756,225.6934758912073
2023-06-30,295.5889458981132,142.8079344457108,134.31328930959475,151.89932541821432,155.54077404019858,230.06256388595148
2023-07-03,296.3645963559535,141.73854213856018,134.53771185451944,151.7361939918029,154.32996055247764,229.29297397830757
2023-07-05,295.6937830385886,141.8056777570377,136.61355125688897,151.92263498769935,153.42382178832204,235.98684888002802
2023-07-06,294.19847012906854,143.114054490628,134.7733261429622,149.5688663094844,153.80871655322548,234.07887895506752
2023-07-07,296.9934587747196,141.41566115819901,134.06644006626897,151.2234901430836,152.9025902070329,232.90843988987135
2023-07-10,294.73645230287775,139.15533679275364,130.6665180195713,148.1356300460173,151.24268108541193,235.77043179699788
2023-07-11,296.30868856183616,139.42372176374653,131.44075332965173,150.05826058871864,150.81770113576553,239.1294006457344
2023-07-12,306.7691411168471,141.4072741278555,133.44928670999903,152.41202926693362,152.17289827993204,247.98784125440463
2023-07-13,321.2683769968705,143.69695966212475,139.74417143504078,156.4903327072109,152.7903318210117,251.25060827971186
2023-07-14,317.7186999740046,144.77889970168292,140.7316029774359,156.93310784747504,152.91059979320366,247.61100553302393
2023-07-17,324.65030390003653,144.9843885077209,139.86760902011318,155.62805643618373,155.55684288439232,249.01392822487583
2023-07-18,331.8685321938054,150.75474413552655,138.86894252283503,154.77744383989508,155.34834528469145,250.16030449431943
2023-07-19,328.95472277481264,148.90537113167093,136.92774973360193,157.72547319003905,156.44691280435418,253.33491530790536
2023-07-20,318.075028607291,145.46246236254507,133.75225887410195,151.43324070846512,154.86721130610832,242.5204285423505
2023-07-21,309.6130323715085,144.1624726592983,134.67235846765587,151.47984206744326,153.91295293511286,235.89866798851625
2023-07-24,311.7303629387741,144.72439056707154,136.36670201356318,150.0815701582037,154.56249932865387,233.77428098052562
2023-07-25,319.1860723551399,147.18604303649087,137.12971965330658,150.46609804474318,155.2601280751456,236.0670581992033
2023-07-26,317.5998792006629,141.64629793002447,145.05161597541448,149.3241602798713,155.96576640780802,239.35383866068207
2023-07-27,320.73031461101806,138.68985004606634,145.19748025888794,149.44069034730458,154.93935967146044,249.8877655676571
2023-07-28,326.6698025119337,141.8979088403303,148.76573649882508,154.05500720578624,157.03229558278773,260.92669034815964
2023-07-31,326.5230144728595,140.87047793538352,148.92280116808962,155.7678782931101,157.5294363157493,255.41125076376238
2023-08-01,324.9717402945266,141.0466318230838,147.6099707631905,153.4490828591187,156.855861163696,258.7061015167397
2023-08-02,309.3335468756173,137.33953816075837,144.0529754049553,149.39408898832647,154.42618734819428,251.9720972756411
2023-08-03,311.05251769895443,136.987256635844,144.1314904550416,150.20974612038353,153.29550697607016,251.07424649668832
2023-08-04,312.2054856080544,137.45695658556775,143.74999459857938,162.63109743711195,145.93426265643453,249.10215847596865
2023-08-07,317.35528594356805,138.43402593272407,147.58753542251642,165.71894864418226,143.4163716313869,253.7758444452548
2023-08-08,312.0936967571675,136.73144564774486,147.441619285405,163.06222668262956,144.17813915705997,250.63331735933892
2023-08-09,297.3498943573969,135.12948347640176,145.48922611038086,160.6269011812049,142.88713046392704,244.67692395780176
2023-08-10,296.18989452584225,135.42304266366833,145.5229136904839,161.4542042080085,142.71068362687225,245.10178655152558
2023-08-11,285.4779237406726,134.61788775068968,145.3770148379185,161.27942688685053,142.7588529055643,241.81498141025628
2023-08-14,305.7279620586341,135.8885294103557,147.36311287759173,163.79632699147692,144.0998190640693,245.4625557292807
2023-08-15,307.03464297987205,134.97435622815425,145.62389000806323,160.41715061582335,142.48585640575345,242.0635069007471
2023-08-16,303.86228340826585,134.64654015638595,144.41202727847045,157.38756444246968,141.77923705400963,235.92273078426885
2023-08-17,302.8700604337586,133.16729900806632,145.78098924641972,156.117450715418,139.71561995345624,228.54739750683524
2023-08-18,302.55560248702784,132.99917776914575,143.02066453893906,155.23188265489773,140.10910794879402,227.0723357873066
2023-08-21,328.18602402738384,135.2685060513605,144.04173180779932,156.93310784747504,141.1931216157558,232.4033926567628
2023-08-22,319.109202480397,135.5122418158039,144.83842838537277,156.43206767349426,142.30919846332674,230.55959018714253
2023-08-23,329.2272030855969,137.4201665291469,148.53007899901738,157.9119141859355,145.43273838251437,235.8826508044717
2023-08-24,329.55567140254163,134.46584493457166,145.62389000806323,153.62386018027667,141.62669479583658,229.87815649121987
2023-08-25,321.55489441521644,135.73079023873044,145.7361012805256,155.27848401387584,143.41734023250524,228.87603359733922
2023-08-28,327.26366574251256,136.03337959325265,147.0040264349846,155.1386621569495,144.6859965921384,232.6920228068412
2023-08-29,340.8825477109589,138.01270562908206,150.99865785500512,157.20112344657323,147.84161210989822,238.8888714073706
2023-08-30,344.2366142977833,138.172426712416,152.46858749826075,157.38756444246968,150.67608668508126,236.57208075252137
2023-08-31,344.87248190165644,137.7395430695993,152.79396907621881,160.81332439710937,150.85275704547104,237.20538885693884
2023-09-01,338.96093452912555,138.1177732001305,152.22171232811598,160.9415003592892,152.129435409238,237.59819240278307
2023-09-05,339.23346831460526,140.17277938769823,152.34517584000733,159.95106590607418,152.32216219585848,240.62047954930753
2023-09-06,328.86996538248746,139.89120354738571,150.87524619675173,157.72547319003905,146.87004309840347,239.8348724576191
2023-09-07,323.1397239649589,138.64308480488637,151.7728672382666,160.6269011812049,142.5741977949299,239.43404797985735
2023-09-08,318.46459176381404,140.47535561697734,153.0296265760265,161.069676321469,143.07202151585952,238.80871144777637
2023-09-11,315.71131338063213,142.0176504331691,153.63555361968642,166.74435634162086,144.01953693291588,246.56083108700963
2023-09-12,313.5589301504838,139.42471928222247,151.86267773914682,164.56536498456384,141.5624566729508,241.8309739145103
2023-09-13,317.8566112136303,141.2275895497602,153.39994797351662,168.78350806175953,139.88425589174912,244.55663465882935
2023-09-14,318.52753148038613,142.33705322410768,154.95960169492258,168.63202253009464,141.11281464867628,249.8957864995746
2023-09-15,306.78045101493973,138.7733659679378,154.17414007223212,163.58657642609538,140.5266247026441,240.74876510040696
2023-09-18,307.241670263397,138.28586818856485,155.08306520681393,163.10882804160767,142.9033855775666,242.5444666583126
2023-09-19,304.124924375083,138.1135731223372,154.89226110380838,160.37054925684524,143.78666287173715,244.5647049503279
2023-09-20,295.17304645406955,134.8020349114404,150.06734923338718,157.64389858683734,140.91205343995895,240.23569693538084
2023-09-21,286.6335119098507,134.2809233844778,146.36446366485956,150.69914039961776,139.65941625266728,237.07710330583942
2023-09-22,290.7775334355547,133.22191314462253,146.1512587902719,150.45443437000466,140.3499915961435,239.76273342994236
2023-09-25,295.05425241807563,133.4446222696131,147.11623770744694,152.9596885798845,141.38577389459795,241.16558208242273
2023-09-26,292.88096058199716,131.17533336312763,144.26615435272402,146.7956231704944,138.077603700702,239.66653160651305
2023-09-27,296.7733836654992,131.44849592261042,146.47665765277594,146.7956231704944,136.84906977970098,238.6884468285945
2023-09-28,301.11301562724447,131.80571253893194,148.46275569244915,146.7956231704944,137.0578405745891,243.6748504235021
2023-09-29,303.97818981070424,132.69240146207332,146.83574409538303,148.12398415127075,137.47538216436527,240.6685804610222
2023-10-02,312.9439978898885,135.2348923037709,150.5498300497017,150.85062593128265,139.51492083455418,245.96760296238932
2023-10-03,304.10393555710976,131.7006318426404,148.59740230558558,145.32743144279567,138.43091958555544,241.25381233351555
2023-10-04,307.76577575373085,134.0414270735571,151.7504318975925,147.9841534043484,139.4426234536454,244.97352568021665
2023-10-05,312.2871147306944,134.20946956101903,151.5596969327709,146.77231360100933,140.4463425714907,244.3401928960087
2023-10-06,319.7924219271117,137.52943417798866,154.3760927073908,149.10277270973924,142.5179816761779,252.86997273438442
2023-10-09,316.37514825023777,138.60529722998962,155.3186708529837,149.45233624205113,143.72242474885135,255.21884711690376
2023-10-10,320.04391341992266,138.00431859873854,154.91471372902845,150.87391772077572,143.24064503618936,258.00867531656303
2023-10-11,327.0880548425782,139.69789496694833,157.70874330115817,153.61221428553014,144.37281556388015,262.80265058482155
2023-10-12,328.05936921115534,139.16837015915604,155.93581556698064,154.1948290627126,145.1035381819146,259.86851965001836
2023-10-13,317.68894130597374,137.72692971097624,154.12926939088396,151.23513603783013,143.61002976523653,252.27674460976405
2023-10-16,322.1194535126759,139.7903491793737,156.08167985045412,154.45118098707226,143.5056195318664,257.4555271717398
2023-10-17,307.0459528779647,139.54662654017343,156.77740011044824,153.19273093475908,142.244972758404,259.74028345849996
2023-10-18,294.8725988775528,138.72711261123888,154.80253702565804,149.30086849037824,141.1931216157558,254.10457925492085
2023-10-19,294.2087372705994,139.2356370300646,154.56687952585034,149.61546766846254,140.88799984552054,250.76964852214635
2023-10-20,289.219227334767,137.2814852105089,152.15440630609376,145.8517811862615,138.81632348694416,247.43466842979092
2023-10-23,300.31634961408315,138.39512271216347,153.164238620071,147.4714495556291,138.9126868802544,251.73159271706785
2023-10-24,305.12417927204496,138.9036340057461,155.75631555704203,149.80190866435902,139.26599034714476,250.5612030114527
2023-10-25,291.9585220850827,143.16490168241336,140.94479920975056,141.44721489316137,137.38704077518886,240.12347792790698
2023-10-26,281.80469343391565,137.79418345664172,137.2082692724848,139.326497459817,134.00657320038414,231.1608145638899
2023-10-27,283.02068127163096,138.6010315259808,137.08484032968542,148.84642078537956,135.07453044111523,237.8788263007345
2023-10-30,287.63985220396296,141.75288802927298,139.6544041455255,154.63762198296874,136.73664996016007,242.63269690940535
2023-10-31,284.97734711634695,142.0890911313848,139.22801168089617,155.08039712323284,137.12207869747488,241.5183796878414
2023-11-01,295.77407529384175,145.43422996462814,141.88733414397853,159.63644894799788,139.6915539410548,249.99998457513092
2023-11-02,304.0270924197146,146.37977247784838,143.05430890767718,160.88325310556453,142.58220738110063,249.214352803652
2023-11-03,314.5023307280239,148.26249672443151,144.86085508377386,161.5008233469786,141.8434875948585,252.20458090229684
2023-11-06,319.7154718403256,149.8299920073832,146.1512587902719,162.82918432775494,143.91513911750877,253.16659913658987
2023-11-07,321.141107221644,151.51096814221304,146.95917303818243,166.2899175266182,145.9948250622559,255.58761254678592
2023-11-08,325.466755550523,152.6330451751836,147.9353696256945,165.55581721777085,146.8539866721728,256.35722713422035
2023-11-09,328.0943149246471,151.57822188787853,146.14007568902682,163.83128245570848,146.46857035282105,256.9745180545933
2023-11-10,337.7728872197951,155.35203116090216,148.77693688461616,167.28035197983323,149.8695648205564,263.5642442403385
2023-11-13,339.7645522526984,154.09547288708688,148.21588052230442,166.15007788969987,148.5831383557909,263.90090126276
2023-11-14,347.0042506366998,155.60415395568904,149.93268533570478,169.89047258240782,150.70577803474683,269.6088185333874
2023-11-15,341.63734303756456,155.66732575074914,151.05479806032824,166.86086862906217,151.16405054334487,266.7227885102988
2023-11-16,345.7743593781615,158.40447707292378,153.64675400547748,166.4297393835446,152.53088331889435,267.90929411912055
2023-11-17,344.5025172210244,155.7431502801616,151.82900744358972,169.168018168307,152.51480205673755,268.5906784554622
2023-11-20,352.26637457005506,158.93927822844392,152.88374500800708,170.27500046894727,153.92989103672048,272.54285074902856
2023-11-21,349.0168510128809,157.0990928947612,153.6916419713716,167.67652576111922,153.27864338224086,270.1459001345851
2023-11-22,340.43547251945427,159.11190142574924,155.39721182988896,170.95083574407798,153.81730978365985,273.7614400855204
2023-11-24,333.86656071547003,158.9350519001644,153.37746077920463,170.9857912083096,152.73992730896967,271.14799834867523
2023-11-27,337.123009245708,159.4319473535999,153.0632795870376,172.13935708793602,152.59519594955847,268.3180901692188
2023-11-28,334.1810186622008,161.15425487896457,153.94971752730743,171.32369995587894,153.08564340043318,271.7572436573401
2023-11-29,336.41024502974426,159.53302485074465,151.46995557007457,170.49639692907533,152.25751428019183,266.31394310061955
2023-11-30,326.83640292568083,159.55826469323387,148.70961357804794,170.22838132997717,152.72382121088674,262.2655443038334
2023-12-01,326.80148394953676,157.70545287568498,147.95782225091457,171.32369995587894,153.76104399305564,260.39760499908897
2023-12-04,318.0313932557848,155.4441572422499,145.05161597541448,168.771844387021,152.30578290258833,256.5496061012885
2023-12-05,325.4394567184839,156.86747172970294,146.98162566340247,171.148922634721,155.51378980647908,255.16277463285263
2023-12-06,318.0104311751593,155.30097396522714,145.89320051888205,168.39898017522003,154.62939489563354,254.48933718905698
2023-12-07,325.6491844741302,156.2063532345488,153.64675400547748,171.148922634721,156.19723723916147,261.816569554776
2023-12-08,332.00895674411834,157.58753569163764,151.46995557007457,171.77813877088158,157.35501360667257,266.7548722379689
2023-12-11,325.865756990797,156.3537234641218,149.56236393821467,169.99533897510258,155.32083949652363,260.7663951087617
2023-12-12,333.06417290989305,157.6506943614546,148.69837862316493,171.84804969934478,156.55100017068492,267.9333075552921
2023-12-13,336.07642924325216,157.64650740890443,148.75450154394207,173.43276260448079,159.16407488255246,268.3501985766795
2023-12-14,337.90742955360594,154.09244095592982,148.04758089815687,171.77813877088158,159.28469055770998,267.091553940181
2023-12-15,341.6813527119391,156.11371526872,148.78813727040722,174.74947769051062,158.85048406151336,268.4945013118234
2023-12-18,349.9770426447996,156.92220399344708,152.37881156647248,179.52692597540369,157.49972013015764,276.27060970743776
2023-12-19,346.67139739472617,157.17907812623767,153.33257281331046,179.20064534258887,158.3439553484819,280.87218132883766
2023-12-20,336.2371474404972,156.06735691007628,155.22889492119543,177.25471412039846,156.64747532566264,280.0063895977645
2023-12-21,342.3803204564707,157.296995310285,157.56282716404678,179.25891037630552,156.52687206846818,283.86238474769203
2023-12-22,341.2620308873852,157.7349190464537,158.7634808655755,178.7695160970713,155.6585335838533,283.3012897103228
2023-12-26,344.40003296714974,157.76862467074508,158.79715116113258,178.75787020232474,155.21631750148597,284.4556869116839
2023-12-27,345.3644758373586,157.52017694402733,157.50672152781559,178.67629559912305,155.29672381226996,286.86065845804495
2023-12-28,346.0983090833388,158.02972513181516,157.3496222894591,178.72291473809315,155.64243990373348,287.2534866836797
2023-12-29,346.0983090833388,158.34973168393654,156.7437125303452,177.0449813350089,154.79822952133532,283.7581866721357
2024-01-02,336.6354804470779,156.17266073550056,155.0381426718278,174.70285855154052,149.25851411248726,277.60941430353046
2024-01-03,332.44921391195004,156.05894362924653,155.87970993074947,173.0016333589632,148.1409346913866,276.1504191276274
2024-01-04,335.44737966305195,154.93882225749852,153.04086153090952,168.45724520893668,146.25948910885654,278.27480613561806
2024-01-05,343.12803038592625,154.85883702602203,152.30025330502124,169.23794687676218,145.67261617485633,282.1468678291712
2024-01-08,365.1847112904533,157.78123802936813,155.78991671441523,173.73573366781054,149.19418906386005,287.52607496992306
2024-01-09,371.38368515115326,158.24445410899847,158.1575538219156,176.38079195462475,148.8564825585673,286.53999393987743
2024-01-10,379.84014675595427,161.1836947992471,159.6499015212993,179.1307344141257,149.70071777689157,296.9937115276772
2024-01-11,383.1388135582684,161.9669568067281,159.42551354546657,180.8203137119565,149.21830474811372,296.3524318509232
2024-01-12,382.35610444062564,163.58397363191162,160.06507631559163,180.16778800631084,149.4836269467563,300.2164479327683
2024-01-16,394.04128794606163,164.34195642117407,159.88552445201506,178.46656281373353,147.642440400452,294.5807684089797
2024-01-17,391.74206320214364,164.00509705690703,158.74106280944739,176.77698351590274,146.87861149291172,295.31027833682646
2024-01-18,399.10817576624396,165.85790887445592,160.99640222175552,178.86273659501953,151.6625448342795,301.5311897331084
2024-01-19,415.7694470589486,167.8791963124892,164.25044270043375,181.00675470785293,154.0183069336752,307.3994269229243
2024-01-22,416.90861849661644,166.96963009061733,163.81283256546737,180.3542290022073,155.8916932581823,306.0605976470411
2024-01-23,418.43917123045344,167.97603435611134,164.99105092632203,181.79912005041695,156.92886636849897,308.80234961477623
2024-01-24,428.8454539189499,169.5172660276117,166.85370273864987,182.78955450363196,156.382140709057,313.211443549946
2024-01-25,430.6275248829456,170.48997779405747,170.4106721700661,183.81496220107053,156.11681851041442,315.1996227940818
2024-01-26,426.5321118554269,170.09415983776674,170.76974132812722,185.4113210009531,154.70980120641752,315.96923738151617
2024-01-29,436.5540719075567,172.53230499678662,172.25090592626586,187.9049115360944,154.15499145302647,321.4846769659134
2024-01-30,438.71354053485527,172.05647555853324,169.95062669442564,185.27149914402673,151.18816622759854,320.71511173806005
2024-01-31,429.99858225213626,167.4201803106522,157.20379257507759,180.84362328144155,148.2615006946919,312.7625181604696
2024-02-01,440.4817882900711,170.03098804270664,158.39319403717732,185.59776199684956,150.23943385016275,316.4823055465423
2024-02-02,462.37756383591903,173.163957321172,159.76213007830765,200.198086890643,149.4273859920782,380.78399426737826
2024-02-05,484.5460335913331,170.81843700273788,161.22084205122619,198.45024255909559,150.89871592673921,368.29404588330914
2024-02-06,476.79546470412754,170.75105200464137,161.6920879126577,197.09857200883417,152.2012484895876,364.5342525568109
2024-02-07,489.90639054027287,174.35569001929608,163.3078818393868,198.70659448345523,152.28967680450543,376.4550109322217
2024-02-08,486.7056091680227,174.3809298617853,163.72303934913313,197.9025832461447,151.4133038977937,376.78372106209724
2024-02-09,504.12156883794205,177.0927757152552,167.19030198694497,203.2742922029668,152.03319619555833,375.268554682981
2024-02-12,504.9251865615149,174.8651988313546,165.5408377646588,200.81565713205705,150.6645752333289,375.901838107608
2024-02-13,504.08664986179804,171.10057722850385,162.8590713186294,196.50431133690515,148.96594690290104,368.8632112121769
2024-02-14,516.4707476370702,172.7543316091358,163.7567269292362,199.23094422692108,148.24945527052813,379.413179982987
2024-02-15,507.79062811845205,171.5182355893198,160.19970564418207,197.85598188716656,148.0159727291597,388.031116033084
2024-02-16,507.476196909069,170.46354355444578,157.6750384365091,197.51805535960523,146.76817854745968,379.4452390308666
2024-02-20,485.3846772404411,169.92775800569282,158.34830607128322,194.68655607689456,146.16439234777795,378.18664375394917
2024-02-21,471.54686986872696,169.67039823890738,159.95289961222122,196.44604630318852,146.77622538751962,375.6025216082363
2024-02-22,548.884755146388,173.66559098736806,161.68088752686666,203.42577773463168,148.4265726775879,390.128083793812
2024-02-23,550.8346029674311,173.11293950122632,161.5350232433932,203.90352611911936,146.93722427853342,388.44279961867255
2024-02-26,552.7565904721328,171.93169387234244,154.3649096061457,203.6005550557896,145.84238214778728,386.6050683775191
2024-02-27,550.0238196346648,171.90637527839462,155.8348565339473,202.21392904129664,147.02577677308176,390.86642908666323
2024-02-28,542.7696028708425,172.0075971532135,153.0296265760265,201.77115390103245,146.05167449712374,388.43480336654557
2024-02-29,552.8962129020135,174.5051340372795,155.3635415343319,205.9659696287511,145.51231268977364,393.33820882594966
2024-03-01,575.0296567318926,175.28981357101574,153.88241150528518,207.66721260132041,144.6347973304608,403.1048163660082
2024-03-04,595.7025462043093,175.04511966382577,149.62970452932885,206.92146639772653,140.96379909201096,399.8064857625682
2024-03-05,600.811518609829,169.8687075369674,148.86671281640443,202.88976431642732,136.95462246567226,393.41039721320743
2024-03-06,619.9337488629108,169.6324531610934,147.441619285405,202.17897357706502,136.14959075671405,398.1211769076383
2024-03-07,647.6735332409067,172.6066857494576,150.78547026496346,206.03589833720628,136.05296658617965,411.04176295641184
2024-03-08,611.742548485005,171.37480293267805,151.9412014315061,204.32300946989042,137.4457280685889,406.03403602249887
2024-03-11,599.4836349718358,170.65760027374006,154.47710359406207,200.37288199179292,139.0719224205143,388.08970585576776
2024-03-12,642.3896985811894,175.19701810226965,155.40846406931794,204.3696108288686,139.45833217691052,401.05844217583694
2024-03-13,635.2259075274123,175.12107544566925,156.8559410873535,205.7329272738765,137.76773826857956,397.7038910096027
2024-03-14,614.6501281019753,179.39044139733176,160.5700097571262,208.28478284273447,139.27318034775388,394.7024089264828
2024-03-15,613.9021775363901,175.67796638533363,158.41559480875947,203.2393367387352,138.96726382788304,388.49894614209524
2024-03-18,618.2213821644644,176.0576402926063,165.70915467335232,203.30924766719835,139.8528011913297,398.8354347249465
2024-03-19,624.812191856245,177.7831110015591,164.97979868689305,204.96387150079758,141.7527122849232,398.24156492577276
2024-03-20,631.619520589997,179.39469397609747,166.89859070454403,207.5856379981187,143.83778762563642,405.688938511721
2024-03-21,639.0489739308855,181.14124382547547,165.61939602611005,207.5856379981187,137.96096177372223,407.48656509328686
2024-03-22,658.9958909375564,180.8754576526172,169.1764000266182,208.42460469966082,138.69353466825194,408.94711509599233
2024-03-25,663.9791443340184,178.39479983118312,168.39092111938177,209.40341103812128,137.54232740319716,403.6826689811374
2024-03-26,646.9186309649101,177.88433287637798,169.06418875415585,207.76043309926862,136.62457784358472,397.96070890970674
2024-03-27,630.7669200453706,177.79155053287502,169.28859401453457,209.54323289504765,139.52274415127908,396.3315465781995
2024-03-28,631.5078119511533,177.49200623475298,169.35593460564877,210.18411270594677,138.04950185030754,389.6867104202333
2024-04-01,631.5567412975113,179.11622881840063,174.47262689665484,210.871593875824,136.8822009051329,394.31723143590784
2024-04-02,625.1895627822001,177.79576373591144,173.42908971802856,210.54533102300118,135.92417989133165,399.1484238282637
2024-04-03,621.7788397555216,177.3780922498524,173.83304684198382,212.54952727890824,136.57628438526208,406.66798580146974
2024-04-04,600.3991752330344,176.2938946684803,168.90708951579938,209.74131978569065,135.90807379324875,410.0225369677039
2024-04-05,615.0972300308274,179.51703436707092,171.11757553130533,215.64904216071707,136.51991925095345,423.19986687720996
2024-04-08,608.9818638565001,179.12468147495971,173.7544885805326,215.78886401764345,135.61022894936397,416.7075518246294
2024-04-09,596.5481950385242,179.83767093086126,175.71813399498575,216.34816922534088,136.59235322945582,414.8216209525992
2024-04-10,608.3248202732195,178.56359045750202,175.2020001676601,216.67443207816368,135.0708298881247,417.1729633141701
2024-04-11,633.3248286286407,180.53372882315855,178.87119815608463,220.2866508086918,140.9154683797992,419.84534039076624
2024-04-12,616.341318821014,177.98983358044885,176.98609371853672,216.88418264354522,142.13111245514864,410.8089831722699
2024-04-15,601.0701222371379,174.5051340372795,173.76574081996156,213.95944508289432,139.02359170830255,401.44361966641185
2024-04-16,610.9528341822553,174.90166075669782,173.249555138998,213.6098904405784,136.35892035993962,401.0664137481735
2024-04-17,587.3295318617944,173.74574684700488,174.45019155598075,211.2328121928784,135.2479348772214,396.58034354638596
2024-04-18,591.774615923013,170.55213894539853,175.05610131509468,208.83244215568536,134.47509052850293,402.70354765201716
2024-04-19,532.5698929309594,168.37946495340245,172.90172093581987,203.48404276834833,132.83281491442068,386.06736978155857
2024-04-22,555.7598363193046,169.15571808106586,175.35906483692463,206.513628941702,133.50904751056785,386.59704744560156
2024-04-23,576.0631621713053,171.9443334814517,177.58076852276764,209.20530636748632,134.3623975137748,398.12922251934634
2024-04-24,556.8709870165445,172.57294074943695,178.55701696391765,205.7678827381081,136.0691099381517,396.0426943100064
2024-04-25,577.5239304275495,168.34570682813865,175.0449009293036,202.36541457296147,136.76948305447866,354.2154347039687
2024-04-26,613.1891994216445,171.41698746401468,192.9421149197608,209.29852686543455,136.294495967608,355.748222453513
2024-04-29,613.3430461205212,169.69994316113474,186.43403396240438,210.85994798107745,139.67570862019605,347.185347016056
2024-04-30,603.8727845015894,164.24929220485907,182.6526074169715,203.91517201386588,137.1237178685982,345.219231504641
2024-05-01,580.3824737487707,166.61603604139253,183.8644615042913,208.5760902313257,136.294495967608,352.45796214157156
2024-05-02,599.7841092857004,167.83947932685618,186.96140274461305,215.24120470469254,139.29732086793365,354.45613670086607
2024-05-03,620.5557130459607,171.56043324589953,187.65710572006122,216.97740314149345,147.6295629727635,362.7060723945869
2024-05-06,643.9762393211869,174.46294950594287,188.62211920632822,219.8788133526673,146.28514462052908,373.7165660564157
2024-05-07,632.8915231712206,172.69105481213086,192.1566187279784,219.94872428113047,146.84063736188818,375.77105989766653
2024-05-08,631.8990862979315,173.19730856389955,190.05836126948077,219.06315622061024,147.1143416855932,379.2700125182067
2024-05-09,620.2622439172033,173.94826934810132,190.7091589944888,220.81100055215765,148.58760882249086,381.53314930847534
2024-05-10,628.1668734020675,174.96919013246847,189.23921206668723,218.4572318739427,147.56377260449577,382.15912751510973
2024-05-13,631.8082862650177,174.53885278681395,189.7890853277539,217.39688649226449,150.1676207698131,375.5864797444013
2024-05-14,638.4969546495145,175.73700372881592,191.13553417457217,217.97950126944698,151.09467138375413,378.66812178711547
2024-05-15,661.3792046401063,178.8095837637593,193.57049458864077,216.7210512171338,152.94072577157615,386.444575699797
2024-05-16,659.4850239770508,177.92626802809565,195.4443467867597,213.97110875763286,153.037449285815,379.7756520662877
2024-05-17,646.3455426535227,177.59660129704963,197.55385648468632,215.2178951352075,153.06163947784702,378.71632141799216
2024-05-20,662.4274156207741,179.76476020541793,198.51886997095332,213.86622458494608,154.00483344376008,376.25256261062333
2024-05-21,666.6629858251283,181.32851479408495,199.56238986503362,213.41178576994344,155.06089427588407,372.8739980082175
2024-05-22,663.6156233541909,181.95401137945453,197.9129602118394,213.38849398045036,153.89196657754917,375.40187491134554
2024-05-23,725.4623706254943,180.4663306998189,194.73744342552047,210.96481437377227,150.65131284878566,373.7968494149625
2024-05-24,744.1232212060322,181.80185043614853,196.35325463679553,210.61524195146438,153.15034098795203,383.7801701955374
2024-05-28,796.0662944515926,181.86951106435026,197.9353782679675,212.2465562155785,153.15838782801197,385.144444335442
2024-05-29,802.524112575731,181.38345706171876,197.37433919020174,212.0950884639056,153.40024007647975,380.6824616091976
2024-05-30,772.296257566753,175.2552023049502,193.12164949879138,208.94897222311863,154.20636456618683,374.81605072387987
2024-05-31,766.2367724491952,175.4496134058083,193.5592250646658,205.59310541695015,154.98025202380202,374.63949150253217
2024-06-03,803.7471858105965,174.7691483023187,194.3110682454371,207.8070344582468,156.4151973267106,383.19432132828115
2024-06-04,813.790589215611,175.84688826408356,195.00671936724734,208.9722640126117,156.67314325529824,382.7930279344996
2024-06-05,855.746300537013,179.20263229375502,196.82448321368108,211.2328121928784,157.898485759794,397.29457668390364
2024-06-06,845.6679781558544,179.41818816125385,198.3056478118197,215.56746755751539,156.77796328144922,396.2513125792337
2024-06-07,844.8991724590345,179.1350110412826,195.75852797892668,214.7518104254583,158.72072876554705,395.60929250876427
2024-06-10,851.2033577830781,180.83403438538065,196.60106317242284,217.96783759470847,155.68159374124727,403.34556772248663
2024-06-11,845.1223223632446,182.86691141307483,198.40964892494446,218.16592448535147,166.9917378945505,407.25385934851647
2024-06-12,875.1080439511195,186.40861388704536,199.72401765443527,217.76975070406544,171.76407285842447,408.3532699766091
2024-06-13,905.932355713407,186.62836983233748,196.76955292657613,214.20415111250742,172.7072544063745,404.54937386445965
2024-06-14,921.7991534554645,187.04678945725348,198.6006431579557,214.00606422186442,171.296524131424,404.99921240618517
2024-06-17,915.5083902799848,189.49808610986366,199.10618155859936,214.47214893161362,174.66616324244438,406.9833935242574
2024-06-18,947.6610134778291,188.64012834387717,196.690908242395,213.01561198865744,172.7475755324155,401.2477114893001
2024-06-20,914.1105617403125,188.36965645923073,198.05021679141788,216.8492271793136,169.03125172881332,403.023076899821
2024-06-21,884.6839180936109,190.09398527203345,201.7910073692662,220.32160627292342,167.26585201103634,397.46415152453545
2024-06-24,825.5511185669692,189.20225625554008,201.33044335724654,216.23165693789957,167.78981554419767,400.78183108373963
2024-06-25,881.3288087502249,190.58850505646708,206.73385169686708,217.12887089316632,168.53953764570696,410.172590094038
2024-06-26,883.4956034108031,191.0999039035326,206.56536194271382,225.60009473179727,171.90917675672733,412.19690055148845
2024-06-27,866.6504861150613,191.39153368006288,208.28411990980925,230.54067444310178,172.59439995812662,417.37030291913175
2024-06-28,863.5052649514078,188.89794749417123,204.62192216250412,225.18061138102618,169.7890455063086,405.04741203706186
2024-07-01,868.8172807756398,193.03134905251824,205.5655719499474,229.78326456476935,174.7306869784805,405.4169178606595
2024-07-02,857.4241760568789,194.1090890142831,208.09314296134397,233.0459108729896,177.56827846239042,409.2889055148411
2024-07-03,896.6362611776317,194.73881192793218,208.74470120637488,230.237703379772,178.60014910248242,409.6584113384387
2024-07-05,879.51152469926,197.60851508021523,214.11438739680045,233.0459108729896,182.4615643864244,433.717801279931
2024-07-08,896.077129761763,197.05063974731806,212.35070689471897,232.21859006619403,183.65464502290214,425.21052941050533
2024-07-09,918.3043682075022,194.2189472990645,212.29456668939582,232.27685509991068,184.34791506436136,425.7568906129368
2024-07-10,942.9779135470587,197.05483982511137,214.76592835728542,232.80120484337647,187.8143025255467,429.52440871386636
2024-07-11,890.4853343308148,192.17339128653174,208.4638619033915,227.27802813488148,183.45311390047536,411.859577174723
2024-07-12,903.3464263897088,191.68735040914336,207.90216601287872,226.62550242923584,185.84733443145382,400.7496979964884
2024-07-15,897.754791382847,191.86062986860384,209.54226201124703,224.56304113961215,188.9590400318496,398.57274303469984
2024-07-16,883.2160911775643,189.98414011249514,206.61028447769988,224.91261356192004,189.29762821251927,393.4556105894317
2024-07-17,824.7124214431658,187.44829064380826,203.35251053709135,218.98158161740855,184.50916231463628,371.12343578716474
2024-07-18,846.380421523645,186.1169972357582,199.61170267469706,214.1109306145592,180.72030518882724,382.2573777611518
2024-07-19,824.293072881264,184.7391879661471,199.57798052550203,213.38849398045036,180.82508796108905,383.01250531155364
2024-07-22,863.5052649514078,187.20316360359587,204.0827307508493,212.71265870531968,180.54293942250635,391.5356709660713
2024-07-23,856.8649376916192,188.01040543022808,204.21751564035353,217.21044549636807,181.3893726202914,392.57192601023485
2024-07-24,798.5710491875623,181.2693461981716,193.92742046300114,210.70846244941256,176.17365428552287,370.5450155368536
2024-07-25,784.8013685778812,176.83163587845578,187.91741098242767,209.5665424645327,175.32723350570086,364.23098729095676
2024-07-26,790.2533276801668,179.73513653173194,187.6028322457033,212.654393671603,175.7061055585224,374.1037179302318
2024-07-29,779.9783788437527,180.3522329615149,190.4449992783702,213.4700508036601,175.93181445501813,374.1117882217304
2024-07-30,725.0395996830822,178.74197563653001,191.29873485765745,211.7338701468512,176.3832819198618,372.0874037249084
2024-07-31,817.9324717534961,176.81049111181505,192.70293137257443,217.8746170967602,179.0273891214049,381.4379840362477
2024-08-01,763.3429893036572,176.28642640515406,191.82674316806714,214.48381260635213,176.02855038722004,399.84195062153896
2024-08-02,749.7830364496225,172.643292052475,187.22093020241067,195.642035065878,177.23776195770677,392.1301330802174
2024-08-05,702.1133934928114,167.0052913761312,178.89672743048803,187.62526782224168,168.70074764209272,382.1610278589794
2024-08-06,728.6741143103166,168.89026003928515,177.81829275354053,188.68561320391987,167.05621195873437,396.90984342955795
2024-08-07,691.3493650915985,168.39156642754443,178.54849568275253,189.66441954238033,169.14413101298726,392.7567282816147
2024-08-08,733.7067783253958,170.1919822746217,182.01971648159238,193.19506366970677,171.9575695587544,409.393325708512
2024-08-09,732.1691134570608,171.59934959170323,183.86204166785498,194.52342465048312,174.31956547560395,415.9323596045384
2024-08-12,762.0149452415776,171.93326890151494,182.31179073945881,194.36029322407174,175.562442143934,414.470378173983
2024-08-13,811.7814914319835,174.9762646385016,184.4124507498468,198.35702206114735,178.58090125974647,424.5840576080607
2024-08-14,825.3414977607138,176.18078132340906,180.15488681647182,198.20555430947445,178.94407700726595,423.1541105455943
2024-08-15,858.7522201189583,178.2639017817058,181.1996684824082,206.93311229247306,181.36528177196385,431.6452418320228
2024-08-16,870.7744011552674,177.18000608092512,183.06444629389088,206.315542051059,182.43870291643933,423.6842818054476
2024-08-19,908.6583887392452,178.47559882773203,187.23213058820173,207.66721260132041,182.30958093658884,425.1785937615783
2024-08-20,889.436909451365,179.8601282218124,187.80506143359753,208.43626837439933,182.8099379219818,423.1300230700512
2024-08-21,898.1738190965757,179.58067867088278,186.31098527961643,209.86949574787047,182.72116190409844,429.90196014917206
2024-08-22,864.9029865416892,175.9436606814902,184.00804422769625,205.23188709989574,181.21193234619219,427.3073244126997
2024-08-23,904.2549614658002,176.46868353089778,186.0525813173071,206.2922324815739,183.07627839359492,424.1502856099607
2024-08-26,883.9150054474004,175.07146202673573,186.6592343118979,204.49778679104838,183.35067812323103,418.6234439623453
2024-08-27,896.7758836075126,175.21967227186735,184.99665111921757,201.72453476206238,184.03669607426588,417.00074773595315
2024-08-28,877.9739133056205,173.84784811311178,182.94087907472368,199.0212114415315,182.7938194059358,415.1370780349679
2024-08-29,821.9165504650393,174.91482537553125,181.738859894063,200.5593052076974,185.4571371963257,416.29377045684697
2024-08-30,834.3582404873363,176.61690690127253,183.53626254533953,207.9934754541432,184.81954930120708,418.77601442731196
2024-09-03,754.8854849422945,173.35671464139898,176.77356294124203,205.37170895682212,179.79150364209545,411.1044002647401
2024-09-04,742.3739569677093,173.12807290652538,175.7513030387096,201.96924079167547,178.24190328629595,411.8916855821836
2024-09-05,749.3636344130252,172.91213640697651,176.63876076719185,207.28268471478094,179.47672069660302,415.2013442094702
2024-09-06,718.7489434569933,170.07960394316427,169.53904708569593,199.70869261140876,178.2177006763009,401.8742820109068
2024-09-09,744.1913479680652,171.78167234366245,167.27810748049222,204.38125672361508,178.2903581781383,405.50532087028597
2024-09-10,755.584452686826,175.37209572003542,167.22186356789325,209.2169700422248,177.6446737711075,405.50532087028597
2024-09-11,817.1636125819809,179.11494254457645,170.0339900596576,215.00816234981795,179.70270278828596,411.16067018711544
2024-09-12,832.8218055369973,180.79160047442505,174.00476880623418,217.8979266662453,179.79150364209545,422.22225101531114
2024-09-13,832.5421328796718,182.31160862782605,177.12061933985132,217.30366599431625,179.57359322639851,421.43501505744865
2024-09-16,816.324755034091,182.62916075948695,177.79552900649293,215.43929159533553,174.5858686933279,428.80050109846667
2024-09-17,808.0063383556544,184.24231876319783,179.212896345442,217.75810480931895,174.9652002107825,431.24478755111875
2024-09-18,792.4879817293008,182.40474535289283,179.76404866291074,217.23373728586114,178.1127688884824,432.55548186581433
2024-09-19,823.9441504933006,185.74114277422882,182.3849562225662,221.24212979767526,184.7146423493147,449.56178255463345
2024-09-20,810.8723146595464,184.29308720352455,184.01602968793617,223.25798972832084,184.17390214806545,451.37095927816057
2024-09-23,812.6898660839885,183.5479409020179,182.05874498640136,225.91471168987357,182.7776636360007,453.83138631380984
2024-09-24,844.9150009688946,181.71039374219907,182.55368796036308,226.0079321878218,183.50403996696573,452.96320064305667
2024-09-25,863.3692788008192,182.95515242246378,181.6538199278716,224.3416446794841,182.69695929410338,456.96739793502957
2024-09-26,867.0741661272963,182.61644239891905,183.04863093432476,222.7452858796015,183.62510268879325,456.5895009826567
2024-09-27,848.6197813459809,181.22347347352274,184.4209893155579,219.02820075637862,183.84298826856403,456.20350905899477
2024-09-30,848.8995074780016,182.188808853344,186.55822342522663,217.1172249984198,188.04783473876734,460.28826118721025
2024-10-01,817.8625803265124,178.1199441153399,187.8405466064819,215.71895308918027,182.56783731425287,463.5286189627294
2024-10-02,830.7945798316041,176.61264119726368,186.56945838010964,215.2878060636707,183.02784833767868,460.58570202250263
2024-10-03,858.7557494488598,176.36285469574932,186.56945838010964,212.02517753544242,182.13200406489602,468.59439276393476
2024-10-04,873.2256277210682,176.15962343152523,187.91927771339286,217.32695778380932,183.04399168965077,479.1841453570558
2024-10-07,892.7983822835125,173.39904355040977,183.32986778186557,210.673506985181,178.91986197930783,470.21067224479293
2024-10-08,928.9379183517601,175.58800596909805,184.90466276554466,212.91074559596268,182.2127208247564,476.7317145735335
2024-10-09,927.2603102053715,176.75235941010695,182.07003179492233,215.76555444815838,185.25539496852699,474.8179942573829
2024-10-10,942.3594252192146,176.06644733072915,182.31749463963018,217.49008921022076,184.85182358718816,469.446734009177
2024-10-11,942.2895872669263,176.26970484543943,183.6223395842894,220.01865298958566,183.64931771675134,474.3676867996377
2024-10-14,965.1477736445552,177.4636950853774,185.55710252242022,218.52714280240585,186.6758360905868,474.7456331115916
2024-10-15,919.9208013022693,177.29430069787574,186.11954164840986,218.70193790355583,188.73386510776527,471.4086786359949
2024-10-16,948.7205610939371,176.1850076516886,185.7820608882701,217.76975070406544,187.06320203013826,463.7859798182247
2024-10-17,957.178867575732,176.4390598572118,183.27360658472062,218.51549690765935,187.36184162365862,463.89861838213733
2024-10-18,964.6583732315835,177.04875364988402,183.8247761867353,220.21673988022866,189.6620085024551,463.5286189627294
2024-10-21,1004.5730623761601,177.31125851196626,184.55598161961382,220.3099603781769,190.85645511486894,462.4752361439481
2024-10-22,1003.7341513535748,181.00753697397388,185.75953912486617,221.04404290703226,190.35604845762379,467.98332115077176
2024-10-23,975.5632539806732,179.77541790281848,183.1048921314697,215.22955880994604,186.23999042326687,453.252595866641
2024-10-24,981.5050412934941,179.8304914228833,183.03739597944175,217.17549003213645,186.0866782513844,456.54122731240847
2024-10-25,989.404109410029,181.27849449261518,185.905800952897,218.86506932996724,186.76461210847015,460.93956085891347
2024-10-28,982.2740074144002,180.61799288388693,187.53683984917504,219.51759503561289,188.37066452431966,464.8875869476733
2024-10-29,987.3768837046359,182.88743929328965,190.86641379375905,222.36075799306207,188.5885997759427,477.04534535140414
2024-10-30,974.0252147894697,183.1330125917676,196.24325578621782,224.5746870343587,185.70734673392982,475.8552858527482
2024-10-31,928.0294902250596,172.0484035340242,192.4749654957251,217.19878182162952,182.3256994526348,456.3803644378286
2024-11-01,946.4837145822887,173.75047193452235,192.677419382717,230.63387716105802,179.90446985201078,456.042695543996
2024-11-04,951.0273525072646,172.9417469554194,190.37148810434334,228.12864073117018,179.1781307749349,450.83229817036994
2024-11-05,978.0099351973588,174.21198173254913,190.933927230333,232.46329609580712,180.34030310136762,460.28016621592116
2024-11-06,1017.8544655414744,177.90400761579107,198.54925620277538,241.30738414623903,179.75113284420217,459.9746304093396
2024-11-07,1040.712651919103,180.12685941217416,203.31865011152854,244.75647145035575,183.59280356688603,475.7748297356677
2024-11-08,1031.974886678765,178.90325862379333,200.61899416041612,242.5774800932987,183.37464479192803,473.8772500025142
2024-11-11,1015.4077843247886,176.9852274732601,202.86873337982877,241.01607675764777,181.16891652216813,468.9160197939324
2024-11-12,1036.5882556066379,179.1107030910538,204.297249250931,243.42811046957937,181.16891652216813,470.242706612882
2024-11-13,1022.4681553175204,180.02948323358476,201.2151554356008,249.47565470153216,181.8879910908566,466.36709102949465
2024-11-14,1025.8933165119765,180.74503211189165,197.50310905770704,246.42274117870144,184.39268182117624,464.0834700130982
2024-11-15,992.4797599948718,175.71081886882322,194.02729056963815,236.0871607210818,181.7910564712458,445.52535345624733
2024-11-18,979.6874363943564,176.03259732876364,197.18815006097122,235.02679755941162,184.23111170386187,445.78261559258056
2024-11-19,1027.6407626106534,176.89211699867954,200.36027907627928,238.4176198298117,184.44117396690774,451.1618720929134
2024-11-20,1019.8116393957974,175.91827646132683,197.95304307395278,236.4017776791581,185.02288102827688,454.72400497717337
2024-11-21,1025.2640262956468,175.158863020566,188.5604825153854,231.15824468451584,184.63506804205542,452.7701059620636
2024-11-22,992.2701391886164,176.91100422350635,185.3320923029324,229.69004406682112,185.72581224499325,449.59396500146573
2024-11-25,950.8176247516184,177.67041766426718,188.58293514060546,234.73549017082038,188.14969928971115,454.3943323354677
2024-11-26,957.1090296234439,181.5734843313801,190.23651308483343,242.2046158814978,189.9191348454811,461.17268616012257
2024-11-27,946.0641521216053,179.45226129235212,190.36023586491436,239.73433491584154,189.81409129599513,457.6830625003972
2024-11-29,966.4059262796511,179.6516468603467,190.04529415272452,242.23957134572936,191.75320589895466,461.7999970754449
2024-12-02,969.0623352519831,182.8419865764201,192.9024468867508,245.5255272234347,193.57918044051607,476.68349026286626
2024-12-03,980.4565094646534,182.93533330537656,192.73366329531598,248.70659892845325,196.0515472130024,493.42443384406306
2024-12-04,1014.5689802515944,185.5741503062152,196.14202020044888,254.20648384745513,196.34241316165003,493.5289280771056
2024-12-05,1014.0796867880138,187.78021491666817,194.19600502288904,256.9913817711877,196.36664060757118,489.6291262990131
2024-12-06,995.7640688414513,188.18326488190925,196.52449263375863,264.5420643050748,196.20505807229378,501.56175565366186
2024-12-09,970.3873312564207,189.2226397580808,197.4929630292204,263.44674567917303,199.36420029156133,493.3600689503987
2024-12-10,944.2420553480478,188.08145237115065,208.52921477171867,262.2232510910914,200.18829357380966,497.98363026514795
2024-12-11,973.8826512513378,190.48268934656173,220.0497449233128,268.3057507872758,199.15412561055243,508.7261507615597
2024-12-12,960.1109920779244,190.7244825750257,216.1757942032818,266.8026124853415,200.34182926902716,507.206319902036
2024-12-13,938.5094610439182,189.75296520570242,213.76584452723742,265.04312225904755,200.47918435838338,498.8117853156851
2024-12-16,922.7802002186179,191.58570852654512,221.46871972503743,271.4169115638312,202.83031455755943,502.3444998896505
2024-12-17,911.5251671635692,192.8032979535843,220.07228397126272,269.342804379461,204.8017531183523,498.4818165164932
2024-12-18,901.1789900327847,185.5614188204042,212.16669561828118,256.9564263069561,200.41453644271678,480.5765791379386
2024-12-19,913.5523928689622,185.40866724115855,212.29059124382186,260.18409937095277,201.8203988761495,479.2728938837494
2024-12-20,941.6553773786129,185.2262526124976,215.55641978285425,262.08342923416507,205.6177995605407,470.96809501571266
2024-12-23,976.3993843190937,184.65354575489278,219.18263110544177,262.2465606605765,206.24802360356745,482.7171560885074
2024-12-24,980.2444288224062,186.38443718924756,220.84934530460987,266.8958329832897,208.61534682656782,489.0745714061304
2024-12-26,978.2169892182313,185.8668694779231,220.27501441099022,264.56537387455984,209.27782031964958,485.5337125012949
2024-12-27,957.803986765815,182.6510536649846,217.07671659307772,260.7201127891571,206.50654075845566,482.68497364167524
2024-12-30,961.1596308561559,180.232858875483,215.3649588671017,257.86530393696137,203.767572737132,475.7884036204512
2024-12-31,938.7891337012437,178.82012333397188,213.18026139418876,255.63971122092627,202.3294111817921,471.17737963928386
2025-01-02,966.8921182108944,177.58129726359024,213.32664421404144,256.6068538846482,197.0211169324452,482.22627505515476
2025-01-03,1009.9550765767665,179.60497349586845,215.98435057207527,261.23281663787645,196.62520743431162,486.56374823824854
2025-01-06,1044.6292455649593,181.5141057315771,221.7052068830519,265.21789958020554,197.9502537641795,507.1407210188459
2025-01-07,979.6850835077555,179.18921829530262,220.1511360699955,258.8091370311983,195.6960457666512,497.2344505442603
2025-01-08,979.4753557521093,180.1183280041565,218.4168220115236,258.83244660068334,196.09194284682175,491.4645129600675
2025-01-10,950.1143255567534,177.73828829635855,216.26591582598957,255.11536147746043,191.36538049477014,495.60089521004136
2025-01-13,931.3789312507257,176.9916194666518,215.1059672302293,254.55605626976302,189.38587025799126,489.541315604359
2025-01-14,921.1023781734475,176.34676314770368,213.5856704200058,253.74038135771397,188.48097329014118,478.2106756999636
2025-01-15,952.4212239194719,180.8607442550975,220.21866679111542,260.25402807940793,192.18949861294456,496.61488908316
2025-01-16,933.755988413905,180.12678066071555,217.24565574542632,257.1195577333675,184.4249933610465,491.93130651787715
2025-01-17,962.6975630979682,182.01471562881105,220.72543239452324,263.27196835801504,185.81468760658103,493.1143569560267
2025-01-21,984.5086079888388,181.7898539639514,223.03407734661477,268.83011831073367,179.88425340815652,496.083730631686
2025-01-22,1028.1312325175345,189.2990286729467,223.39442556107798,273.84059117050936,180.84575145161332,501.7489765445122
2025-01-23,1029.179657396984,189.51538518027488,222.955225247882,274.318339554997,180.708383944294,512.1703142471556
2025-01-24,997.0223284259383,188.39114248219215,225.46654878606313,273.6541679546048,179.9973810515916,521.0545452369146
2025-01-27,827.8458246991196,184.36080033269866,216.0068550509332,274.318339554997,185.71776540493332,531.0250818860025
2025-01-28,901.7382283980446,189.72326278055783,219.937153390839,277.49941126001556,192.5045795895503,542.6534587831765
2025-01-29,864.7570540977424,187.6571920130533,220.0610317318337,276.24097898769435,193.39334562339135,544.3917057887621
2025-01-30,871.3982369526589,176.05825717903218,226.20980154748543,273.4094619249917,191.96325574403747,552.8493219196706
2025-01-31,839.3805304114939,176.0879727294199,229.7571780558861,276.9517519470647,190.67861746595196,554.6036107890912
2025-02-03,815.5420993911438,174.33160519820004,226.61521057330245,276.64879866372695,184.22300277398668,561.266858070782
2025-02-04,829.4536483679154,174.94673284151733,232.41490169846594,282.0554630847806,188.09316030391972,566.6826900206589
2025-02-05,872.6566569612322,175.3370381957043,215.46635001378442,275.1922617207708,187.82652180119325,567.2299396955489
2025-02-06,899.5708989905113,176.4103943262724,215.77038517746473,278.29177660257955,188.43248114440968,572.9595505020394
2025-02-07,907.6801226602564,173.8352216292456,208.72069297201716,267.01234527073103,183.9160183092931,574.9955838599847
2025-02-10,933.755988413905,174.8831016629486,209.99325038479722,271.6616175934443,184.13436335369693,577.3131642681304
2025-02-11,928.3731186181711,174.55218803380774,208.69815392406727,271.2188246731882,188.15434360789388,579.24455531429
2025-02-12,916.7683610547268,173.53401042524933,206.77244808802672,266.7559933463714,191.59195864867974,583.7348457602557
2025-02-13,945.7799875898602,174.17037471190912,209.62161536181307,268.4339267494556,195.36118297489816,586.2939425983858
2025-02-14,970.6670039137462,173.27519375647935,208.59679734647648,266.46468595778015,197.84436579320578,592.8202664022967
2025-02-18,974.5119414676677,173.7885482647674,206.9526394798043,264.0992713848187,197.7392104820523,576.4843675430399
2025-02-19,973.3235198354691,175.96493670056194,208.64184087328442,264.0759795953256,198.06276050946184,566.34472496934
2025-02-20,979.4753557521093,176.89591019393663,207.84227506107928,259.70636876645705,198.83925573931865,559.1584635670454
2025-02-21,939.7679345271872,173.5291409600577,202.3241664743761,252.36541901795948,198.61277692911347,550.0730429250043
2025-02-24,910.756201042663,171.73946156183962,201.86242711323018,247.85598633216455,199.86649447919095,537.664093613407
2025-02-25,885.239894502447,169.1463597827326,197.5492587954573,247.96085272485934,199.81794024364416,529.1098314228399
2025-02-26,917.7470549312794,169.92430606675643,194.5199346989853,249.7669620901234,194.41484726433205,542.1464865264078
2025-02-27,839.9398222514492,166.8635912515792,189.75633111313343,243.23002357893637,191.93977337589962,529.7053054083972
2025-02-28,873.2857867534758,168.7595194927251,191.76085447881476,247.35492837819183,195.6119389028767,537.7204622549443
2025-03-03,797.3661573491578,165.14620569237857,188.07834738999034,238.8953682142994,192.53023510122284,527.1382616777211
2025-03-04,810.8582508146368,165.19719726183803,192.4815854768331,237.47378673557483,190.83164402468418,515.0270493589023
2025-03-05,820.0162202120044,170.47266559840313,194.84652619516154,242.78723065868024,190.67794689594697,528.2809359785873
2025-03-06,772.968381014157,168.71703308079708,194.0919866252183,233.8615680050467,190.34633761051444,505.31402164405284
2025-03-07,787.788785915193,167.1951611428753,195.7924921117653,232.17198870721592,193.37145275452463,503.4873222692599
2025-03-10,747.8715299852336,161.60514635532016,187.00964391242613,226.68374968296052,183.99688408471013,481.2204255129062
2025-03-11,760.3150381471767,161.72841863855396,184.94643951316348,229.0724738254071,178.62610264526828,487.4329211006224
2025-03-12,809.1850810679725,162.92718646698182,188.40768712897642,231.75250535644483,175.50396595590593,498.5783638569897
2025-03-13,808.0663904386709,161.014247910773,183.50331820071332,225.92635758462006,169.59936112063673,475.3056175583876
2025-03-14,850.6440124684273,165.1759737437387,186.58122915591784,230.65718673054306,172.68108975821667,489.3888438585544
2025-03-17,835.6824343713419,165.23548359597274,185.22829860435934,228.082039372192,173.09358965499234,487.21415943749327
2025-03-18,807.0176447110485,163.03347468563894,181.14693333264196,224.67957120704543,172.03400212136063,469.05936001724626
2025-03-19,821.6296587238251,164.86138791701933,184.77732751535515,227.84897923732547,174.09658853098043,470.42864415462554
2025-03-20,828.6909922610752,164.4447927008948,183.54843086570514,227.1614980674482,173.1744802663355,471.99122041132205
2025-03-21,822.8881322070938,166.32372375222087,184.89009189328866,228.6296986851429,176.54738530163948,480.24705457497606
2025-03-24,848.8263006198988,167.09739120699277,189.05032654828483,236.8445528194222,178.53714035793908,498.4500783058904
2025-03-25,843.7925671109099,167.9816125844306,192.29741863948152,239.69937945160993,180.97986545261207,504.4587188239488
2025-03-26,795.3420866507976,165.77535109533105,186.09644949498878,234.36262595901943,179.18422799479515,492.1112221907349
2025-03-27,779.0521436434597,166.0346533980959,182.91704368582572,234.63062377812562,181.06078089988137,485.3455044188239
2025-03-28,766.7471884174879,161.0269925218271,173.99890934514906,224.56304113961215,176.24809997404026,464.53279027922287
2025-03-31,757.7283067030464,159.57744067340897,174.3484374338326,221.6965686126779,179.66953440896486,464.2266621576689
2025-04-01,770.1030998813062,162.4680785884431,177.08814167796646,223.922161328713,180.52692025016484,471.99122041132205
2025-04-02,771.9907566315139,162.44685507034376,177.05431582149558,228.39663855027635,181.09309243975162,470.32400184283995
2025-04-03,711.7248817824881,158.60819397114273,169.92883088195262,207.88860906144845,164.3499404341357,428.1910583514776
2025-04-04,659.359304967993,152.96714823839878,164.15632834760606,199.25425379640612,152.37091511881414,406.53264183028284
2025-04-07,682.6405831362067,152.12546577386138,165.45289399474376,204.2181252972037,146.77367970509326,415.8113792714316
2025-04-08,673.2721908121516,150.72262666565078,163.14160450711822,198.8580800151201,139.46167260897244,411.1397664045488
2025-04-09,799.3271279068595,165.9963801892043,178.9371559835209,222.67537495113837,160.83953129391884,471.8059739037129
2025-04-10,752.0652295030322,162.11100634979573,172.2965198430909,211.16290126441527,154.02093954184298,440.0069029374071
2025-04-11,775.5563958509786,165.12919537731563,177.1670629148831,215.4159820258505,160.27333426840596,437.81617665251093
2025-04-14,774.0182497103845,164.8571484634967,179.34304897662525,212.2116007513469,163.80803294435927,428.078321068403
2025-04-15,784.4354412367574,163.972940211302,176.23127759585793,209.26357140120297,163.50065110484792,420.0560564421873
2025-04-16,730.5317182816682,157.97054341065873,172.87149026491159,203.13447034604044,157.1350293911454,404.58345665516157
2025-04-17,709.5574989002595,156.34242262980916,170.42491463594857,201.13027409013338,159.32698613987682,403.914955169469
2025-04-21,677.5369047255388,152.661080694454,166.4901223140896,194.96621757073927,156.23719824427386,390.36732968306893
2025-04-22,691.3798456680182,155.9343456964592,170.77442544008613,201.79444569052555,161.5594130302059,402.94839585372114
2025-04-23,718.0869802017293,159.15234029975298,175.1489538960663,210.44046463030642,165.49043099707364,419.0492690678992
2025-04-24,744.0949865668223,164.64033257265987,179.5798126873753,217.36191324804093,168.53977358700502,429.42346837065816
2025-04-25,776.1157411656294,166.57453402269735,182.601358738159,220.21673988022866,169.27584834711632,440.7963600764161
2025-04-28,760.1753087679049,166.28122421504975,181.0792989042462,218.71358379830235,169.97144054766696,442.785699270706
2025-04-29,762.2027483720799,167.50550751607202,180.57194562627527,218.35236548124794,170.83692290077906,446.57133233787397
2025-04-30,761.5036202034619,168.0241252468448,179.03865083747948,214.89163228238465,171.88032982854952,442.1897316893385
2025-05-01,780.3105101773375,180.83655443205663,181.857259033984,221.6266576842147,172.54358565330378,460.8841300494158
2025-05-02,800.5157099631444,185.03652722342767,184.9351699891885,221.37030575985506,166.09706091029506,480.8672083510488
2025-05-05,795.7615956367856,185.4148623559037,185.13812512801366,217.14053456790487,160.87189250564134,482.6794947281808
2025-05-06,793.8040474595944,184.199097337656,184.0332105266342,215.5791134522619,160.56453550205606,473.0462814558583
2025-05-07,818.413744012756,184.2160814022327,170.67296515521954,219.8904770274058,158.7365492504797,480.6981024264368
2025-05-08,820.5810199455935,186.26507622845875,173.94254444072828,223.81729493601824,159.7395108725786,481.6646123826036
2025-05-09,815.5472329619092,186.50311563739496,172.21756403708227,224.95921492089815,160.5807161079173,477.21854812124167
2025-05-12,859.9426737895852,190.97938792135065,178.65529689232505,243.1134935115031,170.7207776923215,515.0261608864438
2025-05-13,908.3930473003066,190.92840947713427,179.8616372094792,246.29456521652165,172.4539776318957,528.3965854769428
2025-05-14,946.2164480543132,192.5437462712005,186.44594301458037,244.9895138052303,171.96803790161013,531.0786863910021
2025-05-15,942.650755360153,192.97815244221727,184.85624875227185,239.07014553545736,171.25532133000607,518.6104562225865
2025-05-16,946.6360105149967,193.46364205939528,187.3704588096306,239.5595398146916,171.10142551385997,515.7591506647533
2025-05-19,947.8246460459774,195.42268959462882,187.765047709668,240.22372919507578,169.0928696614944,515.8316598892877
2025-05-20,939.5047320760675,195.12458907324825,184.87878780022174,237.7884036936511,167.53783023787662,513.1494602560664
2025-05-21,921.4668616977935,192.73965364977244,190.04251134082273,234.35096228428088,163.67456467743938,511.8607803145106
2025-05-22,928.6681919877929,193.7149117133804,192.64689487452716,236.65812960351772,163.08332062044366,512.7225492397298
2025-05-23,917.9012759530243,191.72181729753476,189.94103377141016,234.199494532608,158.15099262056336,505.0627813766054
2025-05-27,947.3350317342238,196.19778770089906,194.93562802965684,240.06059776866434,162.15194855535938,517.3539093682818
2025-05-28,942.5110794555769,194.77960518349974,194.3268144668193,238.5457957919915,162.3220249773667,518.3687917138591
2025-05-29,973.1334707677569,195.34177247089198,193.7630789998816,239.6877157768714,161.94133990193907,519.5527306244671
2025-05-30,944.748246815398,196.05724259774024,193.62777557399818,238.88370453956088,162.67028675125658,521.5180810623762
2025-06-02,960.4791118815626,196.74291842274215,190.5723863821976,240.79468029751973,163.35870136916114,540.3735397353573
2025-06-03,987.3259757945455,197.1688063109844,187.35917200110967,239.69937945160993,164.63025111418622,537.1115131037656
2025-06-04,992.2198729748715,197.55207653486758,189.46752363445606,241.4705155726504,164.26580873443507,554.1064117293666
2025-06-05,978.726603066092,199.17465846312723,189.64788787169334,242.26288091521445,162.49210139937404,551.4243108153073
2025-06-06,990.8217235870264,200.3245478862354,195.81501387516929,248.85808446011808,165.15669823995864,561.9675173235162
2025-06-09,997.1839289556586,201.3338659556985,198.77252068311984,252.83150372770868,163.15621406357909,559.0277100368945
2025-06-10,1006.4825368021209,200.55452839590563,201.6058553127941,253.565604036556,164.1442989659376,565.7451047789762
2025-06-11,998.6513815488371,201.27851680552845,200.19483140221746,248.4269374346085,160.9937499771044,559.0921242901399
2025-06-12,1013.8238638448694,203.94025048082688,198.33226601261944,248.47355657357863,161.33392765704517,558.463776823616
2025-06-13,992.6384728910366,202.27506401345127,197.16962102768724,247.14519559280225,159.1066790573102,550.0146999002258
2025-06-16,1011.6563205385544,204.05524073566198,199.54014465436524,251.80611381026208,160.70220104048872,565.9546855600336
2025-06-17,1007.6709584343197,203.58676143354694,198.6145053638267,250.3146214030743,158.45063806909118,562.0130268572267
2025-06-18,1017.1800426821651,204.52369378729088,195.6457463164472,247.6345898720365,159.21195854809426,560.836195726287
2025-06-20,1005.7831947347211,203.31421576049004,188.1052421435257,244.33698809958466,162.79175926586493,550.0187473858703
2025-06-23,1008.0204690439333,206.97676234772013,186.4684820625303,242.9154066208601,163.1967090411029,563.0609307625136
2025-06-24,1034.100398874438,208.72710539235518,188.25202250793575,247.92589726062775,162.22482958053178,574.0798649126987
2025-06-25,1078.918289796353,209.6470274310362,192.6656486069088,247.01701963062246,163.24532536646495,571.2424293971351
2025-06-26,1083.8826666253128,211.85305266575983,195.89407338845376,252.9946351541201,162.79175926586493,585.2760493183657
2025-06-27,1102.9704591745099,211.20999450511698,201.52683036860157,260.1957630456913,162.85655619708822,591.3538426094486
2025-06-30,1104.6484951184623,211.8360423506969,198.93057057150486,255.63971122092627,166.16907267805357,594.9488983342561
2025-07-01,1071.856528461539,209.55331319527284,198.4903159010045,256.8865153784929,168.31534374070398,579.7383979225046
2025-07-02,1099.4744974832468,209.14448812306597,201.65098526233186,256.2572814623403,172.05712436856984,575.1841868191038
2025-07-03,1114.0875275152375,212.4450405054846,202.6556494970629,260.3239390078711,172.9561228039686,579.5691932787305
2025-07-07,1106.3964759640935,211.96805604583807,199.56270098686116,260.3938499363343,170.04044716836603,579.037096995217
2025-07-08,1118.7021798358019,211.4995898689661,196.8196953944463,255.6047557566947,170.0890634937281,580.9071834417363
2025-07-09,1138.8389320114031,214.43390859305072,199.3707906729133,259.31017720517906,171.00425495295113,590.668731624739
2025-07-10,1147.3690015345232,213.56936195502598,200.49959251682864,258.98391435235624,172.03282241487037,586.2030716097079
2025-07-11,1153.1023444843893,214.35297834407078,203.4006825667205,262.19995930159837,171.02043555881238,578.3600809817966
2025-07-14,1147.159380728268,214.22520410245224,204.94713089500243,262.98066096942387,168.96326338108474,581.1086692515045
2025-07-15,1193.515417790777,215.4176718141901,205.4438023235615,263.74971674250276,169.36012906237363,572.620845057005
2025-07-16,1198.1999080636297,215.33248898644445,206.53876102646004,260.06758708351146,170.21053600833642,566.5914241553327
2025-07-17,1209.5966490616827,217.92183694602366,207.22732548442102,260.871598320822,170.09714758767717,565.3823612179798
2025-07-18,1205.47139715409,217.2191245554726,208.89798056007118,263.49336481814316,171.03664100059973,567.6958447808998
2025-07-21,1198.2699599147,217.22339025948148,214.58718886736966,267.18714037188096,172.08951041621845,574.7004629250006
2025-07-22,1167.8551573703471,215.18341247526794,215.98692596942536,265.0547681537941,173.6445498398362,568.1230519547227
2025-07-23,1194.0747631054278,215.43896095850502,214.73393466268774,266.01024714277753,173.44206253425418,575.1922324308119
2025-07-24,1214.770753646289,217.5726267279957,216.92383478393884,270.6012544317741,173.12619922597594,576.1756233636913
2025-07-25,1213.0927177023366,218.777878426517,218.06392343637518,269.6807309070223,173.22338220484784,574.4666959492381
2025-07-28,1235.8163617461546,218.26252888127712,217.3866457869351,271.25378013741977,173.36108499716966,578.4567764010362
2025-07-29,1227.1464024196766,218.29233630836654,220.96497891717505,269.17967295304953,171.10954686169825,564.2458075051613
2025-07-30,1253.4359530564363,218.57767909344994,221.84545368908383,268.2241939640661,169.31154999090074,560.3848023577591
2025-07-31,1243.6473031006567,227.2059907809605,216.61903910023565,272.79189168357766,168.11286885308502,623.4432959909593
2025-08-01,1214.6310777417127,223.2069917119996,213.49224744901707,250.23304679987257,163.90945044863307,604.5571850181578
2025-08-04,1258.5398988405818,228.11735516113765,220.1635118049128,246.62082806934444,164.69506046337256,625.8051025837087
2025-08-05,1246.3739778228407,224.75718792454006,219.74586532054622,249.06781724550763,164.34677385355658,615.3988195532797
2025-08-06,1254.484698784059,223.56045450879333,221.34876497597878,259.04217938607286,172.71315293882583,622.2744611121466
2025-08-07,1263.923945079616,221.8143509176809,221.83416688056292,259.9976761550483,178.20433894805322,614.0848181466552
2025-08-08,1277.418070583523,222.3253953831826,227.36534258402236,259.484972306329,185.75269713500828,620.1061934366195
2025-08-11,1272.943201116926,222.210470754563,226.8912447725051,257.86530393696137,184.20400329051185,617.3414152243334
2025-08-12,1280.6343596174606,225.39174092765148,229.53266908823156,258.0633908276044,186.20674753616748,636.7917062083185
2025-08-13,1269.6571810800913,221.70365261734082,227.97489938233676,261.66394588339404,189.19059778894442,628.7956021600494
2025-08-14,1272.6635284596005,222.51279760422312,229.08114489375623,269.14471748881795,188.7446438996974,630.4480128542222
2025-08-15,1261.686349922231,221.52900813259754,230.16478221904188,269.2029825225346,187.77975575232645,632.9468416439134
2025-08-18,1272.5936905073124,220.22152391553828,229.71325802456653,269.73899594073896,187.21218033291441,618.5504781616863
2025-08-19,1228.0553652933318,217.09988172187175,227.53464471183636,265.68398428995465,186.9446104829588,605.7420617608055
2025-08-20,1226.3773293493794,215.3750935255604,224.9948362418903,260.79002371762033,183.25532058492828,602.7112354067627
2025-08-21,1223.4406060233762,215.09780963974293,225.48023814647445,258.62269603530183,182.355303876559,595.7629859041994
2025-08-22,1244.4863210726328,216.37328138887125,232.6368871224083,266.6511269536766,184.6742839693845,608.410144553852
2025-08-25,1257.2115874050248,215.10632792251747,235.3460495738063,265.602427466745,184.18778543076144,607.2091272282072
2025-08-26,1270.91565456336,214.1593153820696,233.82212300892834,266.4996592020037,185.93106875633666,607.8539114352144
2025-08-27,1269.7270190323793,216.16424876719515,234.20594363682406,266.97738980649945,186.88786039179544,602.43724037246
2025-08-28,1259.7286413209533,217.40132918024392,238.90179180245838,269.86717190291876,188.56625986040595,605.4438311722166
2025-08-29,1217.8471528768684,216.14292024715093,240.33538933007694,266.8375679495731,188.22572205953657,595.4405691209053
2025-09-02,1194.0747631054278,215.47319159252055,238.5744397862593,262.5728235133993,186.26351004529388,592.5467649638043
2025-09-03,1192.9560724761266,215.57128965948067,260.37182515298986,263.3302333917317,193.3582524597967,594.1105752100266
2025-09-04,1200.2276685159777,216.68894348552513,262.22306916497496,274.6212928383348,194.420435347707,603.4609580830418
2025-09-05,1167.7853194180589,211.15623350936255,265.270853156547,270.7177844992074,194.3474798147563,606.5239668839167
2025-09-08,1176.80468240476,212.5212850426764,264.4234610056322,274.80773383423127,192.8798752690119,606.4030359103909
2025-09-09,1193.934766352679,212.61085170161886,270.7391649662994,277.6042954327023,190.017658964363,617.2043436678105
2025-09-10,1239.8716687520684,213.44694281259387,270.2194705225032,268.38732539047754,183.88777986130503,606.1451814590853
2025-09-11,1238.822709125664,213.71996099440253,271.5752357396014,267.94453247022136,186.51487445346214,605.2746265284426
2025-09-12,1243.3679512915041,217.51222435923054,272.06106975783484,265.84711571636615,189.79062134582034,609.0550274800212
2025-09-15,1242.8783369797507,219.8413512490277,284.27445093479145,269.66906723228374,191.9230836335531,616.3983017095752
2025-09-16,1222.8104602119188,217.14537381447064,283.7660087304242,272.7219807551145,193.09879153971627,627.9250472294066
2025-09-17,1190.7158035839677,217.5634128073366,281.92442677963845,269.8904636924118,193.77989197738117,625.2811012714843
2025-09-18,1232.320079206719,216.89371040319236,284.74894629086606,269.4360248774092,192.8798752690119,628.9325749974101
2025-09-19,1235.32664048501,220.93763717929863,287.78819171672706,269.7273322660004,199.05838311539497,627.4252814714683
2025-09-22,1283.853215436781,219.45318530946665,285.31387439147596,265.2412091496906,207.6369355174295,617.1853402291136
2025-09-23,1247.633093002455,217.22643531588162,284.3309368310341,257.17782276708414,206.29907384968837,609.3128819313268
2025-09-24,1237.4243458390372,217.61888008469458,279.224148584871,256.5952079899017,204.58012973170185,613.5555847188414
2025-09-25,1242.458774519067,216.2879541834514,277.6988738254071,254.19482017271662,208.27750372368143,604.0779528459285
2025-09-26,1245.9548431597207,218.17767418460906,278.54623140723,256.0941500359289,207.13424395498214,599.9158048946565
2025-09-29,1271.546762919336,219.517144619113,275.7329814199773,258.8790479596615,206.29907384968837,599.6335668103216
2025-09-30,1304.6202203732307,220.94619483780252,274.65968025318404,255.8494617863078,206.4612648651555,592.3578658471989
2025-10-01,1309.235086592577,221.69698499384393,276.6933280788313,257.08460226913587,207.1261226071439,578.6132956324853
2025-10-02,1320.772359090334,220.00343487612037,277.5858847483759,259.15870945350616,208.48831106451064,586.4454271525698
2025-10-03,1311.8921372612547,220.6902000962999,277.2017875677446,255.77953307785265,209.2099437335885,573.1444514925813
2025-10-06,1297.3483034852065,225.47645124664544,282.94124205018915,257.3992014472202,208.13156782185388,577.2581776948618
2025-10-07,1293.8519139963798,223.51842748037402,277.6649788307523,258.42460914465886,207.9613051304007,575.1771283990164
2025-10-08,1322.31071912971,223.88955685438586,276.37698631841766,262.433001656473,209.2423794530893,579.0166127690892
2025-10-09,1346.5039547545255,222.84447249746404,272.88583643806993,265.3693851118704,205.98285042048153,591.656170043263
2025-10-10,1280.7065504563498,217.96440210941032,267.28192736515246,252.12071298834636,198.8719025641914,568.9016993454858
2025-10-13,1316.7868900367084,219.282530898627,275.84597049700847,256.4320765634902,200.80977537084541,577.2904095012751
2025-10-14,1258.8207479412074,219.07779023144593,277.3147247911379,252.14402255783145,200.89896118150955,571.6038402494436
2025-10-15,1257.4221707557988,219.01805725007915,283.6191419432842,251.188543568848,202.17196382821214,578.7826483550025
2025-10-16,1271.2669833126197,218.2416728699847,284.1049759615177,249.90678394704977,200.6395002614292,574.3624485141008
2025-10-17,1281.1261129170334,219.08202968496857,286.1838574439786,248.24049643871206,204.56391187195143,578.2744914682889
2025-10-20,1277.0705920123376,220.4513469222913,289.8557691061211,252.2488889505262,212.63163894573728,590.5752939378475
2025-10-21,1266.7220619949524,220.82250254678937,282.97517161393586,258.71591653325004,213.06137497523392,591.4625817664597
2025-10-22,1260.5688357362299,222.05102530133428,284.3648491102348,253.961777817842,209.55864013618532,591.5754671282775
2025-10-23,1273.7143062256512,222.05953045886574,285.93527110378244,257.6205979073483,210.47483745041586,592.0513922085778
2025-10-24,1302.3826252158456,223.36063580777633,293.66326074688254,261.2561262073615,213.10193204257303,595.5681636378702
2025-10-27,1338.952365209176,226.73487330498148,304.2270912788231,264.47215337661163,217.95879608096539,605.6185640890661
2025-10-28,1405.658625431616,231.23525666051944,302.1933915995378,267.12887533816433,218.11282849470507,606.1186753640716
2025-10-29,1447.682249616269,231.01341380157376,310.2151493860097,268.3523699262459,218.68042875004323,606.3041686695859
2025-10-30,1418.664206117679,224.27774904443308,318.0222331114862,259.683059196972,220.05884748512347,537.5810214385319
2025-10-31,1415.8674795444251,220.88644873119262,317.6945872580056,284.57236318940693,219.2236897977927,522.9652546186223
2025-11-03,1446.5635589869673,220.55375006898953,320.55303633297984,295.9683068086968,218.15338556204415,514.3830055456107
2025-11-04,1389.2967589588666,219.4019706108744,313.57073657228443,290.515041028665,218.95613236580016,506.0022916419483
2025-11-05,1364.963526581302,216.34340833556624,321.219632133008,291.5404309461116,219.0372216645522,512.9633252759987
2025-11-06,1315.1086401939742,212.0520313512182,321.71673567521646,283.1973830696605,218.7371788412066,499.2428918964093
2025-11-07,1315.597933657555,211.93259163897076,315.0281694888009,284.79375964953505,217.68309246520846,501.47720269135584
2025-11-10,1391.8139198241859,215.84857354529814,327.7612451095538,289.44301419225627,218.67325116739718,509.58362540322923
2025-11-11,1350.6294205609001,216.99180847015248,329.1283489888109,290.25868910430535,223.39687046220465,505.808703365145
2025-11-12,1355.1043969768884,218.04119790681247,323.9311971362964,284.5490536199219,221.95221431218673,491.23326332293755
2025-11-13,1306.5780359238995,214.69255463366034,314.73447048361294,276.83523965962337,221.53017741978448,491.9431034577435
2025-11-14,1329.7224188717014,217.63166407147799,312.2939962993787,273.4677269587084,221.09189783170567,491.59625368183913
2025-11-17,1304.7601101765888,216.48417656785787,322.0217733425633,271.34700063536803,217.07441358808288,485.5870208488083
2025-11-18,1268.1205322309702,210.64005707380713,321.1857198538073,259.32184087991754,217.05814605648027,482.10243186634807
2025-11-19,1304.200657912547,207.7947799989408,330.8230641524566,259.484972306329,217.96719062399083,476.15771200572476
2025-11-20,1263.0858896521584,204.4697884138623,327.02689388930804,253.01794472360513,216.09235139780628,475.21405553557526
2025-11-21,1250.7796510334954,201.77303658996212,338.5623578886236,257.1545131975991,220.3451808772558,479.32768301869373
2025-11-24,1276.4414087453988,202.57651147182344,359.93857072360885,263.6681421393011,223.94067790032858,494.49193350301925
2025-11-25,1243.3679512915041,203.85437201519667,365.4295252885871,267.6182696173986,224.79287303297136,513.1810997475072
2025-11-26,1260.4288389834808,207.49135062885995,361.4864709537526,267.0240089454696,225.26358834055097,511.0758642569566
2025-11-28,1237.6341805440743,210.27357403585412,361.7463268179237,271.75483809139257,226.31869298951966,522.642640397004
2025-12-01,1258.0515679215193,208.02129544443156,355.76960737289596,272.52389386447146,229.768055423356,516.9318849504673
2025-12-02,1268.8197673489792,209.41453999993308,356.8090308295804,273.15311000063207,232.27593757018087,521.9569864569032
2025-12-03,1255.7441348118464,204.17063787303334,361.1249128210713,270.77604953292405,230.62022572007268,515.9074762057512
2025-12-04,1282.3162457394872,205.49977874121436,358.8539654637487,266.96574391175295,227.8201737384793,533.5964199002283
2025-12-05,1275.5334084162619,206.4912989810283,362.9778507185618,267.45513819098716,226.26186839057797,543.18698649454
2025-12-08,1297.4904392257747,209.85045557390683,354.67950562741606,264.37893287866336,225.53956515149508,537.8472176590318
2025-12-09,1293.4345974729063,210.2778266146198,358.4781994342768,265.57911789725995,224.96329715794428,529.9101970292566
2025-12-10,1285.113400110305,204.52534756792198,362.0168645315067,270.0769046883083,226.26186839057797,524.4010261116503
2025-12-11,1265.18412975314,206.62378518492122,353.221104776325,268.32906035676086,225.6531646775263,526.4821247670768
2025-12-12,1223.8574947492862,204.51253733065235,349.6711355860282,263.5632757466063,225.85607419385224,519.6420714661332
2025-12-15,1232.7380374265383,202.9269554627032,348.46142478240915,259.31017720517906,222.47160803494364,522.7137181936886
2025-12-16,1242.7376985306557,203.59795726591474,346.5960074427255,259.33348677466415,222.8774270675955,530.4957990986077
2025-12-17,1195.3273543721946,203.48254700330028,335.459989300866,257.8303484727298,220.62927903603824,524.3201751179216
2025-12-18,1217.7039476423909,206.8417429719081,341.9494029485707,264.2274473469985,220.91332752296844,536.3887901183106
2025-12-19,1265.6039061126055,207.67085145355176,347.263052640949,264.9149462968677,222.11456676117356,531.8035318384414
2025-12-22,1284.484002944584,207.24346728759565,350.22510528449067,266.1733785691889,219.92316882077967,534.0073877718918
2025-12-23,1323.083642378081,208.06829693998742,355.39176719790714,270.49638803907936,221.0513159284405,536.7843578006925
2025-12-24,1318.8879108218546,208.56831620128165,355.0978262090756,270.77604953292405,222.22814145127865,538.8913208765792
2025-12-26,1332.3139095637289,208.43584312263187,354.442119673011,270.9391809593355,221.895389713245,535.4523895065726
2025-12-29,1316.160808302107,208.17514954409796,354.49864013834554,270.41483121586964,222.1875843839396,531.7389695064529
2025-12-30,1311.4057314312295,208.33756130226826,354.82649340637784,270.95082685408204,221.6356555979774,537.5997287197426
2025-12-31,1304.1333867456415,206.68786262175553,353.86554178841465,268.95829427291346,220.64549689578863,532.8691064737374
2026-01-02,1320.5662676139798,202.12349370608501,356.29619835053575,263.92449406366075,219.9556542121327,525.054744402824
2026-01-05,1315.461573184098,202.08502361854684,357.8677092704798,271.5683970954961,216.91211081094823,531.8196724214384
2026-01-06,1309.3080260772026,204.5039796721485,355.38042853574836,280.7387479987508,212.9351587987384,533.2969553221135
2026-01-07,1322.3843003106813,206.62378518492122,364.01796555708523,281.4728483075981,211.28759313239453,523.6662593884237
2026-01-08,1293.923997885878,204.33303650596054,367.9297002946151,286.9843791213466,210.2406098312641,521.5431557295399
2026-01-09,1292.6654174532182,204.8330688924979,371.46836539184494,288.2544928483983,210.50844045844386,527.194038004286
2026-01-12,1293.22486971726,203.9355647690387,375.18789597814543,287.1941296867281,211.2226471856146,518.2413946352182
2026-01-13,1299.3084719224762,201.15336761253073,379.8344659032083,282.68469700093317,211.87195763785755,509.4584001461537
2026-01-14,1280.637995896753,196.32827886784014,379.6875126933385,275.75156692846815,210.98727711386172,496.88922963452995
2026-01-15,1307.9792868440818,195.16580233659516,376.2280453857608,277.5343667242472,209.56696017143247,501.15157753529473
2026-01-16,1302.2453021978702,196.53340016707122,373.0850581149647,278.629685350149,207.39184218060424,500.70758810392147
2026-01-20,1245.185235342469,194.25120914661443,364.04057374321906,269.168027058303,200.22528668575183,487.68638254921626
2026-01-21,1281.8967902281945,189.80222424307215,371.25355305448176,269.5292453753574,200.99631801186428,494.8226426959265
2026-01-22,1292.52552764986,192.80668426630513,373.6955482787617,273.05988950268386,201.5644522396138,522.8105616916713
2026-01-23,1312.3148012542756,199.13613587461666,370.7447997282869,278.67630448911905,201.3128394721844,531.7954862267334
2026-01-26,1303.9236589899954,200.98667702510852,376.7706764220644,277.8140282180919,207.29446051432348,542.7742416779593
2026-01-27,1318.2586206055248,205.38864730785184,378.22907727315544,285.1083588276193,209.6156634225359,543.2667022179049
2026-01-28,1339.2365297409212,205.83739936958145,379.8797168445679,283.1624276054289,208.1304005333267,539.8438620713143
2026-01-29,1346.1593638168954,185.26775463119282,382.412179382475,281.6709351982411,209.6237847703742,596.0135844970935
2026-01-30,1336.5095341705644,183.89589109670789,382.12954248671036,278.83943591553043,210.59775044873862,578.4070713029381
2026-02-02,1297.9098947370674,180.93843256903074,388.5624010999885,283.10418035170426,219.14404098275512,570.2617038816313
2026-02-03,1261.0584500479836,175.74154506292996,384.06278438479546,278.04707057296645,218.71388274251458,558.3868252367887
2026-02-04,1218.0536721507863,177.01511365180818,376.5219863745924,271.4868402722864,224.4032470241438,540.05383772902
2026-02-05,1201.9005708891646,168.2453512193646,374.4982771628801,259.484972306329,223.93253171656423,541.0387094493303
2026-02-06,1296.5114245010493,171.43785660055022,365.0128294542491,245.07108840843205,225.7262071362184,533.9751066058976
2026-02-09,1328.887464976581,176.7629777317782,366.6634690256615,243.20671400945133,223.094120522913,546.6975879762035
2026-02-10,1318.3984034594919,176.6219338693814,360.1740208088649,241.1559163945661,222.33046546685551,541.4503189955474
2026-02-11,1328.9575168276513,172.818277793539,351.5591611118457,237.80004958839763,223.8089978200887,539.8116302649012
2026-02-12,1307.210213773785,171.73702026662227,349.3432823179959,232.5798261632404,212.62264834048517,524.5704281937485
2026-02-13,1278.330348888298,171.51479677562654,345.6350558247624,231.63597528901155,207.78899347504338,516.465436909725
2026-02-17,1293.4345974729063,169.60867022058875,341.4519537154428,234.3859177485125,214.36923484423312,516.0779641986321
2026-02-18,1314.4824515099817,170.77970441033762,342.9329973217596,238.62735261520123,214.75106237226186,519.2505019098147
2026-02-19,1313.9231061953308,170.68117321035504,342.390331716364,238.70892721840292,211.6883704720459,520.5098622602382
2026-02-20,1327.349211886596,170.1542997016698,356.1040287683983,244.82638237881892,214.93787820846794,529.2929554684647
2026-02-23,1339.4463644459584,164.68852846533818,352.1583471825758,239.18667560289063,216.23766640148108,514.4311804966968
2026-02-24,1348.5369557270296,166.628951280607,351.4913365534443,243.02027301355486,221.07945503272416,516.0860591699212
2026-02-25,1367.4869974606872,171.59784018874623,353.7524662886537,245.44395262023295,222.77731344944254,527.7025897676479
2026-02-26,1292.8751452088643,172.07759407468774,347.51174268842095,242.27452680996095,221.7374580591059,530.3827656580469
2026-02-27,1239.0316882355737,168.2309922034087,352.46366140265815,244.69820641663907,214.61292495123308,523.2545511230446
2026-03-02,1276.0229157786248,170.71970892410872,346.53945240829904,242.82218612291183,215.05160191412966,527.597651298376
2026-03-03,1259.0305826462447,173.02425223357181,343.21563421752427,243.21835990419785,214.26363248640962,528.8247304828052
2026-03-04,1279.938760778744,173.5682673097511,342.7068808913295,252.64508051180417,213.2643838352643,539.0366354831343
2026-03-05,1282.0364661327708,175.91562516221978,340.1631488294473,255.11536147746043,211.45280171288414,533.2566285444112
2026-03-06,1243.4371475474466,175.17886589105666,337.49496803655336,248.43860110934705,209.15376486872566,520.5744245922266
2026-03-09,1277.2115513096055,175.37162321128366,346.6023681556439,248.76486396216987,211.1197271078111,522.6168253361249
2026-03-10,1292.0360202874974,173.80814425272183,347.3717378660327,249.74365252063834,211.89147867578072,528.0094089233361
2026-03-11,1300.9172046610952,173.43118727077174,349.2498074933692,247.7860576237094,211.87521114417808,528.6471347102558
2026-03-12,1280.7074060514774,172.13755018518734,343.42325618376236,244.1505471036882,207.7727383614038,515.1819397241775
2026-03-13,1260.4973935430776,169.43465574751443,341.9864610151387,241.9832194213697,203.19095704061561,495.428037957271
2026-03-16,1281.2668583155191,171.31941440677872,345.6973147593602,246.72571224203122,205.38437910898756,506.9535988471576
2026-03-17,1272.245677189172,171.08810824755494,351.76139029973996,250.75739654333842,206.52981202122157,503.0834621772647
2026-03-18,1261.546353169482,167.82405716620883,348.1070915899449,244.54672088497423,203.04473552563778,497.44393260615567
2026-03-19,1248.6791649953038,166.637522064354,347.47354384181875,243.25331536842944,202.24861991415338,490.18846907125567
2026-03-20,1207.6997946638537,163.57479908698184,340.5383271843561,239.30318789033197,201.4606008145811,479.65266650020146
2026-03-23,1228.259424731258,164.0588580526615,341.7375981222069,244.8613378430505,204.30391697945964,488.05544413658464
2026-03-24,1225.1824907537236,159.6639491507082,328.59121443812694,241.48217924738896,204.42576203295963,479.05477389517375
2026-03-25,1249.5182899166712,158.93576066329203,329.14556439660083,246.6907567777996,205.22189006240708,480.6464723046784
2026-03-26,1197.4900849559172,156.76400543831323,317.8206953054309,241.83173388970482,205.44124096181844,442.3895886329327
2026-03-27,1171.4758220514539,152.82317744678977,310.37637963085393,232.27685509991068,202.11862867688902,424.75992579527383
2026-03-30,1155.042192537379,153.76126482192686,309.42604072411876,234.15287539363788,200.35577464153843,433.3728271681057
2026-03-31,1219.5880750626975,158.56309563583696,325.3329046765932,242.68236426598548,206.17236095467067,462.2573135936965
2026-04-01,1229.028711700337,158.22040866363173,336.45416181619095,245.36239579702323,207.66713600358037,467.9938347415313
2026-04-02,1240.497215739715,159.97236611316862,334.621343130214,244.4302085975329,207.90272959866817,464.1398880142165
2026-04-06,1242.2455174335194,159.72393151169396,339.3956458500237,247.94918905012082,210.2910764331214,462.97643332973627
2026-04-07,1245.4623412144115,159.4712049557243,345.5841701214153,249.0911268149927,205.93677977754587,464.61655348823234
2026-04-08,1273.2947437649675,160.34501801538056,359.00209402274476,257.80703890324475,210.32358666040057,494.8099572836016
2026-04-09,1286.0919870374664,159.80530801893946,360.3257445534235,272.2558782653733,211.61525350557545,507.71309472048074
2026-04-10,1319.0992428183652,158.86292868930732,358.9115575709336,277.76742685911375,211.6071569936633,508.9007355996662
2026-04-13,1323.8544266386334,164.64568767184636,363.5161951874639,279.5269170854077,210.56732643925278,512.6739794119953
2026-04-14,1374.204381756653,168.38947951389088,376.6399361163181,290.1654686063571,210.26671238960665,535.2644282220068
2026-04-15,1390.708063121798,176.1469444466867,381.4029347430609,289.5595442596896,216.4407746052159,542.6088377219245
2026-04-16,1387.0716768802222,180.01924554396356,380.15841286385046,290.9578161689291,213.97926113244,546.8828838433936
2026-04-17,1410.358409467374,181.102983741827,386.561922318065,291.95991429688263,219.5278057130205,556.319843421537
2026-04-20,1413.0157809842244,179.08115816882645,381.7423686568957,289.3031923353299,221.81867153748848,542.0674618371771
2026-04-21,1397.7711078493032,181.68981336101183,375.9384946716066,291.2025221985422,216.22956988956892,540.3950111531058
2026-04-22,1416.0928219111495,185.44218911204646,383.8919439323898,297.5530197138328,221.91620221932595,545.1457721081717
2026-04-23,1396.092644107787,178.0873803871986,383.40545310140925,297.22675686101,222.1273820990468,532.5658905674643
2026-04-24,1456.442688127488,181.88686263573388,389.6391937450685,307.60893867760774,220.20205143507877,545.3962719819037
2026-04-27,1514.764757796059,181.97253109747442,396.35945978880017,304.2647355461778,217.3993668453177,548.2968384016059
2026-04-28,1490.7086312904373,183.87012624449451,395.72591204067396,302.6101294925706,219.9177297529614,542.414903928054
2026-04-29,1463.295898149956,181.8183226162442,395.90695037520425,306.5019919369514,219.47905279006483,540.6212261129706
2026-04-30,1395.6032436948155,174.6734127791173,435.3459977201684,308.8557428351744,220.43766986609276,494.3979035011553
2026-05-01,1387.770911998231,177.5262368687685,436.35296079951394,312.5844916331358,227.57842083371597,491.8447791723299
2026-05-04,1387.9806397538773,177.17497911281626,433.5924113929356,317.00068604099056,224.8894599496166,493.18597770810266
2026-05-05,1374.134436854974,176.21547134093325,439.4528404126513,318.74853037253797,230.86041396149102,488.78260948433245
2026-05-06,1453.3657541499538,177.3206168102995,450.32520009022534,320.4264637756222,233.5656175412669,495.1816349287646
2026-05-07,1479.0302925460217,180.2377020901884,450.26861048670685,315.9753139035359,233.508743270473,498.35688741690393
2026-05-08,1504.904558697736,177.81751226373495,453.4477224585884,317.73478634983786,238.28551144715772,492.55575457749956
2026-05-11,1534.5551008943844,176.76376524636441,439.690433781608,313.4350864494325,237.9846490382505,483.8540553183931
2026-05-12,1543.9257926303449,174.66912082462227,438.23099585775856,309.74132867568665,239.70846099775477,487.1990060461168
2026-05-13,1579.2406954196983,173.572546139003,455.50679585136334,314.7634652102008,243.01787298795628,498.2114740911868
2026-05-14,1648.5418687146762,175.38018086978755,453.7532095241305,311.37264293980076,242.48121829655224,499.66580478668243
2026-05-15,1575.6743610291928,180.73030558912885,448.8996744455766,307.7837515587497,244.1237422698956,496.27238295038626
2026-05-18,1554.695168501105,181.42425031728635,449.08071278010686,308.62268270030785,242.18035588764502,493.8323414217027
2026-05-19,1542.7369432005821,178.80273238685893,438.58169929556834,302.19062836180757,243.0991858100433,486.8838944808153
2026-05-20,1562.7371210039446,180.36191939092572,439.99592084715016,308.7974955814497,245.76624140731286,488.8634111184801
2026-05-21,1535.0446082567469,179.90688033774927,438.58169929556834,312.81751620801845,247.99417299501587,490.73784120813
2026-05-22,1505.8136285207822,179.68367245352073,433.2756548034185,310.3239434528691,251.1084491137641,493.0647999366717
2026-05-26,1502.5269667876019,178.5932928826466,439.96193942976555,309.1237584342726,250.71000635116724,494.74534559203204
2026-05-27,1486.7226274898571,177.15092054220642,439.90534982624706,316.7676614661079,252.75909443494572,513.2637770457341
2026-05-28,1498.2610764309143,183.29819377623284,441.37616098134737,319.27289789599575,254.10887734722007,513.2879632404392
2026-05-29,1476.5128108325293,193.27895676367731,430.3001547831092,315.35774366212183,253.74296964782843,511.04185550562624
2026-06-01,1568.960933860692,197.6919522506281,425.8086963736158,304.4278847525812,249.06750721374996,485.1548283573014
2026-06-02,1558.1915579899317,189.44548013550238,409.3813947418683,298.90467248410226,256.29617735980565,482.8602495139161
2026-06-03,1501.757679818523,183.44845155928874,406.1456931664683,291.3306981607221,252.27933885026178,503.34200766270476
2026-06-04,1530.8826727080595,183.7532328294093,421.0796445951657,295.7236007790837,253.06807819169123,507.0505410643024
2026-06-05,1435.9463720995243,178.8680304713019,416.93885505439016,286.6814258380088,249.90502431406122,479.11943494632425
2026-06-08,1460.7306100587107,176.75167689746553,411.2786847843277,285.7375927437719,245.18893030486532,472.9708600160431
2026-06-09,1457.580094900205,173.1757831652088,412.3541292348218,284.5374077251754,236.25269089498184,472.3244963024429
2026-06-10,1403.1807149927738,170.57862568598264,403.4337133340766,277.32463393885763,237.0902079952931,461.3281688403701
2026-06-11,1434.336035120041,167.5650961197647,405.0071946922616,281.4145832738815,240.38335245389194,459.26785056855755
2026-06-12,1436.5765179109817,167.7368005500527,407.1693876863166,277.9655137497568,236.72432513182753,458.0963009127882
2026-06-15,1487.4051785028782,171.6089178939261,418.11617461885413,286.66977994326226,241.02573368274997,479.9516374825059
2026-06-16,1452.11915204908,169.06327699388356,422.5310970587753,286.6464703737772,243.3187353968635,485.3942716848825
2026-06-17,1432.7957499916279,162.65842086393894,411.82207634065423,276.74201916167516,240.64355845175567,459.00614606993156
2026-06-18,1475.0831113743552,162.86876600992542,416.62185648122943,284.77045008004995,242.3185926523782,466.8020476575393
2026-06-22,1460.8005549603897,157.69165824518257,395.8490817152838,271.25378013741977,241.50548926743394,455.9896339943877
2026-06-23,1400.520241943586,160.5248994721224,391.8303556381757,272.79189168357766,239.3018968873196,454.65529644037827
2026-06-24,1393.2390204585495,156.88461329719692,390.8794636259693,272.97833267947414,238.3098754906725,450.99182833626185
2026-06-25,1370.4151648354145,151.46279850002097,389.09082423950156,264.51875473558977,223.73061563728274,439.0229690491364
2026-06-26,1347.941247619457,160.10850113464446,381.93640496999836,271.13726784997846,230.7478575443565,444.9912334299115
2026-06-29,1365.0241668859687,158.21967365001788,400.343236513949,279.81822447399895,229.08909087533664,454.978749774874
2026-06-30,1400.8702873001544,160.12996090711968,404.55440872593016,277.7208077201436,235.28508321370177,455.53675983842885
2026-07-01,1383.2973259243252,164.9636598112866,408.90140290017393,281.63597973400954,239.36696701373012,495.6648158674764
2026-07-02,1364.0440826673337,167.62947543719037,407.42976208686696,282.7662538241429,250.95394481742832,471.39554898744063
2026-07-06,1369.0849283108205,166.01967749571412,414.8445557569205,284.5024522609438,254.23084658035066,485.4589327360331
2026-07-07,1378.7465223901559,166.92117169307693,415.4898224272169,286.6231608042922,252.60459013860995,497.82410009925593
2026-07-08,1429.085140872735,164.56013733729375,409.70516885705075,283.8732183447912,254.82442521440078,487.74758842969464
2026-07-09,1419.7035402988981,164.99799544724692,406.27511984672066,287.8583012871203,257.12554827635256,510.68251775572105
2026-07-10,1476.9734418593366,165.31566570609576,404.33931983583136,285.8774146006983,256.39375771349535,541.1950806020363
2026-07-13,1424.9544345462039,167.84412566291502,399.0527377424482,288.17291824519657,258.0118431355456,531.1023789898969
2026-07-14,1482.8544819181,165.2426893544369,406.9769761205355,288.3826688105781,256.0197038303393,534.5879058043967
2026-07-15,1487.7552238594467,169.83598630590885,419.89347534316306,297.0869350040836,266.2975799687328,550.9804201030962
2026-07-16,1452.0491001980101,172.18414479820694,401.2601816778627,291.1792126290572,270.98116375064956,537.4183816190349
2026-07-17,1419.9135889027173,169.05898503938852,392.5548546672163,288.07969774724836,271.37143549355596,522.4330596159467
2026-07-20,1423.2042077633628,172.69499238506208,398.46406067567017,291.2957426964905,265.5576183861851,522.3036387944836
2026-07-21,1451.2789576338034,170.74605128701867,392.9850324474139,288.45257973904125,266.492715840186,520.6538935176864
2026-07-22,1484.6747605520113,167.5650961197647,387.25693391167425,285.30646349825435,264.988453467502,507.19699094122115
2026-07-23,1461.5706975245962,163.80459584324862,359.6353652181353,272.26754194011187,261.5489508963317,490.15752061394926
2026-07-24,1448.1284424752982,163.85612554767536,361.9560229296787,270.4614325748478,270.78600304327017,481.3345448642497
2026-07-27,1375.8060558354696,167.03278876043433,369.6764765107341,269.62246587330566,273.94905692090026,480.2670452052935
2026-07-28,1379.3066163505432,168.85722380239213,377.7705182684687,269.00489563189154,276.5266286763923,479.8950220430634
2026-07-29,1330.2982343925578,167.6509483349087,381.1666204305062,264.0992713848187,274.9898560764291,473.58711438521436
2026-07-30,1365.514208995286,193.64814360170976,377.71392866495034,274.4115600529453,271.11937567945665,435.9175603681559
2026-07-31,1405.4911426853937,199.49492752011068,403.15069617830045,316.4530267280397,251.1816405880129,450.21550084580724
2026-08-03,1446.7282610490251,209.3383085879844,422.82541830761824,330.9484852291383,246.7176063929164,477.3314334830594
2026-08-04,1483.8345661367348,211.55340336569296,427.5120192411566,323.25799861831683,251.5637909830811,475.47141639107053
2026-08-05,1534.8033304307714,209.2567483273354,410.2824726925779,317.6998308856063,252.88106366807628,476.14265733351033
2026-08-06,1533.1931004006792,214.57980879539602,404.9845865061278,317.2454098505956,254.02756452513304,477.05650061671713
2026-08-07,1567.98908474516,214.6356173290747,401.07903963605656,319.8322208836851,254.77562261959287,478.8356173553963
2026-08-10,1523.1113021643148,217.241358717291,404.7242121055775,324.03868250615034,250.86927914531628,481.1161780777689
2026-08-11,1522.7612568077466,216.27547207725937,389.19269935347154,317.2570379653502,248.14296502834617,484.51275892725096
2026-08-12,1568.8991171127248,211.39026971915195,388.8984126737205,311.442553868264,245.97819120074314,468.1202446285516
2026-08-13,1577.370685318997,213.30057010149685,392.090730038726,308.9373174383761,248.42780826491193,481.1566035746332
2026-08-14,1576.3904941509713,212.66522958379917,391.56998123762537,306.0475353419568,248.97305618675026,477.01602576027176
2026-08-17,1575.3402511318757,206.204578045419,389.41912690572923,304.4861320063058,248.69635913394893,460.13021180874915
2026-08-18,1538.4439946479852,206.75405322272954,389.64555445798686,302.31882210397936,252.3097380238215,439.66992507770897
2026-08-19,1523.1813540153848,207.9045201565343,390.23419695567287,309.7646204651797,257.843728751701,441.5785119974323
2026-08-20,1518.210560222968,206.9368222329543,385.6494711361046,303.0878423170743,253.343285088926,441.41676065039394
2026-08-21,1503.2979649469362,207.8357045069394,390.34741073180174,301.36332533500394,251.7563439182188,444.70820559228014
2026-08-24,1459.6104221379358,209.58616567876246,394.0151913874564,305.3717178468181,252.56202136125586,452.0836129090853
2026-08-25,1491.6059366804793,211.4785501042702,392.7699435573151,304.19482461771463,252.20393697858913,461.00362959509164
2026-08-26,1467.8718347909978,213.48276160102503,387.15505879770427,303.2859469877093,255.09302575529,465.92867923077785
2026-08-27,1596.13377951728,217.22022707589338,385.6268283808788,298.60173698075647,256.01262559139775,461.8527624675669
2026-08-28,1523.1113021643148,220.86308579846724,392.35110443927636,310.4521016350569,260.1794234227992,467.44905304569284
2026-08-31,1545.7252161330216,218.17932796524016,384.1551875675718,302.6916685357883,257.86002111922977,462.8556010753725
2026-09-01,1522.3412665494993,215.4826680180417,379.2534631748427,297.0403158651135,264.59847975570887,467.86954731649547
2026-09-02,1571.1395999036654,213.67630643583828,381.63074505899647,297.1102267935767,264.4601188113451,479.4421478871045
2026-09-03,1599.4243983779252,219.39647113401378,387.6984503540307,301.6779245130882,267.10504559844986,493.86141421493
2026-09-04,1612.796708525544,214.91496187805953,383.3939415937907,301.22350347807753,260.39914686110217,498.7864638506162
2026-09-08,1580.3810967753623,212.44195607335516,383.28065867947794,299.42904000756005,257.34730826059666,496.12578499472437
2026-09-09,1565.9586505580385,211.45274587632753,374.54708872071024,294.1039324097161,256.6311394952632,528.6439263374889
2026-09-10,1530.49294912745,211.79251904456368,376.75598455798666,293.5096717377871,265.7703877651771,521.1148626449344
2026-09-11,1530.002265321787,213.1645007062365,383.4392616733342,299.207643547432,270.40916753638976,524.0666643097467
2026-09-14,1466.2201083972184,213.64189204841927,389.9696396949969,296.52179795901696,270.0367776602831,532.5580917536614
