Date,nvda,msft,googl,amzn,aapl,meta
2023-01-03,100.0,100.0,100.0,100.0,100.0,100.0
2023-01-04,103.03179136448838,95.62569059295984,98.83302523630135,99.207643547432,101.03143607542671,102.1083945037366
2023-01-05,99.65071977285835,92.79156304012433,96.72351553837471,96.85388375921303,99.96002036546068,101.76367335976416
2023-01-06,103.80020519345352,93.88513875122877,98.00269293226272,100.30296217333377,103.63794805565732,104.23280002157014
2023-01-09,109.17219811650945,94.79923986457109,98.76570192973314,101.79445458052155,104.06170486225375,103.7919079039065
2023-01-10,111.13519679328809,95.52133177134169,99.21454701958253,104.71918325117645,104.52545372135332,106.6137581317596
2023-01-11,111.77785184648069,98.40971908629133,102.69300140091244,110.80167405736483,106.73226249091937,106.5335858322701
2023-01-12,115.34055423064274,99.55338073165495,102.25539126594607,111.01141573275038,106.66827272332155,109.59596529848695
2023-01-13,118.05101473010171,99.85391602507735,103.36626039341354,114.33232707468726,107.7476669750461,109.81240706130761
2023-01-17,123.66049043185036,100.32140443269707,102.43491720270366,111.92030225275164,108.69113419472609,108.51371946469781
2023-01-18,121.39015560169715,98.42642752295589,102.24417359560904,111.23281219287841,108.10745264099046,106.63779624772167
2023-01-19,117.1149180821957,96.80691668901787,104.40980621431282,109.15870500850818,108.15543565321595,109.1470275691153
2023-01-20,124.61755243977366,100.2671315453381,109.98652669641338,113.31857416199121,110.23425246962255,111.72838557829037
2023-01-23,134.07614805710537,101.2521942948367,111.97264202063258,113.63318223007151,112.82481357531806,114.85490782005694
2023-01-24,134.57912974526553,101.02678790280311,109.62747482289824,112.23491032083194,113.96020042593615,114.75067272481485
2023-01-25,134.98428198916665,100.42992395692532,106.84470613247048,113.23700844878547,113.42446463053453,113.43595560426523
2023-01-26,138.33042021658952,103.5144877436792,109.42550490319358,115.61407780648952,115.1035347734032,118.08561579748455
2023-01-27,142.26337486477675,103.58126898935811,111.5013529478361,119.13306714907341,116.67867897700815,121.64502156489246
2023-01-30,133.85960393096494,101.30646718219565,108.77468989363955,117.1638352473939,114.33596801132518,117.89322449052119
2023-01-31,136.4792323419923,103.43518501443548,110.90663493224027,120.17012074125853,115.36739166878806,119.424408053682
2023-02-01,146.30110289812052,105.49711503837396,112.69075440993586,122.52388941947348,116.2788826316149,122.75130551464366
2023-02-02,151.65211710742662,110.44326511202955,120.8931702709266,131.56607325054435,120.58846246980883,151.33076206935846
2023-02-03,147.39784494794247,107.83456363909487,117.57181512795319,120.47308291459228,123.53081207274444,149.53503583166236
2023-02-06,147.3210342786307,107.17505289965862,115.46230543002653,119.06315622061024,121.31609306022091,149.1582371299674
2023-02-07,154.8934685959605,111.67877065806893,120.78096764073725,118.9815905074045,123.65074476738049,153.61551835611863
2023-02-08,155.11703678539337,111.33234294610952,111.5013529478361,116.58122047021145,121.46796475781866,147.04985496612605
2023-02-09,156.03912536791202,110.03423654486855,106.60907455948174,114.47214893161362,120.6284607312939,142.63269073945773
2023-02-10,148.5504857219889,109.81719093378963,106.1153587882842,113.73805751276225,120.92474093022967,139.610391253038
2023-02-13,152.20397345651884,113.24818243250294,106.16022946963236,115.98695090828643,123.19892957151816,143.84317276476526
2023-02-14,160.46802428723453,113.60297092541704,106.23877908881059,116.17338301418691,122.6784306177316,143.88328976424816
2023-02-15,159.02201536400338,112.69494023780713,108.77468989363955,117.87462598675621,124.38407520318893,142.02340841110706
2023-02-16,153.69893716307698,109.69471927431047,107.17011363724751,114.36728253891886,123.08682019409278,138.23953994896095
2023-02-17,149.40973163938565,107.98329891347254,105.86849226041241,113.26030912827456,122.15793166394506,138.59228819479856
2023-02-21,144.2892162066773,105.72788965554174,102.99597356501539,110.20741338543583,118.8987625499047,137.95093447867305
2023-02-22,144.98077930513318,105.24249841397824,102.8388743266589,111.61734007941789,119.24311268681274,137.18134457102914
2023-02-23,165.309139574948,106.60661167145334,101.98608075512725,111.65229554364949,119.63548308983776,137.9188877706887
2023-02-24,162.6685324501709,104.28426366490568,100.01122631261003,108.94896333312265,117.48142583060654,136.5961126985358
2023-02-27,164.17048015882395,104.6776075644986,100.84156725892164,109.25192550645639,118.45036229409465,135.91471602229893
2023-02-28,162.17953211993307,104.36794366329913,101.05477213350929,109.79958481940729,118.04196029976966,140.24371169735076
2023-03-01,158.56097774961032,103.04986720205416,101.39139730862334,107.39920589221823,116.36033205635272,139.02517172043991
2023-03-02,162.864137923759,105.07511872932405,103.2316224225501,107.35259564324411,116.84079549476272,139.91503858716098
2023-03-03,166.88787124544788,106.82420198019256,105.08303063772198,110.58028648723277,120.94077252152964,148.50888716171488
2023-03-06,164.5407123922504,107.48534681260978,106.74372117261817,109.24027072171387,123.18291039818202,148.22832730313502
2023-03-07,162.71014268062558,106.34717808220617,105.31867949525669,109.00722836683929,121.39716994604395,147.91565903709454
2023-03-08,168.9494071143078,106.15888988254285,105.75628963022305,109.43835761235687,122.4141763475043,148.2844491467672
2023-03-09,163.74420231011558,105.58143817376393,103.59066565379227,107.49242639016646,120.58841279795351,145.6549532061917
2023-03-10,160.4533885964199,104.02062999731392,101.6943521881803,105.72128137912998,118.91479414120467,143.90731554031498
2023-03-13,160.46037259851482,106.25095034975824,102.232955925272,107.702168065552,120.49231017590046,145.02164510177423
2023-03-14,168.12494767006078,109.12565459697589,105.4420997957831,110.5569769177477,122.18995759265354,155.53953014491418
2023-03-15,169.27778875009466,111.07142620419692,107.84336398747563,112.0950795739096,122.51027896955735,158.52973356376853
2023-03-16,178.451549253306,115.57388393910387,112.56733410940944,116.56956568546892,124.80049920214582,164.28570238652958
2023-03-17,179.7371264343411,116.92541664941243,114.02603744005503,115.2994608484132,124.11983335092545,156.81417962556193
2023-03-20,180.9598208890568,113.91264795186133,113.57718370793266,113.85457869019955,126.04168710456547,158.57784681537845
2023-03-21,183.0489188617866,114.56119254924477,117.72889708176368,117.23374617585709,127.5471292772124,162.0650888753191
2023-03-22,184.92838994180843,113.93774341997023,115.98968285450819,115.00815345982198,126.38599998758204,160.18118174611124
2023-03-23,189.97987993124966,116.18477220907913,118.49192336378007,115.0198082445645,127.26685583364896,163.7646256294812
2023-03-24,187.10129593967747,117.40244054739884,118.3123887847495,114.34397296943379,128.32386049659436,165.15153113728854
2023-03-27,185.3685423185792,115.64917034343057,114.968581016556,114.23910657673902,126.74636929782623,162.61024076801533
2023-03-28,184.52314422177986,115.16794636709957,113.36401340243695,113.30691937724866,126.24185226348436,160.87862028618315
2023-03-29,188.53359057963613,117.37733195404509,113.76795324184623,116.81426282508605,128.74028449555126,164.62240876853213
2023-03-30,191.32136919024168,118.85862083471174,113.20691416408046,118.8534145452247,130.01352316260704,166.61857192489964
2023-03-31,194.0741877291751,120.63698650678893,116.3936140516445,120.356561737155,132.04744903978093,169.90540174595944
2023-04-03,195.3877409797874,120.18928440574568,117.1005346974297,119.33116292971239,133.0644678592051,170.81131047651553
2023-04-04,191.81042293540946,120.16832338975722,117.50449182138496,121.12560862023795,132.63203710487593,172.13404852898267
2023-04-05,187.81395793547557,118.97995059789099,117.22397228250207,117.80470616829706,131.13460451889705,169.53664865597253
2023-04-06,188.90388958172502,122.01786726453032,121.65618791067001,118.92332547368787,131.8552810495663,173.24034481862915
2023-04-10,192.69079445761346,121.09308876452135,119.43449286709999,119.0515014358677,129.7492564744159,172.15808664494475
2023-04-11,189.82615176276613,118.34812756241692,118.21140382489719,116.42973493854656,128.76430083759166,171.43659764901548
2023-04-12,185.11699805956914,118.62429583881833,117.41471588959669,113.99440943712192,128.20376636842857,171.5568499283021
2023-04-13,184.8934298701363,121.28139665205194,120.5453447100215,119.31950814496987,132.5759699981994,176.6474145790803
2023-04-14,186.95456512702137,119.73316902276842,122.16113863675058,119.4476841071497,132.29574622649125,177.5613319016587
2023-04-17,188.6593560322749,120.84620290932864,118.90709815807237,119.71568192625588,132.31171572797209,175.45293739792208
2023-04-18,193.30564036288501,120.66629517848726,117.25761665124021,119.20298696753258,133.3046809514644,174.6753142184654
2023-04-19,195.1501647249672,120.69979080328532,116.89857341999806,121.53344607626249,134.23356948161208,172.91968030046164
2023-04-20,189.37200467434053,119.72059503822432,118.14406323378299,120.96247719382653,133.44881625759822,170.81131047651553
2023-04-21,189.4768181206945,119.57416980693618,118.27872713146539,124.63295206807533,132.14358891572547,170.66698306158108
2023-04-24,188.9388496533972,117.9045467882493,118.90709815807237,123.7590299023016,132.39182401261664,170.58682310198682
2023-04-25,183.34236713336628,115.24745910026053,116.5282693070539,119.51759503561289,131.14261410556512,166.38608829824392
2023-04-26,188.3379717523155,123.59537731502247,116.37117871097043,122.32580252883048,131.13460451889705,167.86915860979482
2023-04-27,190.22442683443228,127.55385927808133,120.72486200450608,127.96550930475877,134.85820548004745,191.2457944865718
2023-04-28,193.878528840657,128.57067199481605,120.44435110789618,122.87345295178538,135.87516220965247,192.656725770446
2023-05-01,201.99029370599862,127.85933622618104,120.2872518695397,118.91167957894133,135.80310076556748,194.9494906492284
2023-05-02,197.09948917967085,127.79654505492948,118.17775081388606,120.75273551844101,134.9622804348771,191.7909093595823
2023-05-03,194.2488411964784,127.37392529675029,118.27872713146539,120.77604508792605,134.0894217575144,190.01924591763873
2023-05-04,192.57199965333712,127.79654505492948,117.47083881037383,121.1838736539546,132.7601408197098,187.2053796020174
2023-05-05,200.38331889127164,129.98918282947596,118.45827899504194,123.11815898139848,138.99018359959518,186.6121638172923
2023-05-08,203.67411925123486,129.15231721931713,120.9268405664837,123.31624587204149,138.9341289108825,187.00496736313653
2023-05-09,199.62174217334402,128.46186371520162,120.45557742050622,124.23677828678932,137.54881812029282,187.08512732273078
2023-05-10,201.81562688496282,130.68381016144642,125.39272649020874,128.39664744027235,138.98218643089092,186.85266837586556
2023-05-11,199.6706568954735,129.7632186145372,130.80115599043472,130.7154517642597,139.13429406980137,189.0251686354661
2023-05-12,198.00778335652208,129.28619471655082,131.855928123944,128.47821315347804,138.38056091942605,187.43790024835891
2023-05-15,202.2907393334057,129.49121104074595,130.73384996841247,129.5735228893838,137.97960970339693,191.48629904514507
2023-05-16,204.10731433337568,130.44527196196356,134.10010171955307,132.1370332429843,137.97960970339693,191.45423999726546
2023-05-17,210.849667285078,131.67821808526173,135.59245806120975,134.5840135291515,138.47678772111738,194.39635484430045
2023-05-18,221.3299436218768,133.5736871916839,137.82540534420878,137.6718736262178,140.36918606456098,197.8916054962634
2023-05-19,218.43739162611473,133.49821703392962,137.74687300957652,135.45793569492523,140.45744053347573,196.92159100984335
2023-05-22,217.82255907457565,134.68917549902673,140.3164454676896,134.01305353671157,139.68760128401746,199.0700654933771
2023-05-23,214.41297726406862,132.20658794101067,137.52245046465183,133.9897439672265,137.57066131866358,197.80344928454213
2023-05-24,213.36490956919124,131.6152956615619,135.65979865232396,136.04055047210767,137.79516568668237,199.78355823717934
2023-05-25,265.3612324854114,136.6769413270712,138.55476997294105,134.00139875196902,138.71733609839993,202.57336175704808
2023-05-26,272.11044925561623,139.5998545985378,139.82271241194604,139.95572248597358,140.67391047889876,210.0689473137683
2023-05-30,280.2501901905351,138.89535708245756,138.76795756298273,141.76183185123764,142.1734292828005,210.4537546074855
2023-05-31,264.34108744518124,137.71275939831514,137.8702846678299,140.50338179892447,142.13334409556865,212.21742179730202
2023-06-01,277.8676439462256,139.46984904852803,138.82405455694092,143.05522847778644,144.41067448170523,218.54255594893087
2023-06-02,274.772489121048,140.65242048218082,139.89004436078724,144.7797721298448,145.1002936848445,218.54255594893087
2023-06-05,273.68250405986856,140.8788965816678,141.393618372781,146.00326671792638,144.00171367900805,217.56452053059328
2023-06-06,270.0702927124809,139.9311620284567,142.85233898797253,147.52971458934573,143.70506094115746,217.34807876777262
2023-06-07,261.85991053266304,135.6118014588841,137.4551185158106,141.2607827872609,142.5904120901296,211.31954633855875
2023-06-08,269.0920783922854,136.40016928940776,137.05117003412835,144.7797721298448,144.79558168847052,212.1052027898282
2023-06-09,270.90885369824275,137.04178375752264,137.15214635170767,143.8242842508654,145.10832810744023,212.40182919203363
2023-06-12,275.8839736915445,139.16372896343182,138.7342959096986,147.48310434037165,147.37764890690875,217.2919075645594
2023-06-13,286.64481194806524,140.18695992488685,138.9474921420133,147.58797962306238,146.99274170014343,217.5084233667516
2023-06-14,300.44541374737383,141.46601503326167,138.76795756298273,147.3083181292177,147.50595130916383,219.13583343313223
2023-06-15,298.04166177586217,145.97829045129907,140.36130750676475,148.11232936652823,149.15782611125255,225.93398044978053
2023-06-16,298.31413133369205,143.5585859412484,138.61086696689924,146.22465428805845,148.2837628913987,225.26856393790246
2023-06-20,306.1122570839214,141.76372183642388,138.12836886603873,146.5625719256238,148.35592367919432,227.93810283858932
2023-06-21,300.7807526777906,139.88081358930097,135.26705919870574,145.4556074049755,147.51397331379573,225.78165678271907
2023-06-22,300.64101922096194,142.45987169679424,138.1844745022699,151.6546193886012,149.9516817027512,228.3790319759387
2023-06-23,294.93913569034726,140.49306688473823,137.27557529450706,150.69914039961776,149.69508931620484,231.46546189801285
2023-06-26,283.9197157577916,137.80085604159285,132.78725403010796,148.36868129088788,148.5644337098046,223.24032939376005
2023-06-27,292.6122745105423,140.3043783651077,132.7760363597709,150.52434529846784,150.80169132667316,230.11861169021213
2023-06-28,287.30870611279124,140.84114837754584,134.85188440441345,150.36121387205642,151.75588766709922,228.70774210581422
2023-06-29,285.24739725738374,140.50565399452717,133.64003031709365,149.03286178127607,152.0285613168009,225.6934758912073
2023-06-30,295.5890084359534,142.80795318960185,134.31328066732175,151.89932541821432,155.5407836976971,230.06256388595148
2023-07-03,296.36453980433845,141.73857386733567,134.53770321224644,151.7361939918029,154.32997013479698,229.29294929851704
2023-07-05,295.6938085285749,141.8056569936456,136.61356854143494,151.92263498769935,153.42381889641555,235.986799520447
2023-07-06,294.1985109787044,143.11407327469806,134.77334342750817,149.5688663094844,153.8087385211447,234.07885427527702
2023-07-07,296.9935273123223,141.41567971935075,134.06643142399597,151.2234901430836,152.9025624468356,232.9084892494524
2023-07-10,294.73653286093173,139.1553550572323,130.6665180195713,148.1356300460173,151.24270289400647,235.77040711720736
2023-07-11,296.308694495044,139.42372693820656,131.44074468737875,150.05826058871864,150.81772291797313,239.1294006457344
2023-07-12,306.76910047789005,141.40729268790642,133.44927806772603,152.41202926693362,152.17288289239212,247.98781657461416
2023-07-13,321.2683962688069,143.69700477319216,139.74417143504078,156.4903327072109,152.7903537256996,251.25060827971186
2023-07-14,317.71876051189133,144.77893182951277,140.73159433516292,156.93310784747504,152.9106341233228,247.6109808532334
2023-07-17,324.6503625605141,144.98442066252167,139.86760037784018,155.62805643618373,155.55686496085238,249.01392822487583
2023-07-18,331.8685891234116,150.75479017294543,138.86893388056205,154.77744383989508,155.3483052583868,250.16030449431943
2023-07-19,328.95469786312236,148.90540380111028,136.92774973360193,157.72547319003905,156.4469225181147,253.3349399876959
2023-07-20,318.07509150979035,145.46245520435974,133.75225887410195,151.43324070846512,154.86720850382164,242.520453222141
2023-07-21,309.61309830229993,144.16247845573093,134.67235846765587,151.47984206744326,153.91299974543173,235.89866798851625
2023-07-24,311.7303058819319,144.72442268774694,136.36669337129018,150.0815701582037,154.56249650744766,233.77423162094456
2023-07-25,319.18606863845207,147.1860361045297,137.1297110110336,150.46609804474318,155.26010046132737,236.06700883962225
2023-07-26,317.59991229268496,141.64631652144786,145.05159869086847,149.3241602798713,155.96581334558573,239.35383866068207
2023-07-27,320.73029426418464,138.68984199895905,145.19746297434196,149.44069034730458,154.93936929161725,249.8877655676571
2023-07-28,326.669794110817,141.89794059002307,148.76570192973313,154.05500720578624,157.0322804969669,260.9267150279502
2023-07-31,326.52303659069594,140.8705226754683,148.92280116808962,155.7678782931101,157.52947093265118,255.41122608397185
2023-08-01,324.971786901671,141.04663721055474,147.60998804773646,153.4490828591187,156.85588332081187,258.7061261965302
2023-08-02,309.33357797371264,137.339556186909,144.0529667626823,149.39408898832647,154.4261969364883,251.97214663522215
2023-08-03,311.052470420481,136.9872746157568,144.1315077395876,150.20974612038353,153.29550407619664,251.07424649668832
2023-08-04,312.2054850990373,137.45694837664018,143.74999459857938,162.63109743711195,145.9342717174665,249.10208443659712
2023-08-07,317.35535203576984,138.4340309772841,147.58750085342444,165.71894864418226,143.41631844626437,253.7758938048358
2023-08-08,312.0936876505884,136.73147671932668,147.44165385449696,163.06222668262956,144.1781605270184,250.63331735933892
2023-08-09,297.3498316027564,135.12952746296696,145.4892433949268,160.6269011812049,142.88712691779926,244.67692395780176
2023-08-10,296.1899798131626,135.42307356351907,145.52289640593793,161.4542042080085,142.7107049057166,245.1018112313161
2023-08-11,285.477936095179,134.6178922943722,145.37699755337252,161.27942688685053,142.758911441291,241.81498141025628
2023-08-14,305.72799007764263,135.88854724605787,147.36311287759173,163.79632699147692,144.09985284712866,245.4625557292807
2023-08-15,307.03467950975244,134.97436081862415,145.62392457715518,160.41715061582335,142.48587767063833,242.0635069007471
2023-08-16,303.86228669582323,134.64657095431883,144.41201863619744,157.38756444246968,141.77927069298445,235.92270610447832
2023-08-17,302.87007766397284,133.16731648660033,145.78098924641972,156.117450715418,139.71566588226528,228.5473728270447
2023-08-18,302.55557055624837,132.99922147610312,143.02064725439308,155.23188265489773,140.10910423017938,227.0723111075161
2023-08-21,328.1860837281698,135.26853693092792,144.04174909234527,156.93310784747504,141.1930931285197,232.40341733655333
2023-08-22,319.10920455421035,135.51225960211738,144.83843702764577,156.43206767349426,142.30920729927914,230.559565507352
2023-08-23,329.22727425081223,137.42018456588022,148.53009628356335,157.9119141859355,145.4327598303706,235.8826508044717
2023-08-24,329.55566924033155,134.46586258354301,145.62392457715518,153.62386018027667,141.62671600737627,229.87815649121987
2023-08-25,321.5549406606866,135.73080805372896,145.73606671143364,155.27848401387584,143.41729946540667,228.87608295692024
2023-08-28,327.2637681321987,136.03338432272193,147.0040264349846,155.1386621569495,144.68599315770194,232.69199812705068
2023-08-29,340.8825188023892,138.01272374358757,150.99869242409707,157.20112344657323,147.84165854324866,238.8888714073706
2023-08-30,344.23660250064665,138.1724054721508,152.46858749826075,157.38756444246968,150.6761208764599,236.57208075252137
2023-08-31,344.872480534598,137.73956114825154,152.7939863607648,160.81332439710937,150.8527415759638,237.20541353672937
2023-09-01,338.96088998888035,138.11777820318153,152.22172961266196,160.9415003592892,152.12948210881862,237.59821708257357
2023-09-05,339.23351979150016,140.1727977857187,152.34514127091538,159.95106590607418,152.3221840714778,240.62052890888856
2023-09-06,328.8699817841735,139.8912350336935,150.87522891220576,157.72547319003905,146.87003979957407,239.83484777782857
2023-09-07,323.1397349257392,138.64308987688585,151.7728672382666,160.6269011812049,142.5741942293722,239.43402330006683
2023-09-08,318.4646198866722,140.47536092946683,153.0296265760265,161.069676321469,143.07203039917545,238.80876080735737
2023-09-11,315.711293905904,142.01766907333345,153.63555361968642,166.74435634162086,144.0195210391352,246.56085576680016
2023-09-12,313.55888588741493,139.4247375820582,151.86266045460084,164.56536498456384,141.56247788050194,241.83102327409136
2023-09-13,317.85667786110065,141.22760808622706,153.39991340442467,168.78350806175953,139.88425215917346,244.55665933861988
2023-09-14,318.5275159667241,142.33704565570474,154.95965354856048,168.63202253009464,141.1128234103454,249.89583585915565
2023-09-15,306.7803977355809,138.77335793179216,154.17414007223212,163.58657642609538,140.52662100995298,240.74876510040696
2023-09-18,307.2416356559614,138.28589946416844,155.08304792226795,163.10882804160767,142.90343170430344,242.5444666583126
2023-09-19,304.1249546140017,138.11359125008178,154.89227838835436,160.37054925684524,143.78668421738888,244.56472963011842
2023-09-20,295.1730930836613,134.8020526045375,150.0673319488412,157.64389858683734,140.91207460712667,240.23569693538084
2023-09-21,286.63354139783934,134.2809541344226,146.36444638031358,150.69914039961776,139.65943734205902,237.0770786260489
2023-09-22,290.7775784955765,133.22191750507997,146.15124150572595,150.45443437000466,140.34997547452144,239.76270875015183
2023-09-25,295.0543249868499,133.4446529097913,147.11627227653892,152.9596885798845,141.38581992710655,241.16560676221326
2023-09-26,292.8809516083436,131.17533745496647,144.266162994997,146.7956231704944,138.07759985595163,239.66650692672255
2023-09-27,296.77332426347823,131.44847379981283,146.47667493732192,146.7956231704944,136.84907827663497,238.68847150838496
2023-09-28,301.1130469571985,131.80570358826475,148.46275569244915,146.7956231704944,137.0578490844856,243.6748257437116
2023-09-29,303.9781970938806,132.69245825401038,146.8356922417451,148.12398415127075,137.47536586425923,240.6685804610222
2023-10-02,312.94399992094594,135.23489692843677,150.5498473342477,150.85062593128265,139.5148922431189,245.96760296238932
2023-10-03,304.10398925398437,131.70063600342593,148.5973850210396,145.32743144279567,138.43092818070622,241.25381233351555
2023-10-04,307.7657429489288,134.04140529108807,151.75046646668446,147.9841534043484,139.4426569475403,244.97355036000718
2023-10-05,312.2871031120473,134.20951342683014,151.55967964822491,146.77231360100933,140.4463637097425,244.34021757579922
2023-10-06,319.7923815086593,137.52946535430843,154.37612727648272,149.10277270973924,142.5179905250936,252.86997273438442
2023-10-09,316.37516136316503,138.60526292129492,155.31865356843772,149.45233624205113,143.72243367255072,255.2188717966943
2023-10-10,320.0440192437968,138.00431046165357,154.91471372902845,150.87391772077572,143.24066634793894,258.00865063677253
2023-10-11,327.0880330125633,139.69791330263908,157.7086914475202,153.61221428553014,144.37283694592597,262.80260122524055
2023-10-12,328.05941022172135,139.16842780107984,155.93581556698064,154.1948290627126,145.10355960933086,259.86851965001836
2023-10-13,317.68895498096225,137.7269609132178,154.12928667542994,151.23513603783013,143.61001384602966,252.27671992997358
2023-10-16,322.11948305564914,139.7903806524441,156.08171441954605,154.45118098707226,143.50564086006818,257.45547781215873
2023-10-17,307.0460034749083,139.546631730765,156.77738282590227,153.19273093475908,142.24499400833247,259.74025877870946
2023-10-18,294.87258068759166,138.72713081951207,154.80253702565804,149.30086849037824,141.1930931285197,254.1045298953398
2023-10-19,294.20876664526065,139.2356290545932,154.56689681039632,149.61546766846254,140.88798375730332,250.76959916256536
2023-10-20,289.2191712059342,137.2815032290399,152.15442359063974,145.8517811862615,138.81631968806073,247.43466842979092
2023-10-23,300.3163899840062,138.395154002107,153.1642731891629,147.4714495556291,138.9127079232818,251.73161739685835
2023-10-24,305.1242144166095,138.90366536243297,155.75628098795008,149.80190866435902,139.2659741582173,250.56117833166218
2023-10-25,291.95855588997756,143.16494672364686,140.94479920975056,141.44721489316137,137.38707414145304,240.12342856832598
2023-10-26,281.8047516052188,137.79421466771046,137.20824334566586,139.326497459817,134.00659393879187,231.1608392436804
2023-10-27,283.020689071292,138.60108909344,137.08483168741245,148.84642078537956,135.07455124583223,237.87880162094396
2023-10-30,287.63985197120456,141.75291975993142,139.6544041455255,154.63762198296874,136.73662119622244,242.63269690940535
2023-10-31,284.97733137140295,142.0891229061707,139.22802032316918,155.08039712323284,137.12209962932377,241.51835500805086
2023-11-01,295.7740911683354,145.43427530371653,141.88734278625154,159.63644894799788,139.6915626144781,250.00003393471198
2023-11-02,304.0271251697426,146.37981794104152,143.0543002654042,160.88325310556453,142.58222865196794,249.214352803652
2023-11-03,314.5023537956582,148.26250305900237,144.86087236831983,161.5008233469786,141.84349640189498,252.20460558208737
2023-11-06,319.71554413188255,149.8300247981813,146.15124150572595,162.82918432775494,143.91516047113754,253.16662381638037
2023-11-07,321.14110849066367,151.51102740413305,146.95917303818243,166.2899175266182,145.99484654501202,255.58761254678592
2023-11-08,325.4667830577991,152.63305208339963,147.9353696256945,165.55581721777085,146.85400820827408,256.35722713422035
2023-11-09,328.0943435859285,151.57822865764643,146.14005840448087,163.83128245570848,146.46857944702808,256.97449337480276
2023-11-10,337.7729152386519,155.35203842599176,148.77693688461616,167.28035197983323,149.8695865438944,263.56421956054794
2023-11-13,339.76457102536506,154.0955062377398,148.2158978068504,166.15007788969987,148.58313516332726,263.90092594255054
2023-11-14,347.0042970975796,155.6042137548497,149.93268533570478,169.89047258240782,150.70578739204132,269.60879385359686
2023-11-15,341.6373518854068,155.6673593077116,151.05478077578226,166.86086862906217,151.16405992909344,266.7227885102988
2023-11-16,345.77439162731656,158.4044847386544,153.64680585911537,166.4297393835446,152.53089278950932,267.9092694393301
2023-11-17,344.5025554370189,155.7431313460969,151.82899015904374,169.168018168307,152.51482394431787,268.5906784554622
2023-11-20,352.2663888022009,158.93927283912367,152.88374500800708,170.27500046894727,153.92988817623575,272.54290010860956
2023-11-21,349.01686482938004,157.09910038915694,153.69165925591759,167.67652576111922,153.27864048132028,270.1459001345851
2023-11-22,340.4354358384535,159.11196168531032,155.3972291144349,170.95083574407798,153.8173317521126,273.7613907259394
2023-11-24,333.8665745793274,158.93508588602393,153.37749534829658,170.9857912083096,152.73994921052795,271.1479736688847
2023-11-27,337.1230692005107,159.4319682794333,153.06331415612956,172.13935708793602,152.5952054241666,268.31811484900936
2023-11-28,334.1810282721218,161.1542891560999,153.94970024276145,171.32369995587894,153.0856529054931,271.7572436573401
2023-11-29,336.4102736673876,159.53303266459992,151.4699382855286,170.49639692907533,152.25752373383335,266.31394310061955
2023-11-30,326.83650210728575,159.55828563564677,148.70959629350196,170.22838132997717,152.72386794737267,262.26549494425234
2023-12-01,326.8015687430786,157.70544732442212,147.95782225091457,171.32369995587894,153.76106595801485,260.39765435867
2023-12-04,318.0313713896014,155.44417764467613,145.05159869086847,168.771844387021,152.30575510533538,256.5496061012885
2023-12-05,325.43948802857915,156.86749231894265,146.9816083788565,171.148922634721,155.513811880266,255.1627252732716
2023-12-06,318.01040602958415,155.30099434886023,145.89318323433608,168.39898017522003,154.62939207858088,254.48933718905698
2023-12-07,325.6491950436821,156.20634748652546,153.64680585911537,171.148922634721,156.19722210149203,261.8165201951949
2023-12-08,332.0089635594,157.58756950063236,151.4699382855286,171.77813877088158,157.35504821274455,266.7548475581784
2023-12-11,325.86579258475246,156.35374398593078,149.56238122276065,169.99533897510258,155.32084914036645,260.7663951087617
2023-12-12,333.0643090384872,157.65072817873906,148.69841319225688,171.84804969934478,156.55100989090818,267.9333322350827
2023-12-13,336.07640364754536,157.64651497514964,148.7544842593961,173.43276260448079,159.16408476502107,268.3501492170984
2023-12-14,337.90744073980744,154.0924349304503,148.0475636136109,171.77813877088158,159.2846631937761,267.09152926039053
2023-12-15,341.68141920264065,156.1137226337825,148.78818912404515,174.74947769051062,158.85051876043886,268.4944519522424
2023-12-18,349.9771050256372,156.92221146462572,152.37884613556443,179.52692597540369,157.49977958114206,276.27060970743776
2023-12-19,346.6714152539419,157.17911188162134,153.33259009785644,179.20064534258887,158.34396518002941,280.8722306884187
2023-12-20,336.2371291718563,156.0674036447886,155.22892949028738,177.25471412039846,156.6474974698399,280.00636491797394
2023-12-21,342.38032685396877,157.29700283065594,157.56284444859276,179.25891037630552,156.52689420515716,283.86240942748253
2023-12-22,341.2620585873647,157.7349266243032,158.76349815012148,178.7695160970713,155.65851841273584,283.3012897103228
2023-12-26,344.4000521863866,157.7686322530185,158.79711659204062,178.75787020232474,155.21633955680286,284.4556869116839
2023-12-27,345.3645388695772,157.5201976189362,157.50672152781559,178.67629559912305,155.29672103665163,286.86065845804495
2023-12-28,346.0982997627175,158.02970649786903,157.34965685855104,178.72291473809315,155.64246198550825,287.2535360432607
2023-12-29,346.0982997627175,158.3497524677265,156.74372981489114,177.0449813350089,154.79821429680177,283.7582113519262
2024-01-02,336.6354977196499,156.17266810829983,155.0381599563738,174.70285855154052,149.25853579788523,277.6094636631115
2024-01-03,332.4492361197632,156.05899036285462,155.87972721529545,173.0016333589632,148.14091905350278,276.15039444783685
2024-01-04,335.4474695544914,154.93886884408792,153.04086153090952,168.45724520893668,146.25953544397325,278.27485549519906
2024-01-05,343.128135873694,154.8588442263787,152.30025330502124,169.23794687676218,145.67257554778743,282.1469171887522
2024-01-08,365.18468278809377,157.78127186378674,155.78995128350718,173.73573366781054,149.1942107452641,287.52609964971356
2024-01-09,371.38375248696576,158.2444748789705,158.1575538219156,176.38079195462475,148.85652905493086,286.53999393987743
2024-01-10,379.8401638342732,161.18375533073615,159.6499188058453,179.1307344141257,149.7007146538182,296.9937362074677
2024-01-11,383.1388028352111,161.96699119053255,159.4254962609206,180.8203137119565,149.2183264310151,296.3524565307137
2024-01-12,382.3561405736737,163.58400822795346,160.06505903104565,180.16778800631084,149.48363622816768,300.2164232529778
2024-01-16,394.04132419350464,164.3419779914582,159.885576305653,178.46656281373353,147.64244956754442,294.5807190493986
2024-01-17,391.74207853249953,164.00510545773275,158.74101095580946,176.77698351590274,146.87862061257815,295.31022897724546
2024-01-18,399.10818432904773,165.85793064371254,160.99640222175552,178.86273659501953,151.66254183301564,301.5311897331084
2024-01-19,415.7694761183851,167.8792052217999,164.25045998497973,181.00675470785293,154.01831649664405,307.3993775633433
2024-01-22,416.9086563300765,166.9696257553004,163.81284985001335,180.3542290022073,155.89170293746935,306.06057296725055
2024-01-23,418.43920773373407,167.9760564033771,164.99103364177606,181.79912005041695,156.9288885301477,308.80230025519523
2024-01-24,428.84550439251,169.51726202667825,166.85365088501197,182.78955450363196,156.38216283675965,313.21149290952707
2024-01-25,430.6275867014452,170.49001329652927,170.4106721700661,183.81496220107053,156.1168033677518,315.19959811429123
2024-01-26,426.53218389745507,170.0941952882865,170.76974132812722,185.4113210009531,154.70977355842962,315.96921270172567
2024-01-29,436.55410672009225,172.53232764207405,172.25088864171988,187.9049115360944,154.15501344244583,321.484701645704
2024-01-30,438.7136456317337,172.05648501612208,169.9506439789716,185.27149914402673,151.18817561484443,320.71508705826955
2024-01-31,429.9985991934613,167.42021541020557,157.2037752905316,180.84362328144155,148.26152231818548,312.76256752005065
2024-02-01,440.48178664394396,170.03102348493496,158.3932113217233,185.59776199684956,150.23944317850203,316.48225618696125
2024-02-02,462.3776347414978,173.16398004936536,159.76211279376167,200.198086890643,149.4273580161061,380.78401894716876
2024-02-05,484.5460592267415,170.81845942307592,161.22080748213426,198.45024255909559,150.8987128780494,368.29402120351864
2024-02-06,476.7955528865896,170.7510875413798,161.6921224817497,197.09857200883417,152.20125793973563,364.5342278770204
2024-02-07,489.90646110999165,174.35568665341762,163.3078991239328,198.70659448345523,152.28969867810775,376.45498625243124
2024-02-08,486.7055180159879,174.3809658749541,163.7230566336791,197.9025832461447,151.41331329901837,376.78372106209724
2024-02-09,504.12161618087794,177.09282520960522,167.19033655603693,203.2742922029668,152.03319321730814,375.268554682981
2024-02-12,504.92529721736264,174.86522178284008,165.5408377646588,200.81565713205705,150.66460942399274,375.90186278739844
2024-02-13,504.0866294017408,171.10061281111834,162.8590713186294,196.50431133690515,148.96596857013355,368.8632605717579
2024-02-14,516.4708275027599,172.75436740880957,163.7567269292362,199.23094422692108,148.24945205734616,379.4131553031965
2024-02-15,507.79068772122963,171.51827122675297,160.19972292872805,197.85598188716656,148.01600675537233,388.0311407128745
2024-02-16,507.47623402843516,170.4635659282032,157.67502115196314,197.51805535960523,146.76817524230552,379.4452390308666
2024-02-20,485.3847804572932,169.9277803091271,158.3482887867372,194.68655607689456,146.1643890051348,378.18666843373967
2024-02-21,471.54700186671823,169.6704336338074,159.95288232767524,196.44604630318852,146.77622208286508,375.6025462880269
2024-02-22,548.8848231224686,173.66560065615724,161.6808702423207,203.42577773463168,148.4265694754031,390.128083793812
2024-02-23,550.834628311542,173.11297534796827,161.5350232433932,203.90352611911936,146.9372458198029,388.44279961867255
2024-02-26,552.7565509071658,171.9317164387982,154.3649096061457,203.6005550557896,145.8423787851506,386.6050436977286
2024-02-27,550.02384308937,171.90638471628242,155.83482196485534,202.21392904129664,147.02581073781332,390.8664044068728
2024-02-28,542.7695614487358,172.00764598012142,153.0296265760265,201.77115390103245,146.0516959834096,388.43480336654557
2024-02-29,552.8963377789245,174.5051700667504,155.36355881887783,205.9659696287511,145.5123217246068,393.33815946636867
2024-03-01,575.0298288999609,175.28984970347773,153.88241150528518,207.66721260132041,144.63479389284538,403.10479168621765
2024-03-04,595.7025285158943,175.04516888941595,149.62972181387482,206.92146639772653,140.96380784442775,399.8064610827777
2024-03-05,600.8116131535868,169.86871670740632,148.86671281640443,202.88976431642732,136.9546433871238,393.41042189299793
2024-03-06,619.9338910119099,169.63247542576818,147.44165385449696,202.17897357706502,136.1495992102175,398.1211769076383
2024-03-07,647.6735461090362,172.6067084045077,150.7854875495094,206.03589833720628,136.05298745164757,411.04173827662134
2024-03-08,611.7425512546299,171.37482542604053,151.9412014315061,204.32300946989042,137.4457490205331,406.0340113427083
2024-03-11,599.4836645793447,170.6576226729679,154.477138163154,200.37288199179292,139.07190621953717,388.08970585576776
2024-03-12,642.3898480652377,175.19702797206241,155.408429500226,204.3696108288686,139.45834083585316,401.05839281625595
2024-03-13,635.2258910712004,175.1210721802495,156.85588923371557,205.7329272738765,137.76775924051734,397.7039156893932
2024-03-14,614.6500327233215,179.3904780680112,160.5700788953101,208.28478284273447,139.27318899520046,394.70248296585436
2024-03-15,613.9022771185263,175.677976318252,158.41562937785142,203.2393367387352,138.96728487429917,388.4989708218858
2024-03-18,618.221461771669,176.05765027535782,165.70915467335232,203.30924766719835,139.85282229272866,398.8354347249465
2024-03-19,624.8121697371571,177.78312121078284,164.97979868689305,204.96387150079758,141.75275834021494,398.2415155661917
2024-03-20,631.6196889034355,179.39471752209027,166.89855613545208,207.5856379981187,143.83780897446246,405.68896319151156
2024-03-21,639.0490112696154,181.14128072595204,165.61939602611005,207.5856379981187,137.96095792172957,407.4865897730773
2024-03-22,658.9958554020454,180.87548139296385,169.1764000266182,208.42460469966082,138.69355569767225,408.9471644555734
2024-03-25,663.9791478796343,178.394849496427,168.39093840392775,209.40341103812128,137.54232352521157,403.68261962155646
2024-03-26,646.9187397334836,177.88438247462184,169.06417146960987,207.76043309926862,136.62458632658004,397.96070890970674
2024-03-27,630.7668661313689,177.79156074320647,169.28859401453457,209.54323289504765,139.52275281422106,396.331521898409
2024-03-28,631.5077846251266,177.49202953101334,169.35591732110277,210.18411270594677,138.04951042177612,389.6867104202333
2024-04-01,631.5567127009887,179.11627857833386,174.47264418120082,210.871593875824,136.882209404124,394.31725611569834
2024-04-02,625.1895462174684,177.79578707204072,173.4290724334826,210.54533102300118,135.92421316676703,399.1483991484732
2024-04-03,621.7790029382218,177.3781286564061,173.83302955743784,212.54952727890824,136.57626802933123,406.66798580146974
2024-04-04,600.3991430642783,176.29389155699596,168.90710680034536,209.74131978569065,135.90809464972028,410.0225616474945
2024-04-05,615.097382761907,179.51703167863153,171.1176101003973,215.64904216071707,136.51992772745055,423.199916236791
2024-04-08,608.9818540135244,179.12467873502302,173.7544885805326,215.78886401764345,135.6102125334509,416.7075024650483
2024-04-09,596.5481402724134,179.83768140975104,175.71815127953172,216.34816922534088,136.59236171045032,414.8215715930181
2024-04-10,608.3248503747658,178.56362701965526,175.2020001676601,216.67443207816368,135.07082585668428,417.17291395458903
2024-04-11,633.324907128129,180.53375251865245,178.87118087153866,220.2866508086918,140.91547712921513,419.84529103118524
2024-04-12,616.34130965129,177.98984381680546,176.98612828762867,216.88418264354522,142.13110886207988,410.8089338126889
2024-04-15,601.0701948296218,174.5051700667504,173.7657062508696,213.95944508289432,139.02363759414368,401.44361966641185
2024-04-16,610.9527580999402,174.90170996345867,173.249555138998,213.6098904405784,136.35891640847652,401.06643842796393
2024-04-17,587.3296848265411,173.74578277680436,174.45019155598075,211.2328121928784,135.2479681106689,396.58039290596696
2024-04-18,591.7746616397876,170.55217445602915,175.05610131509468,208.83244215568536,134.47508646007313,402.7035723318077
2024-04-19,532.5699271540539,168.37950017886428,172.90168636672794,203.48404276834833,132.83283557994997,386.06739446134907
2024-04-22,555.7598053453122,169.15577965890245,175.35906483692463,206.513628941702,133.50904338215662,386.59704744560156
2024-04-23,576.0631407204312,171.94435604956644,177.5807858073136,209.20530636748632,134.36240585631174,398.1292718789274
2024-04-24,556.8712097934138,172.57297652530275,178.55699967937167,205.7678827381081,136.06910596869432,396.04264495042537
2024-04-25,577.5239856404644,168.34574204916964,175.04488364475762,202.36541457296147,136.76949154647113,354.2154347039687
2024-04-26,613.1893480480782,171.41700996291397,192.94209763521485,209.29852686543455,136.29452926603625,355.748222453513
2024-04-29,613.3431296314917,169.6999523094229,186.4340166778584,210.85994798107745,139.67571729263554,347.185396375637
2024-04-30,603.8728227907618,164.24931376298076,182.6526419860635,203.91517201386588,137.12372638258506,345.219231504641
2024-05-01,580.3823787885041,166.6160447849104,183.8644615042913,208.5760902313257,136.29452926603625,352.4578634224095
2024-05-02,599.7842838052743,167.83947510570908,186.96138546006708,215.24120470469254,139.29732951687913,354.4561860604471
2024-05-03,620.5558544566013,171.5604426383816,187.6571230046072,216.97740314149345,147.62957213905636,362.7060230350059
2024-05-06,643.9763249005848,174.4629461541425,188.6220673526903,219.8788133526673,146.28515370334728,373.7165907362062
2024-05-07,632.8915518011981,172.69109060349942,192.1566187279784,219.94872428113047,146.84063406123298,375.771035217876
2024-05-08,631.8992092320228,173.19734442171517,190.0583439849348,219.06315622061024,147.11435081989606,379.2700371979973
2024-05-09,620.2622325864992,173.94827905399274,190.70917627903478,220.81100055215765,148.58756837641332,381.53317398826584
2024-05-10,628.1670012444343,174.9691999723582,189.23921206668723,218.4572318739427,147.5637817667037,382.15912751510973
2024-05-13,631.8082970211963,174.53890194595536,189.78905075866192,217.39688649226449,150.16763009369353,375.5864797444013
2024-05-14,638.4969145533383,175.73703991997277,191.13555145911815,217.97950126944698,151.0946807651949,378.6681711466965
2024-05-15,661.3792295777697,178.8095941077101,193.57044273500287,216.7210512171338,152.940747685602,386.4445510200065
2024-05-16,659.4851361606657,177.9262913813539,195.4443467867597,213.97110875763286,153.03747120584637,379.7756767460782
2024-05-17,646.3455975347941,177.59662460703836,197.5538737692323,215.2178951352075,153.061686235308,378.71629673820166
2024-05-20,662.4275509935645,179.7647837999828,198.51885268640734,213.86622458494608,154.00484300589233,376.2525872904138
2024-05-21,666.662981036498,181.32852546865163,199.56242443412557,213.41178576994344,155.06087906765927,372.873973328427
2024-05-22,663.6156058661878,181.95403526136397,197.91294292729341,213.38849398045036,153.892013386565,375.4019242709266
2024-05-23,725.4624030335407,180.466328135977,194.73744342552047,210.96481437377227,150.65129736677076,373.7968247351719
2024-05-24,744.1232827266932,181.80188742333135,196.35325463679553,210.61524195146438,153.15032566110133,383.7801701955374
2024-05-28,796.0663643114555,181.869521809924,197.93534369887556,212.2465562155785,153.15839733758855,385.1444936950231
2024-05-29,802.5242293460824,181.3834808687416,197.37433919020174,212.0950884639056,153.40023718310908,380.6824616091976
2024-05-30,772.2963999806103,175.2552384328694,193.12164949879138,208.94897222311863,154.20638655879594,374.81605072387987
2024-05-31,766.2367432489871,175.44962330875478,193.55925963375776,205.59310541695015,154.98028648242547,374.6395161823227
2024-06-03,803.7472709978429,174.76919749168695,194.31103367634515,207.8070344582468,156.41518220257424,383.19434600807165
2024-06-04,813.7906132074024,175.84692446966298,195.00670208270137,208.9722640126117,156.67315298310535,382.7930772940806
2024-06-05,855.7463314292246,179.20265581453924,196.82450049822705,211.2328121928784,157.8984831457186,397.29460136369414
2024-06-06,845.6678956106682,179.41818545984066,198.3056478118197,215.56746755751539,156.77796059780079,396.2513125792337
2024-06-07,844.8992013533207,179.13504767843622,195.75852797892668,214.7518104254583,158.72076345641605,395.60929250876427
2024-06-10,851.2033382194641,180.83404499504553,196.6010458878769,217.96783759470847,155.6816158254531,403.34559240227713
2024-06-11,845.1223689307786,182.86692228955982,198.40968349403641,218.16592448535147,166.99172342710966,407.2538346687259
2024-06-12,875.1080684186496,186.40865147887712,199.7240003698893,217.76975070406544,171.76410835915235,408.3532946563996
2024-06-13,905.9327027967925,186.6284205782576,196.7695702111221,214.20415111250742,172.7072775477005,404.54937386445965
2024-06-14,921.7991804280219,187.04682713284737,198.6006431579557,214.00606422186442,171.29653476719423,404.99923708597566
2024-06-17,915.5085041242336,189.49812410719625,199.10619884314534,214.47214893161362,174.6661865053987,406.9833935242574
2024-06-18,947.6610870766182,188.64015310335586,196.690925526941,213.01561198865744,172.74757384031741,401.2477361690906
2024-06-20,914.1105285767873,188.3696811832093,198.0501995068719,216.8492271793136,169.0312870598608,403.023076899821
2024-06-21,884.6839765759509,190.0940495980689,201.79104193835812,220.32160627292342,167.265849978579,397.4641268447449
2024-06-24,825.5512454158305,189.20226796355462,201.3304260727005,216.23165693789957,167.78980112630933,400.78183108373963
2024-06-25,881.3288779940237,190.588530071675,206.73385169686708,217.12887089316632,168.53953569233252,410.17254073445696
2024-06-26,883.4957080436075,191.09992898586285,206.56534465816785,225.60009473179727,171.90918743053703,412.19690055148845
2024-06-27,866.6506154802075,191.39154567542542,208.28410262526327,230.54067444310178,172.59443551040937,417.37020419996975
2024-06-28,863.5052239133835,188.89798541273416,204.6219394470501,225.18061138102618,169.7890436305159,405.0474367168524
2024-07-01,868.8173386999314,193.03137438835537,205.56555466540144,229.78326456476935,174.7306729915496,405.41696722024056
2024-07-02,857.4241477948381,194.1091013663314,208.09314296134397,233.0459108729896,177.56830190553654,409.2889055148411
2024-07-03,896.6364752128685,194.73881123738838,208.74470120637488,230.237703379772,178.60016019173338,409.6584113384387
2024-07-05,879.5115952462314,197.60854101681667,214.11440468134643,233.0459108729896,182.46155087950228,433.7177025607689
2024-07-08,896.0770072362541,197.05065248545216,212.350689610173,232.21859006619403,183.65465642598585,425.21052941050533
2024-07-09,918.3043483892661,194.21898591602167,212.29451483575792,232.27685509991068,184.34791409252625,425.75684125335573
2024-07-10,942.9779865055192,197.05487881428638,214.76594564183137,232.80120484337647,187.8143266048666,429.52440871386636
2024-07-11,890.485372121119,192.17341650975982,208.4638446188455,227.27802813488148,183.4531128730822,411.859577174723
2024-07-12,903.3463518871429,191.6873755685774,207.90216601287872,226.62550242923584,185.84734597068118,400.7496979964884
2024-07-15,897.7546633570777,191.86066817602608,209.542279295793,224.56304113961215,188.9590517642822,398.5726689953283
2024-07-16,883.21618771502,189.98412567264418,206.61030176224585,224.91261356192004,189.29762754801095,393.45558590964123
2024-07-17,824.7124707703488,187.4483021216105,203.35251053709135,218.98158161740855,184.50916135281298,371.1234111073742
2024-07-18,846.3803973616765,186.1170085388249,199.61170267469706,214.1109306145592,180.72027915582683,382.2574024409423
2024-07-19,824.2931635700028,184.73922533886264,199.57798052550203,213.38849398045036,180.82508677052226,383.01248063176314
2024-07-22,863.5052239133835,187.20321442495907,204.08271346630335,212.71265870531968,180.54295063238482,391.5356462862808
2024-07-23,856.8650003078036,188.01041698180927,204.21751564035353,217.21044549636807,181.3893963006886,392.57190133044435
2024-07-24,798.5712040379551,181.26934373972745,193.92743774754712,210.70846244941256,176.1736528061494,370.5450155368536
2024-07-25,784.801422653245,176.83167221328574,187.91741098242767,209.5665424645327,175.32723197377328,364.2310119707473
2024-07-26,790.2532708966218,179.73519949814315,187.6028322457033,212.654393671603,175.7061164680827,374.1037426100223
2024-07-29,779.9785886253173,180.35221725745254,190.44496470927825,213.4700508036601,175.93182537859266,374.11173886214937
2024-07-30,725.039730692606,178.7419990968519,191.2987694267494,211.7338701468512,176.38328045350406,372.087428404699
2024-07-31,817.9324602930103,176.81052744386974,192.70293137257443,217.8746170967602,179.02741265514695,381.4379593564572
2024-08-01,763.3430428322305,176.2864364179343,191.82672588352116,214.48381260635213,176.0285737347647,399.8419012619579
2024-08-02,749.7830752924835,172.64332783757456,187.22091291786472,195.642035065878,177.23777296236736,392.1301084004269
2024-08-05,702.1134017658709,167.00533954647423,178.896744715034,187.62526782224168,168.70078295261925,382.1610031791889
2024-08-06,728.6741893583304,168.89030845703493,177.8183100380865,188.68561320391987,167.05624716715198,396.90984342955795
2024-08-07,691.3493853210164,168.3915885293498,178.54849568275253,189.66441954238033,169.14414151511576,392.75667892203364
2024-08-08,733.7068372312211,170.19203086322568,182.01971648159238,193.19506366970677,171.95755539964114,409.393325708512
2024-08-09,732.1690748120161,171.5993983650276,183.862024383309,194.52342465048312,174.31957629907424,415.93231024495736
2024-08-12,762.0150942579885,171.93330459342224,182.31177345491284,194.36029322407174,175.56244062661045,414.47032881440197
2024-08-13,811.7815708609805,174.97628760456473,184.41251988803072,198.35702206114735,178.58091234780233,424.5840082484796
2024-08-14,825.3415918156575,176.1808175728128,180.15492138556377,198.20555430947445,178.9440881178713,423.1540611860132
2024-08-15,858.7522031989402,178.26393830452417,181.19965119786227,206.93311229247306,181.3653054508652,431.64514311286075
2024-08-16,870.7745151493422,177.18005558672436,183.06444629389088,206.315542051059,182.4387018260616,423.6842818054476
2024-08-19,908.6584666736908,178.4756091278465,187.2321478727477,207.66721260132041,182.30957983819394,425.17854440199727
2024-08-20,889.4369438754641,179.86013870364977,187.80506143359753,208.43626837439933,182.80993685465396,423.13007242963226
2024-08-21,898.1740773872834,179.5807022412865,186.31096799507046,209.86949574787047,182.72117324922232,429.90196014917206
2024-08-22,864.9030926309697,175.9436837745264,184.0080615122422,205.23188709989574,181.2119808514998,427.30727505311864
2024-08-23,904.2551535058288,176.46870669284453,186.05261588639905,206.2922324815739,183.07630217873174,424.1502856099607
2024-08-26,883.9151754887432,175.07148500529374,186.65921702735193,204.49778679104838,183.3507019254053,418.62349332192633
2024-08-27,896.7764223294172,175.21969526987832,184.9966338346716,201.72453476206238,184.03670750107105,417.0006983763721
2024-08-28,877.9738328270266,173.84787093106746,182.94089635926966,199.0212114415315,182.793830755571,415.1370286753869
2024-08-29,821.9165196754564,174.9148352082855,181.738859894063,200.5593052076974,185.45714871132583,416.29377045684697
2024-08-30,834.3581922411342,176.6169169574291,183.5362798298855,207.9934754541432,184.81958561254712,418.77601442731196
2024-09-03,754.8855364788585,173.3567373948922,176.773580225788,205.37170895682212,179.79150238735355,411.1044249445306
2024-09-04,742.3740505996961,173.12808250476397,175.75128575416363,201.96924079167547,178.24193918923115,411.8916362226026
2024-09-05,749.3637680921375,172.91215910211776,176.63876076719185,207.28268471478094,179.47674425824397,415.20124549030817
2024-09-06,718.7489475589578,170.0796262665287,169.53908165478785,199.70869261140876,178.21772415976952,401.8743313704879
2024-09-09,744.1913867624182,171.78168176518267,167.2781247650382,204.38125672361508,178.29034441222674,405.5053455500764
2024-09-10,755.5844708376516,175.37211873805234,167.22186356789325,209.2169700422248,177.64468480103318,405.5053455500764
2024-09-11,817.1636592058029,179.11496605385116,170.03402462874953,215.00816234981795,179.7027263639581,411.16064550732483
2024-09-12,832.8219254399688,180.7916110785204,174.00476880623418,217.8979266662453,179.79150238735355,422.22220165573015
2024-09-13,832.5421914516616,182.3116194314262,177.12060205530534,217.30366599431625,179.5736167940543,421.43511377661076
2024-09-16,816.324831145391,182.62917160476658,177.7955462910389,215.43929159533553,174.5859043692606,428.8004517388856
2024-09-17,808.0063638547579,184.24232982020843,179.212896345442,217.75810480931895,174.96519865637632,431.24488627028086
2024-09-18,792.4879913222105,182.40476929396223,179.76406594745671,217.23373728586114,178.11280478339967,432.5555312253954
2024-09-19,823.9442038324411,185.74116715320855,182.3849562225662,221.24212979767526,184.71465381821343,449.5617331950525
2024-09-20,810.8724487527146,184.2931376429331,184.01602968793617,223.25798972832084,184.17391358338972,451.3710086377416
2024-09-23,812.6898917452968,183.54795186788968,182.05876227094734,225.91471168987357,182.77767498463277,453.83148503297195
2024-09-24,844.9150655875249,181.71040446688832,182.55370524490905,226.0079321878218,183.50403894273458,452.96310192389456
2024-09-25,863.3693897464433,182.9551895610203,181.65380264332563,224.3416446794841,182.69695821976072,456.96739793502957
2024-09-26,867.0742492898819,182.61647949301906,183.04864821887074,222.7452858796015,183.62511409004264,456.58955034223777
2024-09-27,848.6199251309633,181.22348413430248,184.42095474646595,219.02820075637862,183.84301210130576,456.20350905899477
2024-09-30,848.8995522894106,182.1888327660712,186.55820614068062,217.1172249984198,188.0478464146234,460.2882118276292
2024-10-01,817.8627003944559,178.11995436877385,187.8405466064819,215.71895308918027,182.56783623189307,463.52866832231047
2024-10-02,830.7946686024238,176.61267750335006,186.5694756646556,215.2878060636707,183.0278597018447,460.58570202250263
2024-10-03,858.7557819992487,176.3628909690506,186.5694756646556,212.02517753544242,182.1320153734392,468.5944421235158
2024-10-04,873.2256728712114,176.15962030241747,187.91926042884688,217.32695778380932,183.0440030548191,479.1841453570558
2024-10-07,892.798398834059,173.39906630945876,183.32986778186557,210.673506985181,178.91987308840967,470.21062288521193
2024-10-08,928.9381926497585,175.58804214069858,184.90464548099868,212.91074559596268,182.21271972034745,476.7317145735335
2024-10-09,927.260536528935,176.7523957345317,182.06999722583038,215.76555444815838,185.25539405303712,474.81804361696396
2024-10-10,942.3594416163464,176.06649669037108,182.31749463963018,217.49008921022076,184.85184748256827,469.446734009177
2024-10-11,942.2896817177922,176.2697148560249,183.62230501519744,220.01865298958566,183.6493042835766,474.36773615921874
2024-10-14,965.1478531938724,177.46371837792188,185.55710252242022,218.52714280240585,186.67583526329187,474.7456331115916
2024-10-15,919.920897830192,177.29433709343158,186.1195070793179,218.70193790355583,188.73386440825297,471.4086786359949
2024-10-16,948.7206256277088,176.18501765115738,185.78207817281606,217.76975070406544,187.06322606282248,463.7859304586437
2024-10-17,957.1789866199607,176.43906989002554,183.27358930017465,218.51549690765935,187.36182842099382,463.8985690225563
2024-10-18,964.6585724352522,177.0487768879664,183.82481075582726,220.21673988022866,189.6620078605711,463.52866832231047
2024-10-21,1004.5730925228045,177.31126865925822,184.55596433506784,220.3099603781769,190.8564545471479,462.47528550352916
2024-10-22,1003.7341576325329,181.00756073165627,185.7595736939581,221.04404290703226,190.35608511272406,467.9832717911907
2024-10-23,975.5635508803248,179.77545462402705,183.1049094160157,215.22955880994604,186.24002682280187,453.252497147479
2024-10-24,981.5052140316213,179.83050190083077,183.03737869489578,217.17549003213645,186.08667738750876,456.5412766719895
2024-10-25,989.4041070472588,181.27853141110623,185.90578366835103,218.86506932996724,186.76461128668734,460.93956085891347
2024-10-28,982.2739617038989,180.61802971568554,187.53685713372104,219.51759503561289,188.37070105614782,464.8874882285112
2024-10-29,987.3770104545036,182.887450172469,190.86643107830503,222.36075799306207,188.58861148537474,477.0452959918231
2024-10-30,974.02541455661,183.13302350317903,196.2432730707638,224.5746870343587,185.70734584650154,475.8552858527482
2024-10-31,928.0293910310724,172.04842611579838,192.47498278027106,217.19878182162952,182.32572319116835,456.38041379740963
2024-11-01,946.4837151899909,173.75046848920755,192.67743666726298,230.63387716105802,179.9044934402106,456.042744903577
2024-11-04,951.0275096237011,172.94178277969192,190.37148810434334,228.12864073117018,179.17812948210883,450.8322488107889
2024-11-05,978.0099546734258,174.2119783478086,190.93390994578704,232.46329609580712,180.34032671662828,460.2802155755022
2024-11-06,1017.8543943728439,177.9040309661276,198.54922163368343,241.30738414623903,179.7511440049175,459.9746304093396
2024-11-07,1040.712993168364,180.12688305426548,203.31865011152854,244.75647145035575,183.59281496613,475.7748297356677
2024-11-08,1031.974844772875,178.90325585479437,200.61897687587015,242.5774800932987,183.37466859559038,473.8772500025142
2024-11-11,1015.407883749883,176.98526382824934,202.86869881073684,241.01607675764777,181.1689277709134,468.9160197939324
2024-11-12,1036.5885059349996,179.1107265997721,204.29726653547698,243.42811046957937,181.1689277709134,470.24275597246304
2024-11-13,1022.4680555349686,180.02951998814004,201.2151554356008,249.47565470153216,181.88802722017672,466.36709102949465
2024-11-14,1025.89312767517,180.74502958462998,197.50310905770704,246.42274117870144,184.39270568804832,464.0834700130982
2024-11-15,992.4798455453886,175.7108419312984,194.02727328509218,236.0871607210818,181.79106775861962,445.5253040966663
2024-11-18,979.6876107942493,176.03262043347303,197.18813277642525,235.02679755941162,184.23111072477445,445.7825662329996
2024-11-19,1027.6408641841276,176.89214021620296,200.3602099380954,238.4176198298117,184.44117300086305,451.16197081207554
2024-11-20,1019.8118378969048,175.9182995510313,197.9530603584988,236.4017776791581,185.02291735224173,454.72400497717337
2024-11-21,1025.264220289581,175.15889913584044,188.5604825153854,231.15824468451584,184.6350795060134,452.77015532164467
2024-11-22,992.2700317004256,176.91102744350877,185.33210958747839,229.69004406682112,185.72582377667536,449.59396500146573
2024-11-25,950.8178026085982,177.6704409839445,188.58295242515143,234.73549017082038,188.14969855392812,454.3942336163056
2024-11-26,957.1091198915462,181.57350816334446,190.23646123119548,242.2046158814978,189.91915905548967,461.1727355197036
2024-11-27,946.064407989645,179.4522585954111,190.36025314946033,239.73433491584154,189.81410308151771,457.6830625003972
2024-11-29,966.4060952844899,179.65167044006517,190.04527686817855,242.23957134572936,191.75321780487653,461.7998489967017
2024-12-02,969.0623129225539,182.84199744963368,192.90241231765884,245.5255272234347,193.57921729574002,476.6834409032852
2024-12-03,980.4565721262467,182.93534419084213,192.73368057986195,248.70659892845325,196.05157180377134,493.42443384406306
2024-12-04,1014.5690556894712,185.57416153803194,196.14203748499486,254.20648384745513,196.34243777047877,493.5289774366866
2024-12-05,1014.0797749308509,187.78025268852593,194.19602230743502,256.9913817711877,196.3666527999404,489.62917565859414
2024-12-06,995.7639022704417,188.18327645617865,196.52447534921265,264.5420643050748,196.20507025463036,501.5618543728239
2024-12-09,970.3874305055068,189.22267771926033,197.49298031376637,263.44674567917303,199.3642126700485,493.3601183099798
2024-12-10,944.2422110682946,188.08143768156725,208.52923205626465,262.2232510910914,200.18831842142845,497.9835809055669
2024-12-11,973.8829035234223,190.48270122263625,220.04976220785878,268.3057507872758,199.1541379759961,508.72605204239767
2024-12-12,960.1110389564433,190.72450760808098,216.1758114878278,266.8026124853415,200.3418541261789,507.20636926161706
2024-12-13,938.5097207828011,189.75299011124366,213.76584452723742,265.04312225904755,200.47918438813585,498.81173595610403
2024-12-16,922.7803058619013,191.5857336726384,221.4687370095834,271.4169115638312,202.83033956922085,502.3444998896505
2024-12-17,911.5252459657373,192.803336384734,220.07228397126272,269.342804379461,204.80177825241995,498.48176715691216
2024-12-18,901.1788808583993,185.56144317579475,212.1666783337352,256.9564263069561,200.41453646845525,480.5765791379386
2024-12-19,913.5525562182122,185.40870470174488,212.2905739592759,260.18409937095277,201.82041140714156,479.2729432433305
2024-12-20,941.6554328392051,185.22629004914157,215.55641978285425,262.08342923416507,205.61783716324035,470.96809501571266
2024-12-23,976.3994945345177,184.6535437406331,219.18263110544177,262.2465606605765,206.2480239915061,482.7171560885074
2024-12-24,980.2445148542246,186.3844747779061,220.84931073551792,266.8958329832897,208.61533494352932,489.07452204654936
2024-12-26,978.2170977718897,185.86688074815996,220.27499712644425,264.56537387455984,209.27783331367155,485.5337125012949
2024-12-27,957.804048130591,182.6510907636274,217.07671659307772,260.7201127891571,206.50656599837322,482.68492428209424
2024-12-30,961.159680861818,180.23288253148698,215.3649761516477,257.86530393696137,203.7675978069876,475.78835426087016
2024-12-31,938.7892945263184,178.82013367930602,213.18026139418876,255.63971122092627,202.3294113264248,471.17733027970286
2025-01-02,966.8920643174513,177.5813336968151,213.32664421404144,256.6068538846482,197.0211043295231,482.2263244147357
2025-01-03,1009.9551808676267,179.60501019470578,215.98435057207527,261.23281663787645,196.62521964273517,486.56374823824854
2025-01-06,1044.6294826643848,181.51412955574787,221.7052068830519,265.21789958020554,197.950266054875,507.1407210188459
2025-01-07,979.6851537074701,179.18922868908138,220.1511187854495,258.8091370311983,195.69607033534712,497.23449990384137
2025-01-08,979.4756603520872,180.11835164512803,218.41683929606955,258.83244660068334,196.091955022135,491.4645129600675
2025-01-10,950.1143279807568,177.73833787543367,216.2658985414436,255.11536147746043,191.36539237661202,495.60084585046036
2025-01-13,931.3789344602816,176.9916426972352,215.1059672302293,254.55605626976302,189.3858944348895,489.54126624477794
2025-01-14,921.1026497410778,176.3467994188929,213.58565313545986,253.74038135771397,188.48097257492688,478.21062634038253
2025-01-15,952.4213188066091,180.8607811187578,220.21866679111542,260.25402807940793,192.18951054595578,496.61479036399794
2025-01-16,933.755898844408,180.12681742804133,217.24565574542632,257.1195577333675,184.42502964788864,491.93130651787715
2025-01-17,962.6977103556726,182.0147001429536,220.72543239452324,263.27196835801504,185.81469914378138,493.11430759644566
2025-01-21,984.5088423742776,181.7898778243148,223.0340427775228,268.83011831073367,179.88428941306495,496.083730631686
2025-01-22,1028.1313200712073,189.29905351890767,223.394408276532,273.84059117050936,180.8457502623295,501.7490752636743
2025-01-23,1029.1798551467223,189.51541005463318,222.95519067879007,274.318339554997,180.70839516444488,512.1702648875746
2025-01-24,997.0222511909192,188.39115408374602,225.46654878606313,273.6541679546048,179.99739222759644,521.0545452369146
2025-01-27,827.8458439779273,184.36079828001542,216.0068723354792,274.318339554997,185.71776451815197,531.0251312455835
2025-01-28,901.7383488350138,189.7233139326902,219.937153390839,277.49941126001556,192.50460396008867,542.6535081427576
2025-01-29,864.7571630422634,187.65720351827437,220.0610317318337,276.24097898769435,193.39338246707686,544.391656429181
2025-01-30,871.398348116583,176.05829341235432,226.2097842629394,273.4094619249917,191.9632676630013,552.8494206388327
2025-01-31,839.3806912773287,176.08800896664226,229.7571780558861,276.9517519470647,190.678616887189,554.6037095082534
2025-02-03,815.5421955913185,174.33162807965002,226.61521057330245,276.64879866372695,184.22303904828726,561.26675935162
2025-02-04,829.4537402001964,174.94676892894918,232.41490169846594,282.0554630847806,188.09315956462618,566.6826900206589
2025-02-05,872.6566436221304,175.3370743343647,215.46635001378442,275.1922617207708,187.826533463308,567.2299396955489
2025-02-06,899.5709846361301,176.4104306058134,215.77038517746473,278.29177660257955,188.43248042618453,572.9595011424584
2025-02-07,907.6803324758903,173.83523132029921,208.72067568747119,267.01234527073103,183.91600489267773,574.9954851408226
2025-02-10,933.755898844408,174.8831377420287,209.99325038479722,271.6616175934443,184.13438720453007,577.3131642681304
2025-02-11,928.3730626905661,174.55225031994425,208.69817120861325,271.2188246731882,188.15438012629068,579.244456595128
2025-02-12,916.7683486627504,173.53402007676823,206.7724653725727,266.7559933463714,191.59198296255363,583.7349444794178
2025-02-13,945.7800269024295,174.1703975721972,209.62161536181307,268.4339267494556,195.3612075228025,586.2939919579668
2025-02-14,970.6672179087441,173.2752427497624,208.59679734647648,266.46468595778015,197.84437807732667,592.8203157618777
2025-02-18,974.5120245687312,173.78857107493982,206.95262219525833,264.0992713848187,197.7392227596441,576.4842688238778
2025-02-19,973.3236492065279,175.9649466711459,208.64184087328442,264.0759795953256,198.0627728071428,566.34472496934
2025-02-20,979.4756603520872,176.89593341195794,207.84229234562525,259.70636876645705,198.83925566724824,559.1584142074644
2025-02-21,939.7679628734188,173.52913748569264,202.32413190528416,252.36541901795948,198.61278926094488,550.0730922845854
2025-02-24,910.7561778038798,171.73949722830923,201.86242711323018,247.85598633216455,199.86650688886542,537.6641429729881
2025-02-25,885.2400259970464,169.14638198360643,197.54927608000327,247.96085272485934,199.81795265030394,529.1098807824209
2025-02-26,917.7471238397109,169.9243152444928,194.51995198353129,249.7669620901234,194.4148717534786,542.1464371668267
2025-02-27,839.9398921792931,166.86362627807893,189.75633111313343,243.23002357893637,191.93978529340544,529.7053054083972
2025-02-28,873.2858714972994,168.75956789331485,191.7608371942688,247.35492837819183,195.61193863042277,537.7204622549443
2025-03-03,797.3661632175979,165.1462404934672,188.07836467453632,238.8953682142994,192.53025947335416,527.1383110373021
2025-03-04,810.8583472111999,165.19723206961945,192.48160276137907,237.47378673557483,190.8316434554226,515.0270987184833
2025-03-05,820.0162301264745,170.4727010986027,194.84652619516154,242.78723065868024,190.67798357103385,528.2809359785873
2025-03-06,772.9684132146934,168.71705522532073,194.09200390976432,233.8615680050467,190.34633701112028,505.31402164405284
2025-03-07,787.7889196870473,167.19519621289436,195.79247482721937,232.17198870721592,193.37145234295932,503.48727290967884
2025-03-10,747.8715686082058,161.6051413159016,187.00966119697208,226.68374968296052,183.99688309107955,481.22037615332516
2025-03-11,760.3150572815032,161.72846611629453,184.9464222286175,229.0724738254071,178.62615099002218,487.4329211006224
2025-03-12,809.1851245295647,162.92722097681877,188.4077044135224,231.75250535644483,175.50397685291543,498.57841321657077
2025-03-13,808.0664556509857,161.0142821695321,183.50330091616735,225.92635758462006,169.5993840689942,475.3056175583876
2025-03-14,850.6440839025696,165.1759822982448,186.58124644046381,230.65718673054306,172.68112531588196,489.38879449897337
2025-03-17,835.6824551852077,165.2355052835345,185.2283158889053,228.082039372192,173.09361282030585,487.21415943749327
2025-03-18,807.0177603306812,163.03349608418165,181.1469679017339,224.67957120704543,172.03402522088453,469.05936001724626
2025-03-19,821.6297883313215,164.86140955548012,184.77731023080918,227.84897923732547,174.0965869226423,470.42864415462554
2025-03-20,828.6910818299367,164.44481428467645,183.54843086570514,227.1614980674482,173.17449101870764,471.991171051741
2025-03-21,822.8881906667292,166.32375870786166,184.89007460874268,228.6296986851429,176.54739626343468,480.247005215395
2025-03-24,848.8263738353374,167.09740001368962,189.05036111737675,236.8445528194222,178.53716386124168,498.4501276654713
2025-03-25,843.7924974190574,167.98164775767333,192.29741863948152,239.69937945160993,180.9798766896192,504.4588175431108
2025-03-26,795.3421112758517,165.77538597899658,186.09641492589682,234.36262595901943,179.18423912031145,492.11127155031596
2025-03-27,779.0521066648079,166.03466206530584,182.9170609703717,234.63062377812562,181.0607921419125,485.34545505924285
2025-03-28,766.7472831497396,161.02702678225896,173.998943914241,224.56304113961215,176.24812333521675,464.5327409196418
2025-03-31,757.7283324673438,159.57744849309393,174.34845471837858,221.6965686126779,179.6695579825776,464.22671151724995
2025-04-01,770.1031829556164,162.46809991277618,177.08817624705839,223.922161328713,180.52693145904865,471.991171051741
2025-04-02,771.9907597512627,162.44687639189118,177.0542985369496,228.39663855027635,181.0931161017528,470.32390312367795
2025-04-03,711.7249910963989,158.60822791410132,169.92884816649857,207.88860906144845,164.34995063859378,428.1910583514776
2025-04-04,659.3593440005619,152.96718144095632,164.156345632152,199.25425379640612,152.37091216153286,406.53264183028284
2025-04-07,682.6406151370167,152.12547261545637,165.45289399474376,204.2181252972037,146.7736639823168,415.8113792714316
2025-04-08,673.2722239826893,150.72265957360935,163.14160450711822,198.8580800151201,139.4616936860863,411.1397664045488
2025-04-09,799.3272389568972,165.99641510188044,178.93717326806689,222.67537495113837,160.83954128041626,471.8059739037129
2025-04-10,752.0652815908247,162.11104075250705,172.29648527399894,211.16290126441527,154.02094910497524,440.00700165656923
2025-04-11,775.5564734021024,165.12923017617163,177.16704563033713,215.4159820258505,160.2733566377121,437.81617665251093
2025-04-14,774.0183370783876,164.8571569761562,179.34303169207928,212.2116007513469,163.80803069720656,428.078321068403
2025-04-15,784.4354769679495,163.972948607907,176.2312948804039,209.26357140120297,163.50066125657378,420.05610580176835
2025-04-16,730.5318003782578,157.97055101943448,172.87150754945756,203.13447034604044,157.13501431170332,404.58345665516157
2025-04-17,709.5575200676553,156.34244315013487,170.42491463594857,201.13027409013338,159.3270084504244,403.9149304896785
2025-04-21,677.536978822182,152.66108760634975,166.49013959863558,194.96621757073927,156.23720794501327,390.36735436285943
2025-04-22,691.3798852460352,155.93436616322384,170.7744427246321,201.79444569052555,161.5594106434368,402.94839585372114
2025-04-23,718.087083161571,159.15234806364248,175.1489538960663,210.44046463030642,165.49045369030839,419.04921970831816
2025-04-24,744.0950796436637,164.64036730735143,179.57979540282932,217.36191324804093,168.53979646957288,429.4234190110771
2025-04-25,776.1157277189968,166.57456901125758,182.601358738159,220.21673988022866,169.27582160353168,440.796310716835
2025-04-28,760.1753772396046,166.28124603986754,181.07928161970023,218.71358379830235,169.9714635191268,442.785699270706
2025-04-29,762.2028477368696,167.50552950157999,180.57194562627527,218.35236548124794,170.83690867208503,446.57133233787397
2025-04-30,761.5036463034264,168.02416042566745,179.03863355293348,214.89163228238465,171.88034050056814,442.1897316893385
2025-05-01,780.3105624151453,180.83659129254195,181.85724174943803,221.6266576842147,172.54359636650378,460.8841300494158
2025-05-02,800.5157745638904,185.0365515099249,184.9351699891885,221.37030575985506,166.09707122323152,480.86730707021087
2025-05-05,795.7616321359175,185.41488669205833,185.13812512801366,217.14053456790487,160.87190249414803,482.6795440877619
2025-05-06,793.8040283670668,184.19909526374886,184.0332105266342,215.5791134522619,160.56454547147905,473.04638017502043
2025-05-07,818.4137288121335,184.21611870628925,170.67296515521954,219.8904770274058,158.73654668843952,480.6980530668557
2025-05-08,820.581093011017,186.26510067620606,173.94256172527426,223.81729493601824,159.73952079077594,481.6646123826036
2025-05-09,815.5472700096668,186.50315324163032,172.21756403708227,224.95921492089815,160.58071366038112,477.2185974808227
2025-05-12,859.9426617434126,190.9794129878629,178.65529689232505,243.1134935115031,170.72077587437988,515.0261608864438
2025-05-13,908.3931013015482,190.92842141171064,179.8616372094792,246.29456521652165,172.45397592156814,528.3965854769428
2025-05-14,946.216747369949,192.54377154303856,186.4459257300344,244.9895138052303,171.96803616111066,531.0787357505831
2025-05-15,942.6508734743195,192.97817777107224,184.85624875227185,239.07014553545736,171.25533196321797,518.6104068630054
2025-05-16,946.636054570295,193.46366745197196,187.37042424053865,239.5595398146916,171.10144855548035,515.7591506647533
2025-05-19,947.8247504220781,195.4227152443353,187.765047709668,240.22372919507578,169.09286774247627,515.8316598892877
2025-05-20,939.5048409283355,195.12460155858344,184.87878780022174,237.7884036936511,167.53784064027022,513.1494602560664
2025-05-21,921.467153223264,192.7396920725687,190.04249405627675,234.35096228428088,163.67455000403584,511.8607309549295
2025-05-22,928.6681267637777,193.71493713893682,192.64689487452716,236.65812960351772,163.08334316422136,512.7225492397298
2025-05-23,917.9012793276343,191.72181621100302,189.94101648686416,234.199494532608,158.1510024401299,505.0627813766054
2025-05-27,947.335149173878,196.19781345233903,194.93561074511086,240.06059776866434,162.15195862334454,517.353958727863
2025-05-28,942.5111400174908,194.77961762355497,194.32679718227334,238.5457957919915,162.32203505591187,518.3687917138591
2025-05-29,973.1334920557977,195.34179810997787,193.76309628442758,239.6877157768714,161.9413623748114,519.5528293436292
2025-05-30,944.7484777746486,196.0572552054885,193.62781014309013,238.88370453956088,162.67028443346146,521.5181304219572
2025-06-02,960.4790678240079,196.74293112048707,190.57242095128956,240.79468029751973,163.3586866761457,540.3735890949383
2025-06-03,987.3260526113023,197.1688190646281,187.35917200110967,239.69937945160993,164.63027375401256,537.1114637441847
2025-06-04,992.2200353259639,197.55210246406128,189.46752363445606,241.4705155726504,164.2658065157056,554.1063623697855
2025-06-05,978.7266762039025,199.17471085577841,189.64790515623932,242.26288091521445,162.49211148847925,551.4242614557263
2025-06-06,990.8218461187978,200.32458730456756,195.81504844426124,248.85808446011808,165.15670849450817,561.9675173235162
2025-06-09,997.1839915988998,201.33390550650617,198.77252068311984,252.83150372770868,163.15624902984658,559.0276606773134
2025-06-10,1006.4825694397427,200.5545415939337,201.6058553127941,253.565604036556,164.14432157559125,565.7451047789762
2025-06-11,998.6516202150405,201.27854322382657,200.19483140221746,248.4269374346085,160.9937599731772,559.0920749305587
2025-06-12,1013.824024246105,203.94027724848405,198.33228329716542,248.47355657357863,161.33392525627573,558.4638261831969
2025-06-13,992.6385947172902,202.2751036877935,197.16960374314127,247.14519559280225,159.10668893621514,550.0147492598069
2025-06-16,1011.6564463875015,204.0552543931671,199.5401273698193,251.80611381026208,160.7022110184593,565.9546855600336
2025-06-17,1007.6710516318061,203.5868012800526,198.61448807928076,250.3146214030743,158.45066032522647,562.0130268572267
2025-06-18,1017.1800842967718,204.52372063152643,195.64572903190123,247.6345898720365,159.2119808514998,560.836195726287
2025-06-20,1005.7832611764399,203.31422932073383,188.10525942807166,244.33698809958466,162.79176937357582,550.0187473858703
2025-06-23,1008.0207057634576,206.97678951392692,186.46844749343836,242.9154066208601,163.19673159192087,563.0609307625136
2025-06-24,1034.1003316666538,208.72713278829877,188.25202250793575,247.92589726062775,162.22485207100593,574.0798155531177
2025-06-25,1078.9184491562644,209.647041822477,192.6656486069088,247.01701963062246,163.24532308437384,571.2424787567161
2025-06-26,1083.8827259187801,211.85310672248133,195.8940561039078,252.9946351541201,162.79176937357582,585.2761480375278
2025-06-27,1102.970551147266,211.21000910170102,201.52683036860157,260.1957630456913,162.85655389085852,591.3537932498675
2025-06-30,1104.6485277576694,211.83604390420646,198.9305532869589,255.63971122092627,166.16909541342505,594.948947693837
2025-07-01,1071.8565680934194,209.55335382490307,198.4903159010045,256.8865153784929,168.31536660933705,579.7383979225046
2025-07-02,1099.4746508099106,209.14450244854726,201.65100254687783,256.2572814623403,172.05713505156558,575.1841868191038
2025-07-03,1114.0874800345007,212.4450683894163,202.6556494970629,260.3239390078711,172.956133542783,579.5691932787305
2025-07-07,1106.396477926347,211.96807074191955,199.56268370231518,260.3938499363343,170.0404701441105,579.037096995217
2025-07-08,1118.702316325085,211.49960450356025,196.81967810990034,255.6047557566947,170.08904921859963,580.9072328013173
2025-07-09,1138.838890288805,214.43392361278137,199.37080795745928,259.31017720517906,171.0042655705744,590.668682265158
2025-07-10,1147.3690409469505,213.5693899865276,200.49960980137462,258.98391435235624,172.03285793228486,586.2030716097079
2025-07-11,1153.1023858713236,214.35300647842394,203.40064799762857,262.19995930159837,171.02044617744028,578.3600809817966
2025-07-14,1147.1593339318476,214.22524534527957,204.94713089500243,262.98066096942387,168.96328628994704,581.1087186110856
2025-07-15,1193.515480915313,215.41770008828695,205.4438023235615,263.74971674250276,169.3601395779134,572.620845057005
2025-07-16,1198.2001839343116,215.3325172493608,206.53876102646004,260.06758708351146,170.21055899464164,566.5914241553327
2025-07-17,1209.5969002247834,217.9218655487983,207.22732548442102,260.871598320822,170.09714573101448,565.3823612179798
2025-07-18,1205.4716651823992,217.21915306601454,208.89798056007118,263.49336481814316,171.03665162023384,567.695795421319
2025-07-21,1198.2700506627257,217.22340564533843,214.58718886736966,267.18714037188096,172.08952110122505,574.7004629250006
2025-07-22,1167.8552690423223,215.18345384386248,215.98692596942536,265.0547681537941,173.6445482034311,568.1230025951417
2025-07-23,1194.0749488919273,215.43897611015126,214.73393466268774,266.01024714277753,173.44207330324048,575.1922324308119
2025-07-24,1214.770884002402,217.57264215969076,216.9238002148469,270.6012544317741,173.12620997535032,576.1756233636913
2025-07-25,1213.0928005621388,218.7778677659147,218.0639061518292,269.6807309070223,173.22341779618395,574.4667453088192
2025-07-28,1235.8164732445284,218.2625575287684,217.3866457869351,271.25378013741977,173.3610833431642,578.4567764010362
2025-07-29,1227.1463754698343,218.29236495977017,220.96496163262907,269.17967295304953,171.10954506789523,564.2458568647423
2025-07-30,1253.4360288777136,218.5777077823055,221.8454709736298,268.2241939640661,169.3115356674966,560.3848023577591
2025-07-31,1243.6474224692306,227.2059943518134,216.61903910023565,272.79189168357766,168.11289170914645,623.4432959909593
2025-08-01,1214.6310437157135,223.2069947579741,213.49226473356305,250.23304679987257,163.9094606257412,604.5571850181578
2025-08-04,1258.540039097058,228.117385102099,220.1635118049128,246.62082806934444,164.69505827129524,625.8050532241277
2025-08-05,1246.3740409850088,224.75719117398162,219.74584803600027,249.06781724550763,164.34680889374567,615.3988195532797
2025-08-06,1254.4847776129482,223.56048385165033,221.34876497597878,259.04217938607286,172.71315124459045,622.2744611121466
2025-08-07,1263.9239435494994,221.8144062818472,221.83414959601694,259.9976761550483,178.20433759476458,614.084867506236
2025-08-08,1277.4181573104406,222.32542456393506,227.36532529947638,259.484972306329,185.75270866835965,620.1061934366195
2025-08-11,1272.9433749662653,222.21044741925203,226.89122748795913,257.86530393696137,184.2040147277051,617.3413658647524
2025-08-12,1280.6344839042788,225.39174426037965,229.53266908823156,258.0633908276044,186.2067466797469,636.7917062083185
2025-08-13,1269.6571816440128,221.70365546599834,227.97489938233676,261.66394588339404,189.19060953575442,628.7955034408873
2025-08-14,1272.663694392888,222.51280055908293,229.08112760921023,269.14471748881795,188.7446556188182,630.447963494641
2025-08-15,1261.6863921326217,221.5290372088222,230.16478221904188,269.2029825225346,187.77976741153753,632.9467922843323
2025-08-18,1272.5937208346136,220.22160532113176,229.71325802456653,269.73899594073896,187.21219195688482,618.5504781616863
2025-08-19,1228.0554975781004,217.0999102167628,227.53466199638234,265.68398428995465,186.94462209031585,605.7420124012245
2025-08-20,1226.377414137837,215.3751217940687,224.9948362418903,260.79002371762033,183.25534438118183,602.7112354067627
2025-08-21,1223.4406612875161,215.09783787185705,225.4802035773825,258.62269603530183,182.35531519896682,595.7629859041994
2025-08-22,1244.4863573595023,216.37330978839415,232.63686983786235,266.6511269536766,184.6742954357774,608.410144553852
2025-08-25,1257.2116097884461,215.10635615574967,235.3460495738063,265.602427466745,184.18780928491157,607.2091272282072
2025-08-26,1270.9157442242101,214.15935661624889,233.82214029347432,266.4996592020037,185.93106788279925,607.8539607947954
2025-08-27,1269.7271552022871,216.16429026452684,234.20594363682406,266.97738980649945,186.88787199562887,602.437289732041
2025-08-28,1259.728628118981,217.40135771470062,238.90179180245838,269.86717190291876,188.56627156845093,605.4438311722166
2025-08-29,1217.8471566498317,216.1429486164384,240.33538933007694,266.8375679495731,188.22570891050992,595.4405197613241
2025-09-02,1194.0749488919273,215.47321987390444,238.57445707080527,262.5728235133993,186.26352161036155,592.5467649638043
2025-09-03,1192.9561197685584,215.57133107898503,260.37182515298986,263.3302333917317,193.35827688333944,594.1105258504456
2025-09-04,1200.2277078465063,216.68897192647947,262.22305188042895,274.6212928383348,194.42044741923667,603.4609087234606
2025-09-05,1167.785402313908,211.1562480988903,265.270853156547,270.7177844992074,194.34747946379233,606.5240162434977
2025-09-08,1176.8049405605336,212.52131293661537,264.42347829017814,274.80773383423127,192.87988724488844,606.4030359103909
2025-09-09,1193.9350017753786,212.61087960731368,270.73918225084543,277.6042954327023,190.01765834456123,617.2043436678105
2025-09-10,1239.871841558498,213.44697082802773,270.21945323795717,268.38732539047754,183.88780369682783,606.1451320995042
2025-09-11,1238.8227723336836,213.7199890456707,271.57525302414734,267.94453247022136,186.51488603413696,605.2746265284426
2025-09-12,1243.3679555555734,217.51225290824254,272.06106975783484,265.84711571636615,189.7906207119219,609.0550274800212
2025-09-15,1242.8783543073732,219.84138010374323,284.2744336502455,269.66906723228374,191.92310796798648,616.3982523499942
2025-09-16,1222.8105787734676,217.14540231533257,283.7660260149701,272.7219807551145,193.09880352918532,627.9249978698256
2025-09-17,1190.7158976051817,217.56344136306717,281.9244094950925,269.8904636924118,193.77991642710344,625.2811012714843
2025-09-18,1232.3201455877331,216.89373887102286,284.748980859958,269.4360248774092,192.87988724488844,628.9326243569911
2025-09-19,1235.3266583366085,220.93766617790442,287.788209001273,269.7273322660004,199.05839547489398,627.4252321118873
2025-09-22,1283.853267584896,219.45322723847934,285.3138916760219,265.2412091496906,207.6369484095693,617.1853402291136
2025-09-23,1247.6331377145061,217.2264638273831,284.3309368310341,257.17782276708414,206.2990866587606,609.3128325717458
2025-09-24,1237.4243694667975,217.61890864770538,279.224148584871,256.5952079899017,204.58013001608126,613.5555847188414
2025-09-25,1242.4588334473076,216.2879825717749,277.6988565408611,254.19482017271662,208.27750423763013,604.0779034863474
2025-09-26,1245.9550542742427,218.17771594620777,278.54624869177593,256.0941500359289,207.13424439794608,599.9158542542375
2025-09-29,1271.5467882069984,219.5171603060308,275.7329814199773,258.8790479596615,206.2990866587606,599.6335174507406
2025-09-30,1304.6202445522447,220.94622383753153,274.65968025318404,255.8494617863078,206.46125284837046,592.3579152067799
2025-10-01,1309.2352945025486,221.697014092116,276.6933280788313,257.08460226913587,207.1261354675674,578.6132462729042
2025-10-02,1320.7724920588691,220.00349000259948,277.58590203292187,259.15870945350616,208.48832400951216,586.4454271525698
2025-10-03,1311.8921531197725,220.69025531291862,277.20177028319864,255.77953307785265,209.2099567233961,573.1444514925813
2025-10-06,1297.3483359847169,225.4764808409817,282.94124205018915,257.3992014472202,208.13156832674147,577.2581776948618
2025-10-07,1293.8521151577816,223.51845681771482,277.6649788307523,258.42460914465886,207.96130562471672,575.1771283990164
2025-10-08,1322.310735212444,223.88958624043832,276.37698631841766,262.433001656473,209.24239244491082,579.0166127690892
2025-10-09,1346.5040662783133,222.84450174634665,272.88583643806993,265.3693851118704,205.9828632099195,591.656170043263
2025-10-10,1280.7067008896122,217.9644307177717,267.28192736515246,252.12071298834636,198.87190249414803,568.9016993454858
2025-10-13,1316.7869904733138,219.282559679996,275.84598778155447,256.4320765634902,200.80978783908802,577.2904095012751
2025-10-14,1258.8207879690349,219.0778189859423,277.31474207568385,252.14402255783145,200.89897365528975,571.6038402494436
2025-10-15,1257.4223851021488,219.01808599673535,283.6191592278302,251.188543568848,202.17197638103278,578.7826483550025
2025-10-16,1271.267000803761,218.24170151473857,284.1049759615177,249.90678394704977,200.63951271909946,574.3624485141008
2025-10-17,1281.126221749678,219.08205844002134,286.18384015943263,248.24049643871206,204.56392457328772,578.2744914682889
2025-10-20,1277.0706397759884,220.45140210755994,289.8557691061211,252.2488889505262,212.6316521479973,590.5752939378475
2025-10-21,1266.7221380714511,220.8225052797938,282.97515432938985,258.71591653325004,213.0614130401038,591.4625817664597
2025-10-22,1260.5688449675724,222.05105444607497,284.3648318256888,253.961777817842,209.55865314764338,591.5754671282775
2025-10-23,1273.7143660656018,222.05955960472275,285.93528838832844,257.6205979073483,210.47485051876043,592.0513922085778
2025-10-24,1302.382693135367,223.36066512440667,293.66332988506645,261.2561262073615,213.10194527403343,595.5681636378702
2025-10-27,1338.9524771374086,226.73487681399908,304.22705670973113,264.47215337661163,217.95883444991526,605.6185640890661
2025-10-28,1405.6587509746555,231.23526076022335,302.19342616862974,267.12887533816433,218.1128668732188,606.1186753640716
2025-10-29,1447.682412987413,231.0134441226499,310.2151839551017,268.3523699262459,218.6804423278715,606.3041686695859
2025-10-30,1418.6644317859964,224.27777848143674,318.0222676805781,259.683059196972,220.05886114853746,537.5810214385319
2025-10-31,1415.867519222364,220.8865039735694,317.6945872580056,284.57236318940693,219.22370340935197,522.9652546186223
2025-11-03,1446.563690693904,220.55377901720922,320.55303633297984,295.9683068086968,218.15337427122077,514.3829561860297
2025-11-04,1389.2967964529282,219.4019994079202,313.5707711413763,290.515041028665,218.9561459607468,506.0022916419483
2025-11-05,1364.96373193023,216.34343673116828,321.21959756391607,291.5404309461116,219.0372352645337,512.9633252759987
2025-11-06,1315.1088002031904,212.05205918356646,321.7167702443084,283.1973830696605,218.73719242255848,499.2428918964093
2025-11-07,1315.5979741319507,211.9326194556423,315.028134919709,284.79375964953505,217.68310598111228,501.47720269135584
2025-11-10,1391.8141352730431,215.84861500119666,327.76127967864574,289.44301419225627,218.67328958070743,509.5836747628103
2025-11-11,1350.6295149804173,216.99183695085864,329.1283489888109,290.25868910430535,223.3969091688036,505.808703365145
2025-11-12,1355.104510984313,218.04122652525356,323.93116256720447,284.5490536199219,221.9522032572319,491.23326332293755
2025-11-13,1306.5781153957453,214.69258281258377,314.734435914521,276.83523965962337,221.53019117455312,491.9431034577435
2025-11-14,1329.7224840666604,217.6316926361667,312.29403086847066,273.4677269587084,221.09191155926163,491.59625368183913
2025-11-17,1304.7601916687934,216.48421810718088,322.0217387734713,271.34700063536803,217.0744022302663,485.5870208488083
2025-11-18,1268.1205409383374,210.6400847208303,321.1857198538073,259.32184087991754,217.05818436950892,482.1024812259291
2025-11-19,1304.2007236921788,207.79480727251442,330.82309872154855,259.484972306329,217.96717932160666,476.15771200572476
2025-11-20,1263.0860769578276,204.46981525102262,327.02689388930804,253.01794472360513,216.09236481494128,475.2140061759942
2025-11-21,1250.7797044097897,201.77306307316715,338.5623578886236,257.1545131975991,220.34521939437593,479.3277323782748
2025-11-24,1276.4414119008197,202.5765380604865,359.93857072360885,263.6681421393011,223.94069180476478,494.49193350301925
2025-11-25,1243.3679555555734,203.85439877158208,365.4295252885871,267.6182696173986,224.79286215439257,513.1810997475072
2025-11-26,1260.4288978510237,207.4913778626077,361.48650552284454,267.0240089454696,225.26360232712642,511.0758642569566
2025-11-28,1237.6341833117604,210.27360163477547,361.7463268179237,271.75483809139257,226.31868220567873,522.642640397004
2025-12-01,1258.0516129773175,208.02130962249103,355.769572803804,272.52389386447146,229.76804485368535,516.9318355908863
2025-12-02,1268.8198492016404,209.41456748610415,356.80899626048847,273.15311000063207,232.27595199215182,521.9570358164842
2025-12-03,1255.7443016618854,204.17065154568462,361.1249128210713,270.77604953292405,230.62026487516843,515.9074762057512
2025-12-04,1282.3163063896407,205.49980571356343,358.85400003284064,266.96574391175295,227.82021271972033,533.5964199002283
2025-12-05,1275.5334649210133,206.49131295827203,362.9777815803779,267.45513819098716,226.2619072750641,543.18698649454
2025-12-08,1297.4905265283248,209.8504831172929,354.679540196508,264.37893287866336,225.53955431927827,537.8472176590318
2025-12-09,1293.4347308949152,210.27786733934423,358.4781994342768,265.57911789725995,224.9633111258747,529.9101970292566
2025-12-10,1285.113432612993,204.5253744123746,362.0168645315067,270.0769046883083,226.2619072750641,524.4010261116503
2025-12-11,1265.1842154074566,206.6238123047989,353.2210702072331,268.32906035676086,225.65315385236283,526.4821247670768
2025-12-12,1223.857618230943,204.5125641734236,349.6711355860282,263.5632757466063,225.85608821721502,519.6420221065521
2025-12-15,1232.7381708297596,202.9269952226078,348.46142478240915,259.31017720517906,222.47162184816554,522.7137181936886
2025-12-16,1242.7377662116648,203.59798398864507,346.5960074427255,259.33348677466415,222.8774409060146,530.4957497390267
2025-12-17,1195.327422170107,203.48257371088275,335.459989300866,257.8303484727298,220.6292678989426,524.3201751179216
2025-12-18,1217.704004637484,206.84177012039328,341.9494029485707,264.2274473469985,220.913341239437,536.3888394778917
2025-12-19,1265.6039499272422,207.67087871085948,347.263052640949,264.9149462968677,222.1145557162992,531.8035318384414
2025-12-22,1284.4840979079643,207.24349448880815,350.22510528449067,266.1733785691889,219.9232073116971,534.0073384123108
2025-12-23,1323.0837560791197,208.06832424946074,355.39176719790714,270.49638803907936,221.05132965347673,536.7843578006925
2025-12-24,1318.8880133291616,208.5683567016286,355.0978262090756,270.77604953292405,222.2281800853114,538.8913702361604
2025-12-26,1332.3139628095878,208.43588360559139,354.442119673011,270.9391809593355,221.895378654762,535.4523401469917
2025-12-29,1316.1608606640839,208.17517686759598,354.49864013834554,270.41483121586964,222.1875981795265,531.7389695064529
2025-12-30,1311.405863597231,208.33758864708324,354.82649340637784,270.95082685408204,221.63566935929518,537.5997287197426
2025-12-31,1304.1334208804037,206.68790287528833,353.86550721932275,268.95829427291346,220.64551059562763,532.8691558333184
2026-01-02,1320.566310429145,202.12352023528837,356.2962329196277,263.92449406366075,219.95564303321183,525.0547937624051
2026-01-05,1315.4616592306406,202.08506326794574,357.86774383957174,271.5683970954961,216.91209944305433,531.8196724214384
2026-01-06,1309.308152467042,204.5040065137965,355.38046310484026,280.7387479987508,212.9351720198439,533.2970046816945
2026-01-07,1322.384340985957,206.6238123047989,364.01796555708523,281.4728483075981,211.28758141527535,523.6663087480048
2026-01-08,1293.9241184833952,204.33306332517182,367.9297002946151,286.9843791213466,210.24064772099317,521.5431557295399
2026-01-09,1292.6654490733379,204.83309577733965,371.46836539184494,288.2544928483983,210.50845352887487,527.193988644705
2026-01-12,1293.2249170499522,203.93559153608086,375.1878614090535,287.1941296867281,211.22266030039057,518.2414439947993
2026-01-13,1299.3085570851365,201.15338088915792,379.83450047230025,282.68469700093317,211.87194595702144,509.4584001461537
2026-01-14,1280.6381161195175,196.32830463640744,379.6875126933385,275.75156692846815,210.98731504995126,496.88922963452995
2026-01-15,1307.9794026688503,195.16582795258452,376.2279762475769,277.5343667242472,209.5669731834071,501.15157753529473
2026-01-16,1302.2454167653173,196.53342596256115,373.0850581149647,278.629685350149,207.39185505752621,500.70758810392147
2026-01-20,1245.1853451332254,194.2512346425612,364.04057374321906,269.168027058303,200.22529911770368,487.68638254921626
2026-01-21,1281.896892359435,189.80223602983395,371.25355305448176,269.5292453753574,200.99634290965312,494.8226426959265
2026-01-22,1292.5256087866492,192.80672269789932,373.69558284785364,273.05988950268386,201.56446475471418,522.8105616916713
2026-01-23,1312.314878875637,199.136162011722,370.74476515919497,278.67630448911905,201.31286438962604,531.7954862267334
2026-01-26,1303.9237138653004,200.98670340510196,376.7706764220644,277.8140282180919,207.29446096723518,542.7742910375403
2026-01-27,1318.258678624133,205.38867426561467,378.22907727315544,285.1083588276193,209.61565160160686,543.2667022179049
2026-01-28,1339.236644564904,205.83742638624406,379.8797514136598,283.1624276054289,208.13042587406946,539.8439114308954
2026-01-29,1346.15943315008,185.267792073284,382.41214481338307,281.6709351982411,209.62379778587703,596.0135844970935
2026-01-30,1336.509598729686,183.89591523349384,382.12954248671036,278.83943591553043,210.59773868878722,578.4070713029381
2026-02-02,1297.9099405585305,180.93845631764302,388.56243566908046,283.10418035170426,219.14405458936898,570.2617038816313
2026-02-03,1261.0585530456324,175.741568129438,384.06278438479546,278.04707057296645,218.71389632242,558.3868252367887
2026-02-04,1218.0537655989956,177.01515001072005,376.52195180550046,271.4868402722864,224.4032857932285,540.053788369439
2026-02-05,1201.9006634534917,168.2453864272237,374.4982425937881,259.484972306329,223.93254562049464,541.0386600897492
2026-02-06,1296.5115376916444,171.43789222743345,365.0128294542491,245.07108840843205,225.72622115151776,533.9751066058976
2026-02-09,1328.887501881207,176.7630009323518,366.6634690256615,243.20671400945133,223.0941343747866,546.6975879762035
2026-02-10,1318.3985189108216,176.6219439261978,360.1740208088649,241.1559163945661,222.3304792713139,541.4503683551284
2026-02-11,1328.9575822693414,172.81830047636106,351.5591611118457,237.80004958839763,223.8090117163489,539.8116302649012
2026-02-12,1307.210334506993,171.73705593277145,349.34324774890393,232.5798261632404,212.62263670625927,524.5704281937485
2026-02-13,1278.3304843145056,171.5148061621187,345.63502125567044,231.63597528901155,207.78900637662443,516.465486269306
2026-02-17,1293.4347308949152,169.60870560738678,341.45191914635086,234.3859177485125,214.36924815438013,516.077914839051
2026-02-18,1314.4825635641005,170.77971370034712,342.9329973217596,238.62735261520123,214.7510757061165,519.2505019098147
2026-02-19,1313.9232024173461,170.68119561267693,342.390331716364,238.70892721840292,211.68838361573853,520.5098622602382
2026-02-20,1327.3492587276323,170.1543220348382,356.1040287683983,244.82638237881892,214.9378915539219,529.2929061088836
2026-02-23,1339.4464584098669,164.68855008111075,352.1583471825758,239.18667560289063,216.23767982763863,514.4311311371158
2026-02-24,1348.5370385133663,166.62897315106483,351.4913365534443,243.02027301355486,221.0794687595075,516.0860098103401
2026-02-25,1367.4870532225027,171.59786271138287,353.7524317195617,245.44395262023295,222.7773272816456,527.7026391272288
2026-02-26,1292.8752629183007,172.07761666029327,347.51177725751296,242.27452680996095,221.73747182674455,530.3827656580469
2026-02-27,1239.031731539767,168.23101428413833,352.4636268335662,244.69820641663907,214.61296311243845,523.2546004826257
2026-03-02,1276.0229593393535,170.7197313314885,346.539486977391,242.82218612291183,215.05161526664472,527.597651298376
2026-03-03,1259.0307086438577,173.02427494342857,343.2155996484323,243.21835990419785,214.26364578999983,528.8247304828052
2026-03-04,1279.9388078562147,173.5682900910111,342.70691546042144,252.64508051180417,213.26439707681132,539.0366354831343
2026-03-05,1282.0365189864037,175.91564825157627,340.16311426035537,255.11536147746043,211.45281484195039,533.2566285444112
2026-03-06,1243.437181304828,175.17888888371172,337.4950026056453,248.43860110934705,209.1537778550451,520.5744245922266
2026-03-09,1277.2116551911367,175.37164622923856,346.6023681556439,248.76486396216987,211.11974021619676,522.616874695706
2026-03-10,1292.036114368309,173.80816706546628,347.3717378660327,249.74365252063834,211.8914918320843,528.0093595637551
2026-03-11,1300.9173079462855,173.43121003403968,349.2498074933692,247.7860576237094,211.8752491353993,528.6470853506748
2026-03-12,1280.7074486986319,172.13757277866225,343.42325618376236,244.1505471036882,207.7727636799394,515.1818903645964
2026-03-13,1260.4974826211187,169.43467798622783,341.9864610151387,241.9832194213697,203.1909696567054,495.428037957271
2026-03-16,1281.2669166752464,171.3194368928713,345.6973147593602,246.72571224203122,205.38439186126652,506.9535988471576
2026-03-17,1272.2457759807214,171.08813070328804,351.76139029973996,250.75739654333842,206.5298248446202,503.0834621772647
2026-03-18,1261.5464450160732,167.8240791935272,348.1070915899449,244.54672088497423,203.0447481326487,497.44393260615567
2026-03-19,1248.6792157032417,166.63754393593672,347.47354384181875,243.25331536842944,202.2486324717336,490.18846907125567
2026-03-20,1207.6999224014605,163.57482055657468,340.5383271843561,239.30318789033197,201.46061332323336,479.65266650020146
2026-03-23,1228.2595426106252,164.05887958578828,341.7375981222069,244.8613378430505,204.30392966465288,488.05544413658464
2026-03-24,1225.182522154176,159.6639701069924,328.59121443812694,241.48217924738896,204.42577472571824,479.05477389517375
2026-03-25,1249.5183642532331,158.93578152399974,329.14556439660083,246.6907567777996,205.22190280459714,480.6464723046784
2026-03-26,1197.4901926850123,156.76402601397274,317.8206953054309,241.83173388970482,205.44125371762792,442.3895886329327
2026-03-27,1171.475946656112,152.82319750520597,310.37637963085393,232.27685509991068,202.1186412263981,424.75992579527383
2026-03-30,1155.0423092983508,153.76128500346934,309.42604072411876,234.15287539363788,200.35578708159224,433.3728271681057
2026-03-31,1219.588162877612,158.56311644763147,325.3329046765932,242.68236426598548,206.17238617383907,462.2573135936965
2026-04-01,1229.0288244322026,158.22042943044772,336.45416181619095,245.36239579702323,207.6671613155591,467.9938347415313
2026-04-02,1240.4973303885683,159.97238710993332,334.621343130214,244.4302085975329,207.90274250731107,464.1398880142165
2026-04-06,1242.2456010468259,159.72395247585104,339.3956458500237,247.94918905012082,210.29111432598398,462.97643332973627
2026-04-07,1245.4624617899635,159.47122588671036,345.5841701214153,249.0911268149927,205.93679256412324,464.61655348823234
2026-04-08,1273.2948452055361,160.34503906105672,359.00209402274476,257.80703890324475,210.32362455528167,494.8099572836016
2026-04-09,1286.0921009600934,159.8053289937774,360.3257445534235,272.2558782653733,211.6152914806559,507.71309472048074
2026-04-10,1319.099322792164,158.86294954045565,358.9115575709336,277.76742685911375,211.6071701323134,508.9007355996662
2026-04-13,1323.8545335187366,164.64570928199595,363.5161951874639,279.5269170854077,210.56733951334002,512.6739794119953
2026-04-14,1374.2045148168343,168.38950161542232,376.6399361163181,290.1654686063571,210.26675028095644,535.2644282220068
2026-04-15,1390.7081257328696,176.14696756640438,381.4029347430609,289.5595442596896,216.44078804398444,542.6088377219245
2026-04-16,1387.0717441296658,180.01926917193026,380.15841286385046,290.9578161689291,213.97929925430125,546.8828838433936
2026-04-17,1410.3585170039087,181.103007512037,386.561922318065,291.95991429688263,219.52781934346226,556.319843421537
2026-04-20,1413.015909770432,179.08118167366692,381.7423686568957,289.3031923353299,221.8186853101697,542.0674618371771
2026-04-21,1397.771181924174,181.68983720824468,375.9384946716066,291.2025221985422,216.2295833152238,540.3950111531058
2026-04-22,1416.0929302268812,185.4422134517878,383.8919439323898,297.5530197138328,221.91621599806282,545.1457721081717
2026-04-23,1396.0927779943308,178.08740376160327,383.40545310140925,297.22675686101,222.12739589089577,532.5658905674643
2026-04-24,1456.4427819937737,181.88688650882992,389.6391937450685,307.60893867760774,220.20206510738433,545.3962719819037
2026-04-27,1514.7648347615818,181.97255498181462,396.35945978880017,304.2647355461778,217.39938034360503,548.2968384016059
2026-04-28,1490.7087800657616,183.87015037789877,395.72591204067396,302.6101294925706,219.91774340761347,542.414903928054
2026-04-29,1463.2960243401153,181.8183464803442,395.90695037520425,306.5019919369514,219.47906641747954,540.6212261129706
2026-04-30,1395.6032835759906,174.6734357054304,435.3459977201684,308.8557428351744,220.43768355302782,494.3979035011553
2026-05-01,1387.7710523929688,177.52626016952172,436.35296079951394,312.5844916331358,227.57845979994661,491.8447791723299
2026-05-04,1387.980759408072,177.17500236746605,433.5924113929356,317.00068604099056,224.88944907703484,493.18597770810266
2026-05-05,1374.13454125856,176.21549446964528,439.4528404126513,318.74853037253797,230.86042829557238,488.78260948433245
2026-05-06,1453.3658683671842,177.32064008406456,450.32520009022534,320.4264637756222,233.56565687924152,495.1816349287646
2026-05-07,1479.0303534345733,180.2377257468281,450.26861048670685,315.9753139035359,233.50878260491626,498.35688741690393
2026-05-08,1504.904652346925,177.81753560271878,453.4477224585884,317.73478634983786,238.28552624226208,492.55575457749956
2026-05-11,1534.5551731491691,176.76378844704138,439.690433781608,313.4350864494325,237.98466381467432,483.8540553183931
2026-05-12,1543.925861145486,174.669143750372,438.23099585775856,309.74132867568665,239.70847588120975,487.1990060461168
2026-05-13,1579.2408216124284,173.57256892082464,455.50679585136334,314.7634652102008,243.017888076892,498.2114740911868
2026-05-14,1648.541992748122,175.38020388886565,453.7532095241305,311.37264293980076,242.48123335216724,499.66580478668243
2026-05-15,1575.674413567499,180.7303293104239,448.8996744455766,307.7837515587497,244.12375742749458,496.27238295038626
2026-05-18,1554.6952724982682,181.4242741296634,449.08071278010686,308.62268270030785,242.1803709245795,493.8323414217027
2026-05-19,1542.7370584638427,178.8027558551553,438.58169929556834,302.19062836180757,243.09920090402778,486.8838944808153
2026-05-20,1562.7372106963933,180.3619430638692,439.99592084715016,308.7974955814497,245.76625666689432,488.8634111184801
2026-05-21,1535.0446675675094,179.90690395096775,438.58169929556834,312.81751620801845,247.9941883929292,490.73784120813
2026-05-22,1505.813774455191,179.68369603744264,433.2756548034185,310.3239434528691,251.10846470504234,493.0647999366717
2026-05-26,1502.527046983639,178.59331632345354,439.96193942976555,309.1237584342726,250.71002191770617,494.74534559203204
2026-05-27,1486.7227443309066,177.15094379369845,439.90534982624706,316.7676614661079,252.7591101287122,513.2637770457341
2026-05-28,1498.2612238455465,183.29821783456956,441.37616098134737,319.27289789599575,254.10889312479435,513.2879632404392
2026-05-29,1476.5129077845984,193.27898213201357,430.3001547831092,315.35774366212183,253.74298540268353,511.04185550562624
2026-06-01,1568.961011507846,197.69197819818083,425.8086963736158,304.4278847525812,249.06752267830643,485.1548283573014
2026-06-02,1558.1917069849235,189.44550500068547,409.3813947418683,298.90467248410226,256.296193273189,482.8602495139161
2026-06-03,1501.7577651620616,183.44847563734712,406.1456931664683,291.3306981607221,252.27935451424028,503.34200766270476
2026-06-04,1530.8827898831587,183.753256947471,421.0796445951657,295.7236007790837,253.06809390464244,507.0505410643024
2026-06-05,1435.9465118915657,178.8680539481688,416.93885505439016,286.6814258380088,249.905039830619,479.11943494632425
2026-06-08,1460.730718912878,176.75170009655585,411.2786847843277,285.7375927437719,245.1889455286017,472.9708600160431
2026-06-09,1457.5801995127756,173.17580589495435,412.3541292348218,284.5374077251754,236.25270556386872,472.3244963024429
2026-06-10,1403.1808323728662,170.57864807484486,403.4337133340766,277.32463393885763,237.09022271618122,461.3281688403701
2026-06-11,1434.3361585825173,167.5651181130938,405.0071946922616,281.4145832738815,240.3833673792508,459.26785056855755
2026-06-12,1436.576594405614,167.73682256591843,407.1693876863166,277.9655137497568,236.7243398299981,458.0963009127882
2026-06-15,1487.4052803061957,171.60894041801674,418.11617461885413,286.66977994326226,241.02574864799416,479.9516374825059
2026-06-16,1452.1192707313025,169.0632991838526,422.5310970587753,286.6464703737772,243.31875050447977,485.3942716848825
2026-06-17,1432.7958856616033,162.65844221325492,411.82207634065423,276.74201916167516,240.6435733932707,459.00614606993156
2026-06-18,1475.0832037687437,162.86878738684973,416.62185648122943,284.77045008004995,242.31860769789577,466.8020476575393
2026-06-22,1460.8006924711524,157.69167894259877,395.8490817152838,271.25378013741977,241.50550426246608,455.9896339943877
2026-06-23,1400.5203415404037,160.52492054140848,391.8303556381757,272.79189168357766,239.3019117455311,454.65529644037827
2026-06-24,1393.2391387750595,156.8846338886865,390.8794636259693,272.97833267947414,238.3098902872896,450.99182833626185
2026-06-25,1370.4152596840268,151.46281837988408,389.09082423950156,264.51875473558977,223.7306295286762,439.0229690491364
2026-06-26,1347.9413552142253,160.10852214927723,381.93640496999836,271.13726784997846,230.74787187144926,444.9912334299115
2026-06-29,1365.0243044608278,158.2196944167374,400.343236513949,279.81822447399895,229.08910509943686,454.978749774874
2026-06-30,1400.8704229914952,160.12998192456908,404.55440872593016,277.7208077201436,235.28509782251007,455.53675983842885
2026-07-01,1383.2974451772527,164.9636814631708,408.90140290017393,281.63597973400954,239.36698187598176,495.6648158674764
2026-07-02,1364.044140495688,167.62949743896942,407.42976208686696,282.7662538241429,250.95396039911338,471.39554898744063
2026-07-06,1369.0850142677955,166.01969928620323,414.8445557569205,284.5024522609438,254.23086236549796,485.4589327360331
2026-07-07,1378.7465999727851,166.9211936018894,415.4898224272169,286.6231608042922,252.60460582278324,497.82410009925593
2026-07-08,1429.0852573057268,164.56015893621466,409.70516885705075,283.8732183447912,254.82444103640324,487.74758842969464
2026-07-09,1419.7036726636943,164.9980171036378,406.27511984672066,287.8583012871203,257.12556424123136,510.68251775572105
2026-07-10,1476.9735581407492,165.3156874041816,404.33931983583136,285.8774146006983,256.3937736329374,541.1950806020363
2026-07-13,1424.9545739404848,167.84414769286744,399.0527377424482,288.17291824519657,258.01185915545426,531.1023789898969
2026-07-14,1482.854541931588,165.24271104294442,406.9769761205355,288.3826688105781,256.01971972655645,534.5879058043967
2026-07-15,1487.7553617572871,169.83600859729785,419.89347534316306,297.0869350040836,266.29759650310143,550.9804201030962
2026-07-16,1452.0491903431682,172.1841673977975,401.2601816778627,291.1792126290572,270.981180575821,537.4183816190349
2026-07-17,1419.913700168377,169.0590072287942,392.5548546672163,288.07969774724836,271.37145234295934,522.4330596159467
2026-07-20,1423.204273514888,172.69501505170263,398.46406067567017,291.2957426964905,265.5576348746096,522.3036387944836
2026-07-21,1451.2790538827112,170.74607369785596,392.9850324474139,288.45257973904125,266.4927323866705,520.6538935176864
2026-07-22,1484.6748159154592,167.5651181130938,387.25693391167425,285.30646349825435,264.98846992058714,507.19699094122115
2026-07-23,1461.5708289316092,163.80461734300286,359.6353652181353,272.26754194011187,261.54896713585873,490.15752061394926
2026-07-24,1448.128534482609,163.85614705419303,361.9560229296787,270.4614325748478,270.7860198563242,481.3345448642497
2026-07-27,1375.8061080773655,167.0328106838968,369.6764765107341,269.62246587330566,273.9490739303476,480.2670452052935
2026-07-28,1379.3067089285594,168.85724596531614,377.7705182684687,269.00489563189154,276.52664584588064,479.8950220430634
2026-07-29,1330.2982970118487,167.6509703395061,381.1666204305062,264.0992713848187,274.98987315049953,473.58711438521436
2026-07-30,1365.5143330284677,193.64816901850273,377.71392866495034,274.4115600529453,271.1193925132096,435.9175603681559
2026-07-31,1405.491241754237,199.49495370430833,403.15069617830045,316.4530267280397,251.18165618383554,450.21550084580724
2026-08-03,1446.7283155081034,209.3383360641499,422.82541830761824,330.9484852291383,246.71762171156794,477.3314334830594
2026-08-04,1483.8347058967279,211.5534311325951,427.5120192411566,323.25799861831683,251.5638066026314,475.47141639107053
2026-08-05,1534.8034457437182,209.256775792796,410.2824726925779,317.6998308856063,252.8810793694158,476.14265733351033
2026-08-06,1533.1931992645298,214.5798369595213,404.9845865061278,317.2454098505956,254.0275802976586,477.05650061671713
2026-08-07,1567.9891802717832,214.635645500525,401.07903963605656,319.8322208836851,254.77563843856524,478.8356173553963
2026-08-10,1523.1114517203146,217.24138723075117,404.7242121055775,324.03868250615034,250.8692947217445,481.1161780777689
2026-08-11,1522.7613702692233,216.27550046394458,389.19269935347154,317.2570379653502,248.14298043549798,484.51275892725096
2026-08-12,1568.8992638487887,211.3902974646424,388.8984126737205,311.442553868264,245.97820647348456,468.1202446285516
2026-08-13,1577.3707649138157,213.3005980977189,392.090730038726,308.9373174383761,248.4278236897496,481.1566035746332
2026-08-14,1576.390600948676,212.66525749663123,391.56998123762537,306.0475353419568,248.9730716454423,477.01602576027176
2026-08-17,1575.3403565954018,206.20460511027468,389.41912690572923,304.4861320063058,248.69637457546085,460.13021180874915
2026-08-18,1538.4441005413203,206.75408035970523,389.64555445798686,302.31882210397936,252.30975368968748,439.66992507770897
2026-08-19,1523.181425278589,207.90454744451154,390.23419695567287,309.7646204651797,257.8437447611715,441.5785119974323
2026-08-20,1518.2106318946155,206.93684939391886,385.6494711361046,303.0878423170743,253.34330081896474,441.41676065039394
2026-08-21,1503.2980380829756,207.83573178588446,390.34741073180174,301.36332533500394,251.7563595497246,444.70820559228014
2026-08-24,1459.6105010013296,209.5861931874598,394.0151913874564,305.3717178468181,252.56203704278607,452.0836129090853
2026-08-25,1491.6060440595722,211.47857786134767,392.7699435573151,304.19482461771463,252.20395263788595,461.00362959509164
2026-08-26,1467.8719745616738,213.48278962116015,387.15505879770427,303.2859469877093,255.09304159396984,465.92867923077785
2026-08-27,1596.1339341978808,217.22025558658,385.6268283808788,298.60173698075647,256.0126414871753,461.8527624675669
2026-08-28,1523.1114517203146,220.86311478728803,392.35110443927636,310.4521016350569,260.1794395772925,467.44905304569284
2026-08-31,1545.7253033066645,218.1793566018111,384.1551875675718,302.6916685357883,257.8600371297119,462.8556010753725
2026-09-01,1522.3413152598575,215.48269630066943,379.2534631748427,297.0403158651135,264.5984961845806,467.86954731649547
2026-09-02,1571.1396996718854,213.6763344813766,381.63074505899647,297.1102267935767,264.46013523162605,479.4421478871045
2026-09-03,1599.4245075443916,219.39649993033777,387.6984503540307,301.6779245130882,267.1050621829539,493.86141421493
2026-09-04,1612.7968284351177,214.91499008617447,383.3939415937907,301.22350347807753,260.39916302923814,498.7864638506162
