Date,nvda,msft,googl,amzn,aapl,meta
2023-01-03,100.0,100.0,100.0,100.0,100.0,100.0
2023-01-04,103.03178837119064,95.62569030589042,98.83304252084733,99.207643547432,101.03141744848097,102.10837877535232
2023-01-05,99.65072997982332,92.79157569230749,96.72351553837471,96.85388375921303,99.96002657444258,101.76366346434504
2023-01-06,103.80021984787116,93.88515147517917,98.00269293226272,100.30296217333377,103.63797289158497,104.23280589902457
2023-01-09,109.17220826123997,94.79923952326482,98.76570192973314,101.79445458052155,104.0617234891995,103.79188694553004
2023-01-10,111.13518438244571,95.52133147742359,99.21454701958253,104.71918325117645,104.52547855728096,106.61376577796852
2023-01-11,111.77787009591023,98.40972554455004,102.69299275863946,110.80167405736483,106.73222523702788,106.53359195935144
2023-01-12,115.34056199907154,99.55338726496787,102.25539990821906,111.01141573275038,106.66827272332155,109.5959675483749
2023-01-13,118.05102088220558,99.85391601549041,103.36625175114055,114.33232707468726,107.7476669750461,109.81241956915464
2023-01-17,123.66053055594641,100.3214175790353,102.43492584497665,111.92030225275164,108.69114661268992,108.5137074444762
2023-01-18,121.39018184406845,98.42642741968827,102.24416495333604,111.23281219287841,108.10746505895428,106.63781051377377
2023-01-19,117.11494621280458,96.8069230420907,104.40979757203984,109.15870500850818,108.1554604891436,109.14702133331208
2023-01-20,124.61758067745095,100.26714468811464,109.98651805414039,113.31857416199121,110.23426488758639,111.72837870989926
2023-01-23,134.07617270858393,101.25220750225918,111.97263337835956,113.63318223007151,112.82481357531806,114.8548982936697
2023-01-24,134.5791290240967,101.02680765805584,109.62747482289824,112.23491032083194,113.96015075408086,114.75067973924737
2023-01-25,134.9842934771892,100.42994367300813,106.84470613247048,113.23700844878547,113.42447704849836,113.43595014033197
2023-01-26,138.3304462564199,103.51450109956745,109.4254962609206,115.61407780648952,115.10354719136704,118.08562408222929
2023-01-27,142.2633769475236,103.58128234962898,111.50134430556311,119.13306714907341,116.67869139497196,121.64503535792602
2023-01-30,133.85957342561287,101.30646070531132,108.77468125136656,117.1638352473939,114.33596801132518,117.89321679725478
2023-01-31,136.47923226369446,103.43518523987372,110.90664357451325,120.17012074125853,115.36739166878806,119.42438606731673
2023-02-01,146.30113142444242,105.49712852437456,112.69076305220884,122.52388941947348,116.27885779568726,122.7512907990972
2023-02-02,151.65211764835638,110.44329861049587,120.8931702709266,131.56607325054435,120.58847488777265,151.3307872094602
2023-02-03,147.39785746919608,107.83455102800205,117.57180648568017,120.47308291459228,123.53081207274444,149.53503939810852
2023-02-06,147.32102769020366,107.17506649577598,115.46230543002653,119.06315622061024,121.31605580632943,149.15823974009456
2023-02-07,154.89348674779893,111.67877798712544,120.78098492528322,118.9815905074045,123.65076960330813,153.61550639701738
2023-02-08,155.11702437343524,111.33235025243128,111.50134430556311,116.58122047021145,121.46797717578248,147.04984861510906
2023-02-09,156.0391287767762,110.0342437660005,106.60906591720875,114.47214893161362,120.62844831333007,142.63265651786162
2023-02-10,148.55047794686553,109.81719157805485,106.1153587882842,113.73805751276225,120.92472851226583,139.61038018777987
2023-02-13,152.20398994809275,113.24817673930833,106.16022946963236,115.98695090828643,123.19895440744581,143.84320461125424
2023-02-14,160.46805070337615,113.60299150599727,106.2387704465376,116.17338301418691,122.67841819976779,143.88326682129642
2023-02-15,159.0220011637432,112.6949738840424,108.77468125136656,117.87462598675621,124.38406278522511,142.02341206409733
2023-02-16,153.69895547194935,109.69471334791547,107.1701222795205,114.36728253891886,123.0868326120566,138.23954620531896
2023-02-17,149.4097362059498,107.98329287476349,105.8685009026854,113.26030912827456,122.15793166394506,138.59227642826133
2023-02-21,144.28921258166173,105.72789003144152,102.99597356501539,110.20741338543583,118.89878738583235,137.95094762749036
2023-02-22,144.9808009106742,105.24249875802363,102.8388743266589,111.61734007941789,119.24310026884892,137.1813308372255
2023-02-23,165.3091422691121,106.60663179288888,101.98608075512725,111.65229554364949,119.63550792576541,137.91886328048372
2023-02-24,162.66853471627826,104.28425738344289,100.01122631261003,108.94896333312265,117.48140099467889,136.59610642000004
2023-02-27,164.17049205750268,104.67760787147233,100.84157590119463,109.25192550645639,118.45034987613082,135.9147030595537
2023-02-28,162.1795352981499,104.3679570751965,101.0547634912363,109.79958481940729,118.04196029976966,140.24370642624893
2023-03-01,158.56098238376185,103.04986740220544,101.39138002407736,107.39920589221823,116.36034447431656,139.0251804698208
2023-03-02,162.8641318097945,105.07513875025347,103.23159649573115,107.35259564324411,116.8407830767989,139.91498389021226
2023-03-03,166.88788928330197,106.82422211590774,105.08303063772198,110.58028648723277,120.94074768560199,148.50889602738852
2023-03-06,164.54072416110725,107.48536699171338,106.74372117261817,109.24027072171387,123.18291039818202,148.22828766222864
2023-03-07,162.71013803491832,106.34719162399323,105.31868813752968,109.00722836683929,121.39720719993544,147.9156690478612
2023-03-08,168.94940591276472,106.15888372410471,105.75627234567708,109.43835761235687,122.41415151157665,148.2844290946737
2023-03-09,163.74420509687445,105.58143854005266,103.59066565379227,107.49242639016646,120.58840037998971,145.6549575472097
2023-03-10,160.453385266182,104.02064994904123,101.6943521881803,105.72128137912998,118.91479414120467,143.90732390673483
2023-03-13,160.46036371487423,106.25095732260739,102.232947282999,107.702168065552,120.4923350118281,145.02161895910746
2023-03-14,168.1249730537631,109.1256551958582,105.44210843805608,110.5569769177477,122.18993275672587,155.53952984822982
2023-03-15,169.2778074302431,111.0714334933957,107.84336398747563,112.0950795739096,122.51026655159353,158.52972183130487
2023-03-16,178.4515664578591,115.5738390227992,112.56731682486347,116.56956568546892,124.80047436621817,164.28571296253932
2023-03-17,179.73713841492292,116.92541119754085,114.02603744005503,115.2994608484132,124.1198085149978,156.814197237103
2023-03-20,180.9598241217031,113.9126291770274,113.57720099247864,113.85457869019955,126.04166226863782,158.57784835181488
2023-03-21,183.0489203290432,114.56121319270945,117.72889708176368,117.23374617585709,127.5471292772124,162.06508837119637
2023-03-22,184.9284090707801,113.9377640225203,115.98969149678118,115.00815345982198,126.38603724147353,160.18117652855886
2023-03-23,189.9798834853073,116.1848060843389,118.49191472150706,115.0198082445645,127.26685583364896,163.76462019042762
2023-03-24,187.10128676845355,117.40244825207822,118.3123887847495,114.34397296943379,128.32389775048586,165.15150869602508
2023-03-27,185.36853261071184,115.64916480780374,114.968581016556,114.23910657673902,126.74634446189859,162.6102135294801
2023-03-28,184.5231376682824,115.16796705038324,113.36400476016397,113.30691937724866,126.24187709941201,160.8786344121417
2023-03-29,188.5336200468639,117.3773396570767,113.76795324184623,116.81426282508605,128.74028449555126,164.6224133616115
2023-03-30,191.3213766126383,118.85860238446338,113.20690552180747,118.8534145452247,130.0135107446432,166.6185710202396
2023-03-31,194.07418746024908,120.63699442373937,116.39363133619047,120.356561737155,132.04748629367242,169.90540119234475
2023-04-03,195.38774005545997,120.18927916806943,117.10054333970268,119.33116292971239,133.0644554412413,170.81128383513905
2023-04-04,191.8104562428206,120.16834440119678,117.50448317911197,121.12560862023795,132.63203710487593,172.13401599635637
2023-04-05,187.81397086765043,118.97998465658779,117.22398092477506,117.80470616829706,131.13456726500556,169.53662879589905
2023-04-06,188.90389225649542,122.01786214685706,121.65618791067001,118.92332547368787,131.85529346753015,173.24034553532667
2023-04-10,192.69079690341366,121.09313608714115,119.43445829800805,119.0515014358677,129.74926889237972,172.15808543142793
2023-04-11,189.82617045261992,118.34810907866682,118.21140382489719,116.42973493854656,128.7643132555555,171.4365828120399
2023-04-12,185.11705445295544,118.62427737319207,117.41471588959669,113.99440943712192,128.20375395046474,171.55684353996554
2023-04-13,184.89344998394088,121.28139148604689,120.54533606774851,119.31950814496987,132.5759699981994,176.64742408572425
2023-04-14,186.95456555313396,119.73319000565041,122.16113863675058,119.4476841071497,132.29573380852742,177.56132164045363
2023-04-17,188.65936581007992,120.84623709050052,118.90710680034535,119.71568192625588,132.31174056389975,175.4529428651013
2023-04-18,193.305622296812,120.66627684686972,117.2576252935132,119.20298696753258,133.3046933694282,174.67529881326817
2023-04-19,195.15016532038533,120.69974622337463,116.89858206227103,121.53344607626249,134.23358189957594,172.91967496012458
2023-04-20,189.3720365406012,119.72062914552681,118.14408051832896,120.96247719382653,133.4488410935259,170.81128383513905
2023-04-21,189.4768469577406,119.57417765413796,118.27872713146539,124.63295206807533,132.14357649776167,170.66700307067455
2023-04-24,188.93885134333465,117.9045807763714,118.90710680034535,123.7590299023016,132.39178675872517,170.58680455279108
2023-04-25,183.34238949703365,115.24746666351662,116.52827794932689,119.51759503561289,131.14260168760129,166.38606447632338
2023-04-26,188.33796947864505,123.59539855136663,116.37118735324341,122.32580252883048,131.13456726500556,167.86915662440808
2023-04-27,190.22440993172282,127.55386764896006,120.72485336223309,127.96550930475877,134.85820548004745,191.24578962412224
2023-04-28,193.87856362938155,128.57069355767004,120.4443424656232,122.87345295178538,135.8751746276163,192.65673521515808
2023-05-01,201.99034180027263,127.85934461710707,120.28726051181269,118.91167957894133,135.80310076556748,194.94949401391668
2023-05-02,197.09950539242243,127.79655344173473,118.17774217161308,120.75273551844101,134.9622928528409,191.79090243277278
2023-05-03,194.2488625763644,127.37393365582062,118.27872713146539,120.77604508792605,134.0894590114059,190.019248755759
2023-05-04,192.57201622021418,127.79655344173473,117.47084745264682,121.1838736539546,132.76015323767362,187.2053724856224
2023-05-05,200.38332003707134,129.98921761066714,118.45827035276895,123.11815898139848,138.99017118163135,186.61214550609506
2023-05-08,203.6741532364394,129.1523388203423,120.92684920875669,123.31624587204149,138.9341289108825,187.00496263834597
2023-05-09,199.62173332232646,128.4618852709149,120.45556877823323,124.23677828678932,137.54878086640133,187.08509940806354
2023-05-10,201.81563994680602,130.683818737732,125.39272649020874,128.39664744027235,138.9821740129271,186.85265461231322
2023-05-11,199.6706359378744,129.76324025565353,130.8011732749807,130.7154517642597,139.13431890572903,189.02516503277934
2023-05-12,198.00779995381123,129.28620320111617,131.855928123944,128.47821315347804,138.38056091942605,187.43786667990548
2023-05-15,202.29074931092833,129.49125891450282,130.73384996841247,129.5735228893838,137.97960970339693,191.4862863807072
2023-05-16,204.1073384337059,130.44530677308617,134.10010171955307,132.1370332429843,137.97960970339693,191.4542267329669
2023-05-17,210.84965620779465,131.67820047631517,135.59246670348276,134.5840135291515,138.47676288518971,194.3963539436979
2023-05-18,221.3299760132537,133.5737222081126,137.82542262875475,137.6718736262178,140.36921090048864,197.89159652538132
2023-05-19,218.43739566166423,133.49819954442273,137.74685572503054,135.45793569492523,140.45741569754807,196.9215945871064
2023-05-22,217.8225568995902,134.68918433816933,140.31642818314359,134.01305353671157,139.68760128401746,199.07007262140044
2023-05-23,214.41295638569832,132.2066097424761,137.52243318010585,133.9897439672265,137.57066131866358,197.8034201444623
2023-05-24,213.36495916370916,131.61530429897735,135.65979001005098,136.04055047210767,137.7951781046462,199.78356032885344
2023-05-25,265.36115310175,136.67696342190905,138.55476997294105,134.00139875196902,138.71733609839993,202.57335481428532
2023-05-26,272.1105161679092,139.59987688519544,139.82272105421902,139.95572248597358,140.67391047889876,210.0689893733259
2023-05-30,280.2502215022448,138.89533994714463,138.76795756298273,141.76183185123764,142.1734292828005,210.45372984547583
2023-05-31,264.34112314923215,137.71276843588416,137.87030195237588,140.50338179892447,142.13330684167718,212.21738096018768
2023-06-01,277.8676561269142,139.4698450761625,138.82403727239495,143.05522847778644,144.4106993176329,218.5425666847774
2023-06-02,274.7724868644406,140.65248221365144,139.89002707624127,144.7797721298448,145.10026884891684,218.5425666847774
2023-06-05,273.68256547559565,140.87891895226414,141.39363565732697,146.00326671792638,144.00175093289954,217.5645498345674
2023-06-06,270.07034931346834,139.9311843368568,142.85233034569956,147.52971458934573,143.70504852319365,217.34806076488812
2023-06-07,261.8599504222663,135.61179723332947,137.45510987353762,141.2607827872609,142.5904120901296,211.31951322932844
2023-06-08,269.0920831036985,136.40017824083645,137.05117003412835,144.7797721298448,144.79559410643438,212.10517219309665
2023-06-09,270.9088326505839,137.04179275105807,137.15216363625365,143.8242842508654,145.1083529433679,212.40181038212665
2023-06-12,275.88398529579365,139.1637380962225,138.7342959096986,147.48310434037165,147.37764890690875,217.29196873097578
2023-06-13,286.64486012855986,140.1869691248283,138.9475007842863,147.58797962306238,146.9927292821796,217.50845780065507
2023-06-14,300.44539748247786,141.46602431714268,138.76795756298273,147.3083181292177,147.5059264732362,219.13579366430474
2023-06-15,298.0416561249089,145.97830003130372,140.36130750676475,148.11232936652823,149.15782611125255,225.93392094122976
2023-06-16,298.3142166841741,143.55859536245694,138.61084968235326,146.22465428805845,148.28375047343488,225.26852270538723
2023-06-20,306.1123256181592,141.76375739033364,138.12836022376572,146.5625719256238,148.3559609330858,227.93809351179294
2023-06-21,300.7807908173241,139.88086214488828,135.2670764832517,145.4556074049755,147.51397331379573,225.78164996409652
2023-06-22,300.6410346820211,142.45989417114401,138.1844745022699,151.6546193886012,149.95169412071502,228.37902481492068
2023-06-23,294.93916082817606,140.4931023552597,137.27556665223406,150.69914039961776,149.69508931620484,231.465420440483
2023-06-26,283.9197090708804,137.80082570920624,132.787245387835,148.36868129088788,148.56442129184077,223.240317748652
2023-06-27,292.6123160929778,140.30440069800056,132.7760363597709,150.52434529846784,150.80167890870933,230.11861884419412
2023-06-28,287.3087752989654,140.8411707456649,134.85188440441345,150.36121387205642,151.75590008506305,228.70769795242464
2023-06-29,285.2473255128809,140.50566321538332,133.64004760163962,149.03286178127607,152.02854889883704,225.69344888391117
2023-06-30,295.58901215179196,142.8079625615492,134.31328066732175,151.89932541821432,155.5407836976971,230.06247741174906
2023-07-03,296.36463597597515,141.7385831691037,134.53769456997347,151.7361939918029,154.32995771683318,229.29287297111736
2023-07-05,295.6938225689314,141.8056925503074,136.61355125688897,151.92263498769935,153.42384373234322,235.98684344178596
2023-07-06,294.19856293421043,143.1140957919806,134.77334342750817,149.5688663094844,153.80871368521701,234.0788251151773
2023-07-07,296.9935252161631,141.41568899992848,134.06643142399597,151.2234901430836,152.90261211869088,232.90845037852552
2023-07-10,294.7364649678868,139.15533793898206,130.6665180195713,148.1356300460173,151.24270289400647,235.7704037706394
2023-07-11,296.3086746996811,139.4237229628142,131.44075332965173,150.05826058871864,150.81771050000933,239.1294298983261
2023-07-12,306.76918212781857,141.40728884268802,133.44927806772603,152.41202926693362,152.17288289239212,247.98782177972663
2023-07-13,321.2683932088464,143.69697482774754,139.7441627927678,156.4903327072109,152.79032888977196,251.25059486639333
2023-07-14,317.7187424487871,144.77892820556235,140.7315856928899,156.93310784747504,152.9106341233228,247.6110591706122
2023-07-17,324.6503473014827,144.9844170520567,139.86760902011318,155.62805643618373,155.5568277069609,249.01400219934615
2023-07-18,331.8686032975844,150.75477381592236,138.86894252283503,154.77744383989508,155.3483549302421,250.1602951512932
2023-07-19,328.9547667517026,148.90538732271895,136.92773244905595,157.72547319003905,156.44688526422323,253.33496595484
2023-07-20,318.07509786706123,145.46246475051205,133.75224158955598,151.43324070846512,154.86719608585778,242.52044157595395
2023-07-21,309.6130737626706,144.162474791325,134.6723411831099,151.47984206744326,153.91299974543173,235.89866706086698
2023-07-24,311.73040461299524,144.72441906021928,136.36670201356318,150.0815701582037,154.56252134337532,233.77420906311178
2023-07-25,319.1861417634419,147.18607201428551,137.12971965330658,150.46609804474318,155.26013771521883,236.06701726040308
2023-07-26,317.599948396912,141.64633894240708,145.05161597541448,149.3241602798713,155.9658009276219,239.35387213177455
2023-07-27,320.73038422576485,138.6898379754046,145.19748025888794,149.44069034730458,154.93939412754492,249.8877634462343
2023-07-28,326.6698194460088,141.89794990224974,148.7657192142791,154.05500720578624,157.03229291493074,260.92673005856875
2023-07-31,326.5230581246622,140.87054504551506,148.92278388354364,155.7678782931101,157.52945851468735,255.41126038318563
2023-08-01,324.9718372136472,141.04663334166787,147.6099534786445,153.4490828591187,156.85588332081187,258.7060931175927
2023-08-02,309.33358822941585,137.33952582424902,144.0529667626823,149.39408898832647,154.4261845185245,251.97208513614822
2023-08-03,311.05253254520534,136.98725735522362,144.1314990973146,150.20974612038353,153.29551649416044,251.0742421045553
2023-08-04,312.2055006084418,137.45694427217558,143.74999459857938,162.63109743711195,145.9342717174665,249.10210448246607
2023-08-07,317.3553283697669,138.43405318743308,147.58753542251642,165.71894864418226,143.41635570015586,253.77582316016864
2023-08-08,312.09373847996153,136.73144631676075,147.44167113904294,163.06222668262956,144.17814810905455,250.63333550069396
2023-08-09,297.34993410913984,135.12953633100818,145.48922611038086,160.6269011812049,142.88712691779926,244.6768851236504
2023-08-10,296.18996085985987,135.42306932557895,145.5229136904839,161.4542042080085,142.7107049057166,245.10181130217435
2023-08-11,285.4779619052903,134.61790112883676,145.3770148379185,161.27942688685053,142.75889902332716,241.81498113006924
2023-08-14,305.72794945571104,135.88856928915638,147.36311287759173,163.79632699147692,144.099828011201,245.46259348595134
2023-08-15,307.03468402633763,134.9743565512367,145.62389000806323,160.41715061582335,142.48589008860216,242.06352984748884
2023-08-16,303.8623507679803,134.64655354017407,144.41200999392447,157.38756444246968,141.77928311094828,235.922699447039
2023-08-17,302.8700741861234,133.1672989753777,145.78097196187375,156.117450715418,139.71565346430145,228.54732561592405
2023-08-18,302.555642934705,132.99920395384902,143.02065589666606,155.23188265489773,140.10910423017938,227.0723348272067
2023-08-21,328.1861213762116,135.26853268284614,144.04173180779932,156.93310784747504,141.19311796444737,232.40337508065082
2023-08-22,319.1092718784226,135.51228162052158,144.83843702764577,156.43206767349426,142.3092321352068,230.55952544805552
2023-08-23,329.22727383626517,137.42019358424866,148.53007899901738,157.9119141859355,145.4327598303706,235.88261253773047
2023-08-24,329.5557689344731,134.4658714080304,145.62389000806323,153.62386018027667,141.6266911714486,229.8781714861419
2023-08-25,321.5548839281447,135.73081696123,145.73611856507156,155.27848401387584,143.41729946540667,228.87604815196076
2023-08-28,327.2638164427358,136.0333932500799,147.0040264349846,155.1386621569495,144.68599315770194,232.69201070737898
2023-08-29,340.8825665450897,138.0127459260878,150.99865785500512,157.20112344657323,147.84165854324866,238.888859043942
2023-08-30,344.23660684295714,138.17244079037604,152.46857021371477,157.38756444246968,150.67609604053223,236.57206785901138
2023-08-31,344.87252800653994,137.73958331282515,152.79400364531074,160.81332439710937,150.8527415759638,237.20535704858094
2023-09-01,338.96100658106485,138.1177872673304,152.22172961266196,160.9415003592892,152.12948210881862,237.59819888009824
2023-09-05,339.23354040297863,140.1727676089937,152.34515855546135,159.95106590607418,152.3221840714778,240.6204999094463
2023-09-06,328.86998261069516,139.89121796373627,150.87522891220576,157.72547319003905,146.87003979957407,239.83481624641172
2023-09-07,323.13974042710913,138.64309897550896,151.77288452281257,160.6269011812049,142.57420664733604,239.43402125112527
2023-09-08,318.4646343383124,140.47538327358063,153.02959200693456,161.069676321469,143.07201798121162,238.80870992459128
2023-09-11,315.7113555870537,142.01765214292607,153.6355709042324,166.74435634162086,144.0195210391352,246.56082166555427
2023-09-12,313.5589453318089,139.4247598572236,151.86267773914682,164.56536498456384,141.5624654625381,241.8310109539394
2023-09-13,317.8567071815523,141.22760422921667,153.39991340442467,168.78350806175953,139.88430183102875,244.55667379425745
2023-09-14,318.52754732594735,142.33704187150252,154.95960169492258,168.63202253009464,141.11278615645392,249.89576600853619
2023-09-15,306.7804920274232,138.77338016420995,154.17414007223212,163.58657642609538,140.52664584588067,240.74876319967387
2023-09-18,307.2416578628367,138.2859085393505,155.08304792226795,163.10882804160767,142.90341928633964,242.5444986613924
2023-09-19,304.1249650325577,138.11361343920157,154.89229567290036,160.37054925684524,143.78668421738888,244.56472575509207
2023-09-20,295.17313938949934,134.8020745763335,150.06731466429522,157.64389858683734,140.91207460712667,240.23568533949725
2023-09-21,286.6335502289553,134.2809366962838,146.36446366485956,150.69914039961776,139.65944976002285,237.07711845761975
2023-09-22,290.77757230866,133.22195249842332,146.15124150572595,150.45443437000466,140.34997547452144,239.76269438862926
2023-09-25,295.05431860027295,133.44467479250628,147.11625499199292,152.9596885798845,141.3857950911789,241.1656374173632
2023-09-26,292.88097299895156,131.17534606350912,144.26618027954297,146.7956231704944,138.07762469187927,239.66646604687566
2023-09-27,296.773396602819,131.44853492726315,146.47665765277594,146.7956231704944,136.84907827663497,238.68842449739924
2023-09-28,301.1130826194182,131.80572536342166,148.46273840790317,146.7956231704944,137.0578490844856,243.674811188002
2023-09-29,303.97823044856256,132.6924144611332,146.8357268108371,148.12398415127075,137.4753907001869,240.66858938105676
2023-10-02,312.9440129890053,135.23490580339302,150.5498300497017,150.85062593128265,139.51492949701037,245.96761938529332
2023-10-03,304.10397621177856,131.700644646442,148.5973850210396,145.32743144279567,138.43090334477856,241.2538137982822
2023-10-04,307.76579016058787,134.04142721296563,151.75046646668446,147.9841534043484,139.44264452957648,244.9735233126804
2023-10-05,312.2871564793459,134.20949598400296,151.55971421731687,146.77231360100933,140.44635129177868,244.3402341231109
2023-10-06,319.7924646791234,137.52946125460286,154.37612727648272,149.10277270973924,142.51800294305744,252.8699281677411
2023-10-09,316.3751905454052,138.60529826792697,155.31865356843772,149.45233624205113,143.72244609051455,255.21875430114568
2023-10-10,320.04395620555545,138.00433264360169,154.91471372902845,150.87391772077572,143.24065392997508,258.0086599332762
2023-10-11,327.088071832568,139.69794872097762,157.70872601661216,153.61221428553014,144.3728493638898,262.802614639638
2023-10-12,328.05941306834836,139.16842380893317,155.93579828243466,154.1948290627126,145.10354719136703,259.86848999120895
2023-10-13,317.68901051412917,137.7269699517188,154.129252106338,151.23513603783013,143.61003868195732,252.27672588748015
2023-10-16,322.11949657578083,139.79038982635956,156.08171441954605,154.45118098707226,143.50562844210435,257.45547046452464
2023-10-17,307.0460206632935,139.54664088868412,156.77740011044824,153.19273093475908,142.24499400833247,259.74022670098134
2023-10-18,294.87266503546545,138.72713992365044,154.80253702565804,149.30086849037824,141.19311796444737,254.10452099693893
2023-10-19,294.20880333976254,139.2356513173481,154.56687952585034,149.61546766846254,140.88798375730332,250.76955195469068
2023-10-20,289.2192659995475,137.2815253635529,152.15442359063974,145.8517811862615,138.81634452398842,247.4346323109751
2023-10-23,300.3163897624019,138.3951762097047,153.1642731891629,147.4714495556291,138.9126582514265,251.73158837956328
2023-10-24,305.12424680045814,138.90366135291094,155.75628098795008,149.80190866435902,139.2659865761811,250.56113954511238
2023-10-25,291.95861459077315,143.16492986853098,140.94479056747758,141.44721489316137,137.38703688756155,240.12342717387352
2023-10-26,281.80475784482246,137.7942237106251,137.20825198793884,139.326497459817,134.00655668490037,231.16080438841746
2023-10-27,283.02069237039655,138.60108506406104,137.08483168741245,148.84642078537956,135.07452640990456,237.87875784672536
2023-10-30,287.6398906576018,141.7529421878866,139.6544041455255,154.63762198296874,136.73667086807777,242.63269974157774
2023-10-31,284.9773852140442,142.08909285520687,139.22800303862317,155.08039712323284,137.12207479339614,241.51839233957193
2023-11-01,295.7741148349186,145.43427172277381,141.88733414397853,159.63644894799788,139.69155019651427,249.9999969125917
2023-11-02,304.0271330641105,146.3798406726426,143.0543002654042,160.88325310556453,142.58224106993177,249.21431324955714
2023-11-03,314.5023727728204,148.2624865384199,144.86086372604686,161.5008233469786,141.84348398393115,252.20460402969763
2023-11-06,319.7155413194014,149.83003463096074,146.15124150572595,162.82918432775494,143.9151356352099,253.1665663567711
2023-11-07,321.14115015395697,151.51102422198466,146.95915575363645,166.2899175266182,145.99482170908436,255.58763784429001
2023-11-08,325.4667990611179,152.63307522537687,147.9353696256945,165.55581721777085,146.85400820827408,256.35721758565535
2023-11-09,328.09433204916064,151.57826485564527,146.14005840448087,163.83128245570848,146.46855461110042,256.9744769513547
2023-11-10,337.77295911290815,155.3520617464058,148.77693688461616,167.28035197983323,149.8695865438944,263.56419181870143
2023-11-13,339.7645709373681,154.0954900999553,148.2158978068504,166.15007788969987,148.58317241721875,263.9008922177737
2023-11-14,347.0043237639239,155.604197716076,149.93265076661282,169.89047258240782,150.70575013814985,269.60874447886493
2023-11-15,341.6374154473042,155.66738264881897,151.05474620669034,166.86086862906217,151.16404751112958,266.7227833998454
2023-11-16,345.7744323409654,158.404508259389,153.64677129002345,166.4297393835446,152.53090520747313,267.9092126596337
2023-11-17,344.50261675115115,155.7431546921769,151.82902472813572,169.168018168307,152.51482394431787,268.59066541861273
2023-11-20,352.2664216634042,158.9392963949544,152.88376229255306,170.27500046894727,153.92988817623575,272.54284442802765
2023-11-21,349.01692440916304,157.0991106989784,153.69165925591759,167.67652576111922,153.27862806335645,270.1458794244799
2023-11-22,340.4354378191145,159.11194587673688,155.39721182988896,170.95083574407798,153.8173317521126,273.7614074333554
2023-11-24,333.86660534900767,158.93509631633418,153.3774780637506,170.9857912083096,152.73993679256412,271.1479780593947
2023-11-27,337.12308105194097,159.4319787423521,153.06331415612956,172.13935708793602,152.5952178421304,268.31805961575475
2023-11-28,334.1811168124799,161.15429973204812,153.94973481185338,171.32369995587894,153.0856653234569,271.7572348627922
2023-11-29,336.4102632659875,159.53304313415117,151.46995557007457,170.49639692907533,152.25753615179718,266.313911744458
2023-11-30,326.83650009408206,159.5583223573466,148.70961357804794,170.22838132997717,152.72385552940884,262.265479694023
2023-12-01,326.8015811132698,157.7055101750186,147.9578049663686,171.32369995587894,153.76105354005102,260.3975976752556
2023-12-04,318.0314090350189,155.44418784589124,145.05161597541448,168.771844387021,152.30574268737155,256.54964956989625
2023-12-05,325.4395002254293,156.86748948831885,146.98159109431052,171.148922634721,155.51383671619365,255.16273636503243
2023-12-06,318.010446951591,155.30099141543306,145.89318323433608,168.39898017522003,154.62939207858088,254.48936026615434
2023-12-07,325.6492280091135,156.20638398825028,153.64677129002345,171.148922634721,156.19723451945583,261.8165458285934
2023-12-08,332.00897439196757,157.58759296775585,151.46995557007457,171.77813877088158,157.35504821274455,266.7548183483193
2023-12-11,325.86577381738186,156.3537542468373,149.56238122276065,169.99533897510258,155.32083672240262,260.76635772206816
2023-12-12,333.06435112291865,157.65073852476178,148.6983959077109,171.84804969934478,156.551022308872,267.93329444433846
2023-12-13,336.07644743486867,157.64652532089585,148.75451882848805,173.43276260448079,159.16408476502107,268.3501439627614
2023-12-14,337.90744799000294,154.09245816820135,148.04759818270284,171.77813877088158,159.28468802970377,267.09156814592427
2023-12-15,341.6814251275622,156.11373287893733,148.78811998586124,174.74947769051062,158.85050634247503,268.49448647539185
2023-12-18,349.97714290679795,156.9222611385757,152.37882885101845,179.52692597540369,157.49975474521443,276.27063060252686
2023-12-19,346.6713902653983,157.17909594620224,153.33260738240244,179.20064534258887,158.34397759799324,280.8721780239142
2023-12-20,336.2371389162483,156.0674138869037,155.22886035210348,177.25471412039846,156.64748505187603,280.00644403859434
2023-12-21,342.3803127534826,157.29701315346495,157.56284444859276,179.25891037630552,156.52688178719336,283.86239470625566
2023-12-22,341.26207650959924,157.7349501010972,158.7634808655755,178.7695160970713,155.6585308306997,283.301252073735
2023-12-26,344.40007900887315,157.76865573202448,158.79716844567858,178.75787020232474,155.21632713883903,284.45564638504936
2023-12-27,345.3645487453665,157.52020795639268,157.50672152781559,178.67629559912305,155.29672103665163,286.860688048698
2023-12-28,346.09832861474786,158.02971686876265,157.34963957400507,178.72291473809315,155.64244956754442,287.25348048168263
2023-12-29,346.09832861474786,158.34976285962352,156.7437125303452,177.0449813350089,154.79822671476558,283.7581638022001
2024-01-02,336.6355254507834,156.17271773306007,155.0381599563738,174.70285855154052,149.2585233799214,277.6094296365139
2024-01-03,332.44925835600714,156.0589874791719,155.87972721529545,173.0016333589632,148.14095630739428,276.1503945738676
2024-01-04,335.44745124527543,154.93886588689583,153.04084424636355,168.45724520893668,146.25954786193708,278.27480317309005
2024-01-05,343.12810299495095,154.85885438918058,152.30025330502124,169.23794687676218,145.67258796575126,282.14690716095333
2024-01-08,365.1847066361103,157.78129534362222,155.7899339989612,173.73573366781054,149.1942107452641,287.52606158527425
2024-01-09,371.38376153758486,158.24448526395852,158.1575538219156,176.38079195462475,148.85652905493086,286.5399433756969
2024-01-10,379.84019753555145,161.18376590861808,159.6499188058453,179.1307344141257,149.70072707178204,296.9937349693387
2024-01-11,383.1388647788537,161.96700181981532,159.4254962609206,180.8203137119565,149.2183264310151,296.35241851820086
2024-01-12,382.35615555657307,163.58401896335496,160.06509360013757,180.16778800631084,149.48364864613148,300.2164211466968
2024-01-16,394.041394098866,164.34198877660242,159.88554173656104,178.46656281373353,147.6424371495806,294.5807401419207
2024-01-17,391.74211557286947,164.00511622076925,158.74101095580946,176.77698351590274,146.8786454485058,295.3102576732439
2024-01-18,399.1082291217214,165.857941528343,160.9964195063015,178.86273659501953,151.66257908690713,301.5311630952454
2024-01-19,415.7695026418174,167.87920311383328,164.25044270043375,181.00675470785293,154.01832891460788,307.3993876928372
2024-01-22,416.9086207570748,166.9696498381329,163.81286713455933,180.3542290022073,155.89170293746935,306.0605886588502
2024-01-23,418.439227170229,167.97608055225783,164.99103364177606,181.79912005041695,156.92890094811153,308.8023307215712
2024-01-24,428.84551124990764,169.5172862767025,166.8536854541039,182.78955450363196,156.38215041879585,313.2114461587176
2024-01-25,430.62758245214263,170.4900507356372,170.4106721700661,183.81496220107053,156.1168157857156,315.19956420614426
2024-01-26,426.5322223518241,170.09418020043563,170.76977589721918,185.4113210009531,154.70978597639345,315.96919334604235
2024-01-29,436.5541302690546,172.53235208996568,172.25088864171988,187.9049115360944,154.15501344244583,321.48466302142543
2024-01-30,438.71362592239683,172.05649630754024,169.95060940987966,185.27149914402673,151.1881631968806,320.71503388152735
2024-01-31,429.9986129999008,167.42022639736288,157.20379257507759,180.84362328144155,148.26153473614931,312.762512293288
2024-02-01,440.4818471766527,170.03103464342973,158.39317675263135,185.59776199684956,150.2394307605382,316.4822712062189
2024-02-02,462.37762564967585,173.1639782882186,159.76213007830765,200.198086890643,149.42738285203373,380.7839954681786
2024-02-05,484.54615184342333,170.8184706332472,161.22084205122619,198.45024255909559,150.8987252960132,368.29399635549976
2024-02-06,476.79552844536676,170.75109874712967,161.6921224817497,197.09857200883417,152.2012455217718,364.5342246310594
2024-02-07,489.90640255956663,174.35569809572374,163.3078818393868,198.70659448345523,152.28969867810775,376.45502915038287
2024-02-08,486.7055672847117,174.3809510684278,163.72309120277106,197.9025832461447,151.41331329901837,376.78370228788685
2024-02-09,504.12168970702214,177.09282370629376,167.19030198694497,203.2742922029668,152.03319321730814,375.2685504920619
2024-02-12,504.9253610127306,174.86522013333936,165.5408377646588,200.81565713205705,150.6645970060289,375.90186438089773
2024-02-13,504.0867707262098,171.10061091456055,162.8590713186294,196.50431133690515,148.96595615216972,368.8632156481214
2024-02-14,516.4708701570719,172.75439187127284,163.75670964469023,199.23094422692108,148.24946447531,379.41318618498406
2024-02-15,507.79074947803673,171.51826935760454,160.19972292872805,197.85598188716656,148.01600675537233,388.0310813097996
2024-02-16,507.4762647519158,170.4636033655755,157.67502115196314,197.51805535960523,146.7681628243417,379.44524583272437
2024-02-20,485.3847956046468,169.9278045860921,158.3482887867372,194.68655607689456,146.1643890051348,378.1865959180881
2024-02-21,471.5469863830012,169.67044476863802,159.95288232767524,196.44604630318852,146.7762345008289,375.6025092725677
2024-02-22,548.884775050308,173.66563830366698,161.6808702423207,203.42577773463168,148.4265694754031,390.1280984226246
2024-02-23,550.8347300814253,173.11296045822857,161.53505781248515,203.90352611911936,146.9372458198029,388.4427933808189
2024-02-26,552.7566643683685,171.9317014715369,154.36492689069166,203.6005550557896,145.8423787851506,386.60501976774907
2024-02-27,550.0238931655654,171.90640912309578,155.8348565339473,202.21392904129664,147.02579831984949,390.86643359203964
2024-02-28,542.7696754319503,172.0076572683345,153.02959200693456,201.77115390103245,146.05168356544579,388.43476611925064
2024-02-29,552.8963937663202,174.50518151886655,155.3635415343319,205.9659696287511,145.51229688867917,393.33818797413716
2024-03-01,575.029787080445,175.28986120708947,153.88241150528518,207.66721260132041,144.63480631080924,403.1047965790034
2024-03-04,595.702572367148,175.0451410012331,149.62975638296678,206.92146639772653,140.96379542646395,399.80645654877276
2024-03-05,600.8117058797775,169.86871473000383,148.86669553185845,202.88976431642732,136.9546433871238,393.4103839297187
2024-03-06,619.933831739843,169.63247343286207,147.44167113904294,202.17897357706502,136.14958679225367,398.1211268077007
2024-03-07,647.6736733009834,172.60671973203497,150.78547026496346,206.03589833720628,136.05298745164757,411.0416835316345
2024-03-08,611.7425767921796,171.37483667272397,151.94121871605205,204.32300946989042,137.44573660256927,406.0340060734261
2024-03-11,599.4837151148587,170.65766012307543,154.47710359406207,200.37288199179292,139.07193105546483,388.08969266888107
2024-03-12,642.3898914095898,175.19703946958256,155.408429500226,204.3696108288686,139.45834083585316,401.05836356369167
2024-03-13,635.2259924487036,175.1210967980307,156.85592380280752,205.7329272738765,137.76775924051734,397.7038574017496
2024-03-14,614.6500498484494,179.39050296597742,160.57002704167218,208.28478284273447,139.27317657723663,394.70240255321255
2024-03-15,613.9023130816836,175.67797472208932,158.4155775242135,203.2393367387352,138.96727245633534,388.49895951253035
2024-03-18,618.2215182871786,176.05766182935736,165.70913738880634,203.30924766719835,139.85282229272866,398.8354295909437
2024-03-19,624.8122753853604,177.78314600326425,164.979833255985,204.96387150079758,141.75272108632348,398.2415357312246
2024-03-20,631.61976545327,179.3947161698433,166.89857341999806,207.5856379981187,143.83780897446246,405.6888832245238
2024-03-21,639.04905936327,181.1412794883254,165.61941331065603,207.5856379981187,137.96095792172957,407.48654522901865
2024-03-22,658.9959790365797,180.8755195136309,169.17638274207224,208.42460469966082,138.69356811563608,408.9471363454459
2024-03-25,663.979179624534,178.39488745429955,168.39097297301967,209.40341103812128,137.54234836113923,403.68263591558605
2024-03-26,646.9187709240663,177.88438102325728,169.06418875415585,207.76043309926862,136.62457390861618,397.96065567413467
2024-03-27,630.7670043705543,177.79158553624174,169.28861129908054,209.54323289504765,139.52275281422106,396.33151676404043
2024-03-28,631.5078963753843,177.4920543043915,169.35595189019475,210.18411270594677,138.04951042177612,389.6867472319687
2024-04-01,631.556772253581,179.11626408256828,174.47262689665484,210.871593875824,136.882209404124,394.3172174942681
2024-04-02,625.1896463617651,177.79578561486198,173.42908971802856,210.54533102300118,135.92417591287557,399.1484186943066
2024-04-03,621.7789228791181,177.3781140465723,173.83302955743784,212.54952727890824,136.57628044729506,406.6679621431875
2024-04-04,600.39920202375,176.29390312649915,168.9070722312534,209.74131978569065,135.90808223175645,410.022567102195
2024-04-05,615.0974192105864,179.51706971014863,171.1175928158513,215.64904216071707,136.51992772745055,423.1998480007148
2024-04-08,608.9819452693102,179.1247036155458,173.75450586507856,215.78886401764345,135.61022495141472,416.70759643843985
2024-04-09,596.548221314415,179.83768008657412,175.71818584862368,216.34816922534088,136.59237412841415,414.8216098574278
2024-04-10,608.3249550728943,178.56362561286693,175.2019828831141,216.67443207816368,135.0708382746481,417.17288121820235
2024-04-11,633.3249667704855,180.53379061689313,178.87119815608463,220.2866508086918,140.91547712921513,419.8453418387727
2024-04-12,616.3414012176859,177.9898686228533,176.9861110030827,216.88418264354522,142.13110886207988,410.8089423446878
2024-04-15,601.0701491175504,174.50518151886655,173.7657062508696,213.95944508289432,139.02362517617985,401.4436227204352
2024-04-16,610.9528623838554,174.9017345668439,173.249555138998,213.6098904405784,136.35891640847652,401.0664155245263
2024-04-17,587.3296638546772,173.7457810538391,174.45020884052673,211.2328121928784,135.24795569270506,396.5803124741237
2024-04-18,591.7746415607394,170.55215939823373,175.05610131509468,208.83244215568536,134.47508646007313,402.7035075983897
2024-04-19,532.5700710779063,168.37951122897582,172.90172093581987,203.48404276834833,132.83279832605848,386.06736613754043
2024-04-22,555.7598036676294,169.15575138422122,175.3590821214706,206.513628941702,133.50904338215662,386.59704190471354
2024-04-23,576.0631857086183,171.9443804588717,177.5807858073136,209.20530636748632,134.36238102038408,398.1291787685353
2024-04-24,556.8711684122258,172.57296160012496,178.55699967937167,205.7678827381081,136.06911838665815,396.0426341446487
2024-04-25,577.5240076348506,168.34576622231148,175.04486636021167,202.36541457296147,136.76949154647113,354.2154392273625
2024-04-26,613.1893883463249,171.41702121236582,192.94213220430677,209.29852686543455,136.29451684807242,355.7482262993713
2024-04-29,613.3431281163636,169.69997657143645,186.4340166778584,210.85994798107745,139.67572971059937,347.18536114001444
2024-04-30,603.8728117566808,164.24932454204378,182.6526247015175,203.91517201386588,137.12371396462123,345.2192007403852
2024-05-01,580.3824443888159,166.6160688445387,183.86444421974534,208.5760902313257,136.29451684807242,352.45786413217616
2024-05-02,599.7842964182978,167.83952549611786,186.96138546006708,215.24120470469254,139.29734193484293,354.4561335780783
2024-05-03,620.5559029554465,171.56046702249208,187.6571230046072,216.97740314149345,147.62958455702017,362.7060590326051
2024-05-06,643.9763254122817,174.46299697922473,188.62210192178225,219.8788133526673,146.28514128538345,373.71657209008833
2024-05-07,632.8916612551382,172.6910888113187,192.15665329707033,219.94872428113047,146.84060922530534,375.7710817655011
2024-05-08,631.8992242491734,173.19735578800365,190.05832670038882,219.06315622061024,147.11433840193223,379.2700539364054
2024-05-09,620.2623268380509,173.94827734431655,190.70917627903478,220.81100055215765,148.58759321234095,381.53314891626104
2024-05-10,628.1670643290646,174.9692245801726,189.2392293512332,218.4572318739427,147.5638066026314,382.15912712298683
2024-05-13,631.8083172547158,174.53890027503954,189.78903347411597,217.39688649226449,150.16763009369353,375.5864547494312
2024-05-14,638.4970400081014,175.73703832768618,191.13551689002622,217.97950126944698,151.0946683472311,378.6681575143844
2024-05-15,661.3793465324496,178.80960584230937,193.57046001954882,216.7210512171338,152.94073526763816,386.44457333344945
2024-05-16,659.4852190908699,177.92630305798536,195.44432950221372,213.97110875763286,153.03745878788254,379.77557382107466
2024-05-17,646.3456290613619,177.59664938728073,197.5538737692323,215.2178951352075,153.06167381734417,378.7162716852612
2024-05-20,662.4275041785467,179.76479559726758,198.51886997095332,213.86622458494608,154.00484300589233,376.2525445647319
2024-05-21,666.6630214744379,181.32855049380456,199.56242443412557,213.41178576994344,155.0608914856231,372.87395661808506
2024-05-22,663.6156585961086,181.9540340770754,197.9129602118394,213.38849398045036,153.892013386565,375.40185243262766
2024-05-23,725.4624676102055,180.46635310454718,194.7374261409745,210.96481437377227,150.65129736677076,373.7968447057709
2024-05-24,744.1233206854522,181.80188622905783,196.35322006770357,210.61524195146438,153.15033807906516,383.7801893729801
2024-05-28,796.0662939257082,181.8695206200891,197.9353782679675,212.2465562155785,153.15839733758855,385.1444286513219
2024-05-29,802.5242733372794,181.38349277225535,197.3743564747477,212.0950884639056,153.40022476514525,380.6824814834231
2024-05-30,772.2963608125348,175.2552630594554,193.12166678333736,208.94897222311863,154.2063617228683,374.8160105337431
2024-05-31,766.2367144607962,175.4496610733432,193.5592250646658,205.59310541695015,154.98026164649784,374.63948487704056
2024-06-03,803.7473467356534,174.76919583588455,194.31103367634515,207.8070344582468,156.41519462053807,383.19432277482923
2024-06-04,813.7906980086354,175.84693600983343,195.00671936724734,208.9722640126117,156.67319023699685,382.7930831927482
2024-06-05,855.7463614642577,179.20268070017934,196.82450049822705,211.2328121928784,157.89849556368242,397.2945411595676
2024-06-06,845.6680377357607,179.41819723437948,198.3056478118197,215.56746755751539,156.77797301576462,396.2512935468906
2024-06-07,844.8992854108645,179.13507255963947,195.75852797892668,214.7518104254583,158.72075103845222,395.60926081702826
2024-06-10,851.2034715776941,180.83406998774757,196.6010458878769,217.96783759470847,155.68160340748926,403.3455650275184
2024-06-11,845.1224888196094,182.86692116518054,198.40968349403641,218.16592448535147,166.99173584507346,407.2538534406047
2024-06-12,875.1081609414756,186.40863746168247,199.7240003698893,217.76975070406544,171.76408352322468,408.35324248572675
2024-06-13,905.9327976727809,186.62841970073129,196.76958749566808,214.20415111250742,172.70728996566433,404.5493331722941
2024-06-14,921.7992766878037,187.04683940802516,198.6006431579557,214.00606422186442,171.29655960312186,404.9992056098456
2024-06-17,915.508512671332,189.49812341799773,199.10618155859936,214.47214893161362,174.66617408743488,406.9833717746541
2024-06-18,947.6611401675563,188.64017860834332,196.69096009603294,213.01561198865744,172.74757384031741,401.2476834403707
2024-06-20,914.1106839447888,188.36969354520105,198.0501995068719,216.8492271793136,169.03127464189697,403.02306670660533
2024-06-21,884.683982889432,190.09403582273305,201.79104193835812,220.32160627292342,167.26582514265135,397.4641263224219
2024-06-24,825.5512289322205,189.20229350543156,201.3304260727005,216.23165693789957,167.78981354427313,400.78180587821544
2024-06-25,881.3289265722148,190.5885557045271,206.73383441232113,217.12887089316632,168.53954811029635,410.1725657468227
2024-06-26,883.4957749971675,191.09994152703044,206.56532737362187,225.60009473179727,171.90918743053703,412.1968929187388
2024-06-27,866.6507089241591,191.39153198523934,208.28411990980925,230.54067444310178,172.5944106744817,417.3702283564497
2024-06-28,863.5053269159234,188.8979846841508,204.62192216250412,225.18061138102618,169.7890436305159,405.0473938785215
2024-07-01,868.8174503997067,193.03140018152214,205.56553738085546,229.78326456476935,174.73069782747723,405.41689490332493
2024-07-02,857.4242906831361,194.10911410497965,208.09314296134397,233.0459108729896,177.56831432350037,409.28892479338907
2024-07-03,896.6365414701332,194.73885026785345,208.74470120637488,230.237703379772,178.6001229378419,409.6584011189262
2024-07-05,879.511642278303,197.60854085987424,214.11438739680045,233.0459108729896,182.46157571542994,433.7177341905708
2024-07-08,896.077249555408,197.05066541714328,212.350689610173,232.21859006619403,183.65464400802202,425.2106152753972
2024-07-09,918.3044909726347,194.2189986618812,212.29451483575792,232.27685509991068,184.34791409252625,425.7568148517676
2024-07-10,942.9779326613123,197.05489174625487,214.76596292637734,232.80120484337647,187.81431418690278,429.5243421458463
2024-07-11,890.4855068516134,192.17342912137636,208.4638619033915,227.27802813488148,183.45312529104604,411.8595256394748
2024-07-12,903.3464402057573,191.68738814829692,207.9021832974247,226.62550242923584,185.84734597068118,400.7496474334097
2024-07-15,897.7548044513678,191.86066764187242,209.54229658033898,224.56304113961215,188.95903934631838,398.5726540960985
2024-07-16,883.2161023024536,189.9841643910772,206.61028447769988,224.91261356192004,189.29763996597478,393.4555835871646
2024-07-17,824.7125316962944,187.4483275483813,203.3525278216373,218.98158161740855,184.50916135281298,371.1234208138124
2024-07-18,846.3804811987959,186.11702075298223,199.6116681056051,214.1109306145592,180.72027915582683,382.2573561053159
2024-07-19,824.2931830783315,184.73922433735558,199.578015094594,213.38849398045036,180.82509918848606,383.0124867758584
2024-07-22,863.5053269159234,187.2032004599086,204.08271346630335,212.71265870531968,180.54295063238482,391.5356355149022
2024-07-23,856.8649987684107,188.01044244546952,204.21749835580755,217.21044549636807,181.3893963006886,392.57194263373094
2024-07-24,798.5711559459357,181.26936876099649,193.92742046300114,210.70846244941256,176.1736528061494,370.5450133941034
2024-07-25,784.8014734954307,176.83169694332716,187.91742826697364,209.5665424645327,175.32721955580942,364.23096703864377
2024-07-26,790.2533263771658,179.73518504299503,187.6028840993412,212.654393671603,175.70612888604654,374.10375778960827
2024-07-29,779.9785365912351,180.3522684690254,190.4449992783702,213.4700508036601,175.9318377965565,374.1117603519102
2024-07-30,725.0396966112746,178.7419845765238,191.29875214220343,211.7338701468512,176.3832556175764,372.08738378146137
2024-07-31,817.9324741508301,176.81053904727779,192.7029486571204,217.8746170967602,179.02740023718312,381.4379579436947
2024-08-01,763.3430913525056,176.28646111219396,191.82672588352116,214.48381260635213,176.02858615272854,399.8418752967385
2024-08-02,749.7831366856847,172.64331291701367,187.22089563331872,195.642035065878,177.237797798295,392.1301468562805
2024-08-05,702.1134873560736,167.0053505064048,178.896744715034,187.62526782224168,168.70075811669162,382.16090547016506
2024-08-06,728.674265199098,168.89029329017754,177.81827546899456,188.68561320391987,167.05623474918818,396.90982538668396
2024-08-07,691.3494575158527,168.39159958025465,178.54849568275253,189.66441954238033,169.1441539330796,392.7566437475999
2024-08-08,733.7068229375726,170.1920420322868,182.0196991970464,193.19506366970677,171.95758023556877,409.3933285923091
2024-08-09,732.1692113383749,171.59942275169465,183.86205895240096,194.52342465048312,174.31955146314658,415.93223706874545
2024-08-12,762.0151005875866,171.9333027515109,182.31179073945881,194.36029322407174,175.56245304457428,414.4702874926682
2024-08-13,811.7815999564181,174.97629908759856,184.4124680343928,198.35702206114735,178.5808875118747,424.58399488774586
2024-08-14,825.3416080979416,176.18081600964967,180.15493867010974,198.20555430947445,178.9440881178713,423.1541543579416
2024-08-15,858.7523349227574,178.26393687806842,181.19961662877031,206.93311229247306,181.36529303290138,431.6451693514461
2024-08-16,870.7745175662726,177.18006721438317,183.06444629389088,206.315542051059,182.43868940809776,423.68425001264296
2024-08-19,908.658510214838,178.47564709101897,187.23216515729368,207.66721260132041,182.3095674202301,425.1784568305914
2024-08-20,889.4370283573005,179.86013738194663,187.80504414905155,208.43626837439933,182.80994927261779,423.12999847543773
2024-08-21,898.1741530693309,179.58072715173637,186.31096799507046,209.86949574787047,182.72117324922232,429.9018951314844
2024-08-22,864.9031556424667,175.9436953210468,184.0080615122422,205.23188709989574,181.21193117964447,427.3071878014275
2024-08-23,904.2551893021184,176.46871827382017,186.05259860185308,206.2922324815739,183.07630217873174,424.1501275747982
2024-08-26,883.9152305645358,175.0715096198207,186.6592343118979,204.49778679104838,183.35068950744147,418.62341973321946
2024-08-27,896.7762173933822,175.2196936436404,184.9966338346716,201.72453476206238,184.03670750107105,417.00072733164626
2024-08-28,877.9739772044027,173.84789546529325,182.94089635926966,199.0212114415315,182.79384317353484,415.1370688874271
2024-08-29,821.9166603443972,174.91484668728643,181.738859894063,200.5593052076974,185.45716112928963,416.29373553124697
2024-08-30,834.358245080578,176.61692854813126,183.53629711443148,207.9934754541432,184.81956077661945,418.77606119934825
2024-09-03,754.8856393351891,173.35673564639538,176.773580225788,205.37170895682212,179.7915272232812,411.1043949689323
2024-09-04,742.3740562132758,173.12810699175276,175.75128575416363,201.96924079167547,178.24192677126732,411.8916593850142
2024-09-05,749.3637345930191,172.9121704496906,176.6387953362838,207.28268471478094,179.4767566762078,415.2012869799732
2024-09-06,718.7489860695058,170.07961117772172,169.53902980114995,199.70869261140876,178.21772415976952,401.8743285272883
2024-09-09,744.1915009312954,171.7816799133209,167.27809019594625,204.38125672361508,178.29036924815438,405.50531827690753
2024-09-10,755.5845002237583,175.37211712181738,167.22186356789325,209.2169700422248,177.644697218997,405.50531827690753
2024-09-11,817.1637218259339,179.11497780849086,170.0340073442036,215.00816234981795,179.70275119988574,411.16061049917647
2024-09-12,832.8219703489458,180.79164919368333,174.00473423714226,217.8979266662453,179.7915272232812,422.22225103803294
2024-09-13,832.5422976542319,182.31164452109587,177.1206366243973,217.30366599431625,179.57359195812663,421.43493722341844
2024-09-16,816.3248106911974,182.62920984052172,177.79556357558488,215.43929159533553,174.58589195129676,428.8004066487214
2024-09-17,808.0064463754011,184.24234191133766,179.21287906089606,217.75810480931895,174.96522349230398,431.2448436422205
2024-09-18,792.488034199746,182.40480751499067,179.76403137836476,217.23373728586114,178.1128172013635,432.5554855125527
2024-09-19,823.9442606437217,185.74117934270083,182.38497350711216,221.24212979767526,184.7146414002496,449.5618195776635
2024-09-20,810.8724765371386,184.29313661215096,184.01602968793617,223.25798972832084,184.17391358338972,451.370991440284
2024-09-23,812.6899747298609,183.5479770386952,182.05877955549332,225.91471168987357,182.77767498463277,453.8312853627887
2024-09-24,844.9151139228408,181.7104295171025,182.55368796036308,226.0079321878218,183.50405136069838,452.9631061500988
2024-09-25,863.3694476965605,182.95521469292504,181.65380264332563,224.3416446794841,182.69698305568835,456.9673512130088
2024-09-26,867.0742285689266,182.61647835220415,183.04863093432476,222.7452858796015,183.62511409004264,456.5894030391089
2024-09-27,848.6199482699096,181.22350915256195,184.42097203101193,219.02820075637862,183.84302451926956,456.2034523029071
2024-09-30,848.8996209646235,182.18884472243715,186.55820614068062,217.1172249984198,188.04785883258722,460.2882169741632
2024-10-01,817.8626361892055,178.1200054338517,187.84056389102787,215.71895308918027,182.5678486498569,463.52871132256973
2024-10-02,830.794690897837,176.61268909377398,186.5694756646556,215.2878060636707,183.0278597018447,460.58574433678234
2024-10-03,858.7558107784279,176.3628894178363,186.5694756646556,212.02517753544242,182.13202779140306,468.59433325966774
2024-10-04,873.2256909850674,176.15963186310896,187.91927771339286,217.32695778380932,183.04401547278292,479.18409431464266
2024-10-07,892.7984481641299,173.39909081423116,183.3298504973196,210.673506985181,178.91987308840967,470.21060385198643
2024-10-08,928.938256437268,175.58805366387952,184.90468005009063,212.91074559596268,182.21273213831128,476.7316053603089
2024-10-09,927.260434167795,176.75242045937048,182.07001451037635,215.76555444815838,185.2553816350733,474.8179556009693
2024-10-10,942.3595512001896,176.0664951197055,182.3174773550842,217.49008921022076,184.85187231849594,469.44670494188483
2024-10-11,942.2898201879702,176.2697264239415,183.6223395842894,220.01865298958566,183.64931670154044,474.3676385766233
2024-10-14,965.1479026720306,177.4637300241964,185.55710252242022,218.52714280240585,186.67583526329187,474.7454879534577
2024-10-15,919.9209242834975,177.29434872859028,186.1195243638639,218.70193790355583,188.73388924418063,471.4086170676994
2024-10-16,948.7206879253118,176.18505546400695,185.78202631917816,217.76975070406544,187.06322606282248,463.7859788810158
2024-10-17,957.1789955378703,176.43909459430193,183.27360658472062,218.51549690765935,187.36185325692148,463.8985581371023
2024-10-18,964.6586091430379,177.04880163225556,183.82479347128128,220.21673988022866,189.66199544260726,463.52871132256973
2024-10-21,1004.5731966742746,177.31129342077372,184.55596433506784,220.3099603781769,190.85646696511174,462.4753370106836
2024-10-22,1003.7343924889433,181.0075726104998,185.75955640941214,221.04404290703226,190.35608511272406,467.9833228083584
2024-10-23,975.5635982993707,179.77549267250345,183.10487484692374,215.22955880994604,186.24001440483804,453.2525321533506
2024-10-24,981.5052794571247,179.83052682767408,183.03739597944175,217.17549003213645,186.08667738750876,456.5411406726339
2024-10-25,989.4042416802554,181.27853018248686,185.90578366835103,218.86506932996724,186.7645988687235,460.93948722964575
2024-10-28,982.2741387314263,180.61804156896562,187.53683984917504,219.51759503561289,188.37066380225636,464.88751676231146
2024-10-29,987.3770157038491,182.88746217468258,190.86641379375905,222.36075799306207,188.5885990674109,477.04528604313003
2024-10-30,974.0254519531469,183.13303552150865,196.24325578621782,224.5746870343587,185.70734584650154,475.85522599118616
2024-10-31,928.029507340907,172.04842428144204,192.47498278027106,217.19878182162952,182.32571077320452,456.3803978471379
2024-11-01,946.4838411146268,173.75050614228684,192.677419382717,230.63387716105802,179.90451827613828,456.0426600788784
2024-11-04,951.0275865964321,172.94180725445455,190.37150538888932,228.12864073117018,179.17812948210883,450.83220164382266
2024-11-05,978.0099589949297,174.2119897806837,190.933927230333,232.46329609580712,180.34031429866445,460.2801650133286
2024-11-06,1017.8544946657313,177.90405576654388,198.54920434913745,241.30738414623903,179.75115642288134,459.97463508840764
2024-11-07,1040.713111896818,180.12688175006778,203.31866739607452,244.75647145035575,183.59281496613,475.7748051799054
2024-11-08,1031.974917690735,178.90326759554029,200.61899416041612,242.5774800932987,183.37466859559038,473.8772099437023
2024-11-11,1015.4078131219567,176.9852754431247,202.86866424164484,241.01607675764777,181.16894018887723,468.9160165047908
2024-11-12,1036.5886080835703,179.11075147937925,204.29728382002295,243.42811046957937,181.16894018887723,470.2427622967922
2024-11-13,1022.4680781091612,180.02951867755274,201.2151554356008,249.47565470153216,181.88802722017672,466.36705221603984
2024-11-14,1025.8932397615163,180.74505457149027,197.5030917731611,246.42274117870144,184.39271810601215,464.08350624363493
2024-11-15,992.4798926762719,175.71082721204687,194.02729056963815,236.0871607210818,181.79108017658345,445.5253172728824
2024-11-18,979.6876743149975,176.03264511107568,197.18815006097122,235.02679755941162,184.23111072477445,445.7826342298612
2024-11-19,1027.6407930432085,176.8921386997213,200.36024450718736,238.4176198298117,184.44116058289924,451.16193684978026
2024-11-20,1019.8117757311078,175.91829797064014,197.95304307395278,236.4017776791581,185.02290493427793,454.724065044777
2024-11-21,1025.2643772586796,175.15889750561269,188.5604652308394,231.15824468451584,184.63510434194106,452.7700566841988
2024-11-22,992.2701648925877,176.91106530400367,185.33210958747839,229.69004406682112,185.72583619463916,449.59387922540384
2024-11-25,950.8177518633428,177.67045264378544,188.58295242515143,234.73549017082038,188.14971097189195,454.3943298388194
2024-11-26,957.1091575762457,181.57350695408329,190.23649580028746,242.2046158814978,189.91914663752584,461.1727471011861
2024-11-27,946.0644924966637,179.45228349743172,190.36025314946033,239.73433491584154,189.8140906635539,457.6830371551681
2024-11-29,966.4061624247302,179.65166910468105,190.04527686817855,242.23957134572936,191.75320538691273,461.79986147416463
2024-12-02,969.0624648027836,182.84203569935576,192.90242960220482,245.5255272234347,193.5792048777762,476.6834417908994
2024-12-03,980.456640538704,182.93536932144448,192.73369786440793,248.70659892845325,196.05154696784368,493.4244563367296
2024-12-04,1014.569222835436,185.57417371656427,196.14203748499486,254.20648384745513,196.34242535251494,493.5289342334487
2024-12-05,1014.0798223570379,187.7802256360986,194.19603959198102,256.9913817711877,196.36667763586803,489.62916706725787
2024-12-06,995.7639880631095,188.18330193118302,196.52449263375863,264.5420643050748,196.20505783666653,501.56162964030517
2024-12-09,970.3874609843556,189.2227163877224,197.49298031376637,263.44674567917303,199.3642126700485,493.36009004858533
2024-12-10,944.2422885301107,188.08146314988835,208.52923205626465,262.2232510910914,200.18833083939228,497.98359511777016
2024-12-11,973.8828883959561,190.4827137232975,220.0497449233128,268.3057507872758,199.1541379759961,508.7260470374064
2024-12-12,960.1111204320489,190.72452012461108,216.1758114878278,266.8026124853415,200.34182929025127,507.2063505765704
2024-12-13,938.5096934596094,189.75300256401675,213.76584452723742,265.04312225904755,200.4791968060997,498.81176151895056
2024-12-16,922.7804305315152,191.58574624568755,221.46871972503743,271.4169115638312,202.83035198718466,502.34444818844156
2024-12-17,911.5253959718175,192.8033359124441,220.07228397126272,269.342804379461,204.80176583445612,498.481828718862
2024-12-18,901.1788966096705,185.5614553534924,212.16669561828118,256.9564263069561,200.41456130438294,480.57658955370465
2024-12-19,913.5525149988185,185.4087037441732,212.2905566747299,260.18409937095277,201.8203865712139,479.27291287648706
2024-12-20,941.6555032654662,185.2262890795987,215.55640249830827,262.08342923416507,205.6177999093489,470.9681303513662
2024-12-23,976.3996218001656,184.65355585874875,219.18263110544177,262.2465606605765,206.2480239915061,482.7171267738628
2024-12-24,980.2446668175099,186.38447388437052,220.8493280200639,266.8958329832897,208.61533494352932,489.0745697403236
2024-12-26,978.2172269422931,185.86689294590232,220.27501441099022,264.56537387455984,209.27785814959924,485.53368291439983
2024-12-27,957.8042217609287,182.6511158755753,217.0767338776237,260.7201127891571,206.50656599837322,482.684968329057
2024-12-30,961.1597593504696,180.2328812342456,215.36499343619369,257.86530393696137,203.7675978069876,475.78838977640555
2024-12-31,938.789259204918,178.82015853984268,213.18026139418876,255.63971122092627,202.32942374438863,471.17733313746817
2025-01-02,966.8921405221605,177.58135847605396,213.3266614985874,256.6068538846482,197.02112916545073,482.22630295268
2025-01-03,1009.9553185437903,179.60500885625953,215.9843332875293,261.23281663787645,196.62521964273517,486.56369172030577
2025-01-06,1044.62949216746,181.51411521734423,221.7052068830519,265.21789958020554,197.95027847283882,507.140749325108
2025-01-07,979.6852144786769,179.18925357384035,220.1511187854495,258.8091370311983,195.69607033534712,497.23446636895403
2025-01-08,979.4757005938031,180.1183634656161,218.41685658061553,258.83244660068334,196.091955022135,491.46456955075683
2025-01-10,950.1144525744561,177.73832328923908,216.2658985414436,255.11536147746043,191.36540479457585,495.600856891648
2025-01-13,931.3790557637541,176.99164118728348,215.10594994568334,254.55605626976302,189.38588201692568,489.5412376790025
2025-01-14,921.1026082620422,176.34679786662258,213.58565313545986,253.74038135771397,188.48097257492688,478.21064682870997
2025-01-15,952.4213512455763,180.86077986272306,220.21868407566137,260.25402807940793,192.18951054595578,496.61481117441735
2025-01-16,933.7560062953094,180.12681612383932,217.2456384608803,257.1195577333675,184.42500481196097,491.9312374894357
2025-01-17,962.697691797883,182.01475146362895,220.72541510997726,263.27196835801504,185.81468672581755,493.1142335511994
2025-01-21,984.5088465540066,181.78988975449883,223.0340600620688,268.83011831073367,179.88428941306495,496.0837769475943
2025-01-22,1028.1313699650643,189.2990659418906,223.39442556107798,273.84059117050936,180.8457502623295,501.74899827494147
2025-01-23,1029.180008883485,189.51542249181477,222.955225247882,274.318339554997,180.7084075824087,512.170260934782
2025-01-24,997.0223547652143,188.39116644714693,225.46654878606313,273.6541679546048,179.99739222759644,521.0544388502665
2025-01-27,827.8458818964402,184.36082350416496,216.00690690457114,274.318339554997,185.71776451815197,531.0250880945646
2025-01-28,901.7383489485035,189.72331325827005,219.93713610629305,277.49941126001556,192.5046287960163,542.65345330014
2025-01-29,864.7571697043082,187.65722895875456,220.0610317318337,276.24097898769435,193.39337004911306,544.3916394712307
2025-01-30,871.3984603964681,176.0583049663961,226.2097842629394,273.4094619249917,191.96329249892895,552.8494092522093
2025-01-31,839.380696100257,176.08800739738848,229.75719534043208,276.9517519470647,190.6786293051528,554.6036499464366
2025-02-03,815.5422618930245,174.33162639513156,226.61521057330245,276.64879866372695,184.2230266303234,561.2668204319494
2025-02-04,829.4538127295862,174.94680666053716,232.41490169846594,282.0554630847806,188.09314714666237,566.6825791690216
2025-02-05,872.6567201491675,175.3370989663213,215.46635001378442,275.1922617207708,187.826533463308,567.2298655131121
2025-02-06,899.5710192512272,176.41042905771894,215.77036789291876,278.29177660257955,188.43249284414833,572.9596013242018
2025-02-07,907.6803509544734,173.83525585369551,208.72067568747119,267.01234527073103,183.91599247471393,574.9955124520425
2025-02-10,933.7560062953094,174.88314921894946,209.99325038479722,271.6616175934443,184.13438720453007,577.3131434120296
2025-02-11,928.3732427293621,174.55222239941304,208.69815392406727,271.2188246731882,188.15435529036304,579.2445272446183
2025-02-12,916.7683766651104,173.5340577156429,206.7724653725727,266.7559933463714,191.5919705445898,583.7348538695692
2025-02-13,945.7801140281189,174.17040900234352,209.62161536181307,268.4339267494556,195.3612075228025,586.2938954589966
2025-02-14,970.6672406284747,173.27526724640876,208.59681463102245,266.46468595778015,197.84439049529047,592.8202814073865
2025-02-18,974.5121786964138,173.78860873051966,206.9526394798043,264.0992713848187,197.73923517760792,576.4842360328582
2025-02-19,973.3236499559335,175.96497134430734,208.64185815783037,264.0759795953256,198.0627728071428,566.3447426036967
2025-02-20,979.4757005938031,176.89593189572517,207.84229234562525,259.70636876645705,198.83926808521207,559.1584910551298
2025-02-21,939.7680601617142,173.52914887375547,202.32414918983014,252.36541901795948,198.61278926094488,550.0729647202472
2025-02-24,910.7564297481108,171.73949537367903,201.86242711323018,247.85598633216455,199.86650688886542,537.6641026975735
2025-02-25,885.2401197967026,169.14640620929123,197.54929336454921,247.96085272485934,199.81796506826777,529.1099069807104
2025-02-26,917.7471776219065,169.9243395212304,194.5199346989853,249.7669620901234,194.41484691755093,542.1464761587553
2025-02-27,839.9399880149822,166.86362410346368,189.75633111313343,243.23002357893637,191.9397728754416,529.7053074956777
2025-02-28,873.2859035002201,168.75956584312314,191.76085447881476,247.35492837819183,195.61197588431426,537.7203676263505
2025-03-03,797.3662104717505,165.14623820614642,188.07833010544437,238.8953682142994,192.53024705539033,527.138164546883
2025-03-04,810.8583592156464,165.19722978564505,192.4815854768331,237.47378673557483,190.83165587338644,515.0270768794921
2025-03-05,820.0162763626107,170.47269916083744,194.84652619516154,242.78723065868024,190.67798357103385,528.2808514059409
2025-03-06,772.9684843497927,168.71706629758475,194.09200390976432,233.8615680050467,190.34636184704794,505.313892787771
2025-03-07,787.7889447068233,167.19519406003883,195.7925093963113,232.17198870721592,193.37145234295932,503.4871844460322
2025-03-10,747.8715764910502,161.6051650466832,187.00966119697208,226.68374968296052,183.99689550904338,481.22035123221247
2025-03-11,760.3151932659307,161.7284636046781,184.94643951316348,229.0724738254071,178.62613857205832,487.4329083021829
2025-03-12,809.1851892453014,162.9272185438721,188.40772169806837,231.75250535644483,175.5039644349516,498.578353451812
2025-03-13,808.0665519411484,161.01426648580076,183.50330091616735,225.92635758462006,169.5993716510304,475.3055685175247
2025-03-14,850.6441796629691,165.17599313812156,186.58124644046381,230.65718673054306,172.6811004799543,489.38874440847206
2025-03-17,835.6825460910159,165.2355161273175,185.2283158889053,228.082039372192,173.09361282030585,487.2141222007318
2025-03-18,807.0178060733225,163.0335067834551,181.146916048096,224.67957120704543,172.0340128029207,469.05937104676667
2025-03-19,821.6297685648293,164.86142037471262,184.7773620844471,227.84897923732547,174.0965869226423,470.4286489754466
2025-03-20,828.6911030460863,164.4448382018151,183.54843086570514,227.1614980674482,173.17449101870764,471.9911245656248
2025-03-21,822.8882422163392,166.32376962306265,184.89007460874268,228.6296986851429,176.5474086813985,480.2470025433452
2025-03-24,848.8264675714364,167.09743723015316,189.05036111737675,236.8445528194222,178.53716386124168,498.4500654623181
2025-03-25,843.7925729653962,167.98161940593826,192.29740135493557,239.69937945160993,180.9798766896192,504.4587053891885
2025-03-26,795.3421395027989,165.77537060771857,186.09644949498878,234.36262595901943,179.18425153827528,492.11119634416275
2025-03-27,779.0521943177113,166.03469921202588,182.91702640127977,234.63062377812562,181.06076730598483,485.3454745047071
2025-03-28,766.7472909214326,161.0270242246097,173.998943914241,224.56304113961215,176.24812333521675,464.53273650026097
2025-03-31,757.7283545265834,159.57745896556003,174.34842014928662,221.6965686126779,179.66957040054143,464.2266631914799
2025-04-01,770.1031493591893,162.46812370019052,177.08814167796646,223.922161328713,180.52693145904865,471.9911245656248
2025-04-02,771.9908598364543,162.4468739274213,177.0542985369496,228.39663855027635,181.09310368378897,470.32392408606387
2025-04-03,711.7249769306791,158.60821207246974,169.92883088195262,207.88860906144845,164.3499630565576,428.1910263489921
2025-04-04,659.3593931155999,152.96716522912413,164.15632834760606,199.25425379640612,152.37089974356905,406.53263486277984
2025-04-07,682.640674396212,152.1254825988774,165.45289399474376,204.2181252972037,146.77367640028066,415.81130946062797
2025-04-08,673.272280819727,150.72266946496904,163.14160450711822,198.8580800151201,139.46166885015865,411.13973961909903
2025-04-09,799.3272347663105,165.9964391208448,178.93713869897493,222.67537495113837,160.83954128041626,471.8059294664285
2025-04-10,752.065383518896,162.11103826599754,172.29648527399894,211.16290126441527,154.0209615229391,440.0068589862692
2025-04-11,775.5564995325977,165.1292410129802,177.16704563033713,215.4159820258505,160.27334421974828,437.8161822553925
2025-04-14,774.0183531863737,164.85718092035535,179.34304897662525,212.2116007513469,163.80801827924276,428.07829889730743
2025-04-15,784.4355461053873,163.9729593688332,176.23127759585793,209.26357140120297,163.50066125657378,420.0560759793892
2025-04-16,730.5318694187868,157.97058763693732,172.87147298036564,203.13447034604044,157.13502672966712,404.58341815987626
2025-04-17,709.5575937587001,156.34245341029978,170.42491463594857,201.13027409013338,159.3270084504244,403.91490781647184
2025-04-21,677.5370487779527,152.66112387541256,166.4901223140896,194.96621757073927,156.23720794501327,390.36728611809224
2025-04-22,691.3799380963474,155.9343501461168,170.77442544008613,201.79444569052555,161.55943547936445,402.94837612512106
2025-04-23,718.0871296751512,159.1523716334565,175.1489366115203,210.44046463030642,165.49042885438075,419.0492350853326
2025-04-24,744.0950860424676,164.6403518615864,179.57979540282932,217.36191324804093,168.53977163364524,429.4234209434836
2025-04-25,776.1158449220255,166.57456681767263,182.601358738159,220.21673988022866,169.27584643945931,440.7963463363239
2025-04-28,760.1754103932764,166.28127007752425,181.0792989042462,218.71358379830235,169.97145110116293,442.78567464780235
2025-04-29,762.2029572178984,167.50552736909043,180.57196291082124,218.35236548124794,170.83692109004886,446.5712818048594
2025-04-30,761.503722006411,168.024145201968,179.0386162683875,214.89163228238465,171.88034050056814,442.18968135044224
2025-05-01,780.3106144945187,180.8366031601654,181.85722446489206,221.6266576842147,172.5436087844676,460.88406207592516
2025-05-02,800.515870456196,185.0365505279302,184.9351699891885,221.37030575985506,166.09707122323152,480.86715172320913
2025-05-05,795.7617020195725,185.41491198538372,185.13810784346768,217.14053456790487,160.87191491211186,482.6794356933915
2025-05-06,793.8041535806829,184.19912047728644,184.03319324208823,215.5791134522619,160.56454547147905,473.0463760217546
2025-05-07,818.4137999491321,184.21613079569835,170.67296515521954,219.8904770274058,158.73655910640332,480.6980605456821
2025-05-08,820.5811296464086,186.2651129000821,173.94256172527426,223.81729493601824,159.73952079077594,481.6646416355656
2025-05-09,815.5473419897737,186.50315235588317,172.21756403708227,224.95921492089815,160.58071366038112,477.21857609593883
2025-05-12,859.9427887525321,190.97943864636719,178.65529689232505,243.1134935115031,170.72076345641605,515.0261877059031
2025-05-13,908.3931687404269,190.92843394162284,179.8616372094792,246.29456521652165,172.45398833953197,528.3965427695892
2025-05-14,946.216574550921,192.5437841789601,186.44596029912634,244.9895138052303,171.96803616111066,531.0786361040415
2025-05-15,942.6508813800751,192.97819043550223,184.85626603681783,239.07014553545736,171.25533196321797,518.6103970450292
2025-05-16,946.6361370676946,193.4636801482628,187.37047609417658,239.5595398146916,171.10144855548035,515.7591631345172
2025-05-19,947.8247727575801,195.42272806919107,187.765047709668,240.22372919507578,169.09285532451244,515.8315319849632
2025-05-20,939.5048576754078,195.1246143638751,184.87878780022174,237.7884036936511,167.53784064027022,513.1494386505111
2025-05-21,921.4670918351148,192.73970472134775,190.04249405627675,234.35096228428088,163.67456242199967,511.86072972871006
2025-05-22,928.6683161384312,193.71496297696322,192.6469121590731,236.65812960351772,163.08334316422136,512.7225859292108
2025-05-23,917.901505613674,191.72184191822842,189.94105105595614,234.199494532608,158.1510024401299,505.0627506473832
2025-05-27,947.3351583803716,196.19782632806158,194.93561074511086,240.06059776866434,162.15195862334454,517.3538959665666
2025-05-28,942.511205456826,194.77964353145236,194.32679718227334,238.5457957919915,162.32203505591187,518.3687888214579
2025-05-29,973.1336008628142,195.34182405476903,193.76309628442758,239.6877157768714,161.94134995684757,519.5527234553434
2025-05-30,944.748373115727,196.0572811972324,193.62781014309013,238.88370453956088,162.67027201549763,521.5179946813835
2025-06-02,960.4791333354946,196.7429440319836,190.57242095128956,240.79468029751973,163.3586866761457,540.3735134206242
2025-06-03,987.3260008375474,197.16883200407406,187.3591547165637,239.69937945160993,164.63027375401256,537.1114813119485
2025-06-04,992.2200056215281,197.552102303415,189.46752363445606,241.4705155726504,164.2658065157056,554.1063549174665
2025-06-05,978.7266269594719,199.1747239268635,189.6479224407853,242.26288091521445,162.49211148847925,551.424310981547
2025-06-06,990.821856046769,200.32457420062332,195.81501387516929,248.85808446011808,165.15672091247197,561.9675386186923
2025-06-09,997.1840622659437,201.33393184453672,198.7725379676658,252.83150372770868,163.15623661188275,559.027634341934
2025-06-10,1006.4826713555068,200.55455475557181,201.60583802824812,253.565604036556,164.14432157559125,565.7450444163819
2025-06-11,998.6517289541117,201.27855643297826,200.19484868676344,248.4269374346085,160.99377239114102,559.0920994271437
2025-06-12,1013.8241063290988,203.9402643818239,198.33228329716542,248.47355657357863,161.33393767423956,558.4637994893798
2025-06-13,992.6387125430598,202.27510383709998,197.16960374314127,247.14519559280225,159.1066765182513,550.0146744516284
2025-06-16,1011.6564557836066,204.05528090978953,199.5401100852733,251.80611381026208,160.7022110184593,565.9546423907457
2025-06-17,1007.6710931465818,203.58681464068655,198.61448807928076,250.3146214030743,158.4506727431903,562.0129852688018
2025-06-18,1017.1801786656658,204.5237471788925,195.64572903190123,247.6345898720365,159.21196843353596,560.8361640236291
2025-06-20,1005.7833291946142,203.31424266347983,188.10525942807166,244.33698809958466,162.79176937357582,550.0187251313121
2025-06-23,1008.0208177017308,206.97680309703296,186.4684820625303,242.9154066208601,163.19673159192087,563.0609257420879
2025-06-24,1034.100430170561,208.7271464862733,188.25198793884383,247.92589726062775,162.2248396530421,574.0798118508685
2025-06-25,1078.9184340334398,209.64704245557596,192.66563132236283,247.01701963062246,163.24532308437384,571.2424095295203
2025-06-26,1083.882811526071,211.85310750035603,195.8940388193618,252.9946351541201,162.79176937357582,585.2760386921418
2025-06-27,1102.970606627053,211.21002296261736,201.5268130840556,260.1957630456913,162.85656630882235,591.3537871662983
2025-06-30,1104.6486427953366,211.83607093145275,198.9305532869589,255.63971122092627,166.16908299546122,594.9488641826244
2025-07-01,1071.8566717545618,209.55336757709935,198.4903159010045,256.8865153784929,168.31535419137325,579.7383643762976
2025-07-02,1099.4746444684263,209.14452929915782,201.65100254687783,256.2572814623403,172.05713505156558,575.184116049997
2025-07-03,1114.0876764539855,212.44509545663058,202.655614927971,260.3239390078711,172.956133542783,579.5691250031723
2025-07-07,1106.3966238746498,211.9680977778303,199.56268370231518,260.3938499363343,170.0404701441105,579.0371522042274
2025-07-08,1118.7023293914679,211.49961838348165,196.81967810990034,255.6047557566947,170.0890368006358,580.9071830591683
2025-07-09,1138.838977309681,214.43392456002533,199.3707906729133,259.31017720517906,171.00425315261057,590.6686789158973
2025-07-10,1147.3691549225637,213.56940400228117,200.49960980137462,258.98391435235624,172.032845514321,586.2030515573103
2025-07-11,1153.1024986389018,214.35300742035764,203.40064799762857,262.19995930159837,171.02044617744028,578.3600465161284
2025-07-14,1147.1594271388794,214.22524627882876,204.9471481795484,262.98066096942387,168.96328628994704,581.1086302756321
2025-07-15,1193.5155773479823,215.4177142253382,205.44381960810748,263.74971674250276,169.3601271599496,572.6208261867549
2025-07-16,1198.2000682470891,215.33254450606748,206.5387437419141,260.06758708351146,170.2105465766778,566.5914388761389
2025-07-17,1209.596917718141,217.92187985018842,207.22732548442102,260.871598320822,170.09717056694214,565.3823109905622
2025-07-18,1205.4717722084617,217.2191673212883,208.8979632755252,263.49336481814316,171.03665162023384,567.6957924738001
2025-07-21,1198.270013158119,217.2234199008913,214.5871715828237,267.18714037188096,172.08953351918885,574.7004550160598
2025-07-22,1167.85520654771,215.18348109078667,215.98689140033343,265.0547681537941,173.6445482034311,568.1230403833623
2025-07-23,1194.0749227374101,215.43899024859869,214.73395194723372,266.01024714277753,173.44207330324048,575.1922174093643
2025-07-24,1214.7710229944562,217.57264331291702,216.92381749939287,270.6012544317741,173.12622239331418,576.1755940003753
2025-07-25,1213.0928798767675,218.7778952487267,218.0639061518292,269.6807309070223,173.22340537822015,574.4667011591922
2025-07-28,1235.8166339078412,218.26258497776254,217.38662850238916,271.25378013741977,173.3610833431642,578.4567194446765
2025-07-29,1227.1464595234936,218.29239241072042,220.96496163262907,269.17967295304953,171.10955748585906,564.2457989480953
2025-07-30,1253.4361206242236,218.57772212673606,221.84543640453788,268.2241939640661,169.3115356674966,560.3847602315631
2025-07-31,1243.6473624104258,227.20598301199453,216.61902181568968,272.79189168357766,168.11287929118262,623.4432716203638
2025-08-01,1214.6311331723969,223.2070094062073,213.49224744901707,250.23304679987257,163.9094482077774,604.557125790832
2025-08-04,1258.5401740401041,228.1174000725826,220.1635118049128,246.62082806934444,164.69505827129524,625.8050648686095
2025-08-05,1246.37403749713,224.75723217443976,219.74584803600027,249.06781724550763,164.34680889374567,615.3988193627182
2025-08-06,1254.4847595426443,223.56049852308172,221.34876497597878,259.04217938607286,172.71315124459045,622.274452937493
2025-08-07,1263.9240071001036,221.8143945881987,221.83416688056292,259.9976761550483,178.20433759476458,614.0848183921605
2025-08-08,1277.418241357402,222.32543915431418,227.36534258402236,259.484972306329,185.75270866835965,620.1061043434092
2025-08-11,1272.9434782419792,222.21051450306834,226.89122748795913,257.86530393696137,184.2040147277051,617.3413672637035
2025-08-12,1280.6346377707198,225.3917853024811,229.53265180368558,258.0633908276044,186.20675909771074,636.7916443369862
2025-08-13,1269.6573508164417,221.70369626606447,227.97489938233676,261.66394588339404,189.19060953575442,628.7955532428808
2025-08-14,1272.6638055472652,222.5128151617588,229.08114489375623,269.14471748881795,188.7446556188182,630.4479835611563
2025-08-15,1261.6865185929869,221.52902549644602,230.16478221904188,269.2029825225346,187.7797549935737,632.9468083391886
2025-08-18,1272.5938606362354,220.22159352295375,229.71325802456653,269.73899594073896,187.212179538921,618.5504457507475
2025-08-19,1228.0555294680705,217.09992446421106,227.53464471183636,265.68398428995465,186.94460967235202,605.742048395372
2025-08-20,1226.377493299787,215.37512280308,224.9948362418903,260.79002371762033,183.25535679914563,602.7112014198619
2025-08-21,1223.4407695811828,215.0978519879169,225.48022086192847,258.62269603530183,182.35532761693065,595.7629520019775
2025-08-22,1244.4863804945674,216.37331086291272,232.6368871224083,266.6511269536766,184.67430785374123,608.4101125465295
2025-08-25,1257.211648528159,215.1063833976142,235.34603228926034,265.602427466745,184.18780928491157,607.209135418853
2025-08-26,1270.9158244679518,214.15937067071974,233.82214029347432,266.4996592020037,185.93108030076309,607.8538850680153
2025-08-27,1269.7272957274715,216.16429132532824,234.20592635227808,266.97738980649945,186.88787199562887,602.4371877588213
2025-08-28,1259.7288097299895,217.4013719819318,238.90179180245838,269.86717190291876,188.56627156845093,605.4438294532947
2025-08-29,1217.847208737499,216.14294967583922,240.33538933007694,266.8375679495731,188.22572132847378,595.4405771773962
2025-09-02,1194.0749227374101,215.4732208893535,238.57445707080527,262.5728235133993,186.26353402832538,592.5467123331402
2025-09-03,1192.9562319585546,215.57134522611844,260.37182515298986,263.3302333917317,193.35827688333944,594.110521683702
2025-09-04,1200.2277220211165,216.68897302171376,262.22306916497496,274.6212928383348,194.4204598372005,603.4609229510708
2025-09-05,1167.7853685860853,211.15626195627848,265.27083587200104,270.7177844992074,194.34747946379233,606.5239283713865
2025-09-08,1176.8050536267713,212.52131375834193,264.4234610056322,274.80773383423127,192.87988724488844,606.4030501618018
2025-09-09,1193.9351398647557,212.61089356016382,270.73918225084543,277.6042954327023,190.01767076252506,617.2043357339168
2025-09-10,1239.8718345064904,213.44698483574737,270.2194705225032,268.38732539047754,183.887791278864,606.1451404224302
2025-09-11,1238.822874739854,213.72000307130747,271.57525302414734,267.94453247022136,186.51488603413696,605.2745900801696
2025-09-12,1243.3680105639276,217.512280307997,272.06108704238085,265.84711571636615,189.7906331298857,609.0550103912901
2025-09-15,1242.8785031361242,219.84139453110387,284.2744336502455,269.66906723228374,191.92310796798648,616.3982504768657
2025-09-16,1222.810623685483,217.14542969101203,283.7660432995161,272.7219807551145,193.0987911112215,627.9250029006201
2025-09-17,1190.7159627669014,217.563468766181,281.9243922105465,269.8904636924118,193.77991642710344,625.2811440304991
2025-09-18,1232.3202439515933,216.89375310494094,284.74896357541206,269.4360248774092,192.87988724488844,628.9325353741349
2025-09-19,1235.326805631822,220.93773317819293,287.78817443218105,269.7273322660004,199.05839547489398,627.4251885464809
2025-09-22,1283.853280121548,219.45321538987557,285.31387439147596,265.2412091496906,207.6369484095693,617.1853172988166
2025-09-23,1247.6332597944768,217.2264780831366,284.3309368310341,257.17782276708414,206.2990990767244,609.3128707321289
2025-09-24,1237.4245112662843,217.6189229292136,279.224148584871,256.5952079899017,204.58013001608126,613.5555625125156
2025-09-25,1242.4588336699453,216.28798364069377,277.6988738254071,254.19482017271662,208.27750423763013,604.0779106248402
2025-09-26,1245.9552236261932,218.1777302643884,278.54623140723,256.0941500359289,207.13424439794608,599.9157878513324
2025-09-29,1271.5468259588934,219.51716158686847,275.73299870452325,258.8790479596615,206.2990990767244,599.6335246353261
2025-09-30,1304.6203947836764,220.94623833739888,274.65968025318404,255.8494617863078,206.46125284837046,592.3578617425221
2025-10-01,1309.2353685693747,221.6969761402721,276.6933280788313,257.08460226913587,207.1261354675674,578.6133127934235
2025-10-02,1320.7726426095119,220.00350444059876,277.58591931746787,259.15870945350616,208.48834884543982,586.4454007588727
2025-10-03,1311.8922056944543,220.69026979598775,277.20175299865264,255.77953307785265,209.2099567233961,573.1444012351362
2025-10-06,1297.3483699740882,225.4764956381527,282.94124205018915,257.3992014472202,208.13155590877764,577.2581134465709
2025-10-07,1293.852193916651,223.5184977368795,277.66499611529827,258.42460914465886,207.96130562471672,575.1771014583496
2025-10-08,1322.3108959051413,223.8895746829761,276.37698631841766,262.433001656473,209.24239244491082,579.0165530160799
2025-10-09,1346.5041347642718,222.84449012029944,272.88583643806993,265.3693851118704,205.9828756278833,591.6561555851247
2025-10-10,1280.7068286192598,217.96444502195524,267.28192736515246,252.12071298834636,198.87190249414803,568.9016600562168
2025-10-13,1316.7870660736767,219.28257407068338,275.84598778155447,256.4320765634902,200.80978783908802,577.2904200869748
2025-10-14,1258.8209162288704,219.07782023794758,277.31474207568385,252.14402255783145,200.89898607325355,571.6038585934892
2025-10-15,1257.4224458058954,219.0181003700663,283.6191419432842,251.188543568848,202.17196396306898,578.7826015650813
2025-10-16,1271.2670463147742,218.24172896236402,284.1049759615177,249.90678394704977,200.63951271909946,574.3623714580712
2025-10-17,1281.126284186628,219.08209906804194,286.1838574439786,248.24049643871206,204.56392457328772,578.274488257444
2025-10-20,1277.070762739763,220.451416574954,289.8557691061211,252.2488889505262,212.6316521479973,590.5752168919765
2025-10-21,1266.7222313389163,220.82251977154198,282.97515432938985,258.71591653325004,213.0613633682485,591.4625627353647
2025-10-22,1260.5688973081838,222.0510690184482,284.3648318256888,253.961777817842,209.5586034757881,591.5754383826476
2025-10-23,1273.7145834537907,222.05957417765413,285.9353056728744,257.6205979073483,210.47482568283277,592.0513932454793
2025-10-24,1302.3826923777494,223.36062728174193,293.66326074688254,261.2561262073615,213.10197010996106,595.5681241888992
2025-10-27,1338.952544209375,226.73491794424527,304.22705670973113,264.47215337661163,217.95883444991526,605.6185520635527
2025-10-28,1405.6589202989637,231.23527593532143,302.19342616862974,267.12887533816433,218.1128668732188,606.1186628088882
2025-10-29,1447.6824431522134,231.01345928319094,310.2151839551017,268.3523699262459,218.68046716379914,606.3041542992809
2025-10-30,1418.6645027237005,224.27781945043284,318.0222331114862,259.683059196972,220.05886114853746,537.5810143655256
2025-10-31,1415.867668827156,220.8864922190262,317.69455268891363,284.57236318940693,219.22370340935197,522.9652234947079
2025-11-03,1446.5637523733576,220.55376724083055,320.55300176388795,295.9683068086968,218.15337427122077,514.3829694112553
2025-11-04,1389.296944689444,219.40204005693732,313.57073657228443,290.515041028665,218.9561459607468,506.00231073986464
2025-11-05,1364.9638160082538,216.34346405421775,321.219632133008,291.5404309461116,219.0372352645337,512.963304979193
2025-11-06,1315.1088160065826,212.05207309974332,321.71673567521646,283.1973830696605,218.73719242255848,499.24286251406545
2025-11-07,1315.5981095355755,211.93263336398078,315.0281694888009,284.79375964953505,217.68313081703994,501.4772075478735
2025-11-10,1391.814319790085,215.84861604128153,327.7613142477377,289.44301419225627,218.67328958070743,509.58360556555976
2025-11-11,1350.6296011221666,216.99186431646015,329.1283489888109,290.25868910430535,223.3969091688036,505.80871789010473
2025-11-12,1355.1046850858052,218.04124083447687,323.93116256720447,284.5490536199219,221.9522032572319,491.2332856205255
2025-11-13,1306.578210596079,214.69259690204825,314.734435914521,276.83523965962337,221.53019117455312,491.94304373875764
2025-11-14,1329.7225966379785,217.6317200437596,312.2940654375626,273.4677269587084,221.09191155926163,491.59626603900887
2025-11-17,1304.7602846057362,216.48420606373224,322.0217387734713,271.34700063536803,217.0744022302663,485.586983931213
2025-11-18,1268.1204878630806,210.6401116695903,321.1857198538073,259.32184087991754,217.05818436950892,482.10241143259884
2025-11-19,1304.2007253174977,207.7948209093039,330.82309872154855,259.484972306329,217.96717932160666,476.15774260561085
2025-11-20,1263.0861654594196,204.4698286696054,327.0269284584,253.01794472360513,216.09236481494128,475.2140330363802
2025-11-21,1250.7797112967648,201.77307631477225,338.56239245771553,257.1545131975991,220.34521939437593,479.32764645074934
2025-11-24,1276.4414724393055,202.57655135482068,359.9385361545169,263.6681421393011,223.94069180476478,494.49195862897585
2025-11-25,1243.3680105639276,203.85439902453174,365.42955985767907,267.6182696173986,224.79286215439257,513.1810537114569
2025-11-26,1260.4290074861242,207.49139147948426,361.4864709537526,267.0240089454696,225.26360232712642,511.0758364421991
2025-11-28,1237.6343459993739,210.27361543423893,361.7463268179237,271.75483809139257,226.31868220567873,522.6426016774631
2025-12-01,1258.0517361063532,208.02132327414503,355.769572803804,272.52389386447146,229.76804485368535,516.9318349029409
2025-12-02,1268.8199369733786,209.41458122919238,356.8090308295804,273.15311000063207,232.27595199215182,521.9569006446694
2025-12-03,1255.7443026882067,204.17066494463444,361.1249128210713,270.77604953292405,230.62026487516843,515.9074081312332
2025-12-04,1282.316417168187,205.49981919974064,358.85393089465674,266.96574391175295,227.82021271972033,533.5963805201085
2025-12-05,1275.533578938186,206.4913265095181,362.97781614946985,267.45513819098716,226.2619072750641,543.1869574535995
2025-12-08,1297.490505733658,209.85051001423432,354.67950562741606,264.37893287866336,225.53955431927827,537.8471736598626
2025-12-09,1293.4348773373877,210.27786801384187,358.4781994342768,265.57911789725995,224.9633111258747,529.9101632108997
2025-12-10,1285.113464963542,204.5254009598492,362.0168645315067,270.0769046883083,226.2619072750641,524.4009918484394
2025-12-11,1265.1842988915027,206.62381273949472,353.221104776325,268.32906035676086,225.65315385236283,526.482102633726
2025-12-12,1223.8577653122304,204.51256446956617,349.6711355860282,263.5632757466063,225.85608821721502,519.642036002515
2025-12-15,1232.7383091766935,202.9270085399411,348.46142478240915,259.31017720517906,222.47162184816554,522.7136861660583
2025-12-16,1242.7378646682278,203.59799735001292,346.5960074427255,259.33348677466415,222.8774409060146,530.495782816387
2025-12-17,1195.3276211210368,203.48258706467664,335.459989300866,257.8303484727298,220.6292678989426,524.320126450364
2025-12-18,1217.704110433282,206.84177056939285,341.94943751766266,264.2274473469985,220.913341239437,536.3887807781418
2025-12-19,1265.6039683576817,207.6708792142703,347.263052640949,264.9149462968677,222.1145557162992,531.8035101732881
2025-12-22,1284.4841746630843,207.24352121466274,350.2250707153987,266.1733785691889,219.9232073116971,534.0073763124033
2025-12-23,1323.083819256842,208.06833790420015,355.39176719790714,270.49638803907936,221.05132965347673,536.7843148296927
2025-12-24,1318.8880871397016,208.56837038918323,355.0978262090756,270.77604953292405,222.2281800853114,538.8913104461286
2025-12-26,1332.3140876764542,208.4358841592066,354.442119673011,270.9391809593355,221.895378654762,535.4523821917549
2025-12-29,1316.1609842553764,208.17519052934773,354.49864013834554,270.41483121586964,222.1875981795265,531.738946291013
2025-12-30,1311.4060136982134,208.33758919424776,354.82649340637784,270.95082685408204,221.63566935929518,537.5996870108966
2025-12-31,1304.1335610910044,206.68791643943587,353.86550721932275,268.95829427291346,220.64551059562763,532.8690859227581
2026-01-02,1320.566444156201,202.12353349989272,356.29619835053575,263.92449406366075,219.95564303321183,525.0547320305582
2026-01-05,1315.4617490438889,202.085089655272,357.8677092704798,271.5683970954961,216.91209944305433,531.8196634934901
2026-01-06,1309.3083080637512,204.50403305986887,355.38046310484026,280.7387479987508,212.9351720198439,533.2969266147129
2026-01-07,1322.3844770959493,206.62381273949472,364.01796555708523,281.4728483075981,211.28758141527535,523.666238072647
2026-01-08,1293.9241708663803,204.33306360953446,367.9297002946151,286.9843791213466,210.24064772099317,521.543138534542
2026-01-09,1292.6655902654652,204.8330960945175,371.46836539184494,288.2544928483983,210.50845352887487,527.194034287398
2026-01-12,1293.225042604298,203.9356049196046,375.18789597814543,287.1941296867281,211.22266030039057,518.2413900055531
2026-01-13,1299.3086456228116,201.15339409009562,379.8344659032083,282.68469700093317,211.87194595702144,509.458380285095
2026-01-14,1280.638167101093,196.3283043954479,379.6875126933385,275.75156692846815,210.98731504995126,496.88922002372
2026-01-15,1307.9795686529958,195.16584076058174,376.22801081666887,277.5343667242472,209.5669731834071,501.1515724201323
2026-01-16,1302.245583240226,196.53343886030868,373.0850581149647,278.629685350149,207.39185505752621,500.70757840797546
2026-01-20,1245.1852948578392,194.25126051578277,364.04057374321906,269.168027058303,200.22529911770368,487.6863721736089
2026-01-21,1281.8969616008187,189.80226161108453,371.25355305448176,269.5292453753574,200.99634290965312,494.82263240705527
2026-01-22,1292.5257004434054,192.80672222583166,373.69558284785364,273.05988950268386,201.56446475471418,522.8105566887373
2026-01-23,1312.3149766933852,199.13617508027727,370.74476515919497,278.67630448911905,201.31286438962604,531.7954582124536
2026-01-26,1303.923726357915,200.98671659510129,376.7706764220644,277.8140282180919,207.29446096723518,542.7742327126592
2026-01-27,1318.258796839244,205.38868774449872,378.22907727315544,285.1083588276193,209.61565160160686,543.2666866854221
2026-01-28,1339.236708779109,205.837439894578,379.8797168445679,283.1624276054289,208.13042587406946,539.8438129541848
2026-01-29,1346.1595437805747,185.26780423171044,382.412179382475,281.6709351982411,209.62379778587703,596.0135507585053
2026-01-30,1336.5097128441892,183.89592730188917,382.1295079176184,278.83943591553043,210.59773868878722,578.4070245207524
2026-02-02,1297.9100682504313,180.93848131719716,388.56243566908046,283.10418035170426,219.14405458936898,570.2616510607439
2026-02-03,1261.0586186347975,175.74156653744862,384.06278438479546,278.04707057296645,218.71389632242,558.3867871768572
2026-02-04,1218.053834988431,177.01514850231104,376.5219863745924,271.4868402722864,224.4032857932285,540.0538061168104
2026-02-05,1201.9007315673537,168.24538434328818,374.4982771628801,259.484972306329,223.93254562049464,541.0386646638032
2026-02-06,1296.5115978274564,171.43789035301006,365.0128294542491,245.07108840843205,225.72622115151776,533.9750696719993
2026-02-09,1328.887642631236,176.76299940739514,366.6634344565696,243.20671400945133,223.0941343747866,546.6975629789612
2026-02-10,1318.3985797118985,176.62196864247554,360.1740208088649,241.1559163945661,222.3304792713139,541.4503026370234
2026-02-11,1328.9576944916712,172.81831181777434,351.5591611118457,237.80004958839763,223.8090117163489,539.8116051108464
2026-02-12,1307.2104954798838,171.73704095273536,349.3432823179959,232.5798261632404,212.62263670625927,524.5703794171628
2026-02-13,1278.330519784136,171.51481741798855,345.6350558247624,231.63597528901155,207.78900637662443,516.4654139569257
2026-02-17,1293.4348773373877,169.60871673816644,341.4519537154428,234.3859177485125,214.36924815438013,516.0779318662093
2026-02-18,1314.482627238877,170.7797380332213,342.9329973217596,238.62735261520123,214.7510757061165,519.2504538335825
2026-02-19,1313.9231749000442,170.68120681384005,342.390331716364,238.70892721840292,211.68838361573853,520.5098200269432
2026-02-20,1327.3492823862016,170.1543332014246,356.1040287683983,244.82638237881892,214.9378915539219,529.2929285444667
2026-02-23,1339.4465435121986,164.68854776375346,352.1583817516678,239.18667560289063,216.23767982763863,514.4311329806649
2026-02-24,1348.5371360085614,166.62899721154156,351.4913365534443,243.02027301355486,221.0794687595075,516.0860332255767
2026-02-25,1367.4871802755886,171.59787397270344,353.7524317195617,245.44395262023295,222.7773272816456,527.7025427832973
2026-02-26,1292.8754249985545,172.07762795309824,347.51174268842095,242.27452680996095,221.73747182674455,530.3827589735059
2026-02-27,1239.0317469282961,168.23102532450528,352.46366140265815,244.69820641663907,214.61296311243845,523.2545013023614
2026-03-02,1276.022872467179,170.7197425351806,346.53945240829904,242.82218612291183,215.05161526664472,527.5976202997837
2026-03-03,1259.030857911365,173.02428629835916,343.21563421752427,243.21835990419785,214.26364578999983,528.8246798527405
2026-03-04,1279.9389318896053,173.56830148164335,342.70684632223754,252.64508051180417,213.26439707681132,539.036591530881
2026-03-05,1282.0366375240678,175.91565979625682,340.16311426035537,255.11536147746043,211.45281484195039,533.2566174120072
2026-03-06,1243.4372068291204,175.17890038004148,337.4950026056453,248.43860110934705,209.1537778550451,520.5743839092183
2026-03-09,1277.211722055875,175.3716577382183,346.6023681556439,248.76486396216987,211.11974021619676,522.6168156433791
2026-03-10,1292.0362999650076,173.8081784718408,347.3717378660327,249.74365252063834,211.8914918320843,528.009406468602
2026-03-11,1300.9173785764967,173.43122141567588,349.2498074933692,247.7860576237094,211.8752491353993,528.6470921275843
2026-03-12,1280.7074703156911,172.1375972006476,343.4232907528543,244.1505471036882,207.7727636799394,515.1818918810609
2026-03-13,1260.497669004291,169.4346891055867,341.9864610151387,241.9832194213697,203.1909696567054,495.42801142563366
2026-03-16,1281.2669226545243,171.3194481359198,345.6973147593602,246.72571224203122,205.38439186126652,506.95357828460266
2026-03-17,1272.2459542209756,171.08812880591108,351.76139029973996,250.75739654333842,206.5298248446202,503.08345023804844
2026-03-18,1261.5465218215222,167.82410333243425,348.1070915899449,244.54672088497423,203.0447481326487,497.4439161477196
2026-03-19,1248.6792249777664,166.63755487173026,347.47354384181875,243.25331536842944,202.2486324717336,490.1884572548012
2026-03-20,1207.7000630667276,163.5748444166189,340.5383271843561,239.30318789033197,201.46061332323336,479.6526393975651
2026-03-23,1228.2595889332765,164.05889035235379,341.73756355311497,244.8613378430505,204.30392966465288,488.0554286116178
2026-03-24,1225.182654544397,159.66398058513658,328.59121443812694,241.48217924738896,204.42577472571824,479.0547689559614
2026-03-25,1249.5184569607184,158.93579195435566,329.14556439660083,246.6907567777996,205.22190280459714,480.64643907898164
2026-03-26,1197.4902450444827,156.76404942705022,317.82072987452284,241.83173388970482,205.44125371762792,442.38954781385866
2026-03-27,1171.476085611662,152.82319440917033,310.376345061762,232.27685509991068,202.1186412263981,424.7599030627893
2026-03-30,1155.0423469512234,153.76128196899685,309.42604072411876,234.15287539363788,200.35578708159224,433.372784236533
2026-03-31,1219.588131156066,158.5631268535308,325.3329046765932,242.68236426598548,206.17238617383907,462.2572918872234
2026-04-01,1229.0287690557939,158.22043981385775,336.45416181619095,245.36239579702323,207.6671613155591,467.9937952972967
2026-04-02,1240.4974885271697,159.97239760831775,334.621308561122,244.4302085975329,207.90274250731107,464.1398699694773
2026-04-06,1242.2456835052935,159.72394983268595,339.39568041911565,247.94918905012082,210.29111432598398,462.97638632814096
2026-04-07,1245.4625077162325,159.47123635220547,345.5841701214153,249.0911268149927,205.93679256412324,464.6165164117671
2026-04-08,1273.2949139876118,160.34506270914258,359.00209402274476,257.80703890324475,210.32362455528167,494.80993698414426
2026-04-09,1286.092265920338,159.8053526064441,360.3257445534235,272.2558782653733,211.6152914806559,507.7130807252915
2026-04-10,1319.0994191644645,158.86297309127755,358.9115575709336,277.76742685911375,211.6071701323134,508.90072024913155
2026-04-13,1323.854603620438,164.64572008707287,363.5161951874639,279.5269170854077,210.56733951334002,512.6739777730066
2026-04-14,1374.2045654695796,168.38951266619023,376.6399361163181,290.1654686063571,210.26675028095644,535.2644207747259
2026-04-15,1390.708249041048,176.1469791262655,381.4029347430609,289.5595442596896,216.44078804398444,542.6087970265542
2026-04-16,1387.0718623133357,180.01928098591594,380.15841286385046,290.9578161689291,213.97929925430125,546.882856875223
2026-04-17,1410.3585980136152,181.10301939714435,386.561922318065,291.95991429688263,219.52781934346226,556.3198043719307
2026-04-20,1413.0159698857212,179.08119342608944,381.7423686568957,289.3031923353299,221.8186853101697,542.0674385063909
2026-04-21,1397.771294712789,181.68986225710913,375.9384946716066,291.2025221985422,216.2295833152238,540.3950017823609
2026-04-22,1416.093011224006,185.44222562166087,383.8919439323898,297.5530197138328,221.91621599806282,545.1457574718522
2026-04-23,1396.0928307468846,178.08740232356223,383.40545310140925,297.22675686101,222.12739589089577,532.5658777288753
2026-04-24,1456.442882834587,181.8868984453803,389.63922831416045,307.60893867760774,220.20206510738433,545.3962574313147
2026-04-27,1514.7649603000466,181.9725669239871,396.35949435789206,304.2647355461778,217.39938034360503,548.2967910774888
2026-04-28,1490.7088305784391,183.87016244460327,395.7259466097659,302.6101294925706,219.91774340761347,542.414858387065
2026-04-29,1463.2960937732385,181.81834528715083,395.90691580611235,306.5019919369514,219.47906641747954,540.6211976637211
2026-04-30,1395.6033233190813,174.67344716858918,435.3459977201684,308.8557428351744,220.43768355302782,494.3978544241295
2026-05-01,1387.7712044742284,177.52627181990064,436.35296079951394,312.5844916331358,227.57845979994661,491.8447406586294
2026-05-04,1387.980825308507,177.1750139947932,433.5924113929356,317.00068604099056,224.88944907703484,493.18596022072006
2026-05-05,1374.1346205585498,176.21551915924925,439.4528404126513,318.74853037253797,230.86042829557238,488.78257501337004
2026-05-06,1453.3659484457078,177.3206517209494,450.32520009022534,320.4264637756222,233.56565687924152,495.1816115443877
2026-05-07,1479.0304902727846,180.23773757515022,450.26861048670685,315.9753139035359,233.50878260491626,498.3568504310608
2026-05-08,1504.9047598835455,177.817547272213,453.4477224585884,317.73478634983786,238.28552624226208,492.5557337401797
2026-05-11,1534.5553060440786,176.76380004738215,439.6904683507,313.4350864494325,237.98466381467432,483.8540340045915
2026-05-12,1543.9259990327762,174.66915521324916,438.23099585775856,309.74132867568665,239.70847588120975,487.1990062497171
2026-05-13,1579.2409065432648,173.5725803117377,455.50679585136334,314.7634652102008,243.017888076892,498.2114705492432
2026-05-14,1648.5420891028916,175.38022852365268,453.7532095241305,311.37264293980076,242.48123335216724,499.66576335274755
2026-05-15,1575.6744647265823,180.7303411710738,448.8996744455766,307.7837515587497,244.12375742749458,496.27238054554874
2026-05-18,1554.6953763432593,181.42428603585424,449.08071278010686,308.62268270030785,242.1803709245795,493.83234002146247
2026-05-19,1542.7371494440804,178.80276758930583,438.58169929556834,302.19062836180757,243.09920090402778,486.8838930094469
2026-05-20,1562.7373299212018,180.36195490034328,439.99592084715016,308.7974955814497,245.76625666689432,488.86339101291264
2026-05-21,1535.0448134718818,179.90691575757933,438.58169929556834,312.81751620801845,247.9941883929292,490.7378183372664
2026-05-22,1505.8138298281224,179.68370782940593,433.2756548034185,310.3239434528691,251.10846470504234,493.0647856199389
2026-05-26,1502.5271676555587,178.59332804385932,439.9619739988575,309.1237584342726,250.71002191770617,494.7453237033364
2026-05-27,1486.722826244983,177.15095541944677,439.905384395339,316.7676614661079,252.7591101287122,513.2637468552431
2026-05-28,1498.2613836779833,183.29822986374026,441.37616098134737,319.27289789599575,254.10889312479435,513.2879521362796
2026-05-29,1476.513008222738,193.27899481618422,430.3001547831092,315.35774366212183,253.74298540268353,511.0418502516825
2026-06-01,1568.9611436099901,197.69199117195976,425.8086963736158,304.4278847525812,249.06752267830643,485.1547961683781
2026-06-02,1558.1917662995072,189.44551743327946,409.3813947418683,298.90467248410226,256.296193273189,482.86023432317495
2026-06-03,1501.7578805836363,183.4484876763787,406.1456931664683,291.3306981607221,252.27935451424028,503.3420021583454
2026-06-04,1530.8828773667988,183.7532690065042,421.0796100260738,295.7236007790837,253.06809390464244,507.0504982058144
2026-06-05,1435.9465640665371,178.86806568660455,416.93885505439016,286.6814258380088,249.905039830619,479.119431635302
2026-06-08,1460.730805339048,176.7517116961033,411.2786847843277,285.7375927437719,245.1889455286017,472.97084566521386
2026-06-09,1457.5802897593603,173.17581725982933,412.3541292348218,284.5374077251754,236.25270556386872,472.32446586447156
2026-06-10,1403.1809025794525,170.5786592692782,403.4337133340766,277.32463393885763,237.09022271618122,461.3281548851475
2026-06-11,1434.3362268717733,167.5651291097605,405.0071946922616,281.4145832738815,240.3833673792508,459.26784088213924
2026-06-12,1436.576709962237,167.73683357385346,407.1693876863166,277.9655137497568,236.7243398299981,458.0962558814356
2026-06-15,1487.4053773492524,171.60895168006428,418.11617461885413,286.66977994326226,241.02574864799416,479.95159931763334
2026-06-16,1452.1193461781797,169.06331027883928,422.5310970587753,286.6464703737772,243.31875050447977,485.3942308565094
2026-06-17,1432.7959415374444,162.65845288791502,411.82207634065423,276.74201916167516,240.6435733932707,459.0061274557477
2026-06-18,1475.0833085734319,162.86879807531398,416.62185648122943,284.77045008004995,242.31860769789577,466.8020062967075
2026-06-22,1460.8007502500777,157.69168929130893,395.8490817152838,271.25378013741977,241.50550426246608,455.9896060547287
2026-06-23,1400.5204291745945,160.52493107605358,391.8303556381757,272.79189168357766,239.3019117455311,454.65525288868724
2026-06-24,1393.2392067161552,156.88464418443334,390.8794636259693,272.97833267947414,238.3098902872896,450.99180830306597
2026-06-25,1370.415348041773,151.46282831981762,389.09082423950156,264.51875473558977,223.7306295286762,439.02293901139825
2026-06-26,1347.9414278213503,160.10853265659566,381.93640496999836,271.13726784997846,230.74787187144926,444.99122033703014
2026-06-29,1365.024349371622,158.21970480009924,400.343236513949,279.81822447399895,229.08910509943686,454.97871448098846
2026-06-30,1400.8704745779592,160.12999243329585,404.55440872593016,277.7208077201436,235.28509782251007,455.53672030668093
2026-07-01,1383.2975108528578,164.96369228911502,408.90140290017393,281.63597973400954,239.36698187598176,495.66477859299766
2026-07-02,1364.0442650219632,167.6295084398611,407.42976208686696,282.7662538241429,250.95396039911338,471.3955264565265
2026-07-06,1369.0851113393442,166.01971018144997,414.8445557569205,284.5024522609438,254.23086236549796,485.45889353585005
2026-07-07,1378.7467067103066,166.9212045562978,415.4898224272169,286.6231608042922,252.60460582278324,497.8240872555923
2026-07-08,1429.0853319224925,164.56016973567725,409.70516885705075,283.8732183447912,254.82444103640324,487.7475769556586
2026-07-09,1419.7037300944596,164.99802793183537,406.27511984672066,287.8583012871203,257.12556424123136,510.6824759260882
2026-07-10,1476.9736393111255,165.31569825322669,404.33931983583136,285.8774146006983,256.3937736329374,541.1950604184192
2026-07-13,1424.9546250437406,167.84415870784582,399.0527377424482,288.17291824519657,258.01185915545426,531.1023473997508
2026-07-14,1482.854680156106,165.24272188720033,406.9769761205355,288.3826688105781,256.01971972655645,534.5878584704868
2026-07-15,1487.755422752617,169.83601974299455,419.89347534316306,297.0869350040836,266.29759650310143,550.9804157664556
2026-07-16,1452.0492943177446,172.184178697595,401.2601816778627,291.1792126290572,270.981180575821,537.4183449972531
2026-07-17,1419.9137787263594,169.05901832349923,392.5548546672163,288.07969774724836,271.37145234295934,522.433053101632
2026-07-20,1423.2043980269173,172.69502638502513,398.46406067567017,291.2957426964905,265.5576348746096,522.3036289458853
2026-07-21,1451.2791516505802,170.7460849032768,392.9850324474139,288.45257973904125,266.4927323866705,520.6538661483772
2026-07-22,1484.6749590333645,167.5651291097605,387.25693391167425,285.30646349825435,264.98846992058714,507.1969648553521
2026-07-23,1461.5708929172422,163.80462809288213,359.6353652181353,272.26754194011187,261.54896713585873,490.15748437478095
2026-07-24,1448.1286360708928,163.85615780745394,361.9560229296787,270.4614325748478,270.7860198563242,481.33451124134626
2026-07-27,1375.8062397625188,167.03282164563018,369.6764765107341,269.62246587330566,273.9490739303476,480.26700894909993
2026-07-28,1379.306800745571,168.85725704678035,377.7705182684687,269.00489563189154,276.52664584588064,479.8949885991274
2026-07-29,1330.2984122358139,167.65098134180698,381.1666204305062,264.0992713848187,274.98987315049953,473.5870923609924
2026-07-30,1365.5143915464516,193.6481817269017,377.71392866495034,274.4115600529453,271.1193925132096,435.9175496500021
2026-07-31,1405.491330580946,199.49496679640973,403.15069617830045,316.4530267280397,251.18165618383554,450.2154609627169
2026-08-03,1446.728454457434,209.33834980223537,422.82541830761824,330.9484852291383,246.71762171156794,477.33140234468897
2026-08-04,1483.834764505765,211.55344501604893,427.5120192411566,323.25799861831683,251.5638066026314,475.4713993918917
2026-08-05,1534.8035356136506,209.25678952552892,410.2824726925779,317.6998308856063,252.8810793694158,476.14262665459614
2026-08-06,1533.1933053682922,214.5798510415867,404.9845865061278,317.2454098505956,254.0275802976586,477.05649951005915
2026-08-07,1567.989294364535,214.63565958625287,401.07903963605656,319.8322208836851,254.77563843856524,478.8355876662484
2026-08-10,1523.1115057841246,217.24140148748407,404.7242121055775,324.03868250615034,250.8692947217445,481.1161697266897
2026-08-11,1522.76146038076,216.27551465729,389.19269935347154,317.2570379653502,248.14298043549798,484.512714039983
2026-08-12,1568.899326853759,211.39031133739036,388.8984126737205,311.442553868264,245.97820647348456,468.120206142547
2026-08-13,1577.3708961925677,213.3006120958327,392.090730038726,308.9373174383761,248.4278236897496,481.1565777264609
2026-08-14,1576.3907048935034,212.66527145305,391.56998123762537,306.0475353419568,248.9730716454423,477.0159927132225
2026-08-17,1575.3404617340043,206.2046186427052,389.41912690572923,304.4861320063058,248.69637457546085,460.13019106796725
2026-08-18,1538.4442003175727,206.75409392819572,389.64555445798686,302.31882210397936,252.30975368968748,439.6699115945334
2026-08-19,1523.1815576445597,207.90456108850287,390.23419695567287,309.7646204651797,257.8437447611715,441.57847330500203
2026-08-20,1518.2107631876138,206.93686297440382,385.6494711361046,303.0878423170743,253.34330081896474,441.4167425088515
2026-08-21,1503.298165917965,207.8357454253597,390.34741073180174,301.36332533500394,251.7563595497246,444.7081667445002
2026-08-24,1459.610617268519,209.5862069418112,394.0151913874564,305.3717178468181,252.56203704278607,452.0836146734142
2026-08-25,1491.6061360884391,211.47859173988914,392.7699435573151,304.19482461771463,252.20395263788595,461.0036065251263
2026-08-26,1467.8720310260226,213.4828036312305,387.15505879770427,303.2859469877093,255.09304159396984,465.9286402380812
2026-08-27,1596.133992899228,217.2202698419261,385.6268283808788,298.60173698075647,256.0126414871753,461.85271790418324
2026-08-28,1523.1115057841246,220.86312928170125,392.35110443927636,310.4521016350569,260.1794395772925,467.44902827837535
2026-08-31,1545.7254227760122,218.17937092009942,384.1551875675718,302.6916685357883,257.8600371297119,462.855557517089
2026-09-01,1522.3414700663654,215.4827104419861,379.2534631748427,297.0403158651135,264.5984961845806,467.86950858895375
2026-09-02,1571.1398099442226,213.6763485041486,381.63074505899647,297.1102267935767,264.46013523162605,479.44210285107954
2026-09-03,1599.4246121997855,219.3965143285026,387.6984503540307,301.6779245130882,267.1050621829539,493.86138635870634
2026-09-04,1612.7969241351052,214.9150041902347,383.3939415937907,301.22350347807753,260.39916302923814,498.7864200716612
2026-09-08,1580.381308051385,212.44199789864817,383.28065867947794,299.42904000756005,257.34732423924453,496.12576570041284
2026-09-09,1565.9588599059714,211.45278750686614,374.54708872071024,294.1039324097161,256.6311554294442,528.643881222957
2026-09-10,1530.4931537340883,211.79256074199637,376.75598455798666,293.5096717377871,265.77040426681236,521.1148532557925
2026-09-11,1530.0024698628274,213.16454267378316,383.4392616733342,299.207643547432,270.40918432604605,524.0666625789381
2026-09-14,1478.6263284703662,217.370803284724,395.7750347203317,295.4322933904924,271.06837951781046,538.2756071342102
2026-09-15,1487.107202407431,213.80536966926348,390.7795589502404,289.46632376174136,269.6523342667503,542.0280184772741
2026-09-16,1499.2328051258178,210.87216601335754,388.38941736388205,286.5998690147991,270.5231315621178,544.5107393336373
2026-09-17,1537.3619792859054,214.07632724125057,393.44151730658376,292.69401460573,274.2585792607586,551.7891191457413
2026-09-18,1557.8985110303272,212.36887715491926,395.94494180725485,295.63039806112744,273.55055663522853,538.3969299305895
2026-09-21,1593.7146904031958,215.73646081687593,402.09582033751536,301.1535925496144,275.8699590828092,599.9273965065235
