Date,nvda,msft,googl,amzn,aapl,meta
2023-01-03,100.0,100.0,100.0,100.0,100.0,100.0
2023-01-04,103.03177780832814,95.62568311344226,98.83304941551853,99.207643547432,101.03141568347387,102.10839463382347
2023-01-05,99.65071311931352,92.79154918174424,96.72349571635903,96.85388375921303,99.96001759846031,101.76367346858189
2023-01-06,103.80021829345051,93.885126765811,98.00267185606938,100.30296217333377,103.63793947142086,104.23279411278368
2023-01-09,109.17219750409409,94.79921983417546,98.76570026362728,101.79445458052155,104.06170950232487,103.79187728812522
2023-01-10,111.13518937294013,95.52131733158448,99.21454202749447,104.71918325117645,104.52542471298281,106.61375236987702
2023-01-11,111.77784438322351,98.40971387151133,102.69299876287606,110.80167405736483,106.73225476178305,106.53361708512898
2023-01-12,115.34054652950871,99.55337497833492,102.25537609984326,111.01141573275038,106.66828291931955,109.59597206050103
2023-01-13,118.05102020172546,99.85390231603868,103.36625709031625,114.33232707468726,107.74764026285528,109.81242617657207
2023-01-17,123.66052223640018,100.3213965639009,102.43492489679981,111.92030225275164,108.69112568109665,108.51371382004187
2023-01-18,121.39016085037098,98.4264236631086,102.24417427245125,111.23281219287841,108.10745085855771,106.63781516711428
2023-01-19,117.11492361632139,96.8068970368974,104.40978892889802,109.15870500850818,108.15544214766726,109.14703430343013
2023-01-20,124.61755747295852,100.26712085509067,109.98652844227752,113.31857416199121,110.23425406796896,111.72838013197766
2023-01-23,134.0761524587525,101.25219942386263,111.97262021193133,113.63318223007151,112.82480350619295,114.854902566649
2023-01-24,134.57910740586604,101.02677116913125,109.62746539524919,112.23491032083194,113.96016723003908,114.75070448466373
2023-01-25,134.9842863301789,100.42992833064923,106.84470518897665,113.23700844878547,113.42448369660968,113.43596260320471
2023-01-26,138.3304243341846,103.51447987613139,109.42548703334501,115.61407780648952,115.10354604508602,118.08562308330566
2023-01-27,142.26333865857893,103.58125353961334,111.50134888311649,119.13306714907341,116.67863553866624,121.64502907032704
2023-01-30,133.85958163960723,101.30644893151003,108.77469281773719,117.1638352473939,114.33595837909544,117.89323176447186
2023-01-31,136.47922322945712,103.43516895623344,110.90663289823834,120.17012074125853,115.36737406256931,119.42440308220988
2023-02-01,146.3011064835238,105.49710876718419,112.69075494270918,122.52388941947348,116.27887355957893,122.75132542823141
2023-02-02,151.6520802743551,110.4432725828805,120.89316997723705,131.56607325054435,120.5884863587118,151.3307714063878
2023-02-03,147.39782175265458,107.83454725504174,117.57181520042201,120.47308291459228,123.53080648691358,149.53504505789633
2023-02-06,147.32102444220294,107.17504433564267,115.46231332158969,119.06315622061024,121.31604819774596,149.1582463329531
2023-02-07,154.89344490019988,111.67876221514588,120.78097033217175,118.9815905074045,123.6507598951636,153.6155401740123
2023-02-08,155.11701307470537,111.33233044015726,111.50134888311649,116.58122047021145,121.46797511996581,147.04987637892168
2023-02-09,156.03910159565743,110.03423312930052,106.60906952456924,114.47214893161362,120.62843774209671,142.63271187971662
2023-02-10,148.55046244974073,109.8171564952224,106.11533408392198,113.73805751276225,120.92471074950284,139.61039986692657
2023-02-13,152.20396329406378,113.24819876830954,106.16022776070201,115.98695090828643,123.1989246377948,143.84318163981422
2023-02-14,160.46802692673148,113.60294941249786,106.23878737670648,116.17338301418691,122.67839037117068,143.8832863018763
2023-02-15,159.02200474631684,112.69494811449228,108.77469281773719,117.87462598675621,124.38407870372899,142.02344185366957
2023-02-16,153.6989269008052,109.69469881042791,107.17011093350173,114.36728253891886,123.08680021181677,138.23957315806075
2023-02-17,149.40970830976678,107.98329125644925,105.86848795540136,113.26030912827456,122.15791814085617,138.59227206607866
2023-02-21,144.28920657267997,105.72788205913366,102.99595766901113,110.20741338543583,118.89876617224556,137.95095533007
2023-02-22,144.98078297869273,105.24248586676525,102.83886434716578,111.61734007941789,119.24310491233277,137.18134069515077
2023-02-23,165.3091285374786,106.60660355767249,101.9860831329326,111.65229554364949,119.6354721633153,137.91887160042035
2023-02-24,162.66852158901125,104.28424383902582,100.0112104641132,108.94896333312265,117.48139779220219,136.59613346634097
2023-02-27,164.1704291361865,104.67758879606836,100.84156211339877,109.25192550645639,118.45031809738114,135.9146997283742
2023-02-28,162.17950793769177,104.36793690340771,101.05475093941617,109.79958481940729,118.04190825673504,140.2437080104188
2023-03-01,158.5609404552434,103.04984155501806,101.39138442149687,107.39920589221823,116.3603272340888,139.02518029822073
2023-03-02,162.86411369580748,105.07509973800147,103.23159333341856,107.35259564324411,116.84078604470882,139.9150348799501
2023-03-03,166.88786010256868,106.82419766471656,105.08303861961703,110.58028648723277,120.94074093190447,148.50889632463603
2023-03-06,164.54071475981945,107.48533815679274,106.74370737130336,109.24027072171387,123.18289445539317,148.2283241088497
2023-03-07,162.7101184629561,106.34717929416426,105.31867428402447,109.00722836683929,121.3971916907078,147.91566816341378
2023-03-08,168.94940918751425,106.15887153687768,105.75627103689365,109.43835761235687,122.41416532130589,148.28445829584064
2023-03-09,163.74419137713497,105.58141755889268,103.59066501716808,107.49242639016646,120.5884119151403,145.6549745329226
2023-03-10,160.45336452943087,104.02062738946418,101.69434332763194,105.72128137912998,118.91478394738526,143.90733675921754
2023-03-13,160.46032182359627,106.25093587278498,102.23294653489563,107.702168065552,120.49230526430196,145.02162936974227
2023-03-14,168.12494979831524,109.12561610396831,105.44210166664536,110.5569769177477,122.18994128387368,155.53953974162232
2023-03-15,169.27777744764384,111.07140616007678,107.84334335077837,112.0950795739096,122.51025956488229,158.52974334497068
2023-03-16,178.45153733833556,115.57384018260115,112.56733619680945,116.56956568546892,124.80047882105205,164.28573720266405
2023-03-17,179.737127787266,116.92538786563887,114.0260265865916,115.2994608484132,124.1197916175546,156.8142139807073
2023-03-20,180.959822160344,113.91260785544924,113.57721073288798,113.85457869019955,126.04166408182043,158.57785659954914
2023-03-21,183.04891999358753,114.56119144023731,117.72889124882498,117.23374617585709,127.54711161423937,162.0651235544429
2023-03-22,184.9283642406564,113.93773477060685,115.98968015457658,115.00815345982198,126.38599041464573,160.18119162920686
2023-03-23,189.9798806002796,116.18475959581562,118.49191101966167,115.0198082445645,127.26684397471102,163.76464807356948
2023-03-24,187.10129680090662,117.40241933677258,118.3123708594263,114.34397296943379,128.32386824678937,165.1515043073641
2023-03-27,185.3685299417704,115.6491423245855,114.96856924422126,114.23910657673902,126.74634692987267,162.6102631408787
2023-03-28,184.52313190141714,115.16794486856121,113.3640046334282,113.30691937724866,126.24184284565018,160.87863021231038
2023-03-29,188.5335779915013,117.37734482394062,113.76794408379416,116.81426282508605,128.74026836411244,164.62243126554517
2023-03-30,191.3213564159706,118.8585882630057,113.20691131158284,118.8534145452247,130.01350158242218,166.6185698652829
2023-03-31,194.07416141737042,120.6369921903504,116.39363687838495,120.356561737155,132.04743643635646,169.90539988913838
2023-04-03,195.38772793401014,120.18926671984629,117.1005265981648,119.33116292971239,133.06445969600222,170.81129633569256
2023-04-04,191.81042348221652,120.16833199074209,117.50448332197317,121.12560862023795,132.63204180353944,172.13404680966798
2023-04-05,187.81391868792642,118.97993894867047,117.22396261750691,117.80470616829706,131.13455973327365,169.53665911629562
2023-04-06,188.90390367632907,122.01785897459916,121.65620702151614,118.92332547368787,131.85528517098945,173.24034316757232
2023-04-10,192.6907548844445,121.09311513354275,119.43446231401253,119.0515014358677,129.74925171803355,172.15808492711318
2023-04-11,189.82615244206033,118.34807170577038,118.2113903151954,116.42973493854656,128.76428882319107,171.43662056646045
2023-04-12,185.11701240701882,118.62428436436439,117.41471324185548,113.99440943712192,128.2037659513963,171.55686051327058
2023-04-13,184.8934041713185,121.2813966896665,120.54532603104313,119.31950814496987,132.5759857941814,176.647450157926
2023-04-14,186.95453929058434,119.73315687723536,122.16113565283422,119.4476841071497,132.29571815465303,177.56135519699657
2023-04-17,188.6593567894745,120.84620847557836,118.90710411774683,119.71568192625588,132.31172352253085,175.45293588338106
2023-04-18,193.3056007486636,120.66629819098,117.25761992001014,119.20298696753258,133.30467669405033,174.67532499584146
2023-04-19,195.15012498758938,120.69974397533736,116.8985568729818,121.53344607626249,134.23358357953475,172.91967862962
2023-04-20,189.37201873768913,119.72058031907513,118.14407571018894,120.96247719382653,133.44878704126012,170.81129633569256
2023-04-21,189.47677876211844,119.57414201999698,118.27873946708667,124.63295206807533,132.14354308719476,170.66698125174918
2023-04-24,188.93882368447214,117.90453842131967,118.90710411774683,123.7590299023016,132.3917875837056,170.5868336271051
2023-04-25,183.34231483064764,115.2474522971804,116.52828336184027,119.51759503561289,131.1425996389983,166.38608622428305
2023-04-26,188.33791911604706,123.59537858649705,116.37119003999491,122.32580252883048,131.13455973327365,167.86915662733858
2023-04-27,190.22441413340258,127.55382406626588,120.7248575545573,127.96550930475877,134.8581775518884,191.2458062863379
2023-04-28,193.8785292493794,128.5706649946831,120.44432821336986,122.87345295178538,135.8751511824865,192.65676233705784
2023-05-01,201.99028021937778,127.85931652432667,120.28724352824571,118.91167957894133,135.80308980525064,194.94950267751062
2023-05-02,197.09946266587087,127.79651233701404,118.17772437597098,120.75273551844101,134.9622744794037,191.7909335328777
2023-05-03,194.24884158047558,127.37393998283038,118.27873946708667,120.77604508792605,134.08943601053923,190.01924530183138
2023-05-04,192.5719600880999,127.79651233701404,117.47082601946994,121.1838736539546,132.76015919013335,187.20542817218004
2023-05-05,200.38331886567798,129.98915664876122,118.45825371715844,123.11815898139848,138.99018039662542,186.61216299126977
2023-05-08,203.67409229845563,129.1522915078494,120.9268359164615,123.31624587204149,138.93409957274352,187.0050035810378
2023-05-09,199.62175555233136,128.46185156543433,120.45555595092546,124.23677828678932,137.5487667429796,187.08515120568188
2023-05-10,201.81561341000423,130.68378877722972,125.39271171281037,128.39664744027235,138.98212808363883,186.85265522478602
2023-05-11,199.6706168562685,129.7632109210639,130.8011647136737,130.7154517642597,139.13430315109713,189.02518029822073
2023-05-12,198.0077567820765,129.2861925505116,131.85593292653226,128.47821315347804,138.3805247676244,187.43787479349183
2023-05-15,202.29069911926132,129.49122975026754,130.73383283522483,129.5735228893838,137.97960891317845,191.48628617995814
2023-05-16,204.1073140591358,130.44526649137217,134.1000899255411,132.1370332429843,137.97960891317845,191.45423946999654
2023-05-17,210.84962649946547,131.67818840967982,135.59244625454767,134.5840135291515,138.47678030560576,194.39636683845447
2023-05-18,221.32994219770507,133.5736722331474,137.8254186996069,137.6718736262178,140.36918552280974,197.89163004596858
2023-05-19,218.4373770413432,133.4981997836046,137.7468504468812,135.45793569492523,140.4574259695903,196.92160315980314
2023-05-22,217.8225445308557,134.68919984137818,140.31643046385759,134.01305353671157,139.68758018193017,199.07010245568867
2023-05-23,214.41294959427023,132.2065872605492,137.52242524658703,133.9897439672265,137.57060352396016,197.80344914901607
2023-05-24,213.36489532310256,131.61529251829725,135.65977813299654,136.04055047210767,137.7951625574642,199.783570563721
2023-05-25,265.36116135267156,136.67695105976497,138.55474662105556,134.00139875196902,138.7173198924638,202.57336191582317
2023-05-26,272.1104043797035,139.59984798085324,139.82270365993153,139.95572248597358,140.67390787558395,210.06896027491314
2023-05-30,280.25014477114274,138.89531181283357,138.76794408379416,141.76183185123764,142.17341232954283,210.45376759237277
2023-05-31,264.3410697954816,137.7127485294925,137.87030373966573,140.50338179892447,142.13334928080064,212.21745957079867
2023-06-01,277.8676521008391,139.46983781087187,138.8240482246874,143.05522847778644,144.4106649845728,218.5425447531009
2023-06-02,274.7724440673944,140.6524272953758,139.89002690165918,144.7797721298448,145.10029782391513,218.5425447531009
2023-06-05,273.6825392013814,140.8788970463298,141.39363687838497,146.00326671792638,144.00172163166414,217.56455863400313
2023-06-06,270.0703280951763,139.93113548372392,142.85232726816707,147.52971458934573,143.70503918461458,217.34811685782807
2023-06-07,261.85983963370177,135.61176898591935,137.45511927830177,141.2607827872609,142.59040799543808,211.31953469707284
2023-06-08,269.0920604253684,136.40014887500723,137.0511711912146,144.7797721298448,144.79557547114095,212.10516651702486
2023-06-09,270.90878219509574,137.04177605106293,137.15215173544547,143.8242842508654,145.10831291511596,212.40184229711608
2023-06-12,275.88398197860505,139.1637296254845,138.73429541801212,147.48310434037165,147.3776135276873,217.2920196905253
2023-06-13,286.6448462241022,140.18693743647037,138.94747560730835,147.58797962306238,146.99272785564298,217.5084614667003
2023-06-14,300.44539368703676,141.46599960252837,138.76794408379416,147.3083181292177,147.50592943047195,219.1358469536992
2023-06-15,298.04166858348356,145.97828526227823,140.36131550391642,148.11232936652823,149.15780746807982,225.9339450302056
2023-06-16,298.314138123121,143.55859477399466,138.61085076194883,146.22465428805845,148.28375308754713,225.2685778368557
2023-06-20,306.1122900601432,141.76372341580893,138.1283603322996,146.5625719256238,148.35592613014026,227.93811690225172
2023-06-21,300.7807593025266,139.88081615050157,135.26705778346496,145.4556074049755,147.51393211441084,225.78162135374583
2023-06-22,300.64102585502775,142.45988831230318,138.1844817466352,151.6546193886012,149.95164890029474,228.37902138701418
2023-06-23,294.939115997657,140.49305872243914,137.27557911806642,150.69914039961776,149.69507913103507,231.4654514995195
2023-06-26,283.9197235083164,137.80081063777692,132.7872564833275,148.36868129088788,148.56440535219502,223.24036784736435
2023-06-27,292.61225497321345,140.3043841488729,132.7760373824931,150.52434529846784,150.80168282174884,230.11865056820287
2023-06-28,287.3087136370377,140.8411542712677,134.8518819588222,150.36121387205642,151.75590052155167,228.70773153717096
2023-06-29,285.2473247968714,140.5056352805994,133.64002906083948,149.03286178127607,152.0285128804749,225.6934651365854
2023-06-30,295.5889619924088,142.80791835822467,134.31327011483728,151.89932541821432,155.54076058500738,230.06257808069205
2023-07-03,296.36460013886546,141.73854409832563,134.5377039518527,151.7361939918029,154.32997311594488,229.2929634457728
2023-07-05,295.69386890788576,141.80567147750585,136.61354852818178,151.92263498769935,153.42379633429928,235.98683876050188
2023-07-06,294.19846462800143,143.1140658453563,134.77333961626013,149.5688663094844,153.80870682086743,234.07886871782063
2023-07-07,296.99350748246303,141.4156671687246,134.06641534959547,151.2234901430836,152.9025672610076,232.908429580409
2023-07-10,294.7365398892321,139.15531905221485,130.66652686693956,148.1356300460173,151.24269894672273,235.77039698432688
2023-07-11,296.3086747109101,139.42371066370296,131.44073982844708,150.05826058871864,150.81770059688856,239.12944007968613
2023-07-12,306.76907999532887,141.4072827966178,133.4492870732121,152.41202926693362,152.172883780185,247.98785655512555
2023-07-13,321.26840152561044,143.69693691375718,139.74415268064826,156.4903327072109,152.79030635514846,251.25064846153583
2023-07-14,317.7186858833096,144.77891393297926,140.73158901505795,156.93310784747504,152.91060716673226,247.61102081049424
2023-07-17,324.65036759150826,144.9844096530848,139.86759733671158,155.62805643618373,155.55681558193285,249.01396826869777
2023-07-18,331.8684868426016,150.75475724688135,138.86895053818864,154.77744383989508,155.34831154535425,250.1603692886642
2023-07-19,328.95464919179545,148.9054005705827,136.92773517187248,157.72547319003905,156.4469125521291,253.33490625874592
2023-07-20,318.0750435648801,145.46243676840623,133.752237342626,151.43324070846512,154.86719514985242,242.52049286531894
2023-07-21,309.61305092238564,144.16245297382545,134.67235043530803,151.47984206744326,153.91296504278768,235.89870722313347
2023-07-24,311.7302850681177,144.72436311195926,136.36669376293997,150.0815701582037,154.56247279707824,233.77429540427718
2023-07-25,319.186100741753,147.18598856135833,137.12971353377665,150.46609804474318,155.26010832035948,236.06704808462604
2023-07-26,317.59986437950187,141.64631600515062,145.0516251372807,149.3241602798713,155.96577134210347,239.35390278827353
2023-07-27,320.7303796793061,138.68986849505367,145.1974993582916,149.44069034730458,154.93935578518366,249.8877809856023
2023-07-28,326.6697722995132,141.89789957068083,148.76572617379088,154.05500720578624,157.03227476228926,260.9267804865769
2023-07-31,326.5230414966542,140.870512674223,148.92277631203024,155.7678782931101,157.52944615471657,255.41129120229579
2023-08-01,324.9717919112041,141.04662379021042,147.60996014325903,153.4490828591187,156.85584349777588,258.70614215856375
2023-08-02,309.33361073485116,137.3395129649249,144.05297833875775,149.39408898832647,154.42616661761664,251.97213750198054
2023-08-03,311.0525030668514,136.9872645317872,144.13149477115624,150.20974612038353,153.29549283877657,251.07428666763082
2023-08-04,312.205464253496,137.4569334761646,143.7500021591803,162.63109743711195,145.93426434118183,249.1022232050264
2023-08-07,317.35530413891564,138.43404034114437,147.58752194159018,165.71894864418226,143.41633460698014,253.77588478288448
2023-08-08,312.09364010504845,136.73141017671506,147.44164772057925,163.06222668262956,144.1781404889156,250.63335750307633
2023-08-09,297.34983845657035,135.1295103828003,145.4892132534287,160.6269011812049,142.88712766427338,244.67693905424076
2023-08-10,296.1899066220287,135.42306821119027,145.52289646609552,161.4542042080085,142.71067158523616,245.10180167417838
2023-08-11,285.4779170342003,134.61791957788878,145.37700497164218,161.27942688685053,142.75886139053645,241.81502100990696
2023-08-14,305.72796966459504,135.8885318689329,147.3631053780172,163.79632699147692,144.09981344440976,245.46254619440074
2023-08-15,307.0346323019957,134.97432089533567,145.62385973688401,160.41715061582335,142.48583959196984,242.0635218359396
2023-08-16,303.8623198222725,134.64655744886613,144.4120327490649,157.38756444246968,141.77927084010562,235.9227206607866
2023-08-17,302.87005744174417,133.16726599643218,145.78096169545057,156.117450715418,139.71564540839495,228.54743628788285
2023-08-18,302.5556037699454,132.9991855368533,143.02064832756804,155.23188265489773,140.1090920911646,227.07234979755165
2023-08-21,328.18614193801506,135.26849445105222,144.04175060120218,156.93310784747504,141.1930897506587,232.40343167572334
2023-08-22,319.10920995518023,135.51223076831374,144.8384017643785,156.43206767349426,142.30919740400378,230.5595550529653
2023-08-23,329.22725226874894,137.42017324470876,148.53008187266227,157.9119141859355,145.43273799982035,235.88266535830863
2023-08-24,329.55562052887853,134.46583492821995,145.62385973688401,153.62386018027667,141.62669874026588,229.87817067458263
2023-08-25,321.5548657759683,135.73080086867336,145.7361025655553,155.27848401387584,143.41730237340994,228.8760970784556
2023-08-28,327.26374628123614,136.03337189707815,147.00404233098888,155.1386621569495,144.6859945338567,232.69206184361008
2023-08-29,340.88249604212086,138.01272564277676,150.99866407196532,157.20112344657323,147.84162030900038,238.88891082648183
2023-08-30,344.2365528089675,138.17242173024883,152.46856492586065,157.38756444246968,150.67608410932485,236.5721200286878
2023-08-31,344.8724308004621,137.73956541965288,152.79397930710695,160.81332439710937,150.85273870455282,237.205403492388
2023-09-01,338.960920771843,138.1177792051589,152.22172743406122,160.9415003592892,152.12944595620036,237.598207062468
2023-09-05,339.2334704338701,140.1727888085401,152.34516345340333,159.95106590607418,152.32216795561575,240.62051907525807
2023-09-06,328.8700399483558,139.8912180121466,150.87522805262319,157.72547319003905,146.8700448497704,239.834862575514
2023-09-07,323.139740057596,138.6430863188139,151.77285976003043,160.6269011812049,142.5741668895838,239.43403807302158
2023-09-08,318.46465203814336,140.47535983694493,153.02964088167798,161.069676321469,143.07200827415483,238.80875086194175
2023-09-11,315.7112995337478,142.01765198541275,153.63554142050572,166.74435634162086,144.0195136452585,246.56084629968475
2023-09-12,313.55894507389854,139.42473250905348,151.86266438703288,164.56536498456384,141.56246634530203,241.83103819493974
2023-09-13,317.8567100531632,141.22758212132214,153.3999143928195,168.78350806175953,139.88427250516017,244.55667442763863
2023-09-14,318.5275214065325,142.3370441603569,154.95960260027493,168.63202253009464,141.1128023587694,249.89580191801474
2023-09-15,306.78040395972863,138.7733585004236,154.1741446277694,163.58657642609538,140.52660886206053,240.7487799544806
2023-09-18,307.2416418493129,138.28591206706344,155.08303861961704,163.10882804160767,142.90339358465152,242.54453098276412
2023-09-19,304.1249343079866,138.1135870191055,154.89228799526848,160.37054925684524,143.78667896805328,244.5647447196351
2023-09-20,295.17310008281316,134.80204824970338,150.06733187844884,157.64389858683734,140.91206526815319,240.23571175779844
2023-09-21,286.63352225970243,134.28093332210176,146.36445857949428,150.69914039961776,139.65941569737,237.07711793337344
2023-09-22,290.777585788211,133.22193472268492,146.1512524800345,150.45443437000466,140.3499790813564,239.76269886359432
2023-09-25,295.05427857900537,133.44467080793513,147.11623333933298,152.9596885798845,141.38579934281213,241.16567100158989
2023-09-26,292.8809854680019,131.17533569257338,144.26615852805398,146.7956231704944,138.07761387509063,239.6664970342294
2023-09-27,296.7733044483216,131.44849591569724,146.476632314396,146.7956231704944,136.8490592069576,238.68846155554752
2023-09-28,301.112973437358,131.80570946919195,148.462732720771,146.7956231704944,137.05782379603653,243.6748654581137
2023-09-29,303.9780966752747,132.6924223223951,146.8357299083091,148.12398415127075,137.4753653814563,240.66857063035644
2023-10-02,312.9440324410214,135.2349045602993,150.54983094481932,150.85062593128265,139.51490831777875,245.9676181384625
2023-10-03,304.10394224190594,131.7006559068098,148.59737920422634,145.32743144279567,138.4308734364989,241.2538025389583
2023-10-04,307.7657758147496,134.04137609031227,151.7504561052464,147.9841534043484,139.44262360982833,244.97354079495585
2023-10-05,312.28713567598294,134.20946965047256,151.55968820745542,146.77231360100933,140.4463214701712,244.3402326514636
2023-10-06,319.79241357147754,137.52943209372575,154.37612298967358,149.10277270973924,142.5179619930827,252.8699883363303
2023-10-09,316.37514023922006,138.6052649402633,155.31866564730325,149.45233624205113,143.72244657308943,255.21883818398194
2023-10-10,320.04394445996076,138.0043150695071,154.91470892349489,150.87391772077572,143.24063537092007,258.0086912355642
2023-10-11,327.0880111733343,139.69790583275875,157.70870550404425,153.61221428553014,144.37282283571443,262.80266679960846
2023-10-12,328.0593616101716,139.16838033188753,155.93581119712903,154.1948290627126,145.10353611927647,259.8685356837709
2023-10-13,317.68890706183385,137.7269495597484,154.12926822443177,151.23513603783013,143.61003678008723,252.27676017510805
2023-10-16,322.11946154816354,139.79033043465503,156.08166814469755,154.45118098707226,143.50565448554778,257.45551837681995
2023-10-17,307.04592955893224,139.54662031855636,156.7773733105278,153.19273093475908,142.24496500903993,259.7402994843404
2023-10-18,294.872534291882,138.72711344802192,154.80255246203555,149.30086849037824,141.1930897506587,254.1045455734572
2023-10-19,294.2087737087993,139.23562561630047,154.5668563405798,149.61546766846254,140.88797036550304,250.7695899551272
2023-10-20,289.21920531008465,137.28150359041084,152.15439555561235,145.8517811862615,138.81632984259156,247.43465901658928
2023-10-23,300.3163432248207,138.39513161433618,153.1642700916909,147.4714495556291,138.9126598241444,251.73163292856827
2023-10-24,305.12419404387515,138.9036437826147,155.75628831033606,149.80190866435902,139.26598142186228,250.56121847094866
2023-10-25,291.95848298137014,143.1649092018353,140.94478647779653,141.44721489316137,137.38703808384233,240.1234433838167
2023-10-26,281.8047060820305,137.79418174357997,137.20826451305993,139.326497459817,134.00656790817038,231.160828826392
2023-10-27,283.02061675945396,138.60103345246566,137.08482849371782,148.84642078537956,135.0744981634771,237.87884097773437
2023-10-30,287.63985947334083,141.7528761343957,139.65439123725176,154.63762198296874,136.73662459943154,242.6327118797166
2023-10-31,284.9773390513122,142.08907635529772,139.2280049484958,155.08039712323284,137.12208100552422,241.51836990960777
2023-11-01,295.7740981273595,145.43424431719706,141.8873291354262,159.63644894799788,139.69155050574483,250.00002467979203
2023-11-02,304.02702474786986,146.3798049821249,143.05429699335005,160.88325310556453,142.5822192025704,249.21436818004796
2023-11-03,314.50233279675814,148.26248953754816,144.8608658762109,161.5008233469786,141.84349082780756,252.20459646318835
2023-11-06,319.7154960774415,149.83000030524354,146.1512524800345,162.82918432775494,143.91511894345712,253.1666147568374
2023-11-07,321.141113755966,151.51098830917215,146.95914865420883,166.2899175266182,145.9947993720933,255.5876529962008
2023-11-08,325.46676132681876,152.63305310752997,147.93533997762054,165.55581721777085,146.85397744558298,256.35721827153594
2023-11-09,328.0943216795095,151.5782204930037,146.14005928936368,163.83128245570848,146.4685582612761,256.9745339097875
2023-11-10,337.77291939347083,155.35201327770127,148.77693663790407,167.28035197983323,149.86957486268884,263.56421114253124
2023-11-13,339.76449492481413,154.09551031284317,148.21587795552918,166.15007788969987,148.58314031769538,263.90094222510044
2023-11-14,347.00430063603153,155.60416016823243,149.93266812155116,169.89047258240782,150.7057498725774,269.6088104883193
2023-11-15,341.63740919712893,155.66733117182474,151.05475093941615,166.86086862906217,151.16404931340693,266.72282964674827
2023-11-16,345.77436854042446,158.40448804958413,153.64676915806132,166.4297393835446,152.53087050838508,267.9092612894007
2023-11-17,344.5025591425088,155.74315733706578,151.8289639009237,169.168018168307,152.51480310419768,268.5906950273674
2023-11-20,352.26641869677326,158.93927998418496,152.88373211378223,170.27500046894727,153.92986373352377,272.5429169243648
2023-11-21,349.01684152599233,157.0990675137153,153.69166283484137,167.67652576111922,153.27859414804047,270.14591680244666
2023-11-22,340.4354131080363,159.11191944609692,155.3972079898653,170.95083574407798,153.8173050533785,273.7614322966669
2023-11-24,333.8665789949674,158.9350353958059,153.37747619115066,170.9857912083096,152.73993287175009,271.14801507836575
2023-11-27,337.1230199837926,159.43194044894906,153.0632722740176,172.13935708793602,152.5952021614443,268.3181314040975
2023-11-28,334.18097925183986,161.15423458608515,153.94969351731163,171.32369995587894,153.08564881791054,271.75726042462077
2023-11-29,336.4102512057251,159.5330245351619,151.46993540078014,170.49639692907533,152.25750130648467,266.31393485225937
2023-11-30,326.8364535773879,159.55828245613367,148.70960475945523,170.22838132997717,152.72384065303885,262.26553580568907
2023-12-01,326.80149350805,157.70546722634097,147.95781272617415,171.32369995587894,153.7610381205678,260.3976704250699
2023-12-04,318.03132344761036,155.44413656622496,145.0516251372807,168.771844387021,152.30574074083265,256.5496219302658
2023-12-05,325.4395197143476,156.8674754354273,146.98160412932003,171.148922634721,155.51379960485352,255.16276569647113
2023-12-06,318.0103580889929,155.3009603119196,145.89315270379467,168.39898017522003,154.62938516061698,254.48935289091682
2023-12-07,325.64911988559595,156.20635459422326,153.64676915806132,171.148922634721,156.19720399871161,261.8165857087222
2023-12-08,332.00894139160704,157.5875488930074,151.46993540078014,171.77813877088158,157.35501245937243,266.75488869660586
2023-12-11,325.8657708271308,156.353723034582,149.5623773369672,169.99533897510258,155.3208542747236,260.76646055749677
2023-12-12,333.0642333853038,157.65071989659972,148.698394295342,171.84804969934478,156.55098466512055,267.9333240866379
2023-12-13,336.0764346231013,157.64648840880207,148.75449843623525,173.43276260448079,159.16405328373077,268.35014109437105
2023-12-14,337.9074715931075,154.0924185756288,148.0476000797342,171.77813877088158,159.28465186960068,267.0915950993831
2023-12-15,341.68136968156756,156.1137072824429,148.7881298285749,174.74947769051062,158.85048455320705,268.4944438384184
2023-12-18,349.97708165813555,156.92220966458711,152.37881211918537,179.52692597540369,157.49973076241633,276.2706761127748
2023-12-19,346.67136539969357,157.17905966384694,153.33258251437064,179.20064534258887,158.3439704925534,280.87222333829726
2023-12-20,336.2371334292176,156.06738362655273,155.2288955671856,177.25471412039846,156.64747594107843,280.00643155380516
2023-12-21,342.3802505787674,157.29700419834333,157.5628312830333,179.25891037630552,156.52685254068467,283.8624269416456
2023-12-22,341.2620892166815,157.7349304339476,158.76347371690278,178.7695160970713,155.65853031515934,283.3013071898651
2023-12-26,344.4000024837941,157.76861202877043,158.79713965612723,178.75787020232474,155.21632309304107,284.4556797826599
2023-12-27,345.36451581005036,157.5201857033617,157.50670986869767,178.67629559912305,155.29670974302576,286.8607008369905
2023-12-28,346.0982499467353,158.02970661640933,157.34962518357352,178.72291473809315,155.64243809644807,287.2535290868625
2023-12-29,346.0982499467353,158.34974071984288,156.74372464474575,177.0449813350089,154.79818595904908,283.75825353945237
2024-01-02,336.6355019504127,156.1726860999818,155.0381622162794,174.70285855154052,149.25851721309076,277.60943143188695
2024-01-03,332.44921392257385,156.05897305328307,155.87972432967817,173.0016333589632,148.14094550283903,276.1504361659647
2024-01-04,335.447447157114,154.93884714097496,153.04085134579117,168.45724520893668,146.25950830517297,278.27484798482095
2024-01-05,343.1280862560256,154.8588287896805,152.3002697766233,169.23794687676218,145.67257037274888,282.14690991727826
2024-01-08,365.1846584052026,157.78124098925633,155.78995424956048,173.73573366781054,149.19417315276962,287.5261173899244
2024-01-09,371.383727690171,158.24447754815807,158.15753863119025,176.38079195462475,148.8565095195958,286.54001161924606
2024-01-10,379.84008505792883,161.1837108942732,159.6499295070816,179.1307344141257,149.70072443520903,296.9937545318268
2024-01-11,383.13883066847376,161.96695535544563,159.4254956700662,180.8203137119565,149.21830527720553,296.3524254559221
2024-01-12,382.3560883368041,163.5839863208969,160.0650794215608,180.16778800631084,149.4836469806432,300.21644177617503
2024-01-16,394.0413245913574,164.3419466599347,159.8855565347678,178.46656281373353,147.64244653338622,294.58076190466784
2024-01-17,391.7420256689435,164.00509140996186,158.74101824179155,176.77698351590274,146.87861826775764,295.31027187752505
2024-01-18,399.10818438859303,165.85790663975456,160.99639434163484,178.86273659501953,151.66253587559783,301.53120833742605
2024-01-19,415.7694483580151,167.87918224598727,164.25043451344342,181.00675470785293,154.01830269649506,307.3993965297251
2024-01-22,416.9086552011082,166.96960887821163,163.81284639729537,180.3542290022073,155.89168758117452,306.0606165308209
2024-01-23,418.4391797951097,167.976021743821,164.99103335605366,181.79912005041695,156.92886023417964,308.8023439879286
2024-01-24,428.845449051608,169.51723964461266,166.85368046964416,182.78955450363196,156.38214664490266,313.2115369143054
2024-01-25,430.6275846564823,170.4899840159806,170.41067954758782,183.81496220107053,156.11679253420309,315.1996422417346
2024-01-26,426.53218212593674,170.09416304905028,170.76975986805854,185.4113210009531,154.70975940333972,315.9692815564459
2024-01-29,436.5540775719604,172.53232535713167,172.2509057329519,187.9049115360944,154.1549935010762,321.48474616093495
2024-01-30,438.7135362170227,172.05645983774406,169.9506186828862,185.27149914402673,151.18814421605708,320.71513152601574
2024-01-31,429.99859719049505,167.4201771748832,157.20378550944736,180.84362328144155,148.26150686692318,312.7626114971305
2024-02-01,440.4817839410294,170.0310051460394,158.39318293231887,185.59776199684956,150.23942293328517,316.482300393544
2024-02-02,462.37771069901646,173.1639567895663,159.7620859685409,200.198086890643,149.4273428260467,380.7840671211368
2024-02-05,484.54602687425125,170.81845489384665,161.2208281786502,198.45024255909559,150.89872001723123,368.29406860686026
2024-02-06,476.79546763666394,170.7510655030381,161.69213405434985,197.09857200883417,152.20122196641205,364.53427504838476
2024-02-07,489.9063749846682,174.35566427873636,163.30789185581375,198.70659448345523,152.28967333664525,376.4550588390922
2024-02-08,486.70553893424,174.38094840087098,163.7230763171777,197.9025832461447,151.41329879813335,376.78374430945695
2024-02-09,504.1216893512069,177.0927818547515,167.19032258844607,203.2742922029668,152.03315319643326,375.2686025166478
2024-02-12,504.92521008925166,174.86521139294683,165.54084702743057,200.81565713205705,150.6645825775243,375.90193533993204
2024-02-13,504.0867025744058,171.10057591465966,162.85905872866772,196.50431133690515,148.96592916247508,368.8632339708453
2024-02-14,516.4707396037694,172.75435401098537,163.75670770951734,199.23094422692108,148.2494470083362,379.413228072375
2024-02-15,507.79065381672683,171.51822245023055,160.1997259050161,197.85598188716656,148.0159919680349,388.0311152946101
2024-02-16,507.4760933150753,170.46356014326273,157.6750222913774,197.51805535960523,146.76816882213893,379.44528712223257
2024-02-20,485.38464121895004,169.92777256447417,158.34825470865403,194.68655607689456,146.1643694207645,378.18659304849234
2024-02-21,471.54686355230496,169.6704116425391,159.9528711397743,196.44604630318852,146.7762211351255,375.6025694625087
2024-02-22,548.8847864741655,173.66560425318235,161.68085449646705,203.42577773463168,148.42656067225525,390.12815722409596
2024-02-23,550.8346449479795,173.11294312552886,161.5350320957833,203.90352611911936,146.93721776580946,388.44282358539135
2024-02-26,552.756567415279,171.93168990032947,154.36492979900277,203.6005550557896,145.84235134487275,386.60511691064283
2024-02-27,550.0238597799425,171.9063664764506,155.83484792634053,202.21392904129664,147.02579320866184,390.8664532029187
2024-02-28,542.7695252087406,172.00762087022184,153.02964088167798,201.77115390103245,146.0516742607381,388.434852012563
2024-02-29,552.8963008627779,174.50512881212182,155.3635420506409,205.9659696287511,145.51229336325636,393.3381837351286
2024-03-01,575.0296302612117,175.28982743783152,153.88241345918993,207.66721260132041,144.63478976390968,403.10479187778174
2024-03-04,595.7024353267094,175.0451347781266,149.62972648885847,206.92146639772653,140.96377873583896,399.80653511021256
2024-03-05,600.8115730382017,169.86870204286538,148.86668944457938,202.88976431642732,136.95463259864144,393.4104461662164
2024-03-06,619.933742789903,169.6324461575929,147.44164772057925,202.17897357706502,136.14957500165016,398.12117679171587
2024-03-07,647.6735028647427,172.60669735783546,150.7854579725055,206.03589833720628,136.052972060335,411.04176363768283
2024-03-08,611.7425104094007,171.37478418429689,151.94120672959497,204.32300946989042,137.44571202546564,406.0340610745878
2024-03-11,599.483624552625,170.65761905579132,154.47710353390448,200.37288199179292,139.07190703089756,388.08975448049284
2024-03-12,642.3897517588033,175.1970360196556,155.40843572742094,204.3696108288686,139.4583187961581,401.0584175613503
2024-03-13,635.2259020729465,175.12107884860038,156.85591565308985,205.7329272738765,137.7677425086193,397.703915547726
2024-03-14,614.6499382690372,179.39047972888085,160.57001668960004,208.28478284273447,139.27316522651444,394.7024826390003
2024-03-15,613.9021292992422,175.67794526288873,158.4155865871029,203.2393367387352,138.9672393693339,388.4990194718623
2024-03-18,618.2214739087781,176.05762631351342,165.7091421766679,203.30924766719835,139.85278287440525,398.8354593328855
2024-03-19,624.8122348491398,177.78310389193385,164.97978834505568,204.96387150079758,141.75270689233326,398.24156481727823
2024-03-20,631.6195933161101,179.39468501551568,166.8985741464242,207.5856379981187,143.83779688716686,405.6889388627256
2024-03-21,639.0489151862441,181.1412414294359,165.61940664343504,207.5856379981187,137.9609483912496,407.486590234996
2024-03-22,658.9959182316294,180.87546993423115,169.1763884479363,208.42460469966082,138.69354757862357,408.9471403278168
2024-03-25,663.9791035466376,178.39482244061472,168.39091320198838,209.40341103812128,137.5423273740427,403.6826445285642
2024-03-26,646.9186965395874,177.8843713862865,169.0641628927074,207.76043309926862,136.62458702428697,397.9607087838835
2024-03-27,630.7668774308381,177.79155376694774,169.2885967297228,209.54323289504765,139.52272489278886,396.33157103164984
2024-03-28,631.5077424601994,177.49202207343166,169.35592860817167,210.18411270594677,138.04951142684007,389.6867344637007
2024-04-01,631.5566705327944,179.1162452580808,174.4726331670131,210.871593875824,136.88217418902414,394.317231085284
2024-04-02,625.1895044744015,177.79577215416398,173.42909269171017,210.54533102300118,135.92418468159738,399.1484237757219
2024-04-03,621.7789080079458,177.37809941743024,173.83301486863374,212.54952727890824,136.57624833184363,406.667986212881
2024-04-04,600.3991563913597,176.29389529936728,168.90707820758323,209.74131978569065,135.90808005562425,410.02253758608924
2024-04-05,615.0973416926803,179.5170051442053,171.11761245097367,215.64904216071707,136.5199069554614,423.1998436288376
2024-04-08,608.9818133526232,179.12468203251328,173.75447252607168,215.78886401764345,135.6102065114303,416.7075281756846
2024-04-09,596.5481538566211,179.83768117612829,175.71813473077788,216.34816922534088,136.59236536507873,414.8216465468775
2024-04-10,608.3249165875848,178.5635841304273,175.20196972518298,216.67443207816368,135.07082561394853,417.172989053525
2024-04-11,633.3249182568012,180.53375436855262,178.8712116317979,220.2866508086918,140.9154648579195,419.8453662950055
2024-04-12,616.3413753288606,177.98981796611116,176.9860917696538,216.88418264354522,142.131103566393,410.8090085189706
2024-04-15,601.0701546969714,174.50512881212182,173.76570026362728,213.95944508289432,139.02359315297807,401.4436197554825
2024-04-16,610.9528241372973,174.9016834116115,173.2495352580324,213.6098904405784,136.35891032477744,401.06646317355467
2024-04-17,587.3295387814733,173.74574050970958,174.45019496534428,211.2328121928784,135.24792687060565,396.580392694979
2024-04-18,591.7746221277877,170.5521331742224,175.05609550417205,208.83244215568536,134.4750909328226,402.70362185820073
2024-04-19,532.5699450100009,168.3794803497174,172.9016999485597,203.48404276834833,132.83280370867948,386.0673689219225
2024-04-22,555.7597682379758,169.15574220099464,175.35907168374953,206.513628941702,133.50903670514737,386.59704661864635
2024-04-23,576.0631556723948,171.9443581625596,177.58078184436837,209.20530636748632,134.36235855101046,398.12924708371236
2024-04-24,556.8710657820176,172.5729371595241,178.55700771466485,205.7678827381081,136.06910150083203,396.04269406584274
2024-04-25,577.5238402501101,168.34572015140603,175.04488504005883,202.36541457296147,136.76947902899775,354.2154565588769
2024-04-26,613.1893605211748,171.41700735820356,192.94208871156357,209.29852686543455,136.2944918208848,355.74824440299335
2024-04-29,613.343088679394,169.6999403530528,186.43399109450405,210.85994798107745,139.67569402501005,347.1853684372114
2024-04-30,603.8728893008366,164.24929934815438,182.6526099998722,203.91517201386588,137.12370635683584,345.2192034449041
2024-05-01,580.3823400371514,166.6160241857694,183.8644801712973,208.5760902313257,136.2944918208848,352.45790984866846
2024-05-02,599.7841369286297,167.83948748429404,186.9614011110969,215.24120470469254,139.29732216547416,354.45620793020953
2024-05-03,620.5557596079932,171.56044562413723,187.65708900348474,216.97740314149345,147.62956779551243,362.706070093571
2024-05-06,643.9762819031498,174.46294493995939,188.62210440966803,219.8788133526673,146.28515411556322,373.71661379432555
2024-05-07,632.8915095438786,172.6910651021603,192.15666528594284,219.94872428113047,146.84062723175623,375.77105840275345
2024-05-08,631.8991136260343,173.19732397043512,190.0583565977813,219.06315622061024,147.1143314297285,379.27008527855344
2024-05-09,620.2623514172016,173.94824929725206,190.7091680868315,220.81100055215765,148.587582117463,381.5331728488723
2024-05-10,628.1667990577873,174.96920380823423,189.2392326860514,218.4572318739427,147.56378449280848,382.15912641433715
2024-05-13,631.808361666057,174.53887590985175,189.78904635742828,217.39688649226449,150.1675972940258,375.5865029178918
2024-05-14,638.4968719217562,175.73701578449754,191.1355457388663,217.97950126944698,151.0946803120079,378.6681698305337
2024-05-15,661.3791854183661,178.8095737476925,193.57047927238733,216.7210512171338,152.9407444059378,386.4445995432264
2024-05-16,659.485198957581,177.92628014623918,195.44431957664864,213.97110875763286,153.03745901261024,379.77562613866394
2024-05-17,646.3456077940924,177.5966302160456,197.55387327580814,215.2178951352075,153.06164076609383,378.7163201048003
2024-05-20,662.4276135940187,179.76475023938036,198.51885413510664,213.86622458494608,154.00480359552523,376.2525858252108
2024-05-21,666.6628831093791,181.32851424079053,199.5623946104096,213.41178576994344,155.06086010117377,372.87399633455726
2024-05-22,663.6156149723909,181.95400150054058,197.9129363228365,213.38849398045036,153.89195954835583,375.40189807344603
2024-05-23,725.4623545953896,180.46633877658124,194.7374212201476,210.96481437377227,150.65128199274523,373.7968724780337
2024-05-24,744.1231796276539,181.8018644485461,196.3532135684963,210.61524195146438,153.15030305977967,383.7802185543664
2024-05-28,796.0661509143935,181.86948964982014,197.9353745245053,212.2465562155785,153.15840500181395,385.1445174582381
2024-05-29,802.5241223476902,181.38347117983443,197.3743331155728,212.0950884639056,153.4002101293879,380.6825097768996
2024-05-30,772.2962415855634,175.25521570172805,193.12162887179895,208.94897222311863,154.20635956542822,374.8160985296273
2024-05-31,766.2367455033145,175.44962832995492,193.55921698794694,205.59310541695015,154.98026252773641,374.63951461759405
2024-06-03,803.7472707476427,174.7691710305795,194.3110435681128,207.8070344582468,156.41518718339768,383.1943449711715
2024-06-04,813.7907191164745,175.84691656200394,195.00671418705826,208.9722640126117,156.67314656599248,382.79307623242244
2024-06-05,855.7461674623376,179.2026566931067,196.82451944419591,211.2328121928784,157.89847534602612,397.2946258765645
2024-06-06,845.667892561484,179.4181874585776,198.30564803564684,215.56746755751539,156.77792589291343,396.25133702773365
2024-06-07,844.8990915256085,179.13501839125124,195.75854076722413,214.7518104254583,158.72074181530152,395.6092922378599
2024-06-10,851.2032813857594,180.83401969462807,196.6010701933969,217.96783759470847,155.68158300780814,403.3455926086984
2024-06-11,845.1223659180187,182.86690241599612,198.40966870573897,218.16592448535147,166.99172038597504,407.2538597960758
2024-06-12,875.1080099888583,186.40861840089323,199.72400493744078,217.76975070406544,171.76408683296697,408.35331985158564
2024-06-13,905.9325354790287,186.62838065416182,196.7695380770582,214.20415111250742,172.70727447692224,404.5493988249458
2024-06-14,921.7992257105803,187.04680012403628,198.60064388483863,214.00606422186442,171.2965315747446,404.999237394426
2024-06-17,915.5083361671064,189.49808921469744,199.10620299680406,214.47214893161362,174.6661950252835,406.98344331471327
2024-06-18,947.6609169727064,188.64015833886725,196.69090936728418,213.01561198865744,172.74756085637898,401.24776092586734
2024-06-20,914.110467542854,188.369657533771,198.0502083695356,216.8492271793136,169.03123850777365,403.0230770863432
2024-06-21,884.6839709217154,190.09400846218955,201.79103142142813,220.32160627292342,167.26582161632874,397.4641266882829
2024-06-24,825.5511902948818,189.20227808630375,201.33041780656993,216.23165693789957,167.78981750902878,400.7818311319782
2024-06-25,881.3288191488772,190.5884899077706,206.73384423569684,217.12887089316632,168.53952631059147,410.17261540147354
2024-06-26,883.4956490537846,191.0999104051237,206.5653763520355,225.60009473179727,171.9091649466066,412.1969506636149
2024-06-27,866.6504507852561,191.39151624688256,208.28410114360554,230.54067444310178,172.59440561522896,417.3703286706625
2024-06-28,863.5051662582985,188.89795157998907,204.62190680148703,225.18061138102618,169.78902443684677,405.04741234848456
2024-07-01,868.8172806901636,193.03134222399925,205.56553768598747,229.78326456476935,174.7306755654858,405.4169675544646
2024-07-02,857.4241439607048,194.10907465484226,208.09314323794825,233.0459108729896,177.56825358855238,409.2889554475458
2024-07-03,896.6362016859487,194.73879340239,208.74468021157892,230.237703379772,178.60014074797922,409.6585106535258
2024-07-05,879.5115365224225,197.60851506350704,214.1143888811542,233.0459108729896,182.46154121022417,433.71767996134156
2024-07-08,896.0768405765419,197.05061370328676,212.350718592477,232.21859006619403,183.65463592378765,425.21060500535793
2024-07-09,918.30439390517,194.21896233176724,212.29452808437176,232.27685509991068,184.34791649813468,425.75686752233156
2024-07-10,942.9779235441445,197.05488449282868,214.76592585478494,232.80120484337647,187.8143193698699,429.5244845748832
2024-07-11,890.485366079532,192.17341134816903,208.4638485851496,227.27802813488148,183.45310476840854,411.8595532266607
2024-07-12,903.346398401772,191.68735357643908,207.90216805884856,226.62550242923584,185.84733410126012,400.7496980427444
2024-07-15,897.7543897554979,191.86063496684048,209.5422641406445,224.56304113961215,188.95901335468045,398.57269358705474
2024-07-16,883.2161287438605,189.98413388584598,206.61030457570035,224.91261356192004,189.29759512523643,393.4556101856463
2024-07-17,824.7123622904775,187.44830674330157,203.35251606689243,218.98158161740855,184.50914886679516,371.12343400549565
2024-07-18,846.3804476798458,186.11698635797157,199.6116930149999,214.1109306145592,180.72028125773903,382.2574013462333
2024-07-19,824.2930551181281,184.7392244115186,199.57797525544828,213.38849398045036,180.82507299192187,383.0125042634341
2024-07-22,863.5051662582985,187.20316866382848,204.0826817502972,212.71265870531968,180.54294426310543,391.5356704438266
2024-07-23,856.8649965110037,188.01041339015669,204.21746642129165,217.21044549636807,181.38936767134058,392.5719749115106
2024-07-24,798.5710438885745,181.2693520151118,193.92745223288608,210.70846244941256,176.1736401268717,370.54503839928844
2024-07-25,784.8013702531073,176.83166106594976,187.9173825069085,209.5665424645327,175.32721671863655,364.2309850840273
2024-07-26,790.2532715473977,179.7351560259596,187.60285039436997,212.654393671603,175.70612209043503,374.1037410122367
2024-07-29,779.9784297173409,180.3522196118586,190.44497078542688,213.4700508036601,175.93183499929773,374.1118113042332
2024-07-30,725.039522037897,178.74197474758125,191.29876249604004,211.7338701468512,176.38324840976122,372.0874266825078
2024-07-31,817.9324056807575,176.81052982812432,192.70293790162913,217.8746170967602,179.02738481222104,381.437982890981
2024-08-01,763.3430986946928,176.28644106854105,191.82669071590473,214.48381260635213,176.0285496059702,399.8419259319953
2024-08-02,749.7829184006209,172.64330038231427,187.22090003617058,195.642035065878,177.23776135276873,392.1301325946507
2024-08-05,702.1134083016276,167.00533416373554,178.89672450621273,187.62526782224168,168.70074627199,382.1610020785321
2024-08-06,728.6742475355856,168.8902720191625,177.81830895071784,188.68561320391987,167.05622574070114,396.9098185591049
2024-08-07,691.3493391605457,168.39155908578377,178.54847463412258,189.66441954238033,169.14414459125268,392.75672783470856
2024-08-08,733.7067348276737,170.19201129165313,182.01969379714137,193.19506366970677,171.95756567535955,409.3933756476594
2024-08-09,732.1690793409961,171.59938055210827,183.86202734247743,194.52342465048312,174.31956094174095,415.93233590776475
2024-08-12,762.0149899643368,171.9332750706809,182.31177043456873,194.36029322407174,175.56243359013058,414.47035438700584
2024-08-13,811.7815166594145,174.9762650216179,184.41248013122288,198.35702206114735,178.5808846774782,424.58403444509213
2024-08-14,825.341536708707,176.18081108057658,180.1549047766941,198.20555430947445,178.94405764116115,423.15413665398285
2024-08-15,858.7520924462815,178.26390833051562,181.1996543929646,206.93311229247306,181.36529758321427,431.64526846430977
2024-08-16,870.7744570088962,177.18001862640668,183.06442613996947,206.315542051059,182.43869944102804,423.68435730613163
2024-08-19,908.6585128336372,178.47560062563136,187.2321277737262,207.66721260132041,182.30956465895662,425.1785212757083
2024-08-20,889.4369379038794,179.86009627093262,187.80505331102526,208.43626837439933,182.8099371249595,423.1300491769536
2024-08-21,898.1740174174057,179.58067396989145,186.31096963777938,209.86949574787047,182.72116316591635,429.9019866738995
2024-08-22,864.9030882974774,175.9436774563492,184.00807429791232,205.23188709989574,181.2119438258735,427.3073507773394
2024-08-23,904.2548794702201,176.46870945779446,186.05261075990364,206.2922324815739,183.07627140935082,424.1502624202288
2024-08-26,883.9149562261339,175.07146694677456,186.6592367833119,204.49778679104838,183.35068282125255,418.6235191507782
2024-08-27,896.7761487931531,175.2196869249254,184.99665067951995,201.72453476206238,184.03670514737593,417.0006747455143
2024-08-28,877.9738276208184,173.84785954185432,182.940886479973,199.0212114415315,182.79379527720056,415.1371036487098
2024-08-29,821.9165182121196,174.91482329477265,181.73887944415443,200.5593052076974,185.45713812111373,416.29384550154026
2024-08-30,834.3581899470838,176.61689013420104,183.53626749238327,207.9934754541432,184.81955374552905,418.7761389847425
2024-09-03,754.8854860761642,173.3567187445346,176.77355933444736,205.37170895682212,179.79149844487378,411.10442562966784
2024-09-04,742.374001032377,173.12807429706538,175.75129974017287,201.96924079167547,178.2419306890646,411.8916863158944
2024-09-05,749.3637180581244,172.91213741357055,176.63875739001048,207.28268471478094,179.47672620994376,415.2013698271773
2024-09-06,718.7488995690551,170.07959520251467,169.5390616444248,199.70869261140876,178.21772412105716,401.87435616592524
2024-09-09,744.1912302439052,171.7816751425245,167.27808894924613,204.38125672361508,178.29033141781753,405.5053458897534
2024-09-10,755.584473803217,175.37209908912968,167.22182934737134,209.2169700422248,177.6446699147224,405.5053458897534
2024-09-11,817.163604644882,179.11494830052052,170.03398031587597,215.00816234981795,179.70271207856874,411.1606708757229
2024-09-12,832.8218164186401,180.79161311258153,174.00474743290738,217.8979266662453,179.79149844487378,422.22232642578865
2024-09-13,832.5421892788631,182.3115949708964,177.1206173390124,217.30366599431625,179.57358970375924,421.43504105977
2024-09-16,816.3247766404776,182.62915306444216,177.79552528020116,215.43929159533553,174.58588281887035,428.80047819565056
2024-09-17,808.0063099052574,184.24230625779404,179.21288032233625,217.75810480931895,174.96519763031225,431.24491287786617
2024-09-18,792.4879384088508,182.40475320535202,179.76400677533505,217.23373728586114,178.11278349973125,432.5555085542627
2024-09-19,823.9442022337187,185.74115687828342,182.38497528343126,221.24212979767526,184.71461312420314,449.56181029236177
2024-09-20,810.872341196923,184.29312341311018,184.0160200814132,223.25798972832084,184.17387983517202,451.37093776793
2024-09-23,812.6897840681569,183.5479492415353,182.0587490503925,225.91471168987357,182.77764102217972,453.83151303413854
2024-09-24,844.9150091736797,181.71039618909327,182.55370226872847,226.0079321878218,183.5040241713314,452.9630805118984
2024-09-25,863.3693321004279,182.95517413358323,181.6538077403677,224.3416446794841,182.696944190647,456.9673767700964
2024-09-26,867.0741379815714,182.6164717016306,183.04863821362204,222.7452858796015,183.62506941863043,456.5895785135756
2024-09-27,848.6198684697499,181.22347377898978,184.42096139143797,219.02820075637862,183.842978159745,456.2035372065141
2024-09-30,848.8994421946004,182.18881632185716,186.55820441875383,217.1172249984198,188.0478488537427,460.2882895867566
2024-10-01,817.8625389570082,178.11994604132525,187.84053296170097,215.71895308918027,182.56783422309942,463.52869692178825
2024-10-02,830.7946665463052,176.6126586464034,186.56943215630946,215.2878060636707,183.02784586607405,460.58577979998506
2024-10-03,858.755778076204,176.36284365936444,186.56943215630946,212.02517753544242,182.13199192634653,468.59437231638117
2024-10-04,873.225614567105,176.159614339844,187.91928258557178,217.32695778380932,183.0440125283568,479.1842242820525
2024-10-07,892.7983926380344,173.39907292425545,183.32984985578403,210.673506985181,178.91983866589177,470.2106518969629
2024-10-08,928.9381306258018,175.58800977146169,184.90466959877594,212.91074559596268,182.21268875787925,476.7317439876325
2024-10-09,927.2604746169932,176.75236324663325,182.0700286082753,215.76555444815838,185.25535882049618,474.8180235534063
2024-10-10,942.3593786962713,176.0664561053884,182.3174879440009,217.49008921022076,184.85182503378496,469.4468123333806
2024-10-11,942.2895119725217,176.26971162607168,183.62232378238642,220.01865298958566,183.6493008011617,474.36781478704546
2024-10-14,965.1478955820983,177.46368551582688,185.55708751796868,218.52714280240585,186.67581660875786,474.74566240315033
2024-10-15,919.9207295784554,177.29432119926912,186.11952807573508,218.70193790355583,188.73385877260418,471.40875708124935
2024-10-16,948.7206691127587,176.1850163672114,185.78207410514068,217.76975070406544,187.06322095497205,463.7859590739945
2024-10-17,957.1789227104043,176.439062842048,183.27359025390925,218.51549690765935,187.36182652761931,463.8985976448568
2024-10-18,964.6585080262937,177.0487639011907,183.82480307411998,220.21673988022866,189.6619715933257,463.52869692178825
2024-10-21,1004.5730254488072,177.31127335162262,184.55595334374115,220.3099603781769,190.85645592022428,462.4754127571819
2024-10-22,1003.7341974444029,181.00754999607636,185.7595495362599,221.04404290703226,190.35608345422142,467.9833993846835
2024-10-23,975.56327208355,179.77544031381655,183.10489781549683,215.22955880994604,186.23999912652874,453.2525251129224
2024-10-24,981.5050416679826,179.8305020575118,183.03737592918165,217.17549003213645,186.08667018371185,456.54130484034886
2024-10-25,989.4040409860743,181.27849622094078,185.90582104644585,218.86506932996724,186.7646029750629,460.9395399390607
2024-10-28,982.2738961187847,180.61801730822614,187.536831297543,219.51759503561289,188.37066099439738,464.88761563099564
2024-10-29,987.3768376988128,182.88744412765783,190.86639095949482,222.36075799306207,188.58856973551192,477.045424144438
2024-10-30,974.025456352093,183.13300142573627,196.2432508342209,224.5746870343587,185.7073057432223,475.85521649360373
2024-10-31,928.0294358976482,172.04840298017265,192.47498028236552,217.19878182162952,182.32569409945364,456.3804419558439
2024-11-01,946.4837588243963,173.75045671901967,192.6774423006567,230.63387716105802,179.90449137918628,456.04267432200913
2024-11-04,951.0274461248706,172.9417709287356,190.37148956148602,228.12864073117018,179.17812063729653,450.8322272673202
2024-11-05,978.0098893730136,174.21197710175576,190.9338955723676,232.46329609580712,180.3402840468915,460.2801946149681
2024-11-06,1017.8546469016304,177.90403535899327,198.54922084683398,241.30738414623903,179.75115002910744,459.97465878953517
2024-11-07,1040.7127100216485,180.1268765109064,203.31862557291691,244.75647145035575,183.59279813037452,475.7749578098955
2024-11-08,1031.9747758692995,178.90324290482334,200.61895926127704,242.5774800932987,183.3746536512835,473.87727924049415
2024-11-11,1015.4078159524612,176.98525228248155,202.8686869454577,241.01607675764777,181.16891544153225,468.91604872580706
2024-11-12,1036.5882230636705,179.11070371214143,204.29725245170602,243.42811046957937,181.16891544153225,470.24278498619657
2024-11-13,1022.4680940960016,180.02948678865317,201.21515212547982,249.47565470153216,181.8880031206745,466.3671198041017
2024-11-14,1025.8932728373682,180.74502744506304,197.50308935517202,246.42274117870144,184.39268189914483,464.0835973659752
2024-11-15,992.4795656191353,175.71080152108232,194.027292729919,236.0871607210818,181.7910527760256,445.5253315853459
2024-11-18,979.6874385519693,176.0325911024257,197.18812540657365,235.02679755941162,184.23108971988867,445.7825937375521
2024-11-19,1027.6409023997792,176.89209404802594,200.36025491455348,238.4176198298117,184.44115707146932,451.16199864853456
2024-11-20,1019.8117698054368,175.91827542898181,197.953062529516,236.4017776791581,185.02288395388666,454.72403303340803
2024-11-21,1025.2642586639179,175.15886092540674,188.56045549376654,231.15824468451584,184.63507016802907,452.7701338977438
2024-11-22,992.2701791075929,176.91102438817336,185.33208365735433,229.69004406682112,185.72580497074617,449.59399274117953
2024-11-25,950.8177391237695,177.67042579116702,188.58294551576253,234.73549017082038,188.14970006685033,454.39436037136176
2024-11-26,957.108949156802,181.5734820127052,190.23648033574045,242.2046158814978,189.91912450389563,461.1727146142376
2024-11-27,946.0642379923412,179.45226207084298,190.36024455048803,239.73433491584154,189.8140846244744,457.68309073920415
2024-11-29,966.4061375887046,179.65163981942683,190.04528060188966,242.23957134572936,191.7532031828101,461.7999268490964
2024-12-02,969.0623550494164,182.8419982107226,192.9024288878287,245.5255272234347,193.57917991969026,476.68351967398985
2024-12-03,980.45661349233,182.93533985331803,192.7336846290891,248.70659892845325,196.0515501881189,493.4244642880941
2024-12-04,1014.5689879480569,185.57415066638072,196.14202846179649,254.20648384745513,196.34241362932758,493.52905724675196
2024-12-05,1014.0797072221053,187.7802099734988,194.19600244177383,256.9913817711877,196.36664501185885,489.6292058684597
2024-12-06,995.7640494443278,188.1832624613713,196.5244624763829,264.5420643050748,196.20505283260272,501.5617865997614
2024-12-09,970.3874725438933,189.22266259098845,197.4929671179296,263.44674567917303,199.36417745560806,493.3601981096267
2024-12-10,944.2420411926564,188.0814185414363,208.52921129116564,262.2232510910914,200.18829260690967,497.983611630895
2024-12-11,973.882731668715,190.48268961224767,220.04973369533866,268.3057507872758,199.1541349185513,508.7261327901147
2024-12-12,960.1110816809704,190.7245001440409,216.175766949479,266.8026124853415,200.3418076586554,507.20630183681817
2024-12-13,938.5095512899138,189.7529610261633,213.765828087101,265.04312225904755,200.4791560481183,498.81176673252884
2024-12-16,922.7803510789515,191.58571926580674,221.46869516761632,271.4169115638312,202.83031977484293,502.344580243629
2024-12-17,911.5251851044197,192.80330040327522,220.07225826421944,269.342804379461,204.80175925048226,498.48189663214623
2024-12-18,901.1790343476005,185.5614300018249,212.1666873372194,256.9564263069561,200.41452662077305,480.57660878926373
2024-12-19,913.5523883916812,185.4086772225038,212.2905724660637,260.18409937095277,201.82036865449203,479.2729728142219
2024-12-20,941.6553699661357,185.2262516262734,215.5564103990269,262.08342923416507,205.6177972742734,470.9681240741993
2024-12-23,976.3994293416337,184.65352040788923,219.18262416064027,262.2465606605765,206.2479993290153,482.717185871905
2024-12-24,980.2444494046139,186.3844609287605,220.8493386171642,266.8958329832897,208.61532971802265,489.0745522221931
2024-12-26,978.2171392874997,185.86687005756002,220.2749966575889,264.56537387455984,209.27780306102042,485.5337424584725
2024-12-27,957.8039841793,182.65108343773403,217.07671515782573,260.7201127891571,206.50654185292035,482.68495406350314
2024-12-30,961.159509856623,180.23284711398776,215.36496883698257,257.86530393696137,203.76755193307622,475.78843297634836
2024-12-31,938.789231844617,178.82013281631453,213.1802411165277,255.63971122092627,202.32940138931554,471.1774087106832
2025-01-02,966.8918929295129,177.58132873695067,213.32663354081043,256.6068538846482,197.02110326365582,482.22635416784925
2025-01-03,1009.9551134342746,179.60497554841982,215.9843253874347,261.23281663787645,196.62518753576393,486.5637782589789
2025-01-06,1044.6291992561705,181.51408397656098,221.70518586742222,265.21789958020554,197.95024588711675,507.1408016687488
2025-01-07,979.6850882952072,179.18921549657296,220.1511115287446,258.8091370311983,195.696044912303,497.23453058295155
2025-01-08,979.4753812941062,180.1183218312412,218.41682336557824,258.83244660068334,196.09194823293294,491.4645926427566
2025-01-10,950.1142645428981,177.73831300406943,216.2658824984445,255.11536147746043,191.36538939695248,495.6009257883589
2025-01-13,931.3789791032128,176.99161916505017,215.10593629485354,254.55605626976302,189.38587279380272,489.5413458088036
2025-01-14,921.1024814104371,176.3467692459659,213.58566608293947,253.74038135771397,188.48094914561113,478.2106558457296
2025-01-15,952.4213620445686,180.86074488071856,220.21870250882932,260.25402807940793,192.18947973373025,496.61487036445635
2025-01-16,933.7558364987798,180.12681100799935,217.2456494244316,257.1195577333675,184.42499040918653,491.93128751019896
2025-01-17,962.6976460776385,182.01470959482654,220.72543621487748,263.27196835801504,185.81467818788465,493.1143380213421
2025-01-21,984.5086698100905,181.7898643159682,223.0340836110615,268.83011831073367,179.88425513499348,496.08381059937835
2025-01-22,1028.1311445944061,189.299038980649,223.39442489282692,273.84059117050936,180.84573108301998,501.74905686174725
2025-01-23,1029.1797864297644,189.51539508274917,222.95523034653635,274.318339554997,180.708382693557,512.1703458477978
2025-01-24,997.0222914509344,188.39114248729473,225.46652976887788,273.6541679546048,179.9973845491871,521.054528026125
2025-01-27,827.8458421186978,184.36078791612852,216.00686722975783,274.318339554997,185.71772784323574,531.025164009558
2025-01-28,901.7381817973014,189.723288209254,219.93712812437707,277.49941126001556,192.5045869647321,542.6535416241968
2025-01-29,864.7570518886617,187.6571955139941,220.06103052666379,276.24097898769435,193.39336876516478,544.3916900178633
2025-01-30,871.3983433494111,176.05826824200287,226.2097887216167,273.4094619249917,191.96325812712877,552.8494053897705
2025-01-31,839.3806352330064,176.08796726007498,229.7571837655897,276.9517519470647,190.67861022785192,554.6036943674297
2025-02-03,815.5421411386607,174.3315985106735,226.6152136880285,276.64879866372695,184.22300018511635,561.2668927006554
2025-02-04,829.4536848186833,174.94674941168563,232.41489288565637,282.0554630847806,188.0931601742774,566.6827249846862
2025-02-05,872.6565319410911,175.33706813442086,215.46629485006133,275.1922617207708,187.82651570833804,567.2299253337573
2025-02-06,899.5711382326883,176.4103987699078,215.77039380339437,278.29177660257955,188.43249878781052,572.9595858533457
2025-02-07,907.6802718712925,173.83523058136842,208.72067012665232,267.01234527073103,183.9159824888868,574.9956193369133
2025-02-10,933.7558364987798,174.88310678716232,209.9932391746473,271.6616175934443,184.13437511321627,577.3131998880524
2025-02-11,928.3731075341955,174.55219920115275,208.69816283121395,271.2188246731882,188.15435279007062,579.2444923342098
2025-02-12,916.7683942812109,173.53402201343098,206.77243310600332,266.7559933463714,191.59194599962578,583.7349804955603
2025-02-13,945.7798569241135,174.1703827557571,209.62160106155667,268.4339267494556,195.36118532032324,586.2940281320014
2025-02-14,970.6670462687438,173.27520692695865,208.59681954469278,266.46468595778015,197.84434990662294,592.820352338583
2025-02-18,974.512066331724,173.78857941094284,206.952646930492,264.0992713848187,197.7391983618444,576.4843043926575
2025-02-19,973.3234773891612,175.96495280057025,208.641851409012,264.0759795953256,198.0627425309524,566.3447599125151
2025-02-20,979.4753812941062,176.89590631721825,207.8422637606288,259.70636876645705,198.83923861100206,559.158498066832
2025-02-21,939.7679001263731,173.52912239598106,202.32414167401075,252.36541901795948,198.61274404463836,550.0730768642251
2025-02-24,910.7563306536176,171.73945196861783,201.86242255883937,247.85598633216455,199.86647304720864,537.6641761465861
2025-02-25,885.2399668907578,169.14637528528152,197.54927854013155,247.96085272485934,199.8179482458365,529.1099134282255
2025-02-26,917.7469557331142,169.9243140109801,194.5199140335319,249.7669620901234,194.41483382457818,542.146519976564
2025-02-27,839.9398895125601,166.86361207396746,189.75629591065072,243.23002357893637,191.93975877305084,529.7053874505232
2025-02-28,873.2858131891735,168.7595282166218,191.7608616269441,247.35492837819183,195.61192367648016,537.7205447916014
2025-03-03,797.3661099785292,165.14620445369985,188.07833644312873,238.8953682142994,192.5302079605985,527.1382942018778
2025-03-04,810.8582930712762,165.19720501715588,192.48159601080212,237.47378673557483,190.83162898912082,515.0270811358035
2025-03-05,820.0161753750914,170.47266504734745,194.84650300886094,242.78723065868024,190.67796505023205,528.2809685732464
2025-03-06,772.9683616046298,168.71704303108677,194.0920163185665,233.8615680050467,190.3463437536136,505.3140034620812
2025-03-07,787.7888670874383,167.1951746890479,195.79248308152685,232.17198870721592,193.37143272608884,503.4872546149977
2025-03-10,747.8715720887513,161.60514349787357,187.00964583570124,226.68374968296052,183.99686542934833,481.22040584437224
2025-03-11,760.3150599312136,161.7284461701695,184.9464367824828,229.0724738254071,178.6261091471794,487.4329511749802
2025-03-12,809.1850705013599,162.92718867156043,188.4077064426831,231.75250535644483,175.50397057195988,498.5783946190156
2025-03-13,808.066401697473,161.01425487364557,183.50329249085456,225.92635758462006,169.59935462386392,475.3056468844971
2025-03-14,850.6440271062056,165.17596897467905,186.58124719090642,230.65718673054306,172.6810703397456,489.38877533442354
2025-03-17,835.682452802738,165.23549801663748,185.22828754201333,228.082039372192,173.09358698408744,487.21414013876955
2025-03-18,807.0177064471883,163.03347368859576,181.14695312022283,224.67957120704543,172.03400681605342,469.05938895796487
2025-03-19,821.6297334722033,164.86139781369639,184.77732978145295,227.84897923732547,174.0965776305008,470.4286731798283
2025-03-20,828.6910264993454,164.44481242522025,183.5484107223857,227.1614980674482,173.17448233181088,471.9912001733508
2025-03-21,822.888135723589,166.32373711377684,184.89007353995365,228.6296986851429,176.54737167044922,480.24703484638553
2025-03-24,848.8263171603396,167.0974050499335,189.05033032003888,236.8445528194222,178.53713667194555,498.450109060001
2025-03-25,843.7924410801646,167.9816025915046,192.2973920211206,239.69937945160993,180.97986599164543,504.4587993083735
2025-03-26,795.3420581719263,165.77534677566524,186.0964334832553,234.36262595901943,179.18421260289963,492.11125255374145
2025-03-27,779.0521080634705,166.03465968423146,182.91704912947034,234.63062377812562,181.06074893210697,485.34548500480514
2025-03-28,766.7472319550524,161.0270017393642,173.99890900937845,224.56304113961215,176.2481085129202,464.53281894065447
2025-03-31,757.7282284599135,159.5774355061652,174.3484198427633,221.6965686126779,179.66951024566876,464.2267401597967
2025-04-01,770.1030781219339,162.46809189638645,177.0881259938707,223.922161328713,180.5269264879657,471.9912001733508
2025-04-02,771.9907082064757,162.44684275332824,177.05428732022233,228.39663855027635,181.09311947845825,470.32393214241824
2025-04-03,711.7248901605499,158.60818899003556,169.9288368720283,207.88860906144845,164.34994136328015,428.1910847706433
2025-04-04,659.3592465610969,152.96714413482385,164.156328799285,199.25425379640612,152.37089127317861,406.5326422333435
2025-04-07,682.6406229729453,152.12547108053204,165.4528733853218,204.2181252972037,146.77366523916982,415.8114049267775
2025-04-08,673.27212561428,150.72264772182854,163.141600425894,198.8580800151201,139.46166875687675,411.1397917716586
2025-04-09,799.3271855868902,165.99639288591268,178.93714436141292,222.67537495113837,160.83952993351195,471.8060030138962
2025-04-10,752.0652313764352,162.11102244928733,172.29649034742766,211.16290126441527,154.02093303602226,440.00702880477246
2025-04-11,775.5563682043111,165.12921299960212,177.1670483521654,215.4159820258505,160.2733369430194,437.8162036655414
2025-04-14,774.018285398222,164.8571532253173,179.34301843732695,212.2116007513469,163.8080045698427,428.07829812102875
2025-04-15,784.4354245922455,163.97292948258337,176.2312768839539,209.26357140120297,163.5006394702794,420.0561317190117
2025-04-16,730.5317516016298,157.9705443907306,172.87145415092914,203.13447034604044,157.13500689099328,404.58345693795843
2025-04-17,709.5575795213048,156.3424303334006,170.42491286411985,201.13027409013338,159.32699785453627,403.91498009081175
2025-04-21,677.5369335839473,152.66108835176212,166.490143601036,194.96621757073927,156.23719260388228,390.3673537685302
2025-04-22,691.3797856686016,155.93434722226408,170.77442369750472,201.79444569052555,161.55941167741713,402.9484207154277
2025-04-23,718.08703521586,159.1523347397681,175.14894025703575,210.44046463030642,165.49041687903764,419.0492455634372
2025-04-24,744.0950299614337,164.64033860286753,179.57978551221112,217.36191324804093,168.53978686309182,429.42344550627877
2025-04-25,776.1157293137177,166.57453464442204,182.60134242284903,220.21673988022866,169.27582286201786,440.7963379137382
2025-04-28,760.1753264837147,166.281225727079,181.07927577292608,218.71358379830235,169.97142359434406,442.7857265903534
2025-04-29,762.2027968456083,167.5055143622329,180.57193749639418,218.35236548124794,170.83691696415144,446.5714092506771
2025-04-30,761.5035954588499,168.0241270787839,179.03862583547323,214.89163228238465,171.88031806264078,442.189758972215
2025-05-01,780.3105637297828,180.83656120742296,181.85725434487534,221.6266576842147,172.5435854704015,460.8841584857269
2025-05-02,800.5157211145265,185.03652900619383,184.9351572246,221.37030575985506,166.0970575433919,480.8672873798896
2025-05-05,795.7615790039812,185.41486069693258,185.1381028992782,217.14053456790487,160.87190047986326,482.6795245092547
2025-05-06,793.8039753658372,184.19908743969967,184.03318988315206,215.5791134522619,160.5645105657761,473.04640936173615
2025-05-07,818.413674167747,184.21610509496023,170.67295949688682,219.8904770274058,158.73652385246476,480.69808272567576
2025-05-08,820.5810382219186,186.26507533030824,173.9425457668493,223.81729493601824,159.73950209161623,481.6646914606439
2025-05-09,815.5472689715964,186.5031259952348,172.21755071569055,224.95921492089815,160.58071444984463,477.21862692496205
2025-05-12,859.9426043261951,190.9793981566696,178.6552936018824,243.1134935115031,170.72076017804918,515.0261926632902
2025-05-13,908.3930406493598,190.9283975932136,179.86163627174165,246.29456521652165,172.45396781754775,528.3966180787374
2025-05-14,946.216470532621,192.5437647848249,186.44596159008256,244.9895138052303,171.96802499715872,531.0787191582808
2025-05-15,942.6509173646384,192.9781538634466,184.8562348663053,239.07014553545736,171.25531465064375,518.610438860998
2025-05-16,946.6360981945288,193.46363520959423,187.3704535004113,239.5595398146916,171.10142738104042,515.7592318464087
2025-05-19,947.8245803072386,195.42270925525946,187.7650480184425,240.22372919507578,169.0928529704722,515.8316917158329
2025-05-20,939.5046713690052,195.1245924245364,184.87877670862846,237.7884036936511,167.53782601941788,513.1494919171213
2025-05-21,921.4669848682857,192.7396708793333,190.04249957766433,234.35096228428088,163.67455206062286,511.8607625364706
2025-05-22,928.6680647578531,193.71491746175187,192.64690285450544,236.65812960351772,163.0833212155742,512.7225808744445
2025-05-23,917.9012180405977,191.72180810556554,189.94103537704643,234.199494532608,158.15097553337577,505.06281253871646
2025-05-27,947.3350859215815,196.19779205420915,194.93559942472527,240.06059776866434,162.1519328777056,517.3539906483331
2025-05-28,942.5110770872868,194.77961481408505,194.32679694757545,238.5457957919915,162.32201162411556,518.368823696944
2025-05-29,973.1334270809805,195.34177386326584,193.76307815507198,239.6877157768714,161.9413444211243,519.5528613997686
2025-05-30,944.7484146950605,196.05724901676862,193.62779255424812,238.88370453956088,162.67027105896975,521.5181625993547
2025-06-02,960.4791105239624,196.74292034754794,190.57241424340424,240.79468029751973,163.35870039390574,540.373622435708
2025-06-03,987.3259866888668,197.16878094766724,187.3591566690861,239.69937945160993,164.6302462245943,537.1115462432667
2025-06-04,992.2199690767637,197.5520646581816,189.4675012272781,241.4705155726504,164.26579531293348,554.1063965578601
2025-06-05,978.7266108556357,199.1746895718979,189.6479223330755,242.26288091521445,162.4920903705255,551.4243448379007
2025-06-06,990.8216731330999,200.32454070344096,195.81502492385005,248.85808446011808,165.15668634789267,561.967601356204
2025-06-09,997.1839250182629,201.33388809928775,198.7725146366514,252.83150372770868,163.15621387935872,559.0277445286135
2025-06-10,1006.4825022382523,200.55453451079615,201.60586011897257,253.565604036556,164.14429099694334,565.745139685155
2025-06-11,998.6514467065591,201.2785250422199,200.19480988331097,248.4269374346085,160.99375219918716,559.0921587858332
2025-06-12,1013.8238497245826,203.94024877218078,198.33226641037484,248.47355657357863,161.33392209926902,558.4638606401247
2025-06-13,992.6383147804377,202.27507317002238,197.1696082763281,247.14519559280225,159.10666969734717,550.0147338358469
2025-06-16,1011.6563788405582,204.05524567585834,199.54011186972232,251.80611381026208,160.702181544049,565.9546711195593
2025-06-17,1007.6708775211093,203.58678198497125,198.61447991219563,250.3146214030743,158.45064813054822,562.0130615331383
2025-06-18,1017.1799095511698,204.5237093667454,195.64572791495388,247.6345898720365,159.21195772200687,560.8362303295887
2025-06-20,1005.7831940216412,203.31421128801117,188.10523119293504,244.33698809958466,162.79176296769796,550.0187813217411
2025-06-23,1008.0206384592678,206.97676703589784,186.46846888552096,242.9154066208601,163.19671118226813,563.0610148626644
2025-06-24,1034.1001557913098,208.7271095178475,188.2520036329504,247.92589726062775,162.2248131342282,574.0798509735438
2025-06-25,1078.9183771183275,209.64701924436108,192.66562726605972,247.01701963062246,163.2452980199499,571.2425633616641
2025-06-26,1083.8825467195322,211.8530785514792,195.89405092279912,252.9946351541201,162.79176296769796,585.2761841487619
2025-06-27,1102.9704775034024,211.2099972108862,201.52681684658108,260.1957630456913,162.85655368944822,591.3538790956732
2025-06-30,1104.6485608316223,211.83603469505582,198.9305320876648,255.63971122092627,166.1690692915801,594.9489350422938
2025-07-01,1071.8566033568477,209.5533238860674,198.49030113483062,256.8865153784929,168.3153270876831,579.7384336920624
2025-07-02,1099.474470569611,209.14449404179004,201.6509783505037,256.2572814623403,172.0571091377499,575.1842223076691
2025-07-03,1114.0875124782276,212.44504142338343,202.65561903353708,260.3239390078711,172.95612692926719,579.5691796782644
2025-07-07,1106.3965108835919,211.96804925399394,199.5626709854879,260.3938499363343,170.04044519240932,579.0371327215048
2025-07-08,1118.7021348009796,211.49958556310685,196.8196656068834,255.6047557566947,170.089044437353,580.9072686429915
2025-07-09,1138.8388142500608,214.43389309060925,199.37079758738378,259.31017720517906,171.00422889115308,590.6687187091086
2025-07-10,1147.3689643386595,213.56935952174493,200.49959977433974,258.98391435235624,172.032815718909,586.2030584185486
2025-07-11,1153.1023088802249,214.35298389977845,203.4006571508424,262.19995930159837,171.02043277522162,578.3601166663129
2025-07-14,1147.1592573375583,214.22520082863795,204.947131174867,262.98066096942387,168.96325911970973,581.1087544651914
2025-07-15,1193.5154012258859,215.41769435269305,205.44379446399992,263.74971674250276,169.3601302067695,572.6209297469976
2025-07-16,1198.19999710224,215.33250127173895,206.5387579773075,260.06758708351146,170.2105239388193,566.5914591137289
2025-07-17,1209.5968194616216,217.92183118879,207.22732921142938,260.871598320822,170.09714637938725,565.3823961017774
2025-07-18,1205.471584694674,217.2191291021687,208.8979647393766,263.49336481814316,171.03663665929014,567.6957810882702
2025-07-21,1198.2699706558424,217.22338679112914,214.58718027289967,267.18714037188096,172.08950449862505,574.7005971028885
2025-07-22,1167.855297896046,215.18344285637744,215.98689913035125,265.0547681537941,173.6445438569413,568.1230376480355
2025-07-23,1194.0747623352925,215.4389696969141,214.73393543947265,266.01024714277753,173.4420573423943,575.1922185602896
2025-07-24,1214.7708028937802,217.57260898995958,216.9238106457607,270.6012544317741,173.12619326841522,576.1756095538436
2025-07-25,1213.0927195655604,218.77786248031472,218.0639096640419,269.6807309070223,173.22339175830257,574.4667807531187
2025-07-28,1235.816283900868,218.26253800969943,217.3866352612453,271.25378013741977,173.36107514383738,578.4567627319345
2025-07-29,1227.1462935349177,218.2923549330043,220.96496704054456,269.17967295304953,171.1095293230747,564.2458916784183
2025-07-30,1253.435945187472,218.57768559626444,221.8454462196553,268.2241939640661,169.31151855456392,560.384787573626
2025-07-31,1243.6472326027085,227.20597742848426,216.61903802817437,272.79189168357766,168.11286538765992,623.4433344570865
2025-08-01,1214.6309626164286,223.2069725486487,213.49223403303444,250.23304679987257,163.90944634330694,604.5571729594377
2025-08-04,1258.5400618958813,228.1173324753326,220.16351386038292,246.62082806934444,164.69504935360646,625.8051411955582
2025-08-05,1246.3740645961393,224.75719054887375,219.7458420233143,249.06781724550763,164.34676510422847,615.3988081634828
2025-08-06,1254.484693852683,223.5604524364396,221.34876565708,259.04217938607286,172.71314311181075,622.2744995061573
2025-08-07,1263.923859158994,221.81435454286898,221.8341666617725,259.9976761550483,178.20432427818272,614.0849053949532
2025-08-08,1277.4181788487977,222.3254082239424,227.36531292395506,259.484972306329,185.75269150732848,620.1062316968492
2025-08-11,1272.9431831436914,222.21046372259048,226.89122602403012,257.86530393696137,184.20399225985372,617.3414039543937
2025-08-12,1280.634398398033,225.39170410922006,229.53264628791996,258.0633908276044,186.20672285005725,636.7917948576198
2025-08-13,1269.6570968707067,221.70365462989614,227.97489270601255,261.66394588339404,189.19059489843167,628.795591596827
2025-08-14,1272.663502588988,222.51277273936694,229.0811185037606,269.14471748881795,188.74464068321333,630.4480023929526
2025-08-15,1261.6863078915144,221.52902387960881,230.16476791230068,269.2029825225346,187.77975273815863,632.9468313368204
2025-08-18,1272.5935290353857,220.22155965303898,229.7132401281413,269.73899594073896,187.21217013433093,618.5505163259293
2025-08-19,1228.0553087526298,217.099887610112,227.53466175317837,265.68398428995465,186.94460753100947,605.7420991347758
2025-08-20,1226.37722542441,215.37509126192532,224.9948266040032,260.79002371762033,183.2553206061295,602.7112725937326
2025-08-21,1223.4405796000249,215.09780435565511,225.48022760869574,258.62269603530183,182.3552978263966,595.7630226624658
2025-08-22,1244.4863810966713,216.37329006298626,232.6368738938519,266.6511269536766,184.6742647084368,608.4102314520256
2025-08-25,1257.211525846114,215.10634593473893,235.34604059880806,265.602427466745,184.1877883757852,607.2091646926946
2025-08-26,1270.9156593668715,214.15933110527376,233.8221429639914,266.4996592020037,185.9310583047015,607.8539982990687
2025-08-27,1269.7270704243087,216.16425718589815,234.2059243070845,266.97738980649945,186.88784430772193,602.4372775425245
2025-08-28,1259.728650838444,217.40133198851498,238.901778715457,269.86717190291876,188.56624907131646,605.4438685277862
2025-08-29,1217.8470753358113,216.14292943935146,240.33538806688415,266.8375679495731,188.225706953377,595.4406058592788
2025-09-02,1194.0747623352925,215.47318841557507,238.57442970866268,262.5728235133993,186.2634984806067,592.5468508832157
2025-09-03,1192.9561469463322,215.5713117703877,260.3718039381376,263.3302333917317,193.358256213929,594.1105625067561
2025-09-04,1200.2277345387658,216.6889485722266,262.22305057974853,274.6212928383348,194.4204419069664,603.460945956685
2025-09-05,1167.7854311722967,211.15621932416983,265.27084584938183,270.7177844992074,194.34744998508646,606.5240043061301
2025-09-08,1176.8047551569941,212.52127370664837,264.4234625858965,274.80773383423127,192.87985700878784,606.4030733251429
2025-09-09,1193.934815228088,212.61084238179575,270.7391686015801,277.6042954327023,190.01763816354656,617.2043817489977
2025-09-10,1239.8716519440663,213.44696078956682,270.2194625402946,268.38732539047754,183.8877807825409,606.1451694983438
2025-09-11,1238.8229032788554,213.7199638057137,271.57523776029785,267.94453247022136,186.51485719985965,605.2746145139882
2025-09-12,1243.3677657077108,217.5122415107905,272.0610706010501,265.84711571636615,189.79061008492027,609.0550650583998
2025-09-15,1242.8783781519064,219.84135457915758,284.2744307796161,269.66906723228374,191.9230834130293,616.39833974103
2025-09-16,1222.8104971280463,217.1453859293729,283.7660215496558,272.7219807551145,193.09878314537985,627.9250859720555
2025-09-17,1190.7158181026791,217.56342548238635,281.9243962154579,269.8904636924118,193.77989219578262,625.2811892105872
2025-09-18,1232.3200633073707,216.8936975591914,284.74896678904327,269.4360248774092,192.87985700878784,628.932613802223
2025-09-19,1235.326575855505,220.93768983561262,287.78819443124945,269.7273322660004,199.05836326378483,627.425320183282
2025-09-22,1283.8530750338834,219.45318435177472,285.31387744907187,265.2412091496906,207.63693026473624,617.1853289495441
2025-09-23,1247.6330544117156,217.22643922659933,284.3309322096844,257.17782276708414,206.2990676190812,609.3129195256149
2025-09-24,1237.4242868456329,217.61888024352407,279.22414260677664,256.5952079899017,204.58011592352955,613.5555732153178
2025-09-25,1242.4588573198512,216.28796597621798,277.6988630965686,254.19482017271662,208.27750479044386,604.07794075764
2025-09-26,1245.9549710834958,218.17769864444352,278.54621181316907,256.0941500359289,207.1342252334923,599.9158912687337
2025-09-29,1271.5468101373785,219.51712828967064,275.73298989123606,258.8790479596615,206.2990676190812,599.633603807401
2025-09-30,1304.6201574445017,220.94620521353357,274.65967000124715,255.8494617863078,206.4612429396476,592.3579517549554
2025-10-01,1309.2351002568123,221.69697333337353,276.69334146797314,257.08460226913587,207.126123291458,578.6133313326249
2025-10-02,1320.7724038726622,220.00346117361036,277.58589478331675,259.15870945350616,208.48830417047773,586.4455126955318
2025-10-03,1311.8921723563467,220.6902198526473,277.20175069793345,255.77953307785265,209.20993533831376,573.144486855296
2025-10-06,1297.3481425326565,225.47646487098746,282.94123194882087,257.3992014472202,208.13154576120786,577.2582133113914
2025-10-07,1293.8520287690123,223.51842577125413,277.664972602593,258.42460914465886,207.96126849860715,575.1771638871462
2025-10-08,1322.3106469235306,223.88956524279502,276.3769783705409,262.433001656473,209.2423927354985,579.0166978536972
2025-10-09,1346.503976374044,222.84447946084293,272.8858256550003,265.3693851118704,205.98284373450642,591.6562065481411
2025-10-10,1280.7066153785445,217.96440807839494,267.2819063800151,252.12071298834636,198.8718821171156,568.9017344464249
2025-10-13,1316.7867957233605,219.28253617823813,275.84595820448783,256.4320765634902,200.80975994925927,577.2904451197933
2025-10-14,1258.8205970894073,219.07778719127333,277.31473628462766,252.14402255783145,200.8989557552077,571.6038755171033
2025-10-15,1257.4223011457436,219.0180616405937,283.61914546898606,251.188543568848,202.17195323554097,578.782684065591
2025-10-16,1271.2670227528224,218.24169498466512,284.104961036296,249.90678394704977,200.6394950939205,574.3624839519653
2025-10-17,1281.1261362105995,219.0820710813967,286.1838371017651,248.24049643871206,204.56388722493722,578.2745271475244
2025-10-20,1277.0705545076958,220.4513700522543,289.855756391951,252.2488889505262,212.63163484534843,590.575281016452
2025-10-21,1266.7219466642612,220.82248332263234,282.9751397162388,258.71591653325004,213.06139758376017,591.4626676189775
2025-10-22,1260.5687608010824,222.05100344558392,284.3648227036599,253.961777817842,209.55860421281133,591.5755529877603
2025-10-23,1273.714281021403,222.05957122583055,285.9352722657263,257.6205979073483,210.47483087661277,592.0514287378409
2025-10-24,1302.3824993471694,223.36061616750612,293.6632722049238,261.2561262073615,213.10191970119342,595.5682003841163
2025-10-27,1338.9522809074956,226.73488052073242,304.2270531818199,264.47215337661163,217.95879200912776,605.6186014554168
2025-10-28,1405.65876395056,231.23527085255571,302.1934162619787,267.12887533816433,218.1128405731361,606.1186634016947
2025-10-29,1447.6823163276008,231.01342560684185,310.21516836251567,268.3523699262459,218.68042317696376,606.3041567186538
2025-10-30,1418.6643370636762,224.27776167134073,318.0222461209894,259.683059196972,220.058820347314,537.5810546070014
2025-10-31,1415.8674246867897,220.88646656227252,317.6945343719048,284.57236318940693,219.22368754742675,522.9653362448906
2025-11-03,1446.5634872789349,220.553737995446,320.5530127129081,295.9683068086968,218.15336269056934,514.3829879231905
2025-11-04,1389.2967036914454,219.40200038017886,313.5707072818269,290.515041028665,218.95611253684336,506.0023228620266
2025-11-05,1364.9636407934333,216.34342073735576,321.2195948548633,291.5404309461116,219.03720640075753,512.9633569255692
2025-11-06,1315.108605565288,212.0520370814577,321.7167245269409,283.1973830696605,218.7371739929894,499.2429226994362
2025-11-07,1315.598099950945,211.93259908067978,315.02813671031436,284.79375964953505,217.68310264924818,501.4772829918226
2025-11-10,1391.814042343481,215.84858557607646,327.76125477049294,289.44301419225627,218.67327659409744,509.583706203858
2025-11-11,1350.6294248006973,216.99180781342258,329.12834409526374,290.25868910430535,223.39687009447883,505.80873457327897
2025-11-12,1355.104527335656,218.0412036866608,323.93114529486974,284.5490536199219,221.95219333094784,491.23329363177453
2025-11-13,1306.577921327425,214.69256407068605,314.7344536427445,276.83523965962337,221.53017272397463,491.9431338103773
2025-11-14,1329.7223952828745,217.6316795115684,312.29399260765763,273.4677269587084,221.09187378936141,491.59628401307236
2025-11-17,1304.7599977218533,216.48417338409897,322.02173897272075,271.34700063536803,217.07437756489122,485.58705080927507
2025-11-18,1268.1204562676307,210.64006951692522,321.1857043608878,259.32184087991754,217.05817368082268,482.10251097140156
2025-11-19,1304.2006366124467,207.7947804401507,330.82307607534955,259.484972306329,217.96715450366239,476.15779074399205
2025-11-20,1263.0859926232652,204.4697873736334,327.02689164058665,253.01794472360513,216.092342783862,475.2140354964513
2025-11-21,1250.7796208969073,201.7730457895452,338.5623382989874,257.1545131975991,220.34517995244545,479.3277619525467
2025-11-24,1276.4413266745396,202.57651754842533,359.93856872947265,263.6681421393011,223.94065556994244,494.4919640129144
2025-11-25,1243.3677657077108,203.85436136041153,365.4295196912061,267.6182696173986,224.7928607622327,513.1810820509302
2025-11-26,1260.4289205237308,207.4913578739538,361.4864764492159,267.0240089454696,225.263567464983,511.07589579007174
2025-11-28,1237.6341006765867,210.27358075178734,361.74630356969504,271.75483809139257,226.31868101872553,522.6426726437833
2025-12-01,1258.0516358087523,208.021289492849,355.76958886097884,272.52389386447146,229.7680487198435,516.9318181257278
2025-12-02,1268.819657654389,209.41454942711815,356.808966436665,273.15311000063207,232.27592857188944,521.957018661378
2025-12-03,1255.7441109876709,204.17063559697843,361.12490875304053,270.77604953292405,230.62022909760992,515.9074586773902
2025-12-04,1282.3163276009548,205.49978128579323,358.853969281601,266.96574391175295,227.8201582273298,533.59645282285
2025-12-05,1275.5333797553556,206.49128568975019,362.9777963716789,267.45513819098716,226.2618557591284,543.1870200088946
2025-12-08,1297.4904398966235,209.8504712737656,354.6794964584261,264.37893287866336,225.53952978462482,537.8472508439255
2025-12-09,1293.4346445340138,210.27783844074784,358.4781682688936,265.57911789725995,224.9632620974526,529.9102297244403
2025-12-10,1285.1133468076937,204.52536004000393,362.01684022445806,270.0769046883083,226.2618557591284,524.401107826505
2025-12-11,1265.1841309328042,206.62377186961933,353.2210997171647,268.32906035676086,225.65315548929527,526.4821572507501
2025-12-12,1223.857536515612,204.51253457079676,349.67113093027507,263.5632757466063,225.8560638507476,519.6420048086106
2025-12-15,1232.738195351339,202.9269712019089,348.46143721259153,259.31017720517906,222.47161094399908,522.7137504448533
2025-12-16,1242.737790065585,203.5979567809199,346.5960090747757,259.33348677466415,222.87742766690374,530.4957824703386
2025-12-17,1195.327449189552,203.48255375921838,335.4599589513915,257.8303484727298,220.6292566213835,524.3202074682038
2025-12-18,1217.703923333022,206.8417393432338,341.94938397722393,264.2274473469985,220.91333329032148,536.3888725728042
2025-12-19,1265.603758594712,207.6708489399468,347.2630403262332,264.9149462968677,222.11452994591926,531.8035646504429
2025-12-22,1284.4840121446846,207.24348177296457,350.22512477471116,266.1733785691889,219.9231593454723,534.007371360286
2025-12-23,1323.08356090874,208.06830747955428,355.39174958206905,270.49638803907936,221.0513020428805,536.7843909200084
2025-12-24,1318.8879252687789,208.56833047107463,355.09779013942085,270.77604953292405,222.22813083606582,538.8914034854777
2025-12-26,1332.3138738527725,208.43584429120548,354.4421248130582,270.9391809593355,221.89536807135067,535.4523731841226
2025-12-29,1316.1607727857893,208.17515582159052,354.49864351656885,270.41483121586964,222.18758390410875,531.7390023144709
2025-12-30,1311.4057760364215,208.3375506288345,354.8264934531926,270.95082685408204,221.63565926482508,537.5997618893664
2025-12-31,1304.133440635018,206.6878861150737,353.86550275908695,268.95829427291346,220.64548531997582,532.8691887110683
2026-01-02,1320.5662222567046,202.12349944302878,356.2961870257792,263.92449406366075,219.955616742657,525.0548261580128
2026-01-05,1315.461571399031,202.08504923657017,357.8676902678316,271.5683970954961,216.91206576444367,531.8197052344358
2026-01-06,1309.3080650462937,204.50399299171295,355.3804527507439,280.7387479987508,212.9351412864544,533.2970375858425
2026-01-07,1322.384252692129,206.62377186961933,364.0179685257151,281.4728483075981,211.28755616147112,523.6663410579437
2026-01-08,1293.9241389196711,204.33303040422234,367.929677743204,286.9843791213466,210.24060658607243,521.5431879084814
2026-01-09,1292.6653627638007,204.8330664963242,371.4683496987684,288.2544928483983,210.50842974189422,527.1940211723
2026-01-12,1293.22483070306,203.93557186461493,375.1878745961901,287.1941296867281,211.22266618162544,518.2414759700268
2026-01-13,1299.3084703320478,201.1533620873628,379.8344651468571,282.68469700093317,211.87193819793947,509.4584315794721
2026-01-14,1280.6379237831763,196.32827384512152,379.6875026989754,275.75156692846815,210.98727560846453,496.8892602923371
2026-01-15,1307.9794221666737,195.16580685367398,376.22801220334156,277.5343667242472,209.56694189282211,501.15160845608654
2026-01-16,1302.2453298161383,196.5334027489474,373.08504026612155,278.629685350149,207.39183721275327,500.70761899731923
2026-01-20,1245.1851551640182,194.25122906379707,364.0405621883655,269.168027058303,200.22527865469547,487.68641263921256
2026-01-21,1281.8968067688998,189.80223231287226,371.25353716916607,269.5292453753574,200.9963155395,494.82267322622636
2026-01-22,1292.5255224864488,192.80669345386215,373.69551826718356,273.05988950268386,201.5644440628522,522.8105939488112
2026-01-23,1312.3147912541338,199.13613456078792,370.7447651969155,278.67630448911905,201.31283719836085,531.7955190382384
2026-01-26,1303.923626804064,200.98668338999553,376.7706746695677,277.8140282180919,207.2944402066752,542.7743245264318
2026-01-27,1318.25859060577,205.38864905363363,378.22907141082914,285.1083588276193,209.61562798859921,543.266735737178
2026-01-28,1339.2366619757233,205.83740947006967,379.8796870190426,283.1624276054289,208.13041670037308,539.8439447389841
2026-01-29,1346.1593432688212,185.26776736878358,382.4121809552006,281.6709351982411,209.62376715241925,596.0136212708218
2026-01-30,1336.5095094927337,183.89590068396825,382.12951834387763,278.83943591553043,210.5977123986761,578.4071069903537
2026-02-02,1297.9099607286785,180.93844442910222,388.56239011931456,283.10418035170426,219.1440329258954,570.2617390664819
2026-02-03,1261.0584688464453,175.74153548508636,384.0627620165293,278.04707057296645,218.7138731551022,558.3868596889655
2026-02-04,1218.0535774413277,177.01512160811208,376.52197164598977,271.4868402722864,224.40324792339658,540.0538216904769
2026-02-05,1201.9004763743444,168.24535659717114,374.4982496820823,259.484972306329,223.93254122064627,541.0386934715533
2026-02-06,1296.5113442954562,171.43786348381929,365.01281516691154,245.07108840843205,225.72618463296092,533.975139551884
2026-02-09,1328.8874131531718,176.76297471758093,366.66346532200976,243.20671400945133,223.0941080890881,546.6976217071604
2026-02-10,1318.3984308831218,176.62193385804656,360.1740057492925,241.1559163945661,222.33046593238836,541.4504017623346
2026-02-11,1328.957386706774,172.81828484829987,351.5591181838564,237.80004958839763,223.8089897064392,539.811663570998
2026-02-12,1307.2102472263132,171.73701526047427,349.3432809936513,232.5798261632404,212.62262717319396,524.5704605594711
2026-02-13,1278.3305057919474,171.51479009789935,345.63501838067003,231.63597528901155,207.78898125957534,516.465518134958
2026-02-17,1293.4346445340138,169.60868170290266,341.45190883629857,234.3859177485125,214.36922224830505,516.0779466807901
2026-02-18,1314.4824757978638,170.77970337401544,342.93296833397994,238.62735261520123,214.75104332665492,519.2505339473007
2026-02-19,1313.9231146884572,170.6811739011789,342.39030586775385,238.70892721840292,211.68836035055975,520.509894375426
2026-02-20,1327.3491701023038,170.1543078183353,356.1040372525968,244.82638237881892,214.9378718766579,529.2929387659808
2026-02-23,1339.4464758066772,164.68852254131892,352.15833390047806,239.18667560289063,216.23765663547815,514.4311628772491
2026-02-24,1348.536948473358,166.62896756020928,351.4913371959054,243.02027301355486,221.0794417129168,516.0860416525786
2026-02-25,1367.4869619172273,171.59784778408252,353.75246535206554,245.44395262023295,222.77730106320308,527.7026716862073
2026-02-26,1292.8751765947543,172.07760417615094,347.511743349811,242.27452680996095,221.73744844162312,530.3827983823877
2026-02-27,1239.031648811281,168.2309983599382,352.4636247213362,244.69820641663907,214.61292568695285,523.2546327671624
2026-03-02,1276.0228741410128,170.71971581170743,346.53945582438024,242.82218612291183,215.05159683942372,527.5976838508768
2026-03-03,1259.0306245800668,173.0242521893364,343.21559639841814,243.21835990419785,214.2636116348354,528.8247631110162
2026-03-04,1279.938722396418,173.56826693325476,342.7068935199372,252.64508051180417,213.26438038878402,539.0366687414146
2026-03-05,1282.0365402163986,175.9156291115356,340.16313729933876,255.11536147746043,211.45279607573192,533.2566614460679
2026-03-06,1243.4369914523431,175.17886551323033,337.49497774662416,248.43860110934705,209.1537552563365,520.5744567113979
2026-03-09,1277.2115699134283,175.37162746819868,346.6023657015764,248.76486396216987,211.1197107222069,522.6169069408954
2026-03-10,1292.0361349306443,173.80815167957968,347.3717248257714,249.74365252063834,211.8914672282028,528.009392141658
2026-03-11,1300.9172210857826,173.4311955498897,349.2497971234191,247.7860576237094,211.8752137150866,528.6471179679252
2026-03-12,1280.7073631875144,172.1375655372961,343.4232577228697,244.1505471036882,207.77272774645908,515.1819221510511
2026-03-13,1260.4973984593933,169.43466667994193,341.98645278459986,241.9832194213697,203.19094924983213,495.4280685249234
2026-03-16,1281.266831126774,171.31942112722905,345.6973064139401,246.72571224203122,205.38436704849602,506.9536301259311
2026-03-17,1272.2456910345784,171.08810416115077,351.7613901942813,250.75739654333842,206.5298054690218,503.08349321725274
2026-03-18,1261.54636078431,167.82406809996635,348.1070898153365,244.54672088497423,203.0447296680958,497.44396329818767
2026-03-19,1248.679132330606,166.63752223987453,347.4735344952372,243.25331536842944,202.24860529968745,490.18849931562943
2026-03-20,1207.6998417649572,163.57481591390507,340.53831646812,239.30318789033197,201.46059528057535,479.6526960945216
2026-03-23,1228.259460601384,164.05885619609683,341.737577026598,244.8613378430505,204.30390545864933,488.05547424935185
2026-03-24,1225.1824403503833,159.66395174584244,328.59120913060343,241.48217924738896,204.42575717797325,479.0548034526042
2026-03-25,1249.5182808245688,158.93576902836523,329.1455484438874,246.6907567777996,205.22188154638158,480.64650196031585
2026-03-26,1197.4901127301991,156.764020143978,317.8206995951451,241.83173388970482,205.4412295298789,442.3896159281403
2026-03-27,1171.475868438235,152.82316874505207,310.3763641269294,232.27685509991068,202.11861441654352,424.7599520027404
2026-03-30,1155.0422321777257,153.76126207857232,309.42601387333804,234.15287539363788,200.35576582831624,433.37285390698383
2026-03-31,1219.588081447347,158.5630967887986,325.3328851450814,242.68236426598548,206.1723522530843,462.2573421147324
2026-04-01,1229.0287423715974,158.22041178009522,336.45414920177694,245.36239579702323,207.66712954025138,467.9938636165076
2026-04-02,1240.4972475622262,159.97236563355918,334.62133332319956,244.4302085975329,207.90271862960302,464.1399166514064
2026-04-06,1242.2455181037542,159.723926207569,339.3956437069222,247.94918905012082,210.2910793275661,462.97646189514154
2026-04-07,1245.4623786321065,159.47120289145553,345.58416536626436,249.0911268149927,205.9367755709946,464.61658215483214
2026-04-08,1273.294760189348,160.34503787312585,359.0020717766806,257.80703890324475,210.32358635379853,494.8099878131187
2026-04-09,1286.0920150894497,159.80532011991224,360.3257356672748,272.2558782653733,211.61525676332252,507.71312604611467
2026-04-10,1319.0992347176725,158.8629428962687,358.91155893854005,277.76742685911375,211.60714241402636,508.90076699857696
2026-04-13,1323.854445126746,164.64569674066703,363.51617502419145,279.5269170854077,210.5673146069702,512.6740110437133
2026-04-14,1374.204423063043,168.38948919391993,376.6399147106509,290.1654686063571,210.2667114651537,535.2644612475437
2026-04-15,1390.7080328771542,176.14694607761388,381.4029282630483,289.5595442596896,216.44076351312117,542.6088712006077
2026-04-16,1387.071651516747,180.01925523456657,380.15841128549994,290.9578161689291,213.97926200613514,546.8829175857833
2026-04-17,1410.358422836163,181.10298773169853,386.5619182088684,291.95991429688263,219.52778953710492,556.3198777461822
2026-04-20,1413.0158154252558,179.08116190104633,381.74235140607544,289.3031923353299,221.81866637815645,542.0674952824578
2026-04-21,1397.771088596868,181.68982827626874,375.93847476194605,291.2025221985422,216.22956710070576,540.395044495197
2026-04-22,1416.0928356762565,185.44218850976824,383.89192767126013,297.5530197138328,221.91618745685372,545.1458057433824
2026-04-23,1396.0926847790895,178.08737799592285,383.40543843969687,297.22675686101,222.12738386926912,532.5659234265029
2026-04-24,1456.4426847490436,181.88686102077895,389.6391819712245,307.60893867760774,220.2020497789274,545.3963056325703
2026-04-27,1514.7647336227665,181.97253882324551,396.3594492812002,304.2647355461778,217.39934856912012,548.2968722312359
2026-04-28,1490.708680533137,183.87013184032122,395.7258939611009,302.6101294925706,219.91772496475096,542.4149373947715
2026-04-29,1463.2959266378034,181.81831877880572,395.9069196373821,306.5019919369514,219.4790538122801,540.6212594690193
2026-04-30,1395.6031903934322,174.67341888100336,435.34598877848094,308.8557428351744,220.43766368280288,494.3979340052489
2026-05-01,1387.770959733358,177.5262407920926,436.35292682935255,312.5844916331358,227.5784151360655,491.84480951889714
2026-05-04,1387.980666734459,177.17498800314257,433.5923889067189,317.00068604099056,224.889438889024,493.18600813742097
2026-05-05,1374.1344495094406,176.2154883195871,439.4528188012438,318.74853037253797,230.86040887387225,488.7826396419653
2026-05-06,1453.3657713278958,177.3206271667543,450.32517255305277,320.4264637756222,233.5656138195061,495.18166548121394
2026-05-07,1479.0302546817015,180.23770742969342,450.2685847557725,315.9753139035359,233.50873893086126,498.3569181652648
2026-05-08,1504.9045518664611,177.81751911931602,453.4476927344792,317.73478634983786,238.2855099558351,492.5557849679335
2026-05-11,1534.5550706889799,176.76377385304738,439.69043227480523,313.4350864494325,237.98463385425634,483.85408517193673
2026-05-12,1543.925758059628,174.6691218902986,438.2309645801154,309.74132867568665,239.7084491964809,487.1990361060422
2026-05-13,1579.240716168638,173.5725508233781,455.5067907084081,314.7634652102008,243.0178629831326,498.2115048305757
2026-05-14,1648.5418826771856,175.38019524844532,453.75319083664607,311.37264293980076,242.48119927601147,499.66583561580273
2026-05-15,1575.674308361833,180.73031549213187,448.89966444610803,307.7837515587497,244.12372223813108,496.2724135701343
2026-05-18,1554.6951686933514,181.42425328978527,449.0806901223893,308.62268270030785,242.18034798895656,493.83237189090147
2026-05-19,1542.7369554573597,178.8027352441929,438.5816845544678,302.19062836180757,243.09918017776133,486.88392452129847
2026-05-20,1562.7371063545268,180.36192714268853,439.9958958300874,308.7974955814497,245.76622038572688,488.8634412810984
2026-05-21,1535.044565074637,179.9068915477538,438.5816845544678,312.81751620801845,247.9941675943163,490.7378714863997
2026-05-22,1505.8136739140261,179.68367074099118,433.2756285201117,310.3239434528691,251.10843996547803,493.06483035851346
2026-05-26,1502.5269466619243,178.59329624908082,439.96193624234223,309.1237584342726,250.70999315615433,494.74537611756267
2026-05-27,1486.7226450644241,177.15092223507972,439.905348445062,316.7676614661079,252.75907727689386,513.2638087138423
2026-05-28,1498.2611238086552,183.29819975740344,441.3761475179617,319.27289789599575,254.10886330125476,513.2879949100396
2026-05-29,1476.512809199813,193.27895631336014,430.3001398803365,315.35774366212183,253.74294833268732,511.04188703664306
2026-06-01,1568.9609067504248,197.6919526665513,425.8086648423609,304.4278847525812,249.06749500855852,485.1548582911021
2026-06-02,1558.1916029465542,189.44549038030857,409.38137929819385,298.90467248410226,256.2961643197917,482.86027930614244
2026-06-03,1501.7576648917109,183.4484503256739,406.1456835222069,291.3306981607221,252.27933808746522,503.342038718645
2026-06-04,1530.8826876681694,183.75323535233815,421.07961087770855,295.7236007790837,253.0680677277688,507.0505723490571
2026-06-05,1435.946416015344,178.86804164255614,416.9388212672005,286.6814258380088,249.90501000273454,479.1194645077443
2026-06-08,1460.7306213818483,176.75168201639957,411.2786596637828,285.7375927437719,245.18891048855332,472.97088919809926
2026-06-09,1457.5801021921018,173.17578661458575,412.3541041871861,284.5374077251754,236.25267934821176,472.3245254446188
2026-06-10,1403.180738684365,170.57863565042882,403.4336839726983,277.32463393885763,237.0901943423878,461.3281973040783
2026-06-11,1434.3360628138169,167.565095806517,405.00719093406826,281.4145832738815,240.38335461592325,459.2678789051452
2026-06-12,1436.5764984873226,167.73680512714836,407.1693768122,277.9655137497568,236.72430418834423,458.09632917709183
2026-06-15,1487.4051809941413,171.60891777537978,418.11614455383904,286.66977994326226,241.0257281946094,479.9516670952724
2026-06-16,1452.1191737752474,169.06327829735412,422.5310636951279,286.6464703737772,243.31871427018748,485.39430163345673
2026-06-17,1432.7957899957448,162.65843024379265,411.82204761458945,276.74201916167516,240.64355971292574,459.0061743903721
2026-06-18,1475.0831052794179,162.86877317902247,416.62185359928446,284.77045008004995,242.3185897012778,466.8020764589829
2026-06-22,1460.8005949354504,157.69165921352754,395.8490536053647,271.25378013741977,241.50546738403798,455.9896621287111
2026-06-23,1400.52024802954,160.52490885597993,391.8303526856921,272.79189168357766,239.301888037861,454.65532449237367
2026-06-24,1393.239045750352,156.8846109959206,390.8794496819441,272.97833267947414,238.30987781824751,450.9918561622232
2026-06-25,1370.4151681832388,151.46280437072076,389.09081926900865,264.51875473558977,223.73060062562377,439.0229961366254
2026-06-26,1347.94126521399,160.10850687564363,381.93640125792115,271.13726784997846,230.74785019372698,444.9912608856393
2026-06-29,1365.0242133199868,158.21967814753586,400.34322330035377,279.81822447399895,229.08907371849114,454.97877784682635
2026-06-30,1400.870329457257,160.12996562800456,404.5543849151718,277.7208077201436,235.28506180553453,455.53678794481004
2026-07-01,1383.2973528163388,164.96366095223672,408.90138488097045,281.63597973400954,239.36695171937353,495.66484644973787
2026-07-02,1364.0440494202912,167.6294851641811,407.4297566828357,282.7662538241429,250.95394474004058,471.3955780723009
2026-07-06,1369.0849228558263,166.0196857196719,414.84455456455896,284.5024522609438,254.23082668593597,485.4589626885968
2026-07-07,1378.7465079157248,166.92117602871332,415.48982127860097,286.6231608042922,252.60458205145636,497.8241308147441
2026-07-08,1429.0851618876222,164.56013684343324,409.70515270241276,283.8732183447912,254.8244149107496,487.7476185234673
2026-07-09,1419.7035778719855,164.99799757613042,406.2750961526171,287.8583012871203,257.12554015014774,510.6825492645669
2026-07-10,1476.9734595252069,165.31567357490894,404.3392960104912,285.8774146006983,256.39373502753665,541.1951139934914
2026-07-13,1424.9544787981802,167.84412509011563,399.0527244191546,288.17291824519657,258.01184049819625,531.1024117586376
2026-07-14,1482.8544429233802,165.24269023583537,406.97695066393925,288.3826688105781,256.0196808951492,534.5879387881926
2026-07-15,1487.755262421858,169.83598989106736,419.89344358856454,297.0869350040836,266.2975588960316,550.9804540983016
2026-07-16,1452.0490933917924,172.18415120481464,401.26016671635665,291.1792126290572,270.98115138398043,537.4184147774697
2026-07-17,1419.913605362645,169.05899440723078,392.5548354065495,288.07969774724836,271.3714342149603,522.4330918497948
2026-07-20,1423.2041784894486,172.69499527658536,398.4640455023929,291.2957426964905,265.55761460960053,522.3036710203465
2026-07-21,1451.2789569827564,170.74606108093684,392.9850132159108,288.45257973904125,266.4927003115215,520.653925641761
2026-07-22,1484.674716785714,167.565095806517,387.2569324370029,285.30646349825435,264.988443876247,507.19702223501184
2026-07-23,1461.5707313444864,163.80460011195757,359.6353507217017,272.26754194011187,261.5489275410941,490.1575508564135
2026-07-24,1448.12843779301,163.85612469867027,361.95600316034904,270.4614325748478,270.7859851539667,481.33457456234095
2026-07-27,1375.8060162166382,167.03279298238536,369.67647187866305,269.62246587330566,273.9490428790009,480.2670748375206
2026-07-28,1379.3066168341013,168.85723235282904,377.7704960621733,269.00489563189154,276.5266267285177,479.89505165233675
2026-07-29,1330.2982081896166,167.65095701712337,381.1665930242239,264.0992713848187,274.9898384524869,473.5871436052931
2026-07-30,1365.514241854908,193.6481437982699,377.71390826489306,274.4115600529453,271.11936828177784,435.9175872640427
2026-07-31,1405.491147911473,199.4949332846341,403.1506758925274,316.4530267280397,251.18161799628677,450.2155286238696
2026-08-03,1446.7282189119953,209.33831714385315,422.8254031535087,330.9484852291383,246.71758441528792,477.33146293416075
2026-08-04,1483.8346068230758,211.55340275156755,427.51199899675845,323.25799861831683,251.5637864779704,475.4714457274098
2026-08-05,1534.8033432669517,209.25675292395152,410.2824656940798,317.6998308856063,252.88104066157504,476.1426867112647
