Date,nvda,msft,googl,amzn,aapl,meta
2023-01-03,100.0,100.0,100.0,100.0,100.0,100.0
2023-01-04,103.03179485287306,95.62567119216328,98.83304252084733,99.207643547432,101.03143601138504,102.10837260053573
2023-01-05,99.65073668750709,92.79153726269888,96.7235241806477,96.85388375921303,99.960020367943,101.76365728952845
2023-01-06,103.80021959385164,93.88511946465805,98.0027015745357,100.30296217333377,103.63796024774086,104.23281824865775
2023-01-09,109.17220764813862,94.79923364325535,98.76571057200613,101.79445458052155,104.0617170280263,103.79188694553004
2023-01-10,111.13519032246981,95.52132550263778,99.21453837730954,104.71918325117645,104.52545964935025,106.61374107870219
2023-01-11,111.77784925562551,98.40971262803347,102.69300140091244,110.80167405736483,106.7322310280068,106.53359195935144
2023-01-12,115.34056765799401,99.55340044883084,102.25539126594607,111.01141573275038,106.66825368234515,109.59595519874172
2023-01-13,118.0509996226023,99.85390290942033,103.36626039341354,114.33232707468726,107.74767270297643,109.81240721952146
2023-01-17,123.66048218403505,100.32139128636052,102.43492584497665,111.92030225275164,108.6911398640767,108.51371979410938
2023-01-18,121.39016036126438,98.42641450097955,102.24417359560904,111.23281219287841,108.10744592861869,106.63781051377377
2023-01-19,117.11488490974742,96.80691033594587,104.40979757203984,109.15870500850818,108.15544135582797,109.1470089836789
2023-01-20,124.61755897891666,100.26712496518529,109.98652669641338,113.31857416199121,110.23424562519818,111.72837870989926
2023-01-23,134.07617711515496,101.25221390052587,111.97263337835956,113.63318223007151,112.82479415208317,114.8548982936697
2023-01-24,134.57912002837367,101.02679439804088,109.62748346517121,112.23491032083194,113.9601809322053,114.75065503998101
2023-01-25,134.98431119173313,100.429930491333,106.84472341701645,113.23700844878547,113.42445758803048,113.43595014033197
2023-01-26,138.33042364127138,103.51449407565863,109.4254962609206,115.61407780648952,115.103527626646,118.08562408222929
2023-01-27,142.26338080683428,103.581255629089,111.50136159010908,119.13306714907341,116.67867173245052,121.64502300829282
2023-01-30,133.8596179526864,101.30645397121319,108.77468125136656,117.1638352473939,114.3359733301891,117.89321679725478
2023-01-31,136.47920977228736,103.43517822637529,110.90664357451325,120.17012074125853,115.36739692361108,119.42438606731673
2023-02-01,146.30109490783167,105.49711467761907,112.69076305220884,122.52388941947348,116.27888782984361,122.75132784799676
2023-02-02,151.65212088009196,110.44325786405555,120.89317891319959,131.56607325054435,120.58849223638263,151.33075016056068
2023-02-03,147.39782087927645,107.83454343707615,117.57180648568017,120.47308291459228,123.53080440273914,149.53503939810852
2023-02-06,147.32099110541964,107.17504586616504,115.46229678775354,119.06315622061024,121.31603585587489,149.15825208972774
2023-02-07,154.89350313154523,111.67873707852544,120.78098492528322,118.9815905074045,123.6507370899286,153.61550639701738
2023-02-08,155.11701400489,111.33233563978871,111.50136159010908,116.58122047021145,121.46795721589515,147.04986096474224
2023-02-09,156.0391183465944,110.03421619849358,106.60906591720875,114.47214893161362,120.62845324149505,142.63265651786162
2023-02-10,148.55048138592517,109.81717716428054,106.1153587882842,113.73805751276225,120.92469616814567,139.61038018777987
2023-02-13,152.20399314293934,113.24817500045282,106.16023811190533,115.98695090828643,123.19892192211938,143.84319226162106
2023-02-14,160.468053345825,113.60298972057143,106.23878773108358,116.17338301418691,122.67843541861356,143.88326682129642
2023-02-15,159.0220039028509,112.69497221779609,108.77468125136656,117.87462598675621,124.38405506224161,142.02341206409733
2023-02-16,153.69895856686736,109.69471863808269,107.17011363724751,114.36728253891886,123.08681255165486,138.2395215060526
2023-02-17,149.4097395875737,107.98329182693682,105.8685009026854,113.26030912827456,122.15794891510777,138.59226407862815
2023-02-21,144.2892163055587,105.72788927964199,102.99597356501539,110.20741338543583,118.89876758546554,137.95093527785718
2023-02-22,144.98077785099355,105.24249806993286,102.8388743266589,111.61734007941789,119.24313011895602,137.18134318685867
2023-02-23,165.30911785061656,106.60661780050837,101.98608939740024,111.65229554364949,119.63550049761882,137.9188509308505
2023-02-24,162.6685238429646,104.28426338374564,100.01122631261003,108.94896333312265,117.48140611824347,136.59610642000004
2023-02-27,164.1704543464436,104.67759413228093,100.84156725892164,109.25192550645639,118.45034252157048,135.9146907099205
2023-02-28,162.17953782619733,104.36792368878156,101.0547634912363,109.79958481940729,118.04194055260308,140.24368172698257
2023-03-01,158.5609584163361,103.04984075141496,101.39138002407736,107.39920589221823,116.3603248315612,139.0251681201876
2023-03-02,162.86412092340646,105.07510527101923,103.23161378027712,107.35259564324411,116.84077582217627,139.91503328874498
2023-03-03,166.88786475927762,106.82420809496797,105.08303927999496,110.58028648723277,120.94076501233941,148.5089083770217
2023-03-06,164.54072653132488,107.48533975875276,106.74371253034518,109.24027072171387,123.18291516774092,148.22830001186182
2023-03-07,162.71012715882372,106.3471645404209,105.31869677980265,109.00722836683929,121.3971872444422,147.9156690478612
2023-03-08,168.9494079882912,106.15888291573619,105.75628098795006,109.43835761235687,122.4141439109046,148.2844290946737
2023-03-09,163.7442075203341,105.58143124485326,103.5906483692463,107.49242639016646,120.5883928926782,145.6549575472097
2023-03-10,160.4533745409364,104.02063629607716,101.69436083045329,105.72128137912998,118.91477433984402,143.90732390673483
2023-03-13,160.46035298916215,106.25093025166605,102.232955925272,107.702168065552,120.49232753048129,145.02164365837382
2023-03-14,168.12497518439747,109.12563431022775,105.44210843805608,110.5569769177477,122.18993758793859,155.53950514896343
2023-03-15,169.27782285249285,111.07140578975512,107.84336398747563,112.0950795739096,122.51028378087983,158.52974653057123
2023-03-16,178.45155452955433,115.57386322918278,112.56732546713646,116.56956568546892,124.80047903534283,164.28571296253932
2023-03-17,179.73709966333666,116.92538272555142,114.02603744005503,115.2994608484132,124.11983806231098,156.81417253783664
2023-03-20,180.9598120257379,113.91262735096089,113.57720099247864,113.85457869019955,126.04166686069733,158.5778360021817
2023-03-21,183.04892146211057,114.56119815627073,117.72889708176368,117.23374617585709,127.54712135783473,162.06508837119637
2023-03-22,184.9283833408666,113.93773594266683,115.98968285450819,115.00815345982198,126.38597972233558,160.18117652855886
2023-03-23,189.9798841550857,116.18477770955569,118.49191472150706,115.0198082445645,127.26684793167338,163.76459549116126
2023-03-24,187.10127426197226,117.40244596796443,118.31239742702249,114.34397296943379,128.3238773649157,165.1514963463919
2023-03-27,185.36854695740325,115.64914962856872,114.968581016556,114.23910657673902,126.74634901020451,162.6102011798469
2023-03-28,184.5230985967838,115.16793880906262,113.36401340243695,113.30691937724866,126.24184442515107,160.87859736324216
2023-03-29,188.53360744464064,117.37731112577055,113.76795324184623,116.81426282508605,128.74026408412774,164.6224133616115
2023-03-30,191.3213504553972,118.8585999092258,113.20691416408046,118.8534145452247,130.01350267212834,166.61854632097325
2023-03-31,194.07416111900088,120.63696546459556,116.3936226939175,120.356561737155,132.04746567690532,169.90540119234475
2023-04-03,195.38771362640944,120.18930276866521,117.1005346974297,119.33116292971239,133.06443476133077,170.81129618477223
2023-04-04,191.8104300528878,120.1683286288084,117.50448317911197,121.12560862023795,132.63202886977723,172.13404069562273
2023-04-05,187.81397168220576,118.97992966444264,117.22397228250207,117.80470616829706,131.13457154084756,169.53664114553223
2023-04-06,188.90390636687147,122.01784613171498,121.65618791067001,118.92332547368787,131.85527286269624,173.24034553532667
2023-04-10,192.69077065463594,121.09310706812764,119.434484224827,119.0515014358677,129.7492608362716,172.15809778106112
2023-04-11,189.82615776399825,118.34810667043274,118.2113951826242,116.42973493854656,128.7643176785661,171.4365704624067
2023-04-12,185.11701534175745,118.62430117919817,117.41471588959669,113.99440943712192,128.20377082624347,171.55683119033236
2023-04-13,184.89345099371363,121.28141494330025,120.54533606774851,119.31950814496987,132.57597418454498,176.64742408572425
2023-04-14,186.95456642513483,119.73318741562109,122.1611213522046,119.4476841071497,132.2957131763467,177.56134633972002
2023-04-17,188.65936656812616,120.84618185340521,118.90709815807237,119.71568192625588,132.31171993072513,175.4529428651013
2023-04-18,193.30560937561202,120.66628725961444,117.25763393578619,119.20298696753258,133.30470992849052,174.67532351253453
2023-04-19,195.15017901323938,120.69978288221432,116.89857341999806,121.53344607626249,134.2335859830007,172.9196626104914
2023-04-20,189.37201051366057,119.72058718141423,118.14407187605597,120.96247719382653,133.44882038974896,170.81129618477223
2023-04-21,189.4768342924689,119.57417508497939,118.27872713146539,124.63295206807533,132.14358071095447,170.6669783714082
2023-04-24,188.93885208269916,117.90455217586357,118.90709815807237,123.7590299023016,132.3918033744697,170.58680455279108
2023-04-25,183.34235050446026,115.24745153700545,116.52826066478093,119.51759503561289,131.14259354498137,166.38607682595656
2023-04-26,188.33795688949974,123.59539545441301,116.37117871097043,122.32580252883048,131.13457154084756,167.86918132367444
2023-04-27,190.22438384780673,127.55385090720375,120.72486200450608,127.96550930475877,134.85817227080025,191.24576492485588
2023-04-28,193.878564038559,128.57067668245284,120.4443338233502,122.87345295178538,135.87515377318874,192.6567475647913
2023-05-01,201.99031492988198,127.85931471001217,120.28724322726671,118.91167957894133,135.8031047515411,194.94950636354986
2023-05-02,197.09949221762653,127.79653666812531,118.17775081388606,120.75273551844101,134.96227205509405,191.79090243277278
2023-05-03,194.24882285476554,127.37390381243712,118.27872713146539,120.77604508792605,134.08942584989006,190.01923640612583
2023-05-04,192.5720033480509,127.79653666812531,117.47084745264682,121.1838736539546,132.76014499462022,187.2053848352556
2023-05-05,200.38332001144892,129.98917429877727,118.45827035276895,123.11815898139848,138.99018738768342,186.61213315646188
2023-05-08,203.67413962217182,129.1522956182948,120.92683192421072,123.31624587204149,138.93413270245114,187.0049502887128
2023-05-09,199.62174671628583,128.4618552847351,120.45556877823323,124.23677828678932,137.54877232602294,187.0851241073299
2023-05-10,201.81562645676777,130.68380158516197,125.39272649020874,128.39664744027235,138.98215296558652,186.85264226268004
2023-05-11,199.670649328565,129.76322322391167,130.80116463270772,130.7154517642597,139.13429784894183,189.02516503277934
2023-05-12,198.00777334962706,129.2861731067426,131.855936766217,128.47821315347804,138.3805523274026,187.4378543302723
2023-05-15,202.29074915780689,129.49121566797123,130.73384996841247,129.5735228893838,137.97961355423152,191.4862863807072
2023-05-16,204.10732479048278,130.4452896518214,134.10008443500706,132.1370332429843,137.97961355423152,191.4542267329669
2023-05-17,210.8496421138923,131.67819631847405,135.59245806120975,134.5840135291515,138.47674186923,194.39632924443154
2023-05-18,221.32996121881138,133.57371780147963,137.82541398648175,137.6718736262178,140.36920218499029,197.8916088750145
2023-05-19,218.43736769189695,133.49819514770232,137.74687300957652,135.45793569492523,140.45740697657308,196.9215945871064
2023-05-22,217.82254233959563,134.68916665988527,140.31643682541656,134.01305353671157,139.68760502880315,199.07007262140044
2023-05-23,214.41292868493815,132.20659239003604,137.52243318010585,133.9897439672265,137.5706279410005,197.8034201444623
2023-05-24,213.36493153300063,131.61527389890358,135.65979865232396,136.04055047210767,137.79515713100596,199.78354797922026
2023-05-25,265.36121557616383,136.67691923223623,138.55476133066807,134.00139875196902,138.71732748546617,202.5733671639185
2023-05-26,272.11049797912426,139.59988481285896,139.82272969649202,139.95572248597358,140.67390174448167,210.06893997479318
2023-05-30,280.25022950672394,138.8953217167924,138.76795756298273,141.76183185123764,142.17344529120467,210.45372984547583
2023-05-31,264.3411054797797,137.71276348599127,137.87030195237588,140.50338179892447,142.13334768849865,212.21740565945404
2023-06-01,277.8676375533026,139.46983989564905,138.8240631992139,143.05522847778644,144.41067793323617,218.5425172862447
2023-06-02,274.7725219724196,140.65243750218207,139.89003571851427,144.7797721298448,145.10028467559405,218.5425172862447
2023-06-05,273.6825204443801,140.87888733631837,141.39363565732697,146.00326671792638,144.00172957389435,217.5645498345674
2023-06-06,270.07030452370554,139.9311528453035,142.85233034569956,147.52971458934573,143.70505201853678,217.34811016342084
2023-06-07,261.8599329186638,135.61176630870625,137.4551271580836,141.2607827872609,142.5904156546803,211.31953792859477
2023-06-08,269.09203837932625,136.40016033798028,137.05117003412835,144.7797721298448,144.79557269813964,212.10517219309665
2023-06-09,270.90884127947305,137.04176163874448,137.15215499398064,143.8242842508654,145.10829426176483,212.40173628432757
2023-06-12,275.88394011742776,139.1637067053984,138.73427862515263,147.48310434037165,147.3776521742208,217.29191933244306
2023-06-13,286.6448409682503,140.18696385019055,138.94748349974031,147.58797962306238,146.9927449913543,217.50845780065507
2023-06-14,300.4454041370434,141.4659926241379,138.76795756298273,147.3083181292177,147.50591731462046,219.13579366430474
2023-06-15,298.04166294014857,145.97829399653966,140.36131614903772,148.11232936652823,149.15781685007065,225.9338962419634
2023-06-16,298.31419674384534,143.55856339479712,138.61086696689924,146.22465428805845,148.2837661024503,225.26857210391995
2023-06-20,306.1122784192291,141.7637125330067,138.12836886603873,146.5625719256238,148.35592688576548,227.93804411326022
2023-06-21,300.78079744947075,139.88080440945197,135.26706784097874,145.4556074049755,147.51397657264346,225.78162526483015
2023-06-22,300.64101458616,142.4598623476914,138.18446585999692,151.6546193886012,149.95168481024203,228.37904951418705
2023-06-23,294.93919458814656,140.49309704044123,137.27556665223406,150.69914039961776,149.69508002166438,231.46544513974936
2023-06-26,283.9197435674282,137.80082074775567,132.787245387835,148.36868129088788,148.5644120675033,223.2403671471847
2023-06-27,292.6123232711329,140.3043691574617,132.7760450020439,150.52434529846784,150.80166954546095,230.11859414492775
2023-06-28,287.30870261957847,140.84116538516162,134.85189304668643,150.36121387205642,151.75592791645641,228.70769795242464
2023-06-29,285.2473599206863,140.50567102416016,133.64004760163962,149.03286178127607,152.02856429533864,225.69344888391117
2023-06-30,295.58901913097463,142.80795694289966,134.31327202504878,151.89932541821432,155.54078645816162,230.06250211101542
2023-07-03,296.3645894286135,141.7385776908128,134.53770321224644,151.7361939918029,154.3299729704407,229.29289767038372
2023-07-05,295.69377606640916,141.80567393796431,136.61355989916194,151.92263498769935,153.42382178832204,235.98681874251957
2023-07-06,294.19848979428684,143.1140638826624,134.77334342750817,149.5688663094844,153.80872897118854,234.07887451371005
2023-07-07,296.9934786267644,141.41568356401822,134.06643142399597,151.2234901430836,152.90260262499595,232.90847507779188
2023-07-10,294.7364452667071,139.15535905023634,130.6665180195713,148.1356300460173,151.2427183393011,235.7704037706394
2023-07-11,296.3086816307591,139.4237046631104,131.44075332965173,150.05826058871864,150.8177135537286,239.12938049979337
2023-07-12,306.76916162233147,141.4072965331243,133.449295352272,152.41202926693362,152.17289827993204,247.98772298266115
2023-07-13,321.2683984715327,143.696969092413,139.74417143504078,156.4903327072109,152.7903069850856,251.25064426492605
2023-07-14,317.71872121139444,144.77893545346274,140.7316029774359,156.93310784747504,152.91059979320366,247.61103447134585
2023-07-17,324.65035233810767,144.98442427298616,139.86760037784018,155.62805643618373,155.55680563050313,249.01390340228073
2023-07-18,331.86852763966823,150.75474090374655,138.86893388056205,154.77744383989508,155.34833286672838,250.16034454982594
2023-07-19,328.95474476325614,148.9054071542555,136.92773244905595,157.72547319003905,156.44690038639112,253.33496595484
2023-07-20,318.07510334319807,145.4624719086966,133.75224158955598,151.43324070846512,154.86722372407138,242.52044157595395
2023-07-21,309.6130798044377,144.1624427444045,134.67234982538287,151.47984206744326,153.9129653530759,235.89869176013335
2023-07-24,311.7303303011842,144.7244000647862,136.36670201356318,150.0815701582037,154.56247449272774,233.77423376237815
2023-07-25,319.18609369061386,147.18605269575448,137.1297110110336,150.46609804474318,155.2601280751456,236.06701726040308
2023-07-26,317.5999004301104,141.64632035097952,145.0515814063225,149.3241602798713,155.96577882577108,239.3538474325082
2023-07-27,320.73033604971437,138.68984602251294,145.19748025888794,149.44069034730458,154.9393720894235,249.8877634462343
2023-07-28,326.66982434764543,141.89793127779762,148.7657192142791,154.05500720578624,157.03228316482466,260.92673005856875
2023-07-31,326.52306303610897,140.87050030542443,148.92280116808962,155.7678782931101,157.52944873371237,255.41126038318563
2023-08-01,324.9718154914332,141.04664107944106,147.6099707631905,153.4490828591187,156.85587358165907,258.706117816859
2023-08-02,309.3336477645637,137.3395077981012,144.0529667626823,149.39408898832647,154.42617493023124,251.97210983541459
2023-08-03,311.05253849075416,136.9872393753119,144.13152502413357,150.20974612038353,153.29550697607016,251.07416800675622
2023-08-04,312.20545300222335,137.45691310537234,143.74999459857938,162.63109743711195,145.93425023847146,249.1021538809988
2023-08-07,317.35533389401553,138.433995641894,147.58753542251642,165.71894864418226,143.4163467954608,253.775847859435
2023-08-08,312.09369088121355,136.73142837042485,147.44165385449696,163.06222668262956,144.1781267390969,250.63333550069396
2023-08-09,297.349860758568,135.12949234443897,145.48926067947278,160.6269011812049,142.88711804596397,244.67693452218313
2023-08-10,296.1899677988731,135.42306467621466,145.5229136904839,161.4542042080085,142.71070846279835,245.10181130217435
2023-08-11,285.4779695603297,134.61788345990882,145.3770148379185,161.27942688685053,142.75886532352737,241.81495643080288
2023-08-14,305.727955757173,135.88853832820618,147.36309559304576,163.79632699147692,144.0998190640693,245.46251938815226
2023-08-15,307.03466350310345,134.9743388355231,145.62387272351728,160.41715061582335,142.48586882371652,242.06348044895608
2023-08-16,303.8623304567956,134.6465489927294,144.41201863619744,157.38756444246968,141.77927430789882,235.92274884557173
2023-08-17,302.8700539412658,133.16728149684482,145.78098924641972,156.117450715418,139.71563237141928,228.54737501445678
2023-08-18,302.5555959735156,132.999199622623,143.02064725439308,155.23188265489773,140.10907069490486,227.07228542867398
2023-08-21,328.18607270179444,135.26851492852123,144.0417404500723,156.93310784747504,141.19308436186662,232.40335038138446
2023-08-22,319.1091703360337,135.51222445847213,144.83842838537277,156.43206767349426,142.3092108812898,230.5595501473219
2023-08-23,329.2272518296034,137.42018867275695,148.5300617144714,157.9119141859355,145.43273838251437,235.88261253773047
2023-08-24,329.55569343115457,134.46585375905676,145.62387272351728,153.62386018027667,141.6267196317627,229.87814678687553
2023-08-25,321.55488917168094,135.7308122714731,145.7361012805256,155.27848401387584,143.41731539657914,228.87604815196076
2023-08-28,327.2637143552696,136.0333228943893,147.0040264349846,155.1386621569495,144.6860214280645,232.69201070737898
2023-08-29,340.8825972340479,138.01268843584631,150.99865785500512,157.20112344657323,147.84163694582432,238.88888374320837
2023-08-30,344.23661057037054,138.17242265490611,152.46857021371477,157.38756444246968,150.67609910304432,236.57201846047866
2023-08-31,344.8724514793976,137.73955210892484,152.7939863607648,160.81332439710937,150.8527694634341,237.2053817478473
2023-09-01,338.960957186418,138.11778226427785,152.22172961266196,160.9415003592892,152.12947266312716,237.59819888009824
2023-09-05,339.23349099011483,140.17278858670784,152.34515855546135,159.95106590607418,152.32216219585848,240.62042581164724
2023-09-06,328.87004083996453,139.89122585316053,150.87524619675173,157.72547319003905,146.87005551636653,239.8348903442108
2023-09-07,323.1397188273587,138.64308077826396,151.7728672382666,160.6269011812049,142.5741977949299,239.43402125112527
2023-09-08,318.4645863137123,140.47533858535596,153.0296265760265,161.069676321469,143.07203393382258,238.808759323124
2023-09-11,315.71130774649197,142.01767287849464,153.63555361968642,166.74435634162086,144.01952451495282,246.56082166555427
2023-09-12,313.5589778471701,139.4247415573837,151.86264317005487,164.56536498456384,141.56248150887689,241.83103565320576
2023-09-13,317.85663246023853,141.22759881799303,153.39991340442467,168.78350806175953,139.88425589174912,244.55667379425745
2023-09-14,318.527552771841,142.3370363146625,154.95960169492258,168.63202253009464,141.1128022307132,249.89576600853619
2023-09-15,306.78044478383055,138.77336194986526,154.17412278768614,163.58657642609538,140.5266247026441,240.74876319967387
2023-09-18,307.2416373257677,138.2858903889876,155.083013353176,163.10882804160767,142.9034104134927,242.54444926285967
2023-09-19,304.12499817851807,138.11356906096492,154.89229567290036,160.37054925684524,143.78668770766328,244.56467635655935
2023-09-20,295.1730394470823,134.8020306327444,150.06734923338718,157.64389858683734,140.9120410219959,240.23568533949725
2023-09-21,286.6335578067513,134.28093219682722,146.36444638031358,150.69914039961776,139.65941625266728,237.07709375835339
2023-09-22,290.777552872106,133.2219218874731,146.15124150572595,150.45443437000466,140.34997917818043,239.76269438862926
2023-09-25,295.0542988778468,133.44464415232318,147.11625499199292,152.9596885798845,141.38579873052407,241.1656127180968
2023-09-26,292.8809266844497,131.17532884642492,144.26617163727,146.7956231704944,138.077603700702,239.66649074614196
2023-09-27,296.77335002813436,131.44847829859037,146.47667493732192,146.7956231704944,136.84904494377489,238.68842449739924
2023-09-28,301.11306249200385,131.80573431408655,148.46273840790317,146.7956231704944,137.05785299255214,243.67483588726836
2023-09-29,303.9781833922825,132.69241017017404,146.8356922417451,148.12398415127075,137.47539458232833,240.66858938105676
2023-10-02,312.9439653334221,135.23487492823773,150.5498473342477,150.85062593128265,139.51489599862805,245.96759468602696
2023-10-03,304.1039826217923,131.700653610899,148.5973850210396,145.32743144279567,138.43090716759238,241.25378909901585
2023-10-04,307.76579632583366,134.04139649445733,151.75046646668446,147.9841534043484,139.44263587160845,244.9735233126804
2023-10-05,312.28713560501876,134.20946524343523,151.55971421731687,146.77231360100933,140.44633015352764,244.34020942384453
2023-10-06,319.7923898284171,137.5294169530376,154.37610999193677,149.10277270973924,142.518006512104,252.87000226554022
2023-10-09,316.37516939782006,138.60526695039943,155.3186708529837,149.45233624205113,143.72242474885135,255.21882839894477
2023-10-10,320.04398828743666,138.00434078068426,154.91473101357442,150.87391772077572,143.24064503618936,258.00863523400983
2023-10-11,327.0880499688978,139.69793038528104,157.70874330115817,153.61221428553014,144.37282798184322,262.8026393389044
2023-10-12,328.0593911397504,139.16839241749406,155.93581556698064,154.1948290627126,145.1035381819146,259.86853938974167
2023-10-13,317.6889892787239,137.7269781252059,154.12928667542994,151.23513603783013,143.6100173472735,252.27672588748015
2023-10-16,322.1194483068774,139.79037147852986,156.0816971350001,154.45118098707226,143.50564436779248,257.45547046452464
2023-10-17,307.0460001393016,139.54660944760312,156.77740011044824,153.19273093475908,142.24496034044094,259.74027609951406
2023-10-18,294.8726185878321,138.7271217153749,154.80255431020402,149.30086849037824,141.19308436186662,254.10449629767257
2023-10-19,294.208756936504,139.23561991708522,154.56687952585034,149.61546766846254,140.88798742755748,250.76957665395705
2023-10-20,289.2191931924569,137.28148109452985,152.15440630609376,145.8517811862615,138.81632348694416,247.43468170950786
2023-10-23,300.31636968824114,138.39515804500016,153.16425590461697,147.4714495556291,138.91267446229133,251.73161307882964
2023-10-24,305.1241996675745,138.90364312146653,155.75628098795008,149.80190866435902,139.2660151830709,250.56111484584602
2023-10-25,291.95854160057524,143.16493732827257,140.94479056747758,141.44721489316137,137.3870283572258,240.12347657240625
2023-10-26,281.8047657453912,137.79417937430912,137.20825198793884,139.326497459817,134.006548364458,231.16085378695018
2023-10-27,283.0206734523386,138.60104062184254,137.08484032968542,148.84642078537956,135.07451802315217,237.8788072452581
2023-10-30,287.63984469343154,141.7528842067352,139.6544041455255,154.63762198296874,136.73664996016007,242.63267504231138
2023-10-31,284.97736616519427,142.08910045615474,139.22800303862317,155.08039712323284,137.12209111543794,241.5183429410392
2023-11-01,295.77406832702934,145.43427888465877,141.8873514285245,159.63644894799788,139.69156635901786,250.00002161185807
2023-11-02,304.0271127419112,146.37979520944347,143.05430890767718,160.88325310556453,142.58223221702676,249.21431324955714
2023-11-03,314.50235175042076,148.2624802038508,144.86087236831983,161.5008233469786,141.8434875948585,252.20457933043127
2023-11-06,319.71554668588544,149.8300018401592,146.15124150572595,162.82918432775494,143.91513911750877,253.16654165750475
2023-11-07,321.1411554251486,151.51101746103706,146.95917303818243,166.2899175266182,145.99483748021896,255.58761314502365
2023-11-08,325.466777305819,152.63306831715735,147.9353696256945,165.55581721777085,146.85397425420973,256.357192886389
2023-11-09,328.0943368555781,151.57825808587216,146.1400411199349,163.83128245570848,146.46859518874714,256.9744522520883
2023-11-10,337.77290979767446,155.35202823082474,148.77693688461616,167.28035197983323,149.86957723851947,263.5642165179678
2023-11-13,339.7645482263579,154.0954961250342,148.21591509139637,166.15007788969987,148.5831135198648,263.9008675185073
2023-11-14,347.00427383163463,155.6041904178894,149.9326680511588,169.89047258240782,150.70576561678376,269.60874447886493
2023-11-15,341.6373926111067,155.66737534233917,151.05474620669034,166.86086862906217,151.16405054334487,266.7228080991118
2023-11-16,345.7744359655853,158.40448746841082,153.64678857456943,166.4297393835446,152.53088331889435,267.90923735890004
2023-11-17,344.5025402487349,155.74314737575185,151.82900744358972,169.168018168307,152.51481447470061,268.5906901178791
2023-11-20,352.26642485407757,158.93927553378398,152.88374500800708,170.27500046894727,153.92989103672048,272.542869127294
2023-11-21,349.01692781704384,157.09909007933683,153.6916419713716,167.67652576111922,153.2786309642778,270.14595352227906
2023-11-22,340.4354685379603,159.11195124339375,155.3972291144349,170.95083574407798,153.8173222016229,273.7614074333554
2023-11-24,333.86655629488786,158.93506233047108,153.37746077920463,170.9857912083096,152.7399397269327,271.14800275866105
2023-11-27,337.12303178014736,159.43197094175986,153.0632968715836,172.13935708793602,152.59519594955847,268.3181090142875
2023-11-28,334.1810142626381,161.15425232966518,153.94975209639935,171.32369995587894,153.08566823635928,271.7572101635258
2023-11-29,336.41024077919053,159.533035320294,151.4699382855286,170.49639692907533,152.2575266981549,266.313911744458
2023-11-30,326.8364782472277,159.55830141492754,148.70957900895598,170.22838132997717,152.72384604681287,262.265479694023
2023-12-01,326.8015325314,157.70547635054166,147.9578049663686,171.32369995587894,153.7610564110187,260.39764707378833
2023-12-04,318.03138777672655,155.44415431821838,145.0515814063225,168.771844387021,152.3057456486992,256.5496001713635
2023-12-05,325.4395052093046,156.86748202432213,146.9816083788565,171.148922634721,155.51381464240518,255.16273636503243
2023-12-06,318.0103989573503,155.300997282287,145.8931659497901,168.39898017522003,154.62938247767048,254.4893849654207
2023-12-07,325.6491527669213,156.20635036053733,153.64678857456943,171.148922634721,156.1972248211984,261.8165458285934
2023-12-08,332.00900567406666,157.5875460335119,151.4699382855286,171.77813877088158,157.35502602463563,266.7548183483193
2023-12-11,325.8658322474627,156.35372059978167,149.56238122276065,169.99533897510258,155.3208146605975,260.76635772206816
2023-12-12,333.06424864772515,157.65074408320567,148.69843047680286,171.84804969934478,156.55098775272185,267.93329444433846
2023-12-13,336.07642497038506,157.64649150416085,148.75450154394207,173.43276260448079,159.16407488255246,268.3501686620278
2023-12-14,337.907425403129,154.09243794319028,148.04754632906491,171.77813877088158,159.28467813974692,267.09159284519063
2023-12-15,341.681402288423,156.11371238862904,148.78815455495317,174.74947769051062,158.85048406151336,268.4944370768591
2023-12-18,349.9770927757954,156.92221429165812,152.37884613556443,179.52692597540369,157.49973254812068,276.27063060252686
2023-12-19,346.671420567412,157.17908844130642,153.33260738240244,179.20064534258887,158.34394293051884,280.8721780239142
2023-12-20,336.237143178373,156.0673934026749,155.22889492119543,177.25471412039846,156.6474877436257,280.0063699407952
2023-12-21,342.3803166049769,157.29699250784824,157.56282716404678,179.25891037630552,156.52684723254205,283.86246880405474
2023-12-22,341.2620804358402,157.73496877373208,158.76346358102953,178.7695160970713,155.65854600181638,283.3012273744686
2023-12-26,344.4000827253594,157.76862189925956,158.7971338765866,178.75787020232474,155.21631750148597,284.45559698651664
2023-12-27,345.3645523973844,157.5201872814811,157.50672152781559,178.67629559912305,155.29673623023302,286.860613950899
2023-12-28,346.0983322177174,158.0296830017328,157.34963957400507,178.72291473809315,155.6424274857704,287.25348048168263
2023-12-29,346.0983322177174,158.34972895058687,156.7437125303452,177.0449813350089,154.79821710337228,283.75818850146646
2024-01-02,336.63552968627863,156.17265785927796,155.0381599563738,174.70285855154052,149.25848927656114,277.6094296365139
2024-01-03,332.44926287132665,156.05896699604904,155.87972721529545,173.0016333589632,148.14094710934967,276.1503698746012
2024-01-04,335.44742882283606,154.93881930030375,153.04086153090952,168.45724520893668,146.25951394478264,278.2747784738237
2024-01-05,343.12808005911097,154.85884718882212,152.30025330502124,169.23794687676218,145.6725789209672,282.1468577624206
2024-01-08,365.1846822259325,157.78126150919832,155.78996856805313,173.73573366781054,149.19418906386005,287.52606158527425
2024-01-09,371.38373671304123,158.24446449398377,158.15753653736962,176.38079195462475,148.85649497653034,286.5399433756969
2024-01-10,379.8401454084016,161.18373162761165,159.6499015212993,179.1307344141257,149.70071777689157,296.9937349693387
2024-01-11,383.13886590590886,161.96699368649513,159.42547897637462,180.8203137119565,149.2183171660768,296.35241851820086
2024-01-12,382.3561032612481,163.58398436730943,160.06507631559163,180.16778800631084,149.48363936471935,300.2164705452295
2024-01-16,394.0413410224603,164.34196720631545,159.885576305653,178.46656281373353,147.642440400452,294.58071544265437
2024-01-17,391.7420893875048,164.00509469469765,158.74101095580946,176.77698351590274,146.87859907494868,295.31028237251024
2024-01-18,399.10822918133044,165.85791975908353,160.9964195063015,178.86273659501953,151.66253241631645,301.5311630952454
2024-01-19,415.76947485038113,167.8791942045223,164.2504772695257,181.00675470785293,154.01833176960133,307.3994370913699
2024-01-22,416.9086196268455,166.96960167247107,163.81283256546737,180.3542290022073,155.89170567614536,306.06061335811654
2024-01-23,418.4391724629898,167.9760060040116,164.99103364177606,181.79912005041695,156.92889120442507,308.8022813230384
2024-01-24,428.84545584707735,169.51727715238906,166.85365088501197,182.78955450363196,156.382140709057,313.21147085798395
2024-01-25,430.62763387959075,170.48998898267024,170.41068945461208,183.81496220107053,156.11683092837748,315.199613604677
2024-01-26,426.53216710362176,170.09417100040346,170.76972404358125,185.4113210009531,154.70976395252836,315.96924274457507
2024-01-29,436.5541278256532,172.53232944467356,172.25090592626586,187.9049115360944,154.1550411248787,321.48463832215907
2024-01-30,438.7136233346474,172.05648684994932,169.9506439789716,185.27149914402673,151.1881786455616,320.71508328006007
2024-01-31,429.9985842573427,167.4202044230497,157.2037752905316,180.84362328144155,148.261525530618,312.7625369925544
2024-02-01,440.4818177333599,170.03099920119763,158.39319403717732,185.59776199684956,150.2394214321997,316.4822959054853
2024-02-02,462.37775516689254,173.16399493575588,159.76213007830765,200.198086890643,149.4273611561521,380.78402016744496
2024-02-05,484.5460659800248,170.81843508766218,161.22082476668024,198.45024255909559,150.89871592673921,368.2940210547661
2024-02-06,476.7953896253469,170.75110258611932,161.69210519720372,197.09857200883417,152.20126090755068,364.53424933032574
2024-02-07,489.9064767619679,174.35567521111298,163.3078818393868,198.70659448345523,152.2896892224685,376.4550044511165
2024-02-08,486.7055347516695,174.38091505525858,163.72309120277106,197.9025832461447,151.4133038977937,376.7837269871532
2024-02-09,504.1215490604295,177.09278733718463,167.19033655603693,203.2742922029668,152.03318377759527,375.2685257927955
2024-02-12,504.92527378711696,174.86518405660865,165.5408204801128,200.81565713205705,150.66458765129192,375.9018396816314
2024-02-13,504.0866300819513,171.10058845718794,162.8590540340834,196.50431133690515,148.96593448493797,368.8632403473878
2024-02-14,516.4708356344165,172.7543560715935,163.75669236014426,199.23094422692108,148.24945527052813,379.41318618498406
2024-02-15,507.79071553558987,171.51824684541324,160.199740213274,197.85598188716656,148.01600998304886,388.031106009066
2024-02-16,507.4761773557911,170.4635678665677,157.6750557210551,197.51805535960523,146.76817854745968,379.44524583272437
2024-02-20,485.3847631598895,169.92776915740922,158.3482887867372,194.68655607689456,146.16436751185188,378.1865959180881
2024-02-21,471.5470083379087,169.67042249897818,159.95288232767524,196.44604630318852,146.77623780548265,375.60248457330135
2024-02-22,548.8847383609979,173.6656023843843,161.68088752686666,203.42577773463168,148.42654784166177,390.1280984226246
2024-02-23,550.8346397870745,173.11295086197416,161.5350232433932,203.90352611911936,146.93723669649648,388.44276868155254
2024-02-26,552.7565204708501,171.93170515556957,154.36492689069166,203.6005550557896,145.84236972982424,386.60501976774907
2024-02-27,550.0239098748117,171.90638655996017,155.83482196485534,202.21392904129664,147.02580160900789,390.86635949424056
2024-02-28,542.7695322019958,172.00762156666588,153.0296265760265,201.77115390103245,146.05164966119762,388.43476611925064
2024-02-29,552.8962498594618,174.50514548939177,155.3635761034238,205.9659696287511,145.51228785384754,393.3381632748708
2024-03-01,575.0298021182131,175.2898250746236,153.88239422073923,207.66721260132041,144.63480974842386,403.1047965790034
2024-03-04,595.7025325483781,175.0451705271072,149.6297390984208,206.92146639772653,140.9637618381218,399.80640715024003
2024-03-05,600.8116657194961,169.86869243432062,148.86669553185845,202.88976431642732,136.95462246567226,393.4103839297187
2024-03-06,619.9338437760731,169.6324511681861,147.44165385449696,202.17897357706502,136.14959075671405,398.1211762062335
2024-03-07,647.6735230588919,172.6066970769819,150.7854529804175,206.03589833720628,136.0529790041427,411.0416835316345
2024-03-08,611.74264285064,171.3748010541146,151.9412014315061,204.32300946989042,137.4457280685889,406.03398137415974
2024-03-11,599.4836215686456,170.65761147335326,154.47712087860802,200.37288199179292,139.07191000255128,388.08969266888107
2024-03-12,642.3899019447812,175.19701647454372,155.408429500226,204.3696108288686,139.45833217691052,401.05843766149076
2024-03-13,635.2259499880552,175.12107381295948,156.85592380280752,205.7329272738765,137.76776310450566,397.70388210101595
2024-03-14,614.6501157125643,179.39047942053622,160.57002704167218,208.28478284273447,139.27316792979084,394.7024519517453
2024-03-15,613.9021650969837,175.67796478917052,158.41561209330544,203.2393367387352,138.9672762458461,388.4989842117967
2024-03-18,618.2214234884674,176.05763872135972,165.70913738880634,203.30924766719835,139.85281360929275,398.835380192411
2024-03-19,624.8121801461009,177.78310954354865,164.979833255985,204.96387150079758,141.75273712084933,398.2415357312246
2024-03-20,631.6197232336739,179.39467949860517,166.89857341999806,207.5856379981187,143.8378000435995,405.6888832245238
2024-03-21,639.0489631723758,181.14124258784662,165.61941331065603,207.5856379981187,137.9609369377961,407.48654522901865
2024-03-22,658.9959349870651,180.87548264803374,169.17638274207224,208.42460469966082,138.693547086215,408.94711164617956
2024-03-25,663.9791887166245,178.39482466380343,168.3909556884737,209.40341103812128,137.54236465708632,403.68261121631963
2024-03-26,646.918674207134,177.88435767549828,169.06418875415585,207.76043309926862,136.62457784358472,397.96068037340103
2024-03-27,630.7668552585615,177.79153595017448,169.28861129908054,209.54323289504765,139.52273173331605,396.33151676404043
2024-03-28,631.5078541632661,177.4920178828824,169.35591732110277,210.18411270594677,138.04950185030754,389.68672253270233
2024-04-01,631.5567300381956,179.1162668236096,174.47262689665484,210.871593875824,136.8822009051329,394.31724219353447
2024-04-02,625.1896045719798,177.79577540397534,173.42908971802856,210.54533102300118,135.92417989133165,399.14839399504024
2024-04-03,621.7790417414142,177.378130140994,173.8330641265298,212.54952727890824,136.57624713137292,406.66798684245384
2024-04-04,600.3992153657409,176.2939062379822,168.9070722312534,209.74131978569065,135.9080862112118,410.02254240292865
2024-04-05,615.0972711460016,179.51704614809526,171.11757553130533,215.64904216071707,136.51991925095345,423.1998973992475
2024-04-08,608.9817976135043,179.12468010499146,173.75450586507856,215.78886401764345,135.6102165314009,416.7075470399071
2024-04-09,596.5482349138182,179.8376433571959,175.71811671043977,216.34816922534088,136.59237806538192,414.8215604588951
2024-04-10,608.324914410402,178.56358905071147,175.2020001676601,216.67443207816368,135.07084230608777,417.17293061673513
2024-04-11,633.3249779116071,180.53374067090473,178.87118087153866,220.2866508086918,140.9154683797992,419.8453912373054
2024-04-12,616.3413600193471,177.98985838649276,176.98607643399075,216.88418264354522,142.13108761922254,410.80896704395417
2024-04-15,601.0701624146928,174.50514548939177,173.7656716817777,213.95944508289432,139.02364138015477,401.4436227204352
2024-04-16,610.9527680710058,174.90171161056455,173.249555138998,213.6098904405784,136.35890794197658,401.06639082525993
2024-04-17,587.329731544979,173.74577137452542,174.45019155598075,211.2328121928784,135.2479348772214,396.58038657192276
2024-04-18,591.7747089539239,170.5521370128467,175.05610131509468,208.83244215568536,134.47509052850293,402.70355699692243
2024-04-19,532.570035479126,168.3794760035102,172.90170365127392,203.48404276834833,132.83281491442068,386.06736613754043
2024-04-22,555.759766518769,169.15574230736016,175.35909940601658,206.513628941702,133.5090350926048,386.5970172054472
2024-04-23,576.0630937279125,171.94434476550833,177.58076852276764,209.20530636748632,134.36240993173783,398.12922816706805
2024-04-24,556.87102423968,172.5729389495027,178.55699967937167,205.7678827381081,136.06909752018865,396.04265884391504
2024-04-25,577.5240225058966,168.34574412651895,175.0449009293036,202.36541457296147,136.76950789040475,354.21538982882976
2024-04-26,613.1892938839783,171.41701183870754,192.9421149197608,209.29852686543455,136.294495967608,355.7482509986377
2024-04-29,613.3430336437406,169.69996742314447,186.43405124695036,210.85994798107745,139.67570862019605,347.18536114001444
2024-04-30,603.8727713917847,164.24931610916317,182.6526074169715,203.91517201386588,137.1237178685982,345.2192007403852
2024-05-01,580.3824055940952,166.61604697577317,183.8644615042913,208.5760902313257,136.294495967608,352.4578888314425
2024-05-02,599.7843098013909,167.8394509657948,186.96140274461305,215.24120470469254,139.2973332858967,354.4561582773447
2024-05-03,620.5559149500954,171.56044450476222,187.6571230046072,216.97740314149345,147.62957539072653,362.7060590326051
2024-05-06,643.9763893161295,174.46296095528675,188.62210192178225,219.8788133526673,146.28514462052908,373.7165967893547
2024-05-07,632.8916189505243,172.691066145192,192.1566187279784,219.94872428113047,146.8406125259621,375.7710570662347
2024-05-08,631.8991285361983,173.19730680494024,190.0583439849348,219.06315622061024,147.11435410355625,379.26997983860633
2024-05-09,620.2622853776243,173.94826763842474,190.70919356358078,220.81100055215765,148.5875964045278,381.5330995177283
2024-05-10,628.1669153908606,174.96918848979107,189.23921206668723,218.4572318739427,147.56377260449577,382.1590777244541
2024-05-13,631.8083819719143,174.53887736638305,189.78903347411597,217.39688649226449,150.1676207698131,375.5865041479639
2024-05-14,638.496997328805,175.73702838701516,191.13553417457217,217.97950126944698,151.09465896579107,378.66813281511804
2024-05-15,661.3791418995256,178.80959549835634,193.57046001954882,216.7210512171338,152.94073818953922,386.4445486341831
2024-05-16,659.485175008653,177.926279704724,195.4443467867597,213.97110875763286,153.03746170377806,379.7756232196074
2024-05-17,646.3455858574393,177.59661295204324,197.5538737692323,215.2178951352075,153.06165189581006,378.7162716852612
2024-05-20,662.4275133743564,179.7647720026996,198.51886997095332,213.86622458494608,154.0048458617231,376.2524951661992
2024-05-21,666.6630303871315,181.32852669398994,199.5624071495796,213.41178576994344,155.06089427588407,372.87395661808506
2024-05-22,663.6156677124981,181.95403644565243,197.91297749638537,213.38849398045036,153.8919541595861,375.40185243262766
2024-05-23,725.4623656431476,180.46635566838597,194.7374261409745,210.96481437377227,150.65131284878566,373.79682000650456
2024-05-24,744.1233244204379,181.80187549236072,196.35325463679553,210.61524195146438,153.15032856998897,383.7801893729801
2024-05-28,796.0662941886505,181.86948362402686,197.9353782679675,212.2465562155785,153.158400245975,385.14445335058826
2024-05-29,802.5242731685485,181.38345583998543,197.37433919020174,212.0950884639056,153.40022765851668,380.6824567841568
2024-05-30,772.2963626643394,175.2552269315306,193.12164949879138,208.94897222311863,154.2063397302607,374.81598583447675
2024-05-31,766.2368236670462,175.44961179465923,193.5592423492118,205.59310541695015,154.98025202380202,374.6395095763069
2024-06-03,803.7472395357702,174.76915977175727,194.31101639179917,207.8070344582468,156.4151973267106,383.19432277482923
2024-06-04,813.7906436121197,175.84691292949407,195.00671936724734,208.9722640126117,156.67315567326128,382.7930584934818
2024-06-05,855.7463042632838,179.20264405414636,196.82450049822705,211.2328121928784,157.898485759794,397.2945658588339
2024-06-06,845.6679812084561,179.41818681054733,198.3056478118197,215.56746755751539,156.77795086348615,396.25134294542335
2024-06-07,844.8992824096448,179.13504904772418,195.75852797892668,214.7518104254583,158.72072876554705,395.609310215561
2024-06-10,851.2033612056834,180.83404625283472,196.60106317242284,217.96783759470847,155.68159374124727,403.34558972678474
2024-06-11,845.122325379373,182.86692341393896,198.40966620949044,218.16592448535147,166.99175031251357,407.253804042072
2024-06-12,875.1081024462937,186.40863924558198,199.72401765443527,217.76975070406544,171.7640976943506,408.35331658352584
2024-06-13,905.9326301677781,186.6283820800519,196.76960478021402,214.20415111250742,172.70727924230061,404.5493331722941
2024-06-14,921.7990011728338,187.0468017324272,198.60066044250166,214.00606422186442,171.29651171346097,404.9992056098456
2024-06-17,915.5086653744506,189.4981116711507,199.10618155859936,214.47214893161362,174.6661880783705,406.98339647392044
2024-06-18,947.6609698732905,188.64015384885965,196.69094281148696,213.01561198865744,172.74756311445245,401.24770813963704
2024-06-20,914.1103019943523,188.36965569597527,198.05021679141788,216.8492271793136,169.0312765647394,403.02306670660533
2024-06-21,884.6839772288689,190.09402399767106,201.7910592229041,220.32160627292342,167.26585201103634,397.4641263224219
2024-06-24,825.5512272242902,189.20226867216894,201.3304260727005,216.23165693789957,167.78982796216073,400.7818305774818
2024-06-25,881.3288141865169,190.58851756407023,206.73388626595903,217.12887089316632,168.5395252277439,410.17254104755636
2024-06-26,883.4957694160282,191.09990331945295,206.56536194271382,225.60009473179727,171.90917675672733,412.1968929187388
2024-06-27,866.6505440449038,191.39153311512177,208.28410262526327,230.54067444310178,172.59442479405274,417.3702283564497
2024-06-28,863.5052691963141,188.89795989082947,204.6219394470501,225.18061138102618,169.78903308834555,405.0474185777879
2024-07-01,868.817338850318,193.03136172043597,205.56555466540144,229.78326456476935,174.73067456051743,405.4169196025913
2024-07-02,857.4242333700037,194.10908862768488,208.09316024588992,233.0459108729896,177.56827846239042,409.28887539485635
2024-07-03,896.6364280612228,194.73879845741632,208.7446839218289,230.237703379772,178.60014910248242,409.65842581819254
2024-07-05,879.5115834887775,197.60851492327114,214.11440468134643,233.0459108729896,182.46155196846135,433.717684792038
2024-07-08,896.0770827091833,197.05065267900667,212.35070689471897,232.21859006619403,183.65460776901296,425.2106646739299
2024-07-09,918.3043226406662,194.21897317016382,212.29454940484987,232.27685509991068,184.34791506436136,425.7568642503004
2024-07-10,942.9778696294859,197.05487900756356,214.76596292637734,232.80120484337647,187.8143025255467,429.5243421458463
2024-07-11,890.4854473285578,192.17341702338894,208.4638446188455,227.27802813488148,183.4531014825123,411.8595009402084
2024-07-12,903.3464867724316,191.68736298885955,207.90216601287872,226.62550242923584,185.84733443145382,400.7496721326761
2024-07-15,897.754744442408,191.86065558493567,209.54226201124703,224.56304113961215,188.95901519592348,398.5727034946313
2024-07-16,883.2160967400085,189.98415258043607,206.61026719315393,224.91261356192004,189.2976157945562,393.4555835871646
2024-07-17,824.7124230950274,187.44831607057498,203.35251053709135,218.98158161740855,184.50916231463628,371.1233714152797
2024-07-18,846.380424623869,186.11700944991313,199.61168539015108,214.1109306145592,180.72029277086418,382.2573808045823
2024-07-19,824.2932349291922,184.73921321512563,199.578015094594,213.38849398045036,180.82508796108905,383.01251147512477
2024-07-22,863.5052691963141,187.2031890142758,204.08269618175737,212.71265870531968,180.54293942250635,391.5356355149022
2024-07-23,856.8650484420614,188.01043089388426,204.21751564035353,217.21044549636807,181.3893726202914,392.5719179344646
2024-07-24,798.5711025667454,181.26933184370563,193.92745503209306,210.70846244941256,176.17366670348594,370.54498869483706
2024-07-25,784.8013675619535,176.8316474832476,187.91741098242767,209.5665424645327,175.32722108773783,364.23096703864377
2024-07-26,790.2533270286664,179.7351614523135,187.60286681479522,212.654393671603,175.7061055585224,374.1037083910756
2024-07-29,779.978430980139,180.35224479735018,190.44496470927825,213.4700508036601,175.9318268729812,374.11173565264386
2024-07-30,725.0396481471752,178.74197424144623,191.29873485765745,211.7338701468512,176.38325708393566,372.08740848072773
2024-07-31,817.932472952163,176.81052896570714,192.7029486571204,217.8746170967602,179.02740153936796,381.4379579436947
2024-08-01,763.3431472774761,176.28642484892188,191.82672588352116,214.48381260635213,176.02855038722004,399.8418999960049
2024-08-02,749.7830330929512,172.6433165076456,187.22089563331872,195.642035065878,177.23777437566983,392.1301221570141
2024-08-05,702.1134404244393,167.00531546130114,178.89672743048803,187.62526782224168,168.70074764209272,382.16097956796415
2024-08-06,728.6742699667508,168.89028424815845,177.81829275354053,188.68561320391987,167.05622437669743,396.9098006874176
2024-08-07,691.3493578290235,168.39159060369036,178.54849568275253,189.66441954238033,169.14413101298726,392.75669314613265
2024-08-08,733.7067738941332,170.19201969416605,182.01966462795446,193.19506366970677,171.95754472282826,409.39335329157547
2024-08-09,732.1691623977146,171.59940022885175,183.86204166785498,194.52342465048312,174.31956547560395,415.93233586581084
2024-08-12,762.0149961772274,171.93328018484544,182.31177345491284,194.36029322407174,175.56242972597093,414.47033689120093
2024-08-13,811.7816526435952,174.9762761215324,184.41250260348474,198.35702206114735,178.58090125974647,424.58399488774586
2024-08-14,825.3414994546249,176.18079288548776,180.15492138556377,198.20555430947445,178.94407700726595,423.1542037564743
2024-08-15,858.7523309955533,178.26391348049182,181.19965119786227,206.93311229247306,181.36528177196385,431.6451693514461
2024-08-16,870.7744593607661,177.1800308338231,183.06444629389088,206.315542051059,182.43867808051323,423.6842994111757
2024-08-19,908.6583425276394,178.4756105404109,187.23218244183965,207.66721260132041,182.30955610066275,425.1784568305914
2024-08-20,889.4369689043288,179.86012690010875,187.80506143359753,208.43626837439933,182.8099379219818,423.12999847543773
2024-08-21,898.1740930323402,179.58070358132784,186.31098527961643,209.86949574787047,182.72116190409844,429.9018951314844
2024-08-22,864.9031513041209,175.94367222800753,184.0080615122422,205.23188709989574,181.2119571821183,427.30723719996024
2024-08-23,904.2551288586507,176.4687213623583,186.05261588639905,206.2922324815739,183.07629081155795,424.1501769733309
2024-08-26,883.9151180059606,175.07148664125793,186.65921702735193,204.49778679104838,183.35070295915713,418.623320936154
2024-08-27,896.7760505004362,175.21969689611606,184.9966338346716,201.72453476206238,184.03670849222894,417.0006285345808
2024-08-28,877.9738650429609,173.84787264733285,182.94089635926966,199.0212114415315,182.7938194059358,415.1370688874271
2024-08-29,821.9166588794136,174.91482372928607,181.738859894063,200.5593052076974,185.45714961428877,416.2938343283124
2024-08-30,834.3582427839569,176.61689224148455,183.53624526079355,207.9934754541432,184.81956171917014,418.776110597881
2024-09-03,754.8855888760862,173.35669976765692,176.773580225788,205.37170895682212,179.79150364209545,411.10437026966594
2024-09-04,742.3739531157902,173.12807114302237,175.75128575416363,201.96924079167547,178.24191570425901,411.89160998648146
2024-09-05,749.363737977718,172.91213462930241,176.63877805173783,207.28268471478094,179.47675795049219,415.2012869799732
2024-09-06,718.7489915005976,170.07961510484577,169.53904708569593,199.70869261140876,178.21768825833783,401.8742791287556
2024-09-09,744.1913977123256,171.78167049180027,167.27809019594625,204.38125672361508,178.2903581781383,405.5052688783748
2024-09-10,755.5845031926401,175.3721203542871,167.2218289988013,209.2169700422248,177.6446737711075,405.5052688783748
2024-09-11,817.1636672039537,179.11495429921305,170.0340073442036,215.00816234981795,179.70274004217512,411.1605857999101
2024-09-12,832.8218612056165,180.79161233909434,174.00476880623418,217.8979266662453,179.79150364209545,422.22225103803294
2024-09-13,832.5422420042959,182.31162059224778,177.1206539089433,217.30366599431625,179.57359322639851,421.4350360204838
2024-09-16,816.3248630746908,182.62915961950443,177.7955462910389,215.43929159533553,174.58588111129097,428.8004560472541
2024-09-17,808.0064458402231,184.24230460383683,179.21287906089606,217.75810480931895,174.9652002107825,431.24479424368775
2024-09-18,792.4879812271722,182.40477044867072,179.76404866291074,217.23373728586114,178.1127937244085,432.5554855125527
2024-09-19,823.9442590432067,185.74114183847394,182.3849562225662,221.24212979767526,184.7146423493147,449.5618195776635
2024-09-20,810.8724223356866,184.29312554847112,184.0160124033902,223.25798972832084,184.17388973010242,451.3709420417513
2024-09-23,812.6899204069211,183.54795294757542,182.05877955549332,225.91471168987357,182.7776636360007,453.83138415985417
2024-09-24,844.9151109205629,181.71039254192138,182.55370524490905,226.0079321878218,183.50402754900267,452.963056751566
2024-09-25,863.3693899860339,182.95516442911884,181.65380264332563,224.3416446794841,182.69694687614032,456.967301814476
2024-09-26,867.0741171360609,182.6164675085898,183.04863093432476,222.7452858796015,183.62507785286712,456.58950183617435
2024-09-27,848.6198915452892,181.2234722412903,184.42097203101193,219.02820075637862,183.84298826856403,456.2034523029071
2024-09-30,848.8996176960079,182.18883393495076,186.55822342522663,217.1172249984198,188.0478471567304,460.288266372696
2024-10-01,817.8625815205075,178.1199558046785,187.8405466064819,215.71895308918027,182.56783731425287,463.52866192403707
2024-10-02,830.7946888394159,176.61267903817162,186.56945838010964,215.2878060636707,183.02784833767868,460.58574433678234
2024-10-03,858.7558068509912,176.3628531445328,186.56945838010964,212.02517753544242,182.13200406489602,468.59433325966774
2024-10-04,873.2257395651143,176.15960874172748,187.91927771339286,217.32695778380932,183.04399168965077,479.1841437131753
2024-10-07,892.7984419611686,173.39906805517748,183.3298504973196,210.673506985181,178.91984956134476,470.21065325051916
2024-10-08,928.9381943439009,175.58804374276306,184.90466276554466,212.91074559596268,182.21270840679335,476.73165475884167
2024-10-09,927.2604791359772,176.75235788445218,182.07001451037635,215.76555444815838,185.25535771463782,474.8179556009693
2024-10-10,942.3594882096978,176.0664720105485,182.3174773550842,217.49008921022076,184.85182358718816,469.44665554335205
2024-10-11,942.2896502527415,176.2697295385978,183.6223222997434,220.01865298958566,183.64931771675134,474.367687975156
2024-10-14,965.1477312088906,177.46369360640492,185.55710252242022,218.52714280240585,186.6758360905868,474.74558675052316
2024-10-15,919.9207558434811,177.29432545827447,186.11954164840986,218.70193790355583,188.7338526898022,471.40866646623215
2024-10-16,948.7207314590185,176.18501921404464,185.78202631917816,217.76975070406544,187.06320203013826,463.7859788810158
2024-10-17,957.1789315567969,176.43905831099636,183.27360658472062,218.51549690765935,187.36182920569556,463.8985087385696
2024-10-18,964.6585446620018,177.04876526892443,183.82479347128128,220.21673988022866,189.661983666529,463.52866192403707
2024-10-21,1004.573236474611,177.31128327347784,184.55598161961382,220.3099603781769,190.85645511486894,462.4753370106836
2024-10-22,1003.7341114971539,181.0075488528143,185.75955640941214,221.04404290703226,190.35608571151297,467.9833228083584
2024-10-23,975.5633191906122,179.7754559512875,183.10487484692374,215.22955880994604,186.23999042326687,453.2524827548179
2024-10-24,981.5051069006024,179.83049009923474,183.03741326398773,217.17549003213645,186.08666583342136,456.5411900711666
2024-10-25,989.4039616463417,181.27851951448147,185.905800952897,218.86506932996724,186.76461210847015,460.9395366281785
2024-10-28,982.2739661235108,180.61801786240702,187.53685713372104,219.51759503561289,188.37067694228273,464.8875661608442
2024-10-29,987.3770566536361,182.88746442074492,190.86643107830503,222.36075799306207,188.58858735797963,477.04523664459725
2024-10-30,974.0253868459995,183.13301148485098,196.2432730707638,224.5746870343587,185.70734673392982,475.8553247882516
2024-10-31,928.0293383588855,172.04840169966658,192.47498278027106,217.19878182162952,182.3256994526348,456.3804472456706
2024-11-01,946.4837778484534,173.75047021186506,192.67745395180896,230.63387716105802,179.90448226997384,456.0427094774111
2024-11-04,951.0274160771414,172.9417845554204,190.3715226734353,228.12864073117018,179.17810593900882,450.8322510423554
2024-11-05,978.0101075202405,174.211980040179,190.933927230333,232.46329609580712,180.34030310136762,460.2801650133286
2024-11-06,1017.854640527699,177.9040192909586,198.5492389182294,241.30738414623903,179.75114526216524,459.97463508840764
2024-11-07,1040.712721483848,180.12687123321905,203.31865011152854,244.75647145035575,183.5928159848491,475.7748545784382
2024-11-08,1031.9749556594481,178.90324411404995,200.61899416041612,242.5774800932987,183.37465720989107,473.8772099437023
2024-11-11,1015.4080660968671,176.9852522133755,202.86869881073684,241.01607675764777,181.1689289401312,468.9160165047908
2024-11-12,1036.5885387944904,179.11072797065614,204.29728382002295,243.42811046957937,181.1689289401312,470.24271289825947
2024-11-13,1022.4681167133434,180.02950817348318,201.2151554356008,249.47565470153216,181.88800350881965,466.36705221603984
2024-11-14,1025.8933850861472,180.74505709874882,197.50310905770704,246.42274117870144,184.39268182117624,464.08350624363493
2024-11-15,992.4798263355674,175.7108172748161,194.02729056963815,236.0871607210818,181.79104405328275,445.52526787434965
2024-11-18,979.687608829368,176.03262200636155,197.18815006097122,235.02679755941162,184.23109928589884,445.78258483132845
2024-11-19,1027.640831301629,176.89210235695256,200.36022722264138,238.4176198298117,184.44114913098164,451.16188745124754
2024-11-20,1019.8119214622443,175.91828800617833,197.9530603584988,236.4017776791581,185.022905864203,454.72396624771153
2024-11-21,1025.2642017771514,175.15888764082405,188.5604652308394,231.15824468451584,184.63508046001846,452.7701060827315
2024-11-22,992.2702055153003,176.9110158335068,185.33210958747839,229.69004406682112,185.7258246629563,449.59392862393656
2024-11-25,950.8177952568744,177.6704161988611,188.58295242515143,234.73549017082038,188.14971170767421,454.3943298388194
2024-11-26,957.1090935998405,181.57348312211755,190.23649580028746,242.2046158814978,189.91912242751806,461.17269770265335
2024-11-27,946.064322309123,179.4522599438817,190.36023586491436,239.73433491584154,189.81409129599513,457.6830371551681
2024-11-29,966.4059908774836,179.6516455249612,190.04527686817855,242.23957134572936,191.75321831691772,461.7999602712301
2024-12-02,969.0625069767771,182.84199857564855,192.90242960220482,245.5255272234347,193.5791928584791,476.6834417908994
2024-12-03,980.4564680522763,182.93534531073098,192.73369786440793,248.70659892845325,196.0515472130024,493.4243575396641
2024-12-04,1014.56894111941,185.5741624847452,196.14202020044888,254.20648384745513,196.34241316165003,493.5289342334487
2024-12-05,1014.0798615219193,187.7802403652178,194.19600502288904,256.9913817711877,196.36665302553425,489.62911766872514
2024-12-06,995.7640284522831,188.1832509811776,196.5245099183046,264.5420643050748,196.20505807229378,501.56167903883795
2024-12-09,970.3875030697819,189.22265217604732,197.49298031376637,263.44674567917303,199.36420029156133,493.36009004858533
2024-12-10,944.2421184643724,188.08145158898142,208.52924934081062,262.2232510910914,200.18830599177272,497.98354571923744
2024-12-11,973.8829302477363,190.48266247148868,220.04976220785878,268.3057507872758,199.15412561055243,508.7260964359391
2024-12-12,960.1111632043803,190.72450821679647,216.1758114878278,266.8026124853415,200.3418168510641,507.2063505765704
2024-12-13,938.5098446252514,189.75297765847222,213.76584452723742,265.04312225904755,200.47918435838338,498.81176151895056
2024-12-16,922.7803688497579,191.5857342248349,221.46871972503743,271.4169115638312,202.83031455755943,502.3444975869743
2024-12-17,911.5253350423848,192.80332373177987,220.07226668671674,269.342804379461,204.8017531183523,498.481828718862
2024-12-18,901.1789433212307,185.56143099809867,212.16669561828118,256.9564263069561,200.41454886067984,480.5765401551719
2024-12-19,913.5526678326825,185.4086925340725,212.2905739592759,260.18409937095277,201.82036162226035,479.27291287648706
2024-12-20,941.6554403220352,185.22627789344034,215.55640249830827,262.08342923416507,205.6178243964668,470.9680809528335
2024-12-23,976.3995565343208,184.6535053720311,219.18263110544177,262.2465606605765,206.24802360356745,482.7171761723954
2024-12-24,980.244494345251,186.3844625461976,220.8493280200639,266.8958329832897,208.61534682656782,489.0745203417909
2024-12-26,978.2171615549533,185.86688167566314,220.27501441099022,264.56537387455984,209.27784515557565,485.53368291439983
2024-12-27,957.804050788665,182.65109190217072,217.07671659307772,260.7201127891571,206.50656559438175,482.6849189305243
2024-12-30,961.1598020527065,180.23285757824024,215.3649761516477,257.86530393696137,203.76758515509508,475.7884391749383
2024-12-31,938.7893034024747,178.8201350692606,213.18026139418876,255.63971122092627,202.32939876382906,471.1773825360009
2025-01-02,966.8921828412257,177.58133516806745,213.32662692949546,256.6068538846482,197.0210920965191,482.22630295268
2025-01-03,1009.9552510349694,179.6049984079079,215.98435057207527,261.23281663787645,196.62520743431162,486.5637411188385
2025-01-06,1044.6293153915024,181.51410451841775,221.7052068830519,265.21789958020554,197.9502537641795,507.1406011295098
2025-01-07,979.6851489932118,179.18923005481363,220.1511187854495,258.8091370311983,195.69607060257732,497.23451576748676
2025-01-08,979.4755281729447,180.11832669939753,218.4168220115236,258.83244660068334,196.09194284682175,491.46456955075683
2025-01-10,950.1142821162024,177.73832621113846,216.26588125689761,255.11536147746043,191.36538049477014,495.600856891648
2025-01-13,931.3788865578376,176.99161795669878,215.1059672302293,254.55605626976302,189.38587025799126,489.54128707753523
2025-01-14,921.1027605912323,176.3467878459191,213.5856704200058,253.74038135771397,188.48096087217812,478.21064682870997
2025-01-15,952.4213945319179,180.86075612430446,220.21868407566137,260.25402807940793,192.18951103090762,496.6148605729501
2025-01-16,933.7559438799076,180.12679248175525,217.2456384608803,257.1195577333675,184.42501819697262,491.9312374894357
2025-01-17,962.6978413467175,182.01472757374876,220.72543239452324,263.27196835801504,185.81471244250716,493.11433234826484
2025-01-21,984.5088876955119,181.7898658941323,223.0340600620688,268.83011831073367,179.88427824408265,496.0837769475943
2025-01-22,1028.1313012412948,189.29905422117034,223.394408276532,273.84059117050936,180.84576386957636,501.74894887640875
2025-01-23,1029.179940089621,189.51539761745323,222.955225247882,274.318339554997,180.708383944294,512.1703103333148
2025-01-24,997.0221811714783,188.39112859510277,225.46654878606313,273.6541679546048,179.9973810515916,521.0543894517338
2025-01-27,827.8459335098265,184.3607993063571,216.00688962002516,274.318339554997,185.7177157330811,531.0250880945646
2025-01-28,901.73828867327,189.7233014818663,219.93713610629305,277.49941126001556,192.5046044254764,542.6535026986727
2025-01-29,864.7570584263225,187.6571912030415,220.0610317318337,276.24097898769435,193.39335804135442,544.3916394712307
2025-01-30,871.398348674556,176.05828185831405,226.20980154748543,273.4094619249917,191.96328057996357,552.8493598536766
2025-01-31,839.3806399932193,176.08797116016396,229.75716077134015,276.9517519470647,190.67861746595196,554.6036005479039
2025-02-03,815.5421539047293,174.3316035136803,226.61521057330245,276.64879866372695,184.22300277398668,561.2668698304822
2025-02-04,829.4537572860949,174.946770573098,232.41490169846594,282.0554630847806,188.0931354679936,566.6826285675543
2025-02-05,872.6567687672464,175.3370628276553,215.46635001378442,275.1922617207708,187.82652180119325,567.2299149116449
2025-02-06,899.5710660702633,176.41040590341973,215.7704024620107,278.29177660257955,188.43250598033578,572.9595025271364
2025-02-07,907.6803972314543,173.8352199121501,208.72067568747119,267.01234527073103,183.91598105540393,574.9955618505752
2025-02-10,933.7559438799076,174.8831131398655,209.99323310025125,271.6616175934443,184.13437577166,577.3130940134968
2025-02-11,928.3730737243644,174.55221261425197,208.69817120861325,271.2188246731882,188.15435602585694,579.2444778460856
2025-02-12,916.7684223346171,173.53402181363046,206.77244808802672,266.7559933463714,191.59195864867974,583.7348044710365
2025-02-13,945.7800508089854,174.17038614205242,209.62161536181307,268.4339267494556,195.36120781082425,586.2939448575294
2025-02-14,970.6672826951998,173.27523137836326,208.59678006193053,266.46468595778015,197.84436579320578,592.8202814073865
2025-02-18,974.5121135567318,173.78855966985287,206.95262219525833,264.0992713848187,197.73919806408924,576.4842360328582
2025-02-19,973.323584895697,175.96496137371952,208.64187544237635,264.0759795953256,198.06274809149878,566.3446932051639
2025-02-20,979.4755281729447,176.89590867770255,207.84227506107928,259.70636876645705,198.83925573931865,559.1584416565971
2025-02-21,939.7679973444465,173.5291392228753,202.32414918983014,252.36541901795948,198.61277692911347,550.07301411878
2025-02-24,910.7563688700783,171.73947283245127,201.86244439777616,247.85598633216455,199.86649447919095,537.6641520961062
2025-02-25,885.2399536748683,169.1463708831688,197.54929336454921,247.96085272485934,199.81794024364416,529.1098575821777
2025-02-26,917.7470093271907,169.9243172182463,194.51995198353129,249.7669620901234,194.41484726433205,542.1464761587553
2025-02-27,839.9398783958607,166.86361532744988,189.75633111313343,243.23002357893637,191.93978579386268,529.705258097145
2025-02-28,873.285898601543,168.75955681826235,191.7608371942688,247.35492837819183,195.6119389028767,537.7204664234159
2025-03-03,797.3662106478018,165.14622965554372,188.07833010544437,238.8953682142994,192.53022268325978,527.1382139454157
2025-03-04,810.8583584898371,165.1972081031056,192.48162004592504,237.47378673557483,190.83164402468418,515.0270274809594
2025-03-05,820.0162215499562,170.47268991112372,194.84654347970752,242.78723065868024,190.67795931391004,528.2809502030063
2025-03-06,772.9684326819714,168.71705727830215,194.0920211943103,233.8615680050467,190.34633761051444,505.313892787771
2025-03-07,787.7888920483524,167.1951721152617,195.79247482721937,232.17198870721592,193.37144033656156,503.48713504749946
2025-03-10,747.8715799754899,161.60514383561105,187.00966119697208,226.68374968296052,183.99688408471013,481.22035123221247
2025-03-11,760.315142443898,161.7284423774227,184.9464222286175,229.0724738254071,178.62611506323134,487.4328589036502
2025-03-12,809.1850816819343,162.92721028452118,188.4077044135224,231.75250535644483,175.50395353794286,498.578353451812
2025-03-13,808.0664979272537,161.01425847752947,183.50330091616735,225.92635758462006,169.59937353859976,475.30561791605743
2025-03-14,850.644069328343,165.17597145836947,186.58124644046381,230.65718673054306,172.6810773402536,489.3887938070048
2025-03-17,835.6824902311752,165.2354944397529,185.22828131981336,228.082039372192,173.0936020729554,487.2141222007318
2025-03-18,807.0177521295296,163.03347225966561,181.14695061718794,224.67957120704543,172.03400212136063,469.05937104676667
2025-03-19,821.6297136443235,164.86139873624901,184.77732751535515,227.84897923732547,174.0965636950543,470.4286489754466
2025-03-20,828.6911011282762,164.44481661802888,183.54839629661316,227.1614980674482,173.17450510226163,471.99117396415755
2025-03-21,822.8881872117129,166.3237477926621,184.89007460874268,228.6296986851429,176.54738530163948,480.2470025433452
2025-03-24,848.8264108330116,167.0973890477189,189.0503438328308,236.8445528194222,178.53714035793908,498.45001606378537
2025-03-25,843.7924630887547,167.98162360842883,192.29740135493557,239.69937945160993,180.97987787057514,504.45865599065576
2025-03-26,795.342086339447,165.77537509978467,186.09639764135088,234.36262595901943,179.18422799479515,492.1112457426955
2025-03-27,779.0520352938361,166.03463804383466,182.91702640127977,234.63062377812562,181.0607684819183,485.3454745047071
2025-03-28,766.7472396694569,161.02702933990784,173.99892662969503,224.56304113961215,176.24809997404026,464.5327858987937
2025-03-31,757.7283573521629,159.57743802062922,174.3484374338326,221.6965686126779,179.6695219910018,464.22671259001265
2025-04-01,770.1031513575956,162.4681023758529,177.08814167796646,223.922161328713,180.52690783220177,471.99117396415755
2025-04-02,771.9907547592817,162.4468526058728,177.05431582149558,228.39663855027635,181.09309243975162,470.32392408606387
2025-04-03,711.7249828312795,158.6082043799989,169.92884816649857,207.88860906144845,164.3499404341357,428.1910263489921
2025-04-04,659.3593490417936,152.96715827705447,164.15632834760606,199.25425379640612,152.37091511881414,406.53263486277984
2025-04-07,682.6406287662063,152.12547575728064,165.4528594256518,204.2181252972037,146.77367970509326,415.81130946062797
2025-04-08,673.2722358159364,150.722649682251,163.14160450711822,198.8580800151201,139.4616850269355,411.13973961909903
2025-04-09,799.3272348112805,165.99640420816323,178.93717326806689,222.67537495113837,160.8395437118819,471.80588006789577
2025-04-10,752.0652797736095,162.1110169885283,172.29648527399894,211.16290126441527,154.02096437776908,440.0068589862692
2025-04-11,775.5563942170857,165.12921933936445,177.16704563033713,215.4159820258505,160.27334668636902,437.8161822553925
2025-04-14,774.0183549230746,164.8571461572042,179.34304897662525,212.2116007513469,163.80800810843317,428.0782494987747
2025-04-15,784.4354936710689,163.9729509722262,176.23127759585793,209.26357140120297,163.50065110484792,420.05612537792194
2025-04-16,730.5317671128729,157.97054065242438,172.87149026491159,203.13447034604044,157.13501697318236,404.58341815987626
2025-04-17,709.5575998041757,156.34241976472737,170.42491463594857,201.13027409013338,159.32698613987682,403.9149325157382
2025-04-21,677.5370034890904,152.66109071302364,166.49013959863558,194.96621757073927,156.23718582631082,390.36728611809224
2025-04-22,691.3798918821797,155.93435592984085,170.77440815554016,201.79444569052555,161.5594130302059,402.9484008243874
2025-04-23,718.0870282010857,159.1523376190755,175.14891932697435,210.44046463030642,165.49043099707364,419.04928448386534
2025-04-24,744.0950897793407,164.6403565026265,179.5798126873753,217.36191324804093,168.53978600496805,429.42347034201634
2025-04-25,776.1157395691249,166.57455807959832,182.601358738159,220.21673988022866,169.2758110932272,440.7963463363239
2025-04-28,760.1753595805873,166.28123512745793,181.0792989042462,218.71358379830235,169.97144054766696,442.7857734448678
2025-04-29,762.2027458455841,167.50550538358132,180.57194562627527,218.35236548124794,170.836910482816,446.57133120339216
2025-04-30,761.503671104933,168.024136273633,179.0386162683875,214.89163228238465,171.88032982854952,442.1896319519095
2025-05-01,780.3106158106236,180.83657942492007,181.85724174943803,221.6266576842147,172.5435980712668,460.88406207592516
2025-05-02,800.5157099976163,185.03652624143152,184.9351699891885,221.37030575985506,166.09706091029506,480.86715172320913
2025-05-05,795.7616488281756,185.41487452398022,185.13812512801366,217.14053456790487,160.87189250564134,482.6794356933915
2025-05-06,793.8039935707369,184.19908317545853,184.0332105266342,215.5791134522619,160.56452308409303,473.0463266232219
2025-05-07,818.4137452435926,184.21610661688175,170.67294787067357,219.8904770274058,158.73653683251663,480.6981099442148
2025-05-08,820.5810747959974,186.2650884523316,173.94256172527426,223.81729493601824,159.7395108725786,481.664592237033
2025-05-09,815.5472874758377,186.5031410021334,172.21756403708227,224.95921492089815,160.5807161079173,477.2185266974061
2025-05-12,859.9426777963558,190.97940045460595,178.65527960777908,243.1134935115031,170.72076527435846,515.0261383073704
2025-05-13,908.3930010709645,190.9284088818001,179.86165449402515,246.29456521652165,172.4539776318957,528.3965427695892
2025-05-14,946.2166182520111,192.54375890711867,186.4459257300344,244.9895138052303,171.96802548364707,531.0786855025742
2025-05-15,942.650925319508,192.97816510664393,184.85624875227185,239.07014553545736,171.255308912043,518.610446443562
2025-05-16,946.6360737913413,193.46364163043881,187.37044152508463,239.5595398146916,171.10143793182303,515.7591137359844
2025-05-19,947.8247094017746,195.42270241948123,187.765047709668,240.22372919507578,169.0928696614944,515.8315813834961
2025-05-20,939.5049018251316,195.12458875329347,184.87878780022174,237.7884036936511,167.53783023787662,513.1494880490438
2025-05-21,921.4672441399417,192.73969254903525,190.04251134082273,234.35096228428088,163.67457709540244,511.8607791272428
2025-05-22,928.6682540631078,193.71492442615775,192.6469121590731,236.65812960351772,163.08333303840672,512.7225859292108
2025-05-23,917.9012303592444,191.7218167542689,189.94101648686416,234.199494532608,158.15099262056336,505.0627506473832
2025-05-27,947.3352020066916,196.19781370186217,194.93561074511086,240.06059776866434,162.15194855535938,517.3538959665666
2025-05-28,942.5111424561973,194.77961796614895,194.3268144668193,238.5457957919915,162.3220001414406,518.3687888214579
2025-05-29,973.1334288658833,195.34178529043407,193.7630789998816,239.6877157768714,161.9413523199021,519.5526740568107
2025-05-30,944.7485238643544,196.05725546423594,193.62779285854415,238.88370453956088,162.67027433329352,521.5179946813835
2025-06-02,960.479069133829,196.74291820899222,190.57240366674358,240.79468029751973,163.35870136916114,540.3735134206242
2025-06-03,987.3260417907447,197.16879299993988,187.35917200110967,239.69937945160993,164.63027595011232,537.1114319134158
2025-06-04,992.2201531969916,197.5520763742196,189.46750634991008,241.4705155726504,164.26580873443507,554.1064043159993
2025-06-05,978.7266684874801,199.17469778469507,189.6479224407853,242.26288091521445,162.49208898141097,551.4242615830143
2025-06-06,990.8218967662913,200.32456103277818,195.81501387516929,248.85808446011808,165.15671065792168,561.9675386186923
2025-06-09,997.1839956107967,201.33389229372304,198.77250339857386,252.83150372770868,163.15621406357909,559.0275849434013
2025-06-10,1006.4824971294113,200.55452843229725,201.6058553127941,253.565604036556,164.14431138390063,565.7450444163819
2025-06-11,998.6516622008608,201.27853001467665,200.19483140221746,248.4269374346085,160.99376239506745,559.092050028611
2025-06-12,1013.8240385616749,203.94026386465458,198.33226601261944,248.47355657357863,161.33392765704517,558.4637994893798
2025-06-13,992.6386461917392,202.2750772879991,197.16960374314127,247.14519559280225,159.1066542213841,550.0146744516284
2025-06-16,1011.656495110474,204.05524100179213,199.5401100852733,251.80611381026208,160.70220104048872,565.9546423907457
2025-06-17,1007.6711327398444,203.5867747941765,198.61448807928076,250.3146214030743,158.45063806909118,562.0129852688018
2025-06-18,1017.1800037245127,204.52372033465173,195.64572903190123,247.6345898720365,159.2119709660573,560.8361640236291
2025-06-20,1005.783261964663,203.31421597798948,188.10525942807166,244.33698809958466,162.791771683828,550.0187251313121
2025-06-23,1008.0207503222185,206.9767759308226,186.46846477798434,242.9154066208601,163.1967090411029,563.0609257420879
2025-06-24,1034.1003610477992,208.7271190903261,188.25200522338977,247.92589726062775,162.2248171625687,574.0798612494012
2025-06-25,1078.9183619148914,209.64702806413413,192.6656486069088,247.01701963062246,163.24530053053886,571.2424095295203
2025-06-26,1083.882632126289,211.8530928193628,195.89402153481583,252.9946351541201,162.791771683828,585.2760386921418
2025-06-27,1102.9706398501746,211.20999524078653,201.52683036860157,260.1957630456913,162.85655619708822,591.353836564831
2025-06-30,1104.6485689568945,211.8360431274516,198.93053600241294,255.63971122092627,166.16907267805357,594.9488147840917
2025-07-01,1071.8566001080455,209.55334007270858,198.49033318555047,256.8865153784929,168.31535615866704,579.7383643762976
2025-07-02,1099.4746779252298,209.1445018484281,201.65100254687783,256.2572814623403,172.0571367865329,575.1841654485297
2025-07-03,1114.0874950352083,212.44504132220555,202.6556494970629,260.3239390078711,172.9561476398947,579.5691250031723
2025-07-07,1106.3965499193669,211.96805683125635,199.56270098686116,260.3938499363343,170.04044716836603,579.0371028056946
2025-07-08,1118.70225461363,211.49960374888468,196.81967810990034,255.6047557566947,170.08905107576504,580.9071336606356
2025-07-09,1138.8389011858415,214.43390954029357,199.3707906729133,259.31017720517906,171.00424253498807,590.66872831443
2025-07-10,1147.3689712791402,213.56938909601985,200.49960980137462,258.98391435235624,172.03283483283343,586.2030515573103
2025-07-11,1153.1023146122423,214.3530055364904,203.40066528217454,262.19995930159837,171.02044797677542,578.3600465161284
2025-07-14,1147.1592435094751,214.22521816124257,204.94713089500243,262.98066096942387,168.9632757990478,581.1086796741648
2025-07-15,1193.5154975693742,215.4176990764816,205.44378503901552,263.74971674250276,169.3601414803367,572.6208261867549
2025-07-16,1198.2000951047523,215.33251624314568,206.53876102646004,260.06758708351146,170.21053600833642,566.5913894776062
2025-07-17,1209.596836864602,217.92185124741005,207.227342768967,260.871598320822,170.09714758767717,565.3823109905622
2025-07-18,1205.4716916306616,217.21913881074263,208.8979632755252,263.49336481814316,171.03662858263667,567.6957924738001
2025-07-21,1198.2699330617086,217.2234045150314,214.5871715828237,267.18714037188096,172.08951041621845,574.7004550160598
2025-07-22,1167.855342383124,215.1834528474298,215.9869086848794,265.0547681537941,173.64456225779927,568.1229909848296
2025-07-23,1194.074949870812,215.4389750969496,214.73393466268774,266.01024714277753,173.44207495221724,575.1921680108316
2025-07-24,1214.7709417950628,217.57261475597676,216.92381749939287,270.6012544317741,173.12619922597594,576.1755940003753
2025-07-25,1213.0927987895466,218.77786653359422,218.06394072092115,269.6807309070223,173.22340704077394,574.4666517606595
2025-07-28,1235.816551301688,218.2625432050218,217.38662850238916,271.25378013741977,173.36108499716966,578.4567688432093
2025-07-29,1227.1463774968843,218.29236375931137,220.9649443480831,269.17967295304953,171.10952202577212,564.2457495495626
2025-07-30,1253.4360368403243,218.57770656312076,221.84545368908383,268.2241939640661,169.31152515497462,560.3847602315631
2025-07-31,1243.6474931796363,227.20597944114286,216.61903910023565,272.79189168357766,168.11286885308502,623.4432716203638
2025-08-01,1214.6309450329557,223.2069801097428,213.49224744901707,250.23304679987257,163.90943803067003,604.5571751893647
2025-08-04,1258.5400899150327,228.1173438811294,220.1635118049128,246.62082806934444,164.69506046337256,625.8050648686095
2025-08-05,1246.3740611346823,224.7572026745047,219.74586532054622,249.06781724550763,164.34678627151965,615.3987699641855
2025-08-06,1254.4847826380487,223.56046918022088,221.34876497597878,259.04217938607286,172.71315293882583,622.2744035389603
2025-08-07,1263.9238156657607,221.81436547451824,221.83416688056292,259.9976761550483,178.20433894805322,614.0847689936278
2025-08-08,1277.4181559704568,222.32538372306996,227.36534258402236,259.484972306329,185.75269713500828,620.106153741942
2025-08-11,1272.9433931541423,222.2104590869083,226.89122748795913,257.86530393696137,184.20400329051185,617.3413672637035
2025-08-12,1280.6345521687801,225.3917032182836,229.53266908823156,258.0633908276044,186.20674753616748,636.7916443369862
2025-08-13,1269.6571589988628,221.70366716691348,227.97489938233676,261.66394588339404,189.19059778894442,628.7955532428808
2025-08-14,1272.6637204781227,222.51278595640898,229.08114489375623,269.14471748881795,188.74465631766043,630.4479835611563
2025-08-15,1261.6863273082054,221.52899642022095,230.16478221904188,269.2029825225346,187.77975575232645,632.9468083391886
2025-08-18,1272.5937755717682,220.22159086882027,229.71325802456653,269.73899594073896,187.21216791495138,618.5504457507475
2025-08-19,1228.0555543300936,217.09989596931632,227.53464471183636,265.68398428995465,186.9446104829588,605.742048395372
2025-08-20,1226.3773043751796,215.37510765981364,224.9948535264363,260.79002371762033,183.25533300289135,602.7112014198619
2025-08-21,1223.4406878022742,215.09781063055507,225.4802035773825,258.62269603530183,182.35531629452203,595.7629520019775
2025-08-22,1244.4864042582972,216.37329558863178,232.6368871224083,266.6511269536766,184.6742839693845,608.4101125465295
2025-08-25,1257.211671441289,215.10634203913264,235.3460495738063,265.602427466745,184.1877978487245,607.2090860203202
2025-08-26,1270.9157395156503,214.1593294365359,233.8221575780203,266.4996592020037,185.9310563383736,607.8538850680153
2025-08-27,1269.7271039052173,216.16426295323765,234.20592635227808,266.97738980649945,186.88784797383238,602.437237157354
2025-08-28,1259.7285116266696,217.40133032222735,238.90179180245838,269.86717190291876,188.56625986040595,605.4438294532947
2025-08-29,1217.847234281881,216.14293443179372,240.33538933007694,266.8375679495731,188.22572205953657,595.4405277788635
2025-09-02,1194.074949870812,215.4731926079676,238.57445707080527,262.5728235133993,186.26351004529388,592.546761731673
2025-09-03,1192.956045267937,215.57131693185346,260.37180786844385,263.3302333917317,193.35826487775975,594.1105710822347
2025-09-04,1200.2277487432443,216.68895770600133,262.22305188042895,274.6212928383348,194.42044776567005,603.4609229510708
2025-09-05,1167.7853974767697,211.15623424150397,265.270853156547,270.7177844992074,194.34746739679323,606.5239283713865
2025-09-08,1176.804868015753,212.521285864401,264.4234437210862,274.80773383423127,192.8798752690119,606.4030007632691
2025-09-09,1193.9350600581029,212.6108525292214,270.73918225084543,277.6042954327023,190.01764654639993,617.204286335384
2025-09-10,1239.871858578672,213.44696994555386,270.2194705225032,268.38732539047754,183.88779227926807,606.1450910238975
2025-09-11,1238.8227919327533,213.7199618947917,271.5752357396014,267.94453247022136,186.51487445346214,605.2745900801696
2025-09-12,1243.3680344024128,217.5122386337356,272.06106975783484,265.84711571636615,189.7906337637834,609.0550103912901
2025-09-15,1242.8784200579319,219.8413656763845,284.2744336502455,269.66906723228374,191.9230836335531,616.3982504768657
2025-09-16,1222.8106488980936,217.14540119014464,283.7660260149701,272.7219807551145,193.09879153971627,627.9250029006201
2025-09-17,1190.7157762260313,217.56342708520094,281.9244094950925,269.8904636924118,193.77989197738117,625.2810452334337
2025-09-18,1232.3200546297526,216.8937115118627,284.74896357541206,269.4360248774092,192.8798752690119,628.9325353741349
2025-09-19,1235.3267230584106,220.9376779290885,287.78819171672706,269.7273322660004,199.05837069743194,627.4252379450136
2025-09-22,1283.8531943044632,219.4531997113496,285.31387439147596,265.2412091496906,207.6369355174295,617.1853172988166
2025-09-23,1247.6331763984604,217.2264495716314,284.3309368310341,257.17782276708414,206.29907384968837,609.3128707321289
2025-09-24,1237.4244285526552,217.61888124095506,279.22413130032504,256.5952079899017,204.58012973170185,613.5555625125156
2025-09-25,1242.4588575692032,216.28796837761223,277.6988738254071,254.19482017271662,208.27749130571837,604.0779106248402
2025-09-26,1245.9550333929442,218.17770162802904,278.54623140723,256.0941500359289,207.13423153701908,599.9157878513324
2025-09-29,1271.5468479138115,219.5171196494615,275.73299870452325,258.8790479596615,206.29907384968837,599.6335246353261
2025-09-30,1304.6203075784479,220.946235588154,274.6596629686381,255.8494617863078,206.46125244719244,592.3578617425221
2025-10-01,1309.2351741062673,221.69697329249107,276.69331079428537,257.08460226913587,207.12613502510692,578.6133127934235
2025-10-02,1320.7725543246124,220.00344931411414,277.58590203292187,259.15870945350616,208.48831106451064,586.4454007588727
2025-10-03,1311.8922249525513,220.6902408298514,277.20177028319864,255.77953307785265,209.2099437335885,573.1444012351362
2025-10-06,1297.3482832549462,225.47646604381256,282.94124205018915,257.3992014472202,208.13155540389084,577.2581134465709
2025-10-07,1293.8521074312052,223.51844214904344,277.6649788307523,258.42460914465886,207.96129271243768,575.1771014583496
2025-10-08,1322.3108075174198,223.88957154741115,276.37696903387166,262.433001656473,209.2423794530893,579.0165530160799
2025-10-09,1346.5040447593926,222.84446087141646,272.8858537226159,265.3693851118704,205.98285042048153,591.6561555851247
2025-10-10,1280.7067430124946,217.96442953883405,267.28194464969846,252.12071298834636,198.87189014622834,568.9016600562168
2025-10-13,1316.7869780551866,219.28254528931058,275.84597049700847,256.4320765634902,200.80977537084541,577.2904200869748
2025-10-14,1258.8208320850333,219.07780460869316,277.31474207568385,252.14402255783145,200.8989735994726,571.6038585934892
2025-10-15,1257.422468704935,219.01807162340629,283.6191419432842,251.188543568848,202.17195141024908,578.7826015650813
2025-10-16,1271.2670682883938,218.24170031760465,284.1049586769717,249.90678394704977,200.6395002614292,574.3623714580712
2025-10-17,1281.126305501223,219.08207031298193,286.1838574439786,248.24049643871206,204.56389945398837,578.274488257444
2025-10-20,1277.0706773760446,220.45136138967982,289.8557518215751,252.2488889505262,212.63163894573728,590.5752168919765
2025-10-21,1266.7221466669287,220.82249078804753,282.9751370448439,258.71591653325004,213.06137497523392,591.4625627353647
2025-10-22,1260.5689199969038,222.0510136232157,284.3648318256888,253.961777817842,209.5586153002592,591.5754383826476
2025-10-23,1273.7142844156144,222.0595712822812,285.93528838832844,257.6205979073483,210.47481261448974,592.0513932454793
2025-10-24,1302.3827122714943,223.3606242156026,293.66326074688254,261.2561262073615,213.10195687849912,595.5681241888992
2025-10-27,1338.9523477598714,226.73488818473416,304.22705670973113,264.47215337661163,217.95882091689148,605.6185520635527
2025-10-28,1405.658826339979,231.23527183561526,302.19342616862974,267.12887533816433,218.1128781665573,606.1186628088882
2025-10-29,1447.6823463842347,231.01342896211082,310.2151839551017,268.3523699262459,218.68045358596936,606.3041542992809
2025-10-30,1418.6644078953789,224.27776376293394,318.0222331114862,259.683059196972,220.05884748512347,537.5810143655256
2025-10-31,1415.8674672363861,220.88648947762314,317.6945872580056,284.57236318940693,219.2236897977927,522.9652234947079
2025-11-03,1446.563762629554,220.55376454309842,320.55303633297984,295.9683068086968,218.15336072611805,514.3829694112553
2025-11-04,1389.2968518241491,219.4020112598843,313.57073657228443,290.515041028665,218.95613236580016,506.00231073986464
2025-11-05,1364.9637247694673,216.34342253336632,321.219632133008,291.5404309461116,219.0372216645522,512.963304979193
2025-11-06,1315.1087281002726,212.05204526739138,321.71673567521646,283.1973830696605,218.7371788412066,499.24286251406545
2025-11-07,1315.5980215965594,211.9326055473056,315.0281694888009,284.79375964953505,217.68311730113456,501.4772075478735
2025-11-10,1391.814119807122,215.84860083586804,327.7613142477377,289.44301419225627,218.67327600332328,509.58360556555976
2025-11-11,1350.6294038921292,216.99182271050464,329.1283489888109,290.25868910430535,223.39687046220465,505.80871789010473
2025-11-12,1355.104487556638,218.04121221603205,323.9311971362964,284.5490536199219,221.9521894762606,491.2332856205255
2025-11-13,1306.5781232599834,214.69256872312116,314.734435914521,276.83523965962337,221.53017741978448,491.94304373875764
2025-11-14,1329.722507754834,217.63167835382143,312.29403086847066,273.4677269587084,221.09187299577954,491.59626603900887
2025-11-17,1304.7601973911567,216.48417764965205,322.02180791165523,271.34700063536803,217.07438875215678,485.586983931213
2025-11-18,1268.120616996425,210.64007089731783,321.1857198538073,259.32184087991754,217.0581957283325,482.10241143259884
2025-11-19,1304.2007450897192,207.79479363572668,330.82309872154855,259.484972306329,217.96716578806473,476.15774260561085
2025-11-20,1263.086081030479,204.46980183244156,327.0269284584,253.01794472360513,216.09235139780628,475.2140330363802
2025-11-21,1250.7797346398272,201.77304983156375,338.56239245771553,257.1545131975991,220.3451808772558,479.32764645074934
2025-11-24,1276.441494067049,202.57652476615408,359.93857072360885,263.6681421393011,223.94067790032858,494.49195862897585
2025-11-25,1243.3680344024128,203.85437226814452,365.4295252885871,267.6182696173986,224.79287303297136,513.1810537114569
2025-11-26,1260.428923234797,207.4913642457329,361.48643638466064,267.0240089454696,225.26358834055097,511.0758364421991
2025-11-28,1237.6342632717185,210.27358783531386,361.7463268179237,271.75483809139257,226.31869298951966,522.6426016774631
2025-12-01,1258.0515450645325,208.02129597083888,355.769572803804,272.52389386447146,229.768055423356,516.9318349029409
2025-12-02,1268.8198521611732,209.4145537430177,356.8090308295804,273.15311000063207,232.27593757018087,521.9569006446694
2025-12-03,1255.744325699419,204.17063814673656,361.1249128210713,270.77604953292405,230.62025055599875,515.9074081312332
2025-12-04,1282.3163314538313,205.499792227388,358.8539654637487,266.96574391175295,227.8201737384793,533.5963805201085
2025-12-05,1275.5333867278202,206.49129940702773,362.97781614946985,267.45513819098716,226.2618932265041,543.1869574535995
2025-12-08,1297.490419005015,209.85048247084293,354.679540196508,264.37893287866336,225.539540315569,537.8471736598626
2025-12-09,1293.4346839304385,210.27784041435868,358.4781994342768,265.57911789725995,224.96329715794428,529.9101632108997
2025-12-10,1285.1134860116201,204.52537411539134,362.0168645315067,270.0769046883083,226.2618932265041,524.4009918484394
2025-12-11,1265.1842143223157,206.62378561961518,353.221104776325,268.32906035676086,225.6531646775263,526.482102633726
2025-12-12,1223.8576835054482,204.51253762679315,349.6711355860282,263.5632757466063,225.85609902977833,519.642036002515
2025-12-15,1232.7382267763057,202.9269819052762,348.46142478240915,259.31017720517906,222.47160803494364,522.7136861660583
2025-12-16,1242.7377815994364,203.597970627279,346.5960074427255,259.33348677466415,222.8774270675955,530.495782816387
2025-12-17,1195.3274342719078,203.48256035709062,335.459989300866,257.8303484727298,220.62925420011211,524.320126450364
2025-12-18,1217.704029037831,206.84174342090583,341.94943751766266,264.2274473469985,220.9133523588945,536.3887807781418
2025-12-19,1265.6039907098404,207.67085195696075,347.263052640949,264.9149462968677,222.11454192524744,531.8035101732881
2025-12-22,1284.4840888038284,207.24349401344497,350.22510528449067,266.1733785691889,219.92316882077967,534.0073763124033
2025-12-23,1323.0837308174557,208.0683105947232,355.39176719790714,270.49638803907936,221.0513159284405,536.7843148296927
2025-12-24,1318.8879989807722,208.56834301407577,355.0978262090756,270.77604953292405,222.22814145127865,538.8913104461286
2025-12-26,1332.3139986200854,208.4358568014883,354.442119673011,270.9391809593355,221.89536487731888,535.4523821917549
2025-12-29,1316.160896278736,208.17516320584608,354.49864013834554,270.41483121586964,222.1875843839396,531.738946291013
2025-12-30,1311.405819090013,208.3375618494309,354.82649340637784,270.95082685408204,221.6356555979774,537.5996870108966
2025-12-31,1304.1334739183171,206.68788931114256,353.86554178841465,268.95829427291346,220.64549689578863,532.8690859227581
2026-01-02,1320.5663558850845,202.1235069706858,356.29619835053575,263.92449406366075,219.95562937620662,525.0547320305582
2026-01-05,1315.4615541645896,202.08506313111093,357.8677092704798,271.5683970954961,216.9120859750221,531.8196634934901
2026-01-06,1309.3081135957684,204.50400621821555,355.3804976739322,280.7387479987508,212.9351587987384,533.2969266147129
2026-01-07,1322.3843887033095,206.62378561961518,364.01796555708523,281.4728483075981,211.2875682964684,523.666238072647
2026-01-08,1293.9241913255214,204.33303679032133,367.9297002946151,286.9843791213466,210.2406098312641,521.543138534542
2026-01-09,1292.6655038593358,204.83306920967394,371.46836539184494,288.2544928483983,210.50844045844386,527.194034287398
2026-01-12,1293.2249561607732,203.93557815255892,375.1878614090535,287.1941296867281,211.2226471856146,518.2413900055531
2026-01-13,1299.30845182324,201.15336768822192,379.83450047230025,282.68469700093317,211.87193280193145,509.458380285095
2026-01-14,1280.6381884483153,196.32827862687898,379.6875472624304,275.75156692846815,210.98730194978782,496.88922002372
2026-01-15,1307.9794812232285,195.165815144589,376.2279762475769,277.5343667242472,209.56696017143247,501.1515724201323
2026-01-16,1302.2454961937378,196.53341306481533,373.0850581149647,278.629685350149,207.39184218060424,500.70757840797546
2026-01-20,1245.1854255242492,194.25123501983092,364.0405391741271,269.168027058303,200.22528668575183,487.6863721736089
2026-01-21,1281.8967689651029,189.80223669907463,371.2535184853898,269.5292453753574,200.9963304298273,494.82263240705527
2026-01-22,1292.525614046627,192.80669691947898,373.69558284785364,273.05988950268386,201.5644522396138,522.8105566887373
2026-01-23,1312.3148889738245,199.13614894316848,370.74476515919497,278.67630448911905,201.31285189014747,531.7954582124536
2026-01-26,1303.9237461486518,200.98669021510437,376.7706764220644,277.8140282180919,207.2944480963604,542.7742327126592
2026-01-27,1318.2587087223785,205.3886607867324,378.22907727315544,285.1083588276193,209.61563858660978,543.2666866854221
2026-01-28,1339.236619260009,205.83741287791187,379.8797168445679,283.1624276054289,208.13042536925278,539.8438129541848
2026-01-29,1346.159453798729,185.26777991485918,382.412179382475,281.6709351982411,209.6237847703742,596.0135507585053
2026-01-30,1336.5096235073706,183.89590316510007,382.1295079176184,278.83943591553043,210.59772561281252,578.4070245207524
2026-02-02,1297.9099814937435,180.93845756858005,388.56243566908046,283.10418035170426,219.14404098275512,570.2616510607439
2026-02-03,1261.058534341385,175.74154347093926,384.06278438479546,278.04707057296645,218.71388274251458,558.3867871768572
2026-02-04,1218.0537535696033,177.01512526864093,376.52195180550046,271.4868402722864,224.4032470241438,540.0538061168104
2026-02-05,1201.9006512282538,168.24536226067102,374.4982425937881,259.484972306329,223.93255655249033,541.0386646638032
2026-02-06,1296.5116181136452,171.4378678513687,365.0128294542491,245.07108840843205,225.7261823002923,533.9750696719993
2026-02-09,1328.8874468545046,176.76297620682024,366.6634690256615,243.20671400945133,223.094120522913,546.6975629789612
2026-02-10,1318.3985985350873,176.62194546041127,360.1740208088649,241.1559163945661,222.33046546685551,541.4503026370234
2026-02-11,1328.9574987102571,172.8182891349493,351.55919568093765,237.80004958839763,223.8089978200887,539.8116051108464
2026-02-12,1307.2103011521258,171.73701841182972,349.3432823179959,232.5798261632404,212.62262350455904,524.5703794171628
2026-02-13,1278.3305412856093,171.51479490625033,345.63502125567044,231.63597528901155,207.78899347504338,516.4654139569257
2026-02-17,1293.4346839304385,169.60869447660858,341.4519537154428,234.3859177485125,214.36923484423312,516.0779318662093
2026-02-18,1314.4825393744236,170.77971561796406,342.93296275266766,238.62735261520123,214.75106237226186,519.2504538335825
2026-02-19,1313.9231940223842,170.68118441151526,342.390331716364,238.70892721840292,211.6883704720459,520.5098200269432
2026-02-20,1327.3491936616974,170.15431086825325,356.1040287683983,244.82638237881892,214.93787820846794,529.2929285444667
2026-02-23,1339.4464539790724,164.6885261479798,352.1583817516678,239.18667560289063,216.23766640148108,514.4311329806649
2026-02-24,1348.5370458677894,166.62897534107915,351.4913365534443,243.02027301355486,221.07945503272416,516.0860332255767
2026-02-25,1367.4870888681317,171.59785145006384,353.7524662886537,245.44395262023295,222.77731344944254,527.7025427832973
2026-02-26,1292.8753385783991,172.07760536748978,347.51177725751296,242.27452680996095,221.7374580591059,530.3827589735059
2026-02-27,1239.031771056632,168.2310032437728,352.4636268335662,244.69820641663907,214.6129497871592,523.2545013023614
2026-03-02,1276.0228941229034,170.71972012779787,346.53945240829904,242.82218612291183,215.05160191412966,527.5976202997837
2026-03-03,1259.0307737534947,173.02426358849945,343.21563421752427,243.21835990419785,214.26363248640962,528.8246798527405
2026-03-04,1279.938739384771,173.56827870038035,342.7068808913295,252.64508051180417,213.2643838352643,539.036591530881
2026-03-05,1282.0365518284136,175.9156367068973,340.1631488294473,255.11536147746043,211.45280171288414,533.2566174120072
2026-03-06,1243.4372306629805,175.17887738738344,337.4950026056453,248.43860110934705,209.15376486872566,520.5743839092183
2026-03-09,1277.2116366827345,175.37163472026037,346.6023681556439,248.76486396216987,211.1197271078111,522.6168156433791
2026-03-10,1292.036106651544,173.8081556590933,347.3717378660327,249.74365252063834,211.89147867578072,528.009406468602
2026-03-11,1300.91729161879,173.43119865240496,349.2498074933692,247.7860576237094,211.8752359801042,528.6470921275843
2026-03-12,1280.7074916582812,172.137574607168,343.4232907528543,244.1505471036882,207.77275077936687,515.1818918810609
2026-03-13,1260.497477798976,169.43466686687037,341.9864610151387,241.9832194213697,203.19095704061561,495.42801142563366
2026-03-16,1281.2669439597184,171.31942564982427,345.6973147593602,246.72571224203122,205.38437910898756,506.95357828460266
2026-03-17,1272.2457622303657,171.0881063501768,351.76139029973996,250.75739654333842,206.52981202122157,503.08345023804844
2026-03-18,1261.5464374954963,167.82408130511126,348.1070915899449,244.54672088497423,203.04473552563778,497.4439161477196
2026-03-19,1248.6792484612322,166.63753300014463,347.47354384181875,243.25331536842944,202.24861991415338,490.1884572548012
2026-03-20,1207.6998753905825,163.57482294702152,340.5383271843561,239.30318789033197,201.4606008145811,479.6526393975651
2026-03-23,1228.2595068322616,164.0588688192242,341.73756355311497,244.8613378430505,204.30391697945964,488.0554286116178
2026-03-24,1225.182572649055,159.6639596288496,328.59121443812694,241.48217924738896,204.42576203295963,479.0547689559614
2026-03-25,1249.5183734386892,158.9357710936452,329.14556439660083,246.6907567777996,205.22189006240708,480.64643907898164
2026-03-26,1197.4901650001946,156.76402885138629,317.82072987452284,241.83173388970482,205.44124096181844,442.38954781385866
2026-03-27,1171.4759003568502,152.82317435075325,310.376345061762,232.27685509991068,202.11862867688902,424.7599030627893
2026-03-30,1155.042269744296,153.7612617874535,309.42604072411876,234.15287539363788,200.35577464153843,433.372784236533
2026-03-31,1219.588156584079,158.56310604173356,325.3329046765932,242.68236426598548,206.17237337263373,462.2572918872234
2026-04-01,1229.0287938527624,158.22041904703903,336.45416181619095,245.36239579702323,207.6671484215434,467.9937952972967
2026-04-02,1240.4972986587343,159.97237661155026,334.621308561122,244.4302085975329,207.90272959866817,464.1398699694773
2026-04-06,1242.2456004694009,159.72392886852785,339.39568041911565,247.94918905012082,210.29110126904752,462.97638632814096
2026-04-07,1245.4624244653164,159.47121542121664,345.5841701214153,249.0911268149927,205.93677977754587,464.6165164117671
2026-04-08,1273.2948288762839,160.34504166346193,359.00209402274476,257.80703890324475,210.3236114963267,494.80993698414426
2026-04-09,1286.0920730041937,159.80533163160172,360.3257445534235,272.2558782653733,211.61527834150155,507.7130807252915
2026-04-10,1319.099330991409,158.86295224012477,358.9115575709336,277.76742685911375,211.6071569936633,508.90072024913155
2026-04-13,1323.8545151295298,164.64569847692044,363.5161951874639,279.5269170854077,210.56732643925278,512.6739777730066
2026-04-14,1374.2044736131102,168.38949056465586,376.6399361163181,290.1654686063571,210.26673722553272,535.2644207747259
2026-04-15,1390.7081560814167,176.14695600654477,381.4029347430609,289.5595442596896,216.4407746052159,542.6087970265542
2026-04-16,1387.0717695967728,180.01925735794615,380.15841286385046,290.9578161689291,213.9792859683661,546.882856875223
2026-04-17,1410.3585037404882,181.1029956269312,386.561922318065,291.95991429688263,219.5278057130205,556.3198043719307
2026-04-20,1413.0158754349666,179.08116992124593,381.7423686568957,289.3031923353299,221.81867153748848,542.0674385063909
2026-04-21,1397.7712012810398,181.68983840987144,375.9384946716066,291.2025221985422,216.22956988956892,540.3950017823609
2026-04-22,1416.0929165675714,185.44220128191634,383.8919439323898,297.5530197138328,221.91620221932595,545.1457574718522
2026-04-23,1396.0927374273294,178.08737894915623,383.40545310140925,297.22675686101,222.1273820990468,532.5658777288753
2026-04-24,1456.442785481031,181.88687457228113,389.63922831416045,307.60893867760774,220.20205143507877,545.3962574313147
2026-04-27,1514.7648590480462,181.97254303964374,396.35949435789206,304.2647355461778,217.3993668453177,548.2967910774888
2026-04-28,1490.7087309344315,183.87013831119586,395.7259466097659,302.6101294925706,219.9177297529614,542.414858387065
2026-04-29,1463.2959959615907,181.81832142304947,395.90691580611235,306.5019919369514,219.47905279006483,540.6211976637211
2026-04-30,1395.6033369816448,174.67342424227311,435.3459977201684,308.8557428351744,220.43766986609276,494.3978544241295
2026-05-01,1387.7710047615208,177.52624851914436,436.35296079951394,312.5844916331358,227.5784456696421,491.8447406586294
2026-05-04,1387.980732531186,177.17499074014037,433.5924113929356,317.00068604099056,224.8894351136905,493.18596022072006
2026-05-05,1374.1345287067559,176.21549603053245,439.4528404126513,318.74853037253797,230.86041396149102,488.78257501337004
2026-05-06,1453.3658512978243,177.32062844718126,450.32520009022534,320.4264637756222,233.56564237719303,495.1816115443877
2026-05-07,1479.0303914093965,180.23771391850747,450.26861048670685,315.9753139035359,233.50876810639912,498.3568504310608
2026-05-08,1504.904659290634,177.8175239332261,453.4477224585884,317.73478634983786,238.28551144715772,492.5557337401797
2026-05-11,1534.5552034692246,176.76377684670214,439.6904683507,313.4350864494325,237.9846490382505,483.8540340045915
2026-05-12,1543.9258958315536,174.66913228749638,438.23099585775856,309.74132867568665,239.70846099775477,487.1990062497171
2026-05-13,1579.2408009814746,173.5725575299131,455.50679585136334,314.7634652102008,243.01787298795628,498.2114705492432
2026-05-14,1648.5419789087764,175.3802055045698,453.7532095241305,311.37264293980076,242.48121829655224,499.66576335274755
2026-05-15,1575.674466352583,180.73031744977558,448.8996744455766,307.7837515587497,244.1237422698956,496.27238054554874
2026-05-18,1554.695272422175,181.42426222347407,449.08071278010686,308.62268270030785,242.18035588764502,493.83234002146247
2026-05-19,1542.7370463223244,178.80274412100633,438.58169929556834,302.19062836180757,243.0991858100433,486.8838930094469
2026-05-20,1562.7372254625661,180.3619312273967,439.99592084715016,308.7974955814497,245.76624140731286,488.86339101291264
2026-05-21,1535.0447108643075,179.90689214435773,438.58169929556834,312.81751620801845,247.99417299501587,490.7378183372664
2026-05-22,1505.8137291744456,179.68368424548092,433.2756548034185,310.3239434528691,251.1084491137641,493.0647856199389
2026-05-26,1502.5270672215736,178.59330460304932,439.9619739988575,309.1237584342726,250.71000635116724,494.7453237033364
2026-05-27,1486.7227268674133,177.15093216795168,439.905384395339,316.7676614661079,252.75909443494572,513.2637468552431
2026-05-28,1498.2611765797396,183.2982058054004,441.37616098134737,319.27289789599575,254.10887734722007,513.2879521362796
2026-05-29,1476.5129095276272,193.27896944784462,430.3001547831092,315.35774366212183,253.74296964782843,511.0418502516825
2026-06-01,1568.9610387353341,197.6919652244036,425.8086963736158,304.4278847525812,249.06750721374996,485.1547961683781
2026-06-02,1558.1916621447124,189.4454925680931,409.3813947418683,298.90467248410226,256.29617735980565,482.86023432317495
2026-06-03,1501.7577802010728,183.44846359831712,406.1456931664683,291.3306981607221,252.27933885026178,503.3420021583454
2026-06-04,1530.8827750374223,183.75324488843935,421.0796100260738,295.7236007790837,253.06807819169123,507.0504982058144
2026-06-05,1435.9464680830242,178.86804220973457,416.93885505439016,286.6814258380088,249.90502431406122,479.119431635302
2026-06-08,1460.7307076988727,176.75168849700992,411.2786847843277,285.7375927437719,245.18893030486532,472.97084566521386
2026-06-09,1457.5801923297763,173.17579453008082,412.3541292348218,284.5374077251754,236.25269089498184,472.32446586447156
2026-06-10,1403.180808786107,170.578636880413,403.4337133340766,277.32463393885763,237.0902079952931,461.3281548851475
2026-06-11,1434.3361309959007,167.56510711642852,405.0071946922616,281.4145832738815,240.38335245389194,459.26784088213924
2026-06-12,1436.5766139366028,167.73681155798482,407.1693876863166,277.9655137497568,236.72432513182753,458.0962558814356
2026-06-15,1487.4052779260587,171.60892915597069,418.11617461885413,286.66977994326226,241.02573368274997,479.95159931763334
2026-06-16,1452.1192491136235,169.06328808886735,422.5310970587753,286.6464703737772,243.3187353968635,485.3942308565094
2026-06-17,1432.7958457645298,162.65843153859623,411.82207634065423,276.74201916167516,240.64355845175567,459.0061274557477
2026-06-18,1475.083209973887,162.86877669838688,416.62185648122943,284.77045008004995,242.3185926523782,466.8020062967075
2026-06-22,1460.8006526052272,157.69166859389,395.8490817152838,271.25378013741977,241.50548926743394,455.9896060547287
2026-06-23,1400.520335559084,160.52491000676474,391.8303556381757,272.79189168357766,239.3018968873196,454.65525288868724
2026-06-24,1393.239113587346,156.88462359294104,390.8794636259693,272.97833267947414,238.3098754906725,450.99180830306597
2026-06-25,1370.4152564385877,151.46280843995189,389.09082423950156,264.51875473558977,223.73061563728274,439.02293901139825
2026-06-26,1347.9413377203975,160.10851164196015,381.93640496999836,271.13726784997846,230.7478575443565,444.99122033703014
2026-06-29,1365.0242581287894,158.21968403337695,400.343236513949,279.81822447399895,229.08909087533664,454.97871448098846
2026-06-30,1400.8703809390506,160.1299714158437,404.55440872593016,277.7208077201436,235.28508321370177,455.53672030668093
2026-07-01,1383.2974183885854,164.96367063722798,408.90140290017393,281.63597973400954,239.36696701373012,495.66477859299766
2026-07-02,1364.0441738446423,167.62948643807917,407.42976208686696,282.7662538241429,250.95394481742832,471.3955264565265
2026-07-06,1369.0850198250762,166.01968839095798,414.8445557569205,284.5024522609438,254.23084658035066,485.45889353585005
2026-07-07,1378.746614550225,166.92118264748245,415.4898224272169,286.6231608042922,252.60459013860995,497.8240872555923
2026-07-08,1429.0852363976073,164.56014813675347,409.70516885705075,283.8732183447912,254.82442521440078,487.7475769556586
2026-07-09,1419.7036351966726,164.99800627544167,406.27511984672066,287.8583012871203,257.12554827635256,510.6824759260882
2026-07-10,1476.9735405852246,165.31567655513797,404.33931983583136,285.8774146006983,256.39375771349535,541.1950604184192
2026-07-13,1424.954529794966,167.8441366778905,399.0527377424482,288.17291824519657,258.0118431355456,531.1023473997508
2026-07-14,1482.8545810370963,165.24270019868993,406.9769761205355,288.3826688105781,256.0197038303393,534.5878584704868
2026-07-15,1487.755323306025,169.83599745160262,419.89347534316306,297.0869350040836,266.2975799687328,550.9804157664556
2026-07-16,1452.049197257871,172.18415609800147,401.2601816778627,291.1792126290572,270.98116375064956,537.4183449972531
2026-07-17,1419.913683814532,169.05899613409062,392.5548546672163,288.07969774724836,271.37143549355596,522.433053101632
2026-07-20,1423.2043028951337,172.69500371838163,398.46406067567017,291.2957426964905,265.5576183861851,522.3036289458853
2026-07-21,1451.2790546421854,170.74606249243658,392.9850324474139,288.45257973904125,266.492715840186,520.6538661483772
2026-07-22,1484.6748597926812,167.56510711642852,387.25693391167425,285.30646349825435,264.988453467502,507.1969648553521
2026-07-23,1461.5707952209127,163.80460659312504,359.6353652181353,272.26754194011187,261.5489508963317,490.15748437478095
2026-07-24,1448.128539273089,163.85613630093349,361.9560229296787,270.4614325748478,270.78600304327017,481.33451124134626
2026-07-27,1375.806147798988,167.03279972216484,369.6764765107341,269.62246587330566,273.94905692090026,480.26700894909993
2026-07-28,1379.3067085480511,168.8572348838534,377.7705182684687,269.00489563189154,276.5266286763923,479.8949885991274
2026-07-29,1330.29832331418,167.65095933720667,381.1666204305062,264.0992713848187,274.9898560764291,473.5870923609924
2026-07-30,1365.5143002708628,193.6481563101054,377.71392866495034,274.4115600529453,271.11937567945665,435.9175496500021
2026-07-31,1405.4912366331635,199.49494061220864,403.15069617830045,316.4530267280397,251.1816405880129,450.2154609627169
2026-08-03,1446.728357753223,209.33832232606622,422.82541830761824,330.9484852291383,246.7176063929164,477.33140234468897
2026-08-04,1483.8346653212434,211.5534172491431,427.5120192411566,323.25799861831683,251.5637909830811,475.4713993918917
2026-08-05,1534.8034330222042,209.2567620600648,410.2824726925779,317.6998308856063,252.88106366807628,476.14262665459614
2026-08-06,1533.1932028844788,214.57982287745773,404.9845865061278,317.2454098505956,254.02756452513304,477.05649951005915
2026-08-07,1567.9891895548406,214.63563141479892,401.07903963605656,319.8322208836851,254.77562261959287,478.8355876662484
2026-08-10,1523.1114039742129,217.24137297402018,404.7242121055775,324.03868250615034,250.86927914531628,481.1161697266897
2026-08-11,1522.7613585942463,216.27548627060108,389.19269935347154,317.2570379653502,248.14296502834617,484.512714039983
2026-08-12,1568.8992219832348,211.39028359189624,388.8984126737205,311.442553868264,245.97819120074314,468.120206142547
2026-08-13,1577.3707907557753,213.30058409960694,392.090730038726,308.9373174383761,248.42780826491193,481.1565777264609
2026-08-14,1576.3905995222303,212.66524354021433,391.56998123762537,306.0475353419568,248.97305618675026,477.0159927132225
2026-08-17,1575.3403564329326,206.20459157784597,389.41912690572923,304.4861320063058,248.69635913394893,460.13019106796725
2026-08-18,1538.4440974827721,206.75406679121647,389.64555445798686,302.31882210397936,252.3097380238215,439.6699115945334
2026-08-19,1523.1814558299654,207.90453380052202,390.23419695567287,309.7646204651797,257.843728751701,441.57847330500203
2026-08-20,1518.210661705284,206.93683581343566,385.6494711361046,303.0878423170743,253.343285088926,441.4167425088515
2026-08-21,1503.2980654324438,207.83571814641104,390.34741073180174,301.36332533500394,251.7563439182188,444.7081667445002
2026-08-24,1459.6105197032207,209.5861794331102,394.0151913874564,305.3717178468181,252.56202136125586,452.0836146734142
2026-08-25,1491.6060363844526,211.47856398280803,392.7699435573151,304.19482461771463,252.20393697858913,461.0036065251263
2026-08-26,1467.8719329085036,213.48277561109165,387.15505879770427,303.2859469877093,255.09302575529,465.9286402380812
2026-08-27,1596.1338862082466,217.22024133123577,385.6268283808788,298.60173698075647,256.01262559139775,461.85271790418324
2026-08-28,1523.1114039742129,220.8631002928767,392.35110443927636,310.4521016350569,260.1794234227992,467.44902827837535
2026-08-31,1545.7253194545099,218.1793422835247,384.1551875675718,302.6916685357883,257.86002111922977,462.855557517089
2026-09-01,1522.3413683079254,215.48268215935465,379.2534631748427,297.0403158651135,264.59847975570887,467.86950858895375
2026-09-02,1571.139704923937,213.6763204586065,381.63074505899647,297.1102267935767,264.4601188113451,479.44210285107954
2026-09-03,1599.4245052888482,219.39648553217484,387.6984503540307,301.6779245130882,267.10504559844986,493.86138635870634
2026-09-04,1612.7968163303176,214.91497598211606,383.3939415937907,301.22350347807753,260.39914686110217,498.7864200716612
2026-09-08,1580.3812024133667,212.44197001511768,383.28065867947794,299.42904000756005,257.34730826059666,496.12576570041284
2026-09-09,1565.958755231998,211.4527597531719,374.54708872071024,294.1039324097161,256.6311394952632,528.643881222957
2026-09-10,1530.4930514307623,211.79253294370608,376.75598455798666,293.5096717377871,265.7703877651771,521.1148532557925
2026-09-11,1530.0023675923005,213.1645146954169,383.4392616733342,299.207643547432,270.40916753638976,524.0666625789381
2026-09-14,1478.6262296339937,217.37077475427574,395.7750347203317,295.4322933904924,271.06836268722486,538.2756071342102
2026-09-15,1487.1071030041685,213.8053416067871,390.7795589502404,289.46632376174136,269.6523175240867,542.0280184772741
2026-09-16,1499.2327049120388,210.87213833587134,388.38941736388205,286.5998690147991,270.5231147653865,544.5107393336373
2026-09-17,1537.361876523444,214.07629914321032,393.44151730658376,292.69401460573,274.2585622320941,551.7891191457413
2026-09-18,1557.8984068951347,212.368849280986,395.94494180725485,295.63039806112744,273.55053965052497,538.3969299305895
2026-09-21,1593.714583873929,215.73643250093912,402.09582033751536,301.1535925496144,275.8699419540944,599.9273965065235
2026-09-22,1604.1579786991558,214.18382114177547,397.7800074842084,297.1102267935767,276.49657720579813,596.1639198921284
2026-09-23,1580.6076142891347,215.29774747188114,382.6802972596217,290.4567759949484,274.27482976369674,602.2340115937121
