Date,nvda,msft,googl,amzn,aapl,meta
2023-01-03,100.0,100.0,100.0,100.0,100.0,100.0
2023-01-04,103.03179136448838,95.62567001286084,98.83300643349251,99.207643547432,101.03142195109045,102.10840067368426
2023-01-05,99.65071977285835,92.79154918174424,96.7234876456043,96.85388375921303,99.96003000324264,101.76367335976416
2023-01-06,103.80022522405226,93.88512021552029,98.00268083779636,100.30296217333377,103.63797071526196,104.23280002157014
2023-01-09,109.17219811650945,94.79922638446617,98.76569184011359,101.79445458052155,104.06170355066702,103.79189556401127
2023-01-10,111.13517008582309,95.52132388187519,99.21450761629127,104.71918325117645,104.5254560118802,106.6137581317596
2023-01-11,111.77785184648069,98.40972697209274,102.69298102426315,110.80167405736483,106.7322117540079,106.5335858322701
2023-01-12,115.34054087691024,99.55338152862562,102.25536707354253,111.01141573275038,106.6682647221012,109.59596529848695
2023-01-13,118.05098802263672,99.85391541662011,103.36623059868877,114.33232707468726,107.74764694712167,109.81241940120287
2023-01-17,123.66049043185036,100.3213900136102,102.43490720276513,111.92030225275164,108.69116964568147,108.51371946469781
2023-01-18,121.39016895542964,98.42639091165505,102.24414797464605,111.23281219287841,108.10744515788274,106.63779624772167
2023-01-19,117.1148913747307,96.8069035871881,104.40976225701668,109.15870500850818,108.15543644996947,109.14701522922003
2023-01-20,124.61752573230866,100.26712740538137,109.98650944382116,113.31857416199121,110.23423609197032,111.72838557829037
2023-01-23,134.07616141083787,101.25219287357193,111.9725835969692,113.63318223007151,112.82479809816515,114.85489548016167
2023-01-24,134.57912974526553,101.02678426971268,109.62745509553507,112.23491032083194,113.96016189244504,114.75066038491958
2023-01-25,134.98428198916665,100.42990867977713,106.84467809650154,113.23700844878547,113.42449073304653,113.43594326436998
2023-01-26,138.3304736315195,103.51446677554996,109.4254681317998,115.61407780648952,115.10354077842297,118.08562813737981
2023-01-27,142.26334815731178,103.58127319048546,111.50132962299854,119.13306714907341,116.67865518424134,121.64505858457824
2023-01-30,133.85957722349994,101.30644893151003,108.77468266532624,117.1638352473939,114.33596547207681,117.89321215062594
2023-01-31,136.47921898825982,103.43517550652415,110.90661374084831,120.17012074125853,115.36740603406128,119.424408053682
2023-02-01,146.30110289812052,105.49712186776561,112.69072684042018,122.52388941947348,116.27886836582888,122.75131785453893
2023-02-02,151.65213046115912,110.44328568346191,120.89314045810889,131.56607325054435,120.58844421052619,151.33077440925373
2023-02-03,147.39783159420998,107.83454725504174,117.57178625500606,120.47308291459228,123.53082655757208,149.53503583166236
2023-02-06,147.32099421743322,107.17504433564267,115.46226746711785,119.06315622061024,121.31604331648364,149.15827414965318
2023-02-07,154.893481949693,111.67876221514588,120.78094083242432,118.9815905074045,123.65071793695013,153.6155306960139
2023-02-08,155.11703678539337,111.33230423899442,111.50132962299854,116.58122047021145,121.4679702481285,147.04985496612605
2023-02-09,156.03912536791202,110.0342200287191,106.6090424727965,114.47214893161362,120.62842041091488,142.63266605966723
2023-02-10,148.5504857219889,109.81718269638525,106.11531575415405,113.73805751276225,120.92473065848878,139.610391253038
2023-02-13,152.20400016398384,113.24818566772812,106.16021805989911,115.98695090828643,123.19894468786461,143.8431851046605
2023-02-14,160.4680509946995,113.60296251307929,106.23876038889422,116.17338301418691,122.67841038894845,143.88327742435288
2023-02-15,159.02200201027088,112.69492191332944,108.77468266532624,117.87462598675621,124.38403679100792,142.02340841110706
2023-02-16,153.69895051680948,109.69471846130003,107.17009242153756,114.36728253891886,123.0868078476681,138.23955228885623
2023-02-17,149.40973163938565,107.98329125644925,105.86846966827224,113.26030912827456,122.15793812634577,138.59228819479856
2023-02-21,144.2892162066773,105.72786895855224,102.9959485147865,110.20741338543583,118.89879836281206,137.9509468185683
2023-02-22,144.98079265886568,105.24249241705597,102.83885522007657,111.61734007941789,119.24309990247271,137.18131989123862
2023-02-23,165.309139574948,106.60661010796319,101.98607415314804,111.65229554364949,119.63547958505896,137.91885075100294
2023-02-24,162.6685324501709,104.28426348989794,100.01119318873737,108.94896333312265,117.48139267305231,136.59613737832632
2023-02-27,164.17046680509145,104.67759534635907,100.84153605787294,109.25192550645639,118.45033785286488,135.91472836219418
2023-02-28,162.17953211993307,104.367930353117,101.054733483785,109.79958481940729,118.04195280140792,140.24371169735076
2023-03-01,158.56095104214532,103.04984155501806,101.39136690771751,107.39920589221823,116.36034685991723,139.02517172043991
2023-03-02,162.8640978625615,105.07511283858288,103.23156686505213,107.35259564324411,116.84080570034314,139.9150262472657
2023-03-03,166.88788459918038,106.82420421500727,105.08301183144233,110.58028648723277,120.94076084188488,148.50889950161016
2023-03-06,164.54069903851791,107.48533815679274,106.74368029627404,109.24027072171387,123.1829145044685,148.22831496323977
2023-03-07,162.71014268062558,106.34717274387356,105.31865609186706,109.00722836683929,121.39719922174204,147.91565903709454
2023-03-08,168.9494204680403,106.15887153687768,105.75626140586796,109.43835761235687,122.41418532269212,148.28442446697667
2023-03-09,163.74420231011558,105.5814372097648,103.5906384867776,107.49242639016646,120.58840698873811,145.65497788598222
2023-03-10,160.4533618889549,104.02062738946418,101.69433439824087,105.72128137912998,118.91480373168277,143.90731554031498
2023-03-13,160.46035924478232,106.25092932249427,102.23292887574955,107.702168065552,120.4923127392004,145.02164510177423
2023-03-14,168.12494767006078,109.12564885542184,105.44208345316781,110.5569769177477,122.18994886408719,155.5395178050189
2023-03-15,169.27776204262966,111.0714192606582,107.84332472252377,112.0950795739096,122.51025475770444,158.52975824355906
2023-03-16,178.451549253306,115.57384018260115,112.56729947911943,116.56956568546892,124.80047415595097,164.28570238652958
2023-03-17,179.7371264343411,116.92538786563887,114.02600689037499,115.2994608484132,124.11982413201427,156.81417962556193
2023-03-20,180.95983424278927,113.91263405661208,113.57718247747759,113.85457869019955,126.04168430824329,158.5778344754832
2023-03-21,183.0489055080541,114.56120454081872,117.72887954971598,117.23374617585709,127.54714434131735,162.06510121521438
2023-03-22,184.92837658807593,113.93772167002543,115.98966875588917,115.00815345982198,126.38601066242934,160.18118174611124
2023-03-23,189.97987993124966,116.18475959581562,118.49189055203323,115.0198082445645,127.26683946261417,163.76465030927173
2023-03-24,187.10128258594497,117.40241933677258,118.31236769625002,114.34397296943379,128.3238762075291,165.15150645749804
2023-03-27,185.3685289648467,115.64915542516691,114.96855802191482,114.23910657673902,126.74635479274879,162.6102531079106
2023-03-28,184.52314422177986,115.16794486856121,113.36397641484584,113.30691937724866,126.24186308449141,160.8786079462879
2023-03-29,188.53357722590363,117.3773186227778,113.76792443215726,116.81426282508605,128.74026394342138,164.62243344832265
2023-03-30,191.32134248277669,118.8585882630057,113.20688312013591,118.8534145452247,130.01350964798053,166.61859660469017
2023-03-31,194.0741877291751,120.63695288860615,116.3936254099203,120.356561737155,132.047469442618,169.9054140858547
2023-04-03,195.3877276260549,120.18924051868345,117.10052364431569,119.33116292971239,133.06444313630539,170.81131047651553
2023-04-04,191.81042293540946,120.16831889016066,117.50446302490745,121.12560862023795,132.63206243880506,172.13404852898267
2023-04-05,187.81394458174307,118.9799651498333,117.22395964233615,117.80470616829706,131.13459268290367,169.53662397618203
2023-04-06,188.90390293545752,122.01784587401774,121.65616009714581,118.92332547368787,131.85529335080523,173.2403571585244
2023-04-10,192.69076775014847,121.09308893237991,119.43444168357304,119.0515014358677,129.7492473599361,172.1580743050495
2023-04-11,189.82616511649863,118.34809790693322,118.21137853274224,116.42973493854656,128.76429681125282,171.43658530912026
2023-04-12,185.1170247670341,118.62429746494578,117.41470159701583,113.99440943712192,128.20376149742262,171.55686226819736
2023-04-13,184.8934298701363,121.2813966896665,120.54531384543898,119.31950814496987,132.57596920418143,176.64742691897558
2023-04-14,186.95457848075387,119.73315687723536,122.16112318812415,119.4476841071497,132.2957015472663,177.5613319016587
2023-04-17,188.6593693860074,120.84618227441553,118.90706630496084,119.71568192625588,132.3117193233997,175.45294973781733
2023-04-18,193.30562700915252,120.66627198981719,117.25761693902564,119.20298696753258,133.30467255651834,174.67533889825592
2023-04-19,195.1501647249672,120.69975707591878,116.8985366805804,121.53344607626249,134.23359190689143,172.9196679605664
2023-04-20,189.37201802807303,119.72059341965655,118.14404666592391,120.96247719382653,133.44882013445627,170.81131047651553
2023-04-21,189.4768181206945,119.57414201999698,118.27871039956057,124.63295206807533,132.1435636921557,170.66702008126683
2023-04-24,188.9388362996647,117.90453842131967,118.90706630496084,123.7590299023016,132.39179579680402,170.5868354418821
2023-04-25,183.34234042590128,115.24746539776183,116.52827187011756,119.51759503561289,131.14257055281365,166.38611297803442
2023-04-26,188.3379450448505,123.59540478765989,116.37117857540764,122.32580252883048,131.13459268290367,167.86915860979482
2023-04-27,190.22440012696728,127.5538371668473,120.72484533794187,127.96550930475877,134.8581735107299,191.2457944865718
2023-04-28,193.8785421943895,128.57067809526455,120.4443246819312,122.87345295178538,135.87517201894266,192.656725770446
2023-05-01,201.99029370599862,127.85932962490809,120.28723138722128,118.91167957894133,135.803085822711,194.9495029891237
2023-05-02,197.09948917967085,127.79653853817688,118.17771259933308,120.75273551844101,134.96229525922837,191.79095871916329
2023-05-03,194.2488411964784,127.37391378166754,118.27871039956057,120.77604508792605,134.0894567362162,190.01923357774345
2023-05-04,192.57202636080208,127.79653853817688,117.4708143649377,121.1838736539546,132.7601550188215,187.20540428180792
2023-05-05,200.38331889127164,129.98918284992408,118.45825052878315,123.11815898139848,138.9902014263265,186.6121638172923
2023-05-08,203.67411925123486,129.152278407268,120.92682366495747,123.31624587204149,138.93410819170288,187.00495502324125
2023-05-09,199.62174217334402,128.46186466601574,120.45553514410798,124.23677828678932,137.54878768326068,187.0851149828355
2023-05-10,201.81562688496282,130.6837756766483,125.39270732661569,128.39664744027235,138.98213670557772,186.8526807157608
2023-05-11,199.6706568954735,129.7632240216453,130.80115075653347,130.7154517642597,139.13428696795097,189.02518097536137
2023-05-12,198.00778335652208,129.2861925505116,131.85590151375786,128.47821315347804,138.38055816676737,187.4378755685684
2023-05-15,202.2907393334057,129.49121664968612,130.73381888971514,129.5735228893838,137.979605065662,191.48631138504032
2023-05-16,204.1072876259107,130.44526649137217,134.10008403528272,132.1370332429843,137.979605065662,191.4542276573702
2023-05-17,210.849667285078,131.6782015102612,135.59243146978832,134.5840135291515,138.4767888961947,194.39635484430045
2023-05-18,221.3299436218768,133.5736853337288,137.8253689822576,137.6718736262178,140.36919423079655,197.89161783615864
2023-05-19,218.4373782723822,133.4981997836046,137.7468352899822,135.45793569492523,140.45740986852581,196.92159100984335
2023-05-22,217.82255907457565,134.68916053963392,140.31639758966426,134.01305353671157,139.68760125489536,199.0700654933771
2023-05-23,214.4129372028711,132.2065610593864,137.52241876517363,133.9897439672265,137.5706492801213,197.80343694464685
2023-05-24,213.3649229229237,131.61530561887866,135.65977197332634,136.04055047210767,137.79515869850545,199.78354589728406
2023-05-25,265.3612324854114,136.67693795918356,138.55473996132477,134.00139875196902,138.7173533125003,202.57337409694333
2023-05-26,272.11042254815123,139.59984798085324,139.82268814446124,139.95572248597358,140.67390419521192,210.06897199355882
2023-05-30,280.2501634830701,138.8953380139964,138.76792875051714,141.76183185123764,142.17342114945723,210.4537546074855
2023-05-31,264.34108744518124,137.7127485294925,137.87027128800264,140.50338179892447,142.133345690967,212.21742179730202
2023-06-01,277.8677240686206,139.46983781087187,138.82404151843897,143.05522847778644,144.41067394327808,218.54255594893087
2023-06-02,274.772489121048,140.65245349653864,139.89000273784015,144.7797721298448,145.10029441814,218.54255594893087
2023-06-05,273.68250405986856,140.8788970463298,141.39357790796194,146.00326671792638,144.0017305650001,217.5645698901743
2023-06-06,270.0703194199459,139.9311485843053,142.8523112293766,147.52971458934573,143.70503569228276,217.34807876777262
2023-06-07,261.85988382519804,135.61176898591935,137.45509553507503,141.2607827872609,142.59041684122133,211.31954633855875
2023-06-08,269.0920249773554,136.40017507617006,137.05113024432416,144.7797721298448,144.79560926825005,212.10517811003768
2023-06-09,270.90885369824275,137.0417498499001,137.15212804455166,143.8242842508654,145.10832191710074,212.4018045122431
2023-06-12,275.8840271064745,139.1637165249031,138.73426281710798,147.48310434037165,147.37762267045113,217.29193224434994
2023-06-13,286.6448653629952,140.1869636376332,138.94746024302003,147.58797962306238,146.99274938179263,217.50839868696113
2023-06-14,300.44541374737383,141.46598650194696,138.76792875051714,147.3083181292177,147.505938581196,219.13585811292276
2023-06-15,298.04166177586217,145.97828526227823,140.3612739852502,148.11232936652823,149.15781672128034,225.9339310901995
2023-06-16,298.31415804115704,143.55858167341324,138.6108354558072,146.22465428805845,148.28374987926182,225.26856393790246
2023-06-20,306.1122837913864,141.76371031522748,138.12834510950066,146.5625719256238,148.3559477408577,227.93810283858932
2023-06-21,300.7808060927206,139.880829251083,135.2670430549114,145.4556074049755,147.51396608015673,225.781607423138
2023-06-22,300.64101922096194,142.45986211114035,138.18444060398306,151.6546193886012,149.95167061000495,228.3790319759387
2023-06-23,294.93918910527725,140.493084923602,137.2755554058524,150.69914039961776,149.69505119577786,231.46546189801285
2023-06-26,283.9197424652566,137.80081063777692,132.78724218312092,148.36868129088788,148.56441456858306,223.24032939376005
2023-06-27,292.6123279254723,140.3043710482915,132.7759971740653,150.52434529846784,150.8016797696666,230.11866104979313
2023-06-28,287.30870611279124,140.84116737184914,134.8518673019838,150.36121387205642,151.75590993592826,228.70771742602375
2023-06-29,285.24737054991874,140.50567458234363,133.64001461332975,149.03286178127607,152.02854712628874,225.69342653162624
2023-06-30,295.5890084359534,142.8079445593875,134.31323827759627,151.89932541821432,155.54078264144545,230.06256388595148
2023-07-03,296.3645932192684,141.73855719890705,134.53768934928362,151.7361939918029,154.32997028274477,229.29292461872652
2023-07-05,295.6938085285749,141.805645276343,136.61352493032325,151.92263498769935,153.4238182594087,235.98684888002802
2023-07-06,294.1984575637744,143.1140789459377,134.77330769954926,149.5688663094844,153.80871636259258,234.07887895506752
2023-07-07,296.99350060485733,141.4156671687246,134.06640082843415,151.2234901430836,152.9025767465192,232.90843988987135
2023-07-10,294.73653286093173,139.15531905221485,130.6664870228968,148.1356300460173,151.2427207365249,235.77043179699788
2023-07-11,296.308667787579,139.4237368648658,131.4407171241105,150.05826058871864,150.8177099530627,239.1294006457344
2023-07-12,306.76910047789005,141.4072958971992,133.44924674849094,152.41202926693362,152.17288081316704,247.98781657461416
2023-07-13,321.2684229762719,143.69698931608283,139.7441371787464,156.4903327072109,152.79034064822116,251.25060827971186
2023-07-14,317.71870709696134,144.77892703356068,140.7315733425919,156.93310784747504,152.91060424547993,247.61100553302393
2023-07-17,324.6503358530491,144.98438345192199,139.86757317676688,155.62805643618373,155.55682523210422,249.01395290466635
2023-07-18,331.8685624159466,150.75475724688135,138.8689179140249,154.77744383989508,155.3483211825908,250.16032917410996
2023-07-19,328.95472457058736,148.90536126883848,136.9276942463037,157.72547319003905,156.44689744299342,253.33496466748642
2023-07-20,318.07506480232536,145.46246296956906,133.7522142390143,151.43324070846512,154.8672047572423,242.5204285423505
2023-07-21,309.61309830229993,144.16245297382545,134.67232717276116,151.47984206744326,153.91298699824333,235.89866798851625
2023-07-24,311.7303058819319,144.72440241370353,136.36667884444145,150.0815701582037,154.56250720008964,233.77420694115406
2023-07-25,319.18609534591707,147.18605406426545,137.12967257331928,150.46609804474318,155.26011795212423,236.06703351941277
2023-07-26,317.59991229268496,141.64631600515062,145.05158280843668,149.3241602798713,155.96578101764493,239.35383866068207
2023-07-27,320.73034767911463,138.68984229389085,145.19743973081071,149.44069034730458,154.9393653970501,249.88774088786658
2023-07-28,326.669820818282,141.8979257718437,148.7656832033939,154.05500720578624,157.03229691125537,260.9267397077407
2023-07-31,326.52309000562593,140.87049957364158,148.9227851348235,155.7678782931101,157.52946833452538,255.41122608397185
2023-08-01,324.971786901671,141.04662379021042,147.6099519193814,153.4490828591187,156.85586563579682,258.7060768369492
2023-08-02,309.33357797371264,137.3395129649249,144.05292754569473,149.39408898832647,154.4261761976467,251.97212195543162
2023-08-03,311.05249712794597,136.9872776323686,144.13146987468983,150.20974612038353,153.29551475592652,251.07427117647885
2023-08-04,312.2055118065023,137.45694657674602,143.74997732861075,162.63109743711195,145.93424857988023,249.10213379617812
2023-08-07,317.35535203576984,138.43404034114437,147.5874791747096,165.71894864418226,143.4163559112635,253.77586912504526
2023-08-08,312.0936609431234,136.73143637787788,147.4416567992144,163.06222668262956,144.17813702593324,250.63334203912945
2023-08-09,297.3498316027564,135.12952348338172,145.48917084899819,160.6269011812049,142.88713652846403,244.67692395780176
2023-08-10,296.1898996907676,135.42305511060886,145.52285405584675,161.4542042080085,142.7106804384801,245.10186059089713
2023-08-11,285.477936095179,134.61788027614455,145.37699713347274,161.27942688685053,142.7588702467699,241.81498141025628
2023-08-14,305.72799007764263,135.8885318689329,147.36307992334048,163.79632699147692,144.09982238383094,245.46260508886175
2023-08-15,307.03459938735745,134.9743470964985,145.62385185607425,160.41715061582335,142.48584843126605,242.06348222095656
2023-08-16,303.86228669582323,134.6465312477033,144.41198189398082,157.38756444246968,141.7792796355689,235.92270610447832
2023-08-17,302.87007766397284,133.16730529817644,145.78093651406448,156.117450715418,139.71566648310122,228.5473728270447
2023-08-18,302.55562397117836,132.9991855368533,143.020623622983,155.23188265489773,140.10911319027883,227.0723111075161
2023-08-21,328.1861104356348,135.2685337527965,144.04170844679825,156.93310784747504,141.19311091702016,232.40344201634383
2023-08-22,319.10920455421035,135.51225696947654,144.83840265596405,156.43206767349426,142.30921863960444,230.55959018714253
2023-08-23,329.22722083588224,137.42016014412735,148.53005621640855,157.9119141859355,145.43273461466856,235.8826261246812
2023-08-24,329.55566924033155,134.46583492821995,145.62385185607425,153.62386018027667,141.62670752626417,229.87813181142934
2023-08-25,321.5548605382916,135.73080086867336,145.73607739191795,155.27848401387584,143.4172864559653,228.87608295692024
2023-08-28,327.2637414247338,136.03338499765957,147.0040169383347,155.1386621569495,144.685978695117,232.6920228068412
2023-08-29,340.8825455098542,138.01271254219535,150.99862071586315,157.20112344657323,147.8416294805495,238.8888714073706
2023-08-30,344.23657579318166,138.17242173024883,152.4685558627349,157.38756444246968,150.67608104945094,236.57205607273087
2023-08-31,344.87250724206297,137.73955231907146,152.7939529143315,160.81332439710937,150.8527232483752,237.20536417714834
2023-09-01,338.96091669634535,138.11779230574032,152.22170114013335,160.9415003592892,152.1294553937504,237.59819240278307
2023-09-05,339.23346637657016,140.17276260737728,152.3451198647144,159.95106590607418,152.32215259059612,240.62045486951703
2023-09-06,328.8700351991035,139.8912180121466,150.8752019912821,157.72547319003905,146.87004155378384,239.8348724576191
2023-09-07,323.1397349257392,138.6430863188139,151.7728508170769,160.6269011812049,142.5741881416222,239.43404797985735
2023-09-08,318.4646465941372,140.47535983694493,153.02959717475625,161.069676321469,143.07202955707749,238.80873612756685
2023-09-11,315.71134732083397,142.01763888483134,153.63551488236357,166.74435634162086,144.0195349869609,246.56083108700963
2023-09-12,313.5589660098099,139.42473250905348,151.86262088168817,164.56536498456384,141.56247512731557,241.83099859430084
2023-09-13,317.85667786110065,141.22756902074073,153.39988789537824,168.78350806175953,139.88429359032745,244.5567086982009
2023-09-14,318.5275426741891,142.33703105977546,154.95957583342187,168.63202253009464,141.1128111128874,249.89583585915565
2023-09-15,306.7804244430459,138.773371601005,154.17413527003137,163.58657642609538,140.52665480160135,240.74876510040696
2023-09-18,307.24166236342637,138.28589896648202,155.0829772845635,163.10882804160767,142.90339004258854,242.54451601789359
2023-09-19,304.1249546140017,138.11354771736123,154.89224396660353,160.37054925684524,143.78666307352339,244.56468027053742
2023-09-20,295.1730930836613,134.80202204854052,150.0672714097804,157.64389858683734,140.91207400981824,240.23569693538084
2023-09-21,286.63351469037434,134.28093332210176,146.36443329731821,150.69914039961776,139.659436768588,237.07712798562994
2023-09-22,290.7775517881115,133.2219085215221,146.15122723468644,150.45443437000466,140.349975380889,239.76268407036133
2023-09-25,295.05429827938497,133.4446577073537,147.11622520073894,152.9596885798845,141.38580811386592,241.16560676221326
2023-09-26,292.8809783158086,131.17534879315477,144.2661508817659,146.7956231704944,138.07759762639137,239.66653160651305
2023-09-27,296.77335097094317,131.44849591569724,146.47664155972248,146.7956231704944,136.84904288204334,238.6884961881755
2023-09-28,301.1130469571985,131.8056963686105,148.46270707615082,146.7956231704944,137.05784470586133,243.6748504235021
2023-09-29,303.9781703864156,132.69238302065085,146.8357045447283,148.12398415127075,137.47536150265847,240.66860514081273
2023-10-02,312.9440266284109,135.2348914597179,150.54980493968546,150.85062593128265,139.51491697276936,245.96762764217982
2023-10-03,304.10396254651937,131.70062970564697,148.59735353634807,145.32743144279567,138.43089443150262,241.25381233351555
2023-10-04,307.7657429489288,134.04138919089368,151.7504298927233,147.9841534043484,139.44263226033465,244.97355036000718
2023-10-05,312.2871298195123,134.20948275105397,151.5596620278845,146.77231360100933,140.44633018294323,244.34021757579922
2023-10-06,319.7924082161243,137.52945829488857,154.37609632360753,149.10277270973924,142.51799564889706,252.86999741417495
2023-10-09,316.37518807063003,138.60527804084472,155.31863881842764,149.45233624205113,143.7224306745748,255.2188224371133
2023-10-10,320.0439658288668,138.0043281700885,154.9146821643965,150.87391772077572,143.24066907156637,258.00865063677253
2023-10-11,327.0880330125633,139.6979189333402,157.70867826232654,153.61221428553014,144.37284419933482,262.80265058482155
2023-10-12,328.05941022172135,139.16838033188753,155.93576698821175,154.1948290627126,145.1035327137022,259.86856900959936
2023-10-13,317.68898168842725,137.72697576091124,154.1292243275666,151.23513603783013,143.6100332818618,252.27676928955458
2023-10-16,322.1194296407192,139.79038283698068,156.08167573090398,154.45118098707226,143.50565098084684,257.4555024919493
2023-10-17,307.0459233525133,139.5465941173935,156.77736350312261,153.19273093475908,142.24497383339317,259.74023409891896
2023-10-18,294.87258068759166,138.72712654860337,154.80250844887104,149.30086849037824,141.19311091702016,254.10455457513032
2023-10-19,294.20873993779566,139.23563871688188,154.56686418844632,149.61546766846254,140.88799151293603,250.76957448277483
2023-10-20,289.21922462086417,137.28149048982942,152.15438654675447,145.8517811862615,138.81632604698223,247.4346437500004
2023-10-23,300.3163632765412,138.3951447149176,153.1642436349535,147.4714495556291,138.91269325629912,251.73161739685835
2023-10-24,305.1242144166095,138.9036175814519,155.75626140586795,149.80190866435902,139.2659776541477,250.56117833166218
2023-10-25,291.95855588997756,143.16493540299814,140.94476213178424,141.44721489316137,137.38705901409037,240.1234532481165
2023-10-26,281.80472489775383,137.79418174357997,137.20821490231438,139.326497459817,134.00657622144382,231.1608392436804
2023-10-27,283.020635656362,138.60105965362848,137.08480481445304,148.84642078537956,135.07451895026367,237.8788263007345
2023-10-30,287.63987867866956,141.7528761343957,139.6543584774154,154.63762198296874,136.73662067480495,242.63267222961485
2023-10-31,284.97733137140295,142.08907635529772,139.2279808990307,155.08039712323284,137.12206469754722,241.51835500805086
2023-11-01,295.7740644608704,145.43425741777847,141.88731326332407,159.63644894799788,139.69153435716822,250.00000925492145
2023-11-02,304.0271251697426,146.3797918815435,143.05428091967246,160.88325310556453,142.58222804784563,249.21432812386146
2023-11-03,314.5023805031232,148.26248953754816,144.8608322170373,161.5008233469786,141.84349962725483,252.20460558208737
2023-11-06,319.71551742441756,149.82998720466213,146.15122723468644,162.82918432775494,143.91516509320863,253.16657445679934
2023-11-07,321.1411619055936,151.51097520859074,146.95914054274874,166.2899175266182,145.9948332435978,255.58766190636698
2023-11-08,325.4667830577991,152.63305310752997,147.93534897097803,165.55581721777085,146.85398655586238,256.35722713422035
2023-11-09,328.0943702933935,151.5782204930037,146.14003404594908,163.83128245570848,146.4685673476455,256.97449337480276
2023-11-10,337.7729152386519,155.35201327770127,148.77687639213127,167.28035197983323,149.86958416004478,263.56421956054794
2023-11-13,339.76457102536506,154.09551031284317,148.2158523535493,166.15007788969987,148.58314953524564,263.90090126276
2023-11-14,347.0042703901146,155.60417326881384,149.93260767614373,169.89047258240782,150.70575922180655,269.60879385359686
2023-11-15,341.63743200780175,155.66731807124333,151.05472484706527,166.86086862906217,151.1640462838046,266.7227391507178
2023-11-16,345.77439162731656,158.40448804958413,153.64672534454033,166.4297393835446,152.53089237810067,267.9092694393301
2023-11-17,344.5025821444839,155.74315733706578,151.828954948279,169.168018168307,152.51480015839113,268.5906784554622
2023-11-20,352.2663888022009,158.93926688360355,152.8837229789428,170.27500046894727,153.92988569002773,272.54287542881906
2023-11-21,349.01689153684504,157.09908061429672,153.6916017401263,167.67652576111922,153.27862847140477,270.1459001345851
2023-11-22,340.4354091309885,159.11193254667836,155.39716387398335,170.95083574407798,153.81730218837438,273.7614154057299
2023-11-24,333.86660128679233,158.93506159696872,153.37743242414587,170.9857912083096,152.73992993990976,271.14799834867523
2023-11-27,337.1230692005107,159.43192734836765,153.06326310816542,172.13935708793602,152.59521162788806,268.31811484900936
2023-11-28,334.1810282721218,161.15424768666657,153.94970147178338,171.32369995587894,153.08565831477983,271.7572436573401
2023-11-29,336.41024695992263,159.5330376357433,151.46992651015202,170.49639692907533,152.25751075197874,266.3139677804101
2023-11-30,326.83647539982076,159.55828245613367,148.70956179875233,170.22838132997717,152.7238377202002,262.2655443038334
2023-12-01,326.80151532814864,157.70546722634097,147.9577698953316,171.32369995587894,153.76106006659847,260.3976296788795
2023-12-04,318.0313713896014,155.44416276738778,145.05158280843668,168.771844387021,152.3057501893193,256.549630781079
2023-12-05,325.43951473604415,156.86746233484587,146.98157874054172,171.148922634721,155.51378443783096,255.1627252732716
2023-12-06,318.01043273704914,155.3009603119196,145.89314477646872,168.39898017522003,154.62939475325396,254.48931250926648
2023-12-07,325.6491416287521,156.2063283930604,153.64672534454033,171.148922634721,156.19722609587302,261.816569554776
2023-12-08,332.0089635594,157.5875488930074,151.46992651015202,171.77813877088158,157.3550222210973,266.7548475581784
2023-12-11,325.86579258475246,156.353723034582,149.5623515024006,169.99533897510258,155.3208390957314,260.76644446834274
2023-12-12,333.0642823310222,157.6506936954369,148.69836861001497,171.84804969934478,156.55098196970383,267.9333322350827
2023-12-13,336.07640364754536,157.64650150938348,148.7544727412171,173.43276260448079,159.16407556494454,268.3501985766795
2023-12-14,337.90749415473744,154.09243167621023,148.04752268650347,171.77813877088158,159.28464934377058,267.09152926039053
2023-12-15,341.68144591010565,156.1136941818615,148.78815594806568,174.74947769051062,158.85049440770553,268.4945259916139
2023-12-18,349.9770783181722,156.9221965640057,152.37878579812357,179.52692597540369,157.4997157185936,276.27068374680925
2023-12-19,346.6714152539419,157.17908586500977,153.3325560285599,179.20064534258887,158.3439555011042,280.8722306884187
2023-12-20,336.2371558793213,156.06738362655273,155.22886875381633,177.25471412039846,156.64748565891034,280.0063895977645
2023-12-21,342.38027343903883,157.29699109776192,157.5628040665131,179.25891037630552,156.5268746582962,283.8624341072731
2023-12-22,341.2620318798997,157.7349304339476,158.76344629299035,178.7695160970713,155.65852756437803,283.30131439011336
2023-12-26,344.40007889385157,157.76862512935185,158.7970949529601,178.75787020232474,155.21633272208953,284.4557115914744
2023-12-27,345.3645121621122,157.5201857033617,157.50669993531096,178.67629559912305,155.29670696979844,286.86065845804495
2023-12-28,346.0982997627175,158.02969351582792,157.34959800388134,178.72291473809315,155.6424601591939,287.25351136347024
2023-12-29,346.0982997627175,158.34972761926147,156.74366302283462,177.0449813350089,154.79820796942056,283.7582113519262
2024-01-02,336.6354710121849,156.17265989881898,155.03811816241696,174.70285855154052,149.25853887980162,277.60943898332096
2024-01-03,332.4492361197632,156.05893375153883,155.879680130449,173.0016333589632,148.14092987843176,276.1503697680464
2024-01-04,335.4474695544914,154.93883404039354,153.04079036349364,168.45724520893668,146.25952978583638,278.2747814558275
2024-01-05,343.128109166229,154.8588287896805,152.30024346912847,169.23794687676218,145.67256700247543,282.1469171887522
2024-01-08,365.18465608062877,157.7812671904192,155.78991006583772,173.73573366781054,149.1941824082261,287.526025610342
2024-01-09,371.38369907203577,158.2444906487395,158.15749403850424,176.38079195462475,148.85650634684217,286.53999393987743
2024-01-10,379.8401905417382,161.1837108942732,159.64988465660835,179.1307344141257,149.7007337220901,296.9937608872582
2024-01-11,383.13882954267604,161.96696845602705,159.42546813179982,180.8203137119565,149.21831453415908,296.3524318509232
2024-01-12,382.3561138662087,163.5839863208969,160.06505177281628,180.16778800631084,149.48365625405756,300.2164479327683
2024-01-16,394.04137760843463,164.34195976051612,159.88551164359367,178.46656281373353,147.6424556925793,294.5807437291891
2024-01-17,391.74207853249953,164.00506520879904,158.74099082175798,176.77698351590274,146.87860256504027,295.3102536570359
2024-01-18,399.10823774397767,165.85788043859176,160.9963665320202,178.86273659501953,151.66255769144513,301.5311650533179
2024-01-19,415.7694761183851,167.87919534656868,164.25042341518352,181.00675470785293,154.0183370657481,307.3994269229243
2024-01-22,416.9086563300765,166.9695957776302,163.81283537462204,180.3542290022073,155.8916972521201,306.06057296725055
2024-01-23,418.43923444119906,167.97604794498383,164.99098758298808,181.79912005041695,156.92890719125566,308.80232493498573
2024-01-24,428.845477685045,169.5172527451941,166.85361710139594,182.78955450363196,156.38215634627454,313.2115175893175
2024-01-25,430.6276134089101,170.4899840159806,170.41066738524177,183.81496220107053,156.11681462637608,315.1996227940818
2024-01-26,426.5321571899901,170.09416304905028,170.76969582336872,185.4113210009531,154.70979381548824,315.96926206130667
2024-01-29,436.55410672009225,172.53229915596884,172.25087597929604,187.9049115360944,154.1550030642837,321.4846276063324
2024-01-30,438.7136456317337,172.05647293832547,169.95058932656906,185.27149914402673,151.18817840973756,320.71508705826955
2024-01-31,429.99862590092624,167.42019027546462,157.20374108150733,180.84362328144155,148.26152847178318,312.76256752005065
2024-02-01,440.48178664394396,170.0310051460394,158.39313829892896,185.59776199684956,150.23943225358508,316.4823302263328
2024-02-02,462.3776347414978,173.16396989014768,159.76209291901262,200.198086890643,149.42737691049356,380.78401894716876
2024-02-05,484.5460592267415,170.8184417932652,161.22080033026816,198.45024255909559,150.89871697116882,368.29404588330914
2024-02-06,476.7955528865896,170.7510655030381,161.69208885111763,197.09857200883417,152.20125622294015,364.5342525568109
2024-02-07,489.90640769506166,174.35566427873636,163.30784637348458,198.70659448345523,152.28967037687246,376.45503561201224
2024-02-08,486.70557143091787,174.38094840087098,163.72303076313193,197.9025832461447,151.4132957839935,376.78372106209724
2024-02-09,504.12166959580793,177.09280805591433,167.1902764354876,203.2742922029668,152.0331750352723,375.26860404256206
2024-02-12,504.92524380243265,174.86521139294683,165.54081843283265,200.81565713205705,150.66459192419956,375.901887467189
2024-02-13,504.0866828166707,171.10057591465966,162.8590305973069,196.50431133690515,148.96596321829753,368.86328525154846
2024-02-14,516.4707740878299,172.75434091040393,163.7567139699805,199.23094422692108,148.24945620518534,379.413229342568
2024-02-15,507.7907411361596,171.5182486513934,160.1996636861347,197.85598188716656,148.0160011504014,388.0310913532935
2024-02-16,507.47618061350516,170.46356014326273,157.67501232891738,197.51805535960523,146.76817792709505,379.44521435107606
2024-02-20,485.3847804572932,169.92775946389276,158.348261903343,194.68655607689456,146.16439089552583,378.18664375394917
2024-02-21,471.54694845178835,169.6704116425391,159.95284351041198,196.44604630318852,146.77623024058119,375.6025462880269
2024-02-22,548.8848765373986,173.66557805201953,161.68082656862262,203.42577773463168,148.42656988009188,390.128133153393
2024-02-23,550.834628311542,173.11294312552886,161.534986919688,203.90352611911936,146.93723928851546,388.44279961867255
2024-02-26,552.7565509071658,171.93168990032947,154.36490313487013,203.6005550557896,145.84239761418266,386.6050436977286
2024-02-27,550.0238965043,171.9063664764506,155.83480373486307,202.21392904129664,147.02577751507465,390.8664044068728
2024-02-28,542.7695080338058,172.0076077696404,153.02959717475625,201.77115390103245,146.05168332124555,388.4347540069645
2024-02-29,552.8963377789245,174.50515501328465,155.363532487453,205.9659696287511,145.5122899830399,393.33815946636867
2024-03-01,575.0298288999609,175.2898143372501,153.8824041518439,207.66721260132041,144.6347987365188,403.1048163660082
2024-03-04,595.7025819308242,175.0451347781266,149.6297006426583,206.92146639772653,140.96378748071214,399.8064857625682
2024-03-05,600.8116665685168,169.8687151434468,148.86668100362138,202.88976431642732,136.95466590932733,393.41039721320743
2024-03-06,619.9338375969799,169.6324461575929,147.4416567992144,202.17897357706502,136.14959585513057,398.1212262672193
2024-03-07,647.6735461090362,172.60669735783546,150.7854319266708,206.03589833720628,136.05300531508522,411.04173827662134
2024-03-08,611.7424444247699,171.3747972848783,151.9411804841227,204.32300946989042,137.44573295935362,406.03403602249887
2024-03-11,599.4836111644147,170.65761905579132,154.47705957695618,200.37288199179292,139.07192806566866,388.0897305355582
2024-03-12,642.3898480652377,175.19700981849275,155.40840888303896,204.3696108288686,139.4583522621635,401.05844217583694
2024-03-13,635.2259979010603,175.12105264743752,156.8558712852389,205.7329272738765,137.76773864795948,397.70386632981223
2024-03-14,614.6500861382515,179.390453527718,160.5699889536355,208.28478284273447,139.27319868103353,394.7024582860638
2024-03-15,613.9022771185263,175.67794526288873,158.41555922328251,203.2393367387352,138.96726039761182,388.4989955016763
2024-03-18,618.221461771669,176.05763941409484,165.70911355299967,203.30924766719835,139.85280395761905,398.8354347249465
2024-03-19,624.8122231520871,177.78313009309664,164.9797598473719,204.96387150079758,141.75271568614863,398.24156492577276
2024-03-20,631.6196354885057,179.3947112166785,166.89852804386072,207.5856379981187,143.83780581033352,405.688938511721
2024-03-21,639.0489578546855,181.1412545300173,165.61934348838835,207.5856379981187,137.96095694983825,407.48656509328686
2024-03-22,658.9959088169754,180.87546993423115,169.17639377223415,208.42460469966082,138.6935313681346,408.94711509599233
2024-03-25,663.9791478796343,178.39484864177757,168.39091866196483,209.40341103812128,137.54234831392432,403.68261962155646
2024-03-26,646.9187397334836,177.8843713862865,169.06415096295106,207.76043309926862,136.62459549997268,397.96070890970674
2024-03-27,630.7669729612289,177.7915275657849,169.2885674877596,209.54323289504765,139.52274595552703,396.33159593778055
2024-03-28,631.5078380400566,177.49200897285021,169.35588208113853,210.18411270594677,138.04950758366016,389.6867351000238
2024-04-01,631.5567661159187,179.1162452580808,174.47258575614913,210.871593875824,136.88220749521497,394.31725611569834
2024-04-02,625.1895996323984,177.79577215416398,173.42906273454093,210.54533102300118,135.92418070657004,399.1483744686827
2024-04-03,621.7789495232918,177.37811251801165,173.83300211513267,212.54952727890824,136.57625680453057,406.66798580146974
2024-04-04,600.3991964792083,176.2939083999487,168.90706630496084,209.74131978569065,135.90810089412318,410.0225369677039
2024-04-05,615.097382761907,179.51703134536814,171.11756561963713,215.64904216071707,136.51989061012776,423.19981751762896
2024-04-08,608.9818540135244,179.12468203251328,173.75445978613755,215.78886401764345,135.6102149241876,416.7075518246294
2024-04-09,596.5481936873434,179.83764187438402,175.7181043782123,216.34816922534088,136.5923738387655,414.8216209525992
2024-04-10,608.3249037896958,178.5635710298459,175.2019394617769,216.67443207816368,135.0708464005073,417.1729633141701
2024-04-11,633.324907128129,180.5337412679712,178.87114618770875,220.2866508086918,140.91547359979543,419.84538975034724
2024-04-12,616.34136306622,177.98983106669257,176.98604392462906,216.88418264354522,142.13111238368268,410.8089831722699
2024-04-15,601.0701414146918,174.50515501328465,173.76568752175373,213.95944508289432,139.02361418475195,401.44361966641185
2024-04-16,610.9527580999402,174.9016834116115,173.24953987875773,213.6098904405784,136.35891878398155,401.06643842796393
2024-04-17,587.3296314116111,173.74574050970958,174.45014755835615,211.2328121928784,135.24793526088845,396.58036822617646
2024-04-18,591.7746082248576,170.55214627480382,175.05606526596347,208.83244215568536,134.47508686789882,402.70354765201716
2024-04-19,532.5699805689839,168.3794934502988,172.90167008248932,203.48404276834833,132.83281194913693,386.06736978155857
2024-04-22,555.7598053453122,169.1557291004132,175.35902411976713,206.513628941702,133.50904498755582,386.5969980860205
2024-04-23,576.0631941353612,171.9443450619782,177.5807511700596,209.20530636748632,134.36239170088123,398.1291731597653
2024-04-24,556.8711563784838,172.5729371595241,178.5569595982889,205.7678827381081,136.06909753479476,396.0426943100064
2024-04-25,577.5239322255344,168.34573325198744,175.04483753034728,202.36541457296147,136.76949992093472,354.2154593837592
2024-04-26,613.1894014630082,171.41699425762215,192.94205538382877,209.29852686543455,136.2945126833553,355.7482471333035
2024-04-29,613.3431296314917,169.69996655421565,186.43397616438097,210.85994798107745,139.6757026899752,347.18537169584647
2024-04-30,603.8729296206218,164.2493124487358,182.65257844948425,203.91517201386588,137.12371486348508,345.2192068248506
2024-05-01,580.382432203434,166.6160372863508,183.86441386469886,208.5760902313257,136.2945126833553,352.4579127819905
2024-05-02,599.7842303903443,167.8394481825498,186.96138608987198,215.24120470469254,139.2973308069665,354.45616138065657
2024-05-03,620.5558544566013,171.56043252355582,187.65705658865116,216.97740314149345,147.6295769539066,362.7060723945869
2024-05-06,643.9764317304448,174.46293183937794,188.62203728126428,219.8788133526673,146.2851507832922,373.7165907362062
2024-05-07,632.8916052161281,172.69107820274172,192.15659754699888,219.94872428113047,146.84062393394473,375.771035217876
2024-05-08,631.8991024021628,173.1973108698537,190.05830649472685,219.06315622061024,147.11435296342196,379.2700371979973
2024-05-09,620.2622325864992,173.94826239783347,190.70913514479892,220.81100055215765,148.58759133528883,381.53314930847534
2024-05-10,628.1669478295044,174.96920380823423,189.2391827244878,218.4572318739427,147.56379364712168,382.15907815552873
2024-05-13,631.8082970211963,174.53887590985175,189.78899630089293,217.39688649226449,150.16763142439532,375.5864550646108
2024-05-14,638.4968611384083,175.73700268391613,191.13551272318364,217.97950126944698,151.09466487083947,378.66814646690597
2024-05-15,661.3792295777697,178.8095737476925,193.57041128922904,216.7210512171338,152.9407166720297,386.4445510200065
2024-05-16,659.4851895755957,177.92628014623918,195.44430309013194,213.97110875763286,153.03746850649003,379.7756520662877
2024-05-17,646.3456509497241,177.5966171154642,197.55382187802016,215.2178951352075,153.06165026147374,378.71629673820166
2024-05-20,662.4276044084944,179.76475023938036,198.51878529719386,213.86622458494608,154.0048255566782,376.25256261062333
2024-05-21,666.662981036498,181.32854044195335,199.56236013912027,213.41178576994344,155.06088212784059,372.87394864863643
2024-05-22,663.6156592811178,181.95401460112203,197.91290213646536,213.38849398045036,153.89195668798297,375.4018995911361
2024-05-23,725.4624564484707,180.46633877658124,194.73738758229715,210.96481437377227,150.65129133859537,373.796874094753
2024-05-24,744.1232293117633,181.80185134796466,196.35321419842174,210.61524195146438,153.15033737518527,383.7801701955374
2024-05-28,796.0663643114555,181.86950275040158,197.9353403342583,212.2465562155785,153.15838968867138,385.1445183748136
2024-05-29,802.5242293460824,181.38347117983443,197.37429902223695,212.0950884639056,153.4002072385087,380.6824616091976
2024-05-30,772.2963465656803,175.25521570172805,193.12157823961198,208.94897222311863,154.20636913182227,374.8160260440893
2024-05-31,766.2367966639171,175.44962832995492,193.5592353739311,205.59310541695015,154.9802721421406,374.63946682274167
2024-06-03,803.7473778277028,174.76918413116093,194.31102727735183,207.8070344582468,156.41519688681927,383.19432132828115
2024-06-04,813.7906132074024,175.84691656200394,195.00669777613103,208.9722640126117,156.67314387815424,382.7930772940806
2024-06-05,855.7463848441547,179.20264359252528,196.82445089895296,211.2328121928784,157.89847273420276,397.29455200411314
2024-06-06,845.6679490255981,179.4181874585776,198.30559650800149,215.56746755751539,156.77794802610066,396.25133725902424
2024-06-07,844.8992547682506,179.13503149183262,195.7584896795518,214.7518104254583,158.7207640690139,395.60931718855477
2024-06-10,851.2033382194641,180.83401969462807,196.60100168675137,217.96783759470847,155.6816050729823,403.34556772248663
2024-06-11,845.1224223457085,182.86691551657754,198.40965170700446,218.16592448535147,166.99173074552573,407.2538346687259
2024-06-12,875.1080684186496,186.40860530031182,199.72398771167522,217.76975070406544,171.76409748857773,408.3532946563996
2024-06-13,905.9325959669325,186.62836755358038,196.7695213616307,214.20415111250742,172.70727278378217,404.54937386445965
2024-06-14,921.7991804280219,187.0467870234549,198.60059230623733,214.00606422186442,171.2965422013499,404.99921240618517
2024-06-17,915.5085041242336,189.49807611411603,199.10613405743592,214.47214893161362,174.66616863914226,406.98344288383845
2024-06-18,947.6610870766182,188.64014523828584,196.69087539199913,213.01561198865744,172.7475715730008,401.2477114893001
2024-06-20,914.1105285767873,188.369657533771,198.05017415945287,216.8492271793136,169.03127380837392,403.023126259402
2024-06-21,884.6838697460909,190.09400846218955,201.79099656517656,220.32160627292342,167.265819585621,397.4641021649544
2024-06-24,825.5511920009006,189.20227808630375,201.33043485020045,216.23165693789957,167.7898155108278,400.7818064039491
2024-06-25,881.3289848238836,190.588503008352,206.7338085256515,217.12887089316632,168.53952435889968,410.172590094038
2024-06-26,883.4957080436075,191.0999104051237,206.56532339765099,225.60009473179727,171.90917561121745,412.19692523127895
2024-06-27,866.6505620652777,191.39151624688256,208.28406516577752,230.54067444310178,172.5944287296123,417.37020419996975
2024-06-28,863.5052773283134,188.89795157998907,204.62190600312476,225.18061138102618,169.78904737719463,405.04741203706186
2024-07-01,868.8174455297914,193.03135532458066,205.5655194511883,229.78326456476935,174.73066159060735,405.41694254045
2024-07-02,857.4241477948381,194.10906155426085,208.0930900196658,233.0459108729896,177.5682770114949,409.28893019463163
2024-07-03,896.6363683830085,194.7388065029714,208.74462688075366,230.237703379772,178.60012701314815,409.6584113384387
2024-07-05,879.5115952462314,197.60852816408845,214.11436916967438,233.0459108729896,182.46155252946554,433.7177025607689
2024-07-08,896.077060651184,197.05062680386817,212.35064736532547,232.21859006619403,183.6546473170442,425.2106281296673
2024-07-09,918.3043483892661,194.21894923118583,212.2944914138051,232.27685509991068,184.34790311987445,425.7568906129368
2024-07-10,942.9779865055192,197.05487139224726,214.7659060307623,232.80120484337647,187.8143062066525,429.5243593542853
2024-07-11,890.485372121119,192.17341134816903,208.46381257627306,227.27802813488148,183.45310374190015,411.8595278151419
2024-07-12,903.3463518871429,191.68735357643908,207.90213214699352,226.62550242923584,185.84732081601823,400.74964863690735
2024-07-15,897.7545565272177,191.86063496684048,209.54224521892792,224.56304113961215,188.95902507700103,398.57269367511884
2024-07-16,883.2161343000902,189.98413388584598,206.61025161355516,224.91261356192004,189.29764409034945,393.4556105894317
2024-07-17,824.7124707703488,187.44830674330157,203.3524809409188,218.98158161740855,184.50916031306252,371.12343578716474
2024-07-18,846.3803973616765,186.11699945855298,199.61162398831624,214.1109306145592,180.72028006169637,382.2573777611518
2024-07-19,824.2931101550729,184.73918510977435,199.57795805490707,213.38849398045036,180.82509661690548,383.01248063176314
2024-07-22,863.5052773283134,187.20315556324704,204.08266377163824,212.71265870531968,180.54295546332412,391.5356462862808
2024-07-23,856.8649468928735,188.01040028957524,204.21746569279014,217.21044549636807,181.38937892406824,392.57192601023485
2024-07-24,798.5710972080951,181.2693520151118,193.9273841880663,210.70846244941256,176.17366346329754,370.5450155368536
2024-07-25,784.8013692383151,176.83164796536835,187.9173673205527,209.5665424645327,175.32721518802802,364.23096261116626
2024-07-26,790.2533243115516,179.7351560259596,187.6028179889053,212.654393671603,175.70609576880705,374.1037672898129
2024-07-29,779.9785352103873,180.35223271244,190.44493788903026,213.4700508036601,175.93182109893485,374.11176354193987
2024-07-30,725.039623862746,178.7419878481627,191.2986949052854,211.7338701468512,176.38325935192773,372.087428404699
2024-07-31,817.9324068780803,176.81050362696146,192.7029391620827,217.8746170967602,179.02739591842,381.4379593564572
2024-08-01,763.3429894173005,176.28644106854105,191.82669212771634,214.48381260635213,176.02856052613245,399.8419259417484
2024-08-02,749.7830218775536,172.6433265834771,187.22086769668186,195.642035065878,177.23777234794605,392.1301084004269
2024-08-05,702.1135085957308,167.0053079625727,178.89671087803484,187.62526782224168,168.7007567375624,382.1609784993984
2024-08-06,728.6742427732604,168.8902720191625,177.81827823537998,188.68561320391987,167.05622369699083,396.90984342955795
2024-08-07,691.3493853210164,168.3915721863652,178.54847833953883,189.66441954238033,169.14414267706917,392.7567282816147
2024-08-08,733.7067838162911,170.19202439223454,182.0196796295193,193.19506366970677,171.95757634297297,409.3933997478836
2024-08-09,732.1691282269461,171.5993936526897,183.86201285662096,194.52342465048312,174.31953453409582,415.9323596045384
2024-08-12,762.0150942579885,171.93328817126232,182.31175621649493,194.36029322407174,175.56244448137673,414.470279454821
2024-08-13,811.7815708609805,174.97627812219935,184.41246555028428,198.35702206114735,178.58089575597793,424.58395888889856
2024-08-14,825.3415918156575,176.18078487941372,180.15485638430638,198.20555430947445,178.9440811494535,423.15420926475633
2024-08-15,858.75225661387,178.26390833051562,181.19960582011268,206.93311229247306,181.36529642718602,431.64514311286075
2024-08-16,870.7744617344123,177.18001862640668,183.06441179188616,206.315542051059,182.43871075885238,423.6842818054476
2024-08-19,908.6585735035508,178.47558752504995,187.23212997917688,207.66721260132041,182.30955115424453,425.17844568283516
2024-08-20,889.4368904605342,179.86013557267685,187.80502087063317,208.43626837439933,182.80993605855136,423.12997371047015
2024-08-21,898.1740773872834,179.5806870704729,186.31095472890632,209.86949574787047,182.7211745012637,429.90191078959106
2024-08-22,864.9030926309697,175.9436774563492,184.00804251338906,205.23188709989574,181.21194266033177,427.30727505311864
2024-08-23,904.2551535058288,176.46869635721302,186.05257862221865,206.2922324815739,183.07628276672776,424.1501868907987
2024-08-26,883.9150686588833,175.07148004735598,186.65918726740233,204.49778679104838,183.35069419565298,418.6233946027643
2024-08-27,896.7762086696972,175.219673824344,184.99660145079616,201.72453476206238,184.03669174980928,417.0007970955342
2024-08-28,877.9738328270266,173.84785954185432,182.940820332911,199.0212114415315,182.79381902431643,415.1370780349679
2024-08-29,821.9165196754564,174.91482329477265,181.7388307781598,200.5593052076974,185.4571496261909,416.29377045684697
2024-08-30,834.3582456560641,176.61689013420104,183.5362185159179,207.9934754541432,184.81957761831552,418.77601442731196
2024-09-03,754.8855898937884,173.35670564395318,176.77352879957368,205.37170895682212,179.79150959847553,411.1044002647401
2024-09-04,742.3740505996961,173.12807429706538,175.75125210843922,201.96924079167547,178.24192933927418,411.8916855821836
2024-09-05,749.3637146772076,172.91215051415196,176.63874415186115,207.28268471478094,179.47674975128092,415.20129484988917
2024-09-06,718.7488407290978,170.07958210193325,169.5390150857583,199.70869261140876,178.21771036250237,401.8742820109068
2024-09-09,744.1913333474882,171.7816751425245,167.27807732800622,204.38125672361508,178.2903548855551,405.50529619049536
2024-09-10,755.5844708376516,175.37208598854826,167.2218522827282,209.2169700422248,177.64468093514282,405.50529619049536
2024-09-11,817.1636057908728,179.1149351999391,170.03395094515943,215.00816234981795,179.7027108193998,411.1606208275344
2024-09-12,832.8218720250387,180.79160001200015,174.00473464974215,217.8979266662453,179.79150959847553,422.22230037489214
2024-09-13,832.5421914516616,182.3115949708964,177.1206040176293,217.30366599431625,179.57358843658005,421.4350644170297
2024-09-16,816.324831145391,182.629179265605,177.7954772953594,215.43929159533553,174.58586883500953,428.80050109846667
2024-09-17,808.0063638547579,184.24231935837545,179.21283209266855,217.75810480931895,174.96520848450808,431.24488627028086
2024-09-18,792.4879379072805,182.40475320535202,179.76402754422648,217.23373728586114,178.11279454919173,432.55548186581433
2024-09-19,823.9442572473712,185.74114377770198,182.38490923239425,221.24212979767526,184.71464939774216,449.5618319142145
2024-09-20,810.8724487527146,184.29311031252877,184.01598829551747,223.25798972832084,184.17389126064054,451.37095927816057
2024-09-23,812.6898383303669,183.54793614095388,182.0587348760242,225.91471168987357,182.77766476829345,453.83148503297195
2024-09-24,844.9150655875249,181.71038308851186,182.55367073542533,226.0079321878218,183.50403555524454,452.96305256431356
2024-09-25,863.3693897464433,182.95517413358323,181.65379363594673,224.3416446794841,182.6969431172292,456.96739793502957
2024-09-26,867.0742492898819,182.61645860104917,183.048589321387,222.7452858796015,183.6251056245782,456.5894516230757
2024-09-27,848.6199251309633,181.22346067840837,184.42094680903435,219.02820075637862,183.8430019719483,456.2035584185758
2024-09-30,848.8995522894106,182.18881632185716,186.55817219373546,217.1172249984198,188.04784811227532,460.28826118721025
2024-10-01,817.8627003944559,178.1199591419067,187.84051778861974,215.71895308918027,182.56782073440945,463.52866832231047
2024-10-02,830.7946686024238,176.6126586464034,186.56939992935165,215.2878060636707,183.02784481318415,460.5857513820837
2024-10-03,858.7557819992487,176.36285675994588,186.56939992935165,212.02517753544242,182.13201563240656,468.5944421235158
2024-10-04,873.2256194562814,176.15962744042542,187.91923285200895,217.32695778380932,183.04401147646985,479.1841453570558
2024-10-07,892.7984522489888,173.3990467230926,183.32980091497407,210.673506985181,178.919849765419,470.2105735256309
2024-10-08,928.9381926497585,175.58800977146169,184.90462038594046,212.91074559596268,182.21273728347077,476.73166521395245
2024-10-09,927.260536528935,176.75237634721466,182.0699798850798,215.76555444815838,185.2553703130557,474.8179942573829
2024-10-10,942.3595484462064,176.066443004807,182.31745645150005,217.49008921022076,184.85182409404803,469.446734009177
2024-10-11,942.2895748879322,176.26971162607168,183.62227479105616,220.01865298958566,183.64929978682463,474.36773615921874
2024-10-14,965.1479600237324,177.46368551582688,185.55705546587762,218.52714280240585,186.6758405967,474.7455343924295
2024-10-15,919.9206841704722,177.29432119926912,186.11947865305174,218.70193790355583,188.7338580736943,471.40872799557593
2024-10-16,948.7206256277088,176.1850163672114,185.7820247407473,217.76975070406544,187.063220152422,463.7859798182247
2024-10-17,957.1788797901007,176.439062842048,183.27355859625666,218.51549690765935,187.36183815085633,463.8985690225563
2024-10-18,964.6585724352522,177.0487639011907,183.8247540478146,220.21673988022866,189.6619957665179,463.52866832231047
2024-10-21,1004.5731993526645,177.3112471504598,184.5559387380198,220.3099603781769,190.8564677602552,462.47533486311016
2024-10-22,1003.7340508026729,181.0075630966578,185.75951744919666,221.04404290703226,190.3560828559484,467.9832717911907
2024-10-23,975.5634440504648,179.775453414398,183.10484891354383,215.22955880994604,186.23999827290902,453.25254650705995
2024-10-24,981.5052140316213,179.83047585634898,183.03736158577084,217.17549003213645,186.08666932058014,456.5412766719895
2024-10-25,989.4042138771188,181.27849622094078,185.9057543872377,218.86506932996724,186.76460215398765,460.93956085891347
2024-10-28,982.2739617038989,180.61801730822614,187.5368161769215,219.51759503561289,188.37068508748146,464.88753758809224
2024-10-29,987.3770104545036,182.88743102707642,190.86637526374383,222.36075799306207,188.58858143485153,477.0452959918231
2024-10-30,974.02552138647,183.13298832515486,196.24323420970128,224.5746870343587,185.70734207834428,475.8552364931671
2024-10-31,928.0294978609323,172.04841608075407,192.4749470353164,217.19878182162952,182.32570541026755,456.3804631569907
2024-11-01,946.4837151899909,173.75046981960108,192.67739174519605,230.63387716105802,179.904490132535,456.04264618441493
2024-11-04,951.0275096237011,172.9417709287356,190.37147395122153,228.12864073117018,179.17810693832118,450.83229817036994
2024-11-05,978.0099546734258,174.21196400117432,190.93387986495625,232.46329609580712,180.34032004906328,460.28016621592116
2024-11-06,1017.8546080325639,177.90400915783042,198.5491692771152,241.30738414623903,179.75113636568074,459.9746304093396
2024-11-07,1040.712886338504,180.12686341032503,203.3185731793579,244.75647145035575,183.5927971125322,475.7748297356677
2024-11-08,1031.974737943015,178.90324290482334,200.6189418809221,242.5774800932987,183.37466502717098,473.87720064293325
2024-11-11,1015.407883749883,176.9852391819001,202.8686691764974,241.01607675764777,181.1689266805839,468.9160197939324
2024-11-12,1036.5883991051398,179.11071681272287,204.29721716254394,243.42811046957937,181.1689266805839,470.2428053320441
2024-11-13,1022.4680555349686,180.02948678865317,201.2150828218236,249.47565470153216,181.88801440433568,466.36714038907564
2024-11-14,1025.89334133489,180.74504054564446,197.50307251303497,246.42274117870144,184.39269333818706,464.0835193726792
2024-11-15,992.4798455453886,175.71080152108232,194.02725921473217,236.0871607210818,181.79103923914695,445.52535345624733
2024-11-18,979.6876107942493,176.0325911024257,197.18810861884168,235.02679755941162,184.23110114890633,445.78261559258056
2024-11-19,1027.6409710139876,176.89210714860738,200.3602030320068,238.4176198298117,184.44116851351873,451.1619214524945
2024-11-20,1019.8118378969048,175.91827542898181,197.95301106277427,236.4017776791581,185.022907839287,454.72400497717337
2024-11-21,1025.264220289581,175.15887402598815,188.56044019632992,231.15824468451584,184.63508162210815,452.77005660248255
2024-11-22,992.2701385302854,176.91102438817336,185.33205164412914,229.69004406682112,185.7258164924904,449.5939156418847
2024-11-25,950.8178026085982,177.67042579116702,188.58291294100172,234.73549017082038,188.1496993317014,454.3943323354677
2024-11-26,957.1090130616863,181.5734951132866,190.2364474753573,242.2046158814978,189.91913628577797,461.17268616012257
2024-11-27,946.064407989645,179.45224897026156,190.3601943952871,239.73433491584154,189.81409639984042,457.6830625003972
2024-11-29,966.4060952844899,179.65163981942683,190.04524777453324,242.23957134572936,191.7532026712092,461.79989835628277
2024-12-02,969.0624197524137,182.84197200955975,192.9023955669445,245.5255272234347,193.57919192862894,476.68349026286626
2024-12-03,980.4564652963867,182.93532675273661,192.73366861079225,248.70659892845325,196.05154994317164,493.4244832036441
2024-12-04,1014.5688420297514,185.5741375657993,196.14197730788266,254.20648384745513,196.34242580968711,493.5289280771056
2024-12-05,1014.0798817607109,187.78022307408025,194.1959861708844,256.9913817711877,196.3666696009843,489.62917565859414
2024-12-06,995.7639022704417,188.1832624613713,196.52442852984893,264.5420643050748,196.20506500444085,501.56180501324286
2024-12-09,970.3874305055068,189.22266259098845,197.4929330041016,263.44674567917303,199.36420223068936,493.3601183099798
2024-12-10,944.2422110682946,188.0814447425991,208.52920981787747,262.2232510910914,200.188317433116,497.9835315459859
2024-12-11,973.8827966935623,190.4827027128291,220.04969568518123,268.3057507872758,199.15412245881424,508.72610140197867
2024-12-12,960.1110389564433,190.72451324462233,216.1757641553677,266.8026124853415,200.34183249438527,507.206319902036
2024-12-13,938.5096139529411,189.7529610261633,213.76582570926902,265.04312225904755,200.4791808923688,498.81183467526614
2024-12-16,922.7803058619013,191.58573236638816,221.46867418579484,271.4169115638312,202.83034476495092,502.3444505300694
2024-12-17,911.5252459657373,192.80330040327522,220.07223752361065,269.342804379461,204.80175954836574,498.4818165164932
2024-12-18,901.1789876882592,185.5614169012435,212.16661614185642,256.9564263069561,200.4145514610141,480.57662849751966
2024-12-19,913.5525562182122,185.4086772225038,212.2905357961803,260.18409937095277,201.82039358194635,479.2729432433305
2024-12-20,941.6555396690651,185.22626472685485,215.55639043846037,262.08342923416507,205.61781003004356,470.96809501571266
2024-12-23,976.3994945345177,184.65353350847064,219.18256902682307,262.2465606605765,206.2480121238808,482.7171560885074
2024-12-24,980.2445148542246,186.38444782817908,220.84930046888752,266.8958329832897,208.61536747427402,489.0745714061304
2024-12-26,978.2170977718897,185.8668569569786,220.27497588196022,264.56537387455984,209.2778904874199,485.5337125012949
2024-12-27,957.804048130591,182.65107033715265,217.07666038777145,260.7201127891571,206.5065670710876,482.68497364167524
2024-12-30,961.159680861818,180.2328602145692,215.36494890948455,257.86530393696137,203.76756457406393,475.7884036204512
2024-12-31,938.7891876964584,178.82013281631453,213.1802042929679,255.63971122092627,202.32941394108573,471.17737963928386
2025-01-02,966.8920643174513,177.58132873695067,213.32657941852423,256.6068538846482,197.02110307885604,482.2263244147357
2025-01-03,1009.9551808676267,179.60500174958264,215.98430535295253,261.23281663787645,196.62518732640302,486.56374823824854
2025-01-06,1044.6294826643848,181.5140970771424,221.70514757131124,265.21789958020554,197.95027057448294,507.1406716592649
2025-01-07,979.6852605373301,179.18921549657296,220.1510735010757,258.8091370311983,195.69606945982687,497.23449990384137
2025-01-08,979.4755535222272,180.1183218312412,218.41680291092,258.83244660068334,196.0919479904918,491.46456231964856
2025-01-10,950.1143279807568,177.738299903488,216.26584514188835,255.11536147746043,191.36538886129307,495.60084585046036
2025-01-13,931.3789344602816,176.99161916505017,215.10591641209936,254.55605626976302,189.3858845426041,489.541315604359
2025-01-14,921.1025429112178,176.3467692459659,213.58561191590945,253.74038135771397,188.48097324553706,478.21062634038253
2025-01-15,952.4212119767491,180.86073178013714,220.21862992260637,260.25402807940793,192.18950406371974,496.61483972357894
2025-01-16,933.756005674268,180.12679790741794,217.24561189863599,257.1195577333675,184.42500185023306,491.93130651787715
2025-01-17,962.6977103556726,182.01470959482654,220.72538081456358,263.27196835801504,185.81470212240495,493.1142582368647
2025-01-21,984.5087355444176,181.7898512153868,223.03402781196476,268.83011831073367,179.88426629434952,496.083730631686
2025-01-22,1028.1312132413475,189.299038980649,223.3943690314869,273.84059117050936,180.84574230202242,501.7490752636743
2025-01-23,1029.1798551467223,189.51538198216775,222.95519183449971,274.318339554997,180.70839390403887,512.1703142471556
2025-01-24,997.0224648506392,188.39114248729473,225.46650809649287,273.6541679546048,179.99738330829857,521.0545452369146
2025-01-27,827.8458973928574,184.36080101670993,216.00681264450313,274.318339554997,185.7177517717416,531.0250325264213
2025-01-28,901.7383488350138,189.723288209254,219.93709013367052,277.49941126001556,192.50459890700702,542.6534587831765
2025-01-29,864.7571096273333,187.6571955139941,220.0609752411156,276.24097898769435,193.39336835531373,544.391656429181
2025-01-30,871.3982947016528,176.05828134258425,226.20974964740589,273.4094619249917,191.96328244308432,552.8493712792516
2025-01-31,839.3806912773287,176.0879803606564,229.7571268051824,276.9517519470647,190.67860964958726,554.6036601486722
2025-02-03,815.5421955913185,174.3315985106735,226.61515727034748,276.64879866372695,184.22302402089483,561.266808711201
2025-02-04,829.4537402001964,174.94673631110422,232.4148700130501,282.0554630847806,188.09315943562092,566.6826406610778
2025-02-05,872.6566970370606,175.3370812350023,215.46625763162143,275.1922617207708,187.82651495313993,567.2299396955489
2025-02-06,899.5709846361301,176.4103856693264,215.77037380586552,278.29177660257955,188.43249807020538,572.9595998616204
2025-02-07,907.6803324758903,173.83523058136842,208.72065134685326,267.01234527073103,183.91599389835636,574.9955345004036
2025-02-10,933.756005674268,174.88311988774373,209.99318562815296,271.6616175934443,184.1343741289714,577.3132136277114
2025-02-11,928.3730626905661,174.55221230173416,208.69812678186324,271.2188246731882,188.15433964794764,579.244505954709
2025-02-12,916.7683486627504,173.53402201343098,206.77239738929237,266.7559933463714,191.5919578852838,583.7348951198368
2025-02-13,945.7800269024295,174.17036965517568,209.6215648526964,268.4339267494556,195.36120984707367,586.2939425983858
2025-02-14,970.6671110788841,173.27522002754003,208.59676623940814,266.46468595778015,197.84437458741974,592.8202664022967
2025-02-18,974.5119177388713,173.78857941094284,206.9525766357731,264.0992713848187,197.73922303611798,576.4842688238778
2025-02-19,973.3235423766679,175.96493969998883,208.6418326428276,264.0759795953256,198.06275481803476,566.34472496934
2025-02-20,979.4755535222272,176.89590631721825,207.8422278591213,259.70636876645705,198.83925094625542,559.1584635670454
2025-02-21,939.7680697032787,173.52912239598106,202.32410672567275,252.36541901795948,198.61278118036617,550.0730922845854
2025-02-24,910.7562846337398,171.73947816978065,201.86240496369555,247.85598633216455,199.8664978534505,537.6641429729881
2025-02-25,885.2400259970464,169.14637528528152,197.54922714313722,247.96085272485934,199.81794823454268,529.1097820632589
2025-02-26,917.7471238397109,169.92432711156152,194.5198804332524,249.7669620901234,194.41484588535775,542.1464371668267
2025-02-27,839.939945594223,166.86359897338602,189.7562804066513,243.23002357893637,191.93977068028587,529.7053054083972
2025-02-28,873.2857646674394,168.7595413172032,191.76082850324784,247.35492837819183,195.61194821878544,537.7204622549443
2025-03-03,797.3661632175979,165.14619135311844,188.07832122897065,238.8953682142994,192.5302323117255,527.1382616777211
2025-03-04,810.8584006261298,165.19720501715588,192.48156276261025,237.47378673557483,190.83165323487427,515.0270493589023
2025-03-05,820.0162835414044,170.4726781479289,194.8464866256077,242.78723065868024,190.67796447192734,528.2809359785873
2025-03-06,772.9684666296234,168.71704303108677,194.09194824532082,233.8615680050467,190.3463431547364,505.3139722844718
2025-03-07,787.7888662721173,167.1951746890479,195.7924492614309,232.17198870721592,193.37143231487696,503.4872235500978
2025-03-10,747.8715686082058,161.60513039729216,187.00963080614278,226.68374968296052,183.99687684383554,481.2203267937441
2025-03-11,760.3151106964332,161.7284461701695,184.94638756243268,229.0724738254071,178.6261202284847,487.43287174104137
2025-03-12,809.1850711146348,162.92720177214184,188.4076738981921,231.75250535644483,175.50395664505382,498.5783638569897
2025-03-13,808.0664556509857,161.01424177306413,183.50327806696393,225.92635758462006,169.59937755244533,475.3056175583876
2025-03-14,850.6440839025696,165.17596897467905,186.58119768846834,230.65718673054306,172.68109345950526,489.3888438585544
2025-03-17,835.6824551852077,165.23548491605607,185.2282382732779,228.082039372192,173.09359772217545,487.21415943749327
2025-03-18,807.0177603306812,163.03347368859576,181.14690455647423,224.67957120704543,172.03401748840898,469.05936001724626
2025-03-19,821.6297349163916,164.86139781369639,184.77728059061346,227.84897923732547,174.096576023548,470.42864415462554
2025-03-20,828.6910818299367,164.44481242522025,183.5483617438228,227.1614980674482,173.17450548218002,471.991171051741
2025-03-21,822.8881906667292,166.32372401319543,184.89004160307883,228.6296986851429,176.54738262279733,480.24705457497606
2025-03-24,848.8263738353374,167.0973919493521,189.05029766454462,236.8445528194222,178.5371477477313,498.4500783058904
2025-03-25,843.7924974190574,167.98161569208602,192.29735880474706,239.69937945160993,180.97987721896914,504.4587188239488
2025-03-26,795.3421112758517,165.77535987624668,186.0963667911218,234.36262595901943,179.1842237188276,492.1112221907349
2025-03-27,779.0521600797379,166.03465968423146,182.91700025996528,234.63062377812562,181.06077257171103,485.3455044188239
2025-03-28,766.7472831497396,161.0270017393642,173.99889622722173,224.56304113961215,176.2480946321777,464.53279027922287
2025-03-31,757.7283324673438,159.5774355061652,174.3484242736735,221.6965686126779,179.6695462062282,464.226760876831
2025-04-01,770.1031829556164,162.468078795805,177.08811267809998,223.922161328713,180.52691287266532,471.991171051741
2025-04-02,771.9907597512627,162.44685585390965,177.0542567368573,228.39663855027635,181.0931058982824,470.32390312367795
2025-04-03,711.7249910963989,158.60818899003556,169.92882479291305,207.88860906144845,164.34996396620733,428.1910583514776
2025-04-04,659.359290585632,152.96715723540527,164.1562831704016,199.25425379640612,152.370900725707,406.53264183028284
2025-04-07,682.6406151370167,152.12547108053204,165.45284480591994,204.2181252972037,146.77367434446694,415.8113792714316
2025-04-08,673.2722239826893,150.72264772182854,163.1415895191679,198.8580800151201,139.46166500130184,411.13979108433927
2025-04-09,799.3272389568972,165.99640598649407,178.93711345281372,222.67537495113837,160.83955231866616,471.8059245441319
2025-04-10,752.0652815908247,162.1110093487059,172.2964778593372,211.16290126441527,154.02094259091314,440.0069522969882
2025-04-11,775.5564734021024,165.12919989902073,177.16703502276206,215.4159820258505,160.27334688578637,437.81612729292993
2025-04-14,774.0183370783876,164.85714012473588,179.34300473205872,212.2116007513469,163.80801473188743,428.078321068403
2025-04-15,784.4354769679495,163.9729556837462,176.2312464427511,209.26357140120297,163.50063720599363,420.05610580176835
2025-04-16,730.5318003782578,157.97057059189342,172.87144156352264,203.13447034604044,157.1350290463325,404.58343197537107
2025-04-17,709.5575200676553,156.3424303334006,170.4249006993152,201.13027409013338,159.32697051680776,403.91497984925957
2025-04-21,677.536978822182,152.66108835176212,166.4900975690225,194.96621757073927,156.23721470352444,390.36735436285943
2025-04-22,691.3798852460352,155.93434722226408,170.77441147232753,201.79444569052555,161.55942169996743,402.94839585372114
2025-04-23,718.087083161571,159.1523478403495,175.14889272935025,210.44046463030642,165.490427145453,419.0492690678992
2025-04-24,744.0950796436637,164.64032550228612,179.57977176604507,217.36191324804093,168.5397725041535,429.42336965149605
2025-04-25,776.1157277189968,166.57453464442204,182.6013108813168,220.21673988022866,169.27582095600314,440.79626135725397
2025-04-28,760.1753772396046,166.281225727079,181.0792790411859,218.71358379830235,169.9714465460073,442.78574863028706
2025-04-29,762.2027943219396,167.5055143622329,180.57188903197056,218.35236548124794,170.8369027477186,446.57133233787397
2025-04-30,761.5036463034264,168.0241270787839,179.03859490934465,214.89163228238465,171.88032872546208,442.1897316893385
2025-05-01,780.3105624151453,180.83657430800437,181.8572056584333,221.6266576842147,172.54359617436944,460.8841794089968
2025-05-02,800.5157745638904,185.03654210677524,184.93510800649827,221.37030575985506,166.09705544017834,480.8672083510488
2025-05-05,795.7615787209875,185.414873797514,185.1380881929996,217.14053456790487,160.87189805250023,482.6794947281808
2025-05-06,793.8040283670668,184.19908743969967,184.03317536772994,215.5791134522619,160.5645205266064,473.04638017502043
2025-05-07,818.4137288121335,184.21610509496023,170.67293001579657,219.8904770274058,158.7365336998935,480.6980530668557
2025-05-08,820.581093011017,186.26507533030824,173.94251572098904,223.81729493601824,159.73951200126604,481.6646123826036
2025-05-09,815.5473234245967,186.50311289465338,172.21753824123567,224.95921492089815,160.58071200441748,477.2185974808227
2025-05-12,859.9426617434126,190.979411257251,178.65528001540793,243.1134935115031,170.72077076893578,515.0261115268627
2025-05-13,908.3931013015482,190.92838449263218,179.8616052034509,246.29456521652165,172.45396610869346,528.3966348365238
2025-05-14,946.216640540089,192.5437647848249,186.44589483757352,244.9895138052303,171.96803566542104,531.0786863910021
2025-05-15,942.6508734743195,192.9781538634466,184.85620293527555,239.07014553545736,171.25531286742947,518.6104068630054
2025-05-16,946.636054570295,193.46366141075708,187.37040386165012,239.5595398146916,171.1014255882795,515.7591506647533
2025-05-19,947.8247504220781,195.42268305409664,187.76499831152128,240.22372919507578,169.09286346036941,515.8316598892877
2025-05-20,939.5048409283355,195.12457932395498,184.878744773705,237.7884036936511,167.53783641284693,513.1494602560664
2025-05-21,921.467046393404,192.73965777875188,190.04246675078832,234.35096228428088,163.674549807126,511.8607803145106
2025-05-22,928.6681267637777,193.71493056233328,192.64686957775942,236.65812960351772,163.0833437399249,512.7225492397298
2025-05-23,917.9012793276343,191.72182120614696,189.94098529425736,234.199494532608,158.15098534447927,505.06273201702436
2025-05-27,947.335256003738,196.19777895362773,194.935583026082,240.06059776866434,162.15194293701373,517.3539093682818
2025-05-28,942.5111400174908,194.77961481408505,194.32674610721452,238.5457957919915,162.32200928671205,518.3687917138591
2025-05-29,973.1333852259379,195.34178696384726,193.76304468552408,239.6877157768714,161.9413544673683,519.5527799840482
2025-05-30,944.7483709447886,196.0572359161872,193.6277763815081,238.88370453956088,162.67028115043365,521.5180810623762
2025-06-02,960.4790678240079,196.74292034754794,190.5723467781149,240.79468029751973,163.3586981208146,540.3735397353573
2025-06-03,987.3261594411623,197.16879404824866,187.3591415791551,239.69937945160993,164.63026884491052,537.1114637441847
2025-06-04,992.2199284961041,197.552077758763,189.46750304660287,241.4705155726504,164.26580550337783,554.1064610889476
2025-06-05,978.7265693740425,199.17467647131647,189.64785502747773,242.26288091521445,162.49210045093577,551.4242120961453
2025-06-06,990.8217392889378,200.32454070344096,195.81499109986032,248.85808446011808,165.15669659360464,561.9675666830973
2025-06-09,997.1840984287597,201.33388809928775,198.77249757524095,252.83150372770868,163.15622400096876,559.0276113177324
2025-06-10,1006.4825694397427,200.55452141021473,201.60579074782765,253.565604036556,164.1443259943754,565.7451047789762
2025-06-11,998.6516202150405,201.27851194163847,200.1947925762212,248.4269374346085,160.99377459390874,559.0920749305587
2025-06-12,1013.823917416245,203.94024877218078,198.3322494250104,248.47355657357863,161.33393210783078,558.4638755427779
2025-06-13,992.6384878874302,202.27507317002238,197.16955694491588,247.14519559280225,159.10666716047572,550.0147986193879
2025-06-16,1011.6564463875015,204.05524567585834,199.5400946757214,251.80611381026208,160.7021915134199,565.9546855600336
2025-06-17,1007.6709448019461,203.58678198497125,198.61444560464378,250.3146214030743,158.4506455529796,562.0129774976457
2025-06-18,1017.1800842967718,204.52369626616397,195.6456941202076,247.6345898720365,159.21196759892976,560.836195726287
2025-06-20,1005.7832611764399,203.31422438859258,188.1052159741313,244.33698809958466,162.7917730666988,550.0187967454514
2025-06-23,1008.0205989335976,206.9767539353164,186.46841940256357,242.9154066208601,163.19672130639046,563.0609307625136
2025-06-24,1034.1003316666538,208.7271095178475,188.25198838879402,247.92589726062775,162.22483560532027,574.0798155531177
2025-06-25,1078.9184491562644,209.64700614377966,192.66559398607933,247.01701963062246,163.24532055434906,571.2424787567161
2025-06-26,1083.8827259187801,211.8530785514792,195.89401708515894,252.9946351541201,162.7917730666988,585.2760986779468
2025-06-27,1102.970444317406,211.2099972108862,201.5267647625291,260.1957630456913,162.85655138520573,591.3538426094486
2025-06-30,1104.6486345875292,211.83604779563723,198.93053227239866,255.63971122092627,166.16907960009655,594.9488983342561
2025-07-01,1071.8566749232793,209.55333698664882,198.49026684872874,256.8865153784929,168.3153499366082,579.7383979225046
2025-07-02,1099.4746508099106,209.14449404179004,201.65094351844414,256.2572814623403,172.0571322188013,575.1841374595228
2025-07-03,1114.0876936942207,212.44505452396484,202.6555840279415,260.3239390078711,172.956125251565,579.5691439191495
2025-07-07,1106.396584756207,211.96806235457535,199.56265378759025,260.3938499363343,170.0404557410917,579.037096995217
2025-07-08,1118.702316325085,211.49958556310685,196.81964888279714,255.6047557566947,170.0890425817876,580.9071834417363
2025-07-09,1138.838997118665,214.43389309060925,199.37076314918983,259.31017720517906,171.0042519068877,590.668682265158
2025-07-10,1147.3690409469505,213.56937262232637,200.49954786772344,258.98391435235624,172.03283879845338,586.2030716097079
2025-07-11,1153.1022790414636,214.35298389977845,203.40060474311375,262.19995930159837,171.02045579196147,578.3600809817966
2025-07-14,1147.1592271019877,214.2252139292194,204.94707850000907,262.98066096942387,168.96326960156745,581.1086692515045
2025-07-15,1193.515480915313,215.41766815153025,205.44377625022997,263.74971674250276,169.36012830598492,572.6208944165861
2025-07-16,1198.2000771044516,215.33248817115754,206.5387223009603,260.06758708351146,170.2105469053154,566.5914241553327
2025-07-17,1209.5969002247834,217.92184428937142,207.22729341614217,260.871598320822,170.09715693158716,565.3823612179798
2025-07-18,1205.4716651823992,217.2191422027501,208.89792865551323,263.49336481814316,171.03663486250983,567.695795421319
2025-07-21,1198.2701574925857,217.22338679112914,214.5871432063131,267.18714037188096,172.08952758168616,574.7004629250006
2025-07-22,1167.8552690423223,215.18344285637744,215.9868790954245,265.0547681537941,173.64454222194595,568.1229532355607
2025-07-23,1194.0748420620673,215.4389696969141,214.7338638006576,266.01024714277753,173.4420805093628,575.1921830712309
2025-07-24,1214.770990832262,217.57260898995958,216.92377317555773,270.6012544317741,173.12620400852603,576.1756233636913
2025-07-25,1213.0928005621388,218.77786248031472,218.06387199690457,269.6807309070223,173.2234025044432,574.4666959492381
2025-07-28,1235.8164732445284,218.26253800969943,217.38659771109656,271.25378013741977,173.3610858985194,578.4567764010362
2025-07-29,1227.1464822996943,218.2923549330043,220.96492887229488,269.17967295304953,171.1095275308164,564.2458075051613
2025-07-30,1253.4360288777136,218.57768559626444,221.84540789931657,268.2241939640661,169.31154146528905,560.3848023577591
2025-07-31,1243.6474224692306,227.2059512273214,216.61900061061607,272.79189168357766,168.11288822402503,623.4432959909593
2025-08-01,1214.6310437157135,223.20699874981153,213.49219715558272,250.23304679987257,163.90944410438206,604.5572343777388
2025-08-04,1258.540039097058,228.11735867649543,220.16344128369295,246.62082806934444,164.69505957068017,625.8050532241277
2025-08-05,1246.3742546447286,224.75716434771093,219.74580406564942,249.06781724550763,164.34678770695857,615.3987208341177
2025-08-06,1254.4846707830882,223.5604524364396,221.34871014909567,259.04217938607286,172.71316623356014,622.2745104717276
2025-08-07,1263.9238367196397,221.8143807440318,221.83411106994276,259.9976761550483,178.20433533332206,614.084867506236
2025-08-08,1277.4181573104406,222.32543442510524,227.36527365014547,259.484972306329,185.75270303074066,620.1061934366195
2025-08-11,1272.9433749662653,222.21043752142765,226.89118683211169,257.86530393696137,184.20400368719032,617.3413658647524
2025-08-12,1280.6344839042788,225.39175651154574,229.53260663973737,258.0633908276044,186.20675921616126,636.7917062083185
2025-08-13,1269.6571816440128,221.70365462989614,227.9748533269076,261.66394588339404,189.19060663511874,628.7956021600494
2025-08-14,1272.663694392888,222.51277273936694,229.08109620701183,269.14471748881795,188.74465239223503,630.447963494641
2025-08-15,1261.6864989624817,221.52902387960881,230.16472815492892,269.2029825225346,187.77976438732222,632.9467922843323
2025-08-18,1272.5937208346136,220.22155965303898,229.71321772220335,269.73899594073896,187.2121817482838,618.5504781616863
2025-08-19,1228.0554975781004,217.09990071069342,227.53462245011647,265.68398428995465,186.94460672110105,605.7420617608055
2025-08-20,1226.377414137837,215.37507816134388,224.99478773965816,260.79002371762033,183.255331974614,602.7112847663437
2025-08-21,1223.4407681173761,215.09780435565511,225.4801713870658,258.62269603530183,182.355309139047,595.7629859041994
2025-08-22,1244.4863573595023,216.37327696240484,232.63681643602308,266.6511269536766,184.67428857221003,608.410144553852
2025-08-25,1257.2116097884461,215.10634593473893,235.34599994645237,265.602427466745,184.18779980211656,607.2091272282072
2025-08-26,1270.9157442242101,214.15934420585518,233.82208530142586,266.4996592020037,185.93106983917892,607.8539607947954
2025-08-27,1269.7271552022871,216.16425718589815,234.20588385166607,266.97738980649945,186.88786830881753,602.437191012879
2025-08-28,1259.728734948841,217.40133198851498,238.90175472234242,269.86717190291876,188.5662607692714,605.4438311722166
2025-08-29,1217.8472634796917,216.14291633877002,240.3353465526965,266.8375679495731,188.22571863020593,595.4406184804863
2025-09-02,1194.0748420620673,215.47318841557507,238.5743884986531,262.5728235133993,186.2635100357075,592.5467649638043
2025-09-03,1192.9562265984184,215.5713117703877,260.3717589629718,263.3302333917317,193.3582682091624,594.1105752100266
2025-09-04,1200.2277078465063,216.6889485722266,262.2229880113694,274.6212928383348,194.42042915356848,603.4609580830418
2025-09-05,1167.785402313908,211.15621932416983,265.27080002798294,270.7177844992074,194.34747444894847,606.5239668839167
2025-09-08,1176.8049405605336,212.52127370664837,264.4234169108699,274.80773383423127,192.87988138160577,606.4029865508098
2025-09-09,1193.9350017753786,212.61085548237716,270.73913910905327,277.6042954327023,190.01766235880302,617.2043436678105
2025-09-10,1239.871841558498,213.4469476889854,270.2193985906601,268.38732539047754,183.88777978299822,606.1451320995042
2025-09-11,1238.8228791635436,213.7199769062951,271.57519084991367,267.94453247022136,186.5148811778165,605.2745771688615
2025-09-12,1243.3678487257134,217.5122415107905,272.0610063333066,265.84711571636615,189.79063426609272,609.0549781204402
2025-09-15,1242.8783543073732,219.84135457915758,284.2743816756445,269.66906723228374,191.92309531922987,616.3982523499942
2025-09-16,1222.8105787734676,217.1453859293729,283.765972533504,272.7219807551145,193.0987951245165,627.9249485102446
2025-09-17,1190.7160044350417,217.56342548238635,281.9243475174181,269.8904636924118,193.77990421717274,625.2811012714843
2025-09-18,1232.3201455877331,216.8937106597728,284.748917603103,269.4360248774092,192.87988138160577,628.9326243569911
2025-09-19,1235.3266583366085,220.9376636344498,287.78814472033,269.7273322660004,199.05838801989455,627.4252321118873
2025-09-22,1283.853267584896,219.45318435177472,285.31381089211266,265.2412091496906,207.6369431457659,617.1852908695325
2025-09-23,1247.6331377145061,217.22645232718074,284.3308830959531,257.17782276708414,206.29909282437748,609.3128325717458
2025-09-24,1237.4243694667975,217.61888024352407,279.22407710172416,256.5952079899017,204.58012861492577,613.5555847188414
2025-09-25,1242.4589402771676,216.28795287563656,277.6988151284237,254.19482017271662,208.27749289668702,604.0779528459285
2025-09-26,1245.9550542742427,218.17769864444352,278.5461809720974,256.0941500359289,207.13425049059867,599.9158542542375
2025-09-29,1271.5468950368584,219.51712828967064,275.7329249892257,258.8790479596615,206.29909282437748,599.6335174507406
2025-09-30,1304.6202445522447,220.94620521353357,274.65962255807545,255.8494617863078,206.46125574774197,592.3579152067799
2025-10-01,1309.2352945025486,221.69697333337353,276.693276400077,257.08460226913587,207.12612373353642,578.6132956324853
2025-10-02,1320.7724920588691,220.00346117361036,277.58582956124604,259.15870945350616,208.48831710432356,586.4454765121508
2025-10-03,1311.8921531197725,220.6902198526473,277.2017200890964,255.77953307785265,209.20994831692693,573.1444514925813
2025-10-06,1297.3482291548569,225.47646487098746,282.94118307513855,257.3992014472202,208.13157108018436,577.2581776948618
2025-10-07,1293.8521151577816,223.51845197241698,277.6649246403022,258.42460914465886,207.9612938070203,575.1771283990164
2025-10-08,1322.310735212444,223.88956524279502,276.376930630731,262.433001656473,209.2423809015998,579.0166621286702
2025-10-09,1346.5040662783133,222.84447946084293,272.88577851823254,265.3693851118704,205.98284410566,591.656120683682
2025-10-10,1280.7067008896122,217.96440807839494,267.2818947581157,252.12071298834636,198.87189445439404,568.9016993454858
2025-10-13,1316.7868836434538,219.28252307765672,275.8459105564034,256.4320765634902,200.80978481401917,577.2904095012751
2025-10-14,1258.8207879690349,219.07778719127333,277.31467110939525,252.14402255783145,200.89896821823828,571.6038402494436
2025-10-15,1257.4223851021488,219.0180616405937,283.6190792047654,251.188543568848,202.1719657775436,578.7826977145835
2025-10-16,1271.267107633621,218.24168188408368,284.1049119615977,249.90678394704977,200.6394951335924,574.3624485141008
2025-10-17,1281.126221749678,219.08205798081525,286.18377039453395,248.24049643871206,204.56389991532663,578.2744914682889
2025-10-20,1277.0707466058484,220.45134385109145,289.85570632389255,252.2488889505262,212.63164803623118,590.5752445782665
2025-10-21,1266.7221380714511,220.82248332263234,282.9750908366995,258.71591653325004,213.06138598677845,591.4626311260408
2025-10-22,1260.5688449675724,222.0510558479096,284.3647735840746,253.961777817842,209.55864202758,591.5755164878585
2025-10-23,1273.7143660656018,222.05957122583055,285.93524014830973,257.6205979073483,210.47484393369533,592.0513922085778
2025-10-24,1302.382586305507,223.36061616750612,293.6632214791764,261.2561262073615,213.1019329212509,595.5682129974513
2025-10-27,1338.9523703075486,226.73488052073242,304.2270006313442,264.47215337661163,217.95878071596232,605.6185640890661
2025-10-28,1405.6588578045155,231.23527085255571,302.19336406278205,267.12887533816433,218.11282928952727,606.1186260044906
2025-10-29,1447.682412987413,231.0134518080047,310.2151147776865,268.3523699262459,218.68043674309106,606.3041686695859
2025-10-30,1418.6644317859964,224.27778787250355,318.0221911876094,259.683059196972,220.05883399895194,537.5810214385319
2025-10-31,1415.867519222364,220.88646656227252,317.69447949513193,284.57236318940693,219.22367633273078,522.9653039782032
2025-11-03,1446.5635838640442,220.5537641966088,320.55295734237774,295.9683068086968,218.1534010385251,514.3830055456107
2025-11-04,1389.2967964529282,219.40200038017886,313.5706531173808,290.515041028665,218.95612612007338,506.0022916419483
2025-11-05,1364.96373193023,216.34342073735576,321.21950482231244,291.5404309461116,219.03719517449295,512.9633252759987
2025-11-06,1315.1088002031904,212.0520370814577,321.7166689553974,283.1973830696605,218.7371875626373,499.2428918964093
2025-11-07,1315.5980809618106,211.93259908067978,315.02811684099885,284.79375964953505,217.68311615350538,501.4772520509369
2025-11-10,1391.8141352730431,215.84858557607646,327.76119815485123,289.44301419225627,218.67326534525597,509.58362540322923
2025-11-11,1350.6295149804173,216.99180781342258,329.12832179035746,290.25868910430535,223.39688395319706,505.808703365145
2025-11-12,1355.104510984313,218.0412167872422,323.93108934081965,284.5490536199219,221.95223191456904,491.23326332293755
2025-11-13,1306.5781153957453,214.69255097010463,314.7343647304005,276.83523965962337,221.5301616523645,491.9431034577435
2025-11-14,1329.7224840666604,217.63166641098698,312.2939732106228,273.4677269587084,221.0919123196116,491.59625368183913
2025-11-17,1304.7601916687934,216.4841864846804,322.0216833484908,271.34700063536803,217.07439103138535,485.58697148922727
2025-11-18,1268.1205409383374,210.64006951692522,321.18564888106977,259.32184087991754,217.0581623317862,482.1024812259291
2025-11-19,1304.2007236921788,207.7947804401507,330.8230189308259,259.484972306329,217.96719284006647,476.1577613653057
2025-11-20,1263.0860769578276,204.4697873736334,327.02683515179467,253.01794472360513,216.09235618943435,475.2140061759942
2025-11-21,1250.7795975799297,201.7730457895452,338.5623143645058,257.1545131975991,220.34519362184807,479.3277323782748
2025-11-24,1276.4413050709597,202.57651754842533,359.9385065557021,263.6681421393011,223.94069427692057,494.4919828626003
2025-11-25,1243.3678487257134,203.85436136041153,365.42945656895944,267.6182696173986,224.7928498930277,513.1810503879261
2025-11-26,1260.4288978510237,207.4913578739538,361.48641400806844,267.0240089454696,225.26360625402964,511.07581489737555
2025-11-28,1237.6341833117604,210.27358075178734,361.7462756305453,271.75483809139257,226.31869505870216,522.642640397004
2025-12-01,1258.0517198071775,208.021289492849,355.76952740733446,272.52389386447146,229.76806297380622,516.9317862313053
2025-12-02,1268.8198492016404,209.41454942711815,356.80890480348444,273.15311000063207,232.2759429814317,521.9569864569032
2025-12-03,1255.7441948320254,204.17063559697843,361.12481182746944,270.77604953292405,230.62024340443875,515.9074268461702
2025-12-04,1282.3163063896407,205.49978128579323,358.85390729517803,266.96574391175295,227.82017236045257,533.5964199002283
2025-12-05,1275.5334649210133,206.49128568975019,362.9776991260503,267.45513819098716,226.2618697955798,543.18698649454
2025-12-08,1297.4905265283248,209.8504712737656,354.67946973995697,264.37893287866336,225.53954377626576,537.8472176590318
2025-12-09,1293.4347308949152,210.27783844074784,358.47810634738437,265.57911789725995,224.9633008678694,529.9101970292566
2025-12-10,1285.113432612993,204.52536004000393,362.0167776916985,270.0769046883083,226.2618697955798,524.4010754712313
2025-12-11,1265.1842154074566,206.62377186961933,353.22100415685316,268.32906035676086,225.65316948798514,526.4821247670768
2025-12-12,1223.857618230943,204.51253457079676,349.6710705300441,263.5632757466063,225.85605304749978,519.6420221065521
2025-12-15,1232.7381708297596,202.9269712019089,348.46134247443746,259.31017720517906,222.47162474531765,522.7137181936886
2025-12-16,1242.7377662116648,203.5979567809199,346.595949205724,259.33348677466415,222.8774414933977,530.4957497390267
2025-12-17,1195.327422170107,203.48255375921838,335.45990100591877,257.8303484727298,220.62927030840916,524.3201751179216
2025-12-18,1217.704004637484,206.8417393432338,341.94932491080425,264.2274473469985,220.91334699497028,536.3888394778917
2025-12-19,1265.6039499272422,207.6708489399468,347.2629803419623,264.9149462968677,222.1145437250858,531.8035318384414
2025-12-22,1284.4840979079643,207.24348177296457,350.22502973190757,266.1733785691889,219.92317298869432,534.0073384123108
2025-12-23,1323.0837560791197,208.06830747955428,355.3916881936905,270.49638803907936,221.05131575608837,536.7843578006925
2025-12-24,1318.8880133291616,208.56833047107463,355.0977633486981,270.77604953292405,222.22814462227979,538.8913702361604
2025-12-26,1332.3139628095878,208.43584429120548,354.4420290418337,270.9391809593355,221.8954066514467,535.4523401469917
2025-12-29,1316.1608606640839,208.17515582159052,354.4985477355816,270.41483121586964,222.18759768780734,531.7389695064529
2025-12-30,1311.405863597231,208.3375506288345,354.8264321624532,270.95082685408204,221.63564819975892,537.5997287197426
2025-12-31,1304.1334208804037,206.6878861150737,353.8654416343437,268.95829427291346,220.64549900800833,532.8691558333184
2026-01-02,1320.566310429145,202.12349944302878,356.29616002805204,263.92449406366075,219.955655202418,525.0547937624051
2026-01-05,1315.4616592306406,202.08504923657017,357.86766299865184,271.5683970954961,216.91210403539395,531.8196724214384
2026-01-06,1309.308152467042,204.50399299171295,355.3803913643167,280.7387479987508,212.93517931069096,533.2970046816945
2026-01-07,1322.384340985957,206.62377186961933,364.01787110041306,281.4728483075981,211.2875940834975,523.6663087480048
2026-01-08,1293.9241184833952,204.33303040422234,367.9296141890941,286.9843791213466,210.24061962862456,521.5431557295399
2026-01-09,1292.6654490733379,204.8330664963242,371.4682855334081,288.2544928483983,210.50844280106116,527.193988644705
2026-01-12,1293.2249170499522,203.93557186461493,375.1877752414611,287.1941296867281,211.22265447057558,518.2414439947993
2026-01-13,1299.3085570851365,201.1533620873628,379.8344340832597,282.68469700093317,211.8719513416935,509.4584001461537
2026-01-14,1280.6381161195175,196.32827384512152,379.68743711388464,275.75156692846815,210.9872886973373,496.88922963452995
2026-01-15,1307.9794026688503,195.16580685367398,376.22791266894507,277.5343667242472,209.566979708108,501.15157753529473
2026-01-16,1302.2454167653173,196.5334027489474,373.0849758215032,278.629685350149,207.3918376713156,500.70758810392147
2026-01-20,1245.1853451332254,194.25122906379707,364.0404993060396,269.168027058303,200.22529107593363,487.68638254921626
2026-01-21,1281.896892359435,189.80223231287226,371.2534730409113,269.5292453753574,200.99632800857043,494.8226426959265
2026-01-22,1292.5256087866492,192.80669345386215,373.6954882639934,273.05988950268386,201.56445656716727,522.8105616916713
2026-01-23,1312.314878875637,199.13613456078792,370.74470115654316,278.67630448911905,201.31284968706714,531.7954862267334
2026-01-26,1303.9237138653004,200.98668338999553,376.7706095883135,277.8140282180919,207.29446547372078,542.7742910375403
2026-01-27,1318.258678624133,205.38864905363363,378.2290060776596,285.1083588276193,209.6156658069054,543.2667022179049
2026-01-28,1339.236644564904,205.83740947006967,379.87965594763386,283.1624276054289,208.13041720475414,539.8439114308954
2026-01-29,1346.15943315008,185.26776736878358,382.41208035258546,281.6709351982411,209.62378015670495,596.0135844970935
2026-01-30,1336.509598729686,183.89590068396825,382.1294523369668,278.83943591553043,210.59775027790718,578.4070713029381
2026-02-02,1297.9099405585305,180.93844442910222,388.56235754810433,283.10418035170426,219.14402170625794,570.2617038816313
2026-02-03,1261.0585530456324,175.74153548508636,384.06269567568086,278.04707057296645,218.7138867233046,558.3868252367887
2026-02-04,1218.0537655989956,177.01512160811208,376.52187206081635,271.4868402722864,224.4032618445468,540.053788369439
2026-02-05,1201.9006634534917,168.24535659717114,374.4981504464752,259.484972306329,223.9325551125956,541.0386600897492
2026-02-06,1296.5115376916444,171.43786348381929,365.0127521166441,245.07108840843205,225.7261986361813,533.9751066058976
2026-02-09,1328.887501881207,176.76297471758093,366.6634019866183,243.20671400945133,223.0941219290241,546.6975879762035
2026-02-10,1318.3985189108216,176.62193385804656,360.17394353485395,241.1559163945661,222.33047972495083,541.4503683551284
2026-02-11,1328.9575822693414,172.81828484829987,351.55909200438396,237.80004958839763,223.80900359072388,539.8116302649012
2026-02-12,1307.210334506993,171.73701526047427,349.3431861031725,232.5798261632404,212.6226403635179,524.5704281937485
2026-02-13,1278.3304843145056,171.51479009789935,345.6349586776146,231.63597528901155,207.78899415003767,516.465486269306
2026-02-17,1293.4347308949152,169.60868170290266,341.45184985581,234.3859177485125,214.36923554698132,516.077914839051
2026-02-18,1314.4825635641005,170.77970337401544,342.9329090976614,238.62735261520123,214.75105664901798,519.2505019098147
2026-02-19,1313.9232024173461,170.6811739011789,342.39024672517183,238.70892721840292,211.68837348292521,520.5098622602382
2026-02-20,1327.3492587276323,170.1543078183353,356.1039411943029,244.82638237881892,214.9378852106111,529.2929061088836
2026-02-23,1339.4464584098669,164.68852254131892,352.1582730706216,239.18667560289063,216.2376700500652,514.4311311371158
2026-02-24,1348.5370385133663,166.62896756020928,351.4912764812622,243.02027301355486,221.07945542787033,516.0860098103401
2026-02-25,1367.4870532225027,171.59784778408252,353.752369699969,245.44395262023295,222.77731488348556,527.7026391272288
2026-02-26,1292.8752629183007,172.07760417615094,347.5117178694594,242.27452680996095,221.73746219739695,530.3827656580469
2026-02-27,1239.031731539767,168.2309983599382,352.46356383874553,244.69820641663907,214.6129390007476,523.2546004826257
2026-03-02,1276.0229593393535,170.71971581170743,346.5393959650973,242.82218612291183,215.05161018043202,527.597651298376
2026-03-03,1259.0307086438577,173.0242521893364,343.2155371132801,243.21835990419785,214.26362492696,528.8247304828052
2026-03-04,1279.9388078562147,173.56826693325476,342.7068343226696,252.64508051180417,213.26439361891997,539.0366354831343
2026-03-05,1282.0365189864037,175.9156291115356,340.1630439945865,255.11536147746043,211.4528091934839,533.2566285444112
2026-03-06,1243.437181304828,175.17886551323033,337.4949194496337,248.43860110934705,209.15376823146445,520.5744245922266
2026-03-09,1277.2116551911367,175.37162746819868,346.6023058314268,248.76486396216987,211.11972381929542,522.616874695706
2026-03-10,1292.036114368309,173.80815167957968,347.371664822727,249.74365252063834,211.89148037316826,528.0093595637551
2026-03-11,1300.9173079462855,173.4311955498897,349.249736795967,247.7860576237094,211.87522685904378,528.6470853506748
2026-03-12,1280.7074486986319,172.1375655372961,343.4231984018614,244.1505471036882,207.77274063591315,515.1818903645964
2026-03-13,1260.4974826211187,169.43466667994193,341.9863937117771,241.9832194213697,203.19096185504955,495.428037957271
2026-03-16,1281.2669166752464,171.31942112722905,345.69724670012533,246.72571224203122,205.38437978978502,506.9535988471576
2026-03-17,1272.2457759807214,171.08810416115077,351.7613294329907,250.75739654333842,206.52981828136956,503.0834621772647
2026-03-18,1261.5464450160732,167.82406809996635,348.1070296852693,244.54672088497423,203.0447422642423,497.44393260615567
2026-03-19,1248.6792157032417,166.63752223987453,347.47347447460675,243.25331536842944,202.24861784644537,490.18846907125567
2026-03-20,1207.6999224014605,163.57481591390507,340.5382576454402,239.30318789033197,201.46060777844798,479.65266650020146
2026-03-23,1228.2595426106252,164.05885619609683,341.73751799676467,244.8613378430505,204.30391813291044,488.05544413658464
2026-03-24,1225.182522154176,159.66395174584244,328.59115237160006,241.48217924738896,204.4257698597936,479.05477389517375
2026-03-25,1249.5183642532331,158.93576902836523,329.14549158913053,246.6907567777996,205.22189427759054,480.6464723046784
2026-03-26,1197.4901926850123,156.764020143978,317.8206446965791,241.83173388970482,205.44124227469544,442.3895886329327
2026-03-27,1171.475946656112,152.82316874505207,310.3763105142562,232.27685509991068,202.11862695523726,424.75992579527383
2026-03-30,1155.0423092983508,153.76126207857232,309.42596042482296,234.15287539363788,200.35577825764932,433.3728271681057
2026-03-31,1219.588162877612,158.5630967887986,325.3328289489026,242.68236426598548,206.17236504325697,462.2573135936965
2026-04-01,1229.0288244322026,158.22041178009522,336.45409108457335,245.36239579702323,207.66714242315453,467.9938347415313
2026-04-02,1240.4973303885683,159.97236563355918,334.6212755225863,244.4302085975329,207.90273152712126,464.1398880142165
2026-04-06,1242.2456010468259,159.723926207569,339.39558508162133,247.94918905012082,210.2910923732494,462.97643332973627
2026-04-07,1245.4624617899635,159.47120289145553,345.5841056719929,249.0911268149927,205.93678834655296,464.61655348823234
2026-04-08,1273.2948452055361,160.34503787312585,359.0020097646753,257.80703890324475,210.32359940149848,494.8099572836016
2026-04-09,1286.0921009600934,159.80532011991224,360.3256734266272,272.2558782653733,211.61526989115296,507.71309472048074
2026-04-10,1319.099322792164,158.8629428962687,358.9114969421694,277.76742685911375,211.60715554135336,508.9007355996662
2026-04-13,1323.8545335187366,164.64569674066703,363.5161122324452,279.5269170854077,210.56732766979013,512.6739794119953
2026-04-14,1374.2045148168343,168.38948919391993,376.63984965198335,290.1654686063571,210.26672450932531,535.2644282220068
2026-04-15,1390.7081257328696,176.14694607761388,381.4028623816446,289.5595442596896,216.44077694030824,542.6088377219245
2026-04-16,1387.0717441296658,180.01925523456657,380.1583456190671,290.9578161689291,213.97927528061973,546.8828838433936
2026-04-17,1410.3585170039087,181.10298773169853,386.5618514363297,291.95991429688263,219.52780315579966,556.319843421537
2026-04-20,1413.015909770432,179.08116190104633,381.7422854660417,289.3031923353299,221.81868013896877,542.0674618371771
2026-04-21,1397.771181924174,181.68982827626874,375.93840982444135,291.2025221985422,216.229580514791,540.3950111531058
2026-04-22,1416.0929302268812,185.44218850976824,383.8918613599206,297.5530197138328,221.91620122371592,545.1457721081717
2026-04-23,1396.0927779943308,178.08737799592285,383.4053722123908,297.22675686101,222.12739764923316,532.5658905674643
2026-04-24,1456.4427819937737,181.88686102077895,389.63911466713654,307.60893867760774,220.20206343945077,545.3962719819037
2026-04-27,1514.7648347615818,181.97253882324551,396.3593808162909,304.2647355461778,217.39936205577425,548.2968384016059
2026-04-28,1490.7087800657616,183.87013184032122,395.72582560562836,302.6101294925706,219.9177386076359,542.414903928054
2026-04-29,1463.2960243401153,181.81831877880572,395.9068512506402,306.5019919369514,219.47906742795152,540.6212261129706
2026-04-30,1395.6032835759906,174.67341888100336,435.3459135792553,308.8557428351744,220.43767735794287,494.3979035011553
2026-05-01,1387.7710523929688,177.5262407920926,436.3528514561941,312.5844916331358,227.57842925419135,491.8447791723299
2026-05-04,1387.980759408072,177.17498800314257,433.59231401040034,317.00068604099056,224.8894528403357,493.18597770810266
2026-05-05,1374.13454125856,176.2154883195871,439.4527428926274,318.74853037253797,230.86042319560093,488.78260948433245
2026-05-06,1453.3658683671842,177.3206271667543,450.32509476640695,320.4264637756222,233.56562830905574,495.1816349287646
2026-05-07,1479.0303534345733,180.23770742969342,450.2685069789013,315.9753139035359,233.50875341688263,498.35688741690393
2026-05-08,1504.904652346925,177.81751911931602,453.44761440846673,317.73478634983786,238.28552473818968,492.55575457749956
2026-05-11,1534.5551731491691,176.76377385304738,439.6903563251448,313.4350864494325,237.98464861794568,483.8540553183931
2026-05-12,1543.925861145486,174.6691218902986,438.2308888825553,309.74132867568665,239.7084640671094,487.1990060461168
2026-05-13,1579.2408216124284,173.5725508233781,455.50671202671856,314.7634652102008,243.0178780590649,498.2114740911868
2026-05-14,1648.541992748122,175.38019524844532,453.7531124578636,311.37264293980076,242.48121431865113,499.66580478668243
2026-05-15,1575.674413567499,180.73031549213187,448.89958690569654,307.7837515587497,244.12373738266683,496.27238295038626
2026-05-18,1554.6952724982682,181.42425328978527,449.0806125507083,308.62268270030785,242.18036301293253,493.8323414217027
2026-05-19,1542.7370584638427,178.8027352441929,438.58160879632624,302.19062836180757,243.09919525873823,486.8838944808153
2026-05-20,1562.7372106963933,180.36192714268853,439.9958198276629,308.7974955814497,245.7662356321572,488.8634111184801
2026-05-21,1535.0446675675094,179.9068915477538,438.58160879632624,312.81751620801845,247.9941829789602,490.73784120813
2026-05-22,1505.813774455191,179.68367074099118,433.27555367850846,310.3239434528691,251.10845554331993,493.0647999366717
2026-05-26,1502.527046983639,178.59329624908082,439.9618602457838,309.1237584342726,250.71000870927804,494.74534559203204
2026-05-27,1486.7227443309066,177.15092223507972,439.90527245827815,316.7676614661079,252.75909295713518,513.2637770457341
2026-05-28,1498.2612238455465,183.29819975740344,441.3760712771204,319.27289789599575,254.10887906523186,513.2879632404392
2026-05-29,1476.5129077845984,193.27895631336014,430.30006555270256,315.35774366212183,253.7429640739644,511.04185550562624
2026-06-01,1568.961011507846,197.6919526665513,425.80859129055915,304.4278847525812,249.0675104597877,485.1548283573014
2026-06-02,1558.1917069849235,189.44549038030857,409.38130858394936,298.90467248410226,256.2961802194609,482.8602495139161
2026-06-03,1501.7577651620616,183.4484503256739,406.1456133668783,291.3306981607221,252.27935373794534,503.34200766270476
2026-06-04,1530.8827898831587,183.75323535233815,421.07953814277704,295.7236007790837,253.06808342717875,507.0505410643024
2026-06-05,1435.9465118915657,178.86804164255614,416.93874924752583,286.6814258380088,249.9050255059201,479.11943494632425
2026-06-08,1460.730718912878,176.75168201639957,411.2785886218127,285.7375927437719,245.1889256991694,472.9708600160431
2026-06-09,1457.5801995127756,173.17578661458575,412.3540329594498,284.5374077251754,236.25269400445706,472.3244963024429
2026-06-10,1403.1808323728662,170.57863565042882,403.4336142858253,277.32463393885763,237.09020905058944,461.3281688403701
2026-06-11,1434.3361585825173,167.565095806517,405.0071209753966,281.4145832738815,240.38336952842042,459.26785056855755
2026-06-12,1436.576594405614,167.73680512714836,407.1693064800444,277.9655137497568,236.72431887384735,458.0963009127882
2026-06-15,1487.4052803061957,171.60891777537978,418.1160723308002,286.66977994326226,241.02574314695698,479.9516374825059
2026-06-16,1452.1192707313025,169.06327829735412,422.5309907094806,286.6464703737772,243.3187293647835,485.3942716848825
2026-06-17,1432.7958856616033,162.65843024379265,411.8219764787575,276.74201916167516,240.64357464156504,459.00614606993156
2026-06-18,1475.0832037687437,162.86877317902247,416.621781634361,284.77045008004995,242.3186047338298,466.8020476575393
2026-06-22,1460.8006924711524,157.69165921352754,395.8489852286183,271.25378013741977,241.50548236614688,455.9896339943877
2026-06-23,1400.5203415404037,160.52490885597993,391.83028500311354,272.79189168357766,239.30190288326796,454.65529644037827
2026-06-24,1393.2391387750595,156.8846109959206,390.8793821636192,272.97833267947414,238.3098926021138,450.99182833626185
2026-06-25,1370.4152596840268,151.46280437072076,389.0907520596417,264.51875473558977,223.73061450504545,439.0229690491364
2026-06-26,1347.9413552142253,160.10850687564363,381.93633528436834,271.13726784997846,230.74786450847293,444.9912334299115
2026-06-29,1365.0243044608278,158.21967814753586,400.34315414730963,279.81822447399895,229.0890879303327,454.978749774874
2026-06-30,1400.8704229914952,160.12996562800456,404.5543150347153,277.7208077201436,235.28507640175235,455.53675983842885
2026-07-01,1383.2974451772527,164.96366095223672,408.9013142496375,281.63597973400954,239.36696656881676,495.6648158674764
2026-07-02,1364.044140495688,167.6294851641811,407.4296863057036,282.7662538241429,250.95396030829815,471.39554898744063
2026-07-06,1369.0850142677955,166.0196857196719,414.8444829066362,284.5024522609438,254.23084245747924,485.4589327360331
2026-07-07,1378.7465999727851,166.92117602871332,415.4897495092184,286.6231608042922,252.6045977221134,497.82410009925593
2026-07-08,1429.0852573057268,164.56013684343324,409.70508193224146,283.8732183447912,254.8244307191169,487.74758842969464
2026-07-09,1419.7036726636943,164.99799757613042,406.2750259749345,287.8583012871203,257.12555610126833,510.68251775572105
2026-07-10,1476.9735581407492,165.31567357490894,404.33922616718786,285.8774146006983,256.3937509332588,541.1950806020363
2026-07-13,1424.9545739404848,167.84412509011563,399.05265548902406,288.17291824519657,258.01185650429966,531.1023789898969
2026-07-14,1482.854541931588,165.24269023583537,406.97688036502234,288.3826688105781,256.01969677766635,534.5879058043967
2026-07-15,1487.7553617572871,169.83598989106736,419.893371058525,297.0869350040836,266.2975754161505,550.9804201030962
2026-07-16,1452.0491903431682,172.18415120481464,401.2600974049248,291.1792126290572,270.98116819465207,537.4183816190349
2026-07-17,1419.913700168377,169.05899440723078,392.5547675988278,288.07969774724836,271.37145104984364,522.4330596159467
2026-07-20,1423.204273514888,172.69499527658536,398.4639766739474,291.2957426964905,265.557631083816,522.3036387944836
2026-07-21,1451.2790538827112,170.74606108093684,392.98494533388265,288.45257973904125,266.4927168437462,520.6538935176864
2026-07-22,1484.6748159154592,167.565095806517,387.2568655444113,285.30646349825435,264.98846031515313,507.19699094122115
2026-07-23,1461.5708289316092,163.80460011195757,359.6352886003073,272.26754194011187,261.54894376662537,490.15752061394926
2026-07-24,1448.128534482609,163.85612469867027,361.9559406380981,270.4614325748478,270.7860019525309,481.3345448642497
2026-07-27,1375.8061080773655,167.03279298238536,369.6764080228217,269.62246587330566,273.9490598737896,480.2670452052935
2026-07-28,1379.3067089285594,168.85723235282904,377.77043080821556,269.00489563189154,276.52664388321017,479.8950220430634
2026-07-29,1330.2982970118487,167.65095701712337,381.16652718364344,264.0992713848187,274.98985551184273,473.58711438521436
2026-07-30,1365.5143330284677,193.6481437982699,377.71384302071,274.4115600529453,271.11938510102397,435.9175603681559
2026-07-31,1405.491241754237,199.4949332846341,403.15060625453964,316.4530267280397,251.18163357866834,450.21550084580724
