Date,nvda,msft,googl,amzn,aapl,meta
2023-01-03,100.0,100.0,100.0,100.0,100.0,100.0
2023-01-04,103.0317812815438,95.62567119216328,98.83303397942672,99.207643547432,101.03141738444046,102.10838495016891
2023-01-05,99.6507300265161,92.79155038794283,96.72352446380967,96.85388375921303,99.96001415896147,101.76366963916163
2023-01-06,103.80021265549522,93.88511946465805,98.00268446260321,100.30296217333377,103.63794162079627,104.23280589902457
2023-01-09,109.17219366636348,94.79922051801137,98.76571067867678,101.79445458052155,104.0617170280263,103.79189929516322
2023-01-10,111.1351762094823,95.52133206525977,99.21452980291903,104.71918325117645,104.52544723138719,106.613728729069
2023-01-11,111.77785515269132,98.4097060654115,102.69299252590369,110.80167405736483,106.73220619208068,106.53357960971826
2023-01-12,115.34054657956798,99.55337419834291,102.25538242875677,111.01141573275038,106.66826610030822,109.59595519874172
2023-01-13,118.05097836300187,99.8539160346643,103.36625146021991,114.33232707468726,107.74767270297643,109.81240721952146
2023-01-17,123.66050065549949,100.3214044116045,102.43489970772698,111.92030225275164,108.6911398640767,108.5137074444762
2023-01-18,121.39013887846318,98.42642106360152,102.24418204393369,111.23281219287841,108.1074956004709,106.63781051377377
2023-01-19,117.11491718741551,96.80690377332388,104.40977990638865,109.15870500850818,108.1554041019388,109.1470089836789
2023-01-20,124.61755064905915,100.26714465305125,109.98652583335056,113.31857416199121,110.23424562519818,111.72839105953246
2023-01-23,134.07614141570377,101.25218108741596,111.97260641683529,113.63318223007151,112.82479415208317,114.85488594403652
2023-01-24,134.57911103265187,101.0267878354189,109.62744806404892,112.23491032083194,113.96016851424227,114.75069208888056
2023-01-25,134.9842888002531,100.42992392871102,106.84469689866012,113.23700844878547,113.42448242395659,113.43595014033197
2023-01-26,138.33042776347366,103.51447438779269,109.42547816179906,115.61407780648952,115.10356488053517,118.08559938296293
2023-01-27,142.26337129747057,103.58127531695496,111.50134331158563,119.13306714907341,116.67864689652441,121.64502300829282
2023-01-30,133.85955553036302,101.30644740859121,108.77468913530697,117.1638352473939,114.33598574815215,117.89320444762159
2023-01-31,136.47920064955713,103.43517822637529,110.90662534738694,120.17012074125853,115.36738450564803,119.42438606731673
2023-02-01,146.3010984972474,105.49712780286305,112.69074467089406,122.52388941947348,116.27885057595444,122.75131549836358
2023-02-02,151.65212411182708,110.44328411454347,120.89315982300973,131.56607325054435,120.58846740045652,151.33076251019386
2023-02-03,147.39783776405721,107.83453687445414,117.57181360934908,120.47308291459228,123.5308168207022,149.53502704847534
2023-02-06,147.32096788931432,107.17504586616504,115.46229545145977,119.06315622061024,121.31606069180098,149.15825208972774
2023-02-07,154.8934794092677,111.67876332901339,120.78095720251723,118.9815905074045,123.65074950789166,153.61550639701738
2023-02-08,155.11699026767226,111.33234876503266,111.50134331158563,116.58122047021145,121.46795721589515,147.04984861510906
2023-02-09,156.03912128508784,110.03421619849358,106.60905670376304,114.47214893161362,120.62844082353199,142.6326688674948
2023-02-10,148.55047145631048,109.81720341476849,106.11533233296151,113.73805751276225,120.92472100407178,139.61038018777987
2023-02-13,152.20398296911162,113.24818812569679,106.16022029497631,115.98695090828643,123.19893434008245,143.84317991198787
2023-02-14,160.4680292509258,113.60297659532748,106.23876990736608,116.17338301418691,122.67842300065051,143.88325447166324
2023-02-15,159.02200664195826,112.69494596730816,108.77468913530697,117.87462598675621,124.38406748020468,142.02341206409733
2023-02-16,153.6989081870895,109.69469895021673,107.17011301758677,114.36728253891886,123.0868249696179,138.23953385568578
2023-02-17,149.4097296005233,107.98329182693682,105.86847446869687,113.26030912827456,122.15792407918164,138.59227642826133
2023-02-21,144.28922002945518,105.72787615439803,102.99594737927849,110.20741338543583,118.89875516750249,137.95094762749036
2023-02-22,144.98078152866373,105.24249806993286,102.83886543904342,111.61734007941789,119.2431052830299,137.1813308372255
2023-02-23,165.30909343212429,106.60659811264242,101.98608058348472,111.65229554364949,119.63550049761882,137.9188756301169
2023-02-24,162.66852633832625,104.28426994636763,100.01120902709535,108.94896333312265,117.48140611824347,136.5961311192664
2023-02-27,164.170470110085,104.6776006949029,100.84155854391885,109.25192550645639,118.45034252157048,135.9147030595537
2023-02-28,162.1795269855706,104.36794337664752,101.05474611553629,109.79958481940729,118.04195297056614,140.24369407661575
2023-03-01,158.5609344489135,103.04985387665893,101.39137126155828,107.39920589221823,116.36033724952426,139.0251681201876
2023-03-02,162.8641367743676,105.0751118336412,103.23160485872003,107.35259564324411,116.84080065810237,139.91500858947862
2023-03-03,166.88789370995204,106.82420809496797,105.08303019843261,110.58028648723277,120.94075259437635,148.5089083770217
2023-03-06,164.54070216419444,107.4853266335088,106.74369466299069,109.24027072171387,123.18291516774092,148.228312361495
2023-03-07,162.7101296514045,106.3471645404209,105.31866175105745,109.00722836683929,121.39719966240526,147.91565669822802
2023-03-08,168.94938332646961,106.15886322787024,105.75626320593213,109.43835761235687,122.41415632886765,148.28444144430688
2023-03-09,163.74418320644568,105.58142468223129,103.59065670120494,107.49242639016646,120.58840531064124,145.6549575472097
2023-03-10,160.45336381569223,104.02062973345517,101.69433475720531,105.72128137912998,118.91478675780706,143.90729920746847
2023-03-13,160.4603422634515,106.25093025166605,102.23292980547714,107.702168065552,120.49231511251823,145.02161895910746
2023-03-14,168.1249505776838,109.12566056071566,105.44209068318978,110.5569769177477,122.18992516997554,155.53952984822982
2023-03-15,169.27778480004508,111.07136641402322,107.84335466735851,112.0950795739096,122.5102589449537,158.52974653057123
2023-03-16,178.45154260125116,115.57385010393881,112.56732438103398,116.56956568546892,124.80045419941672,164.28568826327293
2023-03-17,179.7371010177772,116.92536960030743,114.02601030106997,115.2994608484132,124.11981322638488,156.81418488746982
2023-03-20,180.95981329844824,113.91262735096089,113.57718253455549,113.85457869019955,126.04165444273427,158.5778360021817
2023-03-21,183.04892259517777,114.56121128151469,117.72891283412861,117.23374617585709,127.54713377579779,162.0650760215632
2023-03-22,184.92837097963036,113.93774906791081,115.98967283036403,115.00815345982198,126.38601697622475,160.18117652855886
2023-03-23,189.97987145619015,116.18473833382379,118.49189583884099,115.0198082445645,127.26684793167338,163.76463254006083
2023-03-24,187.10127512416656,117.40243284272047,118.31237855987075,114.34397296943379,128.32386494695263,165.15152104565826
2023-03-27,185.36852119807114,115.64917587905666,114.968562438386,114.23910657673902,126.74636142816757,162.6102135294801
2023-03-28,184.52312636865977,115.16793880906262,113.36399496293805,113.30691937724866,126.24185684311414,160.87860971287535
2023-03-29,188.53358147374524,117.37733737625848,113.76795205198222,116.81426282508605,128.74028892005384,164.62242571124472
2023-03-30,191.32136440418125,118.85861303446978,113.20691302270298,118.8534145452247,130.01350267212834,166.61855867060643
2023-03-31,194.07418825245165,120.63696546459556,116.39362991940823,120.356561737155,132.04746567690532,169.90538884271155
2023-04-03,195.3877139347102,120.18925026768935,117.10053321955493,119.33116292971239,133.06442234336774,170.81128383513905
2023-04-04,191.81041723163239,120.1683286288084,117.50447302405465,121.12560862023795,132.6320412877403,172.13402834598955
2023-04-05,187.81393239073932,118.97995591493058,117.22396215168726,117.80470616829706,131.13457154084756,169.53661644626584
2023-04-06,188.903880371224,122.01785925695894,121.65618603908331,118.92332547368787,131.8552852806593,173.2403331856935
2023-04-10,192.6907845118833,121.09309394288366,119.4344652607015,119.0515014358677,129.7492608362716,172.15807308179475
2023-04-11,189.82614507537826,118.34809354518879,118.21139360874584,116.42973493854656,128.76429284264,171.43660751130625
2023-04-12,185.1170297052602,118.6242486782223,117.41470574229729,113.99440943712192,128.2037584082804,171.55684353996554
2023-04-13,184.8934118974647,121.2813624423244,120.5453256498924,119.31950814496987,132.575986602508,176.64742408572425
2023-04-14,186.95455392846168,119.73314803988919,122.1611280792524,119.4476841071497,132.29572559430974,177.56132164045363
2023-04-17,188.65935395749844,120.84619497864917,118.90709652406946,119.71568192625588,132.3117323486882,175.45293051546813
2023-04-18,193.30560982308768,120.6662610091265,117.25762380206224,119.20298696753258,133.30468509256443,174.6753358621677
2023-04-19,195.15013923139617,120.69976975697037,116.89856331730508,121.53344607626249,134.23359840096373,172.9196626104914
2023-04-20,189.3720112240712,119.72061343190217,118.14407030799589,120.96247719382653,133.4488079717859,170.81128383513905
2023-04-21,189.476808258525,119.57414883449147,118.27871690949578,124.63295206807533,132.1435434570653,170.66700307067455
2023-04-24,188.93882608471583,117.90453905061959,118.90709652406946,123.7590299023016,132.3918033744697,170.58681690242426
2023-04-25,183.3423516179137,115.2474646622494,116.52827652090811,119.51759503561289,131.14259354498137,166.38607682595656
2023-04-26,188.33794430035613,123.59538232916904,116.37117729612858,122.32580252883048,131.13457154084756,167.86918132367444
2023-04-27,190.2244112385896,127.55383778195977,120.7248602134071,127.96550930475877,134.85818468876332,191.24580197375542
2023-04-28,193.87853771038868,128.5706504319649,120.44433205649523,122.87345295178538,135.8751413552257,192.65671051589172
2023-05-01,201.99030142816875,127.85931471001217,120.2872328317157,118.91167957894133,135.8030674976519,194.94946931465032
2023-05-02,197.09947904283237,127.79654979336928,118.17773195837087,120.75273551844101,134.96229689102015,191.79093948167232
2023-05-03,194.24883660786745,127.37390381243712,118.27871690949578,120.77604508792605,134.0894382678531,190.01923640612583
2023-05-04,192.57199047588935,127.79654979336928,117.47082865822414,121.1838736539546,132.76014499462022,187.2053848352556
2023-05-05,200.3833333545004,129.98917429877727,118.45825147301048,123.11815898139848,138.99017496972036,186.61215785572824
2023-05-08,203.6741260079061,129.15228249305085,120.92683011565694,123.31624587204149,138.93412028448807,187.00497498797915
2023-05-09,199.62176011024343,128.4618552847351,120.4555670104073,124.23677828678932,137.548784743986,187.08513645696308
2023-05-10,201.81562633540517,130.68377533467404,125.39271565342796,128.39664744027235,138.98215296558652,186.85265461231322
2023-05-11,199.6706092445583,129.76322322391167,130.80114468624274,130.7154517642597,139.13432268486793,189.02515268314616
2023-05-12,198.00776011412034,129.28619935723054,131.855925370868,128.47821315347804,138.38052749147647,187.43784198063912
2023-05-15,202.2907088986639,129.49124191845917,130.73383867003727,129.5735228893838,137.97960113626846,191.48629873034037
2023-05-16,204.10728440991375,130.4452896518214,134.1000728457127,132.1370332429843,137.97960113626846,191.4542267329669
2023-05-17,210.84964138866567,131.678222568962,135.5924463429404,134.5840135291515,138.4767791231192,194.3963539436979
2023-05-18,221.3299196870233,133.57367842574774,137.82539343296202,137.6718736262178,140.36918976702722,197.89163357428086
2023-05-19,218.43735309080733,133.49818202245834,137.74686110511675,135.45793569492523,140.45741939453615,196.92158223747322
2023-05-22,217.82255451695073,134.68916665988527,140.3164246988881,134.01305353671157,139.68759261084008,199.07006027176726
2023-05-23,214.41294109020333,132.20657926479208,137.522429937315,133.9897439672265,137.57064035896357,197.8034201444623
2023-05-24,213.36487716494813,131.61528702414756,135.65977828596257,136.04055047210767,137.79515713100596,199.78354797922026
2023-05-25,265.3611443638306,136.67694548272416,138.55474935638838,134.00139875196902,138.71732748546617,202.57335481428532
2023-05-26,272.11047979034174,139.59987168761498,139.8227003280866,139.95572248597358,140.67392658040777,210.0689893733259
2023-05-30,280.25018403650665,138.89534796728034,138.76794557027804,141.76183185123764,142.1734577091677,210.45372984547583
2023-05-31,264.3410610729818,137.71273723550337,137.87027275270458,140.50338179892447,142.13333527053558,212.21747975725313
2023-06-01,277.86764571704117,139.46983989564905,138.82404255938818,143.05522847778644,144.4107027691623,218.542541985511
2023-06-02,274.772450131003,140.65242437693811,139.89001498656427,144.7797721298448,145.10029709355712,218.542541985511
2023-06-05,273.682528887866,140.87888733631837,141.39363207997627,146.00326671792638,144.00172957389435,217.564525135301
2023-06-06,270.0702864712964,139.9311528453035,142.85230935774,147.52971458934573,143.70500234668458,217.34806076488812
2023-06-07,261.85991541506354,135.61176630870625,137.4550979942928,141.2607827872609,142.59040323671724,211.31951322932844
2023-06-08,269.0920471296555,136.40016033798028,137.05114954752088,144.7797721298448,144.7955851161027,212.1051474938303
2023-06-09,270.9088231710133,137.04177476398843,137.15215178319028,143.8242842508654,145.10834393361705,212.40181038212665
2023-06-12,275.88389493906794,139.1637329558863,138.73427527763081,147.48310434037165,147.3776273382947,217.29194403170942
2023-06-13,286.6448485452911,140.18697697543453,138.9474714915205,147.58797962306238,146.9927449913543,217.5084331013887
2023-06-14,300.44541079160797,141.46597949889394,138.76794557027804,147.3083181292177,147.50591731462046,219.13581836357113
2023-06-15,298.0416430180396,145.9782808712957,140.36128673408618,148.11232936652823,149.15781685007065,225.93394564049612
2023-06-16,298.31417680351933,143.55857652004107,138.610863630043,146.22465428805845,148.2837661024503,225.2685474046536
2023-06-20,306.112257957653,141.76373878349463,138.1283482863368,146.5625719256238,148.35591446780242,227.93806881252658
2023-06-21,300.7807773442688,139.88083065993987,135.26704750855822,145.4556074049755,147.5139889906065,225.78160056556382
2023-06-22,300.6409944903016,142.4598623476914,138.18447120226364,151.6546193886012,149.95167239227897,228.37900011565432
2023-06-23,294.9391481360693,140.49308391519727,137.27557207305037,150.69914039961776,149.69506760370132,231.46546983901573
2023-06-26,283.9197245892759,137.80082074775567,132.78723391199972,148.36868129088788,148.56443690342942,223.24039184645108
2023-06-27,292.6123304492871,140.3043691574617,132.77603352717662,150.52434529846784,150.8016571274979,230.11861884419412
2023-06-28,287.30868341489673,140.84116538516162,134.85187275014647,150.36121387205642,151.75590308053032,228.70769795242464
2023-06-29,285.24728737909624,140.50563164842828,133.64002740983062,149.03286178127607,152.02851462348644,225.6934241846448
2023-06-30,295.5889458981132,142.80791756716778,134.3132690596024,151.89932541821432,155.54077404019858,230.06252681028178
2023-07-03,296.3645963559535,141.7385776908128,134.5377002274041,151.7361939918029,154.32996055247764,229.29294706891645
2023-07-05,295.69375630124085,141.80564768747638,136.6135480926462,151.92263498769935,153.42380937035898,235.98681874251957
2023-07-06,294.1984433917208,143.11405075741845,134.77333178002894,149.5688663094844,153.80874138915158,234.0788251151773
2023-07-07,296.99351224941506,141.41568356401822,134.0664284798822,151.2234901430836,152.90257778906982,232.90842567925915
2023-07-10,294.73645230287775,139.1553327997484,130.66649808474284,148.1356300460173,151.242693503375,235.7704037706394
2023-07-11,296.3086350871407,139.42374403884233,131.44075061245624,150.05826058871864,150.81770113576553,239.1294298983261
2023-07-12,306.7691411168471,141.40728340788033,133.44927517694836,152.41202926693362,152.17289827993204,247.98779708046027
2023-07-13,321.2683502595227,143.69695596716906,139.7441680002413,156.4903327072109,152.7903318210117,251.25054546786058
2023-07-14,317.71867323665685,144.7789092029748,140.73159081502763,156.93310784747504,152.91062462912976,247.61100977207948
2023-07-17,324.6503306373843,144.98439802249825,139.86757964782913,155.62805643618373,155.55683046642926,249.01390340228073
2023-07-18,331.8685321938054,150.75474090374655,138.86893052140297,154.77744383989508,155.34832044876532,250.1602951512932
2023-07-19,328.95472277481264,148.90536777852358,136.9277292576608,157.72547319003905,156.44690038639112,253.33491655630723
2023-07-20,318.0750553446387,145.46245878345263,133.75223003032315,151.43324070846512,154.86722372407138,242.52044157595395
2023-07-21,309.6130591088562,144.16246899489244,134.67233818663178,151.47984206744326,153.9129653530759,235.89866706086698
2023-07-24,311.7303629387741,144.7243606890543,136.3666815861093,150.0815701582037,154.56247449272774,233.77423376237815
2023-07-25,319.1860990924876,147.18602644526655,137.12970780218288,150.46609804474318,155.2601280751456,236.06701726040308
2023-07-26,317.59993267535845,141.6462941004916,145.05160343965892,149.3241602798713,155.96577882577108,239.35387213177455
2023-07-27,320.73031461101806,138.68985914775692,145.19746771052638,149.44069034730458,154.9393720894235,249.88771404770156
2023-07-28,326.66977577458596,141.8979050273097,148.76570635754064,154.05500720578624,157.03229558278773,260.92673005856875
2023-07-31,326.5230412102072,140.87051343066838,148.9228055823202,155.7678782931101,157.52944873371237,255.41128508245203
2023-08-01,324.9717670318743,141.04664107944106,147.60994072179048,153.4490828591187,156.855861163696,258.7060931175927
2023-08-02,309.33352013826953,137.33949467285723,144.052962955505,149.39408898832647,154.42617493023124,251.97208513614822
2023-08-03,311.05249096160674,136.98725250055585,144.1314952833503,150.20974612038353,153.2954945581071,251.0742421045553
2023-08-04,312.20543213335895,137.45691310537234,143.7499821753135,162.63109743711195,145.9342750743976,249.10212918173244
2023-08-07,317.35528594356805,138.4340350176259,147.58750538305532,165.71894864418226,143.41635921342387,253.77582316016864
2023-08-08,312.0937234945152,136.73145462091276,147.44164111218785,163.06222668262956,144.17815157502304,250.6333108014276
2023-08-09,297.3498943573969,135.129479219195,145.48923082135033,160.6269011812049,142.88709321003785,244.67693452218313
2023-08-10,296.18992126318994,135.42303842572673,145.52288382945306,161.4542042080085,142.71069604483532,245.10181130217435
2023-08-11,285.4779237406726,134.61788345990882,145.3769849894966,161.27942688685053,142.7588529055643,241.81498113006924
2023-08-14,305.7279620586341,135.88856457869412,147.3631001420703,163.79632699147692,144.0998190640693,245.46251938815226
2023-08-15,307.03464297987205,134.97435196076708,145.62386013830576,160.41715061582335,142.48586882371652,242.06350514822245
2023-08-16,303.86228340826585,134.6465489927294,144.41203208253438,157.38756444246968,141.7792991438249,235.92272414630537
2023-08-17,302.8700604337586,133.16729462208878,145.7809420785408,156.117450715418,139.7156572073454,228.54739971372317
2023-08-18,302.55560248702784,132.999199622623,143.02064353643163,155.23188265489773,140.10909553083098,227.07231012794034
2023-08-21,328.18602402738384,135.26850180327727,144.0417193593207,156.93310784747504,141.1930967798297,232.40337508065082
2023-08-22,319.109202480397,135.5122375837161,144.8383899412248,156.43206767349426,142.3091860453637,230.55957484658825
2023-08-23,329.2272298229446,137.42017554751297,148.53008344718808,157.9119141859355,145.43273838251437,235.88261253773047
2023-08-24,329.5556981398894,134.46582750856882,145.62386013830576,153.62386018027667,141.62668237787352,229.87814678687553
2023-08-25,321.5548676778687,135.73078602098516,145.7360714010705,155.27848401387584,143.41731539657914,228.87604815196076
2023-08-28,327.263719217208,136.0333622701212,147.0040310150409,155.1386621569495,144.68594692028617,232.69201070737898
2023-08-29,340.88252097361107,138.01271468633422,150.99862752074554,157.20112344657323,147.84161210989822,238.88888374320837
2023-08-30,344.2366142977833,138.17240952966213,152.46857432151032,157.38756444246968,150.6760742671182,236.57204315974502
2023-08-31,344.8724551643087,137.73955210892484,152.7939731558925,160.81332439710937,150.852744627508,237.20540644711363
2023-09-01,338.96093452912555,138.1177953895218,152.22169917270122,160.9415003592892,152.12944782720106,237.5981494815655
2023-09-05,339.23346831460526,140.1727623362199,152.3451626739225,159.95106590607418,152.32216219585848,240.62047521017993
2023-09-06,328.86996538248746,139.89121272791658,150.87525044224668,157.72547319003905,146.87005551636653,239.83486564494444
2023-09-07,323.13969722761107,138.64306765301998,151.77285412164224,160.6269011812049,142.5741977949299,239.43402125112527
2023-09-08,318.46459176381404,140.4753648358439,153.02963063533406,161.069676321469,143.07200909789645,238.808759323124
2023-09-11,315.71128664328444,142.01765975325065,153.63555762662807,166.74435634162086,144.01952451495282,246.56084636482066
2023-09-12,313.5589568878315,139.4247415573837,151.8626300456718,164.56536498456384,141.5624566729508,241.8310109539394
2023-09-13,317.856637950978,141.22759881799303,153.399917431731,168.78350806175953,139.88425589174912,244.5566984935238
2023-09-14,318.52753148038613,142.3370363146625,154.95958830289194,168.63202253009464,141.1128022307132,249.89579070780255
2023-09-15,306.78045101493973,138.77334882462128,154.17414403262768,163.58657642609538,140.52663712060718,240.74876319967387
2023-09-18,307.2416435260492,138.28587726374363,155.0830518041132,163.10882804160767,142.9034104134927,242.54452336065876
2023-09-19,304.124924375083,138.11356906096492,154.89226500214198,160.37054925684524,143.78668770766328,244.5647010558257
2023-09-20,295.17304645406955,134.80204375798834,150.06731897961382,157.64389858683734,140.912065857922,240.2357100387636
2023-09-21,286.633485172503,134.28093219682722,146.36445101564414,150.69914039961776,139.65942867063035,237.07711845761975
2023-09-22,290.77750669820693,133.2219218874731,146.15124615948224,150.45443437000466,140.34997917818043,239.76269438862926
2023-09-25,295.05425241807563,133.44464415232318,147.11624227780567,152.9596885798845,141.38582356645017,241.1656127180968
2023-09-26,292.88096058199716,131.17532884642492,144.26615916939468,146.7956231704944,138.07759128273895,239.66651544540832
2023-09-27,296.7733836654992,131.44849142383435,146.47664499386443,146.7956231704944,136.84905736173795,238.68847389593196
2023-09-28,301.1130423645922,131.80569493835466,148.46270829280468,146.7956231704944,137.05781573866298,243.674811188002
2023-09-29,303.978216548052,132.69241017017404,146.8357141208938,148.12398415127075,137.47538216436527,240.6685646817904
2023-10-02,312.9439978898885,135.23490117872566,150.54979975423106,150.85062593128265,139.51489599862805,245.96761938529332
2023-10-03,304.103908819762,131.70064048565501,148.59735489430457,145.32743144279567,138.43088233166628,241.25373970048312
2023-10-04,307.76577575373085,134.04138336921338,151.75041878290708,147.9841534043484,139.44263587160845,244.97354801194678
2023-10-05,312.2870879933467,134.20950461916712,151.55970111911375,146.77231360100933,140.4463425714907,244.34018472457817
2023-10-06,319.79236845241627,137.52944320352555,154.37611393487754,149.10277270973924,142.51799409414093,252.86997756627386
2023-10-09,316.3751749875855,138.60529320088736,155.31865742992133,149.45233624205113,143.72243716681442,255.21882839894477
2023-10-10,320.04388668257496,138.00431453019632,154.91471762542162,150.87391772077572,143.2406698721155,258.0086599332762
2023-10-11,327.0880548425782,139.69791726003706,157.70871238699473,153.61221428553014,144.37284039980625,262.8026393389044
2023-10-12,328.05939594850304,139.16839241749406,155.93578480603847,154.1948290627126,145.10352576395152,259.86848999120895
2023-10-13,317.6889947806692,137.72695187471797,154.12925607061288,151.23513603783013,143.6100173472735,252.2767011882138
2023-10-16,322.1194267753281,139.79033210279798,156.0816836459949,154.45118098707226,143.50563194982945,257.455495163791
2023-10-17,307.0459528779647,139.54660944760312,156.77736927677404,153.19273093475908,142.244972758404,259.74022670098134
2023-10-18,294.8726256149005,138.7271479658628,154.80250636265689,149.30086849037824,141.1930967798297,254.10452099693893
2023-10-19,294.2087105332517,139.2356592928171,154.5668834523043,149.61546766846254,140.8879750095944,250.76957665395705
2023-10-20,289.219227334767,137.28148109452985,152.15437587195126,145.8517811862615,138.81633590490722,247.43465701024147
2023-10-23,300.31634961408315,138.39513179451222,153.16425995228946,147.4714495556291,138.91266204432827,251.73161307882964
2023-10-24,305.12423274674046,138.90365624671048,155.75628481161272,149.80190866435902,139.26599034714476,250.56116424437874
2023-10-25,291.9585220850827,143.16492420302862,140.94479567118952,141.44721489316137,137.38704077518886,240.12342717387352
2023-10-26,281.80469343391565,137.794218750041,137.20825741457264,139.326497459817,134.0065856183472,231.1607796891511
2023-10-27,283.02070800897866,138.60104062184254,137.08482848244032,148.84642078537956,135.07450560518913,237.87878254599173
2023-10-30,287.63987894131066,141.7528842067352,139.6543920762117,154.63762198296874,136.73664996016007,242.63269974157774
2023-10-31,284.97732037899925,142.08910045615474,139.22799964843236,155.08039712323284,137.1220662795118,241.5183429410392
2023-11-01,295.77407529384175,145.43425263417083,141.88732188168885,159.63644894799788,139.69154152309173,249.99997221332535
2023-11-02,304.0270924197146,146.37982145993138,143.05428790226213,160.88325310556453,142.5822197990637,249.2143379488235
2023-11-03,314.5023307280239,148.2625064543387,144.86085120677666,161.5008233469786,141.8435124307846,252.2045546311649
2023-11-06,319.7154718403256,149.8300018401592,146.15124615948224,162.82918432775494,143.91516395343487,253.1665910560375
2023-11-07,321.141107221644,151.51099121054912,146.9591776221151,166.2899175266182,145.9948250622559,255.58768724282274
2023-11-08,325.4667822878707,152.63306831715735,147.9353741252616,165.55581721777085,146.85397425420973,256.357192886389
2023-11-09,328.0943683993426,151.57821871014028,146.14001120557018,163.83128245570848,146.46857035282105,256.97452634988747
2023-11-10,337.7728872197951,155.3520413560687,148.77690674236374,167.28035197983323,149.8695648205564,263.56419181870143
2023-11-13,339.7645255153507,154.0954961250342,148.2158677130845,166.15007788969987,148.58315077375397,263.9008922177737
2023-11-14,347.00427737404755,155.60420354313337,149.93265509356945,169.89047258240782,150.70576561678376,269.6087691781313
2023-11-15,341.6373163002168,155.66736221709522,151.0547504366724,166.86086862906217,151.1640381253818,266.7227833998454
2023-11-16,345.77438611550923,158.40451371889876,153.64675801145117,166.4297393835446,152.5308709009313,267.9092126596337
2023-11-17,344.5025172210244,155.74314737575185,151.82899432211357,169.168018168307,152.51480205673755,268.59064071934637
2023-11-20,352.2664013074028,158.93926240854,152.88376636446657,170.27500046894727,153.92986620079435,272.542869127294
2023-11-21,349.0168510128809,157.09907695409288,153.6916286889215,167.67652576111922,153.2786061283517,270.1458794244799
2023-11-22,340.4354457821065,159.11193811814977,155.39719840003886,170.95083574407798,153.81730978365985,273.76143213262174
2023-11-24,333.8665874528178,158.93507545571504,153.37746480845138,170.9857912083096,152.73992730896967,271.1480521571938
2023-11-27,337.123009245708,159.4319578165159,153.06328364343676,172.13935708793602,152.5951835315954,268.3180843150211
2023-11-28,334.18104539954857,161.15426545490914,153.9497387916427,171.32369995587894,153.08565581839625,271.7572842613249
2023-11-29,336.41021829239656,159.533035320294,151.4699251950842,170.49639692907533,152.25748944426573,266.313911744458
2023-11-30,326.83640292568083,159.55830141492754,148.7095834416138,170.22838132997717,152.7238336288498,262.26552909255577
2023-12-01,326.80151068688446,157.7054632252977,147.9577921794523,171.32369995587894,153.76104399305564,260.39764707378833
2023-12-04,318.03136651843704,155.44416744346233,145.05160343965892,168.771844387021,152.3057456486992,256.54957547209716
2023-12-05,325.4394567184839,156.86746889907818,146.98159567630577,171.148922634721,155.51380222444214,255.16273636503243
2023-12-06,318.0104311751593,155.30097103179907,145.89317062585002,168.39898017522003,154.62938247767048,254.48933556688797
2023-12-07,325.6491577367824,156.20635036053733,153.64675801145117,171.148922634721,156.19723723916147,261.81659522712613
2023-12-08,332.00895674411834,157.58757228399983,151.4699251950842,171.77813877088158,157.35502602463563,266.75484304758567
2023-12-11,325.8657302534493,156.35372059978167,149.5623682971725,169.99533897510258,155.32082707856057,260.7664071206009
2023-12-12,333.06422638458855,157.65073095796168,148.6983830567907,171.84804969934478,156.55100017068492,267.9332697450721
2023-12-13,336.0764025059044,157.6465046294048,148.7544714036286,173.43276260448079,159.16407488255246,268.3501439627614
2023-12-14,337.90740281625824,154.0924248179463,148.04756810348186,171.77813877088158,159.2846533038208,267.0915434466579
2023-12-15,341.6813527119391,156.11371238862904,148.7881589808203,174.74947769051062,158.85052131540255,268.49448647539185
2023-12-18,349.9770426447996,156.9222274169021,152.37879839748075,179.52692597540369,157.49973254812068,276.27063060252686
2023-12-19,346.67139739472617,157.17908844130642,153.3325768464366,179.20064534258887,158.34399260237103,280.8721780239142
2023-12-20,336.23712070314946,156.0673802774309,155.22888150589174,177.25471412039846,156.64746290769958,280.0063699407952
2023-12-21,342.3803204564707,157.29700563309223,157.56283083158277,179.25891037630552,156.52687206846818,283.862419405522
2023-12-22,341.2620308873852,157.73494252324417,158.7634498602588,178.7695160970713,155.65852116589028,283.301252073735
2023-12-26,344.40003296714974,157.7686350245035,158.797120152906,178.75787020232474,155.21632991944904,284.455621685783
2023-12-27,345.3645025747063,157.5201872814811,157.5067079156559,178.67629559912305,155.2967113943069,286.86066334943166
2023-12-28,346.0983090833388,158.02969612697677,157.34960869087638,178.72291473809315,155.64243990373348,287.25348048168263
2023-12-29,346.0983090833388,158.3497552010748,156.74368169958234,177.0449813350089,154.79822952133532,283.7582132007328
2024-01-02,336.6354537097301,156.17265785927796,155.03814655755394,174.70285855154052,149.25851411248726,277.6094296365139
2024-01-03,332.44921391195004,156.05896699604904,155.87967917465608,173.0016333589632,148.14092227342354,276.1503698746012
2024-01-04,335.44740640039964,154.93885867603566,153.04083102015716,168.45724520893668,146.2595015268196,278.2748525716228
2024-01-05,343.1280838606217,154.8588209383342,152.30024014281872,169.23794687676218,145.6725789209672,282.14683306315425
2024-01-08,365.1846578157579,157.78124838395433,155.78995510425995,173.73573366781054,149.19418906386005,287.5260121867415
2024-01-09,371.38371188850095,158.24446449398377,158.15754015350922,176.38079195462475,148.8565073944934,286.53996807496327
2024-01-10,379.8401200186065,161.1837053771237,159.64990500846469,179.1307344141257,149.7007301948546,296.99375966860504
2024-01-11,383.1388135582684,161.96695431076324,159.42548248293517,180.8203137119565,149.21830474811372,296.35241851820086
2024-01-12,382.35613117797334,163.58399749255338,160.06504519778747,180.16778800631084,149.48365178268241,300.21644584596316
2024-01-16,394.04131468340944,164.3419540810715,159.88554520336174,178.46656281373353,147.642440400452,294.58071544265437
2024-01-17,391.7420097274482,164.0050815694537,158.74101452152362,176.77698351590274,146.87861149291172,295.3101835754448
2024-01-18,399.10817576624396,165.85791975908353,160.99640559255263,178.86273659501953,151.66253241631645,301.53118779451177
2024-01-19,415.7694203216009,167.87920732976625,164.25044579000783,181.00675470785293,154.0183069336752,307.3993876928372
2024-01-22,416.9085917592687,166.96961479771505,163.81283569286092,180.3542290022073,155.89168084021924,306.0605639595838
2024-01-23,418.43919796780114,167.97604537974348,164.99101938280177,181.79912005041695,156.928878786462,308.80230602230483
2024-01-24,428.8454539189499,169.5172640271451,166.85368831869866,182.78955450363196,156.38212829109395,313.21147085798395
2024-01-25,430.62755162029333,170.49001523315815,170.41065744271188,183.81496220107053,156.11680609245136,315.1995889054106
2024-01-26,426.5321653301224,170.09417100040346,170.76974385428576,185.4113210009531,154.70976395252836,315.9692180453087
2024-01-29,436.55409864490446,172.53230319418563,172.25089103987364,187.9049115360944,154.1550162889526,321.48466302142543
2024-01-30,438.71356727220297,172.05647372470537,169.9506465759188,185.27149914402673,151.1881786455616,320.71508328006007
2024-01-31,429.99858225213626,167.4202175482937,157.20379627364233,180.84362328144155,148.261525530618,312.762512293288
2024-02-01,440.4817882900711,170.03098607595368,158.3931630638618,185.59776199684956,150.23943385016275,316.4822959054853
2024-02-02,462.3776173106145,173.16398181051193,159.76211627122942,200.198086890643,149.4273611561521,380.7839954681786
2024-02-05,484.5459801166377,170.81848758863805,161.22079354899316,198.45024255909559,150.89872834470228,368.29407045329884
2024-02-06,476.79541122943203,170.75107633563138,161.69210850787627,197.09857200883417,152.20122365366151,364.53429872885846
2024-02-07,489.90639054027287,174.35568833635696,163.3079195795085,198.70659448345523,152.2896892224685,376.45502915038287
2024-02-08,486.70550221863175,174.38094130574652,163.7230770533758,197.9025832461447,151.4133038977937,376.7836775886205
2024-02-09,504.12156883794205,177.09281358767257,167.19032210699288,203.2742922029668,152.03318377759527,375.2684763942628
2024-02-12,504.9252935109059,174.8652103070966,165.54082345816894,200.81565713205705,150.6645752333289,375.90186438089773
2024-02-13,504.08664986179804,171.10060158243192,162.85907452844955,196.50431133690515,148.96593448493797,368.86319094885505
2024-02-14,516.4706941623747,172.75434294634954,163.75674734602302,199.23094422692108,148.24944285256507,379.41313678645133
2024-02-15,507.79068159314755,171.51824684541324,160.19972636837633,197.85598188716656,148.01598514712276,388.0310813097996
2024-02-16,507.476196909069,170.4635678665677,157.67502480980303,197.51805535960523,146.76816612949665,379.44522113345795
2024-02-20,485.3846772404411,169.92778228265317,158.34825781730254,194.68655607689456,146.16439234777795,378.1865959180881
2024-02-21,471.54686986872696,169.67043562422216,159.9528512195672,196.44604630318852,146.77622538751962,375.6025339718341
2024-02-22,548.884648196997,173.66558925914035,161.6808908385087,203.42577773463168,148.42656025962484,390.1280737233582
2024-02-23,550.8345494927357,173.11295086197416,161.53499199855224,203.90352611911936,146.93723669649648,388.44276868155254
2024-02-26,552.7565369974373,171.93170515556957,154.3648789809655,203.6005550557896,145.84238214778728,386.60504446701543
2024-02-27,550.0237661599695,171.90638655996017,155.83484306627474,202.21392904129664,147.02578919104482,390.86635949424056
2024-02-28,542.7696028708425,172.00762156666588,153.02963063533406,201.77115390103245,146.05167449712374,388.43476611925064
2024-02-29,552.896266376709,174.50514548939177,155.36352810739166,205.9659696287511,145.51231268977364,393.3381632748708
2024-03-01,575.0296567318926,175.2898250746236,153.8823636372593,207.66721260132041,144.6347973304608,403.10482127826975
2024-03-04,595.7025462043093,175.04514427661923,149.6297261670114,206.92146639772653,140.96377425608483,399.80645654877276
2024-03-05,600.8115720845245,169.86871868480856,148.86666538184886,202.88976431642732,136.95464730159836,393.41040862898507
2024-03-06,619.9336419135199,169.6324511681861,147.44164111218785,202.17897357706502,136.14959075671405,398.1211762062335
2024-03-07,647.6735867156023,172.6066970769819,150.78545723367262,206.03589833720628,136.05299142210575,411.0416835316345
2024-03-08,611.7424950103095,171.37481417935857,151.9412055848783,204.32300946989042,137.4457280685889,406.0340554719589
2024-03-11,599.4835814971404,170.6576377238412,154.47707295918573,200.37288199179292,139.0719224205143,388.08964327034835
2024-03-12,642.3898055305802,175.19700334929976,155.40841606940643,204.3696108288686,139.45834459487358,401.05838826295803
2024-03-13,635.2259610021077,175.12108693820346,156.85592753143604,205.7329272738765,137.76773826857956,397.7038574017496
2024-03-14,614.6500746272797,179.39046629529227,160.56999588022882,208.28478284273447,139.27318034775388,394.7024272524789
2024-03-15,613.902284485781,175.67796478917052,158.41561568714144,203.2393367387352,138.96726382788304,388.4989842117967
2024-03-18,618.2213821644644,176.0576518466037,165.70915763686054,203.30924766719835,139.8528011913297,398.83540489167734
2024-03-19,624.8121383815496,177.78310954354865,164.97980171343417,204.96387150079758,141.75273712084933,398.24156043049095
2024-03-20,631.619627539388,179.39469262384915,166.8985417116245,207.5856379981187,143.8378000435995,405.68893262305653
2024-03-21,639.0489739308855,181.14126883833453,165.61938171283094,207.5856379981187,137.96092451983307,407.486569928285
2024-03-22,658.9959444122519,180.87546952278976,169.17638540593313,208.42460469966082,138.69353466825194,408.94711164617956
2024-03-25,663.9791443340184,178.39481153855948,168.39092385112443,209.40341103812128,137.54233982116023,403.68258651705327
2024-03-26,646.9186844396056,177.88435767549828,169.0641741431684,207.76043309926862,136.62456542562165,397.96068037340103
2024-03-27,630.7668665706751,177.79154907541843,169.2885793841534,209.54323289504765,139.52273173331605,396.33156616257315
2024-03-28,631.5077584764578,177.49203100812636,169.3558854003589,210.18411270594677,138.04950185030754,389.6866731341696
2024-04-01,631.5566878228159,179.11625369836563,174.47259453371095,210.871593875824,136.88218848716986,394.31726689280083
2024-04-02,625.1895627822001,177.79577540397534,173.4290747298145,210.54533102300118,135.9241923092947,399.14839399504024
2024-04-03,621.7788932302172,177.37811701575004,173.8330145343142,212.54952727890824,136.57628438526208,406.6679621431875
2024-04-04,600.3991752330344,176.29387998749425,168.90709220293334,209.74131978569065,135.9080862112118,410.02254240292865
2024-04-05,615.0973369802184,179.5170330228513,171.1175607428586,215.64904216071707,136.5199068329904,423.1998480007148
2024-04-08,608.9818103818047,179.12468010499146,173.75447356419667,215.78886401764345,135.61020411343785,416.70739884430895
2024-04-09,596.5481415638287,179.83765648243988,175.71813609349073,216.34816922534088,136.59237806538192,414.8215604588951
2024-04-10,608.324873747915,178.56358905071147,175.20196774168178,216.67443207816368,135.0708298881247,417.17298001526785
2024-04-11,633.3249355780317,180.5337537961487,178.87116541300426,220.2866508086918,140.91548079776223,419.8453912373054
2024-04-12,616.341318821014,177.98981901076084,176.9860611383722,216.88418264354522,142.13107520125948,410.80899174322053
2024-04-15,601.0701757118335,174.50514548939177,173.76569123356424,213.95944508289432,139.02361654422864,401.44359802116884
2024-04-16,610.9527807075598,174.9016853600766,173.2495401662998,213.6098904405784,136.35892035993962,401.06644022379265
2024-04-17,587.3295318617944,173.74574512403748,174.45021104860922,211.2328121928784,135.24794729518447,396.5803618726564
2024-04-18,591.7746693977085,170.5521501380907,175.05608618626982,208.83244215568536,134.47507811053987,402.70355699692243
2024-04-19,532.569946405655,168.3794891287542,172.90168870863798,203.48404276834833,132.83281491442068,386.06736613754043
2024-04-22,555.7597828446092,169.15574230736016,175.35903239737237,206.513628941702,133.50904751056785,386.5970172054472
2024-04-23,576.0632156460007,171.94433164026438,177.58080502938762,209.20530636748632,134.3623975137748,398.12922816706805
2024-04-24,556.8710404912399,172.5729520747467,178.55698424798965,205.7678827381081,136.06908510222559,396.0426835431814
2024-04-25,577.5238769528542,168.3457572517629,175.04488580144672,202.36541457296147,136.76947063651562,354.2154392273625
2024-04-26,613.1892528963399,171.41698558821963,192.9420809606335,209.29852686543455,136.294495967608,355.7482262993713
2024-04-29,613.3430995952166,169.69994117265654,186.43400056572315,210.85994798107745,139.67570862019605,347.18536114001444
2024-04-30,603.8728379762849,164.24930298391922,182.65259163163594,203.91517201386588,137.1237178685982,345.2191760411188
2024-05-01,580.3823667993797,166.61604697577317,183.86446289876847,208.5760902313257,136.294495967608,352.4579135307089
2024-05-02,599.7841627603958,167.83949034152673,186.96136930235517,215.24120470469254,139.2973332858967,354.4561582773447
2024-05-03,620.5557665206562,171.5604182542743,187.65708950222327,216.97740314149345,147.62957539072653,362.7060343333387
2024-05-06,643.9761858464914,174.46296095528675,188.6220856205467,219.8788133526673,146.28514462052908,373.7165967893547
2024-05-07,632.8915231712206,172.691066145192,192.15663669036925,219.94872428113047,146.84060010799902,375.7710570662347
2024-05-08,631.8991932473225,173.19731993018422,190.05834484411977,219.06315622061024,147.1143416855932,379.27002923713906
2024-05-09,620.2622973918988,173.9482413879368,190.70915979742858,220.81100055215765,148.5875964045278,381.5330995177283
2024-05-10,628.1668734020675,174.96920161503502,189.2392129966638,218.4572318739427,147.56379744042187,382.15910242372047
2024-05-13,631.8082862650177,174.53887736638305,189.78903435657548,217.39688649226449,150.16763318777618,375.58647944869756
2024-05-14,638.496901174819,175.73701526177118,191.135517656119,217.97950126944698,151.094646547828,378.66813281511804
2024-05-15,661.3791511654108,178.80959549835634,193.5704260061182,216.7210512171338,152.9407133536131,386.4445486341831
2024-05-16,659.4850239770508,177.92630595521194,195.44434718047165,213.97110875763286,153.03743686785194,379.775598520341
2024-05-17,646.3455961282182,177.59665232777516,197.5538566960887,215.2178951352075,153.06166431377312,378.7162716852612
2024-05-20,662.4274690954695,179.76475887745565,198.51887009895663,213.86622458494608,154.004821025797,376.2525445647319
2024-05-21,666.6630392998237,181.32852669398994,199.56237261830861,213.41178576994344,155.06086943995794,372.87395661808506
2024-05-22,663.6156233541909,181.95402332040845,197.91290853857362,213.38849398045036,153.89196657754917,375.401877131894
2024-05-23,725.4623706254943,180.46631629265408,194.73744388032492,210.96481437377227,150.65131284878566,373.7968694050373
2024-05-24,744.1232212060322,181.80187549236072,196.35320309832375,210.61524195146438,153.15032856998897,383.7801646737137
2024-05-28,796.0662944515926,181.8695098745148,197.93534387730878,212.2465562155785,153.15838782801197,385.14445335058826
2024-05-29,802.5241660504266,181.38346896522938,197.37428756348504,212.0950884639056,153.40022765851668,380.68240738562406
2024-05-30,772.2963110414485,175.2552269315306,193.12163280869268,208.94897222311863,154.20636456618683,374.8160352330095
2024-05-31,766.2367724491952,175.4496249199032,193.55920833675063,205.59310541695015,154.98025202380202,374.63948487704056
2024-06-03,803.7471858105965,174.76917289700123,194.31099959891213,207.8070344582468,156.4151973267106,383.19429807556287
2024-06-04,813.790589215611,175.84692605473805,195.00671979878024,208.9722640126117,156.67316809122434,382.79303379421543
2024-06-05,855.746193587622,179.20265717939031,196.82448348811786,211.2328121928784,157.898485759794,397.29459055810025
2024-06-06,845.6679246811588,179.4181999357913,198.30563067370574,215.56746755751539,156.77795086348615,396.2512935468906
2024-06-07,844.899118984339,179.13502279723625,195.75851106094174,214.7518104254583,158.7207411835101,395.6092855162946
2024-06-10,851.2032508336872,180.8340200023468,196.6010116125348,217.96783759470847,155.68160615921033,403.345540328252
2024-06-11,845.1222688885492,182.86692341393896,198.40963177784243,218.16592448535147,166.99175031251357,407.253804042072
2024-06-12,875.1079904764241,186.40863924558198,199.72400039374193,217.76975070406544,171.76412253027672,408.3532671849931
2024-06-13,905.9324626627978,186.62839520529587,196.76955320576016,214.20415111250742,172.7072544063745,404.54935787156046
2024-06-14,921.7990465060736,187.04681485767117,198.6006432788919,214.00606422186442,171.296524131424,404.9992056098456
2024-06-17,915.5083902799848,189.49812479639465,199.10616435130112,214.47214893161362,174.66617566040745,406.98339647392044
2024-06-18,947.6610134778291,188.6401407236157,196.69090852837573,213.01561198865744,172.74756311445245,401.24770813963704
2024-06-20,914.1103478415307,188.36965569597527,198.05021695992343,216.8492271793136,169.03126414677635,403.02306670660533
2024-06-21,884.6839180936109,190.09402399767106,201.79104178357142,220.32160627292342,167.26580233918412,397.4641263224219
2024-06-24,825.5511720416646,189.202255546925,201.3304259577215,216.23165693789957,167.78981554419767,400.7817564796827
2024-06-25,881.3288087502249,190.58854381455814,206.7338338303648,217.12887089316632,168.5395252277439,410.17249164902364
2024-06-26,883.4956568854986,191.09992956994088,206.56534409077292,225.60009473179727,171.90918917469037,412.19686821947244
2024-06-27,866.6505395897568,191.39153311512177,208.28410190932857,230.54067444310178,172.59442479405274,417.37017895791695
2024-06-28,863.505158002017,188.89795989082947,204.62188719397605,225.18061138102618,169.78903308834555,405.0473938785215
2024-07-01,868.8172273009443,193.03136172043597,205.56553689986657,229.78326456476935,174.73067456051743,405.41689490332493
2024-07-02,857.4240691074879,194.10908862768488,208.0931076928236,233.0459108729896,177.5682908803535,409.2889000941227
2024-07-03,896.6360472788498,194.73882470790426,208.74470045063399,230.237703379772,178.60013668451936,409.65842581819254
2024-07-05,879.511631648651,197.60854117375908,214.11440346154114,233.0459108729896,182.46153955049832,433.7176353935053
2024-07-08,896.0770228123719,197.0506395537627,212.35068854279277,232.21859006619403,183.65464502290214,425.2105164783317
2024-07-09,918.3042612581112,194.21898629540777,212.29449648868803,232.27685509991068,184.3479026463983,425.7569136488331
2024-07-10,942.9779135470587,197.0548658823196,214.76592708117366,232.80120484337647,187.8143025255467,429.5244409429118
2024-07-11,890.4853343308148,192.17341702338894,208.463843887377,227.27802813488148,183.4531014825123,411.8595009402084
2024-07-12,903.3463194403178,191.6873761141035,207.9021826144965,226.62550242923584,185.84732201349075,400.7496227341433
2024-07-15,897.754791382847,191.86065558493567,209.5422611865788,224.56304113961215,188.9590400318496,398.5726540960985
2024-07-16,883.2160377028688,189.98413945519212,206.61028390642113,224.91261356192004,189.29762821251927,393.45555888789823
2024-07-17,824.7124214431658,187.448302945331,203.3524756782693,218.98158161740855,184.50914989667325,371.12339611454604
2024-07-18,846.380421523645,186.11698319942522,199.61166813916583,214.1109306145592,180.72029277086418,382.25733140604956
2024-07-19,824.293072881264,184.73921321512563,199.57796327742966,213.38849398045036,180.82508796108905,383.0124867758584
2024-07-22,863.505158002017,187.2032021395198,204.08269582891964,212.71265870531968,180.54293942250635,391.535684913435
2024-07-23,856.8649911663146,188.01041776864028,204.21751527586434,217.21044549636807,181.3893726202914,392.57186853593186
2024-07-24,798.5711026622578,181.2693580941936,193.92742098781,210.70846244941256,176.17365428552287,370.5450133941034
2024-07-25,784.8014755272721,176.83166060849155,187.91739474209342,209.5665424645327,175.32722108773783,364.23096703864377
2024-07-26,790.2532742054713,179.7351614523135,187.60283331710025,212.654393671603,175.7061055585224,374.10373309034196
2024-07-29,779.9784323184483,180.35224479735018,190.44493096596148,213.4700508036601,175.9318268729812,374.11173565264386
2024-07-30,725.0395996830822,178.74198736669018,191.2987183251,211.7338701468512,176.38326950189872,372.08733438292865
2024-07-31,817.9324717534961,176.81051584046318,192.70294928775144,217.8746170967602,179.0273891214049,381.4379579436947
2024-08-01,763.3430427783527,176.28646422465377,191.8267093053333,214.48381260635213,176.02855038722004,399.8418999960049
2024-08-02,749.7830364496225,172.64332963288956,187.2208967377237,195.642035065878,177.23776195770677,392.13009745774775
2024-08-05,702.1133934928114,167.00531546130114,178.8967292542903,187.62526782224168,168.70074764209272,382.1610042672305
2024-08-06,728.6741143103166,168.89029737340243,177.81829467054405,188.68561320391987,167.0562367946605,396.9098006874176
2024-08-07,691.349311616903,168.39159060369036,178.5485148211944,189.66441954238033,169.14415584891339,392.75669314613265
2024-08-08,733.7067783253958,170.19199344367811,182.01968346640848,193.19506366970677,171.95754472282826,409.3933779908418
2024-08-09,732.1690599823654,171.59936085311986,183.8620257779968,194.52342465048312,174.31954063967783,415.9322864672782
2024-08-12,762.0150521909686,171.93328018484544,182.31177498357752,194.36029322407174,175.56245456189706,414.4702874926682
2024-08-13,811.7814914319835,174.9762761215324,184.41246938150974,198.35702206114735,178.58088884178343,424.58399488774586
2024-08-14,825.3414977607138,176.18079288548776,180.15488853154054,198.20555430947445,178.94407700726595,423.15410495940887
2024-08-15,858.7521131695676,178.26391348049182,181.19965282263956,206.93311229247306,181.36528177196385,431.6451693514461
2024-08-16,870.7744011552674,177.18001770857916,183.06443047296304,206.315542051059,182.43869049847626,423.6842994111757
2024-08-19,908.6584956886361,178.47559741516696,187.23213169163577,207.66721260132041,182.30955610066275,425.17850622912414
2024-08-20,889.4369629260606,179.86012690010875,187.80504520297282,208.43626837439933,182.80995033994486,423.13009727250324
2024-08-21,898.1739260459667,179.58069045608386,186.31096917811385,209.86949574787047,182.7211743220615,429.90194453001715
2024-08-22,864.9030400163847,175.94369847849546,184.00806289430906,205.23188709989574,181.2119571821183,427.30723719996024
2024-08-23,904.2549614658002,176.4686951118704,186.05259980722548,206.2922324815739,183.07629081155795,424.1502263718636
2024-08-26,883.9150589220958,175.07146039077003,186.65918361120976,204.49778679104838,183.35069054119407,418.62337033468674
2024-08-27,896.775937082208,175.21968377087208,184.99663513130332,201.72453476206238,184.03669607426588,417.00067793311354
2024-08-28,877.9738598309251,173.84787264733285,182.94086326447487,199.0212114415315,182.7938194059358,415.1370194888944
2024-08-29,821.9164969903438,174.91483685453005,181.73884418769597,200.5593052076974,185.4571620322518,416.29368613271424
2024-08-30,834.3581335379453,176.61689224148455,183.53624668363605,207.9934754541432,184.81954930120708,418.77606119934825
2024-09-03,754.8854849422945,173.3567128929009,176.773564948534,205.37170895682212,179.79150364209545,411.10441966819866
2024-09-04,742.3739569677093,173.12807114302237,175.75128784980353,201.96924079167547,178.24191570425901,411.8916346857478
2024-09-05,749.3636878877207,172.9121477545464,176.63878007067822,207.28268471478094,179.47673311456606,415.20123758144047
2024-09-06,718.7488365076024,170.0796019796018,169.5390497182144,199.70869261140876,178.2177006763009,401.87430382802194
2024-09-09,744.1913479680652,171.78168361704422,167.2780757393183,204.38125672361508,178.29034576017523,405.5052688783748
2024-09-10,755.584452686826,175.37210722904314,167.2218318315801,209.2169700422248,177.64469860703363,405.5052688783748
2024-09-11,817.1636660566763,179.11492804872512,170.03399264940177,215.00816234981795,179.702715206249,411.16061049917647
2024-09-12,832.8217520623017,180.7915992138504,174.0047191991794,217.8979266662453,179.79150364209545,422.2222016395002
2024-09-13,832.5421863543672,182.31159434175984,177.1206213171497,217.30366599431625,179.57359322639851,421.43508541901656
2024-09-16,816.3248085087866,182.6291727447484,177.7955136409193,215.43929159533553,174.585893529254,428.8004560472541
2024-09-17,808.0063383556544,184.2423177290808,179.21286357283114,217.75810480931895,174.96518779281945,431.24479424368775
2024-09-18,792.4879817293008,182.40477044867072,179.7640158426678,217.23373728586114,178.1127937244085,432.5554855125527
2024-09-19,823.9441504933006,185.7411549637179,182.38495774490622,221.24212979767526,184.71465476727775,449.5618195776635
2024-09-20,810.8723681342418,184.29312554847112,184.0160137847699,223.25798972832084,184.17390214806545,451.3710408388167
2024-09-23,812.6898126092931,183.54795294757542,182.05876382147795,225.91471168987357,182.77765121803765,453.83133476132144
2024-09-24,844.9150544435901,181.71039254192138,182.5536721835764,226.0079321878218,183.5040151310396,452.963056751566
2024-09-25,863.3693322755148,182.95519067960674,181.6538215133984,224.3416446794841,182.69692204021422,456.9673512130088
2024-09-26,867.0741126526009,182.6164675085898,183.04863239930825,222.7452858796015,183.62510268879325,456.5894524376416
2024-09-27,848.6198348206763,181.22348536653425,184.42095609284945,219.02820075637862,183.8430006865271,456.2034523029071
2024-09-30,848.8994005286107,182.18882080970678,186.5581900178126,217.1172249984198,188.0478471567304,460.2881675756305
2024-10-01,817.8625803265124,178.1199558046785,187.84053037279048,215.71895308918027,182.56782489628984,463.52861252550434
2024-10-02,830.7945798316041,176.6126527876837,186.56944225626913,215.2878060636707,183.02786075564174,460.58574433678234
2024-10-03,858.7557494488598,176.3628662697768,186.56944225626913,212.02517753544242,182.1320164828591,468.59438265820046
2024-10-04,873.2256277210682,176.15962186697146,187.9192614728973,217.32695778380932,183.0439792716877,479.18409431464266
2024-10-07,892.7983822835125,173.3990549299335,183.32983465345484,210.673506985181,178.91986197930783,470.21060385198643
2024-10-08,928.9380253011511,175.5880306175191,184.9046295010358,212.91074559596268,182.2127208247564,476.73165475884167
2024-10-09,927.2604171547625,176.7523841349401,182.07001605993452,215.76555444815838,185.25537013260086,474.8179556009693
2024-10-10,942.3593182698236,176.0664720105485,182.31747888325594,217.49008921022076,184.85183600515123,469.44665554335205
2024-10-11,942.2894803175355,176.2696901628659,183.62230643060244,220.01865298958566,183.64929288082524,474.367687975156
2024-10-14,965.1478805939462,177.46369360640492,185.55706920152576,218.52714280240585,186.67582367262375,474.74558675052316
2024-10-15,919.9206943528783,177.29432545827447,186.11949099436342,218.70193790355583,188.73386510776527,471.4087158647648
2024-10-16,948.720774992719,176.1849929635567,185.78206211702312,217.76975070406544,187.06321444810132,463.7859788810158
2024-10-17,957.178867575732,176.4390451857524,183.2735907457166,218.51549690765935,187.36182920569556,463.8985581371023
2024-10-18,964.6585871303653,177.04876526892443,183.8247948691867,220.21673988022866,189.66199608449207,463.52861252550434
2024-10-21,1004.573169325551,177.3112701482339,184.55594838523896,220.3099603781769,190.85645511486894,462.4752382136181
2024-10-22,1003.734044404184,181.00756197805828,185.75954035556555,221.04404290703226,190.35606087558685,467.9832734098257
2024-10-23,975.5631470312821,179.7754559512875,183.10484173795749,215.22955880994604,186.23999042326687,453.2525321533506
2024-10-24,981.505148242885,179.83049009923474,183.03738016085168,217.17549003213645,186.08666583342136,456.5411900711666
2024-10-25,989.4040024606381,181.27853263972546,185.9057676018671,218.86506932996724,186.7645996905071,460.9395860267111
2024-10-28,982.2740074144002,180.61800473716306,187.53684092627526,219.51759503561289,188.37066452431966,464.8875661608442
2024-10-29,987.3768837046359,182.88746442074492,190.8663800140195,222.36075799306207,188.5885997759427,477.04533544166276
2024-10-30,974.0253217388607,183.13302461009494,196.24325611088588,224.5746870343587,185.70733431596676,475.85522599118616
2024-10-31,928.0292763262777,172.04841482491057,192.47496614605905,217.19878182162952,182.32568703467174,456.3802990500724
2024-11-01,946.4836076328979,173.75047021186506,192.67742001555436,230.63387716105802,179.9044946879369,456.0427094774111
2024-11-04,951.0274594566557,172.9417976806644,190.3714543673766,228.12864073117018,179.1781307749349,450.83220164382266
2024-11-05,978.0100421467497,174.21196691493503,190.93392801384766,232.46329609580712,180.34030310136762,460.2802144118614
2024-11-06,1017.8544655414744,177.9040455414465,198.54920447451917,241.30738414623903,179.7511576801283,459.97453629134213
2024-11-07,1040.712651919103,180.12687123321905,203.3186152556328,244.75647145035575,183.59280356688603,475.7748051799054
2024-11-08,1031.974886678765,178.90324411404995,200.6189768223765,242.5774800932987,183.37464479192803,473.8772099437023
2024-11-11,1015.4079982235705,176.98526533861948,202.86868127827157,241.01607675764777,181.1689289401312,468.9160165047908
2024-11-12,1036.588362556029,179.11072797065614,204.29723159500654,243.42811046957937,181.1689289401312,470.24271289825947
2024-11-13,1022.4680483681293,180.02950817348318,201.2151207614948,249.47565470153216,181.88801592678269,466.36710161457256
2024-11-14,1025.8932095625858,180.7450308482609,197.5030747044062,246.42274117870144,184.39268182117624,464.0834568451022
2024-11-15,992.4797599948718,175.7108041495721,194.027256516727,236.0871607210818,181.79103163531968,445.52526787434965
2024-11-18,979.6875433437473,176.03259575587361,197.18813301943447,235.02679755941162,184.23108686793577,445.78258483132845
2024-11-19,1027.6408695600444,176.89211548219652,200.36024447605402,238.4176198298117,184.44114913098164,451.16193684978026
2024-11-20,1019.8118532945794,175.91828800617833,197.9530259663119,236.4017776791581,185.02289344623995,454.72401564624425
2024-11-21,1025.2640262956468,175.15886139033609,188.5604316503862,231.15824468451584,184.63509287798152,452.7701060827315
2024-11-22,992.2700322392254,176.91102895875076,185.33205900148397,229.69004406682112,185.72581224499325,449.59392862393656
2024-11-25,950.8178386504003,177.6704161988611,188.58295341184376,234.73549017082038,188.14971170767421,454.3943298388194
2024-11-26,957.1090296234439,181.57348312211755,190.2364793595316,242.2046158814978,189.91914726344416,461.17269770265335
2024-11-27,946.0641521216053,179.4522599438817,190.360236698009,239.73433491584154,189.81409129599513,457.6829877566354
2024-11-29,966.406033229042,179.65165865020515,190.04524315940387,242.23957134572936,191.7531934809916,461.79991087269735
2024-12-02,969.0624422013741,182.84199857564855,192.9024129310517,245.5255272234347,193.5791928584791,476.68339239236667
2024-12-03,980.4565094646534,182.93531906024302,192.73366392329257,248.70659892845325,196.0515472130024,493.4243575396641
2024-12-04,1014.5688733022034,185.57414935950123,196.1420032493215,254.20648384745513,196.34241316165003,493.52888483491597
2024-12-05,1014.0796867880138,187.78022723997384,194.1960055244861,256.9913817711877,196.36665302553425,489.62911766872514
2024-12-06,995.7638549426694,188.18326410642157,196.52444108048797,264.5420643050748,196.20505807229378,501.5617284373707
2024-12-09,970.3874382058118,189.22266530129127,197.49296324588533,263.44674567917303,199.3641878735983,493.3600406500526
2024-12-10,944.2419483986567,188.08143846373744,208.52921403460073,262.2232510910914,200.18831840973576,497.98354571923744
2024-12-11,973.8828651501198,190.48268872197661,220.04974319055924,268.3057507872758,199.15412561055243,508.7260470374064
2024-12-12,960.1109920779244,190.7244950915525,216.17577552078114,266.8026124853415,200.3418168510641,507.2063505765704
2024-12-13,938.5095679933092,189.75296453322827,213.7658087684667,265.04312225904755,200.47918435838338,498.81176151895056
2024-12-16,922.7804141173998,191.58572109959093,221.46866601601877,271.4169115638312,202.83033939348556,502.3444975869743
2024-12-17,911.52527411296,192.80331060653592,220.0722649520168,269.342804379461,204.8017531183523,498.4817793203293
2024-12-18,901.1789900327847,185.56141787285472,212.1666945668022,256.9564263069561,200.4145612786429,480.57658955370465
2024-12-19,913.5526067677441,185.4086925340725,212.29055561254654,260.18409937095277,201.8203988761495,479.2729622750198
2024-12-20,941.655270429222,185.22626476819636,215.55641843842608,262.08342923416507,205.6178243964668,470.9680809528335
2024-12-23,976.3994912684846,184.65351849727506,219.18261216308207,262.2465606605765,206.24802360356745,482.7171761723954
2024-12-24,980.2444288224062,186.3844625461976,220.8493262182082,266.8958329832897,208.61534682656782,489.0745697403236
2024-12-26,978.2170961676223,185.86686855041918,220.27497808967928,264.56537387455984,209.27786999150175,485.5336335158671
2024-12-27,957.803879816424,182.65107877692677,217.0766805481724,260.7201127891571,206.50656559438175,482.6849189305243
2024-12-30,961.1597378055469,180.2328707034842,215.36495753922017,257.86530393696137,203.76756031916895,475.7883403778728
2024-12-31,938.7890267518527,178.82014819450455,213.18022568602575,255.63971122092627,202.32942359975513,471.17733313746817
2025-01-02,966.8920112615035,177.58132204282347,213.3266084932276,256.6068538846482,197.0211169324452,482.22620415561454
2025-01-03,1009.9551835261575,179.60498528266393,215.9843319061197,261.23281663787645,196.62519501634856,486.5637411188385
2025-01-06,1044.6291386155683,181.51410451841775,221.70517043813987,265.21789958020554,197.95024134621647,507.1406999265752
2025-01-07,979.6851904571465,179.18921692956968,220.15109975939052,258.8091370311983,195.69607060257732,497.23446636895403
2025-01-08,979.4753557521093,180.11833982464148,218.41680313534724,258.83244660068334,196.09195526478481,491.46447075369133
2025-01-10,950.1142186073625,177.73832621113846,216.2658625666114,255.11536147746043,191.36538049477014,495.600856891648
2025-01-13,931.3789312507257,176.99161795669878,215.10594864018603,254.55605626976302,189.38587025799126,489.5412376790025
2025-01-14,921.1026990216203,176.3467878459191,213.58565196135072,253.74038135771397,188.48096087217812,478.2106962272426
2025-01-15,952.4212239194719,180.86075612430446,220.21868232830766,260.25402807940793,192.18949861294456,496.6148605729501
2025-01-16,933.755988413905,180.12681873224318,217.2456196859208,257.1195577333675,184.4249933610465,491.9312868879683
2025-01-17,962.6977769967501,182.01470132326085,220.72541331883048,263.27196835801504,185.8147000245441,493.1142829497321
2025-01-21,984.5088218876207,181.7898658941323,223.03405807140263,268.83011831073367,179.8842658261196,496.08372754906156
2025-01-22,1028.1312325175345,189.29904109592636,223.39440625472355,273.84059117050936,180.84573903365026,501.74894887640875
2025-01-23,1029.1797643463751,189.51539761745323,222.95518869493995,274.318339554997,180.70839636225708,512.1702115362493
2025-01-24,997.0222214765473,188.39114172034672,225.46654658517465,273.6541679546048,179.99739346955465,521.0544882487992
2025-01-27,827.8458246991196,184.36078618111313,216.00685366757725,274.318339554997,185.71775298697025,531.0250880945646
2025-01-28,901.7382283980446,189.7233014818663,219.93713438327146,277.49941126001556,192.5045795895503,542.65345330014
2025-01-29,864.7570540977424,187.65720432828545,220.0609954290158,276.24097898769435,193.39337045931748,544.3916394712307
2025-01-30,871.3982904273545,176.05828185831405,226.20976471327404,273.4094619249917,191.96328057996357,552.8493104551438
2025-01-31,839.3806373608846,176.08799741065187,229.7571581996453,276.9517519470647,190.6786050479889,554.6036499464366
2025-02-03,815.5421528658392,174.33161663892426,226.6152082731435,276.64879866372695,184.22300277398668,561.2668204319494
2025-02-04,829.453701842611,174.94675744785405,232.41488161253736,282.0554630847806,188.09316030391972,566.6826285675543
2025-02-05,872.6566034865367,175.33707595289926,215.46631410805136,275.1922617207708,187.8265093832302,567.2299149116449
2025-02-06,899.5710059399023,176.41043215390766,215.77036653000064,278.29177660257955,188.4324935623727,572.9595519256691
2025-02-07,907.6803365590384,173.8352199121501,208.72064036471772,267.01234527073103,183.91599347336697,574.9955618505752
2025-02-10,933.755988413905,174.8831131398655,209.99321495206433,271.6616175934443,184.13437577166,577.3130940134968
2025-02-11,928.3729047193892,174.55222573949592,208.69815317234912,271.2188246731882,188.15434360789388,579.2444778460856
2025-02-12,916.7683610547268,173.53400868838648,206.7724475027333,266.7559933463714,191.5919710666428,583.7348044710365
2025-02-13,945.7798806404691,174.17038614205242,209.6216145302869,268.4339267494556,195.36119539286122,586.2938954589966
2025-02-14,970.667110863137,173.27523137836326,208.59679660351787,266.46468595778015,197.84437821116882,592.8201826103209
2025-02-18,974.5119414676677,173.78855966985287,206.9526043098493,264.0992713848187,197.7392353179784,576.4842360328582
2025-02-19,973.3234128860781,175.9649351232316,208.64185741097745,264.0759795953256,198.06274809149878,566.3446932051639
2025-02-20,979.4753557521093,176.8959218029465,207.84225709878405,259.70636876645705,198.83924332135558,559.1583922580644
2025-02-21,939.7679345271872,173.5291392228753,202.3241489889708,252.36541901795948,198.61277692911347,550.07301411878
2025-02-24,910.7563079920538,171.73948595769525,201.86240966772968,247.85598633216455,199.86648206122788,537.6641026975735
2025-02-25,885.2399479771425,169.1463708831688,197.549259007257,247.96085272485934,199.81795266160722,529.109808183645
2025-02-26,917.7470549312794,169.92430409300232,194.51991788804298,249.7669620901234,194.41484726433205,542.1464267602225
2025-02-27,839.9398757261446,166.86361532744988,189.75631471387467,243.23002357893637,191.93976095793656,529.7053568942105
2025-02-28,873.2857867534758,168.75953056777442,191.7608379063197,247.35492837819183,195.61192648491362,537.7204170248832
2025-03-03,797.3660503997668,165.14622965554372,188.07833113574753,238.8953682142994,192.53021026529674,527.1382633439484
2025-03-04,810.8582508146368,165.19722122834958,192.48156884205045,237.47378673557483,190.83163160672112,515.0270274809594
2025-03-05,820.0162202120044,170.47267678587977,194.8465093559943,242.78723065868024,190.67795931391004,528.2809008044737
2025-03-06,772.9683275394615,168.71703102781424,194.09198713580494,233.8615680050467,190.34633761051444,505.3139421863038
2025-03-07,787.7888393898885,167.19518524050565,195.79245790630065,232.17198870721592,193.37142791859853,503.4872338445649
2025-03-10,747.8715299852336,161.60514383561105,187.0096277505436,226.68374968296052,183.99687166674707,481.2204006307452
2025-03-11,760.3150916218722,161.7284423774227,184.94642352958869,229.0724738254071,178.62611506323134,487.4329083021829
2025-03-12,809.185027593277,162.9271971592772,188.40767084627117,231.75250535644483,175.50395353794286,498.578353451812
2025-03-13,808.0664439133665,161.01424535228549,183.50326777276806,225.92635758462006,169.59936112063673,475.30561791605743
2025-03-14,850.6440124684273,165.17597145836947,186.58123031560453,230.65718673054306,172.68108975821667,489.3887938070048
2025-03-17,835.6824878460372,165.2354944397529,185.22829988096998,228.082039372192,173.0936020729554,487.2141222007318
2025-03-18,807.0177516604394,163.03347225966561,181.14691767743082,224.67957120704543,172.03401453932366,469.05937104676667
2025-03-19,821.6296587238251,164.86141186149297,184.77729426185098,227.84897923732547,174.09657611301736,470.4285995769139
2025-03-20,828.6909922610752,164.44479036754097,183.54841500295004,227.1614980674482,173.17449268429857,471.9911245656248
2025-03-21,822.8881322070938,166.3237477926621,184.89007591458358,228.6296986851429,176.54738530163948,480.2470025433452
2025-03-24,848.8263006198988,167.0974021729629,189.05031021004092,236.8445528194222,178.53715277590214,498.4500654623181
2025-03-25,843.7925136362145,167.9816367336728,192.2974020206151,239.69937945160993,180.97987787057514,504.4587053891885
2025-03-26,795.3420331761022,165.77534884929673,186.09645069657145,234.36262595901943,179.1842155768321,492.11119634416275
2025-03-27,779.0520366940686,166.03465116907861,182.91702787763683,234.63062377812562,181.06074364599218,485.3454251061744
2025-03-28,766.7471884174879,161.02700308941994,173.9989115922341,224.56304113961215,176.2480875560772,464.5327858987937
2025-03-31,757.7282532283509,159.57745114587317,174.34842236616598,221.6965686126779,179.66953440896486,464.22661379294715
2025-04-01,770.1030998813062,162.46808925060893,177.08812637352713,223.922161328713,180.52692025016484,471.9911245656248
2025-04-02,771.9907031568184,162.4468526058728,177.0542832354351,228.39663855027635,181.0931172756777,470.32392408606387
2025-04-03,711.7248817824881,158.60821750524286,169.9288334807849,207.88860906144845,164.34996527006183,428.19107574752485
2025-04-04,659.3593584426885,152.9671451518105,164.15631416076926,199.25425379640612,152.37091511881414,406.53263486277984
2025-04-07,682.6405831362067,152.1254626320367,165.45287969585425,204.2181252972037,146.7736672871302,415.8113588591607
2025-04-08,673.2721908121516,150.72266280749494,163.1416076925211,198.8580800151201,139.46166019100937,411.13973961909903
2025-04-09,799.3271813815549,165.99640420816323,178.93714051928475,222.67537495113837,160.8395437118819,471.8059294664285
2025-04-10,752.0652829777277,162.1110169885283,172.2964703836676,211.16290126441527,154.02095195980604,440.0068589862692
2025-04-11,775.5564493256741,165.1292062141205,177.16704760362322,215.4159820258505,160.27334668636902,437.8161328568598
2025-04-14,774.0183031850798,164.85715928244818,179.3430334773107,212.2116007513469,163.80800810843317,428.0782494987747
2025-04-15,784.4354412367574,163.97292472173825,176.23126236547114,209.26357140120297,163.50065110484792,420.0560759793892
2025-04-16,730.5317182816682,157.9705669029123,172.87147532488677,203.13447034604044,157.1350293911454,404.58341815987626
2025-04-17,709.5574989002595,156.34243288997135,170.42489990736348,201.13027409013338,159.32697372191376,403.91490781647184
2025-04-21,677.5369582002343,152.66109071302364,166.49010792555995,194.96621757073927,156.23719824427386,390.3673108173586
2025-04-22,691.3798456680182,155.93435592984085,170.77441068129536,201.79444569052555,161.5594130302059,402.9484255236538
2025-04-23,718.0869802017293,159.15235074431945,175.14893875921686,210.44046463030642,165.4904185791106,419.0492350853326
2025-04-24,744.0950400415178,164.64034337738255,179.5797798830545,217.36191324804093,168.53977358700502,429.4234209434836
2025-04-25,776.1156342162384,166.57454495435434,182.60134295725248,220.21673988022866,169.27582351119023,440.79624753925845
2025-04-28,760.1753622426004,166.28122200221395,181.07928325488024,218.71358379830235,169.97144054766696,442.7857240463351
2025-04-29,762.2028018467754,167.5055185088253,180.57193002075616,218.35236548124794,170.836910482816,446.5712818048594
2025-04-30,761.5036202034619,168.024136273633,179.03861807992735,214.89163228238465,171.88032982854952,442.1896319519095
2025-05-01,780.3105636520329,180.8365662996761,181.85726060192908,221.6266576842147,172.5435980712668,460.88411147445794
2025-05-02,800.5157099631444,185.0365656171634,184.93515400658765,221.37030575985506,166.097048492332,480.86720112174186
2025-05-05,795.7615421620902,185.41488764922417,185.1380918433284,217.14053456790487,160.87189250564134,482.6794356933915
2025-05-06,793.8039939848989,184.19909630070248,184.03319462198314,215.5791134522619,160.56453550205606,473.0463266232219
2025-05-07,818.4136905380603,184.2161197421257,170.67296768974174,219.8904770274058,158.73652441455357,480.6980111471494
2025-05-08,820.5810199455935,186.2650884523316,173.94252940814005,223.81729493601824,159.7395108725786,481.664592237033
2025-05-09,815.5472864366047,186.5031278768894,172.21754915357153,224.95921492089815,160.58069127199118,477.21857609593883
2025-05-12,859.9426203148898,190.9794135798499,178.65528145244792,243.1134935115031,170.72076527435846,515.0261383073704
2025-05-13,908.3929403509156,190.9284088818001,179.86163894989133,246.29456521652165,172.4539776318957,528.3964933710565
2025-05-14,946.2164480543132,192.54375890711867,186.4459269014144,244.9895138052303,171.96803790161013,531.0786855025742
2025-05-15,942.650862309544,192.97816510664393,184.85625006103606,239.07014553545736,171.25529649407994,518.6103970450292
2025-05-16,946.6359035656059,193.46365475568277,187.37045990110994,239.5595398146916,171.10142551385997,515.7591137359844
2025-05-19,947.8245390965865,195.42270241948123,187.76504876704593,240.22372919507578,169.0928696614944,515.8315813834961
2025-05-20,939.5049459748494,195.12457562804948,184.8787718224936,237.7884036936511,167.53781781991358,513.1494880490438
2025-05-21,921.4670755965753,192.73966629854732,190.04247763228705,234.35096228428088,163.67455225947631,511.86068033017733
2025-05-22,928.6681919877929,193.71492442615775,192.6468955100025,236.65812960351772,163.08334545636978,512.7226353277435
2025-05-23,917.9011690036335,191.7218167542689,189.94101735618892,234.199494532608,158.1509802026003,505.0627506473832
2025-05-27,947.3352456330057,196.19780057661822,194.93561118278916,240.06059776866434,162.15192371943326,517.3538465680339
2025-05-28,942.5109725061859,194.77961796614895,194.32678038802246,238.5457957919915,162.3220001414406,518.368739422925
2025-05-29,973.133256868975,195.34177216519012,193.7630622543488,239.6877157768714,161.9413523199021,519.5526740568107
2025-05-30,944.748353764789,196.05725546423594,193.62775884015866,238.88370453956088,162.67027433329352,521.5180440799162
2025-06-02,960.4790049321717,196.74291820899222,190.5723526278687,240.79468029751973,163.3586889511981,540.373562819157
2025-06-03,987.3260827439364,197.16881925042782,187.35913852447547,239.69937945160993,164.63026353214926,537.1114319134158
2025-06-04,992.2198729748715,197.5520763742196,189.46750726015685,241.4705155726504,164.26579631647203,554.1063055189338
2025-06-05,978.726603066092,199.17468465945112,189.6478714818066,242.26288091521445,162.4921138173371,551.4242615830143
2025-06-06,990.8217235870264,200.3245741580222,195.8149796677582,248.85808446011808,165.15669823995864,561.967588017225
2025-06-09,997.1838220062675,201.33389229372304,198.77250350465744,252.83150372770868,163.15622648154215,559.027634341934
2025-06-10,1006.4825368021209,200.5545415575412,201.6058378894672,253.565604036556,164.1443238018637,565.7450444163819
2025-06-11,998.651595447619,201.27854313992063,200.1948313853796,248.4269374346085,160.9937748130305,559.0920994271437
2025-06-12,1013.8239707942603,203.94025073941063,198.33226615674954,248.47355657357863,161.3339152390821,558.4637994893798
2025-06-13,992.6384728910366,202.2750772879991,197.16960398775183,247.14519559280225,159.10666663934714,550.0146744516284
2025-06-16,1011.6563205385544,204.05525412703608,199.54011012501823,251.80611381026208,160.70218862252565,565.9546423907457
2025-06-17,1007.6709584343197,203.5868010446644,198.614470914476,250.3146214030743,158.45063806909118,562.0130346673345
2025-06-18,1017.1799357327741,204.52372033465173,195.64572940820918,247.6345898720365,159.2119461301312,560.8361146250962
2025-06-20,1005.7831947347211,203.31421597798948,188.10522588695858,244.33698809958466,162.79175926586493,550.0187251313121
2025-06-23,1008.0206829427151,206.97676280557866,186.46846594741643,242.9154066208601,163.19672145906597,563.0609257420879
2025-06-24,1034.100398874438,208.72713221557007,188.25200623868346,247.92589726062775,162.22482958053178,574.0797624523358
2025-06-25,1078.918289796353,209.6470411893781,192.66563195621893,247.01701963062246,163.24531294850192,571.2424095295203
2025-06-26,1083.8826666253128,211.8530796941188,195.89403917421015,252.9946351541201,162.79175926586493,585.2760386921418
2025-06-27,1102.9705661239007,211.21000836603054,201.52681295210425,260.1957630456913,162.85654377912516,591.3537871662983
2025-06-30,1104.648602067853,211.8360431274516,198.9305360948389,255.63971122092627,166.16907267805357,594.9488641826244
2025-07-01,1071.8566354109298,209.55332694746463,198.49029874693102,256.8865153784929,168.31533132274092,579.7384137748303
2025-07-02,1099.4746044326378,209.1444755979402,201.65095055056028,256.2572814623403,172.0571367865329,575.184116049997
2025-07-03,1114.0875275152375,212.44504132220555,202.65561469846548,260.3239390078711,172.9561228039686,579.5691250031723
2025-07-07,1106.3965829134845,211.96805683125635,199.56266645556477,260.3938499363343,170.040434750403,579.0371522042274
2025-07-08,1118.7021798358019,211.49960374888468,196.81966110020792,255.6047557566947,170.08903865780198,580.9071830591683
2025-07-09,1138.8389320114031,214.43389641504962,199.3707734427468,259.31017720517906,171.004230117025,590.6686789158973
2025-07-10,1147.3690015345232,213.56937597077587,200.49957518910807,258.98391435235624,172.0328472507965,586.2030021587776
2025-07-11,1153.1023444843893,214.35297928600247,203.4006477037353,262.19995930159837,171.02044797677542,578.3600959146611
2025-07-14,1147.159166829486,214.22521816124257,204.94711318291343,262.98066096942387,168.9632757990478,581.1086796741648
2025-07-15,1193.515417790777,215.41768595123762,205.4438018530933,263.74971674250276,169.3601414803367,572.6208261867549
2025-07-16,1198.1999080636297,215.3325031179017,206.53872589227356,260.06758708351146,170.21053600833642,566.5914388761389
2025-07-17,1209.596756011074,217.92185124741005,207.2272902907269,260.871598320822,170.09714758767717,565.3823109905622
2025-07-18,1205.471611052872,217.21912568549868,208.89794522199446,263.49336481814316,171.03664100059973,567.6957924738001
2025-07-21,1198.269852965309,217.22339138978745,214.5871703221606,267.18714037188096,172.08951041621845,574.700405617527
2025-07-22,1167.8551573703471,215.18342659694184,215.98689001870275,265.0547681537941,173.6445498398362,568.1230403833623
2025-07-23,1194.0747631054278,215.4389750969496,214.73391610479652,266.01024714277753,173.44206253425418,575.1921680108316
2025-07-24,1214.77086059568,217.57264100646472,216.923798752246,270.6012544317741,173.12619922597594,576.175643398908
2025-07-25,1213.0928246517276,218.77786653359422,218.06390459069723,269.6807309070223,173.2233946228109,574.4667011591922
2025-07-28,1235.8164686955456,218.2625432050218,217.3866097152449,271.25378013741977,173.36108499716966,578.4567194446765
2025-07-29,1227.1464024196766,218.2923506340674,220.96495982078,269.17967295304953,171.10952202577212,564.245848346628
2025-07-30,1253.4359530564363,218.57769343787677,221.8454345165958,268.2241939640661,169.31152515497462,560.3847602315631
2025-07-31,1243.6473031006567,227.2060056916308,216.61903766397307,272.79189168357766,168.11288127104805,623.4433210188965
2025-08-01,1214.630970792322,223.20695385925484,213.49222899843582,250.23304679987257,163.90943803067003,604.557125790832
2025-08-04,1258.5400057899726,228.1173438811294,220.16347549323822,246.62082806934444,164.69506046337256,625.8050648686095
2025-08-05,1246.3739778228407,224.75722892499266,219.74582904496583,249.06781724550763,164.34678627151965,615.3988193627182
2025-08-06,1254.484698784059,223.56049543070884,221.34874584641594,259.04217938607286,172.71315293882583,622.2744035389603
2025-08-07,1263.9238381302252,221.81436547451824,221.83414770905028,259.9976761550483,178.20432653009019,614.0848183921605
2025-08-08,1277.4181775329141,222.32540997355787,227.36532293449042,259.484972306329,185.75269713500828,620.1061043434092
2025-08-11,1272.943201116926,222.2104590869083,226.89122516394607,257.86530393696137,184.20400329051185,617.3413178651708
2025-08-12,1280.6344665668516,225.3917294687715,229.53264925139342,258.0633908276044,186.20674753616748,636.791693735519
2025-08-13,1269.6570741307003,221.70366716691348,227.9748796801253,261.66394588339404,189.19059778894442,628.7955532428808
2025-08-14,1272.6635284596005,222.51278595640898,229.08112509594,269.14471748881795,188.7446438996974,630.4479835611563
2025-08-15,1261.68624297284,221.52899642022095,230.16476232757478,269.2029825225346,187.77976817028951,632.9468083391886
2025-08-18,1272.5936905073124,220.22156461833237,229.7132381721214,269.73899594073896,187.21218033291441,618.5504457507475
2025-08-19,1228.0553652933318,217.09988284407237,227.53462504767293,265.68398428995465,186.9446104829588,605.742048395372
2025-08-20,1226.3773293493794,215.37510765981364,224.99481679722405,260.79002371762033,183.25533300289135,602.7112014198619
2025-08-21,1223.4407129727674,215.09782375579906,225.4802186598584,258.62269603530183,182.355303876559,595.7629520019775
2025-08-22,1244.4863210726328,216.3732824633878,232.63686701729517,266.6511269536766,184.6742839693845,608.4101125465295
2025-08-25,1257.2115874050248,215.10634203913264,235.3460119500155,265.602427466745,184.1877978487245,607.209135418853
2025-08-26,1270.91565456336,214.15934256177985,233.82210280138392,266.4996592020037,185.93106875633666,607.8538850680153
2025-08-27,1269.7270190323793,216.1642498279937,234.20592339610877,266.97738980649945,186.88784797383238,602.4371877588213
2025-08-28,1259.7285343715623,217.40133032222735,238.90177115591516,269.86717190291876,188.56625986040595,605.4438294532947
2025-08-29,1217.8471528768684,216.14292130654977,240.33536855963828,266.8375679495731,188.2257096415735,595.4405771773962
2025-09-02,1194.0747631054278,215.47320573321156,238.5744364525512,262.5728235133993,186.26351004529388,592.546761731673
2025-09-03,1192.9559655267353,215.57131693185346,260.37180265094787,263.3302333917317,193.3582524597967,594.1105710822347
2025-09-04,1200.2276685159777,216.68894458075738,262.2230465029434,274.6212928383348,194.420435347707,603.4609229510708
2025-09-05,1167.7853194180589,211.15623424150397,265.2708302311177,270.7177844992074,194.34746739679323,606.5239283713865
2025-09-08,1176.80468240476,212.52129898964495,264.4234381534368,274.80773383423127,192.8798752690119,606.4030501618018
2025-09-09,1193.9349802514607,212.61086565446536,270.73915885282827,277.6042954327023,190.017658964363,617.2043357339168
2025-09-10,1239.8717757014592,213.4469568203099,270.2194471694009,268.38732539047754,183.88777986130503,606.1451404224302
2025-09-11,1238.822709125664,213.71998814527964,271.57521226933017,267.94453247022136,186.5148620354991,605.2745900801696
2025-09-12,1243.3679512915041,217.5122517589796,272.06106353012103,265.84711571636615,189.79062134582034,609.0550103912901
2025-09-15,1242.8783369797507,219.84137880162845,284.274409082475,269.66906723228374,191.92309605151615,616.3982504768657
2025-09-16,1222.8104602119188,217.14538806490066,283.7660014911377,272.7219807551145,193.09879153971627,627.9250029006201
2025-09-17,1190.7158035839677,217.56342708520094,281.9243851304175,269.8904636924118,193.77990439534423,625.2810946319664
2025-09-18,1232.3199722573281,216.8937246371067,284.7489216820869,269.4360248774092,192.8798752690119,628.9325353741349
2025-09-19,1235.32664048501,220.9376516786006,287.78814956074353,269.7273322660004,199.05837069743194,627.4252379450136
2025-09-22,1283.853215436781,219.4531997113496,285.3138497338742,265.2412091496906,207.6369355174295,617.1853172988166
2025-09-23,1247.633093002455,217.2264495716314,284.33091225838047,257.17782276708414,206.29908626765143,609.3128707321289
2025-09-24,1237.424452788428,217.61889436619902,279.2241244535599,256.5952079899017,204.58012973170185,613.5555625125156
2025-09-25,1242.458774519067,216.28796837761223,277.6988325413699,254.19482017271662,208.2775161416445,604.0779106248402
2025-09-26,1245.954950109112,218.17768850278503,278.54620733450633,256.0941500359289,207.13423153701908,599.9157878513324
2025-09-29,1271.546655969945,219.51715902519337,275.7329575903824,258.8790479596615,206.29908626765143,599.6335246353261
2025-09-30,1304.6202203732307,220.94620933766603,274.65965651634673,255.8494617863078,206.46125244719244,592.3578617425221
2025-10-01,1309.235086592577,221.696999542979,276.6933041662407,257.08460226913587,207.1261226071439,578.6132633948907
2025-10-02,1320.772359090334,220.00344931411414,277.5858780431925,259.15870945350616,208.48831106451064,586.4454501574054
2025-10-03,1311.8921372612547,220.6902145793635,277.201746326667,255.77953307785265,209.2099437335885,573.1444012351362
2025-10-06,1297.3480895864247,225.47646604381256,282.9412348821812,257.3992014472202,208.13155540389084,577.2581628451036
2025-10-07,1293.8520209457708,223.51844214904344,277.66497211873343,258.42460914465886,207.9613051304007,575.1771508568825
2025-10-08,1322.31071912971,223.88957154741115,276.37696243316606,262.433001656473,209.2423794530893,579.0165530160799
2025-10-09,1346.5040617039162,222.84448712190436,272.885812854533,265.3693851118704,205.98283800251852,591.656106186592
2025-10-10,1280.7066574057408,217.9644164135901,267.2819042659206,252.12071298834636,198.87189014622834,568.9016600562168
2025-10-13,1316.7869969860992,219.28254528931058,275.8459639421932,256.4320765634902,200.80976295288235,577.2904200869748
2025-10-14,1258.8207479412074,219.07780460869316,277.3147181093889,252.14402255783145,200.89896118150955,571.6038585934892
2025-10-15,1257.4222777051896,219.01805849816233,283.61911743214586,251.188543568848,202.17196382821214,578.7826015650813
2025-10-16,1271.2669833126197,218.2416871923607,284.1049514083922,249.90678394704977,200.6395002614292,574.3624208566039
2025-10-17,1281.1261129170334,219.08204406249402,286.1838327111906,248.24049643871206,204.56391187195143,578.274488257444
2025-10-20,1277.0705920123376,220.45136138967982,289.8557440559964,252.2488889505262,212.6316141098112,590.5752662905093
2025-10-21,1266.7220619949524,220.82251703853544,282.97514715845114,258.71591653325004,213.06137497523392,591.4625627353647
2025-10-22,1260.568728786839,222.05103987370367,284.3648245346503,253.961777817842,209.5586153002592,591.5754877811803
2025-10-23,1273.7143062256512,222.05954503179325,285.9352636770224,257.6205979073483,210.474862286342,592.0513932454793
2025-10-24,1302.3826252158456,223.3606242156026,293.66323536770403,261.2561262073615,213.10193204257303,595.5681735874319
2025-10-27,1338.9522582597851,226.73488818473416,304.2270649866896,264.47215337661163,217.95877124503926,605.6185520635527
2025-10-28,1405.658732381007,231.23527183561526,302.1933654831622,267.12887533816433,218.11282849470507,606.1186628088882
2025-10-29,1447.682142666878,231.01342896211082,310.215122576372,268.3523699262459,218.68042875004323,606.3041542992809
2025-10-30,1418.664206117679,224.27776376293394,318.02220562713904,259.683059196972,220.05882264919734,537.5810143655256
2025-10-31,1415.8674795444251,220.88646322713524,317.69455980197444,284.57236318940693,219.22366496186663,522.9652728932406
2025-11-03,1446.5635589869673,220.55376454309842,320.55297406082485,295.9683068086968,218.15338556204415,514.3829200127226
2025-11-04,1389.2967589588666,219.4019718841524,313.5707094726477,290.515041028665,218.95613236580016,506.00231073986464
2025-11-05,1364.963526581302,216.34342253336632,321.2196043723329,291.5404309461116,219.03719682862607,512.9633543777258
2025-11-06,1315.1085332445832,212.05204526739138,321.7167078715803,283.1973830696605,218.7371788412066,499.24286251406545
2025-11-07,1315.598040606946,211.9326055473056,315.02814226320885,284.79375964953505,217.68311730113456,501.4772075478735
2025-11-10,1391.8140267735769,215.8485745853801,327.7612513526236,289.44301419225627,218.67325116739718,509.58360556555976
2025-11-11,1350.6294205609001,216.99182271050464,329.1283551137319,290.25868910430535,223.39687046220465,505.808668491572
2025-11-12,1355.1045039262792,218.04121221603205,323.9311691412805,284.5490536199219,221.95223914811285,491.2332362219928
2025-11-13,1306.5781428732903,214.69256872312116,314.7344087143142,276.83523965962337,221.53015258385835,491.94309313729036
2025-11-14,1329.7225258210922,217.63167835382143,312.2940038791703,273.4677269587084,221.09189783170567,491.59626603900887
2025-11-17,1304.7602171259796,216.48419077489604,322.02171094347597,271.34700063536803,217.07438875215678,485.586983931213
2025-11-18,1268.1204252815794,210.64007089731783,321.185692096063,259.32184087991754,217.05814605648027,482.1023620340661
2025-11-19,1304.200657912547,207.79479363572668,330.82303556182677,259.484972306329,217.96719062399083,476.15774260561085
2025-11-20,1263.0859966015494,204.46980183244156,327.02690019584253,253.01794472360513,216.09235139780628,475.2140330363802
2025-11-21,1250.7796510334954,201.77304983156375,338.5623286291429,257.1545131975991,220.3451808772558,479.32769584928207
2025-11-24,1276.4413017960078,202.57652476615408,359.93850504764873,263.6681421393011,223.94067790032858,494.49195862897585
2025-11-25,1243.3679512915041,203.85438539338853,365.42952827626164,267.6182696173986,224.79284819704523,513.1810537114569
2025-11-26,1260.4289459328718,207.4913642457329,361.4864397131077,267.0240089454696,225.2636131764771,511.0758364421991
2025-11-28,1237.6341805440743,210.27358783531386,361.74629555482136,271.75483809139257,226.31869298951966,522.6426510759958
2025-12-01,1258.0515679215193,208.02130909608283,355.769542057229,272.52389386447146,229.768055423356,516.9317855044081
2025-12-02,1268.8197673489792,209.4145537430177,356.8089999931726,273.15311000063207,232.27593757018087,521.9569500432021
2025-12-03,1255.7440278624551,204.17065127198052,361.1248816116731,270.77604953292405,230.62025055599875,515.9074081312332
2025-12-04,1282.3162457394872,205.499792227388,358.8538998815231,266.96574391175295,227.8201737384793,533.5963311215758
2025-12-05,1275.533301466871,206.49131253227168,362.97778477993876,267.45513819098716,226.26186839057797,543.1869574535995
2025-12-08,1297.4903322763837,209.85046934559898,354.67947497504764,264.37893287866336,225.539540315569,537.8471736598626
2025-12-09,1293.4345974729063,210.27784041435868,358.4781684536149,265.57911789725995,224.96329715794428,529.9101632108997
2025-12-10,1285.113400110305,204.5253609901474,362.0168332450237,270.0769046883083,226.26186839057797,524.4010412469721
2025-12-11,1265.184236702531,206.6237987448592,353.2210742499955,268.32906035676086,225.6531646775263,526.482102633726
2025-12-12,1223.8576016986772,204.5125507520371,349.67110536649676,263.5632757466063,225.8560493579261,519.6420854010478
2025-12-15,1232.7381443759293,202.92696878003218,348.4613946674242,259.31017720517906,222.47160803494364,522.7136861660583
2025-12-16,1242.7376985306557,203.597970627279,346.595977488955,259.33348677466415,222.8774270675955,530.495782816387
2025-12-17,1195.3274613215858,203.48256035709062,335.4599603095005,257.8303484727298,220.62925420011211,524.3201758488967
2025-12-18,1217.7039476423909,206.84175654614978,341.9493733963724,264.2274473469985,220.9133523588945,536.3887807781418
2025-12-19,1265.6037991632147,207.67086508220473,347.26302262953055,264.9149462968677,222.11454192524744,531.8035101732881
2025-12-22,1284.484002944584,207.24348088820102,350.2250750170836,266.1733785691889,219.92316882077967,534.0073763124033
2025-12-23,1323.0835354286903,208.0683105947232,355.39173648398315,270.49638803907936,221.0513159284405,536.7843148296927
2025-12-24,1318.8879108218546,208.5683298888318,355.0977955205547,270.77604953292405,222.22814145127865,538.8913104461286
2025-12-26,1332.3139095637289,208.4358568014883,354.44208904115806,270.9391809593355,221.8954145491711,535.4523821917549
2025-12-29,1316.160808302107,208.17516320584608,354.4986095016079,270.41483121586964,222.1875843839396,531.738946291013
2025-12-30,1311.4057314312295,208.33757497467485,354.8264627413063,270.95082685408204,221.6356555979774,537.5996870108966
2025-12-31,1304.1333867456415,206.6878761858986,353.8655112063912,268.95829427291346,220.64549689578863,532.8690859227581
2026-01-02,1320.5662676139798,202.1235069706858,356.29616755844836,263.92449406366075,219.9556542121327,525.0547320305582
2026-01-05,1315.461466234707,202.08503688062302,357.86767834257813,271.5683970954961,216.91211081094823,531.8196634934901
2026-01-06,1309.3080260772026,204.5039930929716,355.3803978228042,280.7387479987508,212.9351836346645,533.2969266147129
2026-01-07,1322.3843003106813,206.6237987448592,364.0179340976617,281.4728483075981,211.28759313239453,523.666238072647
2026-01-08,1293.9241048352687,204.33304991556528,367.9296684971287,286.9843791213466,210.2406098312641,521.543138534542
2026-01-09,1292.6654174532182,204.8330823349179,371.46833328853756,288.2544928483983,210.50844045844386,527.194034287398
2026-01-12,1293.22486971726,203.93557815255892,375.187863553386,287.1941296867281,211.2226471856146,518.2413900055531
2026-01-13,1299.3083649730852,201.15338081346587,379.83443307687963,282.68469700093317,211.87195763785755,509.458380285095
2026-01-14,1280.637995896753,196.32829175212294,379.68747987970994,275.75156692846815,210.98727711386172,496.8891706251872
2026-01-15,1307.9793937934728,195.165815144589,376.2280128711089,277.5343667242472,209.56698500735857,501.1515230215996
2026-01-16,1302.245409147261,196.53341306481533,373.0850258719383,278.629685350149,207.39182976264118,500.70757840797546
2026-01-20,1245.185235342469,194.25122189458696,364.0405422818416,269.168027058303,200.22528668575183,487.6863227750762
2026-01-21,1281.8967902281945,189.80223669907463,371.253520969739,269.5292453753574,200.99631801186428,494.82258300852254
2026-01-22,1292.52552764986,192.80669691947898,373.69551598297505,273.05988950268386,201.5644522396138,522.8105566887373
2026-01-23,1312.3148012542756,199.13614894316848,370.744767687512,278.67630448911905,201.3128394721844,531.7954088139209
2026-01-26,1303.9236589899954,200.98669021510437,376.7706438605168,277.8140282180919,207.29446051432348,542.7742327126592
2026-01-27,1318.2586206055248,205.3886607867324,378.2290445855689,285.1083588276193,209.6156634225359,543.2666866854221
2026-01-28,1339.236636690312,205.83741287791187,379.8796840143285,283.1624276054289,208.1304129512897,539.8438129541848
2026-01-29,1346.1593638168954,185.2677667896152,382.4121463333734,281.6709351982411,209.6237847703742,596.0135507585053
2026-01-30,1336.5095341705644,183.89590316510007,382.129509462035,278.83943591553043,210.59775044873862,578.4070739192852
2026-02-02,1297.9098947370674,180.9384444433361,388.56236751936797,283.10418035170426,219.144016146829,570.2617004592767
2026-02-03,1261.0585569973746,175.74155659618322,384.06275119304405,278.04707057296645,218.71388274251458,558.3868365753899
2026-02-04,1218.0536721507863,177.01512526864093,376.52195383453727,271.4868402722864,224.4032470241438,540.0537567182777
2026-02-05,1201.9005708891646,168.24536226067102,374.49824479771945,259.484972306329,223.93255655249033,541.0386646638032
2026-02-06,1296.5114245010493,171.4378678513687,365.01279790884666,245.07108840843205,225.7261823002923,533.9750696719993
2026-02-09,1328.8873580271902,176.7629893320642,366.6634373376063,243.20671400945133,223.094120522913,546.6975629789612
2026-02-10,1318.3984034594919,176.62194546041127,360.1739896816455,241.1559163945661,222.33046546685551,541.4503026370234
2026-02-11,1328.9574098782603,172.8182891349493,351.5591307291459,237.80004958839763,223.8089978200887,539.8116051108464
2026-02-12,1307.210213773785,171.7370315370737,349.34325212679835,232.5798261632404,212.62264834048517,524.5704288156955
2026-02-13,1278.330348888298,171.51480803149428,345.6350259540399,231.63597528901155,207.78899347504338,516.4654139569257
2026-02-17,1293.4345974729063,169.60868135136462,341.4519242062354,234.3859177485125,214.36923484423312,516.0778824676765
2026-02-18,1314.4824515099817,170.77971561796406,342.9329676845564,238.62735261520123,214.75106237226186,519.2505032321151
2026-02-19,1313.9231061953308,170.68118441151526,342.39030212605945,238.70892721840292,211.6883704720459,520.5098694254759
2026-02-20,1327.3491049372049,170.15431086825325,356.10399799291866,244.82638237881892,214.93787820846794,529.292879145934
2026-02-23,1339.4463644459584,164.68853927322374,352.1583167480927,239.18667560289063,216.23766640148108,514.4311329806649
2026-02-24,1348.5369557270296,166.62896221583517,351.49130617660603,243.02027301355486,221.07945503272416,516.085983827044
2026-02-25,1367.4869974606872,171.59785145006384,353.75243571640243,245.44395262023295,222.77731344944254,527.7025921818301
2026-02-26,1292.8752521582555,172.07760536748978,347.5117126555101,242.27452680996095,221.7374580591059,530.3827589735059
2026-02-27,1239.0316882355737,168.2310032437728,352.463630941789,244.69820641663907,214.61292495123308,523.2545507008941
2026-03-02,1276.0228088292338,170.71972012779787,346.5394224594161,242.82218612291183,215.05160191412966,527.5976202997837
2026-03-03,1259.0306895956357,173.02426358849945,343.2156045558948,243.21835990419785,214.26363248640962,528.8247292512732
2026-03-04,1279.9386538293531,173.56827870038035,342.70685127366784,252.64508051180417,213.2643838352643,539.036591530881
2026-03-05,1282.0364661327708,175.9156367068973,340.16311943162196,255.11536147746043,211.45280171288414,533.2566174120072
2026-03-06,1243.4371475474466,175.17887738738344,337.4949388693194,248.43860110934705,209.15376486872566,520.5744333077511
2026-03-09,1277.2116582589963,175.37163472026037,346.6023382013236,248.76486396216987,211.1197271078111,522.6168156433791
2026-03-10,1292.0361272368882,173.8081556590933,347.37170784522135,249.74365252063834,211.89147867578072,528.0093570700693
2026-03-11,1300.9172046610952,173.43119865240496,349.24977731025007,247.7860576237094,211.87521114417808,528.6470921275843
2026-03-12,1280.7072991020864,172.13756148192405,343.42322650418964,244.1505471036882,207.7727383614038,515.1818918810609
2026-03-13,1260.4975004924686,169.43466686687037,341.98643145973773,241.9832194213697,203.19095704061561,495.4280608241664
2026-03-16,1281.266751366128,171.31942564982427,345.69728488325717,246.72571224203122,205.38437910898756,506.95357828460266
2026-03-17,1272.245784138563,171.08811947542074,351.761359899563,250.75739654333842,206.52981202122157,503.0834008395157
2026-03-18,1261.546353169482,167.8240681798673,348.10706150558235,244.54672088497423,203.04473552563778,497.4438667491869
2026-03-19,1248.679058045913,166.63753300014463,347.47351381220915,243.25331536842944,202.24861991415338,490.1884078562685
2026-03-20,1207.6999016132447,163.57480982177756,340.5382977541068,239.30318789033197,201.4606008145811,479.6526393975651
2026-03-23,1228.259424731258,164.0588688192242,341.73756858831337,244.8613378430505,204.30391697945964,488.0554286116178
2026-03-24,1225.1824907537236,159.6639596288496,328.5911860403796,241.48217924738896,204.42576203295963,479.0547689559614
2026-03-25,1249.5182899166712,158.9357710936452,329.1455359509451,246.6907567777996,205.22189006240708,480.64643907898164
2026-03-26,1197.4900849559172,156.7640157261423,317.82066783850115,241.83173388970482,205.44124096181844,442.3895972123914
2026-03-27,1171.4759290008446,152.8231874759972,310.3763528072823,232.27685509991068,202.11862867688902,424.75995246132203
2026-03-30,1155.042192537379,153.76127491269744,309.42601398267794,234.15287539363788,200.35577464153843,433.372784236533
2026-03-31,1219.5879681133065,158.56310604173356,325.33287656043785,242.68236426598548,206.17236095467067,462.2572918872234
2026-04-01,1229.028604750946,158.22041904703903,336.45413273890637,245.36239579702323,207.66713600358037,467.99374589876396
2026-04-02,1240.497322689106,159.97237661155026,334.62131421132653,244.4302085975329,207.90272959866817,464.1398699694773
2026-04-06,1242.2455174335194,159.7239419937718,339.395616518528,247.94918905012082,210.2910764331214,462.9764357266737
2026-04-07,1245.4623412144115,159.47121542121664,345.5841402550905,249.0911268149927,205.93677977754587,464.6165164117671
2026-04-08,1273.2947437649675,160.34502853821795,359.00206299680644,257.80703890324475,210.32358666040057,494.80993698414426
2026-04-09,1286.0920939868574,159.80531850635774,360.3257134130917,272.2558782653733,211.61525350557545,507.7130313267587
2026-04-10,1319.0992428183652,158.86293911488082,358.91152655281974,277.76742685911375,211.6071569936633,508.90072024913155
2026-04-13,1323.8544266386334,164.64569847692044,363.51616377140465,279.5269170854077,210.56732643925278,512.6739283744739
2026-04-14,1374.204381756653,168.38949056465586,376.63990356606945,290.1654686063571,210.26671238960665,535.2644207747259
2026-04-15,1390.708063121798,176.14695600654477,381.40290178118096,289.5595442596896,216.4407746052159,542.6087970265542
2026-04-16,1387.0716768802222,180.01925735794615,380.15838000952556,290.9578161689291,213.97926113244,546.882856875223
2026-04-17,1410.358409467374,181.1029956269312,386.56188891033133,291.95991429688263,219.5278057130205,556.3198043719307
2026-04-20,1413.0157809842244,179.08116992124593,381.74233566568097,289.3031923353299,221.81867153748848,542.0674385063909
2026-04-21,1397.7711078493032,181.68982528462746,375.9384621819784,291.2025221985422,216.22956988956892,540.3950017823609
2026-04-22,1416.0928219111495,185.44220128191634,383.8919107554029,297.5530197138328,221.91620221932595,545.1457574718522
2026-04-23,1396.092644107787,178.08739207440019,383.40541996646624,297.22675686101,222.1273820990468,532.5658777288753
2026-04-24,1456.442688127488,181.88687457228113,389.63916007138863,307.60893867760774,220.20205143507877,545.3962574313147
2026-04-27,1514.764757796059,181.97254303964374,396.35942553433654,304.2647355461778,217.3993668453177,548.2967910774888
2026-04-28,1490.7086312904373,183.87013831119586,395.72587784096334,302.6101294925706,219.9177297529614,542.414858387065
2026-04-29,1463.295898149956,181.81833454829342,395.9069161598478,306.5019919369514,219.47905279006483,540.6211976637211
2026-04-30,1395.6031367454243,174.67342424227311,435.3459600963821,308.8557428351744,220.43766986609276,494.3978544241295
2026-05-01,1387.771018947622,177.52624851914436,436.35292308870316,312.5844916331358,227.57842083371597,491.8447406586294
2026-05-04,1387.9806397538773,177.17499074014037,433.592373920699,317.00068604099056,224.8894599496166,493.18596022072006
2026-05-05,1374.134436854974,176.2154829052885,439.45280243394046,318.74853037253797,230.86041396149102,488.78257501337004
2026-05-06,1453.3657541499538,177.32062844718126,450.3251611718956,320.4264637756222,233.5656175412669,495.1816115443877
2026-05-07,1479.0302925460217,180.23771391850747,450.2685715732677,315.9753139035359,233.508743270473,498.35689982959354
2026-05-08,1504.904558697736,177.8175239332261,453.44768327040174,317.73478634983786,238.28551144715772,492.5557831387124
2026-05-11,1534.5551008943844,176.76377684670214,439.69039578236374,313.4350864494325,237.9846490382505,483.8540340045915
2026-05-12,1543.9257926303449,174.66913228749638,438.2309579846429,309.74132867568665,239.70846099775477,487.1989568511844
2026-05-13,1579.2406954196983,173.5725575299131,455.50675648522594,314.7634652102008,243.01787298795628,498.2114705492432
2026-05-14,1648.5418687146762,175.38019237932585,453.75317030954284,311.37264293980076,242.48121829655224,499.66576335274755
2026-05-15,1575.6742540798018,180.73031744977558,448.8996356504447,307.7837515587497,244.1237422698956,496.272331147016
2026-05-18,1554.695168501105,181.42426222347407,449.08067396932904,308.62268270030785,242.18035588764502,493.83234002146247
2026-05-19,1542.7369432005821,178.80274412100633,438.58166139214393,302.19062836180757,243.0991858100433,486.8838436109142
2026-05-20,1562.7371210039446,180.3619312273967,439.99588282150484,308.7974955814497,245.76624140731286,488.86339101291264
2026-05-21,1535.0446082567469,179.90689214435773,438.58166139214393,312.81751620801845,247.99417299501587,490.73786773579917
2026-05-22,1505.8136285207822,179.68368424548092,433.2756173585569,310.3239434528691,251.1084491137641,493.0647362214062
2026-05-26,1502.5269667876019,178.59330460304932,439.961901407057,309.1237584342726,250.71000635116724,494.7453731018691
2026-05-27,1486.7226274898571,177.15093216795168,439.9053118084292,316.7676614661079,252.75909443494572,513.2636974567104
2026-05-28,1498.2611833803053,183.2982058054004,441.3761228364179,319.27289789599575,254.10887734722007,513.2879521362796
2026-05-29,1476.5128108325293,193.27896944784462,430.3001175953984,315.35774366212183,253.74296964782843,511.0418502516825
2026-06-01,1568.960933860692,197.6919652244036,425.8086595740691,304.4278847525812,249.06750721374996,485.1548455669108
2026-06-02,1558.1915579899317,189.4454925680931,409.3813593620136,298.90467248410226,256.29617735980565,482.86028372170773
2026-06-03,1501.757679818523,183.44846359831712,406.1456580662519,291.3306981607221,252.27933885026178,503.3419527598126
2026-06-04,1530.8826727080595,183.75324488843935,421.07960820431646,295.7236007790837,253.06807819169123,507.0505476043471
2026-06-05,1435.9463720995243,178.86804220973457,416.9388190213992,286.6814258380088,249.90502431406122,479.1193822367693
2026-06-08,1460.7306100587107,176.75168849700992,411.2786492405042,285.7375927437719,245.18893030486532,472.97084566521386
2026-06-09,1457.580094900205,173.17579453008082,412.3540935980554,284.5374077251754,236.25269089498184,472.32446586447156
2026-06-10,1403.1807149927738,170.578636880413,403.4336784682368,277.32463393885763,237.0902079952931,461.3281548851475
2026-06-11,1434.336035120041,167.56510711642852,405.0071596904373,281.4145832738815,240.38335245389194,459.26784088213924
2026-06-12,1436.5765179109817,167.73681155798482,407.1693524976296,277.9655137497568,236.72432513182753,458.09630527996836
2026-06-15,1487.4051785028782,171.60892915597069,418.1161384841161,286.66977994326226,241.02573368274997,479.95159931763334
2026-06-16,1452.11915204908,169.06328808886735,422.5310605424875,286.6464703737772,243.3187353968635,485.3942308565094
2026-06-17,1432.7957499916279,162.65843153859623,411.82204074986925,276.74201916167516,240.64355845175567,459.0061274557477
2026-06-18,1475.0831113743552,162.86877669838688,416.6218204756344,284.77045008004995,242.3185926523782,466.8020062967075
2026-06-22,1460.8005549603897,157.69166859389,395.8490475049285,271.25378013741977,241.50548926743394,455.9896060547287
2026-06-23,1400.520241943586,160.52491000676474,391.8303217751296,272.79189168357766,239.3018968873196,454.65525288868724
2026-06-24,1393.2390204585495,156.88462359294104,390.879429845102,272.97833267947414,238.3098754906725,450.99180830306597
2026-06-25,1370.4151648354145,151.46280843995189,389.0907906132133,264.51875473558977,223.73061563728274,439.02293901139825
2026-06-26,1347.941247619457,160.10851164196015,381.93637196201445,271.13726784997846,230.7478575443565,444.99122033703014
2026-06-29,1365.0241668859687,158.21968403337695,400.34320191519663,279.81822447399895,229.08909087533664,454.97871448098846
2026-06-30,1400.8702873001544,160.1299714158437,404.5543737632368,277.7208077201436,235.28508321370177,455.53672030668093
2026-07-01,1383.2973259243252,164.96367063722798,408.9013675618015,281.63597973400954,239.36696701373012,495.66477859299766
2026-07-02,1364.0440826673337,167.62948643807917,407.4297268756777,282.7662538241429,250.95394481742832,471.3955264565265
2026-07-06,1369.0849283108205,166.01968839095798,414.8445199049246,284.5024522609438,254.23084658035066,485.45889353585005
2026-07-07,1378.7465223901559,166.92118264748245,415.4897865194553,286.6231608042922,252.60459013860995,497.8240872555923
2026-07-08,1429.085140872735,164.56014813675347,409.70513344921466,283.8732183447912,254.82442521440078,487.7475769556586
2026-07-09,1419.7035402988981,164.99800627544167,406.2750847353187,287.8583012871203,257.12554827635256,510.6824759260882
2026-07-10,1476.9734418593366,165.31567655513797,404.3392848917266,285.8774146006983,256.39375771349535,541.1950604184192
2026-07-13,1424.9544345462039,167.8441366778905,399.0527032552242,288.17291824519657,258.0118431355456,531.1023473997508
2026-07-14,1482.8544819181,165.24270019868993,406.9769409484773,288.3826688105781,256.0197038303393,534.5878584704868
2026-07-15,1487.7552238594467,169.83599745160262,419.8934390548258,297.0869350040836,266.2975799687328,550.9804157664556
2026-07-16,1452.0491001980101,172.18415609800147,401.2601469998654,291.1792126290572,270.98116375064956,537.4183449972531
2026-07-17,1419.9135889027173,169.05899613409062,392.5548207415571,288.07969774724836,271.37143549355596,522.433053101632
2026-07-20,1423.2042077633628,172.69500371838163,398.46402623932124,291.2957426964905,265.5576183861851,522.3036289458853
2026-07-21,1451.2789576338034,170.74606249243658,392.98499848457755,288.45257973904125,266.492715840186,520.6538661483772
2026-07-22,1484.6747605520113,167.56510711642852,387.25690044387574,285.30646349825435,264.988453467502,507.1969648553521
2026-07-23,1461.5706975245962,163.80460659312504,359.63533413746796,272.26754194011187,261.5489508963317,490.15748437478095
2026-07-24,1448.1284424752982,163.85613630093349,361.9559916484538,270.4614325748478,270.78600304327017,481.33451124134626
2026-07-27,1375.8060558354696,167.03279972216484,369.67644456228663,269.62246587330566,273.94905692090026,480.26700894909993
2026-07-28,1379.3066163505432,168.8572348838534,377.77048562051215,269.00489563189154,276.5266286763923,479.8949885991274
2026-07-29,1330.2982343925578,167.65095933720667,381.16658748904916,264.0992713848187,274.9898560764291,473.5870923609924
2026-07-30,1365.514208995286,193.6481563101054,377.7138960218843,274.4115600529453,271.11937567945665,435.9175496500021
2026-07-31,1405.4911426853937,199.49494061220864,403.15066133691977,316.4530267280397,251.1816405880129,450.2154609627169
2026-08-03,1446.7282610490251,209.33832232606622,422.82538176589446,330.9484852291383,246.7176063929164,477.33140234468897
2026-08-04,1483.8345661367348,211.5534172491431,427.511982294404,323.25799861831683,251.5637909830811,475.4713993918917
2026-08-05,1534.8033304307714,209.2567620600648,410.2824372348497,317.6998308856063,252.88106366807628,476.14262665459614
2026-08-06,1533.1931004006792,214.57982287745773,404.98455150625733,317.2454098505956,254.02756452513304,477.05649951005915
2026-08-07,1567.98908474516,214.63563141479892,401.07900497371406,319.8322208836851,254.77562261959287,478.8355876662484
2026-08-10,1523.1113021643148,217.24137297402018,404.7241771282092,324.03868250615034,250.86927914531628,481.1161697266897
2026-08-11,1522.7612568077466,216.27548627060108,389.1926657183789,317.2570379653502,248.14296502834617,484.512714039983
2026-08-12,1568.8991171127248,211.39028359189624,388.898379064061,311.442553868264,245.97819120074314,468.120206142547
2026-08-13,1577.370685318997,213.30058409960694,392.0906961531777,308.9373174383761,248.42780826491193,481.1565777264609
2026-08-14,1576.3904941509713,212.66524354021433,391.56994739708153,306.0475353419568,248.97305618675026,477.0159927132225
2026-08-17,1575.3402511318757,206.20459157784597,389.4190932510681,304.4861320063058,248.69635913394893,460.13019106796725
2026-08-18,1538.4439946479852,206.75406679121647,389.6455207837573,302.31882210397936,252.3097380238215,439.6699115945334
2026-08-19,1523.1813540153848,207.90453380052202,390.23416323057126,309.7646204651797,257.843728751701,441.57847330500203
2026-08-20,1518.210560222968,206.93683581343566,385.64943780722734,303.0878423170743,253.343285088926,441.4167425088515
2026-08-21,1503.2979649469362,207.83571814641104,390.34737699691584,301.36332533500394,251.7563439182188,444.7081667445002
2026-08-24,1459.6104221379358,209.5861794331102,394.0151573355909,305.3717178468181,252.56202136125586,452.0836146734142
2026-08-25,1491.6059366804793,211.47856398280803,392.76990961306734,304.19482461771463,252.20393697858913,461.0036065251263
2026-08-26,1467.8718347909978,213.48277561109165,387.1550253387101,303.2859469877093,255.09302575529,465.9286402380812
2026-08-27,1596.13377951728,217.22024133123577,385.62679505395846,298.60173698075647,256.01262559139775,461.85271790418324
2026-08-28,1523.1113021643148,220.8631002928767,392.3510705312258,310.4521016350569,260.1794234227992,467.44902827837535
2026-08-31,1545.7252161330216,218.1793422835247,384.15515436783465,302.6916685357883,257.86002111922977,462.855557517089
2026-09-01,1522.3412665494993,215.48268215935465,379.2534303987259,297.0403158651135,264.59847975570887,467.86950858895375
2026-09-02,1571.1395999036654,213.6763204586065,381.63071207742854,297.1102267935767,264.4601188113451,479.44210285107954
2026-09-03,1599.4243983779252,219.39648553217484,387.69841684807517,301.6779245130882,267.10504559844986,493.86138635870634
2026-09-04,1612.796708525544,214.91497598211606,383.3939084598425,301.22350347807753,260.39914686110217,498.7864200716612
2026-09-08,1580.3810967753623,212.44197001511768,383.28062555532,299.42904000756005,257.34730826059666,496.12576570041284
2026-09-09,1565.9586505580385,211.4527597531719,374.54705635133115,294.1039324097161,256.6311394952632,528.643881222957
2026-09-10,1530.49294912745,211.79253294370608,376.75595199770873,293.5096717377871,265.7703877651771,521.1148532557925
2026-09-11,1530.002265321787,213.1645146954169,383.4392285354693,299.207643547432,270.40916753638976,524.0666625789381
2026-09-14,1478.6261307976347,217.37077475427574,395.77500051637577,295.4322933904924,271.06836268722486,538.2756071342102
2026-09-15,1487.1070036009191,213.8053416067871,390.779525178007,289.46632376174136,269.6523175240867,542.0280184772741
2026-09-16,1499.2326046982735,210.87213833587134,388.3893837982112,286.5998690147991,270.5231147653865,544.5107393336373
2026-09-17,1537.3617737609964,214.07629914321032,393.44148330429675,292.69401460573,274.2585622320941,551.7891191457413
2026-09-18,1557.898302759956,212.368849280986,395.944907588615,295.63039806112744,273.55053965052497,538.3969299305895
2026-09-21,1593.7144773446767,215.73643250093912,402.0957855872998,301.1535925496144,275.8699419540944,599.9273965065235
2026-09-22,1604.1578714718316,214.18382114177547,397.77997310697725,297.1102267935767,276.49657720579813,596.1639198921284
2026-09-23,1580.6075086359963,215.29774747188114,382.6802641873486,290.4567759949484,274.27482976369674,602.2340115937121
2026-09-24,1574.089157156582,214.15371183211866,387.8116651835087,290.58495195712817,273.379643642956,629.3390358999515
2026-09-25,1577.5236229480506,221.9985126473538,389.57880244206416,290.92286070469754,277.5708303537983,608.3526620529672
2026-09-28,1606.6103279556285,217.7750585189002,385.55181470000383,287.2116074188439,276.32160810634696,582.2512677361573
