Date,nvda,msft,googl,amzn,aapl,meta
2023-01-03,100.0,100.0,100.0,100.0,100.0,100.0
2023-01-04,103.03177113146236,95.6256893772029,98.83303214207614,99.207643547432,101.0314281547218,102.10838820370253
2023-01-05,99.65071979617932,92.79154870956971,96.72352162652261,96.85388375921303,99.96001759597995,101.76366091105193
2023-01-06,103.80019826285312,93.88512636526899,98.00268049279059,100.30296217333377,103.63795830799924,104.23280593035587
2023-01-09,109.1722041809599,94.79923914438262,98.76570890034847,101.79445458052155,104.06173456882372,103.79186448031707
2023-01-10,111.13518269607434,95.52133013880001,99.21454202749447,104.71918325117645,104.52544360461751,106.61373921385247
2023-01-11,111.77785106008933,98.4097203176341,102.69299012615485,110.80167405736483,106.7322117540079,106.53357925920406
2023-01-12,115.34055988324032,99.55338804966195,102.25538473656445,111.01141573275038,106.66823990757581,109.59597087636821
2023-01-13,118.05099349426227,99.85390885676,103.36623981687387,114.33232707468726,107.74765935438437,109.81238794604553
2023-01-17,123.66048217520536,100.32139658495332,102.43491626007861,111.92030225275164,108.6911324238934,108.51370042956407
2023-01-18,121.39014749663937,98.42641700974363,102.24416563573004,111.23281219287841,108.10745756514541,106.6378143480149
2023-01-19,117.11491026258977,96.80690992832213,104.40979756561921,109.15870500850818,108.1554240427068,109.14700849490677
2023-01-20,124.61755747295852,100.26714052346128,109.98653707899871,113.31857416199121,110.2342609064957,111.72837868470793
2023-01-23,134.0761658124841,101.25219950588533,111.97262021193133,113.63318223007151,112.82481050542783,114.85488839367521
2023-01-24,134.57910740586604,101.02679743755232,109.62745675852798,112.23491032083194,113.96016189244504,114.75066564475887
2023-01-25,134.98427297644727,100.42990870793737,106.84469655225544,113.23700844878547,113.42446591852114,113.43593626543212
2023-01-26,138.3304243341846,103.51448010634006,109.42548703334501,115.61407780648952,115.10354077842297,118.08559617176985
2023-01-27,142.26336536604214,103.58126032448702,111.50135751983767,119.13306714907341,116.67864277697863,121.64502639935328
2023-01-30,133.85960834707043,101.30647521825078,108.77469281773719,117.1638352473939,114.3359778793395,117.89320487667693
2023-01-31,136.47922322945712,103.43517573153815,110.90665017168075,120.17012074125853,115.36738121953591,119.42441302515351
2023-02-01,146.3011064835238,105.49712877813424,112.69076357943038,122.52388941947348,116.27886836582888,122.75131028084736
2023-02-02,151.6520936280867,110.44329291781867,120.89316997723705,131.56607325054435,120.58845661778888,151.33076507222478
2023-02-03,147.39782175265458,107.83455431851851,117.57181520042201,120.47308291459228,123.53082655757208,149.53501426553504
2023-02-06,147.32098438100815,107.17505135592009,115.46229604814731,119.06315622061024,121.31605572374633,149.15824026687736
2023-02-07,154.89345825393147,111.67878263101221,120.78097033217175,118.9815905074045,123.6507551587382,153.61549653822772
2023-02-08,155.11701307470537,111.33232463216676,111.50135751983767,116.58122047021145,121.46795784086581,147.04985823312208
2023-02-09,156.03910159565743,110.03422723628087,106.60906088784803,114.47214893161362,120.62844522544027,142.63266959920148
2023-02-10,148.55044909600912,109.81718988973044,106.11535999408557,113.73805751276225,120.92471825122611,139.61038263915052
2023-02-13,152.203990001527,113.24817998523172,106.16023639742322,115.98695090828643,123.19893228060191,143.84318856950637
2023-02-14,160.4680536341947,113.60296995440409,106.23877873998528,116.17338301418691,122.67841038894845,143.88325620693607
2023-02-15,159.02200474631684,112.69495549633947,108.77469281773719,117.87462598675621,124.38407401279599,142.0234119882322
2023-02-16,153.6989269008052,109.6947190963323,107.17011093350173,114.36728253891886,123.08683266219347,138.23953141965427
2023-02-17,149.40973501723,107.98328522908693,105.86849659212254,113.26030912827456,122.15792571908307,138.592267303833
2023-02-21,144.28920657267997,105.72788243432663,102.99595766901113,110.20741338543583,118.89878595554937,137.95091362727868
2023-02-22,144.98079633242435,105.24248621016335,102.83888162060819,111.61734007941789,119.2431247169981,137.18133610701256
2023-02-23,165.30911518374702,106.60662364129767,101.98609176965381,111.65229554364949,119.63549199232165,137.9188669212716
2023-02-24,162.66850823527966,104.28425722023853,100.01120182739203,108.94896333312265,117.4814174875777,136.5961166105222
2023-02-27,164.1704291361865,104.6775825521729,100.84157075011997,109.25192550645639,118.45036266739027,135.91469529653816
2023-02-28,162.17952129142336,104.36795029010257,101.05475093941617,109.79958481940729,118.04195280140792,140.2437153842822
2023-03-01,158.5609404552434,103.04986140566497,101.39137578477566,107.39920589221823,116.36032204539184,139.02516314266015
2023-03-02,162.86411369580748,105.0751197213087,103.23160197013974,107.35259564324411,116.84079329308045,139.9150299544769
2023-03-03,166.88784674883706,106.8242046620125,105.08304725633823,110.58028648723277,120.9407484346222,148.50890267858387
2023-03-06,164.54072811355104,107.48533864710419,106.74370737130336,109.24027072171387,123.1829145044685,148.2283058176309
2023-03-07,162.71013181668772,106.34717970992298,105.31867428402447,109.00722836683929,121.39719922174204,147.9156622506709
2023-03-08,168.94939583378263,106.15886539001056,105.75627967361486,109.43835761235687,122.41416050816673,148.2844153179059
2023-03-09,163.74416466967173,105.58143102507404,103.59065638044689,107.49242639016646,120.58840698873811,145.65496889914692
2023-03-10,160.45336452943087,104.02064075340924,101.69434332763194,105.72128137912998,118.9147913244201,143.9073313410985
2023-03-13,160.4603618847911,106.25093628223948,102.23293789817444,107.702168065552,120.4923127392004,145.0216484939097
2023-03-14,168.12493644458362,109.12564945317843,105.44211030336656,110.5569769177477,122.18996127134987,155.5395205482072
2023-03-15,169.27777744764384,111.07140033499499,107.84334335077837,112.0950795739096,122.51027957222985,158.5297361224621
2023-03-16,178.45153733833556,115.5738215518596,112.56731892336707,116.56956568546892,124.80047415595097,164.2856799102939
2023-03-17,179.73711443353437,116.92540862517447,114.0260265865916,115.2994608484132,124.11983653927696,156.81416995020976
2023-03-20,180.9598488678072,113.91261531705669,113.57720209616677,113.85457869019955,126.041696715506,158.57782469131445
2023-03-21,183.04890663985594,114.56121204491116,117.72891715898857,117.23374617585709,127.54714434131735,162.06509121588311
2023-03-22,184.92835088692482,113.93776843502475,115.98967151785537,115.00815345982198,126.38599825516665,160.1811718630168
2023-03-23,189.9798538928164,116.18475410567335,118.49192829310407,115.0198082445645,127.26685186987685,163.76462786518468
2023-03-24,187.1012567397118,117.40244012755512,118.3123881328687,114.34397296943379,128.3238513930037,165.15149626773723
2023-03-27,185.3685299417704,115.64914989994102,114.96856060750007,114.23910657673902,126.74634238548607,162.61021839515476
2023-03-28,184.52311854768556,115.16793931181462,113.3640046334282,113.30691937724866,126.24186308449141,160.87861036005714
2023-03-29,188.5335646377697,117.3773263113339,113.76796135723654,116.81426282508605,128.74028875794676,164.62239861141634
2023-03-30,191.3213297085074,118.85862224975384,113.20691131158284,118.8534145452247,130.01350964798053,166.61856164462165
2023-03-31,194.07416141737042,120.63698699184233,116.39361096822137,120.356561737155,132.047469442618,169.9053912628858
2023-04-03,195.38768787281532,120.1892745925932,117.1005438716072,119.33116292971239,133.06444313630539,170.8112875976533
2023-04-04,191.81041012848493,120.16831366095313,117.50448332197317,121.12560862023795,132.63202521701697,172.13402556850818
2023-04-05,187.81394539538965,118.97995984278515,117.22395398078571,117.80470616829706,131.13458027564099,169.53662585575626
2023-04-06,188.90387696886583,122.01785386654187,121.65618111135255,118.92332547368787,131.85526853627988,173.24034646968576
2023-04-10,192.69076823817608,121.09309686432978,119.43447095073371,119.0515014358677,129.7492473599361,172.1580883627761
2023-04-11,189.82616579579192,118.34809255849589,118.2113903151954,116.42973493854656,128.76430921851554,171.43658707146784
2023-04-12,185.1169990532872,118.62427903401809,117.41472187857669,113.99440943712192,128.2037739046853,171.556814663546
2023-04-13,184.8934041713185,121.28140463395107,120.54532603104313,119.31950814496987,132.57596920418143,176.64740368002802
2023-04-14,186.95453929058434,119.73315161952345,122.16113565283422,119.4476841071497,132.2957015472663,177.56129626642917
2023-04-17,188.6593434357429,120.84621639135685,118.90708684430444,119.71568192625588,132.3117317306624,175.4529512523574
2023-04-18,193.3056007486636,120.66627989380929,117.25763719345255,119.20298696753258,133.30467255651834,174.6753281208796
2023-04-19,195.15015169505259,120.699751881522,116.89857414642421,121.53344607626249,134.23359190689143,172.91965729151408
2023-04-20,189.3719920302259,119.72060126170399,118.14405843674656,120.96247719382653,133.44882013445627,170.8112875976533
2023-04-21,189.47681882331324,119.57417605361597,118.27873083036546,124.63295206807533,132.1435636921557,170.66697253151827
2023-04-24,188.93882368447214,117.90455924499248,118.90708684430444,123.7590299023016,132.39178338954133,170.58678789708082
2023-04-25,183.34234153811084,115.24744674564178,116.52826608839788,119.51759503561289,131.14259536733903,166.38607803231005
2023-04-26,188.33794582351027,123.59538668235417,116.37118140327374,122.32580252883048,131.13458027564099,167.86916059225078
2023-04-27,190.224400779671,127.55383242141272,120.7248489178361,127.96550930475877,134.85819832525527,191.2457826868072
2023-04-28,193.8785826643058,128.5706865170183,120.44433685009103,122.87345295178538,135.87515961167998,192.65673856341664
2023-05-01,201.99028021937778,127.85932489948415,120.2872521649669,118.91167957894133,135.80307341544832,194.9494786209477
2023-05-02,197.09946266587087,127.79656000980448,118.17774164941338,120.75273551844101,134.96229525922837,191.79092220597332
2023-05-03,194.24881487301235,127.37392212502974,118.27873083036546,120.77604508792605,134.08943192169082,190.01923419355148
2023-05-04,192.57200014929472,127.79656000980448,117.47081738274873,121.1838736539546,132.7601674260842,187.20539273133323
2023-05-05,200.38331886567798,129.98921756575854,118.45825371715844,123.11815898139848,138.9902014263265,186.61213996352575
2023-05-08,203.67413235965043,129.15228686711825,120.9268359164615,123.31624587204149,138.93412059896556,187.00496816492318
2023-05-09,199.6217288448682,128.46187308064188,120.45555595092546,124.23677828678932,137.5488000905234,187.0851281195716
2023-05-10,201.81562676373582,130.68379733739837,125.39272898625275,128.39664744027235,138.98216152010306,186.85264450726
2023-05-11,199.67065691746333,129.763219420932,130.8011647136737,130.7154517642597,139.13429937521366,189.02515697271292
2023-05-12,198.00777013580813,129.28620101913359,131.85594156325345,128.47821315347804,138.38054575950468,187.43787634364483
2023-05-15,202.29073918045611,129.4912382323201,130.73384147194602,129.5735228893838,137.9796174729247,191.48627489064694
2023-05-16,204.107273997941,130.44527503591686,134.1000899255411,132.1370332429843,137.9796174729247,191.45422818463987
2023-05-17,210.84963985319706,131.6782101355668,135.59242898110526,134.5840135291515,138.4767640816693,194.3963428501479
2023-05-18,221.32991549024186,133.57369408319406,137.82541006288568,137.6718736262178,140.36919423079655,197.8916179662447
2023-05-19,218.4373369801484,133.49820852812536,137.74685908360243,135.45793569492523,140.45740986852581,196.92157885988507
2023-05-22,217.82251782339247,134.6891955633306,140.31642182713637,134.01305353671157,139.68762606942073,199.07006555075355
2023-05-23,214.41292288680702,132.20660902104785,137.52244252002944,133.9897439672265,137.57062446559593,197.80343708017364
2023-05-24,213.36489532310256,131.61532734064664,135.65977813299654,136.04055047210767,137.79517110576813,199.78357059042818
2023-05-25,265.3611880601348,136.6769469119209,138.55475525777678,134.00139875196902,138.7173284979749,202.5733492583785
2023-05-26,272.1104577946299,139.5998571250497,139.82272093337392,139.95572248597358,140.67390419521192,210.06895903241406
2023-05-30,280.25019818606916,138.89533401146315,138.76795272051535,141.76183185123764,142.17345837124526,210.45374162259986
2023-05-31,264.3410697954816,137.71277065066073,137.87029510294454,140.50338179892447,142.133345690967,212.21745806317705
2023-06-01,277.8676521008391,139.46986004713457,138.82405686140862,143.05522847778644,144.41067394327808,218.54254246497044
2023-06-02,274.77249748232083,140.65246270968385,139.8900441751016,144.7797721298448,145.10029441814,218.54254246497044
2023-06-05,273.68251249391824,140.87888007314316,141.39362824166375,146.00326671792638,144.0017305650001,217.56453178676614
2023-06-06,270.07030138771313,139.93115775020294,142.85232726816707,147.52971458934573,143.70503569228276,217.3480653575108
2023-06-07,261.85989304862824,135.6117909694673,137.45511064158055,141.2607827872609,142.59042924848404,211.31953330025416
2023-06-08,269.0920337179052,136.4001578096141,137.0511539177722,144.7797721298448,144.79559686098736,212.1051897030491
2023-06-09,270.908808902559,137.04177192711595,137.15215173544547,143.8242842508654,145.10833432436343,212.4017914071638
2023-06-12,275.8839552711419,139.16373874111397,138.73429541801212,147.48310434037165,147.37762267045113,217.29196819713033
2023-06-13,286.6448729315654,140.18697282028745,138.9474842440295,147.58797962306238,146.99272456726723,217.50843462638562
2023-06-14,300.44539368703676,141.46602196954547,138.76795272051535,147.3083181292177,147.50595098845872,219.13579523277792
2023-06-15,298.0416418760203,145.97828172369861,140.36131550391642,148.11232936652823,149.15779190675497,225.93391715019516
2023-06-16,298.314138123121,143.55855177517148,138.61085939867002,146.22465428805845,148.2837746937872,225.26852535916188
2023-06-20,306.1122366452168,141.76373270174554,138.1283603322996,146.5625719256238,148.3559229263323,227.9381134547176
2023-06-21,300.7807325950634,139.88083841368456,135.26705778346496,145.4556074049755,147.51396608015673,225.78161817232095
2023-06-22,300.6409991475645,142.45988454325834,138.18446447319283,151.6546193886012,149.95167061000495,228.37901788507287
2023-06-23,294.93914270512016,140.49309412630808,137.27558775478758,150.69914039961776,149.69507601030324,231.46544761671595
2023-06-26,283.91969680085316,137.80080656354892,132.7872478466063,148.36868129088788,148.5644393831084,223.2403649795275
2023-06-27,292.6123083881398,140.304367138054,132.77604601921428,150.52434529846784,150.80165495514123,230.11862217180416
2023-06-28,287.30866022211126,140.8411503961911,134.8518819588222,150.36121387205642,151.75590993592826,228.7077279946672
2023-06-29,285.2473515043346,140.50568378587437,133.6400204241183,149.03286178127607,152.02855953355143,225.6934372862499
2023-06-30,295.588988699872,142.80794081314133,134.3132787515585,151.89932541821432,155.54077023418273,230.06252501142365
2023-07-03,296.36460013886546,141.73857958377747,134.53769531513151,151.7361939918029,154.3299454682194,229.29291047147404
2023-07-05,295.69381549295935,141.8056676656079,136.613557164903,151.92263498769935,153.4238306666714,235.98680963997495
2023-07-06,294.19846462800143,143.11406211916199,134.77333961626013,149.5688663094844,153.80871636259258,234.07883983273518
2023-07-07,296.99350748246303,141.41567643186252,134.06643262303785,151.2234901430836,152.9025767465192,232.9084501993325
2023-07-10,294.73651318176894,139.1553281672934,130.66652686693956,148.1356300460173,151.2426959219995,235.7704172500866
2023-07-11,296.3086747109101,139.42371979636192,131.44075710188946,150.05826058871864,150.8176975458,239.12938589157648
2023-07-12,306.7691067027921,141.40731826037106,133.4492957099333,152.41202926693362,152.1729180349551,247.98780127389665
2023-07-13,321.26840152561044,143.69695942690717,139.74416995409064,156.4903327072109,152.79034064822116,251.25061745747087
2023-07-14,317.71871259077284,144.77889721525509,140.73158901505795,156.93310784747504,152.9106290600053,247.61099025555552
2023-07-17,324.6503141765819,144.98440604940347,139.86759733671158,155.62805643618373,155.5568500466296,249.01393754063685
2023-07-18,331.86851355006485,150.75476712175688,138.86894190146745,154.77744383989508,155.3483335898535,250.1603384191386
2023-07-19,328.9546758992587,148.9053972237377,136.9277265351513,157.72547319003905,156.44692225751882,253.33492435706373
2023-07-20,318.07507027234334,145.4624724977839,133.7522287059048,151.43324070846512,154.86721716450498,242.52041357896798
2023-07-21,309.6130776298489,144.16244931630354,134.67233316186562,151.47984206744326,153.91297459098064,235.89862875390386
2023-07-24,311.7302850681177,144.72438569240867,136.36669376293997,150.0815701582037,154.56249479282693,233.77424187698682
2023-07-25,319.18607403428985,147.18603750421593,137.12970489705546,150.46609804474318,155.26011795212423,236.06701895420136
2023-07-26,317.59986437950187,141.64632528339672,145.0516251372807,149.3241602798713,155.96578101764493,239.35384857246547
2023-07-27,320.7303796793061,138.68983827789702,145.19746481140683,149.44069034730458,154.9393653970501,249.88772546992476
2023-07-28,326.6697722995132,141.89794816715323,148.76570890034847,154.05500720578624,157.03228450399268,260.9267236086985
2023-07-31,326.523014789191,140.870535002234,148.92279358547262,155.7678782931101,157.52944351999997,255.41125968481194
2023-08-01,324.9717919112041,141.04663302917493,147.60996014325903,153.4490828591187,156.85586563579682,258.7060855547097
2023-08-02,309.33361073485116,137.33950886048058,144.0529697020366,149.39408898832647,154.4261761976467,251.97205704930664
2023-08-03,311.05247635938815,136.98724730368727,144.13149477115624,150.20974612038353,153.29551475592652,251.07423100553973
2023-08-04,312.20549096095925,137.4569031782471,143.74998488573792,162.63109743711195,145.9342733944056,249.10211842670788
2023-08-07,317.35530413891564,138.43404940897705,147.5875046681478,165.71894864418226,143.4163683185262,253.775853467208
2023-08-08,312.09364010504845,136.73144533418505,147.4416131736945,163.06222668262956,144.17814943319593,250.63327721560646
2023-08-09,297.3498117491072,135.12951923417666,145.48924780031348,160.6269011812049,142.88712412120134,244.6769335411536
2023-08-10,296.1898532071023,135.4230901823778,145.52286191921073,161.4542042080085,142.7106804384801,245.10179610866362
2023-08-11,285.4779170342003,134.6179021945899,145.37702224508456,161.27942688685053,142.75888265403262,241.8149418106105
2023-08-14,305.7279963720582,135.88852766944507,147.3631053780172,163.79632699147692,144.09983479109366,245.4625652641595
2023-08-15,307.0346590094589,134.97434283712892,145.62387701032642,160.41715061582335,142.4858608385287,242.06349196555638
2023-08-16,303.8622931148093,134.64656626860764,144.4120154756225,157.38756444246968,141.77926722830622,235.92274090774978
2023-08-17,302.87003073428093,133.1672878198581,145.78094442200816,156.117450715418,139.71565407583853,228.54738340558134
2023-08-18,302.55552364755573,132.99920734926945,143.02064832756804,155.23188265489773,140.10910078301615,227.07234645685224
2023-08-21,328.18608852308864,135.26850331153244,144.04174196448096,156.93310784747504,141.19311091702016,232.40340299738506
2023-08-22,319.10915654025376,135.51226584592393,144.8384104010997,156.43206767349426,142.30921863960444,230.55962532131545
2023-08-23,329.2272255612857,137.42016914554793,148.53008187266227,157.9119141859355,145.43272220740587,235.8826115708476
2023-08-24,329.5555938214153,134.46585683670588,145.62387701032642,153.62386018027667,141.62670752626417,229.8781423078589
2023-08-25,321.55491919089474,135.7307835582714,145.7360852921129,155.27848401387584,143.41729886322798,228.87604415559767
2023-08-28,327.2636928663097,136.0333677070778,147.00405960443126,155.1386621569495,144.6859911023797,232.69200844986617
2023-08-29,340.88252274958404,138.0127215824298,150.9986467985229,157.20112344657323,147.8416294805495,238.88890602763126
2023-08-30,344.2365528089675,138.1724307809447,152.46858219930306,157.38756444246968,150.67609345671366,236.57204147635977
2023-08-31,344.8724308004621,137.7395875425777,152.79399658054936,160.81332439710937,150.8527356556379,237.20539890128046
2023-09-01,338.9608940643798,138.11778825227557,152.22172743406122,160.9415003592892,152.1294553937504,237.59822710267792
2023-09-05,339.23349714133326,140.1727848896836,152.34516345340333,159.95106590607418,152.3221774051215,240.62046470315087
2023-09-06,328.86995982596613,139.89121407484637,150.87522805262319,157.72547319003905,146.8700663683092,239.834857659934
2023-09-07,323.139740057596,138.64309540033972,151.7728770334728,160.6269011812049,142.5741757343595,239.4340578866919
2023-09-08,318.4645986232169,140.4753428373254,153.02962360823557,161.069676321469,143.0720171498148,238.80872139319385
2023-09-11,315.7112995337478,142.017687489147,153.63555869394813,166.74435634162086,144.01952257969822,246.56084055412543
2023-09-12,313.55894507389854,139.42475474236167,151.8626471135905,164.56536498456384,141.56246272005288,241.8309836734558
2023-09-13,317.8566299307736,141.2276044727222,153.3998971193771,168.78350806175953,139.88425636853938,244.55664424960298
2023-09-14,318.5275214065325,142.33706658442995,154.95960260027493,168.63202253009464,141.1128235201501,249.89577108113644
2023-09-15,306.78040395972863,138.77334138931806,154.174127354327,163.58657642609538,140.52664239433867,240.74875024633516
2023-09-18,307.2416418493129,138.28588182344646,155.08303861961704,163.10882804160767,142.90339004258854,242.54447637323588
2023-09-19,304.1249343079866,138.11356986478302,154.89228799526848,160.37054925684524,143.78666307352339,244.5646898608146
2023-09-20,295.17304666788675,134.80201777788318,150.06731460500646,157.64389858683734,140.91208641708093,240.2357067927541
2023-09-21,286.63352225970243,134.28092901731156,146.3644240326095,150.69914039961776,139.65944917585068,237.0770886783072
2023-09-22,290.7775323732846,133.22193034852722,146.15126975347687,150.45443437000466,140.34998778815168,239.76271863670823
2023-09-25,295.05427857900537,133.44465334778502,147.11623333933298,152.9596885798845,141.38579570660323,241.16559188242252
2023-09-26,292.8809053456123,131.1753180837752,144.26614989133276,146.7956231704944,138.07761003365408,239.66649213942551
2023-09-27,296.77333115578483,131.44850452595642,146.47668413472317,146.7956231704944,136.84905528930605,238.6884567814322
2023-09-28,301.112973437358,131.8057050022674,148.4627672676558,146.7956231704944,137.05781989133595,243.67481070910338
2023-09-29,303.9781233827379,132.69240481297052,146.8357471817515,148.12398415127075,137.47537390992116,240.66859029168674
2023-10-02,312.9439523186318,135.2348872174147,150.54983094481932,150.85062593128265,139.51489215824398,245.9676371458959
2023-10-03,304.10394224190594,131.70063833242165,148.59737920422634,145.32743144279567,138.43088202423993,241.25382212807156
2023-10-04,307.7657223998231,134.0414110715772,151.7504561052464,147.9841534043484,139.44264466759734,244.9735105654794
2023-10-05,312.2870555535933,134.2095046427481,151.55968820745542,146.77231360100933,140.44636740473132,244.34022717992568
2023-10-06,319.79241357147754,137.52946730346852,154.37614026311599,149.10277270973924,142.51799564889706,252.8699571324405
2023-10-09,316.3751135317569,138.60524781814715,155.31866564730325,149.45233624205113,143.72241826731212,255.21883137003556
2023-10-10,320.04399787488717,138.00433720977378,154.91470892349489,150.87391772077572,143.24064425704103,258.0086593975639
2023-10-11,327.0880111733343,139.69790188279603,157.708740050929,153.61221428553014,144.37284419933482,262.8026343700367
2023-10-12,328.05938831763484,139.1683894478216,155.93581119712903,154.1948290627126,145.1035575282276,259.86847893647877
2023-10-13,317.68896047676026,137.7269454806823,154.12926822443177,151.23513603783013,143.6100332818618,252.276729044422
2023-10-16,322.11946154816354,139.79037889307546,156.08168541813993,154.45118098707226,143.50563857358415,257.4554619272916
2023-10-17,307.04598297385866,139.546616358684,156.7773733105278,153.19273093475908,142.24497383339317,259.74026743266154
2023-10-18,294.8725609993452,138.72713563563403,154.8025179151508,149.30086849037824,141.19311091702016,254.10448953743537
2023-10-19,294.2087202938729,139.23563473663933,154.5668563405798,149.61546766846254,140.88797910567334,250.76958369021338
2023-10-20,289.21915189515823,137.281512582749,152.15439555561235,145.8517811862615,138.8163384542449,247.4346038036244
2023-10-23,300.3163432248207,138.39514067962023,153.16428736513328,147.4714495556291,138.91268084903643,251.7315771853614
2023-10-24,305.12424745880156,138.9036397806255,155.75627103689365,149.80190866435902,139.26600246867307,250.5611628721697
2023-10-25,291.95848298137014,143.1649447807182,140.94480375123894,141.44721489316137,137.38704660682768,240.1234631124151
2023-10-26,281.80475949695693,137.79420387008233,137.20826451305993,139.326497459817,134.00656381418113,231.1608003013896
2023-10-27,283.02067017438037,138.60109493356595,137.08482849371782,148.84642078537956,135.07451895026367,237.87878694394738
2023-10-30,287.63988618080407,141.75289852020407,139.65439987397298,154.63762198296874,136.73664548933033,242.63268193909596
2023-10-31,284.9772856363858,142.08912496429272,139.22801358521696,155.08039712323284,137.12206469754722,241.51836478628476
2023-11-01,295.77404471243307,145.4342276423989,141.8873377721474,159.63644894799788,139.69153435716822,249.99996915026378
2023-11-02,304.0270781627963,146.37978836926376,143.05430563007127,160.88325310556453,142.582252862371,249.21433742725787
2023-11-03,314.50230608929496,148.2624861485906,144.8608486027685,161.5008233469786,141.84349962725483,252.20461470098522
2023-11-06,319.71554949236787,149.83003632070933,146.15126975347687,162.82918432775494,143.91512787142057,253.1665341567663
2023-11-07,321.141113755966,151.510998233583,146.95918320109362,166.2899175266182,145.99482083633512,255.58764613674305
2023-11-08,325.46678803428193,152.6330762060216,147.93533997762054,165.55581721777085,146.8539741485997,256.35721131711466
2023-11-09,328.0942949720463,151.57824352240073,146.14004201592127,163.83128245570848,146.4685549403828,256.97450219940106
2023-11-10,337.77291939347083,155.3520365542927,148.7769193644617,167.28035197983323,149.86957175278206,263.56417861898564
2023-11-13,339.76454833974054,154.09552040654773,148.21589522897156,166.15007788969987,148.58316194250833,263.90088498021356
2023-11-14,347.0042472211051,155.60418346134023,149.93266812155116,169.89047258240782,150.7057468145439,269.6087772188765
2023-11-15,341.63740919712893,155.6673675696527,151.05476821285856,166.86086862906217,151.1640462838046,266.7227967334325
2023-11-16,345.7743418329612,158.4044984255393,153.64676915806132,166.4297393835446,152.53090478536336,267.90925290946944
2023-11-17,344.5025057275824,155.74315443811372,151.82898117436608,169.168018168307,152.51480015839113,268.590686563348
2023-11-20,352.2664454042365,158.93927729458827,152.88376666066702,170.27500046894727,153.92987328276507,272.54288329285646
2023-11-21,349.01681481852916,157.09907780416162,153.69168010828375,167.67652576111922,153.27862847140477,270.1459081465145
2023-11-22,340.4354131080363,159.11194296897318,155.39722526330772,170.95083574407798,153.81731459563707,273.761423194584
2023-11-24,333.86649887257784,158.9350589070957,153.37749346459307,170.9857912083096,152.7399175326471,271.14798161898676
2023-11-27,337.1230199837926,159.43196399278762,153.06328954746,172.13935708793602,152.59519922062537,268.3180982939232
2023-11-28,334.1809258369134,161.15428444390355,153.949710790754,171.32369995587894,153.08564590751715,271.75720221027257
2023-11-29,336.4102512057251,159.53302188445718,151.46991812733773,170.49639692907533,152.25751075197874,266.3139019894008
2023-11-30,326.8364802848511,159.558306008248,148.7096220328976,170.22838132997717,152.7238501274629,262.26547876260963
2023-12-01,326.8015469229764,157.70545135534365,147.95779545273174,171.32369995587894,153.7610476593358,260.3976629720611
2023-12-04,318.03135015507354,155.444172949433,145.0516251372807,168.771844387021,152.3057501893193,256.5496149521021
2023-12-05,325.43949300688445,156.8674595095391,146.98160412932003,171.148922634721,155.51379684509365,255.16275888944406
2023-12-06,318.0103580889929,155.3009966857492,145.89316997723705,168.39898017522003,154.62938234599127,254.48934616698816
2023-12-07,325.64914659305913,156.20636482619426,153.64676915806132,171.148922634721,156.1972385031357,261.81652872104274
2023-12-08,332.0089680990703,157.58757231603295,151.46991812733773,171.77813877088158,157.3550222210973,266.75480641975605
2023-12-11,325.865797534594,156.35373327620604,149.562411883852,169.99533897510258,155.3208390957314,260.76642837919064
2023-12-12,333.06426009276703,157.6507171225986,148.69835974845722,171.84804969934478,156.5510067842292,267.9333157037374
2023-12-13,336.07638120817484,157.6465118356883,148.75449843623525,173.43276260448079,159.16406315768185,268.3501326600358
2023-12-14,337.9074715931075,154.09242866913084,148.0475828062918,171.77813877088158,159.28464934377058,267.091562140562
2023-12-15,341.68136968156756,156.11371750834525,148.7881471020173,174.74947769051062,158.85051922223087,268.49443538627634
2023-12-18,349.97708165813555,156.92221994344874,152.37881211918537,179.52692597540369,157.499740533119,276.27059266168686
2023-12-19,346.67133869223034,157.17908306011523,153.33258251437064,179.20064534258887,158.34396790836692,280.87216399917224
2023-12-20,336.2371334292176,156.06736764825618,155.2288955671856,177.25471412039846,156.64746084438494,280.00639700130694
2023-12-21,342.38027728623064,157.29702760233732,157.5628312830333,179.25891037630552,156.52686225103355,283.86239191332163
2023-12-22,341.26206250921825,157.73494076604476,158.76347371690278,178.7695160970713,155.65852756437803,283.30129691057164
2023-12-26,344.40002919125726,157.76863546365612,158.79713965612723,178.75787020232474,155.21632031482685,284.4556446811291
2023-12-27,345.36451581005036,157.52018292081019,157.50670986869767,178.67629559912305,155.29671937706112,286.86066543868264
2023-12-28,346.0982766541985,158.02969076665065,157.3496424570159,178.72291473809315,155.64244775193117,287.25346896029106
2023-12-29,346.0982766541985,158.34975109221193,156.74372464474575,177.0449813350089,154.79824519120865,283.75821852398326
2024-01-02,336.63547524294944,156.17267012858287,155.03817948972178,174.70285855154052,149.25851406527622,277.609397175176
2024-01-03,332.44918721511067,156.0589570744356,155.87968978279335,173.0016333589632,148.14092987843176,276.1503527297142
2024-01-04,335.44742044965085,154.938831088756,153.04085134579117,168.45724520893668,146.2595173785737,278.2747889662093
2024-01-05,343.1280862560256,154.8588520339669,152.3002870500657,169.23794687676218,145.67256700247543,282.1468504208583
2024-01-08,365.1846584052026,157.78126442496927,155.7899369761181,173.73573366781054,149.19417000096342,287.5260325499269
2024-01-09,371.3836742752446,158.2444617124675,158.15755590463263,176.38079195462475,148.85649393957948,286.53997626051097
2024-01-10,379.84013847285524,161.1837345528578,159.6499122336392,179.1307344141257,149.7007213148274,296.99371788311083
2024-01-11,383.138857375937,161.96697906533504,159.4254956700662,180.8203137119565,149.2183021268964,296.3524629257125
2024-01-12,382.3560883368041,163.5839970361243,160.0650621481184,180.16778800631084,149.48366866132025,300.2164540893608
2024-01-16,394.04135129882064,164.3419574248107,159.8855565347678,178.46656281373353,147.64243087805391,294.58067619413464
2024-01-17,391.7420256689435,164.00508905219056,158.74101824179155,176.77698351590274,146.87860256504027,295.3102354365491
2024-01-18,399.10818438859303,165.85791750393034,160.99639434163484,178.86273659501953,151.66254528418247,301.5311464490041
2024-01-19,415.769421650552,167.87920634314472,164.25043451344342,181.00675470785293,154.01831225122277,307.39940795654184
2024-01-22,416.9085750787186,166.96960671462483,163.81284639729537,180.3542290022073,155.8916724375947,306.06057876326366
2024-01-23,418.4391797951097,167.97605894790405,164.99099880916887,181.79912005041695,156.9288823767303,308.8023058820452
2024-01-24,428.8454223441447,169.5172507484854,166.85369774308657,182.78955450363196,156.38214393901185,313.2114735845431
2024-01-25,430.62755794901904,170.48998208298863,170.41067954758782,183.81496220107053,156.11681462637608,315.1996527060093
2024-01-26,426.5321287110104,170.09418729129544,170.76974259461616,185.4113210009531,154.70978140822555,315.9691932065919
2024-01-29,436.55405086449724,172.5323366585013,172.2509057329519,187.9049115360944,154.1550030642837,321.48468181026743
2024-01-30,438.7135896319491,172.05648420852538,169.9506359563286,185.27149914402673,151.18816600247487,320.71509195010685
2024-01-31,429.9985704830318,167.4202012419745,157.2037509625626,180.84362328144155,148.2615160645205,312.7625482227652
2024-02-01,440.4817839410294,170.0310293841475,158.39318293231887,185.59776199684956,150.23943225358508,316.482261339962
2024-02-02,462.3776038691636,173.16398123289187,159.7620859685409,200.198086890643,149.42737691049356,380.78402013278463
2024-02-05,484.54602687425125,170.8184922841173,161.2208281786502,198.45024255909559,150.89871697116882,368.2939984799718
2024-02-06,476.7955210515903,170.75107668773,161.69211678090744,197.09857200883417,152.20124381567746,364.5341807056618
2024-02-07,489.9064283995947,174.35567569953997,163.30790912925613,198.70659448345523,152.28969519139787,376.4550123849351
2024-02-08,486.70548551931364,174.38094672274852,163.72309359062012,197.9025832461447,151.41330819125622,376.78369781474044
2024-02-09,504.1216893512069,177.0927934548443,167.1902707681189,203.2742922029668,152.03318744253497,375.26855620889813
2024-02-12,504.92521008925166,174.865209746545,165.5408297539882,200.81565713205705,150.66457951693687,375.90186427424084
2024-02-13,504.0867025744058,171.10058712224554,162.8590760021101,196.50431133690515,148.96595081103484,368.8631884535114
2024-02-14,516.4707396037694,172.7543653268985,163.75672498295975,199.23094422692108,148.24941898339728,379.41315657339396
2024-02-15,507.7907072316533,171.5182729869203,160.1997086315737,197.85598188716656,148.0160011504014,388.0310427321909
2024-02-16,507.47620014492804,170.46355820853992,157.6750568382622,197.51805535960523,146.76816551983237,379.4452402990845
2024-02-20,485.3848014637292,169.92779679582029,158.34827198209643,194.68655607689456,146.16436608100045,378.1865957402438
2024-02-21,471.5469703821578,169.67042275644505,159.9528711397743,196.44604630318852,146.77623024058119,375.60254779333684
2024-02-22,548.884733059239,173.66560252820278,161.68085449646705,203.42577773463168,148.42658228735456,390.12810908269296
2024-02-23,550.8346449479795,173.11296756551292,161.53499754889853,203.90352611911936,146.93722688125274,388.44282501153475
2024-02-26,552.756567415279,171.93168806177343,154.36489525211798,203.6005550557896,145.84238520691994,386.60504452419036
2024-02-27,550.0238063650161,171.90639083740035,155.83481337945574,202.21392904129664,147.02577751507465,390.86638029062175
2024-02-28,542.7695786236669,172.00764523780404,153.02962360823557,201.77115390103245,146.05168332124555,388.43477940032307
2024-02-29,552.8962474478515,174.50516644388034,155.3635420506409,205.9659696287511,145.5122899830399,393.33815987740064
2024-03-01,575.0297370910645,175.28985202040784,153.88241345918993,207.66721260132041,144.6347987365188,403.1048161744427
2024-03-04,595.7025421565622,175.04513314351027,149.62970921541609,206.92146639772653,140.96377507344943,399.8064364149299
2024-03-05,600.811626453128,169.86870006917763,148.86668944457938,202.88976431642732,136.95464109480199,393.41034826020444
2024-03-06,619.9337962048294,169.63247036959427,147.4416131736945,202.17897357706502,136.14958344786788,398.12115234377166
2024-03-07,647.6735028647427,172.60669556349438,150.7854579725055,206.03589833720628,136.05296809329715,411.04168823577396
2024-03-08,611.7425104094007,171.37480851042645,151.94122400303735,204.32300946989042,137.4457453666163,406.034010970413
2024-03-11,599.483624552625,170.65761713377995,154.47710353390448,200.37288199179292,139.07192806566866,388.0896819108376
2024-03-12,642.3897517588033,175.19702129440697,155.40845300086332,204.3696108288686,139.4583522621635,401.05839275095366
2024-03-13,635.2259554878729,175.12109031954088,156.85589837964747,205.7329272738765,137.76773864795948,397.70386647148246
2024-03-14,614.6499916839637,179.39049147947955,160.57003396304245,208.28478284273447,139.27316145924547,394.7023598937634
2024-03-15,613.9021827141686,175.67796987088786,158.41560386054527,203.2393367387352,138.96726039761182,388.4989715314932
2024-03-18,618.2214204938517,176.05766404696504,165.70915945011032,203.30924766719835,139.8528287721444,398.8354347967996
2024-03-19,624.8122348491398,177.78311553724473,164.97982289194047,204.96387150079758,141.7527280934113,398.2415403544783
2024-03-20,631.6196467310365,179.39469676638984,166.8985914198666,207.5856379981187,143.83779340307083,405.6888888011385
2024-03-21,639.0488617713178,181.14126639529684,165.61938936999266,207.5856379981187,137.96094454257556,407.48651527179175
2024-03-22,658.9959182316294,180.87548178210102,169.1764057213787,208.42460469966082,138.6935437753973,408.94711454396
2024-03-25,663.9791035466376,178.39484722657727,168.39096502231556,209.40341103812128,137.54234831392432,403.6826440741297
2024-03-26,646.9186965395874,177.8843830382307,169.0641974395922,207.76043309926862,136.62458309270997,397.96068435574085
2024-03-27,630.7669308457646,177.7915654128121,169.2885794562804,209.54323289504765,139.52274595552703,396.33152212475215
2024-03-28,631.5077424601994,177.49202059909354,169.35589406128685,210.18411270594677,138.04950758366016,389.6866863767688
2024-04-01,631.5566705327944,179.11625699071635,174.4726331670131,210.871593875824,136.88219508795228,394.31720710674267
2024-04-02,625.1896113042543,177.79577069972242,173.4290754182678,210.54533102300118,135.92419311383273,399.14837452122754
2024-04-03,621.7789080079458,177.37813723737673,173.83303214207612,212.54952727890824,136.57626921179326,406.6679607102695
2024-04-04,600.3991563913597,176.2938937465484,168.90707820758323,209.74131978569065,135.9080884868605,410.0225116695297
2024-04-05,615.0972348628275,179.51704310425635,171.11757790408885,215.64904216071707,136.51992783191585,423.19979140642346
2024-04-08,608.9818667675496,179.12470686628373,173.75448979951406,215.78886401764345,135.61022733145026,416.7074273948373
2024-04-09,596.5481004416947,179.83765365427317,175.71815200422026,216.34816922534088,136.5923738387655,414.82159535832403
2024-04-10,608.3248631726583,178.56358272627963,175.20196972518298,216.67443207816368,135.07085880776998,417.17293757481826
2024-04-11,633.3249182568012,180.53376619403915,178.87117708491314,220.2866508086918,140.91548600705812,419.84526512695226
2024-04-12,616.3413753288606,177.98985582612698,176.98607449621142,216.88418264354522,142.13111238368268,410.80898250536137
2024-04-15,601.070101282045,174.50516644388034,173.76570026362728,213.95944508289432,139.02362659201464,401.4435702177633
2024-04-16,610.9527707223708,174.90169486818098,173.2495525314748,213.6098904405784,136.35890637671886,401.0664383621653
2024-04-17,587.3295921963997,173.74576499114366,174.45019496534428,211.2328121928784,135.24794766815114,396.58031907758794
2024-04-18,591.7746221277877,170.55214434588365,175.05611277761446,208.83244215568536,134.47508686789882,402.70352280542073
2024-04-19,532.5699984249273,168.37949137906358,172.90171722200208,203.48404276834833,132.83279954187424,386.0673459614055
2024-04-22,555.7598216529021,169.15574018060593,175.35905441030712,206.513628941702,133.50903258029314,386.5969989129787
2024-04-23,576.0631556723948,171.94436942541566,177.58076457092596,209.20530636748632,134.36239170088123,398.12919795498334
2024-04-24,556.8711191969439,172.5729484635539,178.55700771466485,205.7678827381081,136.06910994205745,396.0426205148031
2024-04-25,577.5239470799629,168.3457442791231,175.04490231350124,202.36541457296147,136.76948751367203,354.2153881692742
2024-04-26,613.1893071062484,171.4170185865166,192.94205416467878,209.29852686543455,136.2945126833553,355.74822518382433
2024-04-29,613.3430352644676,169.69996456947524,186.43400836794643,210.85994798107745,139.67571509723788,347.1853502746922
2024-04-30,603.8728358859103,164.2492970063794,182.6526099998722,203.91517201386588,137.12370245622236,345.2191855250076
2024-05-01,580.3823400371514,166.61603509960406,183.8644456244125,208.5760902313257,136.2945126833553,352.4579157153122
2024-05-02,599.7842437584826,167.83948537768686,186.9614356579817,215.24120470469254,139.2973308069665,354.45609015132044
2024-05-03,620.5558130229197,171.56044376126363,187.65705445659995,216.97740314149345,147.62956454664388,362.7060746956026
2024-05-06,643.9763887330026,174.4629563677902,188.62206986278323,219.8788133526673,146.28513837602952,373.71659235787865
2024-05-07,632.891562958805,172.69107641392782,192.15666528594284,219.94872428113047,146.84059911941932,375.77101203300134
2024-05-08,631.8990602111078,173.19733531536409,190.05837387122372,219.06315622061024,147.1143281488966,379.26998911744704
2024-05-09,620.2621911724223,173.94826069136883,190.7091680868315,220.81100055215765,148.58757892802615,381.53307640850335
2024-05-10,628.1669058876403,174.96921526922645,189.23921541260898,218.4572318739427,147.56379364712168,382.1591286158822
2024-05-13,631.8082548362041,174.53888734265627,189.7890290839859,217.39688649226449,150.16763142439532,375.5864318911246
2024-05-14,638.4968719217562,175.73701419520143,191.1355457388663,217.97950126944698,151.09465246357678,378.6680984234921
2024-05-15,661.3792388332924,178.8096116614047,193.57044472550257,216.7210512171338,152.94074148655508,386.44450249679255
2024-05-16,659.4851455426545,177.92626559976398,195.44431957664864,213.97110875763286,153.03745609922734,379.7755792747523
2024-05-17,646.3455543791661,177.5966156479774,197.55383872892338,215.2178951352075,153.06165026147374,378.7162980513949
2024-05-20,662.4275067641659,179.76477511507716,198.51885413510664,213.86622458494608,154.00481314941553,376.2525147162497
2024-05-21,666.6628831093791,181.32851301775383,199.5623946104096,213.41178576994344,155.06088212784059,372.87395032229955
2024-05-22,663.6156149723909,181.95403962022198,197.9129190493941,213.38849398045036,153.89196909524566,375.4018517492479
2024-05-23,725.4623545953896,180.46633749706956,194.73743849359,210.96481437377227,150.65131615312075,373.79680167210506
2024-05-24,744.1231796276539,181.80188945767978,196.35323084193868,210.61524195146438,153.1503249679226,383.7801711962923
2024-05-28,796.0662577442463,181.86951466338348,197.93535725106292,212.2465562155785,153.15840209593406,385.144469931811
2024-05-29,802.5241757626166,181.3834699603976,197.37431584213041,212.0950884639056,153.4002320530341,380.68243812129055
2024-05-30,772.2962415855634,175.25522718145493,193.12162887179895,208.94897222311863,154.20636913182227,374.81602759792725
2024-05-31,766.236798918241,175.44962672183408,193.55923426138932,205.59310541695015,154.98025973487788,374.63944370768417
2024-06-03,803.7472707476427,174.76916937788675,194.3110435681128,207.8070344582468,156.41519688681927,383.19432236518264
2024-06-04,813.7906122866216,175.84691497990664,195.00669691361585,208.9722640126117,156.6731686926796,382.7931030355276
2024-06-05,855.7462208772641,179.20265533082016,196.82451944419591,211.2328121928784,157.89849754872813,397.29457685082684
2024-06-06,845.667892561484,179.41818611040895,198.30564803564684,215.56746755751539,156.77794802610066,396.25131281052575
2024-06-07,844.8991449405348,179.13503012511646,195.75852349378172,214.7518104254583,158.72075166175122,395.6093174594576
2024-06-10,851.2033882156123,180.83401843920055,196.60101837306973,217.96783759470847,155.68159266571962,403.34559219585583
2024-06-11,845.1222590881658,182.86694059547517,198.40966870573897,218.16592448535147,166.99173074552573,407.2538095413792
2024-06-12,875.1080099888583,186.408656812365,199.72400493744078,217.76975070406544,171.76409748857773,408.35326946121677
2024-06-13,905.9326423088816,186.62839287886408,196.7695553505006,214.20415111250742,172.70726037651949,404.5492995443988
2024-06-14,921.7991188807275,187.04682547672854,198.60064388483863,214.00606422186442,171.29651738682452,404.9991874179474
2024-06-17,915.5083361671064,189.49810162737398,199.1061684499193,214.47214893161362,174.66620586093035,406.98341777317466
2024-06-18,947.6610238025592,188.64015759476453,196.69092664072656,213.01561198865744,172.7475715730008,401.247711412317
2024-06-20,914.110467542854,188.36968297311427,198.0501910960932,216.8492271793136,169.03124899384855,403.0230767132987
2024-06-21,884.6838640918625,190.09402091390055,201.79103142142813,220.32160627292342,167.2658319928837,397.46410232141795
2024-06-24,825.5512437098082,189.20227737902152,201.3304350800123,216.23165693789957,167.7897906963024,400.781806355712
2024-06-25,881.3287657339508,190.58851549245384,206.7338615091392,217.12887089316632,168.53953676616237,410.1725154270276
2024-06-26,883.4955956388582,191.0999098221419,206.5653763520355,225.60009473179727,171.9091880184801,412.1968504393681
2024-06-27,866.650557615109,191.39152878358408,208.28410114360554,230.54067444310178,172.59441632234962,417.37022780802636
2024-06-28,863.5051662582985,188.89797705393713,204.62192407492944,225.18061138102618,169.78904737719463,405.0474117256392
2024-07-01,868.8172806901636,193.03136796869643,205.56553768598747,229.78326456476935,174.73069881239542,405.4169175264385
2024-07-02,857.4241439607048,194.10911357071632,208.09312596450584,233.0459108729896,177.5682646042322,409.2889049417205
2024-07-03,896.6363085158015,194.73879305776563,208.74471475846374,230.237703379772,178.60015182767356,409.65841074251983
2024-07-05,879.5114831074961,197.60855420860463,214.11440615459662,233.0459108729896,182.46155252946554,433.7177251601934
2024-07-08,896.0770008213213,197.05062661067564,212.350718592477,232.21859006619403,183.6546597243069,425.21060189439595
2024-07-09,918.30439390517,194.2189750536747,212.29454535781417,232.27685509991068,184.34791552713713,425.75681498438325
2024-07-10,942.9779235441445,197.0548974004973,214.76594312822735,232.80120484337647,187.8143186139152,429.524431572015
2024-07-11,890.485366079532,192.1734108355047,208.4638485851496,227.27802813488148,183.45312855642553,411.8595024036264
2024-07-12,903.346398401772,191.6873661325188,207.90215078540615,226.62550242923584,185.8473332232809,400.7496239108655
2024-07-15,897.7546034152034,191.86063443368835,209.54228141408691,224.56304113961215,188.95902507700103,398.5726444036049
2024-07-16,883.2160219140077,189.98415943094216,206.61027002881553,224.91261356192004,189.29761927582405,393.45556163363915
2024-07-17,824.7123622904775,187.44830592112913,203.35248152000767,218.98158161740855,184.50916031306252,371.12341288904446
2024-07-18,846.3803942649195,186.1170116497583,199.6116930149999,214.1109306145592,180.72030487622172,382.25735417607325
2024-07-19,824.2930551181281,184.73919721072883,199.5780098023331,213.38849398045036,180.82510902416817,383.0125063596731
2024-07-22,863.5051662582985,187.2031940267633,204.08269902373956,212.71265870531968,180.5429430560614,391.53567148831587
2024-07-23,856.864889681151,188.01045190655066,204.21748369473406,217.21044549636807,181.38937892406824,392.5719264685431
2024-07-24,798.571097303501,181.26936388878207,193.92745223288608,210.70846244941256,176.17365105603486,370.5449926744216
2024-07-25,784.8013702531073,176.8316595483561,187.9173997803509,209.5665424645327,175.3272275952907,364.230964818097
2024-07-26,790.2533249623241,179.73518089971785,187.60285039436997,212.654393671603,175.70609576880705,374.1037195280188
2024-07-29,779.9784297173409,180.35224452603634,190.44497078542688,213.4700508036601,175.93182109893485,374.11171577965246
2024-07-30,725.039522037897,178.741986455701,191.29874522259766,211.7338701468512,176.38325935192773,372.08740544710093
2024-07-31,817.9324056807575,176.81054140972876,192.7029551750715,217.8746170967602,179.0274083256827,381.4379851815143
2024-08-01,763.34299186484,176.2864395152339,191.8267079893471,214.48381260635213,176.02857293339517,399.84190127171246
2024-08-02,749.7829718155473,172.64331169095308,187.22090003617058,195.642035065878,177.23775994068336,392.130059526417
2024-08-05,702.1134083016276,167.00534510307114,178.89672450621273,187.62526782224168,168.7007567375624,382.1609549202676
2024-08-06,728.674300950512,168.89029618254926,177.81830895071784,188.68561320391987,167.05621128972814,396.90981894043
2024-08-07,691.3493391605457,168.3915570153389,178.54849190756497,189.66441954238033,169.14413026980648,392.7567040487317
2024-08-08,733.7067348276737,170.19200933914308,182.01971107058375,193.19506366970677,171.95757634297297,409.3933251289488
2024-08-09,732.1690793409961,171.5993917923673,183.86201006903505,194.52342465048312,174.31953453409582,415.93228458215333
2024-08-12,762.0149899643368,171.93327323222871,182.31175316112632,194.36029322407174,175.56243207411404,414.4703032418014
2024-08-13,811.7815700743408,174.9762764830727,184.4124974046653,198.35702206114735,178.58089575597793,424.58408077102627
2024-08-14,825.341536708707,176.18080952035035,180.15488750325173,198.20555430947445,178.9440811494535,423.15408443720884
2024-08-15,858.7521992761342,178.26392000732062,181.1996371195222,206.93311229247306,181.36528401992334,431.6451658401611
2024-08-16,870.77440359397,177.18000403104918,183.06444341341185,206.315542051059,182.43869835158966,423.6842556643509
2024-08-19,908.6582991739315,178.47561231630283,187.23216232061097,207.66721260132041,182.30956356150722,425.17851816870535
2024-08-20,889.4368310740266,179.86010805229256,187.80505331102526,208.43626837439933,182.80996087307676,423.129996963152
2024-08-21,898.1740174174057,179.58071193411297,186.31100418466414,209.86949574787047,182.7211745012637,429.9019829840259
2024-08-22,864.9030882974774,175.9437020817546,184.0080915713547,205.23188709989574,181.21194266033177,427.30719932890725
2024-08-23,904.2550931299256,176.46869481584412,186.05262803334602,206.2922324815739,183.07628276672776,424.1502100805339
2024-08-26,883.9150096410604,175.07147841446536,186.6592367833119,204.49778679104838,183.35070660291566,418.62336877392164
2024-08-27,896.776255623006,175.21968530174277,184.99663340607754,201.72453476206238,184.036704157072,417.00072200722695
2024-08-28,877.9738276208184,173.84787092939527,182.9408692065306,199.0212114415315,182.79380661705375,415.13710178080714
2024-08-29,821.9164647971932,174.9148347522028,181.73884489726964,200.5593052076974,185.4571496261909,416.29374477174093
2024-08-30,834.3581899470838,176.6168886025393,183.53623294549848,207.9934754541432,184.8195652110528,418.77603794863074
2024-09-03,754.8855929060171,173.35673009990438,176.77355933444736,205.37170895682212,179.79150959847553,411.10437489981547
2024-09-04,742.374001032377,173.1280856374583,175.75131701361528,201.96924079167547,178.2419169320115,411.8916354888949
2024-09-05,749.3636646431979,172.91213563923668,176.63875739001048,207.28268471478094,179.47674975128092,415.20126923218834
2024-09-06,718.7489529839814,170.0796194438056,169.53904437098242,199.70869261140876,178.21771036250237,401.87430657505365
2024-09-09,744.1912836588316,171.78167329414208,167.27808894924613,204.38125672361508,178.2903548855551,405.5052711710325
2024-09-10,755.5844203882905,175.37211057651274,167.22182934737134,209.2169700422248,177.64470574966822,405.5052711710325
2024-09-11,817.163604644882,179.1149600330711,170.03399758931837,215.00816234981795,179.7027108193998,411.1606201389299
2024-09-12,832.8217630037136,180.7916118543763,174.00474743290738,217.8979266662453,179.79150959847553,422.22222496442095
2024-09-13,832.5421892788631,182.31162001341892,177.12063461245478,217.30366599431625,179.57360084384274,421.4350384147085
2024-09-16,816.3247766404776,182.62917812776564,177.79552528020116,215.43929159533553,174.5859060567976,428.80042528212397
2024-09-17,808.0062564903308,184.24233142678378,179.21284577545146,217.75810480931895,174.9651836699827,431.2447609435429
2024-09-18,792.4878849939244,182.40476515339438,179.76402404877743,217.23373728586114,178.11279454919173,432.5555045369473
2024-09-19,823.9442022337187,185.7411559442877,182.3849407365465,221.24212979767526,184.71464939774216,449.56175481690866
2024-09-20,810.872341196923,184.29313548484635,184.01600280797078,223.25798972832084,184.17391607516592,451.3709314288104
2024-09-23,812.6897306532305,183.54796126446033,182.0587663238349,225.91471168987357,182.77765236103073,453.83145703180867
2024-09-24,844.9150091736797,181.71039499107098,182.55366772184368,226.0079321878218,183.50402314798185,452.96307397631017
2024-09-25,863.3692786855013,182.95519921826204,181.6538077403677,224.3416446794841,182.6969555244919,456.9673203808042
2024-09-26,867.0741379815714,182.61647056295885,183.04862094017963,222.7452858796015,183.62508081005282,456.5894728113253
2024-09-27,848.6198150548233,181.22347254907265,184.42094411799556,219.02820075637862,183.8430019719483,456.2034809114789
2024-09-30,848.8994956095266,182.1888151551728,186.55820441875383,217.1172249984198,188.04784811227532,460.28823278766737
2024-10-01,817.8625923719345,178.11997080928256,187.84053296170097,215.71895308918027,182.56783314167217,463.5286890824141
2024-10-02,830.7946131313786,176.6126702150467,186.56944942975184,215.2878060636707,183.02786962770955,460.5857723237638
2024-10-03,858.7557246612777,176.36285521164416,186.56944942975184,212.02517753544242,182.13201563240656,468.59441321148597
2024-10-04,873.225614567105,176.15961277822936,187.91928258557178,217.32695778380932,183.04399906920716,479.18411579164683
2024-10-07,892.7983392231079,173.39907118181728,183.32986712922644,210.673506985181,178.9198621726817,470.21064323304245
2024-10-08,928.9381306258018,175.58804747415206,184.90466959877594,212.91074559596268,182.2127124689454,476.73168515943826
2024-10-09,927.2603677871406,176.75237482442762,182.0699940613905,215.76555444815838,185.2553703130557,474.81791560178516
2024-10-10,942.3593786962713,176.06648073883616,182.3174706705585,217.49008921022076,184.85182409404803,469.44670504456127
2024-10-11,942.2895119725217,176.269723172251,183.62230650894404,220.01865298958566,183.64929978682463,474.36760817182363
2024-10-14,965.1477887522453,177.4637102407972,185.55708751796868,218.52714280240585,186.6758281894373,474.7455544604585
2024-10-15,919.9208364083082,177.29431971198107,186.11951080229267,218.70193790355583,188.733870480957,471.4087482694841
2024-10-16,948.7206691127587,176.18504100842517,185.78205683169827,217.76975070406544,187.0632077451593,463.7860005624524
2024-10-17,957.1788158805514,176.4390743993203,183.27360752735163,218.51549690765935,187.3618257435936,463.8984910406813
2024-10-18,964.6585080262937,177.0487623978179,183.82480307411998,220.21673988022866,189.6619833592552,463.5286890824141
2024-10-21,1004.5730254488072,177.31127186544498,184.55593607029877,220.3099603781769,190.8564677602552,462.47525696904796
2024-10-22,1003.7339837846973,181.0075618525979,185.75956680970228,221.04404290703226,190.3560704486857,467.9832922764477
2024-10-23,975.5634857432558,179.77546519021357,183.10489781549683,215.22955880994604,186.24001068017174,453.25256790119494
2024-10-24,981.5051484978355,179.83051383693325,183.03739320262403,217.17549003213645,186.08666932058014,456.5411497844775
2024-10-25,989.4040409860743,181.27852119579234,185.9057864995611,218.86506932996724,186.76461456125034,460.9394830596077
2024-10-28,982.2737892889318,180.61801603864987,187.53684857098537,219.51759503561289,188.37066027295606,464.88760762393235
2024-10-29,987.3769445286657,182.88745610731786,190.8664082329372,222.36075799306207,188.58859384211425,477.045365277536
2024-10-30,974.0253495222403,183.13301342148102,196.2432681076633,224.5746870343587,185.70734207834428,475.85515777357205
2024-10-31,928.0293290677953,172.0484404510085,192.4749630089231,217.19878182162952,182.32569300300486,456.38038563897885
2024-11-01,946.4836519945434,173.75049430134496,192.6774423006567,230.63387716105802,179.904490132535,456.04261804682426
2024-11-04,951.0273392950177,172.94179535750735,190.37148956148602,228.12864073117018,179.1781193455839,450.83227035425494
2024-11-05,978.0098893730136,174.21197541256518,190.93391284581,232.46329609580712,180.34032004906328,460.2801871764557
2024-11-06,1017.8544332419248,177.90402081106097,198.54920357339157,241.30738414623903,179.75114877294342,459.97460202914755
2024-11-07,1040.7129236813541,180.12687520915898,203.31864284635927,244.75647145035575,183.59280951979488,475.77484974018967
2024-11-08,1031.9747758692995,178.9032677240889,200.61897653471945,242.5774800932987,183.3746526199083,473.8772207645379
2024-11-11,1015.4078159524612,176.98525077494858,202.8686869454577,241.01607675764777,181.1689266805839,468.91604022163926
2024-11-12,1036.5884367233762,179.11070234383172,204.29725245170602,243.42811046957937,181.1689266805839,470.2427763183111
2024-11-13,1022.4679872661486,180.02949858110867,201.21515212547982,249.47565470153216,181.88801440433568,466.36701289531317
2024-11-14,1025.8930591776625,180.74503928438855,197.50310662861443,246.42274117870144,184.39268093092437,464.0834907389709
2024-11-15,992.4797792788411,175.71082613123363,194.027292729919,236.0871607210818,181.79103923914695,445.52527660799007
2024-11-18,979.6875453818222,176.03262883423747,197.18815995345844,235.02679755941162,184.23108874164362,445.7825880880284
2024-11-19,1027.6407955699262,176.89210563497312,200.36023764111107,238.4176198298117,184.44116851351873,451.161893616042
2024-11-20,1019.8118766352897,175.91827385155875,197.95302798263123,236.4017776791581,185.022907839287,454.7239769209421
2024-11-21,1025.264151834065,175.1588723988221,188.56047276720892,231.15824468451584,184.63509402937083,452.7700780263869
2024-11-22,992.2699654478871,176.91102287577826,185.33208365735433,229.69004406682112,185.7258288997531,449.5939372617552
2024-11-25,950.8177391237695,177.67043742909718,188.58294551576253,234.73549017082038,188.1497117389641,454.39430429957713
2024-11-26,957.1090559866548,181.57350700687917,190.23649760918283,242.2046158814978,189.91914869304065,461.1727070655891
2024-11-27,946.064451652047,179.4522738254886,190.36022727704562,239.73433491584154,189.81409639984042,457.6829849020156
2024-11-29,966.4060307588519,179.65166468771454,190.04526332844725,242.23957134572936,191.7532026712092,461.79991922305067
2024-12-02,969.0623550494164,182.8420101874058,192.9024288878287,245.5255272234347,193.57919192862894,476.68351021132435
2024-12-03,980.4563998326242,182.93536493669765,192.7336673556467,248.70659892845325,196.05154994317164,493.4244527596138
2024-12-04,1014.568881118204,185.57413662086333,196.1420111883541,254.20648384745513,196.34241340242443,493.52894698620906
2024-12-05,1014.0798140519582,187.78023537423155,194.19600244177383,256.9913817711877,196.3666696009843,489.62914544873223
2024-12-06,995.7638357846222,188.18327478792287,196.52447974982528,264.5420643050748,196.20507741170357,501.56177406714403
2024-12-09,970.3873657140404,189.22267498562374,197.4929671179296,263.44674567917303,199.36418982342664,493.3600878699207
2024-12-10,944.2421480225094,188.08144396189905,208.52922856460805,262.2232510910914,200.188317433116,497.9835995398207
2024-12-11,973.8828384985678,190.4827020894184,220.04973369533866,268.3057507872758,199.15413486607693,508.72602065426855
2024-12-12,960.1109748511176,190.7245257376332,216.17580149636376,266.8026124853415,200.34182008712258,507.20633796725167
2024-12-13,938.5096581197665,189.75297345553471,213.76584536054338,265.04312225904755,200.47919329963148,498.811754539261
2024-12-16,922.7802442490987,191.58573181522914,221.46869516761632,271.4169115638312,202.83034476495092,502.34446889525987
2024-12-17,911.5251851044197,192.8033130324527,220.07225826421944,269.342804379461,204.80175954836574,498.4817857604281
2024-12-18,901.1788206878947,185.56141595547427,212.16672188410416,256.9564263069561,200.4145638682768,480.5765494866172
2024-12-19,913.5524952215342,185.40868936731195,212.29055519262135,260.18409937095277,201.82039358194635,479.27286431286467
2024-12-20,941.6553699661357,185.22627685971443,215.5564103990269,262.08342923416507,205.61782243730624,470.9681153168076
2024-12-23,976.3994293416337,184.65353250323238,219.18262416064027,262.2465606605765,206.2480121238808,482.71717566469147
2024-12-24,980.2444494046139,186.3844731374853,220.84932134372178,266.8958329832897,208.61536747427402,489.0744918709094
2024-12-26,978.2170324576467,185.86686913179886,220.2749793841465,264.56537387455984,209.27786567289454,485.533682544121
2024-12-27,957.8039841793,182.65106920074723,217.07668061094094,260.7201127891571,206.5065670710876,482.684894500689
2024-12-30,961.1596166864759,180.23287202034626,215.36496883698257,257.86530393696137,203.76756457406393,475.7883742645578
2024-12-31,938.789231844617,178.82013142897156,213.1802238430853,255.63971122092627,202.32942634834842,471.1773505678881
2025-01-02,966.8919997593658,177.58132726846242,213.32661626736802,256.6068538846482,197.0211154861187,482.2262453020479
2025-01-03,1009.9551134342746,179.60498731306862,215.98434266087705,261.23281663787645,196.6251997336657,486.563668857944
2025-01-06,1044.629412915876,181.5141089668442,221.7051685939798,265.21789958020554,197.95025816722026,507.14068972853096
2025-01-07,979.6850882952072,179.18924033457054,220.15109425530218,258.8091370311983,195.69605705256416,497.23446922473505
2025-01-08,979.4754881239589,180.11833362951566,218.41682336557824,258.83244660068334,196.0919479904918,491.46453199654434
2025-01-10,950.1142645428981,177.73829844528183,216.26586522500216,255.11536147746043,191.36537645403038,495.6008646317276
2025-01-13,931.3789791032128,176.9916438590988,215.10593629485354,254.55605626976302,189.3858721353414,489.5412853999181
2025-01-14,921.1025882402901,176.3467807971927,213.58566608293947,253.74038135771397,188.48096083827437,478.2106461946172
2025-01-15,952.4212552147156,180.8607567276239,220.21866796194453,260.25402807940793,192.18950406371974,496.6148090827053
2025-01-16,933.7559433286326,180.12680970624763,217.2456494244316,257.1195577333675,184.42498944297037,491.9312268063971
2025-01-17,962.6976460776385,182.0147215173199,220.72545348831989,263.27196835801504,185.81470212240495,493.114277171553
2025-01-21,984.5087766399434,181.78987622373356,223.0340663376191,268.83011831073367,179.88426629434952,496.08370002358157
2025-01-22,1028.131251424259,189.29905138028718,223.39442489282692,273.84059117050936,180.84575470928513,501.749044306021
2025-01-23,1029.1797864297644,189.51540749655928,222.95523034653635,274.318339554997,180.70839390403887,512.1702826465174
2025-01-24,997.0221846210816,188.39116792804532,225.4665470423203,273.6541679546048,179.99739571556125,521.054463728546
2025-01-27,827.8458421186978,184.36079999229688,216.00688450320024,274.318339554997,185.71773936447892,531.025098481613
2025-01-28,901.7381817973014,189.72330063668176,219.93712812437707,277.49941126001556,192.5045864997443,542.6534253017444
2025-01-29,864.7571053035881,187.65719470550448,220.06103052666379,276.24097898769435,193.39336835531373,544.391622840503
2025-01-30,871.3982899344845,176.05829287491426,226.2097887216167,273.4094619249917,191.96328244308432,552.8493371687371
2025-01-31,839.3805818180798,176.08799189493175,229.7572010390321,276.9517519470647,190.67859724232457,554.603625929919
2025-02-03,815.5420877237342,174.33162303048303,226.6152136880285,276.64879866372695,184.22299920636945,561.266823440913
2025-02-04,829.4536848186833,174.94676087120706,232.41487561221396,282.0554630847806,188.09315943562092,566.6827044162137
2025-02-05,872.656638770944,175.3370796195093,215.46632939694615,275.1922617207708,187.82651495313993,567.2298553381828
2025-02-06,899.5709245729827,176.4104103253025,215.77039380339437,278.29177660257955,188.43249807020538,572.9595645103154
2025-02-07,907.6802718712925,173.83522886749986,208.72065285320994,267.01234527073103,183.91598149109367,574.9954496639044
2025-02-10,933.7559433286326,174.88311824251497,209.9932219012049,271.6616175934443,184.1343741289714,577.3131286482127
2025-02-11,928.3730007043425,174.55222373541227,208.69816283121395,271.2188246731882,188.15435205521032,579.2444208560505
2025-02-12,916.7681806215054,173.53403338041466,206.77243310600332,266.7559933463714,191.5919702925465,583.7349084632797
2025-02-13,945.7799637539663,174.17038106384194,209.62158378811426,268.4339267494556,195.36119743981098,586.2939557839368
2025-02-14,970.6671530985965,173.2752444781537,208.59681954469278,266.46468595778015,197.84438699468242,592.820279185177
2025-02-18,974.511959501871,173.7885645934362,206.952646930492,264.0992713848187,197.73923544338066,576.4842332551025
2025-02-19,973.323584219014,175.96492502504015,208.641851409012,264.0759795953256,198.06275481803476,566.3447393857472
2025-02-20,979.4754881239589,176.89591790441514,207.84229830751357,259.70636876645705,198.83925094625542,559.1584784268412
2025-02-21,939.7679001263731,173.5291337626438,202.32417622089557,252.36541901795948,198.61278118036617,550.0729596262098
2025-02-24,910.756223823765,171.7394763186342,201.86242255883937,247.85598633216455,199.86648544618782,537.6640604398161
2025-02-25,885.2399134758315,169.14638636486157,197.54926126668917,247.96085272485934,199.81796064180537,529.1097987770424
2025-02-26,917.747062562967,169.92429894035286,194.51994858041667,249.7669620901234,194.41484588535775,542.1464530762555
2025-02-27,839.9398895125601,166.86359680285528,189.75633045753548,243.23002357893637,191.93977068028587,529.7053714450152
2025-02-28,873.2858131891735,168.7595392708622,191.76084435350168,247.35492837819183,195.61193581152276,537.7203797182974
2025-03-03,797.3661099785292,165.14620217067477,188.07833644312873,238.8953682142994,192.53021990446285,527.1381797939904
2025-03-04,810.8582930712762,165.19721583805375,192.48159601080212,237.47378673557483,190.83164082761158,515.0270175820051
2025-03-05,820.0162287900177,170.4726893143856,194.84650300886094,242.78723065868024,190.67796447192734,528.2809033839322
2025-03-06,772.9684150195562,168.71705408254428,194.09198177168173,233.8615680050467,190.3463431547364,505.3139904664443
2025-03-07,787.7888136725119,167.19518564081858,195.79246580808444,232.17198870721592,193.37143231487696,503.48724184477965
2025-03-10,747.8715720887513,161.60515408348098,187.00966310914362,226.68374968296052,183.99687684383554,481.2203464622818
2025-03-11,760.3150599312136,161.728430562689,184.9464367824828,229.0724738254071,178.6261202284847,487.4328910262683
2025-03-12,809.1850705013599,162.92719934376564,188.4077064426831,231.75250535644483,175.50395664505382,498.5783824545457
2025-03-13,808.066401697473,161.01425231996572,183.50330976429697,225.92635758462006,169.59936514518265,475.3055882322817
2025-03-14,850.6440271062056,165.17597979418593,186.58122991746404,230.65718673054306,172.68109345950526,489.3888136635209
2025-03-17,835.6823993878116,165.23549573946138,185.22828754201333,228.082039372192,173.09361012943816,487.2140800170587
2025-03-18,807.0177064471883,163.03348436776295,181.14693584678042,224.67957120704543,172.03401748840898,469.0593310765312
2025-03-19,821.6297334722033,164.86142171318016,184.77732978145295,227.84897923732547,174.096576023548,470.4286151294264
2025-03-20,828.6910264993454,164.44479699566966,183.54839344894333,227.1614980674482,173.17449307491734,471.99114193013475
2025-03-21,822.888135723589,166.32374800846586,184.89007353995365,228.6296986851429,176.54738262279733,480.2470249439861
2025-03-24,848.8263171603396,167.0974290958823,189.05034759348126,236.8445528194222,178.537160154994,498.4500969113614
2025-03-25,843.7924944950911,167.98162669537092,192.2973920211206,239.69937945160993,180.97987721896914,504.4587370586899
2025-03-26,795.3420581719263,165.77537073501537,186.0964334832553,234.36262595901943,179.1842237188276,492.11119182773217
2025-03-27,779.0520012336177,166.03467055998505,182.91703185602793,234.63062377812562,181.06074775718565,485.34547447326236
2025-03-28,766.7471785401259,161.0270122871016,173.99890900937845,224.56304113961215,176.2480946321777,464.5327616177947
2025-03-31,757.7282818748399,159.57745905953408,174.3484198427633,221.6965686126779,179.6695337989655,464.22663351512875
2025-04-01,770.1031315368602,162.46810253851947,177.0881259938707,223.922161328713,180.526925279928,471.99114193013475
2025-04-02,771.9907082064757,162.44686649465166,177.05428732022233,228.39663855027635,181.0931183055451,470.3239234645191
2025-04-03,711.7249435754763,158.60821247991598,169.92885414547072,207.88860906144845,164.34996396620733,428.1910319323152
2025-04-04,659.3592999760234,152.9671672551994,164.15631152584263,199.25425379640612,152.3709131329697,406.5326167474334
2025-04-07,682.6405695580188,152.12548104519328,165.4528733853218,204.2181252972037,146.77367434446694,415.8113536160888
2025-04-08,673.2721790292064,150.7226444940185,163.141600425894,198.8580800151201,139.46166500130184,411.1397410374421
2025-04-09,799.3271855868902,165.99640375915968,178.93714436141292,222.67537495113837,160.83955231866616,471.80589543395524
2025-04-10,752.0652313764352,162.11101996744898,172.29647307398525,211.16290126441527,154.02095499817582,440.0069251487913
2025-04-11,775.5564216192374,165.12922381604633,177.1670483521654,215.4159820258505,160.27334688578637,437.8161002799058
2025-04-14,774.018285398222,164.85713782277625,179.34301843732695,212.2116007513469,163.80801473188743,428.07829465619636
2025-04-15,784.4354245922455,163.97295332386992,176.2312768839539,209.26357140120297,163.50064961325631,420.05603052495024
2025-04-16,730.5317516016298,157.97055473826117,172.8714886978139,203.13447034604044,157.1350290463325,404.5834070127867
2025-04-17,709.557472691452,156.34245367486724,170.42491286411985,201.13027409013338,159.32698292407045,403.91493024812934
2025-04-21,677.5369335839473,152.66109835150786,166.4901090541512,194.96621757073927,156.23720229626176,390.3673302773996
2025-04-22,691.379839083528,155.9343574364178,170.7744064240623,201.79444569052555,161.55942169996743,402.9483463122287
2025-04-23,718.08703521586,159.15234516470935,175.14894025703575,210.44046463030642,165.490427145453,419.04924321278037
2025-04-24,744.0950299614337,164.64033628670677,179.5798027856535,217.36191324804093,168.5397725041535,429.42339251587873
2025-04-25,776.1156758987912,166.57455865612133,182.60135969629144,220.21673988022866,169.27582095600314,440.7963328795131
2025-04-28,760.1753264837147,166.2812235184011,181.07929304636846,218.71358379830235,169.9714465460073,442.78567195106194
2025-04-29,762.2027968456083,167.5055122337495,180.57193749639418,218.35236548124794,170.83691515498128,446.57130478465837
2025-04-30,761.5035954588499,168.02415118543564,179.03862583547323,214.89163228238465,171.88032872546208,442.1897044064653
2025-05-01,780.3105103148563,180.8365730527442,181.85723707143293,221.6266576842147,172.54359617436944,460.88410161310804
2025-05-02,800.5157211145265,185.03654112662517,184.9351744980424,221.37030575985506,166.09705544017834,480.8672280413737
2025-05-05,795.7615790039812,185.41487284214577,185.1381028992782,217.14053456790487,160.87189805250023,482.6794155875326
2025-05-06,793.8039753658372,184.19909950527617,184.03318988315206,215.5791134522619,160.5645329338691,473.04630162873036
2025-05-07,818.413674167747,184.21610406106913,170.6729767703292,219.8904770274058,158.7365336998935,480.6980727676175
2025-05-08,820.5810382219186,186.26508753121297,173.9425457668493,223.81729493601824,159.73951200126604,481.6645333045732
2025-05-09,815.54721555667,186.50313821173253,172.21756798913293,224.95921492089815,160.5806995971548,477.21851867710905
2025-05-12,859.9426043261951,190.97941066637617,178.6552936018824,243.1134935115031,170.72077076893578,515.0261291096014
2025-05-13,908.3929338195071,190.92841009957948,179.86163627174165,246.29456521652165,172.45397851595615,528.3965528751522
2025-05-14,946.2165773624738,192.5437642964198,186.44594431664018,244.9895138052303,171.96803566542104,531.0786536237273
2025-05-15,942.6508105347855,192.97816650407754,184.85626941319006,239.07014553545736,171.25530046016678,518.610424224595
2025-05-16,946.6359913646759,193.46364788202558,187.3704362269689,239.5595398146916,171.1014255882795,515.7591188426858
2025-05-19,947.8246871370916,195.4226958548513,187.7650480184425,240.22372919507578,169.09287586763213,515.8316280627464
2025-05-20,939.504778198858,195.124592105183,184.87881125551326,237.7884036936511,167.53782400558427,513.1494285950155
2025-05-21,921.4670916981387,192.73968350434288,190.04249957766433,234.35096228428088,163.674549807126,511.8607487329705
2025-05-22,928.6680647578531,193.71493015064294,192.64688558106306,236.65812960351772,163.0833437399249,512.722517605019
2025-05-23,917.9012180405977,191.72182066390212,189.94101810360405,234.199494532608,158.15098534447927,505.0627502144982
2025-05-27,947.3350859215815,196.19780490573575,194.93559942472527,240.06059776866434,162.15193052975104,517.3538774478186
2025-05-28,942.5109702574339,194.77962757271692,194.32679694757545,238.5457957919915,162.32200928671205,518.368759730778
2025-05-29,973.1334270809805,195.341799759303,193.76309542851436,239.6877157768714,161.9413544673683,519.5527479279158
2025-05-30,944.7484146950605,196.05726185908924,193.62777528080574,238.88370453956088,162.67028115043365,521.5180488849857
2025-06-02,960.4790036941095,196.74293323478202,190.57241424340424,240.79468029751973,163.3586981208146,540.373506394595
2025-06-03,987.3259866888668,197.16879386279643,187.3591739425285,239.69937945160993,164.63026884491052,537.1114799642686
2025-06-04,992.2199690767637,197.55209069899925,189.46751850072047,241.4705155726504,164.26580550337783,554.1063281817153
2025-06-05,978.7266108556357,199.17470261841993,189.6478877861907,242.26288091521445,162.49211285819845,551.4242767927183
2025-06-06,990.8217799629527,200.32456692586388,195.81500765040764,248.85808446011808,165.15669659360464,561.9674826504169
2025-06-09,997.1839250182629,201.33390128724358,198.7725146366514,252.83150372770868,163.15622400096876,559.0276755451796
2025-06-10,1006.4825022382523,200.55456074828427,201.60584284553016,253.565604036556,164.1443259943754,565.7450698728015
2025-06-11,998.6515535364119,201.2785382265493,200.19482715675338,248.4269374346085,160.99377459390874,559.0920897944507
2025-06-12,1013.8239565544355,203.94027523144308,198.33226641037484,248.47355657357863,161.3339197005681,558.4637917262735
2025-06-13,992.6385284401432,202.27508641962854,197.1696255497705,247.14519559280225,159.10666716047572,550.0147153241869
2025-06-16,1011.6563788405582,204.05525904207101,199.5401291431647,251.80611381026208,160.7021915134199,565.954650640928
2025-06-17,1007.6709843509623,203.58679532049823,198.61449718563804,250.3146214030743,158.4506455529796,562.0129921813194
2025-06-18,1017.1800163810225,204.52372276364383,195.64572791495388,247.6345898720365,159.21195519166707,560.8361611229897
2025-06-20,1005.7831940216412,203.31421150510164,188.10523119293504,244.33698809958466,162.79176065943608,550.0187134500037
2025-06-23,1008.0206384592678,206.97679369406092,186.46848615896334,242.9154066208601,163.19672130639046,563.0608960219512
2025-06-24,1034.1002626211625,208.72713629066314,188.2520036329504,247.92589726062775,162.22483560532027,574.0798294922738
2025-06-25,1078.9182702884746,209.64703297685122,192.66562726605972,247.01701963062246,163.24532055434906,571.2423941517785
2025-06-26,1083.8826535493852,211.85309242847262,195.89405092279912,252.9946351541201,162.79176065943608,585.2760132071423
2025-06-27,1102.9704775034024,211.21001104575595,201.52681684658108,260.1957630456913,162.85655138520573,591.3538061232284
2025-06-30,1104.6484540017696,211.8360485709328,198.93054936110718,255.63971122092627,166.16907960009655,594.9488616262229
2025-07-01,1071.8564965269948,209.5533245118379,198.490318408273,256.8865153784929,168.3153375293455,579.7383621529513
2025-07-02,1099.4745773994634,209.1445077413633,201.6509783505037,256.2572814623403,172.05714462606403,575.184151330543
2025-07-03,1114.0874056483747,212.4450684397344,202.6556363069795,260.3239390078711,172.956125251565,579.5691575196171
2025-07-07,1106.396404053739,211.9680631385183,199.56268825893028,260.3938499363343,170.040443333829,579.0370612689336
2025-07-08,1118.7021348009796,211.49959941694547,196.8196828803258,255.6047557566947,170.0890425817876,580.9071476000694
2025-07-09,1138.8388142500608,214.43392023723584,199.37078031394137,259.31017720517906,171.00423949962502,590.66869518079
2025-07-10,1147.3689643386595,213.56937351115977,200.49958250089736,258.98391435235624,172.03285120571607,586.2030354412876
2025-07-11,1153.1023088802249,214.3529848399407,203.4006571508424,262.19995930159837,171.02045579196147,578.3600452972847
2025-07-14,1147.1592573375583,214.22521486101235,204.947131174867,262.98066096942387,168.96328200883013,581.1086333974063
2025-07-15,1193.5154012258859,215.41769536259693,205.44379446399992,263.74971674250276,169.36014071324763,572.620809726601
2025-07-16,1198.200103932093,215.3325153766447,206.53874070386516,260.06758708351146,170.2105344980527,566.5913891969407
2025-07-17,1209.596712631769,217.92184546330438,207.22732921142938,260.871598320822,170.09715693158716,565.3823263341862
2025-07-18,1205.471584694674,217.21914333065405,208.8979647393766,263.49336481814316,171.03664726977254,567.6958097543658
2025-07-21,1198.2699706558424,217.22341412047572,214.58718027289967,267.18714037188096,172.08951517442347,574.7004274662853
2025-07-22,1167.8551910661934,215.1834438509371,215.98691640379366,265.0547681537941,173.64455462920864,568.12301690183
2025-07-23,1194.0748691651454,215.43897070821157,214.73391816603024,266.01024714277753,173.4420681021001,575.1921969417546
2025-07-24,1214.7708028937802,217.57263634218117,216.9238106457607,270.6012544317741,173.12620400852603,576.1755878139593
2025-07-25,1213.0927195655604,218.77788991148398,218.0639096640419,269.6807309070223,173.2234025044432,574.466660504946
2025-07-28,1235.8163907307207,218.2625523065311,217.3866352612453,271.25378013741977,173.3610858985194,578.4567407105583
2025-07-29,1227.1462935349177,218.29235613120676,220.96496704054456,269.17967295304953,171.1095275308164,564.2457726914927
2025-07-30,1253.435945187472,218.5776999137392,221.8454462196553,268.2241939640661,169.31152905802637,560.3847677823123
2025-07-31,1243.6473394325612,227.20599231113727,216.61903802817437,272.79189168357766,168.11288822402503,623.4432575248368
2025-08-01,1214.6309626164286,223.20698716935522,213.49223403303444,250.23304679987257,163.90944410438206,604.5571477172984
2025-08-04,1258.5399550660286,228.117347417682,220.16351386038292,246.62082806934444,164.69505957068017,625.8050639718641
2025-08-05,1246.3739577662866,224.75720527112406,219.7458420233143,249.06781724550763,164.34678770695857,615.3987815834972
2025-08-06,1254.484693852683,223.56046708030007,221.34876565708,259.04217938607286,172.71315382629746,622.2744227181406
2025-08-07,1263.923859158994,221.814369072355,221.8341666617725,259.9976761550483,178.20433533332206,614.0847802579458
2025-08-08,1277.4180720189447,222.32544898806844,227.36531292395506,259.484972306329,185.75270303074066,620.1061551763945
2025-08-11,1272.9432899735443,222.21045207685825,226.89122602403012,257.86530393696137,184.20400368719032,617.3413771346937
2025-08-12,1280.634398398033,225.39171887303291,229.53264628791996,258.0633908276044,186.20674680889857,636.7916669186061
2025-08-13,1269.6570968707067,221.7036429509664,227.97489270601255,261.66394588339404,189.19060663511874,628.7955633636924
2025-08-14,1272.663609418841,222.51278731460138,229.0811185037606,269.14471748881795,188.74465239223503,630.4479739559123
2025-08-15,1261.6863078915144,221.52903839040482,230.16476791230068,269.2029825225346,187.77977679458493,632.9468025914272
2025-08-18,1272.5936358652386,220.22157407819228,229.7132401281413,269.73899594073896,187.2121817482838,618.550439997448
2025-08-19,1228.0554155824827,217.09990183078673,227.53464447973602,265.68398428995465,186.94461912836374,605.7420243868398
2025-08-20,1226.3773322542627,215.37510536962083,224.9948266040032,260.79002371762033,183.255331974614,602.7111982197974
2025-08-21,1223.4405796000249,215.09781844518753,225.48022760869574,258.62269603530183,182.355309139047,595.7629491459373
2025-08-22,1244.4862742668183,216.37329113548444,232.6368738938519,266.6511269536766,184.67428857221003,608.410107015267
2025-08-25,1257.211525846114,215.10636002483085,235.34605787225047,265.602427466745,184.18779980211656,607.2090897637243
2025-08-26,1270.9156593668715,214.15935823391575,233.82212569054906,266.4996592020037,185.93106983917892,607.8538739309487
2025-08-27,1269.7270704243087,216.16427134528635,234.2059243070845,266.97738980649945,186.88785590155481,602.4372032024
2025-08-28,1259.7285440085911,217.40134622893515,238.901778715457,269.86717190291876,188.5662607692714,605.4437938166516
2025-08-29,1217.8470753358113,216.14293049676033,240.33538806688415,266.8375679495731,188.22571863020593,595.4405323825363
2025-09-02,1194.0748691651454,215.47320252969624,238.57442970866268,262.5728235133993,186.2635100357075,592.5467284039815
2025-09-03,1192.9560401164792,215.57132589093618,260.3717866646952,263.3302333917317,193.3582558018997,594.1105385537174
2025-09-04,1200.2277345387658,216.6889627659836,262.22305057974853,274.6212928383348,194.42044156083116,603.4609208498189
2025-09-05,1167.7853243424438,211.15623315551693,265.27084584938183,270.7177844992074,194.34747444894847,606.5239294617079
2025-09-08,1176.804861986847,212.52128762741052,264.4234625858965,274.80773383423127,192.87988138160577,606.4029984956435
2025-09-09,1193.9349220579409,212.6108694090072,270.7391513281377,277.6042954327023,190.01766235880302,617.204305586628
2025-09-10,1239.8717587739193,213.44696167038188,270.21944526685223,268.38732539047754,183.88777978299822,606.1451440602474
2025-09-11,1238.8226896191495,213.71999090557577,271.5752204868554,267.94453247022136,186.5148687705538,605.2745891833174
2025-09-12,1243.3678725375635,217.51225575847556,272.0610706010501,265.84711571636615,189.79062185883004,609.0549899016473
2025-09-15,1242.8782713220535,219.84136897940635,284.2744480530585,269.66906723228374,191.92309531922987,616.3982636781252
2025-09-16,1222.8104971280463,217.14540015302794,283.7660215496558,272.7219807551145,193.0987951245165,627.9250084867624
2025-09-17,1190.7158181026791,217.5634397334241,281.92441348890026,269.8904636924118,193.77990421717274,625.2810626919702
2025-09-18,1232.3200633073707,216.8937248669423,284.74896678904327,269.4360248774092,192.87988138160577,628.932536192602
2025-09-19,1235.326575855505,220.93767810650996,287.78817715780707,269.7273322660004,199.05837561263186,627.4252427596595
2025-09-22,1283.8531818637362,219.4531987265972,285.31387744907187,265.2412091496906,207.6369431457659,617.1853021491037
2025-09-23,1247.6330544117156,217.22646655614577,284.3309322096844,257.17782276708414,206.29909282437748,609.3128443370434
2025-09-24,1237.4242868456329,217.61889449819432,279.22414260677664,256.5952079899017,204.58012861492577,613.5555468627854
2025-09-25,1242.4587504899985,216.28796704312717,277.6988630965686,254.19482017271662,208.2775177112124,604.0779155746375
2025-09-26,1245.9549710834958,218.177712935718,278.54622908661145,256.0941500359289,207.134238083336,599.9157678801678
2025-09-29,1271.5467033075256,219.51714266868163,275.7329726177936,258.8790479596615,206.29909282437748,599.6335298132468
2025-09-30,1304.6201574445017,220.94621968615326,274.65967000124715,255.8494617863078,206.46125574774197,592.357829299031
2025-10-01,1309.235207086665,221.6969878551707,276.69332419453076,257.08460226913587,207.12612373353642,578.6132599323503
2025-10-02,1320.7724038726622,220.00347558447757,277.58587750987436,259.15870945350616,208.48831710432356,586.4453909691963
2025-10-03,1311.8920655264938,220.69023430849919,277.20176797137583,255.77953307785265,209.20994831692693,573.144416129871
2025-10-06,1297.3482493625095,225.47647964035232,282.94123194882087,257.3992014472202,208.13155867292167,577.2581420783368
2025-10-07,1293.8520287690123,223.51846661352633,277.664972602593,258.42460914465886,207.96130621428296,575.177092910891
2025-10-08,1322.3106469235306,223.88957990821342,276.3769783705409,262.433001656473,209.2423809015998,579.0165770440697
2025-10-09,1346.503976374044,222.84449405780515,272.8858256550003,265.3693851118704,205.98284410566,591.6561335383894
2025-10-10,1280.7066153785445,217.96442235569825,267.2819063800151,252.12071298834636,198.87189445439404,568.9016642445511
2025-10-13,1316.7869025532134,219.28253744130038,275.84595820448783,256.4320765634902,200.80977240675648,577.2903738827614
2025-10-14,1258.8207039192603,219.0778015415062,277.31473628462766,252.14402255783145,200.89896821823828,571.6038049817881
2025-10-15,1257.4223011457436,219.01807598691434,283.6191281955437,251.188543568848,202.1719657775436,578.7826126444184
2025-10-16,1271.2669159229697,218.24169617954925,284.1049783097384,249.90678394704977,200.63950754085508,574.3624130762407
2025-10-17,1281.1261362105995,219.08207233132785,286.1838371017651,248.24049643871206,204.56391232258935,578.2744557890579
2025-10-20,1277.0705545076958,220.4513582912963,289.855756391951,252.2488889505262,212.6316232217058,590.5752574996634
2025-10-21,1266.722053494114,220.82249778714788,282.9751569896812,258.71591653325004,213.06138598677845,591.4625452735304
2025-10-22,1260.5687608010824,222.05107039290021,284.3648227036599,253.961777817842,209.55861721305462,591.5754306283832
2025-10-23,1273.714281021403,222.059585771379,285.9352722657263,257.6205979073483,210.4748687482207,592.0513556793192
2025-10-24,1302.3826061770224,223.36063079827676,293.6632722049238,261.2561262073615,213.1019329212509,595.5681268916287
2025-10-27,1338.9523877373485,226.73489537252718,304.2270877287047,264.47215337661163,217.95878071596232,605.6185267227203
2025-10-28,1405.658657120707,231.23528599913917,302.1933817150939,267.12887533816433,218.11282928952727,606.1186379668692
2025-10-29,1447.6823163276008,231.01346694005835,310.2151338156309,268.3523699262459,218.68043674309106,606.3041312609386
2025-10-30,1418.6643370636762,224.2778025633516,318.02221157410463,259.683059196972,220.05883399895194,537.5809882700664
2025-10-31,1415.8674246867897,220.88648103097916,317.6945689187896,284.57236318940693,219.22367633273078,522.965222351942
2025-11-03,1446.5635941087876,220.55377864352246,320.5529781660233,295.9683068086968,218.1534010385251,514.3829738084505
2025-11-04,1389.2967036914454,219.40201475164866,313.5707072818269,290.515041028665,218.95612612007338,506.0022604218738
2025-11-05,1364.9636407934333,216.34343490847968,321.21962940174814,291.5404309461116,219.03719517449295,512.9632936264321
2025-11-06,1315.1087123951406,212.0520509714835,321.7166899800561,283.1973830696605,218.7371875626373,499.2428610933862
2025-11-07,1315.5978862912393,211.93261296288205,315.0281712571991,284.79375964953505,217.68311615350538,501.477171750477
2025-11-10,1391.814042343481,215.8485997147872,327.76125477049294,289.44301419225627,218.67326534525597,509.58359396218833
2025-11-11,1350.6294248006973,216.99182202701772,329.12834409526374,290.25868910430535,223.39688395319706,505.80867215701477
2025-11-12,1355.1044205058033,218.04123106957672,323.93114529486974,284.5490536199219,221.95223191456904,491.23323301410437
2025-11-13,1306.5780281572777,214.69256503309174,314.7344536427445,276.83523965962337,221.5301616523645,491.9430731051135
2025-11-14,1329.7223952828745,217.63168066649476,312.29399260765763,273.4677269587084,221.0919123196116,491.5962233506096
2025-11-17,1304.7601045517063,216.48420066502484,322.0217735196056,271.34700063536803,217.07439103138535,485.5869908883453
2025-11-18,1268.1204562676307,210.64008331446306,321.185669814003,259.32184087991754,217.0581623317862,482.10240212088235
2025-11-19,1304.2006366124467,207.7947940513138,330.82307607534955,259.484972306329,217.96719284006647,476.1576826270451
2025-11-20,1263.0859926232652,204.46980076699978,327.02689164058665,253.01794472360513,216.09235618943435,475.2140262151187
2025-11-21,1250.7796208969073,201.77305900626715,338.5623382989874,257.1545131975991,220.34519362184807,479.32765344442856
2025-11-24,1276.4413266745396,202.57653081777698,359.93856872947265,263.6681421393011,223.94069427692057,494.4919029931277
2025-11-25,1243.3678725375635,203.8543747134657,365.4295196912061,267.6182696173986,224.7928498930277,513.1810680845041
2025-11-26,1260.4288136938778,207.49137146524183,361.4864764492159,267.0240089454696,225.26360625402964,511.0758327238454
2025-11-28,1237.6341006765867,210.27359452531908,361.74630356969504,271.75483809139257,226.31869505870216,522.6426081502289
2025-12-01,1258.0515289788996,208.02130311884906,355.76958886097884,272.52389386447146,229.76806297380622,516.9318530560428
2025-12-02,1268.819764484242,209.4145631443808,356.808966436665,273.15311000063207,232.2759429814317,521.9569542524325
2025-12-03,1255.7442178175233,204.17064897074945,361.12490875304053,270.77604953292405,230.62024340443875,515.9074443745321
2025-12-04,1282.3162207711018,205.49979474662717,358.853969281601,266.96574391175295,227.82017236045257,533.5963869776106
2025-12-05,1275.5333797553556,206.4912992155306,362.97783091856365,267.45513819098716,226.2618697955798,543.1869529801894
2025-12-08,1297.4904398966235,209.8504850195824,354.6794964584261,264.37893287866336,225.53954377626576,537.8471844741422
2025-12-09,1293.4346445340138,210.27785221455844,358.4781682688936,265.57911789725995,224.9633008678694,529.910164334077
2025-12-10,1285.1133468076937,204.52537343701044,362.01684022445806,270.0769046883083,226.2618697955798,524.4009937563835
2025-12-11,1265.1841309328042,206.62378540407795,353.2210997171647,268.32906035676086,225.65316948798514,526.4820922834074
2025-12-12,1223.857536515612,204.5125479669632,349.67113093027507,263.5632757466063,225.85605304749978,519.6420394044915
2025-12-15,1232.7380885214861,202.9269844942163,348.46143721259153,259.31017720517906,222.47162474531765,522.713685942528
2025-12-16,1242.737683235732,203.5979701171788,346.5960090747757,259.33348677466415,222.8774414933977,530.4957663672967
2025-12-17,1195.327342359699,203.48256708791808,335.4599589513915,257.8303484727298,220.62927030840916,524.3201427676433
2025-12-18,1217.703923333022,206.84175289196992,341.94938397722393,264.2274473469985,220.91334699497028,536.3887570234052
2025-12-19,1265.603865424565,207.67086254299204,347.2630403262332,264.9149462968677,222.1145437250858,531.803499026444
2025-12-22,1284.4840121446846,207.243495348016,350.22512477471116,266.1733785691889,219.92317298869432,534.0073548239177
2025-12-23,1323.0836677385928,208.06832110863414,355.39174958206905,270.49638803907936,221.05131575608837,536.7843246813808
2025-12-24,1318.8879252687789,208.5683441329075,355.09779013942085,270.77604953292405,222.22814462227979,538.891287627269
2025-12-26,1332.3138738527725,208.4358579443601,354.4421248130582,270.9391809593355,221.8954066514467,535.4523564694426
2025-12-29,1316.1607727857893,208.1751694576693,354.49864351656885,270.41483121586964,222.18759768780734,531.738936698439
2025-12-30,1311.4057760364215,208.3375642755506,354.8264934531926,270.95082685408204,221.63564819975892,537.599695550123
2025-12-31,1304.1333338051652,206.687899653732,353.86550275908695,268.95829427291346,220.64549900800833,532.8690735959946
2026-01-02,1320.5662222567046,202.12351268270643,356.2961870257792,263.92449406366075,219.955655202418,525.0547120072233
2026-01-05,1315.461571399031,202.08506247372924,357.8676902678316,271.5683970954961,216.91210403539395,531.8196396084453
2026-01-06,1309.3080650462937,204.5040063873199,355.3804527507439,280.7387479987508,212.93517931069096,533.2969224179727
2026-01-07,1322.384252692129,206.62378540407795,364.0179685257151,281.4728483075981,211.2875940834975,523.6662270784917
2026-01-08,1293.9240320898182,204.33304378863073,367.929677743204,286.9843791213466,210.24061962862456,521.5431235506022
2026-01-09,1292.6653627638007,204.83307991348636,371.4683496987684,288.2544928483983,210.50844280106116,527.1940054766919
2026-01-12,1293.22483070306,203.93558522298864,375.1878745961901,287.1941296867281,211.22265447057558,518.2413626599975
2026-01-13,1299.3084703320478,201.15337526349367,379.8344651468571,282.68469700093317,211.8719513416935,509.45836871283916
2026-01-14,1280.638030613029,196.32828670519504,379.6875026989754,275.75156692846815,210.9872886973373,496.88919897672656
2026-01-15,1307.979315336821,195.16581963760254,376.22801220334156,277.5343667242472,209.566979708108,501.15154661450674
2026-01-16,1302.2453298161383,196.53341562245748,373.08504026612155,278.629685350149,207.3918376713156,500.7075572105274
2026-01-20,1245.185261993871,194.25124178781812,364.0405621883655,269.168027058303,200.22529107593363,487.6863524592237
2026-01-21,1281.8968067688998,189.80224474547106,371.25353716916607,269.5292453753574,200.99632800857043,494.8226121656306
2026-01-22,1292.5255224864488,192.80670608326193,373.69551826718356,273.05988950268386,201.56445656716727,522.8105294345355
2026-01-23,1312.3147912541338,199.1361476047845,370.7447651969155,278.67630448911905,201.31284968706714,531.7954534152324
2026-01-26,1303.923626804064,200.98669655520843,376.7706746695677,277.8140282180919,207.29446547372078,542.7742081890749
2026-01-27,1318.25859060577,205.38866250718812,378.22907141082914,285.1083588276193,209.6156658069054,543.266668698636
2026-01-28,1339.2365551458704,205.83742295301928,379.8796870190426,283.1624276054289,208.13041720475414,539.8438287632329
2026-01-29,1346.1593432688212,185.26777950436176,382.4121809552006,281.6709351982411,209.62378015670495,596.0135477233697
2026-01-30,1336.5095094927337,183.89591272968514,382.12951834387763,278.83943591553043,210.59775027790718,578.4070356155269
2026-02-02,1297.9098538988255,180.9384562810971,388.56239011931456,283.10418035170426,219.14402170625794,570.2616686967849
2026-02-03,1261.0584688464453,175.7415469966686,384.0627620165293,278.04707057296645,218.7138867233046,558.3867907846161
2026-02-04,1218.0536842711804,177.0151332031179,376.52197164598977,271.4868402722864,224.4032618445468,540.0538044079831
2026-02-05,1201.9005832041971,168.2453676177318,374.4982496820823,259.484972306329,223.9325551125956,541.0386760675274
2026-02-06,1296.511451125309,171.43787471349845,365.01281516691154,245.07108840843205,225.7261986361813,533.9750736599152
2026-02-09,1328.8874131531718,176.7629862960704,366.66346532200976,243.20671400945133,223.0941219290241,546.6975542452508
2026-02-10,1318.3984308831218,176.62194542729742,360.1740057492925,241.1559163945661,222.33047972495083,541.4502855883483
2026-02-11,1328.957493536627,172.81829616840065,351.5591181838564,237.80004958839763,223.80900359072388,539.8115969588083
2026-02-12,1307.2102472263132,171.73702650974874,349.3432809936513,232.5798261632404,212.6226403635179,524.5703958280297
2026-02-13,1278.3303989620945,171.51480133261742,345.63501838067003,231.63597528901155,207.78899415003767,516.46540504408
2026-02-17,1293.4346445340138,169.6086928127651,341.45190883629857,234.3859177485125,214.36923554698132,516.0779323568939
2026-02-18,1314.4824757978638,170.77971456058322,342.93296833397994,238.62735261520123,214.75105664901798,519.2504698723327
2026-02-19,1313.9231146884572,170.6811850812927,342.39030586775385,238.70892721840292,211.68837348292521,520.5098301450543
2026-02-20,1327.3491701023038,170.1543189639378,356.1040372525968,244.82638237881892,214.9378852106111,529.2929228113685
2026-02-23,1339.4463689768245,164.68853332889663,352.15833390047806,239.18667560289063,216.2376700500652,514.4311487565644
2026-02-24,1348.536948473358,166.62897847489177,351.4913371959054,243.02027301355486,221.07945542787033,516.0860273276835
2026-02-25,1367.4869619172273,171.59785902424113,353.75246535206554,245.44395262023295,222.77731488348556,527.7025572086764
2026-02-26,1292.8751765947543,172.07761544773498,347.511743349811,242.27452680996095,221.73746219739695,530.38273293371
2026-02-27,1239.031648811281,168.2310093795584,352.4636247213362,244.69820641663907,214.6129390007476,523.2545188385149
2026-03-02,1276.0228741410128,170.71972699434585,346.53945582438024,242.82218612291183,215.05161018043202,527.5976187458792
2026-03-03,1259.0306245800668,173.0242635229287,343.21559639841814,243.21835990419785,214.26362492696,528.8246978545983
2026-03-04,1279.938722396418,173.5682783024816,342.7068935199372,252.64508051180417,213.26439361891997,539.0366022248583
2026-03-05,1282.0364333865457,175.91564063452145,340.16313729933876,255.11536147746043,211.4528091934839,533.2565956427586
2026-03-06,1243.437098282196,175.17887698795604,337.49497774662416,248.43860110934705,209.15376823146445,520.5743924730592
2026-03-09,1277.2115699134283,175.37163895555082,346.6023657015764,248.76486396216987,211.11972381929542,522.6167930909425
2026-03-10,1292.0360281007916,173.80816306451965,347.3717248257714,249.74365252063834,211.89148037316826,528.0093763454341
2026-03-11,1300.9172210857826,173.43120691013794,349.2497971234191,247.7860576237094,211.87522685904378,528.6471020930065
2026-03-12,1280.7073631875144,172.13757681280782,343.4232577228697,244.1505471036882,207.77274063591315,515.1819079377235
2026-03-13,1260.4973984593933,169.4346777784059,341.98645278459986,241.9832194213697,203.19096185504955,495.4280073896224
2026-03-16,1281.266831126774,171.3194323491499,345.6973064139401,246.72571224203122,205.38437978978502,506.95356756838794
2026-03-17,1272.2456910345784,171.0881153679197,351.7613901942813,250.75739654333842,206.52981828136956,503.08343113728046
2026-03-18,1261.54636078431,167.8240790929314,348.1070898153365,244.54672088497423,203.0447422642423,497.44390191412737
2026-03-19,1248.679132330606,166.63753315511738,347.4735344952372,243.25331536842944,202.24861784644537,490.1884388268857
2026-03-20,1207.6998417649572,163.57482662853175,340.53831646812,239.30318789033197,201.46060777844798,479.652636905885
2026-03-23,1228.259460601384,164.05886694242955,341.737577026598,244.8613378430505,204.30391813291044,488.05541402382124
2026-03-24,1225.1824403503833,159.6639622042961,328.59120913060343,241.48217924738896,204.4257698597936,479.0547443377468
2026-03-25,1249.5182808245688,158.93577943912084,329.1455484438874,246.6907567777996,205.22189427759054,480.6464426490447
2026-03-26,1197.4901127301991,156.76403041247772,317.8206995951451,241.83173388970482,205.44124227469544,442.3895613377285
2026-03-27,1171.475868438235,152.82317875541455,310.3763641269294,232.27685509991068,202.11862695523726,424.75989958781054
2026-03-30,1155.0422321777257,153.7612721503826,309.42601387333804,234.15287539363788,200.35577825764932,433.37280042923084
2026-03-31,1219.588081447347,158.56310717514305,325.3328851450814,242.68236426598548,206.17236504325697,462.2572850726641
2026-04-01,1229.0287423715974,158.22042214399283,336.45414920177694,245.36239579702323,207.66714242315453,467.9938058665586
2026-04-02,1240.4972475622262,159.97237611221487,334.62133332319956,244.4302085975329,207.90273152712126,464.1398593770303
2026-04-06,1242.2455181037542,159.7239366699512,339.3956437069222,247.94918905012082,210.2910923732494,462.9764047643345
2026-04-07,1245.4623786321065,159.47121333728361,345.58416536626436,249.0911268149927,205.93678834655296,464.6165248216361
2026-04-08,1273.294760189348,160.34504837619266,359.0020717766806,257.80703890324475,210.32359940149848,494.8099267540883
2026-04-09,1286.0920150894497,159.80533058762597,360.3257356672748,272.2558782653733,211.61526989115296,507.71306339485056
2026-04-10,1319.0992347176725,158.86295330225394,358.91155893854005,277.76742685911375,211.60715554135336,508.90070420075926
2026-04-13,1323.854445126746,164.64570752543952,363.51617502419145,279.5269170854077,210.56732766979013,512.6739477802813
2026-04-14,1374.204423063043,168.3895002239217,376.6399147106509,290.1654686063571,210.26672450932531,535.264395196474
2026-04-15,1390.7080328771542,176.1469576157517,381.4029282630483,289.5595442596896,216.44077694030824,542.6088042432455
2026-04-16,1387.071651516747,180.01926702635188,380.15841128549994,290.9578161689291,213.97927528061973,546.8828501010082
2026-04-17,1410.358422836163,181.10299959447147,386.5619182088684,291.95991429688263,219.52780315579966,556.3198090968962
2026-04-20,1413.0158154252558,179.08117363138382,381.74235140607544,289.3031923353299,221.81868013896877,542.0674283919008
2026-04-21,1397.771088596868,181.68984017748144,375.93847476194605,291.2025221985422,216.229580514791,540.3949778110186
2026-04-22,1416.0928356762565,185.4422006567715,383.89192767126013,297.5530197138328,221.91620122371592,545.1457384729653
2026-04-23,1396.0926847790895,178.08738966116456,383.40543843969687,297.22675686101,222.12739764923316,532.5658577084298
2026-04-24,1456.4426847490436,181.8868729348979,389.6391819712245,307.60893867760774,220.20206343945077,545.3962383312415
2026-04-27,1514.7647336227665,181.9725507429766,396.3594492812002,304.2647355461778,217.39936205577425,548.2968045719803
2026-04-28,1490.708680533137,183.87014388435014,395.7258939611009,302.6101294925706,219.9177386076359,542.4148704613406
2026-04-29,1463.2959266378034,181.81833068843494,395.9069196373821,306.5019919369514,219.47906742795152,540.6211927569261
2026-04-30,1395.6031903934322,174.67343032262085,435.34598877848094,308.8557428351744,220.43767735794287,494.3978729970654
2026-05-01,1387.770959733358,177.5262524205782,436.35292682935255,312.5844916331358,227.57842925419135,491.8447488257665
2026-05-04,1387.980666734459,177.1749996086201,433.5923889067189,317.00068604099056,224.8894528403357,493.1859472787879
2026-05-05,1374.1344495094406,176.21549986221464,439.4528188012438,318.74853037253797,230.86042319560093,488.7825793267033
2026-05-06,1453.3657713278958,177.32063878177163,450.32517255305277,320.4264637756222,233.56562830905574,495.1816043763189
2026-05-07,1479.0302546817015,180.237719235788,450.2685847557725,315.9753139035359,233.50875341688263,498.3568566685468
2026-05-08,1504.9045518664611,177.81753076688122,453.4476927344792,317.73478634983786,238.28552473818968,492.55572418706936
2026-05-11,1534.5550706889799,176.76378543158918,439.69043227480523,313.4350864494325,237.98464861794568,483.85402546485307
2026-05-12,1543.925758059628,174.66913333163464,438.2309645801154,309.74132867568665,239.7084640671094,487.19897598619514
2026-05-13,1579.240716168638,173.5725621928855,455.5067907084081,314.7634652102008,243.0178780590649,498.2114433518016
2026-05-14,1648.5418826771856,175.3802067363587,453.75319083664607,311.37264293980076,242.48121431865113,499.6657739575658
2026-05-15,1575.674308361833,180.7303273304937,448.89966444610803,307.7837515587497,244.12373738266683,496.2723523306421
2026-05-18,1554.6951686933514,181.42426517360204,449.0806901223893,308.62268270030785,242.18036301293253,493.83231095250784
2026-05-19,1542.7369554573597,178.8027469562926,438.5816845544678,302.19062836180757,243.09919525873823,486.88386444033586
2026-05-20,1562.7371063545268,180.36193895691986,439.9958958300874,308.7974955814497,245.7662356321572,488.8633809558655
2026-05-21,1535.044565074637,179.90690333217896,438.5816845544678,312.81751620801845,247.9941829789602,490.73781092986405
2026-05-22,1505.8136739140261,179.6836825107947,433.2756285201117,310.3239434528691,251.10845554331993,493.0647695148336
2026-05-26,1502.5269466619243,178.59330794746168,439.96193624234223,309.1237584342726,250.71000870927804,494.7453150665052
2026-05-27,1486.7226450644241,177.15093383898088,439.905348445062,316.7676614661079,252.75909295713518,513.2637453776297
2026-05-28,1498.2611238086552,183.29821176396916,441.3761475179617,319.27289789599575,254.10887906523186,513.2879315708426
2026-05-29,1476.512809199813,193.2789689736945,430.3001398803365,315.35774366212183,253.7429640739644,511.0418239746134
2026-06-01,1568.9609067504248,197.69196561594975,425.8086648423609,304.4278847525812,249.0675104597877,485.1547984235045
2026-06-02,1558.1916029465542,189.44550278953974,409.38137929819385,298.90467248410226,256.2961802194609,482.86021972169345
2026-06-03,1501.7576648917109,183.44846234208148,406.1456835222069,291.3306981607221,252.27935373794534,503.3419766067684
2026-06-04,1530.8826876681694,183.75324738871007,421.07961087770855,295.7236007790837,253.06808342717875,507.0505097795515
2026-06-05,1435.946416015344,178.86805335893362,416.9388212672005,286.6814258380088,249.9050255059201,479.1194053849078
2026-06-08,1460.7306213818483,176.75169359414932,411.2786596637828,285.7375927437719,245.1889256991694,472.97083083399053
2026-06-09,1457.5801021921018,173.17579795810394,412.3541041871861,284.5374077251754,236.25269400445706,472.32446716027073
2026-06-10,1403.180738684365,170.57864682382606,403.4336839726983,277.32463393885763,237.09020905058944,461.3281403766654
2026-06-11,1434.3360628138169,167.56510678251863,405.00719093406826,281.4145832738815,240.38336952842042,459.26782223197347
2026-06-12,1436.5764984873226,167.73681611439744,407.1693768122,277.9655137497568,236.72431887384735,458.0962726484881
2026-06-15,1487.4051809941413,171.60892901626352,418.11614455383904,286.66977994326226,241.02574314695698,479.95160786974304
2026-06-16,1452.1191737752474,169.06328937149104,422.5310636951279,286.6464703737772,243.3187293647835,485.394241736312
2026-06-17,1432.7957899957448,162.6584408983934,411.82204761458945,276.74201916167516,240.64357464156504,459.0061177494944
2026-06-18,1475.0831052794179,162.86878384740126,416.62185359928446,284.77045008004995,242.3186047338298,466.8020188560992
2026-06-22,1460.8005949354504,157.69166954279032,395.8490536053647,271.25378013741977,241.50548236614688,455.98960586006785
2026-06-23,1400.52024802954,160.52491937082883,391.8303526856921,272.79189168357766,239.30190288326796,454.65526838838633
2026-06-24,1393.239045750352,156.88462127231938,390.8794496819441,272.97833267947414,238.3098926021138,450.99180051030396
2026-06-25,1370.4151681832388,151.46281429197543,389.09081926900865,264.51875473558977,223.73061450504545,439.0229419616508
2026-06-26,1347.94126521399,160.10851736321698,381.93640125792115,271.13726784997846,230.74786450847293,444.99120597418715
2026-06-29,1365.0242133199868,158.2196885113854,400.34322330035377,279.81822447399895,229.0890879303327,454.97872170292516
2026-06-30,1400.870329457257,160.12997611698347,404.5543849151718,277.7208077201436,235.28507640175235,455.53673173205107
2026-07-01,1383.2973528163388,164.9636717578368,408.90138488097045,281.63597973400954,239.36696656881676,495.6647852852187
2026-07-02,1364.0440494202912,167.62949614440038,407.4297566828357,282.7662538241429,250.95396030829815,471.39551990258394
2026-07-06,1369.0849228558263,166.0196965944447,414.84455456455896,284.5024522609438,254.23084245747924,485.458902783473
2026-07-07,1378.7465079157248,166.92118696253632,415.48982127860097,286.6231608042922,252.6045977221134,497.8240693837716
2026-07-08,1429.0851618876222,164.5601476226013,409.70515270241276,283.8732183447912,254.8244307191169,487.74755833592576
2026-07-09,1419.7035778719855,164.99800838397965,406.2750961526171,287.8583012871203,257.12555610126833,510.6824862468791
2026-07-10,1476.9734595252069,165.31568440356685,404.3392960104912,285.8774146006983,256.3937509332588,541.1950472105854
2026-07-13,1424.9544787981802,167.84413608439448,399.0527244191546,288.17291824519657,258.01185650429966,531.1023462211602
2026-07-14,1482.8544429233802,165.24270105971266,406.97695066393925,288.3826688105781,256.01969677766635,534.587872820605
2026-07-15,1487.755262421858,169.83600101581914,419.89344358856454,297.0869350040836,266.2975754161505,550.9803861078948
2026-07-16,1452.0490933917924,172.18416248337783,401.26016671635665,291.1792126290572,270.98116819465207,537.4183484606044
2026-07-17,1419.913605362645,169.05900548108713,392.5548354065495,288.07969774724836,271.37145104984364,522.4330273821024
2026-07-20,1423.2041784894486,172.69500658861034,398.4640455023929,291.2957426964905,265.557631083816,522.3036065686246
2026-07-21,1451.2789569827564,170.74607226530094,392.9850132159108,288.45257973904125,266.4927168437462,520.6538613936159
2026-07-22,1484.674716785714,167.56510678251863,387.2569324370029,285.30646349825435,264.98846031515313,507.19695964743437
2026-07-23,1461.5707313444864,163.8046108416358,359.6353507217017,272.26754194011187,261.54894376662537,490.1574903714888
2026-07-24,1448.12843779301,163.85613543172346,361.95600316034904,270.4614325748478,270.7860019525309,481.3345151661622
2026-07-27,1375.8060162166382,167.03280392351957,369.67647187866305,269.62246587330566,273.9490598737896,480.26701557307024
2026-07-28,1379.3066168341013,168.85724341346938,377.7704960621733,269.00489563189154,276.52664388321017,479.89499243379373
2026-07-29,1330.2982081896166,167.65096799874917,381.1665930242239,264.0992713848187,274.98985551184273,473.58708516513923
2026-07-30,1365.514241854908,193.6481564827871,377.71390826489306,274.4115600529453,271.11938510102397,435.9175334722723
2026-07-31,1405.491147911473,199.49494635213304,403.1506758925274,316.4530267280397,251.18163357866834,450.2154730677484
2026-08-03,1446.7282189119953,209.33833085612238,422.8254031535087,330.9484852291383,246.71759972073733,477.33140403196177
2026-08-04,1483.8346068230758,211.55341660893131,427.51199899675845,323.25799861831683,251.5638020840603,475.471387054735
2026-08-05,1534.8033432669517,209.25676663087805,410.2824656940798,317.6998308856063,252.8810563493826,476.1426279557595
2026-08-06,1533.1930968952774,214.57983452261513,404.98456272453313,317.2454098505956,254.02756186555848,477.0564711825827
2026-08-07,1567.9890755792496,214.63564300310676,401.07903739942105,319.8322208836851,254.77562054769254,478.83558781149134
