Date,nvda,msft,googl,amzn,aapl,meta
2023-01-03,100.0,100.0,100.0,100.0,100.0,100.0
2023-01-04,103.03177113146236,95.62568282691176,98.83302360614343,99.207643547432,101.03143607542671,102.10840080377146
2023-01-05,99.65071979617932,92.79154215927858,96.72351327278244,96.85388375921303,99.96001415647876,101.76367963852991
2023-01-06,103.80021161658473,93.88511981497786,98.00268066529348,100.30296217333377,103.63797289158497,104.23279411278368
2023-01-09,109.17219750409409,94.79923914438262,98.76569173350984,101.79445458052155,104.06170486225375,103.79188962802124
2023-01-10,111.13518269607434,95.52133013880001,99.21452482189139,104.71918325117645,104.52546613931715,106.61376470977304
2023-01-11,111.77784438322351,98.40972686792524,102.69298125684838,110.80167405736483,106.7322376549917,106.53359240533695
2023-01-12,115.34054652950871,99.55338804966195,102.2553672683323,111.01141573275038,106.6682851412854,109.59595972060501
2023-01-13,118.05099349426227,99.85390885676,103.3662481628616,114.33232707468726,107.74767939300993,109.81242617657207
2023-01-17,123.66052223640018,100.32139003466219,102.43491604978172,111.92030225275164,108.69114661268992,108.51372615993789
2023-01-18,121.39016085037098,98.42641700974363,102.24415680518729,111.23281219287841,108.10746505895428,106.63781516711428
2023-01-19,117.11487020139498,96.806903378031,104.40977127459598,109.15870500850818,108.15542323525212,109.14703430343013
2023-01-20,124.61754411922692,100.26713397317013,109.98650166960762,113.31857416199121,110.2342773055502,111.72838013197766
2023-01-23,134.0761524587525,101.2521929555942,111.97261917788958,113.63318223007151,112.82482599328188,114.85492724644104
2023-01-24,134.57912075959763,101.02679743755232,109.62745592703145,112.23491032083194,113.96020042593615,114.75070448466373
2023-01-25,134.9842863301789,100.42991525822853,106.84469596109814,113.23700844878547,113.42447704849836,113.43595026330871
2023-01-26,138.3304243341846,103.51448665663119,109.42547758257157,115.61407780648952,115.10357202729469,118.08563542320168
2023-01-27,142.26333865857893,103.58127997536042,111.50133061633622,119.13306714907341,116.67862930515282,121.64504141022306
2023-01-30,133.85958163960723,101.30646211766852,108.77467478645062,117.1638352473939,114.33596801132518,117.89320708467983
2023-01-31,136.4792365831887,103.43517573153815,110.9066233195425,120.17012074125853,115.36736683286041,119.42440308220988
2023-02-01,146.3010931297922,105.49712877813424,112.6907452099237,122.52388941947348,116.2788826316149,122.7513130883354
2023-02-02,151.6521069818183,110.4432798172364,120.89315953603193,131.56607325054435,120.58847488777265,151.3307714063878
2023-02-03,147.39783510638617,107.83454776822738,117.5717877726321,120.47308291459228,123.53082449070827,149.53504505789633
2023-02-06,147.32098438100815,107.17505790621122,115.46228607599156,119.06315622061024,121.31608064225709,149.15828335264115
2023-02-07,154.8934849613947,111.67875642984765,120.78095126393653,118.9815905074045,123.65075718534433,153.6155401740123
2023-02-08,155.11701307470537,111.33233773274904,111.50133061633622,116.58122047021145,121.46798959374632,147.04986403902566
2023-02-09,156.03911494938902,110.03425343744541,106.60906031704191,114.47214893161362,120.6284607312939,142.63267486002854
2023-02-10,148.55047580347232,109.81718988973044,106.11533355575769,113.73805751276225,120.9247533481935,139.61039986692657
2023-02-13,152.2039766477954,113.24817998523172,106.16021859193991,115.98695090828643,123.19892957151816,143.84320631960628
2023-02-14,160.4680402804631,113.60298305498635,106.23876956443897,116.17338301418691,122.67841819976779,143.88326162208426
2023-02-15,159.02200474631684,112.69495549633947,108.77467478645062,117.87462598675621,124.38407520318893,142.02344185366957
2023-02-16,153.6989135470736,109.69473219691459,107.17008440407795,114.36728253891886,123.0868326120566,138.2395484782687
2023-02-17,149.40969495603517,107.98330487996036,105.86847881183601,113.26030912827456,122.15795649987271,138.59228440597468
2023-02-21,144.2892199264116,105.72788898461776,102.99594877353819,110.20741338543583,118.89877496786852,137.95095533007
2023-02-22,144.9807696249611,105.24248621016335,102.83886410198102,111.61734007941789,119.24310026884892,137.18134069515077
2023-02-23,165.3091018300154,106.60661709100654,101.98605705123882,111.65229554364949,119.63548308983776,137.91885926052433
2023-02-24,162.66850823527966,104.2842506699474,100.01120182642455,108.94896333312265,117.48142583060654,136.59612112644496
2023-02-27,164.1704558436497,104.6775825521729,100.84156204071539,109.25192550645639,118.45034987613082,135.9146997283742
2023-02-28,162.17952129142336,104.36793718952029,101.05475084832027,109.79958481940729,118.04196029976966,140.24372035031485
2023-03-01,158.560953808975,103.0498679559561,101.39137566460643,107.39920589221823,116.36033205635272,139.02516795832472
2023-03-02,162.86412704953906,105.07511317101756,103.23160169103531,107.35259564324411,116.84079549476272,139.91502254005408
2023-03-03,166.88787345630027,106.8242046620125,105.0830209071683,110.58028648723277,120.94076010356582,148.50890866453204
2023-03-06,164.54068805235624,107.48534519739532,106.7437067888682,109.24027072171387,123.1829476520735,148.2283241088497
2023-03-07,162.7101184629561,106.34717970992298,105.31867382466542,109.00722836683929,121.39720719993544,147.9156805033098
2023-03-08,168.949382480051,106.15887849059283,105.75626190302016,109.43835761235687,122.4141763475043,148.28443361604857
2023-03-09,163.74420473086656,105.5814375753652,103.59065607033193,107.49242639016646,120.58840037998971,145.6549745329226
2023-03-10,160.45339123689405,104.02064075340924,101.69432590785534,105.72128137912998,118.91478172324084,143.90731207942548
2023-03-13,160.46034853105948,106.2509428325306,102.23292906860138,107.702168065552,120.4923350118281,145.0216540495343
2023-03-14,168.12494979831524,109.12563635259616,105.44208392318535,110.5569769177477,122.18993275672587,155.5395274017263
2023-03-15,169.27777744764384,111.07140033499499,107.84334267337073,112.0950795739096,122.5102541336297,158.5297556848667
2023-03-16,178.45153733833556,115.57386085360643,112.56730920124241,116.56956568546892,124.80049920214582,164.28571252287202
2023-03-17,179.73711443353437,116.92540862517447,114.02602537520288,115.2994608484132,124.11982093296163,156.81417696101926
2023-03-20,180.9598088066124,113.91262841763896,113.57719228682134,113.85457869019955,126.04167468660164,158.57785659954914
2023-03-21,183.04886657866112,114.5611858437466,117.72888971763021,117.23374617585709,127.54715411314007,162.0650865347548
2023-03-22,184.9283642406564,113.93770293211338,115.98967013687216,115.00815345982198,126.38602482350969,160.18119162920686
2023-03-23,189.9798806002796,116.1847803068379,118.49191805928744,115.0198082445645,127.26683099772131,163.76464807356948
2023-03-24,187.1012700934434,117.40244012755512,118.31237791455848,114.34397296943379,128.32388533252202,165.15154132705217
2023-03-27,185.3685299417704,115.64913679935876,114.96856795142779,114.23910657673902,126.7463568798624,162.6102137812946
2023-03-28,184.52314525514873,115.1679524123969,113.36399484249601,113.30691937724866,126.24187709941201,160.87863021231038
2023-03-29,188.5335779915013,117.3773263113339,113.76795153141576,116.81426282508605,128.7403093314789,164.6224559453372
2023-03-30,191.321343062239,118.85862224975384,113.20689289749792,118.8534145452247,130.01352316260704,166.6185822051789
2023-03-31,194.07417477110204,120.63700009242461,116.39362682579191,120.356561737155,132.0474614577448,169.9054245689304
2023-04-03,195.38771458027853,120.1892614920109,117.10051648451967,119.33116292971239,133.0644554412413,170.8113210154846
2023-04-04,191.81043683594814,120.16833986211768,117.50447317343942,121.12560862023795,132.63202468691208,172.134059149564
2023-04-05,187.81393204165803,118.97994674220287,117.22396976664187,117.80470616829706,131.13459210093322,169.53662209660757
2023-04-06,188.90387696886583,122.01788006770641,121.65617924096874,118.92332547368787,131.85529346753015,173.24036784736435
2023-04-10,192.6907815919077,121.09310996491205,119.4344519987919,119.0515014358677,129.74928131034352,172.1580972670092
2023-04-11,189.82617914952354,118.34810565907819,118.21138874232855,116.42973493854656,128.76430083759166,171.43660822656443
2023-04-12,185.11701240701882,118.62427903401809,117.41469446435448,113.99440943712192,128.20376636842857,171.55684817337456
2023-04-13,184.8934041713185,121.28136533220425,120.54530698315986,119.31950814496987,132.57599483412704,176.64743781802997
2023-04-14,186.95453929058434,119.73316472010573,122.16111646539798,119.4476841071497,132.29574622649125,177.56135519699657
2023-04-17,188.6593567894745,120.84619019019229,118.90709384807265,119.71568192625588,132.31171572797209,175.45296056317312
2023-04-18,193.3056274561268,120.66629299439158,117.25760115607686,119.20298696753258,133.30471820535587,174.67536201552952
2023-04-19,195.1501650487842,120.699751881522,116.89855541350069,121.53344607626249,134.23359431753977,172.919690969516
2023-04-20,189.37197867649428,119.72060126170399,118.1440655064154,120.96247719382653,133.4488410935259,170.8113210154846
2023-04-21,189.47683217704486,119.57414985245143,118.27871197824169,124.63295206807533,132.14356407979784,170.66700593154124
2023-04-24,188.93882368447214,117.90455924499248,118.90709384807265,123.7590299023016,132.39182401261664,170.5868336271051
2023-04-25,183.34235489184246,115.24744674564178,116.52827329761818,119.51759503561289,131.14258926963745,166.3861232439711
2023-04-26,188.33795917724188,123.59536048118962,116.37116271589967,122.32580252883048,131.13459210093322,167.8691689672346
2023-04-27,190.22441413340258,127.553845521995,120.72484712788885,127.96550930475877,134.85818064411978,191.24581862623393
2023-04-28,193.87856931057422,128.570673416436,120.44432644765037,122.87345295178538,135.87514979168867,192.6567253173698
2023-05-01,201.99028021937778,127.8592986983196,120.2872417760932,118.91167957894133,135.80310076556748,194.94950267751062
2023-05-02,197.09948937333408,127.7965469092222,118.17772280601176,120.75273551844101,134.96226801691327,191.7909458727737
2023-05-03,194.24885493420717,127.37389592386519,118.27871197824169,120.77604508792605,134.08944659344206,190.0192576417274
2023-05-04,192.57201350302634,127.7965469092222,117.47081587384307,121.1838736539546,132.76016565563745,187.205403492388
2023-05-05,200.38331886567798,129.98919136459398,118.4582434862502,123.11815898139848,138.99020843552285,186.6121753311658
2023-05-08,203.67413235965043,129.15228686711825,120.92682547234872,123.31624587204149,138.9341289108825,187.0049912411418
2023-05-09,199.62171549113657,128.46187308064188,120.45554554751583,124.23677828678932,137.54881812029282,187.08515120568188
2023-05-10,201.81562676373582,130.68379733739837,125.39270088299239,128.39664744027235,138.98214917699946,186.85266756468204
2023-05-11,199.67064356373172,129.763219420932,130.8011620534632,130.7154517642597,139.13431890572903,189.02516795832472
2023-05-12,198.00777013580813,129.28620101913359,131.8559215385039,128.47821315347804,138.38053608349838,187.43788713338785
2023-05-15,202.29072582672453,129.4912382323201,130.7338301808296,129.5735228893838,137.97960970339693,191.4863231996462
2023-05-16,204.1073007054042,130.44530123708142,134.1000783436912,132.1370332429843,137.97960970339693,191.45425180989255
2023-05-17,210.84961314573388,131.67823633673135,135.59243454380714,134.5840135291515,138.47677530315354,194.39636683845447
2023-05-18,221.32992884397345,133.5736809826118,137.82538952256985,137.6718736262178,140.36921090048864,197.89161770607257
2023-05-19,218.4373770413432,133.49822162870763,137.7468385500708,135.45793569492523,140.45744053347573,196.92161549969916
2023-05-22,217.8224911159293,134.68916936216607,140.31640970839928,134.01305353671157,139.68763853790892,199.07007777589664
2023-05-23,214.41292288680702,132.2065959204656,137.52242200588006,133.9897439672265,137.57066131866358,197.80343680912006
2023-05-24,213.36492203056574,131.61530113948209,135.65976641644073,136.04055047210767,137.79520294057383,199.783558223825
2023-05-25,265.36116135267156,136.67693381133864,138.55474329118988,134.00139875196902,138.71733609839993,202.57336191582317
2023-05-26,272.1104577946299,139.59984402446744,139.82269158383548,139.95572248597358,140.6739228968626,210.06898495470517
2023-05-30,280.250171478606,138.89533401146315,138.7679234620743,141.76183185123764,142.17345411872816,210.45371823278867
2023-05-31,264.3410965029448,137.71277065066073,137.8702745587521,140.50338179892447,142.13335651353248,212.21745957079867
2023-06-01,277.8676521008391,139.46982074538775,138.8240448715629,143.05522847778644,144.41067448170523,218.54259411268498
2023-06-02,274.7724440673944,140.65244960910155,139.89003209318952,144.7797721298448,145.1002936848445,218.54259411268498
2023-06-05,273.6825392013814,140.87891937489,141.39361602989135,146.00326671792638,144.00175093289954,217.56453395421107
2023-06-06,270.0703815101027,139.93115775020294,142.85232356713138,147.52971458934573,143.70502368726602,217.34809217803607
2023-06-07,261.85983963370177,135.61173856713822,137.45509876996692,141.2607827872609,142.5904245080934,211.31953469707284
2023-06-08,269.09208713283164,136.4001578096141,137.05115935448805,144.7797721298448,144.7956065243982,212.1051911968169
2023-06-09,270.90878219509574,137.04178502769824,137.152148526718,143.8242842508654,145.10832810744023,212.401792937532
2023-06-12,275.8840086860682,139.16373874111397,138.73428343591888,147.48310434037165,147.37761165301725,217.29194565114915
2023-06-13,286.6448729315654,140.1869597197052,138.94748088024417,147.58797962306238,146.99274170014343,217.50843678690828
2023-06-14,300.44534027211034,141.46599576838094,138.7679234620743,147.3083181292177,147.50595130916383,219.13582227390717
2023-06-15,298.04166858348356,145.9782948242809,140.36129474458153,148.11232936652823,149.15781369328872,225.93396970999763
2023-06-16,298.3141648305842,143.5585910769183,138.6108387905171,146.22465428805845,148.2837753093625,225.2685778368557
2023-06-20,306.1123167676064,141.7637458023278,138.12835703925967,146.5625719256238,148.35593609715815,227.93814158204376
2023-06-21,300.7807593025266,139.8808253131023,135.26703746410686,145.4556074049755,147.51397331379573,225.78164603353787
2023-06-22,300.64102585502775,142.4598583420938,138.18445253858692,151.6546193886012,149.95169412071502,228.3790460668062
2023-06-23,294.93914270512016,140.49310722689037,137.27555862523792,150.69914039961776,149.69507689824098,231.46547617931154
2023-06-26,283.91967009339,137.80080656354892,132.78722774142247,148.36868129088788,148.56444612776843,223.24034316757232
2023-06-27,292.6123083881398,140.304367138054,132.77601727827746,150.52434529846784,150.80169132667316,230.11862588841083
2023-06-28,287.3086869295745,140.84116349677336,134.85187894876256,150.36121387205642,151.75590008506305,228.70773153717096
2023-06-29,285.2473515043346,140.5056706852921,133.64002615544422,149.03286178127607,152.0285364808732,225.6934651365854
2023-06-30,295.5890154073352,142.80794081314133,134.31325851457564,151.89932541821432,155.54077127973326,230.06252872110798
2023-07-03,296.3645734314023,141.7385664831952,134.53770096892777,151.7361939918029,154.32995771683318,229.2929634457728
2023-07-05,295.6938422004225,141.80568076619016,136.61352809253106,151.92263498769935,153.42383131437938,235.98683876050188
2023-07-06,294.19843792053825,143.11404901857972,134.7733193395431,149.5688663094844,153.80872610318085,234.07889339761266
2023-07-07,296.99342736007344,141.41567643186252,134.06640377065395,151.2234901430836,152.90261211869088,232.90845426020104
2023-07-10,294.73651318176894,139.1553150667111,130.6665155816369,148.1356300460173,151.24269047604264,235.7704216641189
2023-07-11,296.3086480034469,139.42373289694422,131.4407457497187,150.05826058871864,150.81768566408167,239.129390720102
2023-07-12,306.7691067027921,141.40727895862423,133.44925827412933,152.41202926693362,152.17290772831979,247.9877825157494
2023-07-13,321.2684282330736,143.69698562807173,139.74414924805689,156.4903327072109,152.79032888977196,251.2506237817438
2023-07-14,317.7186591758464,144.77892341641962,140.73158549718448,156.93310784747504,152.91064654128664,247.61102081049424
2023-07-17,324.65036759150826,144.98440604940347,139.86759389345863,155.62805643618373,155.55684012492472,249.0139929484898
2023-07-18,331.86851355006485,150.75474092059233,138.8689385444656,154.77744383989508,155.34833009431443,250.16034460887218
2023-07-19,328.95470260672187,148.90538412315544,136.92772334580675,157.72547319003905,156.44693493607852,253.33493093853795
2023-07-20,318.0750435648801,145.4624724977839,133.75220851737825,151.43324070846512,154.86722092178547,242.52041882594278
2023-07-21,309.6130242149224,144.16246241688583,134.67233016731313,151.47984206744326,153.91298732746793,235.89868254334144
2023-07-24,311.7302850681177,144.72439879299094,136.3666906220503,150.0815701582037,154.5625089254115,233.77424604469311
2023-07-25,319.18602061936343,147.18603750421593,137.12969305354622,150.46609804474318,155.26013771521883,236.06702340483398
2023-07-26,317.59986437950187,141.64629908223216,145.05159533613642,149.3241602798713,155.96578850965807,239.3538781084815
2023-07-27,320.7302995569165,138.6898513784793,145.1974868179895,149.44069034730458,154.93936929161725,249.88780566539432
2023-07-28,326.6697722995132,141.89793506657094,148.76567877842916,154.05500720578624,157.03229291493074,260.92675580678485
2023-07-31,326.523014789191,140.8705088010694,148.92281527030906,155.7678782931101,157.5294336787597,255.41129120229579
2023-08-01,324.9717652037409,141.04661992859266,147.6099473945994,153.4490828591187,156.85588332081187,258.70614215856375
2023-08-02,309.33361073485116,137.33952196106284,144.05293998714336,149.39408898832647,154.42615968259685,251.97213750198054
2023-08-03,311.0525030668514,136.98728660543412,144.13148232292195,150.20974612038353,153.29551649416044,251.07426198783878
2023-08-04,312.20549096095925,137.45694247999393,143.749981107174,162.63109743711195,145.9342717174665,249.10214916565025
2023-08-07,317.3553308463789,138.43406250955934,147.58750919486852,165.71894864418226,143.4163805360835,253.77588478288448
2023-08-08,312.09364010504845,136.73147153534958,147.44161771301543,163.06222668262956,144.1781605270184,250.63330814349226
2023-08-09,297.34983845657035,135.12950613359436,145.48921796137296,160.6269011812049,142.88710208187163,244.67693905424076
2023-08-10,296.1899066220287,135.42305088063097,145.52288389768975,161.4542042080085,142.71071732368043,245.10187571355448
2023-08-11,285.4779170342003,134.61788909400764,145.37704423615938,161.27942688685053,142.75889902332716,241.81499633011492
2023-08-14,305.72791624966857,135.88852766944507,147.36307537723684,163.79632699147692,144.099828011201,245.46262023377685
2023-08-15,307.0346590094589,134.97434283712892,145.62384715975833,160.41715061582335,142.48587767063833,242.0635218359396
2023-08-16,303.8622129924197,134.6465400674431,144.41199436643998,157.38756444246968,141.77928311094828,235.9227700203707
2023-08-17,302.8700841492074,133.1672878198581,145.78096637819732,156.117450715418,139.71566588226528,228.5474116080908
2023-08-18,302.5556571848718,132.99920734926945,143.020627338554,155.23188265489773,140.10910423017938,227.07227575817558
2023-08-21,328.18608852308864,135.26854261327927,144.04171225055748,156.93310784747504,141.19310554648354,232.40340699593128
2023-08-22,319.10915654025376,135.5122789465062,144.83842380197243,156.43206767349426,142.30921971724297,230.55962909234142
2023-08-23,329.2272255612857,137.4201822461302,148.53005177109338,157.9119141859355,145.4327474124068,235.88264067851662
2023-08-24,329.55562052887853,134.46586993728818,145.62384715975833,153.62386018027667,141.62671600737627,229.87812131499857
2023-08-25,321.5548657759683,135.7307966588537,145.73605543185374,155.27848401387584,143.41729946540667,228.87607239866355
2023-08-28,327.26366615884655,136.0333677070778,147.0039950877789,155.1386621569495,144.68599315770194,232.692012484026
2023-08-29,340.88252274958404,138.0127215824298,150.9986510306328,157.20112344657323,147.84164612528483,238.8889601860659
2023-08-30,344.2365528089675,138.17240457978016,152.46856903101784,157.38756444246968,150.6760836225684,236.57209534889577
2023-08-31,344.8724575079253,137.7395875425777,152.79394883727718,160.81332439710937,150.8527415759638,237.20537881259597
2023-09-01,338.96094747930624,138.11777515169328,152.22171428709618,160.9415003592892,152.1294696908548,237.598207062468
2023-09-05,339.23341701894367,140.1727455879368,152.34515029577744,159.95106590607418,152.3221840714778,240.62049439546604
2023-09-06,328.86995982596613,139.89122717542867,150.8752322953924,157.72547319003905,146.8700646355017,239.83491193509806
2023-09-07,323.13971335013275,138.64310850092198,151.77286392527373,160.6269011812049,142.57418181140838,239.43411211239768
2023-09-08,318.4645986232169,140.4753559379077,153.02961039149477,161.069676321469,143.07201798121162,238.80875086194175
2023-09-11,315.711326241211,142.01764818740017,153.6355108779926,166.74435634162086,144.01953345709904,246.56084629968475
2023-09-12,313.55889165897213,139.42472854119708,151.8626167241973,164.56536498456384,141.56247788050194,241.8310135151477
2023-09-13,317.8566833457,141.22761757330446,153.39991841753863,168.78350806175953,139.88428941306495,244.5567237872227
2023-09-14,318.5275214065325,142.33702728268312,154.95960649028814,168.63202253009464,141.11281099238158,249.89585127759878
2023-09-15,306.7803772522654,138.77336759048262,154.17413131217953,163.58657642609538,140.52660859198917,240.7487799544806
2023-09-18,307.2416151418497,138.28588182344646,155.08302522552853,163.10882804160767,142.90341928633964,242.544456943388
2023-09-19,304.1249610154498,138.11358296536525,154.89225734421365,160.37054925684524,143.78667179942505,244.56469536005102
2023-09-20,295.17304666788675,134.80203087846542,150.0673361909938,157.64389858683734,140.912049771199,240.23571175779844
2023-09-21,286.63352225970243,134.28092901731156,146.36441139152336,150.69914039961776,139.65944976002285,237.07714261316548
2023-09-22,290.7775590807478,133.22193034852722,146.15123985735937,150.45443437000466,140.34997547452144,239.76269886359432
2023-09-25,295.0542518715422,133.44465334778502,147.11623790675608,152.9596885798845,141.38581992710655,241.16559696221378
2023-09-26,292.8809587605387,131.17534428493974,144.26614606818916,146.7956231704944,138.07759985595163,239.66652171402143
2023-09-27,296.77335786324807,131.44849142537413,146.47665421050053,146.7956231704944,136.84907827663497,238.6884862353396
2023-09-28,301.11305355974764,131.80569190168512,148.4627198984598,146.7956231704944,137.0578490844856,243.6748654581137
2023-09-29,303.9781500902011,132.6924179135528,146.8357172265176,148.12398415127075,137.4753907001869,240.6686199899405
2023-10-02,312.9439523186318,135.234900317997,150.54978339536947,150.85062593128265,139.51491707904654,245.96764281825455
2023-10-03,304.1039689493691,131.7006514330039,148.5973663702861,145.32743144279567,138.43090334477856,241.25382721875033
2023-10-04,307.76574910728635,134.0414110715772,151.75046027242462,147.9841534043484,139.44261969364885,244.97354079495585
2023-10-05,312.28713567598294,134.20949154216584,151.55969239110973,146.77231360100933,140.4463637097425,244.3402326514636
2023-10-06,319.79241357147754,137.52945420288623,154.37612693008032,149.10277270973924,142.5179905250936,252.87001301612233
2023-10-09,316.3751135317569,138.6052740193117,155.3186176859825,149.45233624205113,143.72243367255072,255.21891222335805
2023-10-10,320.04394445996076,138.00432410919151,154.91469554394456,150.87391772077572,143.24064151201128,258.00866655577215
2023-10-11,327.0880378807975,139.69788878221377,157.7086918831842,153.61221428553014,144.37283694592597,262.80266679960846
2023-10-12,328.0593616101716,139.1683894478216,155.93579772938892,154.1948290627126,145.1035347734032,259.868585043355
2023-10-13,317.68890706183385,137.72698478242913,154.12925491271773,151.23513603783013,143.61003868195732,252.27673549531602
2023-10-16,322.11943484070036,139.79037889307546,156.0816546643602,154.45118098707226,143.50564086006818,257.45551837681995
2023-10-17,307.04598297385866,139.54662945926626,156.7773597701043,153.19273093475908,142.2449691724048,259.7402994843404
2023-10-18,294.872534291882,138.72713563563403,154.80250454529005,149.30086849037824,141.19310554648354,254.1045455734572
2023-10-19,294.2087202938729,139.23563473663933,154.56687753795427,149.61546766846254,140.88798375730332,250.76961463491924
2023-10-20,289.21917860262147,137.281512582749,152.1543824144626,145.8517811862615,138.81635694195222,247.43465901658928
2023-10-23,300.3163699322839,138.39514067962023,153.16423958988014,147.4714495556291,138.91268308735417,251.73163292856827
2023-10-24,305.12419404387515,138.90366598179008,155.75625758465995,149.80190866435902,139.26599899414492,250.5611691113646
2023-10-25,291.95848298137014,143.16493168013594,140.9447829415098,141.44721489316137,137.38707414145304,240.12351742319277
2023-10-26,281.8047060820305,137.79417766891777,137.20823538932478,139.326497459817,134.00658152082804,231.16085350618403
2023-10-27,283.02061675945396,138.60105563181915,137.08480801736397,148.84642078537956,135.07452640990456,237.87884097773437
2023-10-30,287.63985947334083,141.75291162078636,139.65437053897193,154.63762198296874,136.7366460321501,242.63268719992456
2023-10-31,284.97736575877536,142.0890856625459,139.22798428704175,155.08039712323284,137.12208721135994,241.51836990960777
2023-11-01,295.7740981273595,145.43425384356345,141.88733415445515,159.63644894799788,139.69155019651427,250.00004935958407
2023-11-02,304.0270781627963,146.3798145704283,143.05430191159127,160.88325310556453,142.5822162340041,249.21436818004796
2023-11-03,314.50233279675814,148.26249924917286,144.8608533649829,161.5008233469786,141.8435088198588,252.20464582277242
2023-11-06,319.7154693699783,149.83002322012706,146.15123985735937,162.82918432775494,143.9151480531737,253.16659007704536
2023-11-07,321.1410870485028,151.51102443474753,146.959135961758,166.2899175266182,145.9948341270482,255.58767767599284
2023-11-08,325.4667346193556,152.6330631054393,147.93534447429965,165.55581721777085,146.85399579031028,256.357242951328
2023-11-09,328.0943483869727,151.578256622983,146.14001212077346,163.83128245570848,146.46857944702808,256.9744845502034
2023-11-10,337.77294610093406,155.352049654875,148.77690651501507,167.28035197983323,149.8695865438944,263.56423582232327
2023-11-13,339.76454833974054,154.09548110480094,148.21588242797904,166.15007788969987,148.5831475812911,263.9009175453084
2023-11-14,347.00422051364194,155.60418346134023,149.93265517228573,169.89047258240782,150.7057749740775,269.6088598479034
2023-11-15,341.63738248966575,155.66734136848814,151.0547378932396,166.86086862906217,151.16403509316578,266.72282964674827
2023-11-16,345.7743418329612,158.4044984255393,153.6467731614603,166.4297393835446,152.53091762543696,267.90928596919275
2023-11-17,344.5025591425088,155.74315443811372,151.8290026082032,169.168018168307,152.514811526354,268.5906950273674
2023-11-20,352.26633857438367,158.93929039517053,152.88373618308256,170.27500046894727,153.92988817623575,272.54296628394894
2023-11-21,349.0168682334555,157.09910400532615,153.6916495609221,167.67652576111922,153.27862806335645,270.1459414822387
2023-11-22,340.4354131080363,159.11194296897318,155.3972118420838,170.95083574407798,153.8173317521126,273.76148165625096
2023-11-24,333.86655228750425,158.93507200767797,153.37748021780772,170.9857912083096,152.73993679256412,271.14801507836575
2023-11-27,337.12304669125575,159.43195089220532,153.06327632781156,172.13935708793602,152.5952054241666,268.31815608388956
2023-11-28,334.18100595930304,161.154258242739,153.94969749454785,171.32369995587894,153.08567774142074,271.75726042462077
2023-11-29,336.4102244982619,159.53304808562174,151.46990504530436,170.49639692907533,152.25752373383335,266.3139595320514
2023-11-30,326.8364268699247,159.55827980708344,148.70957464238148,170.22838132997717,152.72384311144503,262.26553580568907
2023-12-01,326.80149350805,157.70546445592595,147.95778267403057,171.32369995587894,153.76104112208722,260.3976457452779
2023-12-04,318.0313768625368,155.444172949433,145.05159533613642,168.771844387021,152.3057675232992,256.54967128984987
2023-12-05,325.43946629942127,156.86747261012138,146.98159143492978,171.148922634721,155.513811880266,255.1627410166791
2023-12-06,318.0104115039193,155.3009966857492,145.8931401034109,168.39898017522003,154.6294044965447,254.48935289091682
2023-12-07,325.64914659305913,156.20635172561197,153.6467731614603,171.148922634721,156.19724693741966,261.8166103885142
2023-12-08,332.00894139160704,157.58755921545065,151.46990504530436,171.77813877088158,157.35501095885306,266.7548640168138
2023-12-11,325.865797534594,156.35373327620604,149.56234714624188,169.99533897510258,155.32084914036645,260.76641119791265
2023-12-12,333.0642066778407,157.65073022318086,148.69838145267738,171.84804969934478,156.55099747294437,267.9333240866379
2023-12-13,336.0764079156381,157.64649873510604,148.75446831528416,173.43276260448079,159.16407234705724,268.3501904539551
2023-12-14,337.90744488564434,154.0924548702954,148.04755274639504,171.77813877088158,159.2846631937761,267.0915950993831
2023-12-15,341.6813963890308,156.11371750834525,148.78813425160095,174.74947769051062,158.85050634247503,268.4945178777946
2023-12-18,349.97708165813555,156.92221994344874,152.37883350553514,179.52692597540369,157.49972990928677,276.2706761127748
2023-12-19,346.67136539969357,157.17908306011523,153.33255199802323,179.20064534258887,158.34396518002941,280.87222333829726
2023-12-20,336.23710672175434,156.0673938494207,155.2288994339407,177.25471412039846,156.64748505187603,280.0064068740131
2023-12-21,342.38027728623064,157.29700140117276,157.56280040133112,179.25891037630552,156.52686936922953,283.86245162143763
2023-12-22,341.26206250921825,157.73495386662702,158.7634600049454,178.7695160970713,155.6585308306997,283.3013071898651
2023-12-26,344.4000558987205,157.76863546365612,158.79712594126218,178.75787020232474,155.21633955680286,284.45570446245193
2023-12-27,345.36451581005036,157.52018292081019,157.50671353872434,178.67629559912305,155.29669620072397,286.86067615719844
2023-12-28,346.0982766541985,158.02970386723294,157.34959432028535,178.72291473809315,155.64246198550825,287.25350440707047
2023-12-29,346.0982766541985,158.3497641927942,156.74369383378752,177.0449813350089,154.79822671476558,283.75822885966033
2024-01-02,336.6355019504127,156.1726439274183,155.03813155262583,174.70285855154052,149.25853579788523,277.60943143188695
2024-01-03,332.44921392257385,156.0589701750179,155.87971086678212,173.0016333589632,148.14093147146664,276.15041148617263
2024-01-04,335.44742044965085,154.938831088756,153.04083812808068,168.45724520893668,146.25953544397325,278.2747986252369
2024-01-05,343.12803284109924,154.85883893338465,152.30025662287474,169.23794687676218,145.67260038371506,282.14688523748623
2024-01-08,365.18468511266576,157.78127752555153,155.78994079441765,173.73573366781054,149.1942107452641,287.5261173899244
2024-01-09,371.38370098270775,158.24448791363207,158.15750769812487,176.38079195462475,148.85652905493086,286.54003629903815
2024-01-10,379.840111765392,161.1837345528578,159.64991571856348,179.1307344141257,149.70075190770967,296.99377921161886
2024-01-11,383.1388039610106,161.96697906533504,159.4254819009318,180.8203137119565,149.2183264310151,296.3524748155062
2024-01-12,382.3560883368041,163.58401013670652,160.06508287062823,180.16778800631084,149.48364864613148,300.21646645596707
2024-01-16,394.04135129882064,164.34197052539298,159.88552545245835,178.46656281373353,147.64246198550822,294.58078658445993
2024-01-17,391.7420523764067,164.00510215277285,158.74100453177357,176.77698351590274,146.87862061257815,295.31027187752505
2024-01-18,399.10818438859303,165.8579306045126,160.9963804368263,178.86273659501953,151.66254183301564,301.53120833742605
2024-01-19,415.7694483580151,167.87920634314472,164.25042032759254,181.00675470785293,154.01832891460788,307.39937184993306
2024-01-22,416.9086552011082,166.96964601637168,163.8128149757969,180.3542290022073,155.89169051950552,306.0606165308209
2024-01-23,418.43920650257286,167.97605894790405,164.99098455935754,181.79912005041695,156.9288761121839,308.8023439879286
2024-01-24,428.8454757590712,169.51726384906766,166.85364878551732,182.78955450363196,156.38216283675965,313.2115122345133
2024-01-25,430.6275846564823,170.4900082841532,170.41066482969381,183.81496220107053,156.1168033677518,315.1996422417346
2024-01-26,426.53218212593674,170.09416109013088,170.76972784571086,185.4113210009531,154.70977355842962,315.9692815564459
2024-01-29,436.5540775719604,172.5323366585013,172.25087358268178,187.9049115360944,154.15501344244583,321.4846968013509
2024-01-30,438.7135629244859,172.05648420852538,169.95058673128545,185.27149914402673,151.18817561484443,320.7151068462237
2024-01-31,429.99859719049505,167.4202012419745,157.20375465875497,180.84362328144155,148.26154715411315,312.76258681733844
2024-02-01,440.4817839410294,170.03100318298297,158.39316925234243,185.59776199684956,150.23946801442966,316.482325073336
2024-02-02,462.37765728409005,173.16398123289187,159.762106717218,200.198086890643,149.42737043406993,380.7840671211368
2024-02-05,484.54602687425125,170.81845298237047,161.2207969810171,198.45024255909559,150.8987252960132,368.29409328665236
2024-02-06,476.7955210515903,170.75107668773,161.69210281601133,197.09857200883417,152.2012455217718,364.53427504838476
2024-02-07,489.9063215697418,174.35568880012224,163.30787775136764,198.70659448345523,152.28966142421626,376.45503415930017
2024-02-08,486.70548551931364,174.38094672274852,163.7230449034324,197.9025832461447,151.41331329901837,376.78374430945695
2024-02-09,504.12163593628054,177.09281965600886,167.1903081486853,203.2742922029668,152.03319321730814,375.2686025166478
2024-02-12,504.92531691910455,174.865209746545,165.54083273013038,200.81565713205705,150.66460942399274,375.90191066014
2024-02-13,504.0867025744058,171.1006002228278,162.8590446629861,196.50431133690515,148.96595615216972,368.8632586506373
2024-02-14,516.4708998485486,172.75433912573394,163.7567108397492,199.23094422692108,148.24945205734616,379.413228072375
2024-02-15,507.79076064657966,171.51825988633803,160.19972934245453,197.85598188716656,148.01599433740847,388.0311646541942
2024-02-16,507.47614673000163,170.46355820853992,157.6750259468674,197.51805535960523,146.76817524230552,379.44528712223257
2024-02-20,485.3846946338764,169.927783695238,158.34825830599883,194.68655607689456,146.1643890051348,378.1866917676605
2024-02-21,471.54686355230496,169.67043585702731,159.95282277821013,196.44604630318852,146.7762345008289,375.6025694625087
2024-02-22,548.8847864741655,173.6655894276205,161.68082325910274,203.42577773463168,148.42658189336694,390.1281078645119
2024-02-23,550.8345915330532,173.11295446493062,161.53498359757234,203.90352611911936,146.93725823776674,388.4428482651834
2024-02-26,552.756567415279,171.93170116235572,154.3648819200535,203.6005550557896,145.84239120311443,386.60511691064283
2024-02-27,550.0238597799425,171.90639083740035,155.83483446732035,202.21392904129664,147.02579831984949,390.8664285231267
2024-02-28,542.7695786236669,172.00763213722178,153.02961039149477,201.77115390103245,146.05167114748195,388.4347779731869
2024-02-29,552.8963542777043,174.50514024271578,155.363545905767,205.9659696287511,145.51228447071534,393.33820841492064
2024-03-01,575.0296836761381,175.28982581924328,153.88240016879607,207.66721260132041,144.63481872877304,403.1048412373658
2024-03-04,595.7024887416358,175.04515934467483,149.62971356575727,206.92146639772653,140.9637830085001,399.8064857506285
2024-03-05,600.811626453128,169.86872627034217,148.86667658737954,202.88976431642732,136.95466822305147,393.4103968066323
2024-03-06,619.933742789903,169.63247036959427,147.44161771301543,202.17897357706502,136.14957437428984,398.12125083109197
2024-03-07,647.6736096945955,172.6066824629121,150.78544494958703,206.03589833720628,136.0530122875752,411.04176363768283
2024-03-08,611.7425104094007,171.37480851042645,151.9411763334168,204.32300946989042,137.4457117666416,406.0340363947957
2024-03-11,599.4836779675513,170.65761713377995,154.4771074655898,200.37288199179292,139.07193105546483,388.0897298007008
2024-03-12,642.3897517588033,175.19703439498923,155.40840503178788,204.3696108288686,139.45834083585316,401.0584422411423
2024-03-13,635.2259020729465,175.12110342012318,156.85588483244203,205.7329272738765,137.7677468225535,397.703915547726
2024-03-14,614.6500985138165,179.39049147947955,160.5700200950575,208.28478284273447,139.27317657723663,394.7024579592083
2024-03-15,613.9022361290951,175.6779567703056,158.41560745207332,203.2393367387352,138.96727245633534,388.4990194718623
2024-03-18,618.2214204938517,176.0576378458005,165.70912786483257,203.30924766719835,139.85282229272866,398.8354840126775
2024-03-19,624.8121814342135,177.78314173840928,164.97979136965344,204.96387150079758,141.7527335042873,398.24156481727823
2024-03-20,631.6194330713308,179.39469676638984,166.89854245842002,207.5856379981187,143.83780897446246,405.6889141829335
2024-03-21,639.0489151862441,181.14126639529684,165.61939233934987,207.5856379981187,137.96095792172957,407.4866149147881
2024-03-22,658.9959182316294,180.87550798326558,169.17640838352634,208.42460469966082,138.69355569767225,408.94716500760876
2024-03-25,663.9791569615641,178.39483412599498,168.39093320541772,209.40341103812128,137.5423359431754,403.6826445285642
2024-03-26,646.9186965395874,177.88436993764842,169.06416556454917,207.76043309926862,136.62458632658004,397.96068410409146
2024-03-27,630.7669308457646,177.79153921164757,169.28856483529904,209.54323289504765,139.52274039625723,396.3315957114419
2024-03-28,631.5078492900521,177.49202059909354,169.35589670793263,210.18411270594677,138.04949800381232,389.68675914349274
2024-04-01,631.5566705327944,179.11625699071635,174.47260082485863,210.871593875824,136.88218456819635,394.31728044486806
2024-04-02,625.1895578893278,177.79579690088696,173.42906043968333,210.54533102300118,135.92417591287557,399.1484237757219
2024-04-03,621.7789080079458,177.37811103621218,173.8329998551622,212.54952727890824,136.57626802933123,406.667986212881
2024-04-04,600.3991563913597,176.2938937465484,168.90706361955108,209.74131978569065,135.90809464972028,410.02256226588133
2024-04-05,615.0973951076068,179.5170038025095,171.11756312514203,215.64904216071707,136.51994014541435,423.19989298842177
2024-04-08,608.9818133526232,179.12469376570147,173.7544920662654,215.78886401764345,135.61023736937855,416.7075281756846
2024-04-09,596.5482072715475,179.8376667548554,175.71811955449377,216.34816922534088,136.59236171045032,414.82154782770937
2024-04-10,608.3249165875848,178.56362202802646,175.20195459347863,216.67443207816368,135.0708382746481,417.17303841310917
2024-04-11,633.3248648418748,180.53376619403915,178.8711616363096,220.2866508086918,140.91548954717894,419.84541565458954
2024-04-12,616.3413219139343,177.9898427255447,176.98607648385982,216.88418264354522,142.13109644411605,410.8090085189706
2024-04-15,601.0700478671187,174.50514024271578,173.76570252941042,213.95944508289432,139.02361275821605,401.44366911506654
2024-04-16,610.9527173074443,174.90169486818098,173.24950302151348,213.6098904405784,136.35892882644032,401.06646317355467
2024-04-17,587.3296456113262,173.7457518905614,174.45016262512775,211.2328121928784,135.24794327474123,396.580368015187
2024-04-18,591.7745687128612,170.55215744646594,175.05608038506645,208.83244215568536,134.47508646007313,402.70357249861667
2024-04-19,532.5698915950745,168.37949137906358,172.9016850155232,203.48404276834833,132.8328107440223,386.0673936017145
2024-04-22,555.7597682379758,169.15575328118823,175.35902199159491,206.513628941702,133.50904338215662,386.59704661864635
2024-04-23,576.0631022574684,171.94434322425113,177.58074923377177,209.20530636748632,134.36238102038408,398.12924708371236
2024-04-24,556.8710657820176,172.5729353629716,178.55699229319524,205.7678827381081,136.06910596869432,396.0426693860507
2024-04-25,577.5238936650364,168.3457442791231,175.04486992192145,202.36541457296147,136.76949154647113,354.2154565588769
2024-04-26,613.1893071062484,171.4170185865166,192.94208932113563,209.29852686543455,136.2945044301086,355.74824440299335
2024-04-29,613.3431955092469,169.69996456947524,186.4339922661623,210.85994798107745,139.67570487467168,347.1853684372114
2024-04-30,603.8728358859103,164.2492970063794,182.65255967779507,203.91517201386588,137.12371396462123,345.2192528044882
2024-05-01,580.3823934520778,166.61604820018633,183.86442974455431,208.5760902313257,136.2945044301086,352.4579345284605
2024-05-02,599.7841369286297,167.83947227710456,186.96138496376332,215.24120470469254,139.29735435280676,354.4561832504175
2024-05-03,620.5557596079932,171.56044376126363,187.65707279606656,216.97740314149345,147.62957213905636,362.706094773363
2024-05-06,643.9762284882233,174.46296946837248,188.62207084546324,219.8788133526673,146.28516612131108,373.71661379432555
2024-05-07,632.891562958805,172.69107641392782,192.15659686958614,219.94872428113047,146.84060922530534,375.77105840275345
2024-05-08,631.8991670409606,173.19733531536409,190.05832290953148,219.06315622061024,147.11433840193223,379.2700605987614
2024-05-09,620.2622445873486,173.9482737919511,190.70913434237292,220.81100055215765,148.58758079437715,381.5331728488723
2024-05-10,628.1669058876403,174.9692021686442,189.23921634198788,218.4572318739427,147.5637817667037,382.15912641433715
2024-05-13,631.8082548362041,174.53890044323853,189.789012692438,217.39688649226449,150.1676176757297,375.5865029178918
2024-05-14,638.4968185068299,175.73704039636598,191.13552923102355,217.97950126944698,151.0946807651949,378.6681451507417
2024-05-15,661.3791854183661,178.80959856082242,193.57046255424618,216.7210512171338,152.940747685602,386.4445501836423
2024-05-16,659.4851455426545,177.9263049015108,195.44431997011006,213.97110875763286,153.03745878788254,379.775650818456
2024-05-17,646.3456077940924,177.5966156479774,197.5538389401915,215.2178951352075,153.0616489814165,378.7163447845923
2024-05-20,662.4275067641659,179.76477511507716,198.51881971614728,213.86622458494608,154.00484300589233,376.2525611454188
2024-05-21,666.6629365243055,181.32852611833613,199.56239464820436,213.41178576994344,155.06090390358693,372.87402101434935
2024-05-22,663.6156149723909,181.9540265196397,197.91290195620854,213.38849398045036,153.89197613267353,375.40189807344603
2024-05-23,725.4623545953896,180.4663243964873,194.73742167466182,210.96481437377227,150.65129736677076,373.79689715782575
2024-05-24,744.1231796276539,181.80186325651525,196.35319661001813,210.61524195146438,153.15032566110133,383.78024323415843
2024-05-28,796.0662577442463,181.86950156280122,197.93534015593943,212.2465562155785,153.15840975555238,385.1445174582381
2024-05-29,802.5242291775431,181.3834699603976,197.37428152202162,212.0950884639056,153.40023718310908,380.68246041731555
2024-05-30,772.2962415855634,175.25522718145493,193.12161219242373,208.94897222311863,154.2063617228683,374.8160491700433
2024-05-31,766.236692088388,175.44963982241637,193.55921754421936,205.59310541695015,154.98026164649784,374.63951461759405
2024-06-03,803.7472707476427,174.76918247846902,194.31100951257028,207.8070344582468,156.41521945646573,383.19436965096355
2024-06-04,813.7906657015479,175.84692808048894,195.0066973448735,208.9722640126117,156.67317781903301,382.79310091221447
2024-06-05,855.7462742921905,179.2026422302379,196.82451971845327,211.2328121928784,157.89849556368242,397.2946258765645
2024-06-06,845.6679459764106,179.41819921099122,198.3056309085424,215.56746755751539,156.77796059780079,396.2513617075257
2024-06-07,844.8991449405348,179.13503012511646,195.7584893132244,214.7518104254583,158.72077587437988,395.6093415974439
2024-06-10,851.203334800686,180.83401843920055,196.60101866663027,217.96783759470847,155.6816158254531,403.3455679289064
2024-06-11,845.1223125030923,182.8669274948929,198.40963429620965,218.16592448535147,166.99174826303732,407.2538844758679
2024-06-12,875.1079565739319,186.40863061120046,199.7240049612777,217.76975070406544,171.76410835915235,408.35329517179355
2024-06-13,905.9326423088816,186.62839287886408,196.76953835606417,214.20415111250742,172.7072651297367,404.5494235047378
2024-06-14,921.7990120508748,187.04681237614628,198.6006094588153,214.00606422186442,171.29654718515806,404.999237394426
2024-06-17,915.5084429969593,189.49808852679172,199.10615125367613,214.47214893161362,174.66619892336251,406.9834186349212
2024-06-18,947.6609169727064,188.64017069534682,196.69089237964016,213.01561198865744,172.74757384031741,401.2477115662833
2024-06-20,914.110467542854,188.36966987253197,198.05019126449275,216.8492271793136,169.03127464189697,403.0231264459273
2024-06-21,884.6839175067888,190.09402091390055,201.79101399330085,220.32160627292342,167.26583756061518,397.46417604786694
2024-06-24,825.5511368799553,189.2022904796038,201.33043496510635,216.23165693789957,167.78981354427313,400.7818311319782
2024-06-25,881.3287657339508,190.58851549245384,206.7338263806726,217.12887089316632,168.53954811029635,410.17261540147354
2024-06-26,883.495702468711,191.09992292272418,206.56532396467958,225.60009473179727,171.90919984850083,412.19697534340696
2024-06-27,866.6505042001825,191.39154188416637,208.28411770157177,230.54067444310178,172.59442309244554,417.3702299514943
2024-06-28,863.5051662582985,188.89795085277257,204.62187185542408,225.18061138102618,169.7890436305159,405.04743702827665
2024-07-01,868.81733410509,193.03136796869643,205.56553720530752,229.78326456476935,174.7306854095134,405.4169428746726
2024-07-02,857.4241439607048,194.10910047013405,208.0931252655252,233.0459108729896,177.56830190553654,409.2889307677538
2024-07-03,896.6363085158015,194.7388061583479,208.74467945632537,230.237703379772,178.60014777376955,409.65843661414976
2024-07-05,879.5115365224225,197.6085280074401,214.1143876621339,233.0459108729896,182.4615632974661,433.7177786805097
2024-07-08,896.0770008213213,197.0506528118402,212.35070025233904,232.21859006619403,183.65465642598585,425.21055564577387
2024-07-09,918.3042870753171,194.21896195309245,212.29450974908687,232.27685509991068,184.34792651049008,425.75691688191563
2024-07-10,942.9778167142917,197.05488429991505,214.7659073060523,232.80120484337647,187.8143266048666,429.5244845748832
2024-07-11,890.485366079532,192.17343703666924,208.46384785415069,227.27802813488148,183.45313770900987,411.8595285468687
2024-07-12,903.346398401772,191.6873661325188,207.90213282947855,226.62550242923584,185.84734597068118,400.7496980427444
2024-07-15,897.7544965853507,191.8606606348529,209.54224604306492,224.56304113961215,188.95901451039072,398.57271826684683
2024-07-16,883.2160753289342,189.98415943094216,206.61026945790502,224.91261356192004,189.29762754801095,393.4556101856463
2024-07-17,824.7124157054038,187.4483190217114,203.35248123046318,218.98158161740855,184.5091737707768,371.12343400549565
2024-07-18,846.3803942649195,186.1170247503406,199.61165850165509,214.1109306145592,180.72029157379063,382.2574260260253
2024-07-19,824.2931085330545,184.7392103113111,199.5779407450156,213.38849398045036,180.82509918848606,383.01252894322613
2024-07-22,863.5051662582985,187.20318092618103,204.0826813976874,212.71265870531968,180.54295063238482,391.5356704438266
2024-07-23,856.864889681151,188.0104388059684,204.21746605704087,217.21044549636807,181.3893963006886,392.5719502317186
2024-07-24,798.5709904736482,181.26936388878207,193.92741821047326,210.70846244941256,176.1736652241132,370.5450630790805
2024-07-25,784.8013702531073,176.8316595483561,187.9173490035686,209.5665424645327,175.3272071378456,364.23103444361135
2024-07-26,790.2532715473977,179.73518089971785,187.60281691819532,212.654393671603,175.70612888604654,374.1037410122367
2024-07-29,779.9784297173409,180.35224452603634,190.44495433722716,213.4700508036601,175.93182537859266,374.11178662444115
2024-07-30,725.0395754528233,178.74199955628328,191.29869415377803,211.7338701468512,176.3832680355402,372.0874513622999
2024-07-31,817.9324056807575,176.8105283091465,192.70290398497417,217.8746170967602,179.02740023718312,381.4380322505651
2024-08-01,763.3429384499135,176.2864395152339,191.8267086952515,214.48381260635213,176.0285737347647,399.84195061178735
2024-08-02,749.7829718155473,172.64331169095308,187.22090113986573,195.642035065878,177.2377853803312,392.1301325946507
2024-08-05,702.1134083016276,167.00533200248884,178.89672632884367,187.62526782224168,168.70075811669162,382.1610267583241
2024-08-06,728.6742475355856,168.890283081967,177.81827631960667,188.68561320391987,167.05625958511584,396.909892598481
2024-08-07,691.3493391605457,168.39158321650342,178.54847648683085,189.66441954238033,169.1441539330796,392.7567525145006
2024-08-08,733.7067882426002,170.19200933914308,182.01966080316836,193.19506366970677,171.95755539964114,409.39335096786743
2024-08-09,732.1690793409961,171.5993917923673,183.86201146282812,194.52342465048312,174.31955146314658,415.93233590776475
2024-08-12,762.0150967941897,171.933286332811,182.31173741536986,194.36029322407174,175.56244062661045,414.4703050274218
2024-08-13,811.7815166594145,174.9762764830727,184.4124814774734,198.35702206114735,178.5808999298385,424.5840838046762
2024-08-14,825.341536708707,176.1807833191858,180.1548719437777,198.20555430947445,178.9440756999075,423.15413665398285
2024-08-15,858.7522526910608,178.26392000732062,181.199638743257,206.93311229247306,181.3653054508652,431.64526846430977
2024-08-16,870.77440359397,177.18001713163144,183.06444487608854,206.315542051059,182.4387142440254,423.68435730613163
2024-08-19,908.6584060037843,178.4756254168851,187.23209432956983,207.66721260132041,182.3095674202301,425.1785706352924
2024-08-20,889.4368310740266,179.8601342534571,187.8050370908278,208.43626837439933,182.80997410854542,423.1300491769536
2024-08-21,898.1740174174057,179.5806988335307,186.31095354662176,209.86949574787047,182.72118566718615,429.9019866738995
2024-08-22,864.9031417124038,175.94367588059004,184.0080411322084,205.23188709989574,181.21196843353596,427.30730141775535
2024-08-23,904.2549863000729,176.4687079164264,186.05259469105977,206.2922324815739,183.07628976076793,424.1502624202288
2024-08-26,883.9150096410604,175.07149151504763,186.65918611519362,204.49778679104838,183.3507019254053,418.62342043161004
2024-08-27,896.7761487931531,175.21968530174277,184.9966347018764,201.72453476206238,184.03670750107105,417.00072410509836
2024-08-28,877.9738276208184,173.84785782881298,182.94083613299824,199.0212114415315,182.793830755571,415.1371036487098
2024-08-29,821.916571627046,174.91484785278507,181.73886374787546,200.5593052076974,185.45716112928963,416.2937961419562
2024-08-30,834.3581899470838,176.6169279042861,183.53625164086893,207.9934754541432,184.81956077661945,418.7760896251584
2024-09-03,754.8855394910906,173.35671699932212,176.7735267935683,205.37170895682212,179.79151480531738,411.10445030945993
2024-09-04,742.374001032377,173.1280856374583,175.75128456102442,201.96924079167547,178.24192677126732,411.8916863158944
2024-09-05,749.3637180581244,172.91214873981897,176.6387248607739,207.28268471478094,179.4767566762078,415.20132046759323
2024-09-06,718.7488995690551,170.07960634322333,169.5390297283691,199.70869261140876,178.2177117418057,401.87435616592524
2024-09-09,744.1912836588316,171.78167329414208,167.27807450190522,204.38125672361508,178.29035683019055,405.5053212099613
2024-09-10,755.584473803217,175.37211057651274,167.22183217833032,209.2169700422248,177.64467238306935,405.5053212099613
2024-09-11,817.163604644882,179.1149731336534,170.03396563051643,215.00816234981795,179.70273878192194,411.1606461959309
2024-09-12,832.8218164186401,180.79162495495856,174.00474967804465,217.8979266662453,179.79151480531738,422.22232642578865
2024-09-13,832.5421892788631,182.31160691283665,177.1206020415998,217.30366599431625,179.57359195812663,421.43504105977
2024-09-16,816.3246698106248,182.62916502718338,177.79550992449867,215.43929159533553,174.58589195129676,428.80047819565056
2024-09-17,808.0063099052574,184.24231832620148,179.21288211766168,217.75810480931895,174.96522349230398,431.2448141586979
2024-09-18,792.4878849939244,182.4047520528121,179.7640257965021,217.23373728586114,178.11280478339967,432.5555085542627
2024-09-19,823.9441488187923,185.7411428437054,182.38492498446902,221.24212979767526,184.71465381821343,449.56185965194584
2024-09-20,810.872341196923,184.29312238426405,184.01600418846397,223.25798972832084,184.17391358338972,451.3710364870981
2024-09-23,812.6898374830834,183.54796126446033,182.0587505999282,225.91471168987357,182.77767498463277,453.83146367455447
2024-09-24,844.9150091736797,181.71039499107098,182.55365195519374,226.0079321878218,183.50402652477072,452.96317923106653
2024-09-25,863.3693855153542,182.9551730170975,181.65379205143617,224.3416446794841,182.69695821976072,456.9673767700964
2024-09-26,867.0741913964978,182.61648366354115,183.04860513078197,222.7452858796015,183.62511409004264,456.58947979440745
2024-09-27,848.6198684697499,181.22347254907265,184.4209281900742,219.02820075637862,183.84299968334193,456.20348784693
2024-09-30,848.8994956095266,182.18884135633735,186.55818830624324,217.1172249984198,188.04785883258722,460.28819086758847
2024-10-01,817.8625923719345,178.1199577087003,187.84055128532106,215.71895308918027,182.5678486498569,463.5287462813723
2024-10-02,830.7946131313786,176.61265711446444,186.56945058971095,215.2878060636707,183.0278597018447,460.58577979998506
2024-10-03,858.7557246612777,176.36285521164416,186.56945058971095,212.02517753544242,182.1320153734392,468.5945203951333
2024-10-04,873.225614567105,176.15962587881162,187.91926635550865,217.32695778380932,183.0440030548191,479.18417492246846
2024-10-07,892.7983926380344,173.399058081235,183.3298512955383,210.673506985181,178.91987308840967,470.2106025373788
2024-10-08,928.9381306258018,175.58803437356977,184.9046363556356,212.91074559596268,182.21271972034745,476.7317439876325
2024-10-09,927.2605814468461,176.7523879250099,182.06996106307318,215.76555444815838,185.25539405303712,474.81797419382224
2024-10-10,942.3595923559768,176.06649383941843,182.3174721977491,217.49008921022076,184.85184748256827,469.44676297379647
2024-10-11,942.2897256322275,176.269723172251,183.62230792343962,220.01865298958566,183.64931670154044,474.3677654274614
2024-10-14,965.1478955820983,177.46369714021495,185.55705421848089,218.52714280240585,186.67583526329187,474.74566240315033
2024-10-15,919.9207295784554,177.29431971198107,186.11949472767083,218.70193790355583,188.73386440825297,471.40875708124935
2024-10-16,948.7206691127587,176.18504100842517,185.7820580596623,217.76975070406544,187.0632384807863,463.7859590739945
2024-10-17,957.1788158805514,176.4390743993203,183.2735916985225,218.51549690765935,187.36182842099382,463.89854828527274
2024-10-18,964.6585080262937,177.04874929723564,183.82476992424472,220.21673988022866,189.6620078605711,463.5287462813723
2024-10-21,1004.5729186189543,177.31127186544498,184.55593740415938,220.3099603781769,190.85647938307554,462.4753140380138
2024-10-22,1003.7341974444029,181.00754875201562,185.7595507661678,221.04404290703226,190.35607269476026,467.98330066551523
2024-10-23,975.5633789134029,179.77546519021357,183.10486472779778,215.22955880994604,186.2400019868742,453.2525251129224
2024-10-24,981.5050416679826,179.83051383693325,183.03736012075518,217.17549003213645,186.08667738750876,456.5412554807648
2024-10-25,989.4040409860743,181.27850809521004,185.9057531699571,218.86506932996724,186.76462370465114,460.9395399390607
2024-10-28,982.2741097784902,180.61801603864987,187.53681510051112,219.51759503561289,188.37067622022016,464.8876649905797
2024-10-29,987.3768376988128,182.88745610731786,190.86637447489818,222.36075799306207,188.58858664944708,477.0453254252699
2024-10-30,974.0253495222403,183.13301342148102,196.24325115868083,224.5746870343587,185.70735826446537,475.8553152127719
2024-10-31,928.0293290677953,172.04842735042624,192.47494638539862,217.19878182162952,182.32572319116835,456.38049131542795
2024-11-01,946.4837588243963,173.75049430134496,192.67740838620372,230.63387716105802,179.90450585817445,456.0427236815932
2024-11-04,951.0273392950177,172.94178225692508,190.37145584619174,228.12864073117018,179.17812948210883,450.8322766269043
2024-11-05,978.0098893730136,174.21197541256518,190.93391362882258,232.46329609580712,180.34031429866445,460.28024397455215
2024-11-06,1017.8545400717777,177.90402081106097,198.5492036986928,241.30738414623903,179.75115642288134,459.97456007036703
2024-11-07,1040.7128168515012,180.12684900799442,203.31862528629648,244.75647145035575,183.59281496613,475.7748097311433
2024-11-08,1031.9746690394468,178.90325462350663,200.61895920781927,242.5774800932987,183.3746810135542,473.877180521326
2024-11-11,1015.4079227823141,176.98526387553085,202.86870397113813,241.01607675764777,181.1689277709134,468.9160980853911
2024-11-12,1036.5883298935235,179.11071544441398,204.29725208056436,243.42811046957937,181.1689277709134,470.24283434578064
2024-11-13,1022.4680940960016,180.02949858110867,201.21515202053052,249.47565470153216,181.88802722017672,466.3671691636858
2024-11-14,1025.8930591776625,180.74505238497082,197.50307229738235,246.42274117870144,184.39270568804832,464.08349864680696
2024-11-15,992.4796724489883,175.71082613123363,194.02727597232413,236.0871607210818,181.79104292269196,445.52538094493
2024-11-18,979.6874385519693,176.0326157336552,197.1881256494274,235.02679755941162,184.23112314273828,445.78264309713626
2024-11-19,1027.6407955699262,176.89210563497312,200.36023760999834,238.4176198298117,184.44116058289924,451.16199864853456
2024-11-20,1019.8117698054368,175.91828695214102,197.95301088598157,236.4017776791581,185.02290493427793,454.72398367382397
2024-11-21,1025.2642586639179,175.15888549940433,188.560456481768,231.15824468451584,184.63510434194106,452.7700845381596
2024-11-22,992.2700722777399,176.91102287577826,185.33208492418126,229.69004406682112,185.72582377667536,449.59394338159547
2024-11-25,950.8177391237695,177.67043742909718,188.58291195493982,234.73549017082038,188.14971097189195,454.3944097309458
2024-11-26,957.108949156802,181.5734939062969,190.23649845242926,242.2046158814978,189.91914663752584,461.1728133334057
2024-11-27,946.0642379923412,179.45226072490632,190.36021083616495,239.73433491584154,189.81411549948155,457.6830413796201
2024-11-29,966.4061375887046,179.65163848654998,190.04524691476914,242.23957134572936,191.75321780487653,461.7999268490964
2024-12-02,969.0623550494164,182.8420101874058,192.90241222738516,245.5255272234347,193.5792048777762,476.68351967398985
2024-12-03,980.4565066624772,182.9353518361154,192.73365070977863,248.70659892845325,196.0515593858075,493.4245630072623
2024-12-04,1014.568881118204,185.5741497214456,196.14197697467603,254.20648384745513,196.34243777047877,493.5290078871679
2024-12-05,1014.0797072221053,187.7802222736493,194.19598566960795,256.9913817711877,196.36667763586803,489.6292058684597
2024-12-06,995.763942614475,188.18327478792287,196.52448004999624,264.5420643050748,196.20505783666653,501.5617372401773
2024-12-09,970.3873657140404,189.22267498562374,197.4929500610141,263.44674567917303,199.36420025208466,493.3601981096267
2024-12-10,944.2420411926564,188.08143086131676,208.5292105545215,262.2232510910914,200.18833083939228,497.9835622713109
2024-12-11,973.882731668715,190.4827020894184,220.04974923714008,268.3057507872758,199.1541379759961,508.7261327901147
2024-12-12,960.1109748511176,190.72451263705094,216.1757828258641,266.8026124853415,200.3418541261789,507.20640055598636
2024-12-13,938.5096581197665,189.75297345553471,213.76580962474398,265.04312225904755,200.47918438813585,498.8118160921129
2024-12-16,922.7803510789515,191.58573181522914,221.46867603998422,271.4169115638312,202.83035198718466,502.34453088404496
2024-12-17,911.5252919342727,192.80332613303497,220.07225653063455,269.342804379461,204.80176583445612,498.4818472725621
2024-12-18,901.1788206878947,185.56142905605654,212.16666901297572,256.9564263069561,200.41456130438294,480.5765594296796
2024-12-19,913.5524952215342,185.40868936731195,212.29055413112044,260.18409937095277,201.82039898917776,479.2729728142219
2024-12-20,941.6553699661357,185.2262506585499,215.55637450858137,262.08342923416507,205.61783716324035,470.96817343378336
2024-12-23,976.3994293416337,184.65353250323238,219.18262250389066,262.2465606605765,206.24803640946996,482.717185871905
2024-12-24,980.2445562344667,186.3844731374853,220.8493022695833,266.8958329832897,208.61535977945698,489.0746015817772
2024-12-26,978.2171392874997,185.86688223238116,220.27497763305323,264.56537387455984,209.27785814959924,485.5337424584725
2024-12-27,957.8038773494471,182.65106920074723,217.07669640951667,260.7201127891571,206.50656599837322,482.68495406350314
2024-12-30,961.1596166864759,180.23287202034626,215.36495023651224,257.86530393696137,203.7675729710599,475.78843297634836
2024-12-31,938.789231844617,178.82014452955383,213.1802227047462,255.63971122092627,202.32943616235244,471.17735935109914
2025-01-02,966.8919997593658,177.5813403690447,213.32661511638543,256.6068538846482,197.02112916545073,482.2263048082652
2025-01-03,1009.9552202641275,179.60498731306862,215.98434128035407,261.23281663787645,196.62520722477134,486.56372889939485
2025-01-06,1044.629412915876,181.51409586626193,221.70516671936505,265.21789958020554,197.950266054875,507.1407523091647
2025-01-07,979.6850882952072,179.18924033457054,220.15109251490847,258.8091370311983,195.69608275331095,497.23453058295155
2025-01-08,979.4753812941062,180.11834673009795,218.4168045015278,258.83244660068334,196.09196744009884,491.4645432831724
2025-01-10,950.1142645428981,177.73831154586412,216.26584654672394,255.11536147746043,191.36539237661202,495.6008764287748
2025-01-13,931.3789791032128,176.9916438590988,215.10593499019603,254.55605626976302,189.38588201692568,489.5412964492196
2025-01-14,921.1025882402901,176.3467807971927,213.5856130892608,253.74038135771397,188.4809849928907,478.2107052053137
2025-01-15,952.4212552147156,180.86076982820617,220.2186662157147,260.25402807940793,192.18951054595578,496.61487036445635
2025-01-16,933.7558364987798,180.12680970624763,217.2455961146504,257.1195577333675,184.4250172299248,491.9313862293671
2025-01-17,962.6976460776385,182.0147215173199,220.72541715143862,263.27196835801504,185.81471156174524,493.11428866175805
2025-01-21,984.5087766399434,181.78987622373356,223.0340470747903,268.83011831073367,179.88428941306495,496.08381059937835
2025-01-22,1028.1311445944061,189.2990382797049,223.39437105199315,273.84059117050936,180.8457502623295,501.7491062213313
2025-01-23,1029.179893259617,189.51540749655928,222.95519381707547,274.318339554997,180.70839516444488,512.1703952073818
2025-01-24,997.0221846210816,188.39116792804532,225.46652756940492,273.6541679546048,179.99740464556027,521.054528026125
2025-01-27,827.8457887037712,184.36081309287914,216.00684857384857,274.318339554997,185.71776451815197,531.025114649974
2025-01-28,901.7382886271542,189.7232875360995,219.93710912902213,277.49941126001556,192.5046163780525,542.6534922646127
2025-01-29,864.7570518886617,187.65720780608675,220.0609942471669,276.24097898769435,193.39337004911306,544.3916406582791
2025-01-30,871.3982899344845,176.058279774332,226.2097691845096,273.4094619249917,191.96329249892895,552.8494053897705
2025-01-31,839.3805818180798,176.08797879434948,229.75716392210407,276.9517519470647,190.678616887189,554.6037437270138
2025-02-03,815.542194553587,174.33162303048303,226.61517684246508,276.64879866372695,184.2230266303234,561.2668927006554
2025-02-04,829.4536848186833,174.94674777062477,232.4148728126318,282.0554630847806,188.09315956462618,566.6826756251021
2025-02-05,872.656638770944,175.3370796195093,215.46632806116247,275.1922617207708,187.82655829923567,567.2299253337573
2025-02-06,899.5709245729827,176.4104103253025,215.77035789446774,278.29177660257955,188.43250526211216,572.9596352129298
2025-02-07,907.6802718712925,173.83524196808213,208.72065210003154,267.01234527073103,183.91600489267773,574.9955699773292
2025-02-10,933.7558364987798,174.88313134309723,209.99320376467736,271.6616175934443,184.13438720453007,577.3131998880524
2025-02-11,928.3731075341955,174.55222373541227,208.69814480653704,271.2188246731882,188.15435529036304,579.244541693794
2025-02-12,916.7682874513582,173.53402027983236,206.7724325210872,266.7559933463714,191.59198296255363,583.7349804955603
2025-02-13,945.7799637539663,174.17039416442424,209.62156568368408,268.4339267494556,195.36121994076632,586.2939787724173
2025-02-14,970.6671530985965,173.2752313775714,208.59676698188682,266.46468595778015,197.844353241399,592.820352338583
2025-02-18,974.512066331724,173.78857769401847,206.95259450968862,264.0992713848187,197.7392227596441,576.4843043926575
2025-02-19,973.3234773891612,175.96495122620468,208.64181611575762,264.0759795953256,198.06274797121517,566.344710552931
2025-02-20,979.4753812941062,176.89591790441514,207.84226308331438,259.70636876645705,198.8392432492844,559.158498066832
2025-02-21,939.7677932965202,173.52914686322606,202.32412419984024,252.36541901795948,198.61277684298108,550.0730768642251
2025-02-24,910.756223823765,171.7394763186342,201.86240512454626,247.85598633216455,199.8664944709016,537.6642255061702
2025-02-25,885.2399134758315,169.14638636486157,197.5492442049117,247.96085272485934,199.81795265030394,529.1098640686414
2025-02-26,917.747062562967,169.92432514151741,194.51989723339068,249.7669620901234,194.41485933551473,542.14647061698
2025-02-27,839.9398360976337,166.86360990343758,189.75627952192988,243.23002357893637,191.93978529340544,529.7053874505232
2025-02-28,873.2857597742471,168.7595392708622,191.7608277916536,247.35492837819183,195.6119634663504,537.7205447916014
2025-03-03,797.3661099785292,165.14621527125706,188.0783374727695,238.8953682142994,192.53022221946267,527.1382942018778
2025-03-04,810.8582930712762,165.19720273747146,192.48156211326386,237.47378673557483,190.8316434554226,515.0270811358035
2025-03-05,820.0161753750914,170.47267621380334,194.84650345395406,242.78723065868024,190.67797115307005,528.2809685732464
2025-03-06,772.9684150195562,168.71705408254428,194.09194773505894,233.8615680050467,190.3463494290841,505.3140034620812
2025-03-07,787.7887602575854,167.19519874140084,195.79246617147743,232.17198870721592,193.37145234295932,503.4872546149977
2025-03-10,747.8714652588985,161.60515408348098,187.00964695764182,226.68374968296052,183.99687067311572,481.22040584437224
2025-03-11,760.3151133461399,161.728430562689,184.94642080917606,229.0724738254071,178.62612615409452,487.4329018153961
2025-03-12,809.1850705013599,162.92719934376564,188.40765562355438,231.75250535644483,175.50398927087926,498.5783946190156
2025-03-13,808.066401697473,161.014265420548,183.5032939156291,225.92635758462006,169.5993840689942,475.30569624408116
2025-03-14,850.6440271062056,165.17596669360364,186.5812310764057,230.65718673054306,172.68108806199047,489.3888740535917
2025-03-17,835.682452802738,165.23549573946138,185.22828881780484,228.082039372192,173.09361282030585,487.21414013876955
2025-03-18,807.0176530322619,163.0334712671807,181.14690292818509,224.67957120704543,172.03402522088453,469.05938895796487
2025-03-19,821.6296800572769,164.8614086125979,184.77729654931062,227.84897923732547,174.09659934060613,470.4286731798283
2025-03-20,828.6909730844188,164.44481009625193,183.5483948698226,227.1614980674482,173.1745034366715,471.9912495329349
2025-03-21,822.888135723589,166.32374800846586,184.89007484495573,228.6296986851429,176.54739626343468,480.24703484638553
2025-03-24,848.8263171603396,167.09741599530003,189.05031399229034,236.8445528194222,178.53715144327785,498.450109060001
2025-03-25,843.7924944950911,167.98162669537092,192.29739268637329,239.69937945160993,180.97990152554686,504.4587993083735
2025-03-26,795.3420581719263,165.77537073501537,186.09641741062657,234.36262595901943,179.18423912031145,492.11125255374145
2025-03-27,779.0521080634705,166.03465745940278,182.91701605799523,234.63062377812562,181.06076730598483,485.3455343643892
2025-03-28,766.7472319550524,161.0270253876839,173.99889398157907,224.56304113961215,176.24812333521675,464.53281894065447
2025-03-31,757.7282818748399,159.5774459589518,174.34840478477767,221.6965686126779,179.66954556461377,464.2267401597967
2025-04-01,770.1030781219339,162.46810253851947,177.0881279727052,223.922161328713,180.52693145904865,471.9912495329349
2025-04-02,771.9907616214022,162.4468533940694,177.0542720285385,228.39663855027635,181.09312851971663,470.32393214241824
2025-04-03,711.7248901605499,158.60821247991598,169.92883946919062,207.88860906144845,164.34995063859378,428.1910847706433
2025-04-04,659.3592465610969,152.9671672551994,164.1563146215618,199.25425379640612,152.37092457949672,406.53266691313553
2025-04-07,682.6405161430924,152.12548104519328,165.45287636906053,204.2181252972037,146.77367640028066,415.81135556719346
2025-04-08,673.2721790292064,150.7226444940185,163.14158633581002,198.8580800151201,139.4616936860863,411.13981645145066
2025-04-09,799.3271321719637,165.99640375915968,178.93712890711197,222.67537495113837,160.8395536983801,471.8060030138962
2025-04-10,752.0652313764352,162.11103306803125,172.29647546666143,211.16290126441527,154.0209615229391,440.0069794451884
2025-04-11,775.5563682043111,165.12922381604633,177.16703305074273,215.4159820258505,160.2733566377121,437.8162036655414
2025-04-14,774.0182319832955,164.85715092335852,179.34303749485358,212.2116007513469,163.80801827924276,428.0783474806128
2025-04-15,784.4354245922455,163.97295332386992,176.23126166335118,209.26357140120297,163.50066125657378,420.0560823594276
2025-04-16,730.5317516016298,157.97055473826117,172.8714737673867,203.13447034604044,157.13503914763095,404.58345693795843
2025-04-17,709.557472691452,156.34245367486724,170.42489814499655,201.13027409013338,159.32699603246056,403.91498009081175
2025-04-21,677.5369869988737,152.66108525092562,166.4900946748659,194.96621757073927,156.23720794501327,390.3673537685302
2025-04-22,691.3798924984545,155.93434433583553,170.77440894819514,201.79444569052555,161.55942306140062,402.9484207154277
2025-04-23,718.08703521586,159.15234516470935,175.1489251299114,210.44046463030642,165.49042885438075,419.04929492302125
2025-04-24,744.0949765465074,164.64034938728904,179.57978727584796,217.36191324804093,168.53979646957288,429.4233961466947
2025-04-25,776.1157827286441,166.57454555553903,182.60134392552246,220.21673988022866,169.27583402149548,440.7962885541541
2025-04-28,760.1752730687883,166.28123661898337,181.07929468049707,218.71358379830235,169.97145110116293,442.7857759499376
2025-04-29,762.2027968456083,167.5055122337495,180.57190462745982,218.35236548124794,170.83692109004886,446.571359891093
2025-04-30,761.5035954588499,168.0241380848534,179.0386103724076,214.89163228238465,171.88034050056814,442.1897096126309
2025-05-01,780.3105103148563,180.8365730527442,181.85722136493177,221.6266576842147,172.5436087844676,460.884207845311
2025-05-02,800.5157211145265,185.03654112662517,184.93514125226747,221.37030575985506,166.09707122323152,480.8672873798896
2025-05-05,795.7615790039812,185.41488594272806,185.1380869094178,217.14053456790487,160.87190249414803,482.67957386883876
2025-05-06,793.8040287807636,184.19909950527617,184.0331912621608,215.5791134522619,160.56454547147905,473.04640936173615
2025-05-07,818.413674167747,184.21610406106913,170.6729620297813,219.8904770274058,158.73653427047566,480.69813208525983
2025-05-08,820.5810382219186,186.26508753121297,173.94251347047697,223.81729493601824,159.73952079077594,481.6646914606439
2025-05-09,815.54721555667,186.50312511115027,172.21751856830122,224.95921492089815,160.58071366038112,477.218577565378
2025-05-12,859.9426577411215,190.97942376695846,178.655295445365,243.1134935115031,170.72077587437988,515.0261926632902
2025-05-13,908.3930406493598,190.92841009957948,179.86162073759493,246.29456521652165,172.45398833953197,528.3966180787374
2025-05-14,946.2165773624738,192.5437642964198,186.44592821382514,244.9895138052303,171.9680485790745,531.0787685178649
2025-05-15,942.6509173646384,192.97816650407754,184.85623617422993,239.07014553545736,171.25531954525417,518.610438860998
2025-05-16,946.6359913646759,193.46366098260785,187.370437317749,239.5595398146916,171.10144855548035,515.7592318464087
2025-05-19,947.8245803072386,195.4227089554336,187.76504907514112,240.22372919507578,169.09286774247627,515.831741075417
2025-05-20,939.5046713690052,195.12460520576528,184.87877801460627,237.7884036936511,167.53784064027022,513.1494919171213
2025-05-21,921.4670916981387,192.7396704037606,190.0424831642249,234.35096228428088,163.67457483996347,511.8607625364706
2025-05-22,928.6681715877058,193.71493015064294,192.6468689426901,236.65812960351772,163.08334316422136,512.7225808744445
2025-05-23,917.9013248704505,191.72182066390212,189.94100169892928,234.199494532608,158.1510024401299,505.06281253871646
2025-05-27,947.3350859215815,196.19780490573575,194.93559986212338,240.06059776866434,162.1519462053807,517.3539412887491
2025-05-28,942.5111839171395,194.77962757271692,194.32678016411325,238.5457957919915,162.32202263794807,518.3688730565281
2025-05-29,973.1334270809805,195.341799759303,193.76306142029657,239.6877157768714,161.9413623748114,519.5528613997686
2025-05-30,944.7484146950605,196.05724875850694,193.62775855771605,238.88370453956088,162.67028443346146,521.5181132397705
2025-06-02,960.4790036941095,196.74293323478202,190.57236323731576,240.79468029751973,163.35871151207337,540.373622435708
2025-06-03,987.325879859014,197.1688069633787,187.3591404873995,239.69937945160993,164.63026133604873,537.1114968836827
2025-06-04,992.2199690767637,197.55210379958152,189.46748486349964,241.4705155726504,164.2658065157056,554.1064952770282
2025-06-05,978.7266108556357,199.17468951783766,189.64787140683282,242.26288091521445,162.4920990705154,551.4242954783166
2025-06-06,990.8216731330999,200.32455382528158,195.81499073841283,248.85808446011808,165.15670849450817,561.967601356204
2025-06-09,997.1839250182629,201.33390128724358,198.772497469225,252.83150372770868,163.15622419391894,559.0276951690294
2025-06-10,1006.4823954083995,200.55453454711974,201.605842706838,253.565604036556,164.14432157559125,565.745139685155
2025-06-11,998.6515535364119,201.2785382265493,200.1948098664858,248.4269374346085,160.99377239114102,559.0921094262491
2025-06-12,1013.8239565544355,203.94027523144308,198.33226655441234,248.47355657357863,161.33393767423956,558.4638606401247
2025-06-13,992.6384216102905,202.27508641962854,197.1695912473402,247.14519559280225,159.1066765182513,550.0147831954309
2025-06-16,1011.656485670411,204.05525904207101,199.54011190944158,251.80611381026208,160.7022110184593,565.9547204791434
2025-06-17,1007.6709843509623,203.58678221991596,198.61448003185913,250.3146214030743,158.45064790726263,562.0130615331383
2025-06-18,1017.1799095511698,204.52372276364383,195.64571101757926,247.6345898720365,159.2119808514998,560.8362303295887
2025-06-20,1005.783300851494,203.31422460568396,188.10523222025296,244.33698809958466,162.79178179153965,550.0187813217411
2025-06-23,1008.0206384592678,206.97678059347865,186.46847005420148,242.9154066208601,163.19673159192087,563.0609655030803
2025-06-24,1034.1002626211625,208.72712319008087,188.2519701007102,247.92589726062775,162.22482723507827,574.0799003331279
2025-06-25,1078.9184839481804,209.64703297685122,192.665627899509,247.01701963062246,163.2452982484462,571.24251400208
2025-06-26,1083.8826535493852,211.85309242847262,195.89401673053666,252.9946351541201,162.79178179153965,585.2761347891777
2025-06-27,1102.9703706735495,211.21001104575595,201.5268167147142,260.1957630456913,162.85656630882235,591.3539284552572
2025-06-30,1104.6485608316223,211.8360485709328,198.93054945347265,255.63971122092627,166.16909541342505,594.9489350422938
2025-07-01,1071.8564965269948,209.55333761242022,198.49031853866,256.8865153784929,168.31535419137325,579.7384336920624
2025-07-02,1099.4745773994634,209.14449464078103,201.6509782079133,256.2572814623403,172.05713505156558,575.184172948085
2025-07-03,1114.0875124782276,212.44505533915213,202.6556360776196,260.3239390078711,172.95614596074682,579.5691303186802
2025-07-07,1106.3965108835919,211.96807623910055,199.5626710232588,260.3938499363343,170.04045772614666,579.0371327215048
2025-07-08,1118.7022416308325,211.4996125175278,196.81966588155998,255.6047557566947,170.08906163656346,580.9072192834075
2025-07-09,1138.8388142500608,214.43392023723584,199.3707630948444,259.31017720517906,171.00424073464674,590.6687187091086
2025-07-10,1147.3689643386595,213.56937351115977,200.4995651843089,258.98391435235624,172.03285793228486,586.2031077781327
2025-07-11,1153.102202050372,214.35299794052298,203.40063958369626,262.19995930159837,171.02044617744028,578.3600673067289
2025-07-14,1147.1591505077056,214.22521486101235,204.9470962007153,262.98066096942387,168.96328628994704,581.1087051056073
2025-07-15,1193.5154012258859,215.41769536259693,205.44377672039369,263.74971674250276,169.3601395779134,572.6208803874135
2025-07-16,1198.19999710224,215.33250227606243,206.5387228656915,260.06758708351146,170.2105465766778,566.5914591137289
2025-07-17,1209.5968194616216,217.92184546330438,207.2273113137842,260.871598320822,170.0971581489783,565.3823961017774
2025-07-18,1205.471584694674,217.21914333065405,208.89792942400246,263.49336481814316,171.03665162023384,567.6958798074385
2025-07-21,1198.2699706558424,217.22341412047572,214.58716173960477,267.18714037188096,172.08952110122505,574.7004983837204
2025-07-22,1167.8551910661934,215.1834438509371,215.98688047616656,265.0547681537941,173.6445606213949,568.1230376480355
2025-07-23,1194.0747623352925,215.43897070821157,214.73388234662113,266.01024714277753,173.4420857212043,575.1922679198736
2025-07-24,1214.7709097236332,217.57263634218117,216.9238091840985,270.6012544317741,173.12620997535032,576.1756589134277
2025-07-25,1213.0928263954133,218.77787681090166,218.06389083047165,269.6807309070223,173.22341779618395,574.4667313935346
2025-07-28,1235.8163907307207,218.26256540711336,217.38661648616932,271.25378013741977,173.36109576112804,578.4568120915186
2025-07-29,1227.1462935349177,218.29236923178908,220.96493068297715,269.17967295304953,171.1095326499314,564.2458916784183
2025-07-30,1253.435945187472,218.57771301432146,221.84542705948428,268.2241939640661,169.3115356674966,560.3848369332101
2025-07-31,1243.6473394325612,227.20599231113727,216.61901931939363,272.79189168357766,168.11287929118262,623.4433344570865
2025-08-01,1214.6309626164286,223.20701337051977,213.492215594307,250.23304679987257,163.9094482077774,604.5572223190218
2025-08-04,1258.5400618958813,228.11737361884656,220.16349484547567,246.62082806934444,164.69508310722293,625.8051411955582
2025-08-05,1246.3740645961393,224.75717906995953,219.74582304448026,249.06781724550763,164.34678405781804,615.3987588038988
2025-08-06,1254.484693852683,223.56046708030007,221.34872926636498,259.04217938607286,172.71316366255425,622.2744995061573
2025-08-07,1263.923752329141,221.81439527351952,221.83414750257572,259.9976761550483,178.2043500127284,614.0849053949532
2025-08-08,1277.4180720189447,222.3254227869039,227.36529328704856,259.484972306329,185.75272108632348,620.1062316968492
2025-08-11,1272.9432899735443,222.21042587569366,226.8912064280692,257.86530393696137,184.2040147277051,617.3414533139778
2025-08-12,1280.634398398033,225.39174507419744,229.53262646382697,258.0633908276044,186.2067466797469,636.7917454980358
2025-08-13,1269.6570968707067,221.70366915213097,227.9748730164584,261.66394588339404,189.19060953575442,628.795591596827
2025-08-14,1272.663609418841,222.51281351576594,229.0810987186648,269.14471748881795,188.7446556188182,630.4480023929526
2025-08-15,1261.6863078915144,221.5290121892403,230.16474803361308,269.2029825225346,187.77976741153753,632.9468313368204
2025-08-18,1272.5936358652386,220.2216002793568,229.71323756189182,269.73899594073896,187.21219195688482,618.5505163259293
2025-08-19,1228.0554155824827,217.09988873020444,227.53464210164574,265.68398428995465,186.94462209031585,605.74214849436
2025-08-20,1226.3773322542627,215.37510536962083,224.99480717182902,260.79002371762033,183.25534438118183,602.7113219533167
2025-08-21,1223.4405796000249,215.09780534460523,225.4802081345988,258.62269603530183,182.35531519896682,595.7630226624658
2025-08-22,1244.4862742668183,216.3733042360667,232.6368538016555,266.6511269536766,184.67428301781356,608.4101820924416
2025-08-25,1257.211525846114,215.10636002483085,235.34603754606934,265.602427466745,184.18780928491157,607.2091153331105
2025-08-26,1270.9156593668715,214.15935823391575,233.82212276942658,266.4996592020037,185.93108030076309,607.8539982990687
2025-08-27,1269.7270704243087,216.16427134528635,234.20590407937354,266.97738980649945,186.88785957766504,602.4372281829404
2025-08-28,1259.7285440085911,217.40135932951742,238.90175808217822,269.86717190291876,188.56627156845093,605.4439178873703
2025-08-29,1217.8470753358113,216.1429435973426,240.33536730978855,266.8375679495731,188.22572132847378,595.4406552188628
2025-09-02,1194.0747623352925,215.47320252969624,238.57442637709704,262.5728235133993,186.26352161036155,592.5468015236316
2025-09-03,1192.9560401164792,215.57132589093618,260.37176417711186,263.3302333917317,193.35827688333944,594.1106118663402
2025-09-04,1200.2275208790602,216.6889627659836,262.2230279322767,274.6212928383348,194.4204598372005,603.4609953162691
2025-09-05,1167.7853243424438,211.15624625609922,265.27082293868045,270.7177844992074,194.3474670458285,606.5240043061301
2025-09-08,1176.804861986847,212.52128762741052,264.42343974838127,274.80773383423127,192.87987482692463,606.4030733251429
2025-09-09,1193.9349220579409,212.6108694090072,270.73914521859496,277.6042954327023,190.01765834456123,617.2043323894136
2025-09-10,1239.8717587739193,213.44696167038188,270.21940465531327,268.38732539047754,183.88780369682783,606.1451201387596
2025-09-11,1238.8227964490025,213.7199778049935,271.57519703166287,267.94453247022136,186.51487361617316,605.2746145139882
2025-09-12,1243.3677657077108,217.51225575847556,272.06104710389604,265.84711571636615,189.7906331298857,609.0550650583998
2025-09-15,1242.8783781519064,219.84136897940635,284.2744062276282,269.66906723228374,191.92310796798648,616.3982903814459
2025-09-16,1222.810603957899,217.14540015302794,283.7659797681369,272.7219807551145,193.09880352918532,627.9250366124714
2025-09-17,1190.7158181026791,217.5634397334241,281.9243718664359,269.8904636924118,193.77991642710344,625.2811398510031
2025-09-18,1232.3200633073707,216.8937248669423,284.74892492263007,269.4360248774092,192.87987482692463,628.9326631618071
2025-09-19,1235.326575855505,220.93767810650996,287.7881523023467,269.7273322660004,199.05838305693015,627.4252708236979
2025-09-22,1283.8531818637362,219.4531987265972,285.31385280730984,265.2412091496906,207.6369484095693,617.1853289495441
2025-09-23,1247.6330544117156,217.22646655614577,284.3309076528166,257.17782276708414,206.2990866587606,609.3129195256149
2025-09-24,1237.4242868456329,217.61889449819432,279.2241012175271,256.5952079899017,204.5801424340451,613.5555732153178
2025-09-25,1242.4587504899985,216.28798014370946,277.69882183905315,254.19482017271662,208.27752907355782,604.07794075764
2025-09-26,1245.9549710834958,218.17769983513574,278.54620502935234,256.0941500359289,207.13424439794608,599.9158912687337
2025-09-29,1271.5467033075256,219.5171557692639,275.7329660769485,258.8790479596615,206.2990866587606,599.633603807401
2025-09-30,1304.6201574445017,220.94621968615326,274.6596290062183,255.8494617863078,206.4612652663343,592.3579517549554
2025-10-01,1309.235207086665,221.6969878551707,276.6932830238609,257.08460226913587,207.1261478855312,578.6133313326249
2025-10-02,1320.7724038726622,220.003449383313,277.5858535355581,259.15870945350616,208.48832400951216,586.4455126955318
2025-10-03,1311.8921723563467,220.69023430849919,277.201744030234,255.77953307785265,209.2099567233961,573.144486855296
2025-10-06,1297.3481425326565,225.47647964035232,282.9412247854185,257.3992014472202,208.13156832674147,577.2582133113914
2025-10-07,1293.852135598865,223.51846661352633,277.66494862144555,258.42460914465886,207.96129320675288,575.1771638871462
2025-10-08,1322.3106469235306,223.88957990821342,276.376937227193,262.433001656473,209.24241728083848,579.0166978536972
2025-10-09,1346.503976374044,222.84449405780515,272.8858020866144,265.3693851118704,205.9828632099195,591.6562065481411
2025-10-10,1280.7066153785445,217.96442235569825,267.2819005690649,252.12071298834636,198.87190249414803,568.9017344464249
2025-10-13,1316.7867957233605,219.28256364246494,275.84593438044357,256.4320765634902,200.80977542112421,577.2904451197933
2025-10-14,1258.8207039192603,219.07777534034167,277.31471233372906,252.14402255783145,200.89897365528975,571.6038755171033
2025-10-15,1257.4223011457436,219.01807598691434,283.6191037001524,251.188543568848,202.17197638103278,578.782684065591
2025-10-16,1271.2669159229697,218.24169617954925,284.1049364989447,249.90678394704977,200.63951271909946,574.3624839519653
2025-10-17,1281.1260293807468,219.08207233132785,286.1838123848671,248.24049643871206,204.5639121553239,578.2745271475244
2025-10-20,1277.0705545076958,220.4513582912963,289.85573135791964,252.2488889505262,212.6316521479973,590.575281016452
2025-10-21,1266.722053494114,220.82249778714788,282.975115276467,258.71591653325004,213.0614130401038,591.4626676189775
2025-10-22,1260.5688676309353,222.05101799057113,284.36481541730603,253.961777817842,209.55862831171572,591.5755529877603
2025-10-23,1273.714281021403,222.059585771379,285.9352475702962,257.6205979073483,210.47485051876043,592.0514287378409
2025-10-24,1302.3824993471694,223.36063079827676,293.66324684204795,261.2561262073615,213.10194527403343,595.5682003841163
2025-10-27,1338.9522809074956,226.73489537252718,304.2270614534616,264.47215337661163,217.9588096139876,605.6186014554168
2025-10-28,1405.658657120707,231.23525979797458,302.19335561549633,267.12887533816433,218.1128668732188,606.1186634016947
2025-10-29,1447.6823163276008,231.0134407388938,310.21510702321694,268.3523699262459,218.6804423278715,606.3041567186538
2025-10-30,1418.6643370636762,224.2777763621871,318.02221865429703,259.683059196972,220.05883631260983,537.5810546070014
2025-10-31,1415.8674246867897,220.88648103097916,317.69454148039785,284.57236318940693,219.22370340935197,522.9653362448906
2025-11-03,1446.5634872789349,220.55375244235793,320.5529850276405,295.9683068086968,218.15337427122077,514.3829879231905
2025-11-04,1389.2967036914454,219.40201475164866,313.5706801996015,290.515041028665,218.9561459607468,506.0023228620266
2025-11-05,1364.963747623286,216.34342180789736,321.2195671120249,291.5404309461116,219.0372352645337,512.9633569255692
2025-11-06,1315.1087123951406,212.0520509714835,321.71669674116674,283.1973830696605,218.73719242255848,499.2429226994362
2025-11-07,1315.5979931210923,211.93261296288205,315.0281440490966,284.79375964953505,217.68313081703994,501.4772829918226
2025-11-10,1391.814042343481,215.8485997147872,327.76122646266964,289.44301419225627,218.67328958070743,509.583706203858
2025-11-11,1350.6294248006973,216.99182202701772,329.1283156693687,290.25868910430535,223.3968843328759,505.80873457327897
2025-11-12,1355.104527335656,218.04121796899446,323.9311518647241,284.5490536199219,221.9522280931596,491.23329363177453
2025-11-13,1306.5780281572777,214.69256503309174,314.7344264600095,276.83523965962337,221.53019117455312,491.9431338103773
2025-11-14,1329.7223952828745,217.6317068676593,312.2939656356985,273.4677269587084,221.09188672333397,491.59628401307236
2025-11-17,1304.7601045517063,216.48420066502484,322.02174570748514,271.34700063536803,217.0744022302663,485.58705080927507
2025-11-18,1268.1204562676307,210.64008331446306,321.18567662097644,259.32184087991754,217.05818436950892,482.10251097140156
2025-11-19,1304.2006366124467,207.79480715189607,330.82304750308526,259.484972306329,217.96717932160666,476.15779074399205
2025-11-20,1263.0859926232652,204.46981386758205,327.0268633961882,253.01794472360513,216.09236481494128,475.2140354964513
2025-11-21,1250.7796208969073,201.77305900626715,338.5623436051865,257.1545131975991,220.34519455844824,479.3277619525467
2025-11-24,1276.4413266745396,202.57654391835928,359.93853764258466,263.6681421393011,223.94066696883712,494.4919640129144
2025-11-25,1243.3677657077108,203.8543747134657,365.4294881300801,267.6182696173986,224.7928869903202,513.1810820509302
2025-11-26,1260.4289205237308,207.49135836465956,361.48644522863947,267.0240089454696,225.26360232712642,511.07589579007174
2025-11-28,1237.6341006765867,210.27359452531908,361.7462723266781,271.75483809139257,226.3187070416064,522.6426726437833
2025-12-01,1258.0515289788996,208.02130311884906,355.769558134154,272.52389386447146,229.768069689613,516.9318181257278
2025-12-02,1268.819764484242,209.4145631443808,356.8089701669538,273.15311000063207,232.27595199215182,521.957018661378
2025-12-03,1255.7441109876709,204.17064897074945,361.1248775636917,270.77604953292405,230.62026487516843,515.9074586773902
2025-12-04,1282.3163276009548,205.4997816460449,358.853903741505,266.96574391175295,227.8201878837927,533.59645282285
2025-12-05,1275.5333797553556,206.4912992155306,362.9777650223013,267.45513819098716,226.26188243913649,543.1870200088946
2025-12-08,1297.4904398966235,209.8504850195824,354.6794658257495,264.37893287866336,225.53955431927827,537.8472508439255
2025-12-09,1293.4346445340138,210.27785221455844,358.4781373081363,265.57911789725995,224.963286289947,529.9102297244403
2025-12-10,1285.1133468076937,204.52536033642818,362.01680895807556,270.0769046883083,226.26188243913649,524.401107826505
2025-12-11,1265.1841309328042,206.62378540407795,353.2210692104457,268.32906035676086,225.6531786882905,526.4821572507501
2025-12-12,1223.857536515612,204.5125479669632,349.671100730157,263.5632757466063,225.85608821721502,519.6420048086106
2025-12-15,1232.738195351339,202.9269844942163,348.4614071169513,259.31017720517906,222.47162184816554,522.7137504448533
2025-12-16,1242.737790065585,203.5979701171788,346.5959791402473,259.33348677466415,222.8774409060146,530.4957824703386
2025-12-17,1195.327449189552,203.48256708791808,335.4599299786526,257.8303484727298,220.6292678989426,524.3202074682038
2025-12-18,1217.703923333022,206.84175289196992,341.94935444401153,264.2274473469985,220.9133660753646,536.3888725728042
2025-12-19,1265.603758594712,207.67086254299204,347.2630103340951,264.9149462968677,222.1145557162992,531.8035646504429
2025-12-22,1284.4840121446846,207.243495348016,350.22509452674615,266.1733785691889,219.92318247576944,534.007371360286
2025-12-23,1323.08356090874,208.06833420921643,355.3917188878772,270.49638803907936,221.05132965347673,536.7843909200084
2025-12-24,1318.8879252687789,208.5683441329075,355.0977594706174,270.77604953292405,222.22815524938375,538.8914034854777
2025-12-26,1332.3138738527725,208.43587104494242,354.4420942008827,270.9391809593355,221.8954034906896,535.4523731841226
2025-12-29,1316.1607727857893,208.1751694576693,354.498612899512,270.41483121586964,222.1875981795265,531.7390023144709
2025-12-30,1311.4057760364215,208.33757737613286,354.8264628078203,270.95082685408204,221.6356941952228,537.5997618893664
2025-12-31,1304.133440635018,206.687899653732,353.86547219671274,268.95829427291346,220.64551059562763,532.8691887110683
2026-01-02,1320.5662222567046,202.12351268270643,356.29615625347355,263.92449406366075,219.95564303321183,525.0548261580128
2026-01-05,1315.461571399031,202.08504937314697,357.86765935979963,271.5683970954961,216.91209944305433,531.8197052344358
2026-01-06,1309.3080650462937,204.5040063873199,355.3804220575276,280.7387479987508,212.9351720198439,533.2970375858425
2026-01-07,1322.384252692129,206.62378540407795,364.0179370865008,281.4728483075981,211.28758141527535,523.6663410579437
2026-01-08,1293.9241389196711,204.33304378863073,367.9296459661463,286.9843791213466,210.24062288506556,521.5431879084814
2026-01-09,1292.6653627638007,204.83307991348636,371.4683176160855,288.2544928483983,210.50845352887487,527.1940211723
2026-01-12,1293.22483070306,203.93558522298864,375.1878421922622,287.1941296867281,211.22268513631818,518.2414759700268
2026-01-13,1299.3084703320478,201.15337526349367,379.83443234161615,282.68469700093317,211.87197079294907,509.4584315794721
2026-01-14,1280.6379237831763,196.3282998057773,379.68746990642717,275.75156692846815,210.9872902140236,496.8892602923371
2026-01-15,1307.9794221666737,195.1658327381848,376.2279797095799,277.5343667242472,209.5669731834071,501.15160845608654
2026-01-16,1302.2453298161383,196.53342872303975,373.0850080438096,278.629685350149,207.39185505752621,500.70761899731923
2026-01-20,1245.1851551640182,194.25122868723585,364.04053074719985,269.168027058303,200.22529911770368,487.68641263921256
2026-01-21,1281.8968067688998,189.80223164488882,371.2535051050359,269.5292453753574,200.99633049168926,494.82267322622636
2026-01-22,1292.5255224864488,192.80670608326193,373.6954859921463,273.05988950268386,201.56446475471418,522.8105939488112
2026-01-23,1312.3147912541338,199.1361476047845,370.7447331767266,278.67630448911905,201.3128519716622,531.7955190382384
2026-01-26,1303.923626804064,200.98668345462616,376.77064212893777,277.8140282180919,207.29446096723518,542.7743245264318
2026-01-27,1318.25859060577,205.38867560777038,378.22903874424156,285.1083588276193,209.61565160160686,543.266735737178
2026-01-28,1339.2366619757233,205.83740985243702,379.879654209896,283.1624276054289,208.13043829203326,539.8439447389841
2026-01-29,1346.1593432688212,185.26777950436176,382.4121479273296,281.6709351982411,209.62379778587703,596.0136212708218
2026-01-30,1336.5095094927337,183.89589962910287,382.12948534041936,278.83943591553043,210.59773868878722,578.4071069903537
2026-02-02,1297.9099607286785,180.9384562810971,388.5623565602672,283.10418035170426,219.14405458936898,570.2617390664819
2026-02-03,1261.0584688464453,175.7415469966686,384.0627288461022,278.04707057296645,218.71389632242,558.3868596889655
2026-02-04,1218.0535774413277,177.0151463037002,376.52193912683964,271.4868402722864,224.40326095730083,540.0538216904769
2026-02-05,1201.9004763743444,168.2453676177318,374.4982173377154,259.484972306329,223.93257045642224,541.0386934715533
2026-02-06,1296.5113442954562,171.43787471349845,365.0127836417751,245.07108840843205,225.72619631559013,533.975139551884
2026-02-09,1328.8874131531718,176.7629862960704,366.6634336543113,243.20671400945133,223.0941343747866,546.6976217071604
2026-02-10,1318.3984308831218,176.62194542729742,360.17397464207056,241.1559163945661,222.3304792713139,541.4504017623346
2026-02-11,1328.957386706774,172.81828306781836,351.5590878206782,237.80004958839763,223.8090117163489,539.811663570998
2026-02-12,1307.2102472263132,171.73702650974874,349.3432508218487,232.5798261632404,212.62266154218693,524.5704605594711
2026-02-13,1278.3305057919474,171.51480133261742,345.6349885291397,231.63597528901155,207.78900637662443,516.465518134958
2026-02-17,1293.4346445340138,169.6086928127651,341.4518793460517,234.3859177485125,214.36924815438013,516.0779466807901
2026-02-18,1314.4824757978638,170.77970146000095,342.9329387158181,238.62735261520123,214.7510757061165,519.2505339473007
2026-02-19,1313.9231146884572,170.6811850812927,342.3902762964603,238.70892721840292,211.68838361573853,520.509894375426
2026-02-20,1327.3491701023038,170.1543189639378,356.1040064968866,244.82638237881892,214.9378915539219,529.2929387659808
2026-02-23,1339.4464758066772,164.68853332889663,352.1583034855472,239.18667560289063,216.23767982763863,514.4311628772491
2026-02-24,1348.536948473358,166.62897847489177,351.4913068385812,243.02027301355486,221.0794687595075,516.0860416525786
2026-02-25,1367.4869619172273,171.59785902424113,353.7524347994541,245.44395262023295,222.7773272816456,527.7026716862073
2026-02-26,1292.8751765947543,172.07761544773498,347.5117133361932,242.27452680996095,221.73747182674455,530.3827983823877
2026-02-27,1239.031648811281,168.2310093795584,352.4635942800382,244.69820641663907,214.6129382765108,523.2546327671624
2026-03-02,1276.0228741410128,170.71972699434585,346.53942589473615,242.82218612291183,215.05161526664472,527.5976838508768
2026-03-03,1259.0306245800668,173.0242635229287,343.21556675584657,243.21835990419785,214.26364578999983,528.8247631110162
2026-03-04,1279.938722396418,173.5682783024816,342.7068639213008,252.64508051180417,213.26439707681132,539.0366687414146
2026-03-05,1282.0365402163986,175.91564063452145,340.1631079203995,255.11536147746043,211.45281484195039,533.2566614460679
2026-03-06,1243.4369914523431,175.17887698795604,337.4949485981264,248.43860110934705,209.1537778550451,520.5744567113979
2026-03-09,1277.2115699134283,175.37163895555082,346.602335766499,248.76486396216987,211.11974021619676,522.6169069408954
2026-03-10,1292.0361349306443,173.80816306451965,347.3716948242466,249.74365252063834,211.8914918320843,528.009392141658
2026-03-11,1300.9172210857826,173.43120691013794,349.2497669596904,247.7860576237094,211.8752242994716,528.6471179679252
2026-03-12,1280.7073631875144,172.13757681280782,343.42322806236297,244.1505471036882,207.7727512619756,515.1819221510511
2026-03-13,1260.4973984593933,169.4346777784059,341.98642324818593,241.9832194213697,203.1909696567054,495.4280685249234
2026-03-16,1281.266831126774,171.3194323491499,345.69727655703014,246.72571224203122,205.38439186126652,506.9536301259311
2026-03-17,1272.2456910345784,171.0881153679197,351.7613598136334,250.75739654333842,206.5298248446202,503.08349321725274
2026-03-18,1261.54636078431,167.8240790929314,348.1070597503003,244.54672088497423,203.0447481326487,497.44396329818767
2026-03-19,1248.679132330606,166.63753315511738,347.4735044849194,243.25331536842944,202.2486324717336,490.18849931562943
2026-03-20,1207.6998417649572,163.57482662853175,340.53828705677756,239.30318789033197,201.46061332323336,479.6526960945216
2026-03-23,1228.259460601384,164.05886694242955,341.73754751167877,244.8613378430505,204.30392966465288,488.05547424935185
2026-03-24,1225.1824403503833,159.6639622042961,328.59118075109933,241.48217924738896,204.42577472571824,479.0548034526042
2026-03-25,1249.5182808245688,158.93577943912084,329.1455200165065,246.6907567777996,205.22190280459714,480.64650196031585
2026-03-26,1197.4901127301991,156.76403041247772,317.8206721458597,241.83173388970482,205.44125371762792,442.3896159281403
2026-03-27,1171.475868438235,152.82317875541455,310.3763373205905,232.27685509991068,202.1186412263981,424.7599520027404
2026-03-30,1155.0422321777257,153.7612721503826,309.4259871490782,234.15287539363788,200.35578708159224,433.37285390698383
2026-03-31,1219.588081447347,158.56310717514305,325.33285704698955,242.68236426598548,206.17237375587524,462.2573421147324
2026-04-01,1229.0287423715974,158.22042214399283,336.45412014317264,245.36239579702323,207.66714889759527,467.9938636165076
2026-04-02,1240.4972475622262,159.97237611221487,334.6213044228905,244.4302085975329,207.90274250731107,464.1399166514064
2026-04-06,1242.2455181037542,159.7239366699512,339.3956143942692,247.94918905012082,210.2910894900563,462.97646189514154
2026-04-07,1245.4623786321065,159.47121333728361,345.5841355191261,249.0911268149927,205.93679256412324,464.61658215483214
2026-04-08,1273.294760189348,160.34504837619266,359.0020407706753,257.80703890324475,210.32359971935404,494.8099878131187
2026-04-09,1286.0920150894497,159.80533058762597,360.3257045469483,272.2558782653733,211.61526664472828,507.71312604611467
2026-04-10,1319.0992347176725,158.86295330225394,358.911527940352,277.76742685911375,211.6071701323134,508.90076699857696
2026-04-13,1323.854445126746,164.64570752543952,363.51614362831566,279.5269170854077,210.56733951334002,512.6740110437133
2026-04-14,1374.204423063043,168.3895002239217,376.6398821813143,290.1654686063571,210.26672544502878,535.2644612475437
2026-04-15,1390.7080328771542,176.1469576157517,381.40289532234357,289.5595442596896,216.44078804398444,542.6088712006077
2026-04-16,1387.071651516747,180.01926702635188,380.1583784522807,290.9578161689291,213.97927441837362,546.8829175857833
2026-04-17,1410.358422836163,181.10299959447147,386.56188482259614,291.95991429688263,219.52781934346226,556.3198777461822
2026-04-20,1413.0158154252558,179.08117363138382,381.74231843605577,289.3031923353299,221.8186853101697,542.0674952824578
2026-04-21,1397.771088596868,181.68984017748144,375.9384422931909,291.2025221985422,216.2295833152238,540.395044495197
2026-04-22,1416.0928356762565,185.4422006567715,383.8918945155875,297.5530197138328,221.91621599806282,545.1458057433824
2026-04-23,1396.0926847790895,178.08738966116456,383.405405326041,297.22675686101,222.12739589089577,532.5659234265029
2026-04-24,1456.4426847490436,181.8868729348979,389.6391483191776,307.60893867760774,220.20206510738433,545.3963056325703
2026-04-27,1514.7647336227665,181.9725507429766,396.3594150487426,304.2647355461778,217.39938034360503,548.2968722312359
2026-04-28,1490.708680533137,183.87014388435014,395.72585978336167,302.6101294925706,219.91774340761347,542.4149373947715
2026-04-29,1463.2959266378034,181.81833068843494,395.9068854440082,306.5019919369514,219.47906641747954,540.6212594690193
2026-04-30,1395.6031903934322,174.67343032262085,435.3459511788649,308.8557428351744,220.43768355302782,494.3979340052489
2026-05-01,1387.770959733358,177.5262524205782,436.3528891427701,312.5844916331358,227.57843496401895,491.84480951889714
2026-05-04,1387.980666734459,177.1749996086201,433.5923514585564,317.00068604099056,224.8894739129625,493.18600813742097
2026-05-05,1374.1344495094406,176.21549986221464,439.45278084693234,318.74853037253797,230.86042829557238,488.7826396419653
2026-05-06,1453.3657713278958,177.32063878177163,450.32513365972653,320.4264637756222,233.56563204331385,495.18166548121394
2026-05-07,1479.0302546817015,180.237719235788,450.2685458673336,315.9753139035359,233.50875776898863,498.3569181652648
2026-05-08,1504.9045518664611,177.81753076688122,453.44765357146963,317.73478634983786,238.28552624226208,492.5557849679335
2026-05-11,1534.5550706889799,176.76378543158918,439.69039429997173,313.4350864494325,237.98466381467432,483.85408517193673
2026-05-12,1543.925758059628,174.66913333163464,438.2309267313321,309.74132867568665,239.70847588120975,487.1990361060422
2026-05-13,1579.240716168638,173.5725621928855,455.5067513675599,314.7634652102008,243.017888076892,498.2115048305757
2026-05-14,1648.5418826771856,175.3802067363587,453.7531516472515,311.37264293980076,242.48123335216724,499.66583561580273
2026-05-15,1575.674308361833,180.7303273304937,448.89962567589896,307.7837515587497,244.12375742749458,496.2724135701343
2026-05-18,1554.6951686933514,181.42426517360204,449.08065133654543,308.62268270030785,242.1803709245795,493.83237189090147
2026-05-19,1542.7369554573597,178.8027469562926,438.5816466753938,302.19062836180757,243.09920090402778,486.88392452129847
2026-05-20,1562.7371063545268,180.36193895691986,439.9958578288718,308.7974955814497,245.76625666689432,488.8634412810984
2026-05-21,1535.044565074637,179.90690333217896,438.5816466753938,312.81751620801845,247.9941883929292,490.7378714863997
2026-05-22,1505.8136739140261,179.6836825107947,433.27559109930684,310.3239434528691,251.10846470504234,493.06483035851346
2026-05-26,1502.5269466619243,178.59330794746168,439.96189824405974,309.1237584342726,250.71002191770617,494.74537611756267
2026-05-27,1486.7226450644241,177.15093383898088,439.90531045166676,316.7676614661079,252.7591101287122,513.2638087138423
2026-05-28,1498.2611238086552,183.29821176396916,441.3761093975378,319.27289789599575,254.10889312479435,513.2879949100396
2026-05-29,1476.512809199813,193.2789689736945,430.30010271651634,315.35774366212183,253.74298540268353,511.04188703664306
2026-06-01,1568.9609067504248,197.69196561594975,425.8086280664568,304.4278847525812,249.06752267830643,485.1548582911021
2026-06-02,1558.1916029465542,189.44550278953974,409.38134394106856,298.90467248410226,256.296193273189,482.86027930614244
2026-06-03,1501.7576648917109,183.44846234208148,406.14564844453963,291.3306981607221,252.27935451424028,503.342038718645
2026-06-04,1530.8826876681694,183.75324738871007,421.0795745102397,295.7236007790837,253.06809390464244,507.0505723490571
2026-06-05,1435.946416015344,178.86805335893362,416.93878525736005,286.6814258380088,249.905039830619,479.1194645077443
2026-06-08,1460.7306213818483,176.75169359414932,411.2786241427947,285.7375927437719,245.1889455286017,472.97088919809926
2026-06-09,1457.5801021921018,173.17579795810394,412.35406857331486,284.5374077251754,236.25270556386872,472.3245254446188
2026-06-10,1403.180738684365,170.57864682382606,403.43364912925875,277.32463393885763,237.09022271618122,461.3281973040783
2026-06-11,1434.3360628138169,167.56510678251863,405.0071559547294,281.4145832738815,240.3833673792508,459.2678789051452
2026-06-12,1436.5764984873226,167.73681611439744,407.16934164611916,277.9655137497568,236.7243398299981,458.09632917709183
2026-06-15,1487.4051809941413,171.60892901626352,418.1161084423165,286.66977994326226,241.02574864799416,479.9516670952724
2026-06-16,1452.1191737752474,169.06328937149104,422.53102720230106,286.6464703737772,243.31875050447977,485.39430163345673
2026-06-17,1432.7957899957448,162.6584408983934,411.8220120466704,276.74201916167516,240.6435733932707,459.0061743903721
2026-06-18,1475.0831052794179,162.86878384740126,416.6218176168196,284.77045008004995,242.31860769789577,466.8020764589829
2026-06-22,1460.8005949354504,157.69166954279032,395.84901941698854,271.25378013741977,241.50550426246608,455.9896621287111
2026-06-23,1400.52024802954,160.52491937082883,391.83031884439987,272.79189168357766,239.3019117455311,454.65532449237367
2026-06-24,1393.239045750352,156.88462127231938,390.8794159227787,272.97833267947414,238.3098902872896,450.9918561622232
2026-06-25,1370.4151681832388,151.46281429197543,389.0907856643223,264.51875473558977,223.7306295286762,439.0229961366254
2026-06-26,1347.94126521399,160.10851736321698,381.9363682711419,271.13726784997846,230.74787187144926,444.9912608856393
2026-06-29,1365.0242133199868,158.2196885113854,400.34318872382875,279.81822447399895,229.08910509943686,454.97877784682635
2026-06-30,1400.870329457257,160.12997611698347,404.5543499749406,277.7208077201436,235.28509782251007,455.53678794481004
2026-07-01,1383.2973528163388,164.9636717578368,408.9013495653009,281.63597973400954,239.36698187598176,495.66484644973787
2026-07-02,1364.0440494202912,167.62949614440038,407.4297214942667,282.7662538241429,250.95396039911338,471.3955780723009
2026-07-06,1369.0849228558263,166.0196965944447,414.8445187355945,284.5024522609438,254.23086236549796,485.4589626885968
2026-07-07,1378.7465079157248,166.92118696253632,415.4897853939065,286.6231608042922,252.60460582278324,497.8241308147441
2026-07-08,1429.0851618876222,164.5601476226013,409.70511731732404,283.8732183447912,254.82444103640324,487.7476185234673
2026-07-09,1419.7035778719855,164.99800838397965,406.27506106377274,287.8583012871203,257.12556424123136,510.6825492645669
2026-07-10,1476.9734595252069,165.31568440356685,404.33926108883657,285.8774146006983,256.3937736329374,541.1951139934914
2026-07-13,1424.9544787981802,167.84413608439448,399.0526899540863,288.17291824519657,258.01185915545426,531.1024117586376
2026-07-14,1482.8544429233802,165.24270105971266,406.9769155144778,288.3826688105781,256.01971972655645,534.5879387881926
2026-07-15,1487.755262421858,169.83600101581914,419.8934073235416,297.0869350040836,266.29759650310143,550.9804540983016
2026-07-16,1452.0490933917924,172.18416248337783,401.2601320606377,291.1792126290572,270.981180575821,537.4184147774697
2026-07-17,1419.913605362645,169.05900548108713,392.55480150268573,288.07969774724836,271.37145234295934,522.4330918497948
2026-07-20,1423.2041784894486,172.69500658861034,398.4640110881672,291.2957426964905,265.5576348746096,522.3036710203465
2026-07-21,1451.2789569827564,170.74607226530094,392.98497927489376,288.45257973904125,266.4927323866705,520.653925641761
2026-07-22,1484.674716785714,167.56510678251863,387.2568989907042,285.30646349825435,264.98846992058714,507.19702223501184
2026-07-23,1461.5707313444864,163.8046108416358,359.6353196610018,272.26754194011187,261.54896713585873,490.1575508564135
2026-07-24,1448.12843779301,163.85613543172346,361.95597189922086,270.4614325748478,270.7860198563242,481.33457456234095
2026-07-27,1375.8060162166382,167.03280392351957,369.6764399507396,269.62246587330566,273.9490739303476,480.2670748375206
2026-07-28,1379.3066168341013,168.85724341346938,377.77046343519163,269.00489563189154,276.52664584588064,479.89505165233675
2026-07-29,1330.2982081896166,167.65096799874917,381.1665601039308,264.0992713848187,274.98987315049953,473.5871436052931
2026-07-30,1365.514241854908,193.6481564827871,377.7138756427987,274.4115600529453,271.1193925132096,435.9175872640427
2026-07-31,1405.491147911473,199.49494635213304,403.15064107353055,316.4530267280397,251.18165618383554,450.2155286238696
2026-08-03,1446.7282189119953,209.33833085612238,422.82536663526065,330.9484852291383,246.71762171156794,477.33146293416075
2026-08-04,1483.8346068230758,211.55341660893131,427.51196207374227,323.25799861831683,251.5638066026314,475.4714457274098
2026-08-05,1534.8033432669517,209.25676663087805,410.28243025913014,317.6998308856063,252.8810793694158,476.1426867112647
2026-08-06,1533.1930968952774,214.57983452261513,404.9845277471486,317.2454098505956,254.0275802976586,477.0565300508552
2026-08-07,1567.9890755792496,214.63564300310676,401.0790027593458,319.8322208836851,254.77563843856524,478.835646899305
2026-08-10,1523.111350024207,217.24137501877476,404.7241478990012,324.03868250615034,250.8692947217445,481.1162077623869
2026-08-11,1522.7612685964903,216.27549528880135,389.1926644187587,317.2570379653502,248.14298043549798,484.5127888214363
2026-08-12,1568.8991590954902,211.39028815844262,388.8983595326809,311.442553868264,245.97820647348456,468.1202735113273
