Date,nvda,msft,googl,amzn,aapl,meta
2023-01-03,100.0,100.0,100.0,100.0,100.0,100.0
2023-01-04,103.03178489005036,95.62568311344226,98.8330406780103,99.207643547432,101.03141568347387,102.108388333789
2023-01-05,99.65073978013746,92.79153608116282,96.72352998026422,96.85388375921303,99.96001759846031,101.76366718981653
2023-01-06,103.80023883152163,93.8851333161017,98.00269759373154,100.30296217333377,103.63796428594472,104.23280002157014
2023-01-09,109.17221208265828,94.79921983417546,98.7656915203023,101.79445458052155,104.06169709506294,103.79189556401127
2023-01-10,111.13519753677035,95.52131733158448,99.21454195965667,104.71918325117645,104.52544952750664,106.61377047165486
2023-01-11,111.77787266347224,98.40972697209274,102.6930076321848,110.80167405736483,106.73222994725921,106.5335858322701
2023-01-12,115.34057528551116,99.55336842804421,102.25538493135578,111.01141573275038,106.66827051205763,109.59596529848695
2023-01-13,118.05100925847721,99.85389576574798,103.36626601777247,114.33232707468726,107.74764026285528,109.81240706130761
2023-01-17,123.66053874969663,100.3213965639009,102.43492510709751,111.92030225275164,108.69113808835857,108.51371946469781
2023-01-18,121.39016370675601,98.42640401223647,102.24417446627434,111.23281219287841,108.10742604403387,106.63780858761693
2023-01-19,117.11492590180266,96.8068970368974,104.4098065832031,109.15870500850818,108.15544214766726,109.14701522922003
2023-01-20,124.61754740658813,100.26712085509067,109.98653794150815,113.31857416199121,110.2342664752309,111.72838557829037
2023-01-23,134.07617036292442,101.25219287357193,111.97262124597324,113.63318223007151,112.82480350619295,114.85488314026642
2023-01-24,134.57911202346787,101.02679082000338,109.62747486346854,112.23491032083194,113.96017963730098,114.75067272481485
2023-01-25,134.98430435562062,100.42992178035854,106.84471441685675,113.23700844878547,113.42447128934776,113.43594326436998
2023-01-26,138.3304294527273,103.51447332584067,109.42549648412006,115.61407780648952,115.10354604508602,118.08562813737981
2023-01-27,142.2633710097793,103.58126008990405,111.50135851317795,119.13306714907341,116.678672760452,121.64502156489246
2023-01-30,133.85959951485887,101.30646203209143,108.77470221230496,117.1638352473939,114.33594597183354,117.89321215062594
2023-01-31,136.4792414545287,103.43516240594275,110.90664247693584,120.17012074125853,115.36738646983125,119.42438337389147
2023-02-01,146.3011126664501,105.4971153174749,112.69077331221828,122.52388941947348,116.27887355957893,122.75133019443419
2023-02-02,151.65211387930296,110.4432725828805,120.89319769188789,131.56607325054435,120.58846154418796,151.33077440925373
2023-02-03,147.3978414357667,107.83453415446031,117.5718253547728,120.47308291459228,123.53079407965164,149.53503583166236
2023-02-06,147.32099070012623,107.17504433564267,115.46230602030477,119.06315622061024,121.31604819774596,149.1582371299674
2023-02-07,154.8935056454577,111.67876221514588,120.78098076368833,118.9815905074045,123.65073508063975,153.6155306960139
2023-02-08,155.11702043488435,111.33233044015726,111.50135851317795,116.58122047021145,121.46796271270391,147.04986730602133
2023-02-09,156.0391491401698,110.03423312930052,106.60908736882007,114.47214893161362,120.62843774209671,142.63270307935298
2023-02-10,148.55048228677344,109.81716959580383,106.11535188553027,113.73805751276225,120.92472315676477,139.61037891314274
2023-02-13,152.20399697270864,113.24819876830954,106.16024556618764,115.98695090828643,123.1989246377948,143.8431851046605
2023-02-14,160.46806170893734,113.60296251307929,106.23877927881126,116.17338301418691,122.67842759295644,143.88327742435288
2023-02-15,159.022012627958,112.6949612150737,108.77470221230496,117.87462598675621,124.3840911109909,142.0234207510023
2023-02-16,153.69893407161675,109.69471191100932,107.17012018948621,114.36728253891886,123.08678780455486,138.23955228885623
2023-02-17,149.40975496900765,107.98327160557713,105.86849709896828,113.26030912827456,122.15794295538001,138.59226351500806
2023-02-21,144.28921248694255,105.72788205913366,102.99596656448561,110.20741338543583,118.89874135772172,137.9509468185683
2023-02-22,144.98080233903994,105.24247931647454,102.8388818657945,111.61734007941789,119.24309250507086,137.18135691092442
2023-02-23,165.30913725868552,106.6066166582539,101.98609194118704,111.65229554364949,119.6354597560534,137.91887543079346
2023-02-24,162.66854331133194,104.28425038931653,100.0112277385253,108.94896333312265,117.4814101994641,136.59612503843107
2023-02-27,164.17047776653467,104.67758224577766,100.84156218608216,109.25192550645639,118.45035531916687,135.91469134250843
2023-02-28,162.17954294844424,104.36794345369842,101.05475966723401,109.79958481940729,118.0419454785208,140.24369935745548
2023-03-01,158.56096162904865,103.04984810530877,101.39138454166687,107.39920589221823,116.36030241956496,139.02518406033516
2023-03-02,162.864135444247,105.07511938887359,103.23161088596618,107.35259564324411,116.84077363744689,139.91503858716098
2023-03-03,166.88790909579535,106.82420421500727,105.08303905862495,110.58028648723277,120.94074093190447,148.5089118415054
2023-03-06,164.54073673214782,107.48532505621131,106.74371659046056,109.24027072171387,123.18291926991701,148.22831496323977
2023-03-07,162.71012683709813,106.34717274387356,105.31870065354939,109.00722836683929,121.3971792834459,147.91565903709454
2023-03-08,168.94939168736772,106.15887808716839,105.75628880749066,109.43835761235687,122.41415291404398,148.28443680687192
2023-03-09,163.7442132430977,105.5814372097648,103.59066532728383,107.49242639016646,120.58838710061643,145.65496554608694
2023-03-10,160.45339930967876,104.02062738946418,101.69435211068961,105.72128137912998,118.91480876190911,143.90734022010548
2023-03-13,160.46039666597338,106.25092932249427,102.23294672774902,107.702168065552,120.49230526430196,145.02165744166945
2023-03-14,168.12495889553944,109.12565540571255,105.44210213666456,110.5569769177477,122.18991646934984,155.5395178050189
2023-03-15,169.27780005254692,111.07139305949538,107.84336993835196,112.0950795739096,122.51025956488229,158.5297459036638
2023-03-16,178.4515344608113,115.5738139814383,112.56732864549339,116.56956568546892,124.8005036355759,164.28571472642483
2023-03-17,179.7371517888828,116.92537476505744,114.02604507142439,115.2994608484132,124.11982883934034,156.81419196545718
2023-03-20,180.95981961776943,113.91260785544924,113.5772119055139,113.85457869019955,126.04162686003465,158.5778344754832
2023-03-21,183.04893108371888,114.56120454081872,117.7289100534639,117.23374617585709,127.54712402150128,162.06510121521438
2023-03-22,184.92837558176373,113.93773477060685,115.98967289883886,115.00815345982198,126.38601522916957,160.18118174611124
2023-03-23,189.97989261595296,116.18477269639705,118.49192125347854,115.0198082445645,127.26685638197294,163.76463796937645
2023-03-24,187.1012817247148,117.402432437354,118.31240698790265,114.34397296943379,128.32386824678937,165.1515187973933
2023-03-27,185.36855469538966,115.64916852574834,114.96858781045884,114.23910657673902,126.74633452261075,162.61022842812008
2023-03-28,184.52315654214422,115.16797106972405,113.36401442436205,113.30691937724866,126.24185525291212,160.87864496597365
2023-03-29,188.53358981403926,117.37733172335922,113.76797118305903,116.81426282508605,128.74028077137436,164.62240876853213
2023-03-30,191.32138196451444,118.8585882630057,113.20692972567095,118.8534145452247,130.0135139896841,166.61857192489964
2023-03-31,194.0741739797831,120.63700529093182,116.39363829425777,120.356561737155,132.04744884361835,169.90540174595944
2023-04-03,195.387740671833,120.18926671984629,117.10054534853363,119.33116292971239,133.06443488147838,170.81131047651553
2023-04-04,191.8104490960691,120.16833199074209,117.5045021072306,121.12560862023795,132.6320169890156,172.13403618908742
2023-04-05,187.8139571218298,118.97995204925189,117.22397274181462,117.80470616829706,131.13455973327365,169.53664865597253
2023-04-06,188.9039155483193,122.01784587401774,121.65619161845865,118.92332547368787,131.85527276372753,173.2403571585244
2023-04-10,192.69079396958756,121.09307583179849,119.43448990267882,119.0515014358677,129.74923931077166,172.15809898484
2023-04-11,189.82616443720525,118.34811100751463,118.21139188806255,116.42973493854656,128.76430123045296,171.43659764901548
2023-04-12,185.11705048078448,118.62425816320155,117.41472338263779,113.99440943712192,128.20374113687245,171.55683758840686
2023-04-13,184.89342886149075,121.28137048850365,120.54535371565164,119.31950814496987,132.5759857941814,176.64743925887083
2023-04-14,186.95456425599508,119.73315687723536,122.16113756682986,119.4476841071497,132.29570574739114,177.5613319016587
2023-04-17,188.6593686288086,120.84618227441553,118.90710575070085,119.71568192625588,132.31172352253085,175.45293739792208
2023-04-18,193.30562656217816,120.66627198981719,117.25763004722474,119.20298696753258,133.30467669405033,174.67533889825592
2023-04-19,195.15016440115016,120.6997701765002,116.89857560590707,121.53344607626249,134.2335959867967,172.91968030046164
2023-04-20,189.3720440259236,119.72058031907513,118.14408591396426,120.96247719382653,133.44881185578396,170.81131047651553
2023-04-21,189.47681741807568,119.57415512057841,118.27873240904863,124.63295206807533,132.14355549445668,170.66699540147633
2023-04-24,188.93886226859232,117.90453842131967,118.90710575070085,123.7590299023016,132.3917875837056,170.58682310198682
2023-04-25,183.3423660211583,115.2474522971804,116.52827615262021,119.51759503561289,131.1425996389983,166.38610063813917
2023-04-26,188.33795761992405,123.59536548591564,116.37119145392909,122.32580252883048,131.13455973327365,167.86918328958532
2023-04-27,190.2244261817303,127.55382406626588,120.72485934450563,127.96550930475877,134.85815273736458,191.2457944865718
2023-04-28,193.87858184686806,128.5706649946831,120.44434725253352,122.87345295178538,135.8751511824865,192.6567504502365
2023-05-01,201.9903071926213,127.85929032316383,120.28725391712045,118.91167957894133,135.80308980525064,194.9494906492284
2023-05-02,197.099502339741,127.79655163875827,118.17776049281828,120.75273551844101,134.96228688666562,191.7909340393728
2023-05-03,194.24886751994796,127.37391378166754,118.27873240904863,120.77604508792605,134.0894236032773,190.01923357774345
2023-05-04,192.57202586484618,127.79655163875827,117.47084480182049,121.1838736539546,132.7601343756095,187.20540428180792
2023-05-05,200.38333227059871,129.98918284992408,118.45826394806842,123.11815898139848,138.9901679893635,186.61215147739705
2023-05-08,203.6741462040177,129.152278407268,120.9268377238541,123.31624587204149,138.93409957274352,187.00497970303178
2023-05-09,199.621768855555,128.46183846485292,120.4555663543369,124.23677828678932,137.54877915024153,187.08512732273078
2023-05-10,201.81564035992318,130.68378877722972,125.39273117935214,128.39664744027235,138.9821653054246,186.85266837586556
2023-05-11,199.67064351975034,129.7632371222267,130.80116737388465,130.7154517642597,139.1343403728829,189.0251686354661
2023-05-12,198.00780993097123,129.28617944993016,131.8559356778406,128.47821315347804,138.3805247676244,187.4378755685684
2023-05-15,202.29073948635533,129.4912035491047,130.7338527630644,129.5735228893838,137.97959650591653,191.4862867052498
2023-05-16,204.10732796134897,130.44526649137217,134.100101507393,132.1370332429843,137.97959650591653,191.45423999726546
2023-05-17,210.84966800949582,131.67818840967982,135.59245796529024,134.5840135291515,138.47675549108192,194.39635484430045
2023-05-18,221.32997175351545,133.57365913256595,137.82542196648313,137.6718736262178,140.3692103373336,197.89164251594914
2023-05-19,218.43740621088816,133.4981997836046,137.7468623436937,135.45793569492523,140.45740115506646,196.92157866994808
2023-05-22,217.82257361829753,134.68917364021533,140.31643394587556,134.01305353671157,139.68759258919206,199.07005315348184
2023-05-23,214.41295151893712,132.2065741599678,137.5224543974604,133.9897439672265,137.57061593122208,197.80343694464685
2023-05-24,213.3649371690152,131.61529251829725,135.6597984862763,136.04055047210767,137.7951625574642,199.78355823717934
2023-05-25,265.36119678829357,136.67692485860215,138.5547844978096,134.00139875196902,138.71734470698763,202.57336175704808
2023-05-26,272.11049413153495,139.59986108143465,139.82271573602964,139.95572248597358,140.67390787558395,210.0688979541873
2023-05-30,280.2502089024667,138.89531181283357,138.76797334223951,141.76183185123764,142.1734495513286,210.4537546074855
2023-05-31,264.34113180235005,137.71277473065533,137.8703156471405,140.50338179892447,142.13334928080064,212.21744647709255
2023-06-01,277.86766249907777,139.46983781087187,138.82407748797834,143.05522847778644,144.4106649845728,218.5425806287214
2023-06-02,274.77250746724076,140.6524272953758,139.89002171012794,144.7797721298448,145.10031023117708,218.5425806287214
2023-06-05,273.682575748218,140.87888394574838,141.39363181671632,146.00326671792638,144.00169681714027,217.5645452103838
2023-06-06,270.0703641596479,139.93112238314248,142.85233960592538,147.52971458934573,143.70503918461458,217.34807876777262
2023-06-07,261.85992801670017,135.61174278475653,137.45512251319627,141.2607827872609,142.59042040270003,211.31954633855875
2023-06-08,269.09212306667155,136.40016197558865,137.05117439122122,144.7797721298448,144.79557547114095,212.10517811003768
2023-06-09,270.90884507899904,137.0417629504815,137.15215494417353,143.8242842508654,145.10831291511596,212.40182919203363
2023-06-12,275.8839921119497,139.1637165249031,138.73430740010747,147.48310434037165,147.37762593494924,217.29195692414044
2023-06-13,286.64485779442396,140.18695053705179,138.94749624453738,147.58797962306238,146.99272785564298,217.50844804654213
2023-06-14,300.4454071002468,141.46598650194696,138.76797334223951,147.3083181292177,147.50594183773387,219.13583343313223
2023-06-15,298.0416549682398,145.97827216169682,140.36132762653295,148.11232936652823,149.15780746807982,225.9339310901995
2023-06-16,298.31417795919566,143.55858167341324,138.6108627333826,146.22465428805845,148.28375308754713,225.26853925811193
2023-06-20,306.11227752262874,141.76372341580893,138.12838089878392,146.5625719256238,148.35592613014026,227.93810283858932
2023-06-21,300.7808261754541,139.88081615050157,135.2670608293827,145.4556074049755,147.5139693361966,225.78163210292854
2023-06-22,300.6410660018288,142.45986211114035,138.18448504452275,151.6546193886012,149.95164890029474,228.3790319759387
2023-06-23,294.93920879797366,140.49305872243914,137.27558233745452,150.69914039961776,149.69506672377315,231.46546189801285
2023-06-26,283.91973471473256,137.80078443661407,132.7872679517936,148.36868129088788,148.56443016671886,223.24035407355058
2023-06-27,292.61234746280735,140.3043710482915,132.77604884999025,150.52434529846784,150.80163319270113,230.11863637000266
2023-06-28,287.30872529601055,140.8411542712677,134.85190224232622,150.36121387205642,151.75590052155167,228.70776678560475
2023-06-29,285.24736288803865,140.50567458234363,133.64004923967914,149.03286178127607,152.0285252877368,225.69340185183572
2023-06-30,295.58902817203744,142.80793145880608,134.3132903518229,151.89932541821432,155.5407729922693,230.06256388595148
2023-07-03,296.36458629967046,141.73857029948846,134.5377155715001,151.7361939918029,154.32996070868293,229.29289993893605
2023-07-05,295.6938282716563,141.8056583769244,136.61356896383606,151.92263498769935,153.42382114882312,235.98684888002802
2023-07-06,294.1984504995465,143.11403964419344,134.7733512562587,149.5688663094844,153.80873163539127,234.07885427527702
2023-07-07,296.9934670197839,141.4156671687246,134.06644420198285,151.2234901430836,152.90260448279335,232.90846456966187
2023-07-10,294.7364991251635,139.15533215279626,130.66652951552223,148.1356300460173,151.24269894672273,235.77040711720736
2023-07-11,296.3087142791805,139.42372376428438,131.4407511806183,150.05826058871864,150.81771300415048,239.12937596594386
2023-07-12,306.7691209604539,141.4072827966178,133.449289962134,152.41202926693362,152.172883780185,247.98784125440463
2023-07-13,321.2684444269362,143.69693691375718,139.74418202340604,156.4903327072109,152.79031876241035,251.25058359992133
2023-07-14,317.71872831061586,144.77891393297926,140.73160116965397,156.93310784747504,152.91061957399418,247.61103021281446
2023-07-17,324.6503575295192,144.9843965525034,139.8676007799651,155.62805643618373,155.55681558193285,249.01395290466635
2023-07-18,331.8685845743681,150.75474414629994,138.86896253191375,154.77744383989508,155.34832395261617,250.16035385390046
2023-07-19,328.95471982698905,148.9053743694199,136.92773836121827,157.72547319003905,156.44692495939103,253.3349399876959
2023-07-20,318.0750860397734,145.46243676840623,133.7522488944348,151.43324070846512,154.86721996437626,242.5204285423505
2023-07-21,309.6131189747538,144.16245297382545,134.6723707033064,151.47984206744326,153.91296504278768,235.89869266830675
2023-07-24,311.73035340321564,144.72437621254068,136.36671417727405,150.0815701582037,154.56247279707824,233.77423162094456
2023-07-25,319.18608995008043,147.1860278631026,137.12971674056678,150.46609804474318,155.26013313488332,236.06700883962225
2023-07-26,317.5998800834742,141.64627670340636,145.0516376649862,149.3241602798713,155.96579615662728,239.3538633404726
2023-07-27,320.73036909385235,138.68984229389085,145.19747735170813,149.44069034730458,154.93936819244556,249.88779024744758
2023-07-28,326.6698159221237,141.89791267126225,148.7657217488291,154.05500720578624,157.03226235502734,260.9267150279502
2023-07-31,326.52305839220384,140.8705257748044,148.92282372096412,155.7678782931101,157.52942134019273,255.4112754435529
2023-08-01,324.9717818921372,141.04662379021042,147.60999016536474,153.4490828591187,156.85586831229972,258.7060768369492
2023-08-02,309.33362533497007,137.3395129649249,144.05298214349102,149.39408898832647,154.42614180309278,251.97212195543162
2023-08-03,311.05254460397333,136.9872645317872,144.13149858267073,150.20974612038353,153.2955176533004,251.07427117647885
2023-08-04,312.2055326520481,137.4569334761646,143.75000593774635,162.63109743711195,145.93423952665802,249.10213379617812
2023-08-07,317.35537322516365,138.43404034114437,147.5875346883141,165.71894864418226,143.41635942150396,253.77579508567374
2023-08-08,312.09370848866786,136.7314494784593,147.44167772814828,163.06222668262956,144.17811567439176,250.63336671891994
2023-08-09,297.34990487134183,135.1295103828003,145.4892430923714,160.6269011812049,142.88710284974954,244.67689927801123
2023-08-10,296.18997288190593,135.42302890944603,145.52289176105958,161.4542042080085,142.71070880702192,245.10178655152558
2023-08-11,285.47795515616025,134.61788027614455,145.37703480089377,161.27942688685053,142.75886139053645,241.81498141025628
2023-08-14,305.7279570757594,135.8885449695143,147.36313537880275,163.79632699147692,144.09982585167168,245.4625557292807
2023-08-15,307.0346733025819,134.97430779475422,145.62388958745575,160.41715061582335,142.48583959196984,242.0635069007471
2023-08-16,303.862306984303,134.64654434828472,144.41203658480867,157.38756444246968,141.7792584328437,235.92270610447832
2023-08-17,302.87007117873736,133.16730529817644,145.78099155959075,156.117450715418,139.71565781565687,228.54734814725418
2023-08-18,302.5556441724141,132.9991855368533,143.0206520431418,155.23188265489773,140.1090920911646,227.07238514688765
2023-08-21,328.18613234818395,135.26849445105222,144.04171985807793,156.93310784747504,141.1930897506587,232.40341733655333
2023-08-22,319.1091991532398,135.51225696947654,144.83844018383436,156.43206767349426,142.30919740400378,230.559565507352
2023-08-23,329.22726952541166,137.42017324470876,148.53007742734854,157.9119141859355,145.43273799982035,235.8826508044717
2023-08-24,329.5556912443243,134.46584802880136,145.62388958745575,153.62386018027667,141.62668633300396,229.87815649121987
2023-08-25,321.55493542301457,135.73080086867336,145.73609787893335,155.27848401387584,143.41727755888613,228.87605827712974
2023-08-28,327.26376327569756,136.03338499765957,147.00402048043148,155.1386621569495,144.6859945338567,232.69204748663174
2023-08-29,340.8825415626606,138.01271254219535,150.99867711330006,157.20112344657323,147.84162030900038,238.88889608716113
2023-08-30,344.2366521923325,138.1724086296674,152.46859536759055,157.38756444246968,150.67608410932485,236.57208075252137
2023-08-31,344.872476853807,137.73956541965288,152.79400977694198,160.81332439710937,150.85271389002898,237.20538885693884
2023-09-01,338.9609660357807,138.1177661045775,152.22174058102854,160.9415003592892,152.12944595620036,237.59821708257357
2023-09-05,339.2334890267365,140.1727888085401,152.3451593375876,159.95106590607418,152.32215554835383,240.62050422909803
2023-09-06,328.8700037423838,139.89120491156518,150.87524108329714,157.72547319003905,146.87003244250846,239.83489713740963
2023-09-07,323.13972979388177,138.6430863188139,151.7728901416742,160.6269011812049,142.57419170410765,239.43404797985735
2023-09-08,318.4646945650639,140.47533363578208,153.02963682497867,161.069676321469,143.07200827415483,238.80871144777637
2023-09-11,315.711341692993,142.01763888483134,153.63557196302412,166.74435634162086,144.01952605252043,246.56083108700963
2023-09-12,313.55893353079057,139.4247456096349,151.86269477643285,164.56536498456384,141.56245393804014,241.83099859430084
2023-09-13,317.85675249890085,141.22758212132214,153.39992764154357,168.78350806175953,139.88424769063636,244.5566840184104
2023-09-14,318.5275372343817,142.3370572609383,154.95961598370494,168.63202253009464,141.11278995150747,249.8957371399936
2023-09-15,306.7804449263659,138.77333229926077,154.1741406699177,163.58657642609538,140.52662126932245,240.74874042061643
2023-09-18,307.2416561700758,138.2858858659006,155.08306928715174,163.10882804160767,142.90340599191344,242.54451601789359
2023-09-19,304.12500162748626,138.11357391852408,154.89230137288467,160.37054925684524,143.78667896805328,244.56468027053742
2023-09-20,295.17308608450844,134.80204824970338,150.06731029245927,157.64389858683734,140.91204045362934,240.23567225559032
2023-09-21,286.6335605359788,134.28094642268317,146.3644539471417,150.69914039961776,139.65942810463193,237.07715266542047
2023-09-22,290.7775979104078,133.2219085215221,146.15128237615568,150.45443437000466,140.34995426683255,239.76268407036133
2023-09-25,295.0543446872339,133.4446577073537,147.11626331879685,152.9596885798845,141.38579934281213,241.16565612179426
2023-09-26,292.88099787108104,131.17532259199197,144.26618826136482,146.7956231704944,138.0776014678287,239.66653160651305
2023-09-27,296.77337078610424,131.44849591569724,146.4766967855071,146.7956231704944,136.84902198517185,238.68847150838496
2023-09-28,301.1130670621152,131.80570946919195,148.4627628165283,146.7956231704944,137.05783620329845,243.67489978308313
2023-09-29,303.9781906826328,132.69239612123224,146.83572531665894,148.12398415127075,137.47537778871822,240.66860514081273
2023-10-02,312.9440208157996,135.2348914597179,150.54980940050183,150.85062593128265,139.51489591051686,245.96762764217982
2023-10-03,304.1040095586024,131.7006428062284,148.59739203816878,145.32743144279567,138.43089825102274,241.25383701330603
2023-10-04,307.7657634980372,134.04137609031227,151.75045193806744,147.9841534043484,139.44263601709025,244.97355036000718
2023-10-05,312.2870972555741,134.2094958516354,151.55971857068815,146.77231360100933,140.4463214701712,244.34026693538024
2023-10-06,319.79240286077027,137.52944519430716,154.37615359615396,149.10277270973924,142.51797440034463,252.86997273438442
2023-10-09,316.3752091945796,138.6052649402633,155.31866178830066,149.45233624205113,143.72240935130367,255.2188717966943
2023-10-10,320.043960490309,138.00434127066993,154.91472230304754,150.87391772077572,143.24063537092007,258.00867531656303
2023-10-11,327.0880548517952,139.69790583275875,157.7087191249066,153.61221428553014,144.37282283571443,262.80262590503105
2023-10-12,328.05945883327763,139.16840653305033,155.93580739142757,154.1948290627126,145.10353611927647,259.86851965001836
2023-10-13,317.68897619263026,137.72697576091124,154.12928153614808,151.23513603783013,143.6100243728253,252.27674460976405
2023-10-16,322.1194778556709,139.79035663581786,156.0816988984811,154.45118098707226,143.50562967102394,257.4555024919493
2023-10-17,307.04599726849386,139.5465810168121,156.77735230406583,153.19273093475908,142.244952601778,259.74023409891896
2023-10-18,294.8726003758408,138.7271527497662,154.8025312850138,149.30086849037824,141.1930897506587,254.10455457513032
2023-10-19,294.20875958172104,139.23561251571905,154.56686969008936,149.61546766846254,140.88797036550304,250.76959916256536
2023-10-20,289.2192172241795,137.28149048982942,152.1544259702083,145.8517811862615,138.81632984259156,247.4346437500004
2023-10-23,300.3164100357313,138.3951447149176,153.164283320063,147.4714495556291,138.9126598241444,251.73156803727736
2023-10-24,305.12423478934653,138.9036437826147,155.7562672156858,149.80190866435902,139.26598142186228,250.56117833166218
2023-10-25,291.9585753836611,143.1649223024167,140.9448072875278,141.44721489316137,137.38705049110425,240.1235026076975
2023-10-26,281.8047704209464,137.79416864299853,137.2082677266343,139.326497459817,134.00656790817038,231.1608392436804
2023-10-27,283.0207079682061,138.60105965362848,137.08483169663134,148.84642078537956,135.07452297800094,237.8788263007345
2023-10-30,287.63987117653403,141.75290233555856,139.65441193553517,154.63762198296874,136.73663700669348,242.63264754982436
2023-10-31,284.9773771064263,142.08908945587916,139.22803424667532,155.08039712323284,137.12208100552422,241.51835500805086
2023-11-01,295.77408420931044,145.43424431719706,141.88736730000613,159.63644894799788,139.69156291300672,250.00000925492145
2023-11-02,304.0271187617617,146.3798049821249,143.0543266219958,160.88325310556453,142.58220679530845,249.21432812386146
2023-11-03,314.50240150202796,148.26247643696675,144.8608611139972,161.5008233469786,141.84347842054564,252.20460558208737
2023-11-06,319.7155120639297,149.83001340582496,146.15128237615568,162.82918432775494,143.91511894345712,253.16654977700887
2023-11-07,321.1411566402941,151.51098830917215,146.95916134666186,166.2899175266182,145.9947993720933,255.58763722657645
2023-11-08,325.46675137384875,152.63305310752997,147.93537002782838,165.55581721777085,146.85400226010682,256.35722713422035
2023-11-09,328.09439219981726,151.5782204930037,146.14003736418647,163.83128245570848,146.46854585401417,256.97449337480276
2023-11-10,337.77293779129917,155.35205257944554,148.77693221391053,167.28035197983323,149.86956245542692,263.56421956054794
2023-11-13,339.76454029605895,154.09548411168038,148.21590802996633,166.15007788969987,148.58314031769538,263.900950622341
2023-11-14,347.0042935591271,155.60418636939525,149.93268107081877,169.89047258240782,150.7057498725774,269.60879385359686
2023-11-15,341.6374014035442,155.66735737298757,151.05478125903886,166.86086862906217,151.16401209162117,266.7227391507178
2023-11-16,345.77444142167855,158.40448804958413,153.64676515466167,166.4297393835446,152.53089532290892,267.90924475953955
2023-11-17,344.50257843899533,155.74313113590296,151.82899428741302,169.168018168307,152.5148155114596,268.5907031352527
2023-11-20,352.2664123225581,158.93926688360355,152.88377986481285,170.27500046894727,153.9298761407857,272.5429247884001
2023-11-21,349.0169148402376,157.09909371487817,153.6916933822068,167.67652576111922,153.2786189625643,270.1458754547946
2023-11-22,340.43545856887374,159.11190634551554,155.39723868453396,170.95083574407798,153.8172926461166,273.7614154057299
2023-11-24,333.86659687115355,158.93506159696872,153.3775067113807,170.9857912083096,152.73993287175009,271.14799834867523
2023-11-27,337.12309170976863,159.43194044894906,153.0633027671107,172.13935708793602,152.59521456870618,268.31811484900936
2023-11-28,334.1810505849436,161.15423458608515,153.94972408696245,171.32369995587894,153.08564881791054,271.7572436573401
2023-11-29,336.4102427141196,159.5330245351619,151.4699484828173,170.49639692907533,152.25751371374662,266.3139677804101
2023-11-30,326.83655063719004,159.5582955567151,148.7096176030903,170.22838132997717,152.72382824577696,262.2655196240429
2023-12-01,326.80159056318365,157.70546722634097,147.95779095799125,171.32369995587894,153.76105052782972,260.39765435867
2023-12-04,318.03139262413214,155.44414966680634,145.0516376649862,168.771844387021,152.30574074083265,256.5496554608695
2023-12-05,325.4395097577399,156.8674754354273,146.9816168237125,171.148922634721,155.51379960485352,255.16277463285263
2023-12-06,318.0104005552482,155.30099961366386,145.89323439795615,168.39898017522003,154.62937275335506,254.48933718905698
2023-12-07,325.6491900793779,156.20635459422326,153.64676515466167,171.148922634721,156.19720399871161,261.816569554776
2023-12-08,332.0089857271959,157.58753579242602,151.4699484828173,171.77813877088158,157.35500005211048,266.7548475581784
2023-12-11,325.8658410498438,156.353723034582,149.56239025425387,169.99533897510258,155.32084186746167,260.7664197885522
2023-12-12,333.0642511543468,157.6506936954369,148.69840713800886,171.84804969934478,156.5510094796444,267.9332828755016
2023-12-13,336.07645279438555,157.64650150938348,148.75452855719155,173.43276260448079,159.1640656909927,268.3501245373079
2023-12-14,337.9074633014368,154.09244477679164,148.0475955927499,171.77813877088158,159.2846890913864,267.091553940181
2023-12-15,341.68138860131995,156.1137072824429,148.78815995243585,174.74947769051062,158.85048455320705,268.4945259916139
2023-12-18,349.9771283931419,156.92220966458711,152.3788080062758,179.52692597540369,157.49974316967823,276.27065906701876
2023-12-19,346.6714116932634,157.17908586500977,153.33257848383553,179.20064534258887,158.34394567802957,280.87220600862815
2023-12-20,336.23717832942793,156.06739672713414,155.22889170042978,177.25471412039846,156.64747594107843,280.0064389573455
2023-12-21,342.3803497142468,157.2969779971805,157.5628794381847,179.25891037630552,156.52684013342272,283.86245878706353
2023-12-22,341.2620813729775,157.7349304339476,158.76347015541867,178.7695160970713,155.65853031515934,283.3012650305323
2023-12-26,344.40007518151896,157.76862512935185,158.79715337099464,178.75787020232474,155.21632309304107,284.45563755210287
2023-12-27,345.364561929107,157.5201726027803,157.506758019002,178.67629559912305,155.29670974302576,286.86068313783545
2023-12-28,346.09832287123965,158.02969351582792,157.34965604686698,178.72291473809315,155.64245050371002,287.25351136347024
2023-12-29,346.09832287123965,158.3497538204243,156.74373818226542,177.0449813350089,154.7982355880968,283.7582113519262
2024-01-02,336.6355201963533,156.17264679823754,155.03817560649435,174.70285855154052,149.25852962035268,277.60941430353046
2024-01-03,332.4492316094888,156.05895995270168,155.87973779257652,173.0016333589632,148.1409206883152,276.15039444783685
2024-01-04,335.44738512200473,154.9388602415564,153.04084729006007,168.45724520893668,146.25950830517297,278.27480613561806
2024-01-05,343.12813207643546,154.8588287896805,152.30026565693024,169.23794687676218,145.67257037274888,282.1468678291712
2024-01-08,365.184733878455,157.78125408983777,155.78996770470565,173.73573366781054,149.19418556003154,287.52607496992306
2024-01-09,371.383750576297,158.24447754815807,158.15756956426097,176.38079195462475,148.85649711233387,286.5400432994585
2024-01-10,379.8401891956946,161.18373709543604,159.64990874871432,179.1307344141257,149.70072443520903,296.9937608872582
2024-01-11,383.13885512434496,161.96695535544563,159.4254748923152,180.8203137119565,149.21830527720553,296.35240717113265
2024-01-12,382.35611268814995,163.58399942147832,160.0650932459366,180.16778800631084,149.48363457338127,300.2164232529778
2024-01-16,394.0413772105854,164.34195976051612,159.88555307019487,178.46656281373353,147.64242171886238,294.5807437291891
2024-01-17,391.74207798112917,164.00506520879904,158.7410492252558,176.77698351590274,146.8785934532338,295.31022897724546
2024-01-18,399.10823768443595,165.85790663975456,160.99640824644575,178.86273659501953,151.66253587559783,301.5311650533179
2024-01-19,415.76950387875877,167.87918224598727,164.25044869929673,181.00675470785293,154.01830269649506,307.3994022431338
2024-01-22,416.9086574590449,166.96962197879304,163.81284327191156,180.3542290022073,155.89168758117452,306.06057296725055
2024-01-23,418.43918225742857,167.97603484440242,164.99104760587045,181.79912005041695,156.92887264144156,308.80230025519523
2024-01-24,428.8455063184859,169.51723964461266,166.8536776068887,182.78955450363196,156.38214664490266,313.21149290952707
2024-01-25,430.627615453875,170.4899840159806,170.4106769920405,183.81496220107053,156.1168421632508,315.1996227940818
2024-01-26,426.53221237644044,170.09413684788746,170.76977461696785,185.4113210009531,154.70977181060167,315.96923738151617
2024-01-29,436.55410916076124,172.53231225655026,172.2508860628959,187.9049115360944,154.15500590833813,321.484701645704
2024-01-30,438.7136215091254,172.05647293832547,169.95063336104857,185.27149914402673,151.188156623319,320.71506237847905
2024-01-31,429.99865461136125,167.42015097372035,157.2037818132573,180.84362328144155,148.26150686692318,312.7625428402601
2024-02-01,440.4817893468588,170.0310051460394,158.39317933885374,185.59776199684956,150.23941052602322,316.4822808667518
2024-02-02,462.3776656138361,173.16396989014768,159.7621343136358,200.198086890643,149.42736764057057,380.7840436269593
2024-02-05,484.54609157923585,170.8184417932652,161.2208421028449,198.45024255909559,150.89870760996928,368.29404588330914
2024-02-06,476.7955313066595,170.7510786036195,161.6921134723621,197.09857200883417,152.20123437367397,364.5342278770204
2024-02-07,489.906493820393,174.35566427873636,163.30790596026227,198.70659448345523,152.28968574390714,376.45503561201224
2024-02-08,486.70555051266655,174.38092219970815,163.72310773092846,197.9025832461447,151.41329879813335,376.78372106209724
2024-02-09,504.1216498404061,177.09282115649575,167.19031975476545,203.2742922029668,152.0331780109571,375.268554682981
2024-02-12,504.9253309305516,174.86519829236542,165.540895871621,200.81565713205705,150.66460739204814,375.901887467189
2024-02-13,504.0867164738666,171.10058901524107,162.8590727943518,196.50431133690515,148.965941569737,368.8632358919674
2024-02-14,516.4708619868286,172.75434091040393,163.75673912617273,199.23094422692108,148.24943460107426,379.4131553031965
2024-02-15,507.7907216257369,171.518235550812,160.19975701446486,197.85598188716656,148.01600437529686,388.0310913532935
2024-02-16,507.47621449701325,170.46356014326273,157.67507045621844,197.51805535960523,146.76818122940085,379.44526371065706
2024-02-20,485.38475945085446,169.92777256447417,158.34830293164026,194.68655607689456,146.16438182802642,378.18664375394917
2024-02-21,471.54703335128295,169.6704116425391,159.9528676810151,196.44604630318852,146.7762211351255,375.60257096781737
2024-02-22,548.884806355843,173.66560425318235,161.6808857338368,203.42577773463168,148.4265482649933,390.128133153393
2024-02-23,550.8347185049695,173.11294312552886,161.53502877367097,203.90352611911936,146.93723017307138,388.44277493888205
2024-02-26,552.7566946438509,171.9317030009109,154.36492585762863,203.6005550557896,145.8423761593966,386.6050436977286
2024-02-27,550.0238798137287,171.9063664764506,155.834861385363,202.21392904129664,147.02579320866184,390.8664044068728
2024-02-28,542.7696511036694,172.0076077696404,153.02963682497867,201.77115390103245,146.0516618534762,388.43482804633607
2024-02-29,552.8963212801423,174.50512881212182,155.36355546895803,205.9659696287511,145.5122809559944,393.3381841461591
2024-03-01,575.0297604640689,175.2898012366687,153.88240947614221,207.66721260132041,144.63477735664773,403.10476700642715
2024-03-04,595.7026217050915,175.0451347781266,149.6297048650741,206.92146639772653,140.96377873583896,399.8064857625682
2024-03-05,600.8117066839108,169.8687151434468,148.8667023017814,202.88976431642732,136.95463259864144,393.41039721320743
2024-03-06,619.9338789891358,169.63245925817435,147.44167772814828,202.17897357706502,136.14957500165016,398.1211769076383
2024-03-07,647.673642768269,172.60671045841684,150.78548826887013,206.03589833720628,136.05298446759696,411.04173827662134
2024-03-08,611.742538684931,171.3747972848783,151.94120257889062,204.32300946989042,137.4457244327276,406.03403602249887
2024-03-11,599.4837580210034,170.6576059552099,154.4771168756624,200.37288199179292,139.07190703089756,388.08970585576776
2024-03-12,642.389837541818,175.19700981849275,155.40841460272762,204.3696108288686,139.45834361068196,401.05839281625595
2024-03-13,635.2260937291869,175.12107884860038,156.85589465341135,205.7329272738765,137.76775491588126,397.7038416500217
2024-03-14,614.6500737626848,179.39047972888085,160.57001328414202,208.28478284273447,139.27316522651444,394.7024582860638
2024-03-15,613.9022646930295,175.67795836347014,158.4156002690166,203.2393367387352,138.9672393693339,388.4989955016763
2024-03-18,618.221503049492,176.05762631351342,165.70917376194967,203.30924766719835,139.852820096191,398.83541004515604
2024-03-19,624.8122114550328,177.78310389193385,164.97980259390124,204.96387150079758,141.75270689233326,398.24154024598226
2024-03-20,631.6196776609066,179.3946981160971,166.8985712875461,207.5856379981187,143.83779688716686,405.688938511721
2024-03-21,639.0490005231326,181.1412414294359,165.6194036740788,207.5856379981187,137.96096079851154,407.4865404134963
2024-03-22,658.9959528172539,180.87546993423115,169.17640305923055,208.42460469966082,138.69353517136165,408.94711509599233
2024-03-25,663.9791922126369,178.39482244061472,168.39097956577498,209.40341103812128,137.5423273740427,403.6826443013469
2024-03-26,646.9187295124518,177.88435828570508,169.06419476775295,207.76043309926862,136.62458702428697,397.9606842299162
2024-03-27,630.7669616617653,177.7915406663663,169.2885940772643,209.54323289504765,139.52273730005078,396.3315465781995
2024-03-28,631.5078267900597,177.49202207343166,169.3559259615284,210.18411270594677,138.04949901957818,389.6866857404428
2024-04-01,631.556701454255,179.1162452580808,174.4726655091732,210.871593875824,136.88217418902414,394.31725611569834
2024-04-02,625.1896413754746,177.79577215416398,173.4290903968548,210.54533102300118,135.92418468159738,399.1483991484732
2024-04-03,621.7789376237098,177.37809941743024,173.8330298821079,212.54952727890824,136.57624833184363,406.66798580146974
2024-04-04,600.3992899819958,176.29389529936728,168.90707552217407,209.74131978569065,135.90808005562425,410.0225616474945
2024-04-05,615.0973704162058,179.51704444594955,171.11760995648214,215.64904216071707,136.5199069554614,423.19981751762896
2024-04-08,608.9819480893646,179.12468203251328,173.75447025931845,215.78886401764345,135.61021891869223,416.7075024650483
2024-04-09,596.5481801031376,179.8376287738026,175.71814990706457,216.34816922534088,136.59236536507873,414.8216209525992
2024-04-10,608.3249978216722,178.5635972310087,175.20198485688996,216.67443207816368,135.07082561394853,417.1729633141701
2024-04-11,633.3249494143887,180.5337281673898,178.87119253351932,220.2866508086918,140.91545245065754,419.84529103118524
2024-04-12,616.3413508035776,177.98981796611116,176.9861243288943,216.88418264354522,142.13111597365491,410.80895849247946
2024-04-15,601.0701815473439,174.50512881212182,173.76573254473152,213.95944508289432,139.02359315297807,401.44361966641185
2024-04-16,610.9527988924414,174.90169651219293,173.24955022111303,213.6098904405784,136.35889791751552,401.06643842796393
2024-04-17,587.3296706268276,173.745753610291,174.45017548523478,211.2328121928784,135.24791446334373,396.58034354638596
2024-04-18,591.7747011517929,170.5521331742224,175.05609334983637,208.83244215568536,134.4750785255607,402.70354765201716
2024-04-19,532.5700161279715,168.3794934502988,172.90169760815485,203.48404276834833,132.83279130141756,386.06736978155857
2024-04-22,555.7598424526535,169.15571599983178,175.35906955558107,206.513628941702,133.50903670514737,386.59702276581106
2024-04-23,576.0631791833991,171.9443450619782,177.5808144549706,209.20530636748632,134.36238336553433,398.12922251934634
2024-04-24,556.8711935600286,172.57292405894268,178.557040409581,205.7678827381081,136.06910150083203,396.04264495042537
2024-04-25,577.524024200971,168.34573325198744,175.04490015819886,202.36541457296147,136.76947902899775,354.2154347039687
2024-04-26,613.1894424048471,171.41699425762215,192.9421053754353,209.29852686543455,136.2945042281467,355.74827181309405
2024-04-29,613.3431171686614,169.69995345363424,186.43402446973334,210.85994798107745,139.67568161774815,347.1853223362655
2024-04-30,603.8728631105453,164.24929934815438,182.65260850162633,203.91517201386588,137.12369394957392,345.219231504641
2024-05-01,580.3824175398618,166.6160372863508,183.8644615042734,208.5760902313257,136.2945042281467,352.4579127819905
2024-05-02,599.7843238520713,167.83948748429404,186.96139998498938,215.24120470469254,139.29732216547416,354.45616138065657
2024-05-03,620.5558958902884,171.56043252355582,187.65710521090574,216.97740314149345,147.6295553882505,362.7060477147964
2024-05-06,643.9764747278927,174.4629711411222,188.62208615354692,219.8788133526673,146.2851417083013,373.71661541599667
2024-05-07,632.891754303324,172.6910651021603,192.15663006164806,219.94872428113047,146.8406024172324,375.7710105380855
2024-05-08,631.8991980081571,173.19733707101653,190.05833846570533,219.06315622061024,147.11435624425232,379.2700618777878
2024-05-09,620.262220585648,173.94824929725206,190.7091672844082,220.81100055215765,148.5875697102011,381.53312462868485
2024-05-10,628.1670431863076,174.96919070765279,189.23921448322994,218.4572318739427,147.56378449280848,382.15910283531923
2024-05-13,631.808339206194,174.53888901043317,189.78902820209274,217.39688649226449,150.1675848867639,375.5864550646108
2024-05-14,638.4969037699926,175.73700268391613,191.13554497326805,217.97950126944698,151.09464309022215,378.6681711466965
2024-05-15,661.3793271521126,178.8095868482739,193.5704787170875,216.7210512171338,152.94071959141397,386.444575699797
2024-05-16,659.4852336085427,177.92626704565774,195.44433645663108,213.97110875763286,153.03745901261024,379.7756520662877
2024-05-17,646.3455872754945,177.5966040148828,197.5538903379869,215.2178951352075,153.0616283588319,378.71632141799216
2024-05-20,662.427595222969,179.76476333996177,198.51887128062808,213.86622458494608,154.00482841004907,376.2525379308328
2024-05-21,666.662972133763,181.3285011402091,199.56241184605872,213.41178576994344,155.0608725084357,372.87394864863643
2024-05-22,663.6157570047843,181.95401460112203,197.91295341602648,213.38849398045036,153.89194714109388,375.4018995911361
2024-05-23,725.4624514716983,180.4663125754184,194.73745531252106,210.96481437377227,150.65129440000715,373.7968494149625
2024-05-24,744.1232789958793,181.80189064970892,196.35323052697734,210.61524195146438,153.15030305977967,383.7801948753279
2024-05-28,796.0663640488119,181.86950275040158,197.93537434618935,212.2465562155785,153.1583801872901,385.1444936950231
2024-05-29,802.5242295146219,181.3834449786716,197.37435016224515,212.0950884639056,153.40022253664984,380.6824616091976
2024-05-30,772.296398130878,175.25521570172805,193.12164555117704,208.94897222311863,154.20635956542822,374.8160260440893
2024-05-31,766.2370080693273,175.44962832995492,193.5592509785622,205.59310541695015,154.98027493499836,374.63946682274167
2024-06-03,803.7474314928438,174.7691579299981,194.31104307677347,207.8070344582468,156.41518718339768,383.19437068786215
2024-06-04,813.7906675431166,175.84690346142253,195.00673102924594,208.9722640126117,156.67314656599248,382.7930772940806
2024-06-05,855.7463351513329,179.20264359252528,196.82451916993847,211.2328121928784,157.89847534602612,397.29460136369414
2024-06-06,845.6679520747862,179.41817435799618,198.30568243619814,215.56746755751539,156.77795070743724,396.2513125792337
2024-06-07,844.899257766114,179.13501839125124,195.7585231274572,214.7518104254583,158.72071700077768,395.60931718855477
2024-06-10,851.2034484681099,180.83401969462807,196.60105262639692,217.96783759470847,155.68158300780814,403.3455430426961
2024-06-11,845.1224787734061,182.86691551657754,198.40970311527423,218.16592448535147,166.99172038597504,407.2538346687259
2024-06-12,875.1081268484489,186.40864460205609,199.7240567339355,217.76975070406544,171.76407442570508,408.35331933619017
2024-06-13,905.9328701145783,186.62840685532464,196.76960689182775,214.20415111250742,172.7072496623984,404.5493985442502
2024-06-14,921.7991351454572,187.04680012403628,198.60066103742403,214.00606422186442,171.2965315747446,404.99923708597566
2024-06-17,915.5084584216487,189.49810231527886,199.10618564616541,214.47214893161362,174.6661826180216,406.9833935242574
2024-06-18,947.6611503506857,188.64014523828584,196.69094362837498,213.01561198865744,172.7475484491171,401.2477114893001
2024-06-20,914.1104827808615,188.36967063435242,198.0502254745814,216.8492271793136,169.03125091503557,403.02310157961153
2024-06-21,884.6840890600541,190.094021562771,201.79103157611453,220.32160627292342,167.26582161632874,397.4641268447449
2024-06-24,825.5512471218532,189.20226498572234,201.33045246836215,216.23165693789957,167.78980510176683,400.7818064039491
2024-06-25,881.3288834242444,190.58851610893345,206.733879364168,217.12887089316632,168.53951390332958,410.172590094038
2024-06-26,883.4957670334381,191.09989730454225,206.56535964562494,225.60009473179727,171.9091773538685,412.1969499110695
2024-06-27,866.6506199303803,191.39154244804539,208.28413640596807,230.54067444310178,172.59439320796704,417.37030291913175
2024-06-28,863.5052815684761,188.8979646805705,204.62194174755606,225.18061138102618,169.78902443684677,405.0473873572714
2024-07-01,868.8174501246405,193.03135532458066,205.56555544011138,229.78326456476935,174.73066315822385,405.4169178606595
2024-07-02,857.424258458839,194.10906155426085,208.09316121037438,233.0459108729896,177.56829081033814,409.2889055148411
2024-07-03,896.6365350800907,194.7388065029714,208.74469824027653,230.237703379772,178.60014074797922,409.6584606980198
2024-07-05,879.5116005551147,197.6085019629256,214.11440737361863,233.0459108729896,182.46155361748612,433.71765320118783
2024-07-08,896.0770670661213,197.05062680386817,212.35071965917422,232.21859006619403,183.6546111092638,425.2106281296673
2024-07-09,918.3045165330905,194.21896233176724,212.29456369310378,232.27685509991068,184.34791649813468,425.75684125335573
2024-07-10,942.9779426370352,197.05487139224726,214.76597895040857,232.80120484337647,187.81429455534607,429.5245074330285
2024-07-11,890.4855384075072,192.17341134816903,208.46386658959256,227.27802813488148,183.45309236114662,411.8595524949325
2024-07-12,903.3465190322415,191.68734047585764,207.90216874133685,226.62550242923584,185.8473092867363,400.74964863690735
2024-07-15,897.7547232989597,191.8606480674219,209.54228223822722,224.56304113961215,188.95902576194237,398.57271835490934
2024-07-16,883.2161398563205,189.9841469864274,206.61028787317005,224.91261356192004,189.29761993976027,393.4556105894317
2024-07-17,824.7124724203675,187.44831984388298,203.35253362988382,218.98158161740855,184.5091364595332,371.12343578716474
2024-07-18,846.3804538733673,186.11699945855298,199.61167570801902,214.1109306145592,180.7202564432152,382.2573777611518
2024-07-19,824.2932720218921,184.73918510977435,199.5779924924431,213.38849398045036,180.82507299192187,383.0125546711347
2024-07-22,863.5052815684761,187.20315556324704,204.08273392323872,212.71265870531968,180.5429318558435,391.5356216064902
2024-07-23,856.8651109344709,188.01041339015669,204.2175013324303,217.21044549636807,181.38936767134058,392.57195069002535
2024-07-24,798.5711505276228,181.26933891453035,193.927451708417,210.70846244941256,176.17366494139554,370.5450155368536
2024-07-25,784.8014750533899,176.83163486478693,187.91741601025421,209.5665424645327,175.32720431137463,364.23098729095676
2024-07-26,790.2534304906462,179.7351560259596,187.6028665971065,212.654393671603,175.70610968317314,374.1037672898129
2024-07-29,779.9785872885144,180.3522196118586,190.44498723362946,213.4700508036601,175.93183499929773,374.1117882217304
2024-07-30,725.0396722726753,178.7419878481627,191.29876174453838,211.7338701468512,176.38323600249933,372.0874037249084
2024-07-31,817.9324614903367,176.81051672754288,192.70293727140216,217.8746170967602,179.02737240495915,381.4379840362477
2024-08-01,763.3430403846943,176.28642796795964,191.8267418303304,214.48381260635213,176.0285496059702,399.8419012619579
2024-08-02,749.7830719395663,172.64328728173285,187.22093347936303,195.642035065878,177.2377489455068,392.1300837206364
2024-08-05,702.1135554749138,167.0053210631541,178.8967399570254,187.62526782224168,168.70074627199,382.1609784993984
2024-08-06,728.6743448408017,168.89029822032532,177.81828976150297,188.68561320391987,167.05621333343922,396.90981874976745
2024-08-07,691.3494314814932,168.3915721863652,178.54850732830175,189.66441954238033,169.14413218399076,392.7567282816147
2024-08-08,733.7068862198486,170.19199819107172,182.01969224423235,193.19506366970677,171.95752845357376,409.39337506809306
2024-08-09,732.1691771129027,171.5993936526897,183.8620432221295,194.52342465048312,174.3195361272171,415.9324089641195
2024-08-12,762.0150383068534,171.9332750706809,182.31180345377328,194.36029322407174,175.56243359013058,414.47032881440197
2024-08-13,811.7816784774874,174.9762650216179,184.4125133318599,198.35702206114735,178.58087227021628,424.5840082484796
2024-08-14,825.3415935076819,176.18078487941372,180.1549376096162,198.20555430947445,178.94407004842304,423.15415990517533
2024-08-15,858.7523139516135,178.26393453167844,181.1996700426749,206.93311229247306,181.36528517595235,431.64519247244175
2024-08-16,870.7745732897956,177.17999242524382,183.06445922417882,206.315542051059,182.43868703376612,423.6842818054476
2024-08-19,908.6585273436052,178.47560062563136,187.23216121788835,207.66721260132041,182.30955225169473,425.1784950424162
2024-08-20,889.4370032619833,179.86013557267685,187.8050695312255,208.43626837439933,182.80992471769758,423.1299243508891
2024-08-21,898.1741373571692,179.5806870704729,186.31098572893976,209.86949574787047,182.72116316591635,429.90196014917206
2024-08-22,864.9032037943298,175.9436774563492,184.00809019017802,205.23188709989574,181.21193141861158,427.30727505311864
2024-08-23,904.2552138817401,176.46869635721302,186.05260955530642,206.2922324815739,183.07628381661272,424.15023625037963
2024-08-26,883.9151276767142,175.07146694677456,186.6592356311073,204.49778679104838,183.35067041399063,418.6234439623453
2024-08-27,896.7763753761162,175.219673824344,184.9966321102785,201.72453476206238,184.03669274011403,417.0006983763721
2024-08-28,877.9739448631025,173.8478333406915,182.9408850066248,199.0212114415315,182.7938076844625,415.1370780349679
2024-08-29,821.91662796866,174.91479709360982,181.73887786699223,200.5593052076974,185.45713812111373,416.293819816428
2024-08-30,834.3584081949191,176.61689013420104,183.53626607045646,207.9934754541432,184.81955374552905,418.776063786893
2024-09-03,754.885640296493,173.35669254337176,176.77359187533204,205.37170895682212,179.7914860376119,411.1044002647401
2024-09-04,742.3741001670219,173.12807429706538,175.75131491932393,201.96924079167547,178.24190587454075,411.89166090239314
2024-09-05,749.3638181261574,172.91213741357055,176.6387899192527,207.28268471478094,179.4767386172057,415.2013442094702
2024-09-06,718.7490489638003,170.0796083030961,169.53907628704215,199.70869261140876,178.21769930653332,401.8743066906974
2024-09-09,744.1913830361516,171.78166204194306,167.27812067003342,204.38125672361508,178.29033141781753,405.50529619049536
2024-09-10,755.584467872086,175.37209908912968,167.22184378985577,209.2169700422248,177.64465750746047,405.50529619049536
2024-09-11,817.1636603517975,179.11494830052052,170.03402954812586,215.00816234981795,179.70271207856874,411.16064550732483
2024-09-12,832.821927631445,180.79160001200015,174.00476246121357,217.8979266662453,179.7914860376119,422.22225101531114
2024-09-13,832.5422470393938,182.31162117205923,177.12064990987147,217.30366599431625,179.57356488923543,421.4350644170297
2024-09-16,816.3248856503119,182.62915306444216,177.7955406359063,215.43929159533553,174.58588281887035,428.8004517388856
2024-09-17,808.0064178042657,184.24230625779404,179.21289580045442,217.75810480931895,174.96519763031225,431.2448369106998
2024-09-18,792.4880442355773,182.40475320535202,179.76405684794022,217.23373728586114,178.11278349973125,432.5555312253954
2024-09-19,823.9443122610307,185.74115687828342,182.38497376207056,221.24212979767526,184.71462553146506,449.5617331950525
2024-09-20,810.8724494786536,184.29311031252877,184.01601870092128,223.25798972832084,184.17387983517202,451.3710579973226
2024-09-23,812.689892592584,183.54793614095388,182.05878204774433,225.91471168987357,182.77765342944164,453.8314356733909
2024-09-24,844.9151220013775,181.71036998793045,182.553735308828,226.0079321878218,183.50403657859331,452.96310192389456
2024-09-25,863.369393977533,182.95517413358323,181.65382342930198,224.3416446794841,182.696944190647,456.96734857544857
2024-09-26,867.0742003534066,182.61645860104917,183.04867129646783,222.7452858796015,183.6250942331543,456.5894516230757
2024-09-27,848.6199283772511,181.22346067840837,184.4209773193636,219.02820075637862,183.84300297426884,456.20350905899477
2024-09-30,848.8996089693021,182.18881632185716,186.55822053126724,217.1172249984198,188.0478488537427,460.28826118721025
2024-10-01,817.862648172191,178.1199722424881,187.8405837318533,215.71895308918027,182.56782181583753,463.52866832231047
2024-10-02,830.7947240734762,176.6126586464034,186.5694828166803,215.2878060636707,183.0278334588121,460.58570202250263
2024-10-03,858.7558393372275,176.36285675994588,186.5694828166803,212.02517753544242,182.13200433360842,468.5944421235158
2024-10-04,873.2257311753254,176.159614339844,187.9192815421938,217.32695778380932,183.0440125283568,479.18419471663685
2024-10-07,892.7984584450178,173.3990467230926,183.3298484160295,210.673506985181,178.91986348041564,470.21067224479293
2024-10-08,928.9382546737233,175.58800977146169,184.9046682950342,212.91074559596268,182.21271357240306,476.7317145735335
2024-10-09,927.2604916110178,176.75235014605184,182.0700443331574,215.76555444815838,185.25537122775813,474.8179942573829
2024-10-10,942.3595045364301,176.0664692059698,182.3174864168115,217.49008921022076,184.85184984830883,469.4467833687581
2024-10-11,942.2897446332181,176.26969852549027,183.62232236789205,220.01865298958566,183.6493008011617,474.3677855187998
2024-10-14,965.1479176355078,177.46367241524547,185.5571035440184,218.52714280240585,186.67581660875786,474.74558375201053
2024-10-15,919.920852422217,177.29432119926912,186.11952687691732,218.70193790355583,188.73385877260418,471.4086786359949
2024-10-16,948.7206889725204,176.1850163672114,185.7820383302902,217.76975070406544,187.06320854771013,463.7859304586437
2024-10-17,957.1790505295256,176.43907594262942,183.2736060827396,218.51549690765935,187.36182652761931,463.8985196629752
2024-10-18,964.658636844219,177.0487639011907,183.8248189505571,220.21673988022866,189.66199640784953,463.52866832231047
2024-10-21,1004.5731595968107,177.3112602510412,184.55600383021346,220.3099603781769,190.85644351296236,462.47538422269116
2024-10-22,1003.7342246505245,181.00754999607636,185.75958285323955,221.04404290703226,190.3560710469595,467.9832717911907
2024-10-23,975.5635091875355,179.7754665149794,183.10489635631384,215.22955880994604,186.23998671926685,453.252497147479
2024-10-24,981.5052795654161,179.8305020575118,183.03739173761087,217.17549003213645,186.08667018371185,456.54122731240847
2024-10-25,989.404173108452,181.2785224221036,185.90581982917084,218.86506932996724,186.76459056780098,460.9396102184945
2024-10-28,982.2739204591547,180.61799110706332,187.53686476802153,219.51759503561289,188.3706734016593,464.88753758809224
2024-10-29,987.3770763803504,182.88743102707642,190.86642471753817,222.36075799306207,188.58858214277382,477.04534535140414
2024-10-30,974.0254795909885,183.1330145263177,196.2432677832048,224.5746870343587,185.70733055774613,475.8552364931671
2024-10-31,928.0294529943577,172.04838987959127,192.47496235900658,217.19878182162952,182.32569409945364,456.38041379740963
2024-11-01,946.4837783854468,173.75045671901967,192.67742439478386,230.63387716105802,179.90447897192433,456.042695543996
2024-11-04,951.0275731225402,172.94175782815418,190.37148872989835,228.12864073117018,179.1780958227727,450.8321994512078
2024-11-05,978.0100199738466,174.21197710175576,190.93394660968502,232.46329609580712,180.3402840468915,460.2802155755022
2024-11-06,1017.8544623336251,177.90403535899327,198.5492207215342,241.30738414623903,179.75113762184552,459.9746304093396
2024-11-07,1040.713062655383,180.1268503097436,203.31862585953738,244.75647145035575,183.59281053763644,475.7748297356677
2024-11-08,1031.9749136764597,178.90325600540478,200.61897658817873,242.5774800932987,183.3746536512835,473.87720064293325
2024-11-11,1015.4080583771809,176.98526538306297,202.8687044666621,241.01607675764777,181.16890303427036,468.9159704343513
2024-11-12,1036.5885751466321,179.11071681272287,204.29728736973556,243.42811046957937,181.16890303427036,470.242706612882
2024-11-13,1022.4681238037975,180.02948678865317,201.2151522304291,249.47565470153216,181.8879907134126,466.36714038907564
2024-11-14,1025.8931961726864,180.74502744506304,197.50312368640857,246.42274117870144,184.39269430640678,464.0835193726792
2024-11-15,992.4799118119447,175.7108146216637,194.0273094875168,236.0871607210818,181.79104036876367,445.5253040966663
2024-11-18,979.6876762066852,176.0325911024257,197.18814243716375,235.02679755941162,184.23108971988867,445.7826649521616
2024-11-19,1027.640825968471,176.89210714860738,200.36027221911158,238.4176198298117,184.44114466420737,451.1619214524945
2024-11-20,1019.8119059883816,175.91827542898181,197.9530450792838,236.4017776791581,185.02289636114858,454.72400497717337
2024-11-21,1025.2643955749734,175.15887402598815,188.56047177920877,231.15824468451584,184.635082575291,452.7700072429015
2024-11-22,992.2700979529727,176.91101128759195,185.33211693741492,229.69004406682112,185.72580497074617,449.59396500146573
2024-11-25,950.8178660934353,177.6704126905856,188.58294452970327,234.73549017082038,188.1496876595884,454.39428297588665
2024-11-26,957.1091837964464,181.5734951132866,190.23651403938018,242.2046158814978,189.91912450389563,461.17263680054157
2024-11-27,946.0645779869715,179.45224897026156,190.36024371792914,239.73433491584154,189.81409703173628,457.6830131408162
2024-11-29,966.4061598101366,179.65165292000825,190.0452970155721,242.23957134572936,191.75319077554815,461.79989835628277
2024-12-02,969.0624844554197,182.8419982107226,192.9024455482751,245.5255272234347,193.5791923269522,476.68349026286626
2024-12-03,980.4566375900251,182.93532675273661,192.73371854840542,248.70659892845325,196.0515501881189,493.42443384406306
2024-12-04,1014.5691234308947,185.5741244652179,196.14202812859423,254.20648384745513,196.3424012220657,493.52887871752455
2024-12-05,1014.0798426396058,187.78022307408025,194.19603648738646,256.9913817711877,196.36664501185885,489.62922501817513
2024-12-06,995.7640755861371,188.1832755619527,196.52449672309814,264.5420643050748,196.20505283260272,501.5617062940808
2024-12-09,970.3874952969819,189.22267569156986,197.49296690140415,263.44674567917303,199.36418986286998,493.3601183099798
2024-12-10,944.2422741140882,188.0814316420177,208.52928112158543,262.2232510910914,200.18830501417156,497.9835809055669
2024-12-11,973.8829685482856,190.48267651166626,220.04976997386615,268.3057507872758,199.15411010402744,508.72605204239767
2024-12-12,960.1112098916445,190.72448704345948,216.17582016686666,266.8026124853415,200.3418324731792,507.20636926161706
2024-12-13,938.5098902757113,189.7529610261633,213.76588109634892,265.04312225904755,200.47916845538026,498.81183467526614
2024-12-16,922.7803674747122,191.58573236638816,221.46873156869557,271.4169115638312,202.83031977484293,502.3444998896505
2024-12-17,911.5253068270628,192.80331350385663,220.07227727124845,269.342804379461,204.80174684322034,498.48176715691216
2024-12-18,901.1789410289118,185.5614169012435,212.16670566146624,256.9564263069561,200.41452662077305,480.57662849751966
2024-12-19,913.5526172148988,185.40866412192238,212.2905908010102,260.18409937095277,201.82036865449203,479.2729432433305
2024-12-20,941.6554957122833,185.22626472685485,215.55644628947857,262.08342923416507,205.61780968153536,470.96809501571266
2024-12-23,976.3995597274102,184.65352040788923,219.18264309083403,262.2465606605765,206.2479993290153,482.7171560885074
2024-12-24,980.2445803038441,186.38443472759764,220.84932314441974,266.8958329832897,208.61535453254646,489.07452204654936
2024-12-26,978.2171630861412,185.86687005756002,220.27501568212787,264.56537387455984,209.27782787554423,485.5337618608759
2024-12-27,957.8041120818904,182.65108343773403,217.07671663269412,260.7201127891571,206.50654185292035,482.68492428209424
2024-12-30,961.1597450371685,180.2328602145692,215.36497016401222,257.86530393696137,203.76755193307622,475.7884036204512
2024-12-31,938.7893572080282,178.8201197157331,213.18027680175624,255.63971122092627,202.32938898205367,471.17733027970286
2025-01-02,966.8921288755456,177.58132873695067,213.3266519652386,256.6068538846482,197.02110326365582,482.22627505515476
2025-01-03,1009.9552483009878,179.60500174958264,215.98437858828805,261.23281663787645,196.62518753576393,486.5637975978296
2025-01-06,1044.6294455830357,181.51408397656098,221.70520501548262,265.21789958020554,197.95025829437867,507.1407210188459
2025-01-07,979.685219119742,179.18922859715437,220.15114781602782,258.8091370311983,195.696044912303,497.23449990384137
2025-01-08,979.4755120906372,180.11834803240404,218.41687677651973,258.83244660068334,196.09196064019488,491.4645129600675
2025-01-10,950.1143914186239,177.738299903488,216.26590117672743,255.11536147746043,191.36536458242864,495.60084585046036
2025-01-13,931.3791034770785,176.99163226563158,215.10595487295512,254.55605626976302,189.3858603865408,489.54126624477794
2025-01-14,921.1027112418739,176.3467692459659,213.5856672562957,253.74038135771397,188.48096155287305,478.2106756999636
2025-01-15,952.4213823985108,180.86074488071856,220.21866970817467,260.25402807940793,192.18950454825406,496.61479036399794
2025-01-16,933.7560680199118,180.1267848068365,217.24565091389044,257.1195577333675,184.42500281644845,491.93130651787715
2025-01-17,962.6977746337154,182.0146964942451,220.72543800487577,263.27196835801504,185.81467818788465,493.11430759644566
2025-01-21,984.5089081086206,181.7898643159682,223.03408560045125,268.83011831073367,179.88427994951732,496.083730631686
2025-01-22,1028.1313887181652,189.29902588006757,223.39442691333838,273.84059117050936,180.84573108301998,501.7490752636743
2025-01-23,1029.180030693556,189.51540818333058,222.95524960255966,274.318339554997,180.708382693557,512.1702648875746
2025-01-24,997.0223177607659,188.39112938671332,225.466566515239,273.6541679546048,179.9973845491871,521.0544958773335
2025-01-27,827.8459526670243,184.36078791612852,216.00686861222647,274.318339554997,185.71772784323574,531.0251312455835
2025-01-28,901.738302213014,189.7232751086726,219.93716439317916,277.49941126001556,192.5045869647321,542.6534587831765
2025-01-29,864.7572207809465,187.6571955139941,220.0610495327231,276.24097898769435,193.39334395064094,544.391656429181
2025-01-30,871.398406298689,176.05826824200287,226.2097909852833,273.4094619249917,191.9632829416526,552.8493712792516
2025-01-31,839.3806939067249,176.0879803606564,229.75722088252272,276.9517519470647,190.67859782059,554.6037095082534
2025-02-03,815.5422500439838,174.3315985106735,226.6152159867105,276.64879866372695,184.22300018511635,561.26675935162
2025-02-04,829.4538489966505,174.94676251226707,232.41491295868443,282.0554630847806,188.09313535975352,566.6826900206589
2025-02-05,872.6567553031849,175.33706813442086,215.46634800617386,275.1922617207708,187.82650330107612,567.2299396955489
2025-02-06,899.5710446992856,176.4104118704892,215.77041243888334,278.29177660257955,188.4324863805486,572.9595505020394
2025-02-07,907.6803930804961,173.83523058136842,208.72068815327626,267.01234527073103,183.9159824888868,574.9954851408226
2025-02-10,933.7560680199118,174.88311988774373,209.99325731117943,271.6616175934443,184.13436270595435,577.3131642681304
2025-02-11,928.3731246767979,174.55219920115275,208.69819812933784,271.2188246731882,188.15435279007062,579.244505954709
2025-02-12,916.7684098741511,173.53400891284957,206.7724682378073,266.7559933463714,191.59194599962578,583.7349938389988
2025-02-13,945.780090050901,174.1703827557571,209.62161916599152,268.4339267494556,195.36119772758516,586.2939425983858
2025-02-14,970.6672827189003,173.27520692695865,208.5968030137323,266.46468595778015,197.84434990662294,592.8202664022967
2025-02-18,974.5120896356,173.7885663103614,206.95261298408502,264.0992713848187,197.7391983618444,576.4842194642968
2025-02-19,973.3237141940505,175.96492659940742,208.64186942882853,264.0759795953256,198.06273012369047,566.34472496934
2025-02-20,979.4755120906372,176.89590631721825,207.84231625827493,259.70636876645705,198.83922620374014,559.1584142074644
2025-02-21,939.7680256204728,173.52912239598106,202.32417642162818,252.36541901795948,198.61275645190025,550.0730922845854
2025-02-24,910.75645227359,171.73947816978065,201.86243999313552,247.85598633216455,199.86648545447056,537.6641429729881
2025-02-25,885.2400316884093,169.14637528528152,197.54927832846957,247.96085272485934,199.8179482458365,529.1098807824209
2025-02-26,917.7471851164629,169.9243140109801,194.5199481071199,249.7669620901234,194.41483382457818,542.1464371668267
2025-02-27,839.9399482609599,166.86359897338602,189.75634684626212,243.23002357893637,191.93975877305084,529.7053054083972
2025-02-28,873.2859298054327,168.7595282166218,191.7608609153526,247.35492837819183,195.61192367648016,537.7205116145253
2025-03-03,797.3662164566737,165.14619135311844,188.0783699603756,238.8953682142994,192.53023277512236,527.1383110373021
2025-03-04,810.8584013511309,165.19720501715588,192.48161263490235,237.47378673557483,190.83164139638274,515.0270987184833
2025-03-05,820.0163382927987,170.47266504734745,194.84651983721162,242.78723065868024,190.67795264297013,528.2809853381684
2025-03-06,772.9685182396975,168.71701682992392,194.0919985348665,233.8615680050467,190.34633134635172,505.3139722844718
2025-03-07,787.7889188717297,167.1951746890479,195.7925172650231,232.17198870721592,193.37143272608884,503.48727290967884
2025-03-10,747.8716185425935,161.605156598455,187.00967926064826,226.68374968296052,183.99686542934833,481.22037615332516
2025-03-11,760.3151614616596,161.72841996900664,184.94645275579228,229.0724738254071,178.6261091471794,487.4329211006224
2025-03-12,809.1851251428432,162.92718867156043,188.40772271493282,231.75250535644483,175.50397057195988,498.57841321657077
2025-03-13,808.0665096045058,161.01425487364557,183.5033256129676,225.92635758462006,169.59936703112587,475.3056175583876
2025-03-14,850.6441406989412,165.17595587409767,186.58124603196606,230.65718673054306,172.6810703397456,489.38879449897337
2025-03-17,835.6825109826111,165.23548491605607,185.2282862662216,228.082039372192,173.09358698408744,487.21415943749327
2025-03-18,807.0178142141812,163.03346058801435,181.14695149193759,224.67957120704543,172.03399440879147,469.05936001724626
2025-03-19,821.6297897755137,164.86139781369639,184.77734574015713,227.84897923732547,174.0965652232389,470.42864415462554
2025-03-20,828.6911371605356,164.44481242522025,183.54840930150772,227.1614980674482,173.17448233181088,471.99122041132205
2025-03-21,822.8882456098767,166.32372401319543,184.8900895083952,228.6296986851429,176.54738407771114,480.247005215395
2025-03-24,848.826430510343,167.0974050499335,189.05034664779026,236.8445528194222,178.53714907920747,498.4501276654713
2025-03-25,843.7925537579575,167.9816025915046,192.29739135586775,239.69937945160993,180.97986599164543,504.4588175431108
2025-03-26,795.3421643797842,165.77535987624668,186.09643228244292,234.36262595901943,179.18422501016155,492.11127155031596
2025-03-27,779.0521586810785,166.03465968423146,182.91706492750723,234.63062377812562,181.06074893210697,485.34545505924285
2025-03-28,766.7472809295,161.0270017393642,173.99895858406816,224.56304113961215,176.24808369839633,464.5327409196418
2025-03-31,757.7283830598544,159.5774486067466,174.34845217419544,221.6965686126779,179.66953506019257,464.226760876831
2025-04-01,770.1032343743792,162.46809189638645,177.08815856192362,223.922161328713,180.5269140807038,471.99122041132205
2025-04-02,771.9908112960567,162.44685585390965,177.0543026119088,228.39663855027635,181.0930946639344,470.32390312367795
2025-04-03,711.7250386173278,158.60818899003556,169.92886882175335,207.88860906144845,164.34992895601823,428.1910583514776
2025-04-04,659.3593880251063,152.96714413482385,164.1563257035668,199.25425379640612,152.37090368044056,406.53264183028284
2025-04-07,682.6406607160205,152.1254579799506,165.4528876750264,204.2181252972037,146.77366523916982,415.8113792714316
2025-04-08,673.2722689361782,150.72264772182854,163.14163178942428,198.8580800151201,139.46166875687675,411.13979108433927
2025-04-09,799.3272923269113,165.99639288591268,178.93715981571654,222.67537495113837,160.8395423407739,471.8059739037129
2025-04-10,752.0653318052211,162.11102244928733,172.29650522819645,211.16290126441527,154.02094544328418,440.0069522969882
2025-04-11,775.5564717700407,165.12921299960212,177.16706365359076,215.4159820258505,160.2733245357575,437.81617665251093
2025-04-14,774.0183887585601,164.85714012473588,179.34303392668477,212.2116007513469,163.8080045698427,428.078321068403
2025-04-15,784.4355293436606,163.97294258316478,176.23130937800315,209.26357140120297,163.5006394702794,420.05610580176835
2025-04-16,730.5317957399587,157.970557491312,172.87150362824372,203.13447034604044,157.13500689099328,404.58345665516157
2025-04-17,709.5575674438651,156.3424303334006,170.42496213013348,201.13027409013338,159.32698544727435,403.914955169469
2025-04-21,677.5370240604229,152.66110145234356,166.49012343343898,194.96621757073927,156.23719260388228,390.36735436285943
2025-04-22,691.3799314085485,155.93433412168264,170.77443844681684,201.79444569052555,161.55941167741713,402.94839585372114
2025-04-23,718.0870776923547,159.1523478403495,175.1489553841627,210.44046463030642,165.49041687903764,419.04921970831816
2025-04-24,744.0951293259002,164.6403124017047,179.57981829546173,217.36191324804093,168.53976204856798,429.42336965149605
2025-04-25,776.115832954143,166.57453464442204,182.60135819361923,220.21673988022866,169.27583526927975,440.79626135725397
2025-04-28,760.1754279955011,166.28121262649756,181.0793259591274,218.71358379830235,169.971436001606,442.785699270706
2025-04-29,762.202845213204,167.5055012616515,180.57195309189032,218.35236548124794,170.83690455688952,446.57133233787397
2025-04-30,761.5036971480098,168.0241270787839,179.0386412985415,214.89163228238465,171.88031806264078,442.18968232975743
2025-05-01,780.3106145154414,180.83656120742296,181.85725277793682,221.6266576842147,172.5435854704015,460.8841300494158
2025-05-02,800.5157745983281,185.03652900619383,184.93515592349144,221.37030575985506,166.0970575433919,480.86730707021087
2025-05-05,795.7616318529273,185.41488689809543,185.13813616258525,217.14053456790487,160.87190047986326,482.6795440877619
2025-05-06,793.8040279533701,184.19908743969967,184.03322305103086,215.5791134522619,160.56452297303804,473.04638017502043
2025-05-07,818.413783456527,184.21610509496023,170.67297423743574,219.8904770274058,158.73653625972668,480.6981024264368
2025-05-08,820.5812012150561,186.2650491291454,173.9425780632272,223.81729493601824,159.73951449887812,481.66466174218465
2025-05-09,815.5473778776044,186.50311289465338,172.21760013652928,224.95921492089815,160.58070204258271,477.21854812124167
2025-05-12,859.9427725755713,190.979411257251,178.65532630528722,243.1134935115031,170.7207725853111,515.0261608864438
2025-05-13,908.3930551238776,190.92838449263218,179.86165180589106,246.29456521652165,172.45396781754775,528.3966348365238
2025-05-14,946.2167037177128,192.54373858366208,186.44594314601406,244.9895138052303,171.96801258989683,531.0786863910021
2025-05-15,942.6509364138616,192.9781538634466,184.85623355838038,239.07014553545736,171.25530224338183,518.6104068630054
2025-05-16,946.6361177759223,193.46364831017567,187.37046968307635,239.5595398146916,171.10142738104042,515.7592000243343
2025-05-19,947.8248137070732,195.42268305409664,187.76506423518762,240.22372919507578,169.0928529704722,515.8317092488687
2025-05-20,939.5049036578213,195.12457932395498,184.87879267609435,237.7884036936511,167.53782601941788,513.1494602560664
2025-05-21,921.4672147483974,192.7396708793333,190.04253326455049,234.35096228428088,163.6745644678848,511.8607309549295
2025-05-22,928.6682955995776,193.71491746175187,192.64691949288277,236.65812960351772,163.0833336228361,512.7225492397298
2025-05-23,917.901340614679,191.72180810556554,189.94105178172552,234.199494532608,158.15097553337577,505.0627813766054
2025-05-27,947.3352124261831,196.19779205420915,194.93563353421484,240.06059776866434,162.1519328777056,517.3539093682818
2025-05-28,942.511096117836,194.77961481408505,194.32681373104057,238.5457957919915,162.32201162411556,518.3688410734401
2025-05-29,973.1335570306237,195.34178696384726,193.76309488985027,239.6877157768714,161.9413444211243,519.5528293436292
2025-05-30,944.748540854245,196.05724901676862,193.62780927734215,238.88370453956088,162.67028346623164,521.5180810623762
2025-06-02,960.4791319539149,196.74292034754794,190.57241342916987,240.79468029751973,163.35870039390574,540.3736384545194
2025-06-03,987.3261185337467,197.16878094766724,187.35919012421937,239.69937945160993,164.63025863185618,537.1114637441847
2025-06-04,992.220101575173,197.552077758763,189.46753486450322,241.4705155726504,164.26579531293348,554.1064117293666
2025-06-05,978.7267415521778,199.1746895718979,189.64792143899533,242.26288091521445,162.4920903705255,551.4242614557263
2025-06-06,990.8219122746516,200.32455380402237,195.81504183584926,248.85808446011808,165.1566987551546,561.9675666830973
2025-06-09,997.1840581795457,201.33388809928775,198.77254907752467,252.83150372770868,163.15621387935872,559.0276606773134
2025-06-10,1006.4826366412423,200.55453451079615,201.60584298422236,253.565604036556,164.14430340420526,565.7451047789762
2025-06-11,998.6516868936778,201.27851194163847,200.19484444702394,248.4269374346085,160.99375219918716,559.0920749305587
2025-06-12,1013.8240919377836,203.94024877218078,198.33230081322512,248.47355657357863,161.33392209926902,558.4638261831969
2025-06-13,992.6386609944459,202.27507317002238,197.16960803187501,247.14519559280225,159.10665729008525,550.0147492598069
2025-06-16,1011.6565139344539,204.05524567585834,199.54014637689085,251.80611381026208,160.70219395131093,565.9546855600336
2025-06-17,1007.6711189126589,203.58678198497125,198.614497065976,250.3146214030743,158.45064813054822,562.0129774976457
2025-06-18,1017.18015221253,204.5237093667454,195.64574481233137,247.6345898720365,159.21194531474495,560.836195726287
2025-06-20,1005.7833283312474,203.31421128801117,188.1052647125047,244.33698809958466,162.79177537495985,550.0187473858703
2025-06-23,1008.0207730676565,206.97676703589784,186.46846771684022,242.9154066208601,163.19671118226813,563.0609307625136
2025-06-24,1034.1004007121546,208.7271095178475,188.25203716519638,247.92589726062775,162.2248131342282,574.0798155531177
2025-06-25,1078.9184143643438,209.64701924436108,192.66564390605424,247.01701963062246,163.2452980199499,571.2424787567161
2025-06-26,1083.8827982881849,211.8530785514792,195.8940678416236,252.9946351541201,162.79177537495985,585.2761480375278
2025-06-27,1102.9706247911392,211.2099972108862,201.526816978448,260.1957630456913,162.85656609671014,591.3538426094486
2025-06-30,1104.648601513579,211.83603469505582,198.93058381562946,255.63971122092627,166.1690692915801,594.9488983342561
2025-07-01,1071.8566396598537,209.5533238860674,198.49031827788602,256.8865153784929,168.31533949494505,579.7383979225046
2025-07-02,1099.4747242203673,209.14449404179004,201.650995766538,256.2572814623403,172.0571215450118,575.1841868191038
2025-07-03,1114.0876612505037,212.44505452396484,202.6556365363394,260.3239390078711,172.95612692926719,579.5691439191495
2025-07-07,1106.396551798965,211.96806235457535,199.56270549460478,260.3938499363343,170.04043278514743,579.037096995217
2025-07-08,1118.7022841894802,211.49958556310685,196.81969987909454,255.6047557566947,170.0890320300911,580.9071834417363
2025-07-09,1138.8389663275598,214.43390619119066,199.37081480648519,259.31017720517906,171.004241298415,590.668682265158
2025-07-10,1147.369117555252,213.56935952174493,200.4995998174888,258.98391435235624,172.032815718909,586.2030716097079
2025-07-11,1153.1024628624327,214.35297079919704,203.4006574445477,262.19995930159837,171.02043277522162,578.3600316222156
2025-07-14,1147.159410526147,214.2252139292194,204.94713160213695,262.98066096942387,168.96325911970973,581.1087186110856
2025-07-15,1193.5155606047506,215.41768125211166,205.44382948105303,263.74971674250276,169.36011779950758,572.620845057005
2025-07-16,1198.2001571066735,215.33251437232036,206.53877581548574,260.06758708351146,170.2105239388193,566.5914241553327
2025-07-17,1209.596874158089,217.92184428937142,207.22734710907758,260.871598320822,170.09714637938725,565.3823612179798
2025-07-18,1205.4717456701355,217.2191291021687,208.89798278131292,263.49336481814316,171.03662425202822,567.695795421319
2025-07-21,1198.2700238397524,217.22339989171059,214.58719880619776,267.18714037188096,172.08950449862505,574.7004629250006
2025-07-22,1167.855347018462,215.183429755796,215.98693505798306,265.0547681537941,173.6445438569413,568.1230025951417
2025-07-23,1194.07502861872,215.4389565963327,214.7339194385578,266.01024714277753,173.4420573423943,575.1922324308119
2025-07-24,1214.7710719409017,217.572622090541,216.92382938086706,270.6012544317741,173.12619326841522,576.1756233636913
2025-07-25,1213.0928815587279,218.77786248031472,218.06392849761545,269.6807309070223,173.22339175830257,574.4667453088192
2025-07-28,1235.8165557583468,218.26252490911799,217.3866540363245,271.25378013741977,173.36107514383738,578.4567764010362
2025-07-29,1227.146457404762,218.29234183242286,220.96498612467434,269.17967295304953,171.10951691581275,564.2458568647423
2025-07-30,1253.4361125679663,218.57767249568303,221.84546537982962,268.2241939640661,169.31151855456392,560.3848023577591
2025-07-31,1243.6475055059113,227.2059512273214,216.61905673695836,272.79189168357766,168.11285298039803,623.4432959909593
2025-08-01,1214.6311248150091,223.2069725486487,213.49225247176506,250.23304679987257,163.90943393604502,604.5571850181578
2025-08-04,1258.5401231280987,228.11735867649543,220.16349832840567,246.62082806934444,164.69504935360646,625.8050532241277
2025-08-05,1246.374231033609,224.75719054887375,219.74586100215166,249.06781724550763,164.34677751149036,615.3987701936987
2025-08-06,1254.4848613732245,223.5604524364396,221.34876750091354,259.04217938607286,172.71314311181075,622.2744611121466
2025-08-07,1263.9240279400165,221.81435454286898,221.83416854752878,259.9976761550483,178.20432427818272,614.084867506236
2025-08-08,1277.4182426019484,222.32543442510524,227.36533256086494,259.484972306329,185.75269150732848,620.1061934366195
2025-08-11,1272.9434599589974,222.21043752142765,226.89124561999444,257.86530393696137,184.20400466711564,617.3413658647524
2025-08-12,1280.6345694105362,225.3917303103829,229.53266611201636,258.0633908276044,186.20673525731917,636.7917062083185
2025-08-13,1269.6572664173302,221.7036284287333,227.97491239557016,261.66394588339404,189.19059489843167,628.7955034408873
2025-08-14,1272.6637793669463,222.51277273936694,229.0811555623037,269.14471748881795,188.74464068321333,630.447963494641
2025-08-15,1261.6864763737403,221.52902387960881,230.16478779099168,269.2029825225346,187.77974033089671,632.9467922843323
2025-08-18,1272.5938058039999,220.22155965303898,229.713277241279,269.73899594073896,187.21215772706904,618.5504781616863
2025-08-19,1228.0555795737287,217.099887610112,227.53468140471446,265.68398428995465,186.94459512374755,605.7420617608055
2025-08-20,1226.377496021422,215.37507816134388,224.99484603618077,260.79002371762033,183.2553206061295,602.7112847663437
2025-08-21,1223.440742975018,215.09780435565511,225.48022980935212,258.62269603530183,182.3552978263966,595.7629859041994
2025-08-22,1244.4864404521975,216.37327696240484,232.636876712608,266.6511269536766,184.67427711569871,608.410144553852
2025-08-25,1257.2116937307894,215.10634593473893,235.3460609249912,265.602427466745,184.1877883757852,607.2091272282072
2025-08-26,1270.9158290815603,214.15934420585518,233.82214588511587,266.4996592020037,185.9310583047015,607.8539607947954
2025-08-27,1269.7272399802764,216.16425718589815,234.20594453479896,266.97738980649945,186.88784430772193,602.43724037246
2025-08-28,1259.7287122293824,217.40133198851498,238.90181662218325,269.86717190291876,188.56626147857835,605.4438311722166
2025-08-29,1217.8472379638627,216.14291633877002,240.33540882398336,266.8375679495731,188.225706953377,595.4405691209053
2025-09-02,1194.07502861872,215.47318841557507,238.57445031367277,262.5728235133993,186.26351088786862,592.5468143233853
2025-09-03,1192.9561994206483,215.5713117703877,260.3718264257263,263.3302333917317,193.358256213929,594.1105752100266
2025-09-04,1200.2277879841104,216.6889485722266,262.22305595378043,274.6212928383348,194.4204419069664,603.4609087234606
2025-09-05,1167.7854802853826,211.15621932416983,265.2708687600871,270.7177844992074,194.34744998508646,606.5240162434977
2025-09-08,1176.8050191342309,212.52127370664837,264.42348542341574,274.80773383423127,192.87985700878784,606.4030359103909
2025-09-09,1193.935081492827,212.61085548237716,270.73920925801315,277.6042954327023,190.01763816354656,617.2043436678105
2025-09-10,1239.871924343088,213.4469476889854,270.21946860495433,268.38732539047754,183.887768375279,606.1451320995042
2025-09-11,1238.8228550482288,213.7199769062951,271.57526121549597,267.94453247022136,186.51485719985965,605.2745771688615
2025-09-12,1243.3680385735943,217.5122415107905,272.0610768247644,265.84711571636615,189.7906224921822,609.0550274800212
2025-09-15,1242.8784372927043,219.84135457915758,284.27445533160824,269.66906723228374,191.9230710057674,616.3982523499942
2025-09-16,1222.8106604189,217.1453859293729,283.76604605773804,272.7219807551145,193.09878314537985,627.9249978698256
2025-09-17,1190.715977107695,217.56342548238635,281.9244205644841,269.8904636924118,193.77989219578262,625.2811012714843
2025-09-18,1232.3202278681065,216.8937106597728,284.7489913820197,269.4360248774092,192.87985700878784,628.9326243569911
2025-09-19,1235.3267408177226,220.9376636344498,287.7882192867156,269.7273322660004,199.05837567104675,627.4252321118873
2025-09-22,1283.8533533060672,219.45318435177472,285.31388481739424,265.2412091496906,207.63693026473624,617.1852908695325
2025-09-23,1247.6332210173075,217.22645232718074,284.33095676655637,257.17782276708414,206.2990676190812,609.3128819313268
2025-09-24,1237.4244520879731,217.61888024352407,279.22414944914556,256.5952079899017,204.58011592352955,613.5555353592604
2025-09-25,1242.4590232344945,216.28795287563656,277.6988870806472,254.19482017271662,208.27747997592,604.0779034863474
2025-09-26,1245.9551374650007,218.17769864444352,278.54625314387476,256.0941500359289,207.1342252334923,599.9158542542375
2025-09-29,1271.5468731064825,219.51712828967064,275.7329964320838,258.8790479596615,206.2990676190812,599.6335668103216
2025-09-30,1304.6203316599992,220.94620521353357,274.6596937228391,255.8494617863078,206.4612429396476,592.3579152067799
2025-10-01,1309.235381918444,221.69697333337353,276.6933480917638,257.08460226913587,207.12611088419607,578.6132956324853
2025-10-02,1320.7725802450877,220.00346117361036,277.5859014841948,259.15870945350616,208.48830417047773,586.4454765121508
2025-10-03,1311.8922407130628,220.6902198526473,277.20179191252174,255.77953307785265,209.20993533831376,573.1444514925813
2025-10-06,1297.3484226069359,225.47646487098746,282.94125638566834,257.3992014472202,208.13155816846978,577.2581776948618
2025-10-07,1293.8522015465626,223.51845197241698,277.66499658374465,258.42460914465886,207.96126849860715,575.1771283990164
2025-10-08,1322.3108235013688,223.88956524279502,276.37700224045204,262.433001656473,209.2423679209747,579.0166621286702
2025-10-09,1346.504156182595,222.84447946084293,272.88584922339027,265.3693851118704,205.98283132724453,591.656170043263
2025-10-10,1280.7067864006915,217.96440807839494,267.2819640112979,252.12071298834636,198.8718821171156,568.9016993454858
2025-10-13,1316.7870783934256,219.28252307765672,275.84598202853624,256.4320765634902,200.8097723565212,577.2904095012751
2025-10-14,1258.8208720188209,219.07778719127333,277.3147429620864,252.14402255783145,200.8989557552077,571.6038402494436
2025-10-15,1257.4224690585652,219.0180616405937,283.61915269093913,251.188543568848,202.17194082827902,578.7826483550025
2025-10-16,1271.267085684564,218.24168188408368,284.1049855736515,249.90678394704977,200.63948268665857,574.3624485141008
2025-10-17,1281.1263072887682,219.08205798081525,286.18384454522345,248.24049643871206,204.56388722493722,578.2744914682889
2025-10-20,1277.0707250442927,220.45134385109145,289.8557814259867,252.2488889505262,212.63163484534843,590.5752445782665
2025-10-21,1266.7222226488,220.82248332263234,282.9751641560148,258.71591653325004,213.06137276923636,591.4626311260408
2025-10-22,1260.5689291340739,222.0510558479096,284.36484726345896,253.961777817842,209.55860421281133,591.5755164878585
2025-10-23,1273.714451109812,222.05957122583055,285.9353142346047,257.6205979073483,210.4748060620889,592.0513922085778
2025-10-24,1302.382780093723,223.36061616750612,293.6632975678041,261.2561262073615,213.10191970119342,595.5681636378702
2025-10-27,1338.9525665374804,226.73488052073242,304.2270794570646,264.47215337661163,217.95879200912776,605.6185640890661
2025-10-28,1405.6588448286166,231.23527085255571,302.1934423615838,267.12887533816433,218.1128405731361,606.1186260044906
2025-10-29,1447.6825096472378,231.0134518080047,310.2151951549372,268.3523699262459,218.68042317696376,606.3041193100049
2025-10-30,1418.6645265083293,224.27778787250355,318.0222735876865,259.683059196972,220.058820347314,537.5810214385319
2025-10-31,1415.867613757951,220.88646656227252,317.6945618102984,284.57236318940693,219.22368754742675,522.9653039782032
2025-11-03,1446.5637872790332,220.5537641966088,320.55304039818054,295.9683068086968,218.15336269056934,514.3829561860297
2025-11-04,1389.2968892144231,219.40200038017886,313.57073436405705,290.515041028665,218.95611253684336,506.0022916419483
2025-11-05,1364.9638230670387,216.34342073735576,321.2195880508188,291.5404309461116,219.03720640075753,512.9633252759987
2025-11-06,1315.108888011252,212.0520370814577,321.7167523127198,283.1973830696605,218.7371739929894,499.2428918964093
2025-11-07,1315.5980619726736,211.93259908067978,315.02819846530633,284.79375964953505,217.68310264924818,501.4772520509369
2025-11-10,1391.8142282026176,215.84858557607646,327.7612830783211,289.44301419225627,218.67327659409744,509.5836747628103
2025-11-11,1350.6296051601498,216.99180781342258,329.1284070680514,290.25868910430535,223.39687009447883,505.808703365145
2025-11-12,1355.1046014628348,218.0412167872422,323.931173271902,284.5490536199219,221.95219333094784,491.23326332293755
2025-11-13,1306.5782026342242,214.69255097010463,314.7344462785963,276.83523965962337,221.53017272397463,491.9431034577435
2025-11-14,1329.722572850458,217.63166641098698,312.2940541265092,273.4677269587084,221.09187378936141,491.59625368183913
2025-11-17,1304.7602787858918,216.4841864846804,322.02176678484295,271.34700063536803,217.07437756489122,485.5870208488083
2025-11-18,1268.1207324389225,210.64006951692522,321.18573210080405,259.32184087991754,217.05817368082268,482.1024812259291
2025-11-19,1304.2008107719225,207.7947804401507,330.8231046476187,259.484972306329,217.96715450366239,476.1577613653057
2025-11-20,1263.086161292401,204.4697873736334,327.02691988499,253.01794472360513,216.092342783862,475.2140061759942
2025-11-21,1250.7797879226832,201.7730457895452,338.56240208656294,257.1545131975991,220.34517995244545,479.3277323782748
2025-11-24,1276.4414971271112,202.57651754842533,359.938599816366,263.6681421393011,223.94065556994244,494.49193350301925
2025-11-25,1243.3680385735943,203.85436136041153,365.42955125233766,267.6182696173986,224.7928607622327,513.1810503879261
2025-11-26,1260.4289820081813,207.4913578739538,361.48650766979773,267.0240089454696,225.263567464983,511.0758642569566
2025-11-28,1237.6342659469449,210.27358075178734,361.7463693596052,271.75483809139257,226.31868101872553,522.642640397004
2025-12-01,1258.0516969757466,208.021289492849,355.76961958780896,272.52389386447146,229.7680487198435,516.9317862313053
2025-12-02,1268.8199339190505,209.41454942711815,356.8089972532633,273.15311000063207,232.27592857188944,521.9569864569032
2025-12-03,1255.7443855062584,204.17063559697843,361.124905395507,270.77604953292405,230.62022909760992,515.9074268461702
2025-12-04,1282.3163920081913,205.49978128579323,358.85400027482046,266.96574391175295,227.8201582273298,533.5964199002283
2025-12-05,1275.5335500866825,206.49128568975019,362.9777931741741,267.45513819098716,226.2618557591284,543.18698649454
2025-12-08,1297.4906131600374,209.8504712737656,354.6795616379958,264.37893287866336,225.53952978462482,537.8472176590318
2025-12-09,1293.434817255828,210.27783844074784,358.47819922965624,265.57911789725995,224.9632620974526,529.9101970292566
2025-12-10,1285.1135184183036,204.52536004000393,362.0168714908459,270.0769046883083,226.2618557591284,524.4010754712313
2025-12-11,1265.1842998821198,206.62377186961933,353.22109567700113,268.32906035676086,225.65315548929527,526.4821247670768
2025-12-12,1223.8576999462846,204.51253457079676,349.67116113039833,263.5632757466063,225.8560638507476,519.6419727469712
2025-12-15,1232.7382531380438,202.9269712019089,348.46143276134916,259.31017720517906,222.47161094399908,522.7137181936886
2025-12-16,1242.7378491876088,203.5979567809199,346.59603900930927,259.33348677466415,222.87742766690374,530.4957497390267
2025-12-17,1195.3275019805255,203.48255375921838,335.45998792413536,257.8303484727298,220.6292566213835,524.3201751179216
2025-12-18,1217.7040859419574,206.8417393432338,341.9494135104414,264.2274473469985,220.91333329032148,536.3888394778917
2025-12-19,1265.6040344299308,207.6708489399468,347.2630703183763,264.9149462968677,222.11452994591926,531.8035318384414
2025-12-22,1284.484183671255,207.24348177296457,350.2251204757936,266.1733785691889,219.9231593454723,534.0073384123108
2025-12-23,1323.0838444196584,208.06830747955428,355.3917802762663,270.49638803907936,221.0513020428805,536.7843578006925
2025-12-24,1318.8881013895561,208.56833047107463,355.0978553551174,270.77604953292405,222.22813083606582,538.8913702361604
2025-12-26,1332.314051766415,208.43584429120548,354.44212087835115,270.9391809593355,221.89536807135067,535.4523401469917
2025-12-29,1316.1609485423899,208.17515582159052,354.49863958674325,270.41483121586964,222.18758390410875,531.7389695064529
2025-12-30,1311.4059511580524,208.3375506288345,354.82652409857025,270.95082685408204,221.63565926482508,537.5997287197426
2025-12-31,1304.1335079556536,206.6878861150737,353.86553332146644,268.95829427291346,220.64548531997582,532.8691558333184
2026-01-02,1320.566398601597,202.12349944302878,356.296252344978,263.92449406366075,219.955616742657,525.0547937624051
2026-01-05,1315.4617470622622,202.08504923657017,357.8677557227567,271.5683970954961,216.91206576444367,531.8196724214384
2026-01-06,1309.3082398878018,204.50399299171295,355.38048344396543,280.7387479987508,212.9351412864544,533.2970046816945
2026-01-07,1322.3844292797964,206.62377186961933,364.01796541804714,281.4728483075981,211.28755616147112,523.6663087480048
2026-01-08,1293.9242048769838,204.33303040422234,367.92970952026724,286.9843791213466,210.24060658607243,521.5431557295399
2026-01-09,1292.6655353828864,204.8330664963242,371.4683817814569,288.2544928483983,210.50842974189422,527.193988644705
2026-01-12,1293.225003396856,203.93557186461493,375.1878724532358,287.1941296867281,211.22266618162544,518.2414439947993
2026-01-13,1299.3086438382368,201.1533620873628,379.83453249899145,282.68469700093317,211.87193819793947,509.4584001461537
2026-01-14,1280.6382016260172,196.32827384512152,379.6875354915292,275.75156692846815,210.98727560846453,496.88922963452995
2026-01-15,1307.9794900008912,195.16580685367398,376.2280101502211,277.5343667242472,209.56694189282211,501.15157753529473
2026-01-16,1302.2455037145078,196.5334027489474,373.0850724884391,278.629685350149,207.39183721275327,500.70758810392147
2026-01-20,1245.185428272591,194.25122906379707,364.0405936295366,269.168027058303,200.22527865469547,487.68638254921626
2026-01-21,1281.8969779499816,189.80223231287226,371.2535692333018,269.5292453753574,200.9963155395,494.8226426959265
2026-01-22,1292.5256950868609,192.80669345386215,373.6955850891141,273.05988950268386,201.5644440628522,522.8105616916713
2026-01-23,1312.314966497152,199.13613456078792,370.74479721711003,278.67630448911905,201.31283719836085,531.7954862267334
2026-01-26,1303.9238009265487,200.98668338999553,376.7707072102032,277.8140282180919,207.2944402066752,542.7742910375403
2026-01-27,1318.2587666425075,205.38864905363363,378.22910407742233,285.1083588276193,209.61562798859921,543.2667022179049
2026-01-28,1339.2367339839495,205.83740947006967,379.87975437508265,283.1624276054289,208.13041670037308,539.8439114308954
2026-01-29,1346.159523031351,185.26776736878358,382.4121794361896,281.6709351982411,209.62376715241925,596.0135844970935
2026-01-30,1336.5096879666505,183.89590068396825,382.1295513473416,278.83943591553043,210.5977123986761,578.4070713029381
2026-02-02,1297.910027218247,180.93844442910222,388.56245822525557,283.10418035170426,219.1440329258954,570.2617038816313
2026-02-03,1261.058637244831,175.74153548508636,384.06279518696215,278.04707057296645,218.7138731551022,558.3868252367887
2026-02-04,1218.053846926822,177.01512160811208,376.52196961825774,271.4868402722864,224.40324792339658,540.053788369439
2026-02-05,1201.9007437027967,168.24535659717114,374.498247479567,259.484972306329,223.93254122064627,541.0386600897492
2026-02-06,1296.5116242579916,171.43786348381929,365.0128466920534,245.07108840843205,225.72618463296092,533.9751066058976
2026-02-09,1328.887590609254,176.76297471758093,366.66349698971374,243.20671400945133,223.0941080890881,546.6975879762035
2026-02-10,1318.398606938533,176.62193385804656,360.17403685652,241.1559163945661,222.33046593238836,541.4503683551284
2026-02-11,1328.9576710020676,172.81828484829987,351.5591830939277,237.80004958839763,223.8089897064392,539.8116302649012
2026-02-12,1307.2104217876843,171.73701526047427,349.34327661857134,232.5798261632404,212.62262717319396,524.5704281937485
2026-02-13,1278.3305696669279,171.51479009789935,345.6350482322055,231.63597528901155,207.78898125957534,516.465486269306
2026-02-17,1293.434817255828,169.60868170290266,341.4519383265505,234.3859177485125,214.36922224830505,516.077914839051
2026-02-18,1314.482651330349,170.77970337401544,342.9329979521468,238.62735261520123,214.75104332665492,519.2505019098147
2026-02-19,1313.9232901462467,170.6811739011789,342.3903354390525,238.70892721840292,211.68836035055975,520.5098622602382
2026-02-20,1327.349347352973,170.1543078183353,356.10403346142454,244.82638237881892,214.9378718766579,529.2929061088836
2026-02-23,1339.4465478429213,164.68852254131892,352.15836431541413,239.18667560289063,216.23765663547815,514.4311311371158
2026-02-24,1348.5371285533868,166.62896756020928,351.4913675532348,243.02027301355486,221.0794417129168,516.0860098103401
2026-02-25,1367.4871445277904,171.59784778408252,353.75246135779463,245.44395262023295,222.77730106320308,527.7026391272288
2026-02-26,1292.8753492418584,172.07760417615094,347.5118079103218,242.27452680996095,221.73744844162312,530.3827656580469
2026-02-27,1239.0318142682638,168.2309983599382,352.4636551626394,244.69820641663907,214.61292568695285,523.2546004826257
2026-03-02,1276.0230445377053,170.71971581170743,346.53948575402944,242.82218612291183,215.05159683942372,527.597651298376
2026-03-03,1259.0307927076599,173.0242521893364,343.2156260409949,243.21835990419785,214.2636116348354,528.8247304828052
2026-03-04,1279.9388933160226,173.56826693325476,342.70692311857863,252.64508051180417,213.26438038878402,539.0366354831343
2026-03-05,1282.0366045862731,175.9156291115356,340.1631321313953,255.11536147746043,211.45279607573192,533.2566285444112
2026-03-06,1243.437264327471,175.17886551323033,337.49500689512695,248.43860110934705,209.1537552563365,520.5744245922266
2026-03-09,1277.2117404688563,175.37162746819868,346.60239563665897,248.76486396216987,211.1197107222069,522.616874695706
2026-03-10,1292.036200635838,173.80815167957968,347.3717548273014,249.74365252063834,211.8914672282028,528.0093595637551
2026-03-11,1300.9173948067998,173.4311955498897,349.249827287153,247.7860576237094,211.8752137150866,528.6470853506748
2026-03-12,1280.7075342097612,172.1375655372961,343.4232873833816,244.1505471036882,207.77272774645908,515.1818903645964
2026-03-13,1260.4975667828553,169.43466667994193,341.98648232101885,241.9832194213697,203.19094924983213,495.428037957271
2026-03-16,1281.2670022237305,171.31942112722905,345.6973362708552,246.72571224203122,205.38436704849602,506.9535988471576
2026-03-17,1272.245860926876,171.08810416115077,351.76142057493445,250.75739654333842,206.5298054690218,503.0834621772647
2026-03-18,1261.5465292478475,167.82406809996635,348.1071198803779,244.54672088497423,203.0447296680958,497.44393260615567
2026-03-19,1248.6792990758881,166.63752223987453,347.47356450556015,243.25331536842944,202.24860529968745,490.18846907125567
2026-03-20,1207.7000030379743,163.57481591390507,340.5383458794675,239.30318789033197,201.46059528057535,479.65266650020146
2026-03-23,1228.2596246198777,164.05885619609683,341.7376065415223,244.8613378430505,204.30390545864933,488.05544413658464
2026-03-24,1225.1826039579798,159.66395174584244,328.59123751011253,241.48217924738896,204.42575717797325,479.05477389517375
2026-03-25,1249.5184476819088,158.93576902836523,329.1455768712732,246.6907567777996,205.22188154638158,480.6464723046784
2026-03-26,1197.4902726398361,156.764020143978,317.82072704443516,241.83173388970482,205.4412295298789,442.3895886329327
2026-03-27,1171.4760248739992,152.82316874505207,310.37639093327294,232.27685509991068,202.11861441654352,424.75992579527383
2026-03-30,1155.042386418986,153.76126207857232,309.4260405976024,234.15287539363788,200.35576582831624,433.3728271681057
2026-03-31,1219.5882443078879,158.5630967887986,325.33291324317804,242.68236426598548,206.1723522530843,462.2573135936965
2026-04-01,1229.0289064928188,158.22041178009522,336.4541782603863,245.36239579702323,207.66712954025138,467.9938347415313
2026-04-02,1240.4974132149214,159.97236563355918,334.6213622235137,244.4302085975329,207.90271862960302,464.1398880142165
2026-04-06,1242.2456839899087,159.723926207569,339.3956730195802,247.94918905012082,210.2910793275661,462.97643332973627
2026-04-07,1245.462544947832,159.47120289145553,345.5841952134078,249.0911268149927,205.9367755709946,464.61655348823234
2026-04-08,1273.2949302217355,160.34503787312585,359.00210278269134,257.80703890324475,210.32358635379853,494.8099572836016
2026-04-09,1286.0921868307485,159.80532011991224,360.3257667876067,272.2558782653733,211.61525676332252,507.71309472048074
2026-04-10,1319.0994108666673,158.8629428962687,358.9115899367334,277.76742685911375,211.60714241402636,508.9007355996662
2026-04-13,1323.8546219107388,164.64569674066703,363.5162064200727,279.5269170854077,210.5673146069702,512.6739794119953
2026-04-14,1374.2046065706377,168.38948919391993,376.63994723999303,290.1654686063571,210.2667114651537,535.2644282220068
2026-04-15,1390.7082185885972,176.14694607761388,381.40296120375865,289.5595442596896,216.44076351312117,542.6088377219245
2026-04-16,1387.071836742597,180.01925523456657,380.15844411872484,290.9578161689291,213.97926200613514,546.8828838433936
2026-04-17,1410.3586111716666,181.10298773169853,386.5619515951464,291.95991429688263,219.52778953710492,556.319843421537
2026-04-20,1413.0160041156205,179.08116190104633,381.7423843761009,289.3031923353299,221.81866637815645,542.0674618371771
2026-04-21,1397.7712752514926,181.68982827626874,375.93850723070676,291.2025221985422,216.22956710070576,540.3950111531058
2026-04-22,1416.0930247775184,185.44218850976824,383.8919608269385,297.5530197138328,221.91618745685372,545.1457721081717
2026-04-23,1396.0928712095845,178.08737799592285,383.4054715533585,297.22675686101,222.12738386926912,532.5658905674643
2026-04-24,1456.4428792385168,181.88686102077895,389.63921562327727,307.60893867760774,220.2020497789274,545.3962719819037
2026-04-27,1514.7649359004106,181.97253882324551,396.35948351366375,304.2647355461778,217.39934856912012,548.2968384016059
2026-04-28,1490.7088795983998,183.87013184032122,395.72592813884603,302.6101294925706,219.91772496475096,542.414903928054
2026-04-29,1463.2961220424402,181.81831877880572,395.9069538307619,306.5019919369514,219.4790538122801,540.6212261129706
2026-04-30,1395.6033767585614,174.67341888100336,435.34602637810343,308.8557428351744,220.43766368280288,494.3979035011553
2026-05-01,1387.771145052592,177.5262407920926,436.35296451594155,312.5844916331358,227.5784151360655,491.8447791723299
2026-05-04,1387.9808520816969,177.17498800314257,433.5924263548879,317.00068604099056,224.889438889024,493.18597770810266
2026-05-05,1374.1346330076913,176.2154883195871,439.45285675556187,318.74853037253797,230.86040887387225,488.78260948433245
2026-05-06,1453.3659654064859,177.3206271667543,450.32521144638577,320.4264637756222,233.5656138195061,495.1816349287646
2026-05-07,1479.0304521874584,180.23770742969342,450.2686236442182,315.9753139035359,233.50873893086126,498.35688741690393
2026-05-08,1504.9047528274027,177.81751911931602,453.44773189749554,317.73478634983786,238.2855099558351,492.55575457749956
2026-05-11,1534.5552756093725,176.76377385304738,439.69047024964533,313.4350864494325,237.98463385425634,483.8540553183931
2026-05-12,1543.9259642313575,174.6691218902986,438.2310024289053,309.74132867568665,239.7084491964809,487.1990060461168
2026-05-13,1579.240927056233,173.5725508233781,455.50683004926304,314.7634652102008,243.0178629831326,498.2114740911868
2026-05-14,1648.5421028190733,175.38019524844532,453.7532300260475,311.37264293980076,242.48119927601147,499.66580478668243
2026-05-15,1575.6745187731792,180.73031549213187,448.89970321632387,307.7837515587497,244.12372223813108,496.27238295038626
2026-05-18,1554.695376303199,181.42425328978527,449.08072890823973,308.62268270030785,242.18034798895656,493.8323414217027
2026-05-19,1542.7371614703395,178.8027352441929,438.5817224335484,302.19062836180757,243.09918017776133,486.8838944808153
2026-05-20,1562.7373150382734,180.36192714268853,439.99593383130946,308.7974955814497,245.76622038572688,488.8634111184801
2026-05-21,1535.0447700603956,179.9068915477538,438.5817224335484,312.81751620801845,247.9941675943163,490.73784120813
2026-05-22,1505.8138749963693,179.68367074099118,433.2756659409229,310.3239434528691,251.10843996547803,493.0647999366717
2026-05-26,1502.527147305367,178.59329624908082,439.9619742406314,309.1237584342726,250.70999315615433,494.74534559203204
2026-05-27,1486.7228435974023,177.15092223507972,439.9053864384637,316.7676614661079,252.75907727689386,513.2637770457341
2026-05-28,1498.261323882451,183.29819975740344,441.37618563839237,319.27289789599575,254.10886330125476,513.2879632404392
2026-05-29,1476.513006369397,193.27895631336014,430.30017704416304,315.35774366212183,253.74294833268732,511.04185550562624
2026-06-01,1568.9611162652814,197.6919526665513,425.80870161827124,304.4278847525812,249.06749500855852,485.1548283573014
2026-06-02,1558.1918110233066,189.44549038030857,409.3814146553252,298.90467248410226,256.2961643197917,482.8602495139161
2026-06-03,1501.7578654324257,183.4484503256739,406.1457185998803,291.3306981607221,252.27933808746522,503.34200766270476
2026-06-04,1530.882892098162,183.75323535233815,421.0796472451837,295.7236007790837,253.0680677277688,507.0505410643024
2026-06-05,1435.9466077677998,178.86804164255614,416.93885727704713,286.6814258380088,249.90501000273454,479.11943494632425
2026-06-08,1460.730816443921,176.75168201639957,411.278695184777,285.7375927437719,245.18891048855332,472.9708600160431
2026-06-09,1457.5802968334626,173.17578661458575,412.35413980106347,284.5374077251754,236.25267934821176,472.3244963024429
2026-06-10,1403.1809260613798,170.57863565042882,403.4337188161438,277.32463393885763,237.0901943423878,461.3281688403701
2026-06-11,1434.3362543512305,167.565095806517,405.0072259134132,281.4145832738815,240.38335461592325,459.26785056855755
2026-06-12,1436.5766903239182,167.73680512714836,407.169411978287,277.9655137497568,236.72430418834423,458.0963009127882
2026-06-15,1487.4053796182634,171.60891777537978,418.11618066536784,286.66977994326226,241.0257281946094,479.9516374825059
2026-06-16,1452.1193676873704,169.06327829735412,422.531100187961,286.6464703737772,243.31871427018748,485.3942716848825
2026-06-17,1432.7959813274745,162.65843024379265,411.8220831825146,276.74201916167516,240.64355971292574,459.00614606993156
2026-06-18,1475.083302258083,162.86877317902247,416.6218895817555,284.77045008004995,242.3185897012778,466.8020476575393
2026-06-22,1460.8007900068671,157.69165921352754,395.8490877937468,271.25378013741977,241.50546738403798,455.9896339943877
2026-06-23,1400.52043505128,160.52490885597993,391.83038652699014,272.79189168357766,239.301888037861,454.65529644037827
2026-06-24,1393.2392317997796,156.8846109959206,390.87948344111527,272.97833267947414,238.30987781824751,450.99182833626185
2026-06-25,1370.4153511848267,151.46280437072076,389.0908528737008,264.51875473558977,223.73060062562377,439.0229690491364
2026-06-26,1347.9414452144727,160.10850687564363,381.93643424470616,271.13726784997846,230.74785019372698,444.9912334299115
2026-06-29,1365.024395601681,158.21967814753586,400.3432578768847,279.81822447399895,229.08907371849114,454.978749774874
2026-06-30,1400.8705165257459,160.12996562800456,404.5544198554092,277.7208077201436,235.28506180553453,455.53675983842885
2026-07-01,1383.297537538179,164.96366095223672,408.9014201966461,281.63597973400954,239.36695171937353,495.6648158674764
2026-07-02,1364.0442315710968,167.6294851641811,407.429791871411,282.7662538241429,250.95394474004058,471.39554898744063
2026-07-06,1369.085105679777,166.0196857196719,414.8445903935296,284.5024522609438,254.23082668593597,485.4589327360331
2026-07-07,1378.7466920298575,166.92117602871332,415.4898571633015,286.6231608042922,252.60458205145636,497.82410009925593
2026-07-08,1429.0853527238446,164.56013684343324,409.7051880875076,283.8732183447912,254.8244149107496,487.74758842969464
2026-07-09,1419.703767455416,164.99799757613042,406.2751312414675,287.8583012871203,257.12554015014774,510.68251775572105
2026-07-10,1476.9736567563048,165.31567357490894,404.3393309321519,285.8774146006983,256.39373502753665,541.1950806020363
2026-07-13,1424.9546690828022,167.84412509011563,399.0527588842288,288.17291824519657,258.01184049819625,531.1023789898969
2026-07-14,1482.854640939809,165.24269023583537,406.9769858134069,288.3826688105781,256.0196808951492,534.5879058043967
2026-07-15,1487.7554610927293,169.83598989106736,419.8934798535937,297.0869350040836,266.2975588960316,550.9804201030962
2026-07-16,1452.049287294557,172.18415120481464,401.2602013720815,291.1792126290572,270.98115138398043,537.4183816190349
2026-07-17,1419.913794974122,169.05899440723078,392.55486931041906,288.07969774724836,271.3714342149603,522.4330596159467
2026-07-20,1423.20436854034,172.69499527658536,398.46407991662454,291.2957426964905,265.55761460960053,522.3036387944836
2026-07-21,1451.2791507826792,170.74606108093684,392.98504715693366,288.45257973904125,266.4927003115215,520.6538935176864
2026-07-22,1484.6749150452174,167.565095806517,387.2569658833073,285.30646349825435,264.988443876247,507.19699094122115
2026-07-23,1461.5709265187452,163.80460011195757,359.63538178240697,272.26754194011187,261.5489275410941,490.15752061394926
2026-07-24,1448.1286311722208,163.85612469867027,361.95603442148257,270.4614325748478,270.7859851539667,481.3345448642497
2026-07-27,1375.8061999381055,167.03279298238536,369.67650380659205,269.62246587330566,273.9490428790009,480.2670452052935
2026-07-28,1379.3068010230295,168.85723235282904,377.77052868916064,269.00489563189154,276.5266267285177,479.8950220430634
2026-07-29,1330.2983858340924,167.65095701712337,381.1666259445227,264.0992713848187,274.9898384524869,473.58711438521436
2026-07-30,1365.5144242020392,193.6481437982699,377.7139408869931,274.4115600529453,271.11936828177784,435.9175603681559
2026-07-31,1405.4913355970139,199.4949332846341,403.1507107115303,316.4530267280397,251.18161799628677,450.21550084580724
2026-08-03,1446.7284121042246,209.33831714385315,422.8254396717631,330.9484852291383,246.71758441528792,477.3314334830594
2026-08-04,1483.8348049703932,211.55340275156755,427.5120359197811,323.25799861831683,251.5637864779704,475.47141639107053
2026-08-05,1534.8035482204982,209.25675292395152,410.28250112903544,317.6998308856063,252.88104066157504,476.14265733351033
2026-08-06,1533.193301633796,214.57982046701213,404.98459770192375,317.2454098505956,254.027546106626,477.05650061671713
2026-08-07,1567.9892849643306,214.63562894384816,401.0790720395023,319.8322208836851,254.77560474235327,478.8356173553963
