Date,nvda,msft,googl,amzn,aapl,meta
2023-01-03,100.0,100.0,100.0,100.0,100.0,100.0
2023-01-04,103.03177760590043,95.62568909067281,98.83301496942298,99.207643547432,101.03142201507606,102.10840093385872
2023-01-05,99.65070646576957,92.79156133797828,96.72350463606199,96.85388375921303,99.96003000076304,101.76367357739964
2023-01-06,103.80020468598434,93.88514561560164,98.00267202857303,100.30296217333377,103.63797714457999,104.23283756358363
2023-01-09,109.17217686108273,94.79923225342607,98.76568309678939,101.79445458052155,104.06173482079879,103.79190837182404
2023-01-10,111.13516192199712,95.52134294601721,99.21453345861184,104.71918325117645,104.52546249625456,106.61375894789053
2023-01-11,111.77784359683271,98.40971366317459,102.69298989356884,110.80167405736483,106.73226800433511,106.53359897840463
2023-01-12,115.34055218210644,99.553381470116,102.25537590505273,111.01141573275038,106.66829615393442,109.59597882251595
2023-01-13,118.0509856121564,99.85390884719061,103.3662481628616,114.33232707468726,107.74766603865235,109.8124206120453
2023-01-17,123.66051397975362,100.3214031562973,102.43490741306127,111.92030225275164,108.69115157395441,108.51373285517877
2023-01-18,121.39015274531337,98.42642345696092,102.24416544190773,111.23281219287841,108.10747667899743,106.63780940671566
2023-01-19,117.1148890892542,96.80692281974855,104.40978854803689,109.15870500850818,108.15544315953444,109.14704103774584
2023-01-20,124.6175224449506,100.2671339906682,109.98651894304852,113.31857416199121,110.23426774502329,111.72839936545782
2023-01-23,134.07614350666833,101.25218648732492,111.97262781461004,113.63318223007151,112.82481750466357,114.854921993034
2023-01-24,134.57908506646953,101.02681715568525,109.62746456375191,112.23491032083194,113.96019377664072,114.75069922482619
2023-01-25,134.98429067119056,100.4299218366808,106.84469596109814,113.23700844878547,113.4244729549573,113.43596960214506
2023-01-26,138.33040174431773,103.51449343713188,109.42548621929203,115.61407780648952,115.10354791902276,118.08561802923087
2023-01-27,142.26335586730877,103.58127365965314,111.50133061633622,119.13306714907341,116.67865001529196,121.64503657576256
2023-01-30,133.85954599452177,101.3064622032456,108.77467478645062,117.1638352473939,114.33597256505902,117.89322669852665
2023-01-31,136.4792007631924,103.43518905713532,110.90663195626296,120.17012074125853,115.36740078376684,119.4244227905307
2023-02-01,146.3010833614652,105.49713568850376,112.6907452099237,122.52388941947348,116.27888798660513,122.75134534182162
2023-02-02,151.6520968562113,110.44328705159323,120.89315089931148,131.56607325054435,120.58848891317955,151.33078074341833
2023-02-03,147.3978119111005,107.83455483170468,117.57179640935256,120.47308291459228,123.53080940644273,149.53505428413143
2023-02-06,147.32096119085364,107.17507147678158,115.46228607599156,119.06315622061024,121.31606324974766,149.1582555359399
2023-02-07,154.89344791190382,111.67877684571496,120.78095990065698,118.9815905074045,123.65075042231224,153.61552497221825
2023-02-08,155.11698936402055,111.33233192475865,111.50133061633622,116.58122047021145,121.46799019081752,147.04989779171996
2023-02-09,156.03910453086743,110.03423444384357,106.60906895376236,114.47214893161362,120.62841548699438,142.632683660391
2023-02-10,148.55047923868779,109.81717743220185,106.11533355575769,113.73805751276225,120.92473816021376,139.61040848081618
2023-02-13,152.2039531316101,113.24820050390083,106.16020995521947,115.98695090828643,123.1989275161465,143.84321519465786
2023-02-14,160.4680295662281,113.60296429514672,106.2387782011594,116.17338301418691,122.67845522125562,143.88329517940082
2023-02-15,159.02199412863166,112.69496287818764,108.77467478645062,117.87462598675621,124.38408172912587,142.02342593664906
2023-02-16,153.6989299922655,109.69474593253095,107.17010167751886,114.36728253891886,123.08682789078382,138.2395570075775
2023-02-17,149.40971168761243,107.98329230230696,105.86847017511556,113.26030912827456,122.1579332973109,138.59229295704708
2023-02-21,144.28919693868394,105.72788280951961,102.99594013681774,110.20741338543583,118.89875610980181,137.95096384157276
2023-02-22,144.98077329852103,105.24249310385304,102.83885546526056,111.61734007941789,119.24310729987549,137.1813368192719
2023-02-23,165.30910414627996,106.60663062434234,101.98607432467972,111.65229554364949,119.635499414067,137.9188924498403
2023-02-24,162.66849737412238,104.28427715174458,100.011210463145,108.94896333312265,117.48141236842872,136.59615423414868
2023-02-27,164.1704315284787,104.67760250944289,100.84155340399494,109.25192550645639,118.45034520108761,135.91470811424105
2023-02-28,162.1795104629151,104.36795712650762,101.05475084832027,109.79958481940729,118.04197253155944,140.24372900328
2023-03-01,158.5609432220736,103.04986815573133,101.39137566460643,107.39920589221823,116.3603044494308,139.02517653610582
2023-03-02,162.8641161753206,105.07513315432698,103.23160169103531,107.35259564324411,116.84075091239914,139.91504351263552
2023-03-03,166.88784895969096,106.82421165930937,105.0830209071683,110.58028648723277,120.94075593734084,148.50890548755825
2023-03-06,164.54069041992676,107.48535223799882,106.7437067888682,109.24027072171387,123.18292214628288,148.22830857466727
2023-03-07,162.7101209527513,106.34719322626489,105.31866518794497,109.00722836683929,121.39721916004066,147.9156772897342
2023-03-08,168.94935784579752,106.1588854443089,105.75626190302016,109.43835761235687,122.41416810229045,148.28445510501837
2023-03-09,163.74418044415577,105.58143794096564,103.59064743361148,107.49242639016646,120.5884144695988,145.65498351975936
2023-03-10,160.45335381617576,104.02065411735609,101.69434318129625,105.72128137912998,118.91478629419234,143.90735797812272
2023-03-13,160.46035117106877,106.25094324198558,102.23292906860138,107.702168065552,120.49235743589013,145.02166299729552
2023-03-14,168.12492521910804,109.12566970180977,105.4420925599058,110.5569769177477,122.18995644430161,155.53954933833165
2023-03-15,169.2777661451946,111.07139450991244,107.84335131009118,112.0950795739096,122.5102623577895,158.52975312617403
2023-03-16,178.4515387770974,115.57384222286503,112.56730920124241,116.56956568546892,124.80049430537625,164.2857103193189
2023-03-17,179.73710243272924,116.92542938471277,114.02602537520288,115.2994608484132,124.11981942468759,156.81419897626984
2023-03-20,180.95979672416962,113.9126489798314,113.57718365010089,113.85457869019955,126.04166731287832,158.57786638372107
2023-03-21,183.0489077716576,114.56121954900456,117.72888971763021,117.23374617585709,127.54713984660899,162.06513355377737
2023-03-22,184.92835189323853,113.93774969711453,115.9896787735926,115.00815345982198,126.386018502952,160.18120151230372
2023-03-23,189.97984120811736,116.18480101786291,118.491909422567,115.0198082445645,127.2668473577802,163.7646828575573
2023-03-24,187.1012576009435,117.40244781775726,118.31237791455848,114.34397296943379,128.32385935374288,165.15153917692024
2023-03-27,185.36850421123253,115.64917057588066,114.96856795142779,114.23910657673902,126.74637506288933,162.61024849405445
2023-03-28,184.52311958105608,115.16794685565044,113.36398620577557,113.30691937724866,126.24184610154477,160.87865247833562
2023-03-29,188.53356540336813,117.37733399989101,113.76794289469532,116.81426282508605,128.74028433725672,164.62242908276744
2023-03-30,191.32134364170125,118.85861693475701,113.20688426077747,118.8534145452247,130.01351771353987,166.61858014556265
2023-03-31,194.07414845929995,120.63699489391672,116.39362682579191,120.356561737155,132.0474776343567,169.90542271211064
2023-04-03,195.3876748270425,120.18928246534111,117.10052512124011,119.33116292971239,133.0644513911334,170.8113068746614
2023-04-04,191.81041067529284,120.16833463291118,117.50447317343942,121.12560862023795,132.6320334450194,172.1340574302498
2023-04-05,187.81391950157467,118.97995453573628,117.22395249320097,117.80470616829706,131.13460081801088,169.53666957662
2023-04-06,188.90387770973905,122.01786185906707,121.65617060424829,118.92332547368787,131.85527671609515,173.24037853620567
2023-04-10,192.69074201874224,121.09310479628068,119.43447790895326,119.0515014358677,129.74924300183815,172.15810788907493
2023-04-11,189.826126413893,118.34811341122415,118.2113801056081,116.42973493854656,128.76432961384253,171.4366188041147
2023-04-12,185.11700004700512,118.62431300542049,117.41471173779539,113.99440943712192,128.2037818579753,171.55687109824032
2023-04-13,184.89339182623485,121.28138637707042,120.54531561988031,119.31950814496987,132.57600224323323,176.64743637718894
2023-04-14,186.95452680788148,119.73317256297713,122.16112510211843,119.4476841071497,132.2957221616679,177.561341472647
2023-04-17,188.65934419294325,120.84621120655324,118.90709384807265,119.71568192625588,132.31173993879497,175.45297138853022
2023-04-18,193.30558784190893,120.66628779780247,117.25761842951776,119.20298696753258,133.30468082624932,174.67534811311566
2023-04-19,195.1501119576783,120.69974668712453,116.89855541350069,121.53344607626249,134.23360023424914,172.91970163857172
2023-04-20,189.3720060935744,119.72060910375242,118.1440655064154,120.96247719382653,133.4488284131296,170.8113068746614
2023-04-21,189.47679281847044,119.57415768490687,118.27871197824169,124.63295206807533,132.14357188985574,170.66699178181383
2023-04-24,188.9388110692813,117.90458006866803,118.90709384807265,123.7590299023016,132.39181641716692,170.58681947243116
2023-04-25,183.34231594285885,115.2474673952687,116.52826466089775,119.51759503561289,131.14262831746962,166.3860964902187
2023-04-26,188.3379198947085,123.59536857704609,116.37117135262012,122.32580252883048,131.13460081801088,167.86919166457247
2023-04-27,190.22437472491313,127.55388007831006,120.7248557646093,127.96550930475877,134.85820669136126,191.24583042600221
2023-04-28,193.87852965810177,128.57065563702372,120.44432644765037,122.87345295178538,135.87516804087448,192.6567495440871
2023-05-01,201.99029344022014,127.85932017405959,120.28723313937274,118.91167957894133,135.80308184017088,194.94950236589756
2023-05-02,197.09947621326654,127.79656838085177,118.17772280601176,120.75273551844101,134.9622788172652,191.79095770617607
2023-05-03,194.24881525701124,127.37391736780988,118.27871197824169,120.77604508792605,134.08944024010538,190.01928170571432
2023-05-04,192.57197393779083,127.79656838085177,117.47081587384307,121.1838736539546,132.76017566203606,187.2054150428648
2023-05-05,200.38327877889213,129.9891867786819,118.4582434862502,123.11815898139848,138.9901976415033,186.61219918493748
2023-05-08,203.67411876060285,129.15230842755273,120.92682547234872,123.31624587204149,138.9341168106633,187.0050274590468
2023-05-09,199.62174222385553,128.46186839468598,120.45555418423628,124.23677828678932,137.54878380901746,187.08516274873915
2023-05-10,201.81558658131675,130.68381899815125,125.39271815643329,128.39664744027235,138.98217014204454,186.85267909339518
2023-05-11,199.67059017079956,129.76322792080123,130.80115341674275,130.7154517642597,139.13432041385667,189.02520430087358
2023-05-12,198.00777026882662,129.286235688923,131.85591290178346,128.47821315347804,138.3805667513876,187.43789869820876
2023-05-15,202.2906989663144,129.4912598149569,130.7338301808296,129.5735228893838,137.97962603267203,191.48629799456316
2023-05-16,204.10730043116527,130.44527047987958,134.1000783436912,132.1370332429843,137.97962603267203,191.4542512826243
2023-05-17,210.84963912878126,131.67821876087348,135.59243454380714,134.5840135291515,138.4767726722578,194.39636649271318
2023-05-18,221.32994077353354,133.57370283266047,137.8253981592903,137.6718736262178,140.36922775331135,197.8916545956768
2023-05-19,218.43736245657368,133.49823037323037,137.7468385500708,135.45793569492523,140.45741858198625,196.92161530976443
2023-05-22,217.8225299871377,134.68920438586562,140.31641834511973,134.01305353671157,139.68762232786318,199.0700777185209
2023-05-23,214.41292192447557,132.20659147979995,137.5224306426005,133.9897439672265,137.57064540723428,197.8034613533868
2023-05-24,213.36489443074646,131.61529666008494,135.65978368988164,136.04055047210767,137.79517965407308,199.7835828902642
2023-05-25,265.36114363486416,136.67696896524257,138.55473465446943,134.00139875196902,138.71737432527752,202.57338675439183
2023-05-26,272.110439626181,139.5998662692474,139.82268294711503,139.95572248597358,140.6739005148394,210.06899791585312
2023-05-30,280.2501794741408,138.89534310951248,138.7679407355152,141.76183185123764,142.1734547838996,210.4537805772616
2023-05-31,264.3410788532457,137.7127665706656,137.87028319547255,140.50338179892447,142.1333545083963,212.21744798471286
2023-06-01,277.8676335479901,139.4698429816508,138.8240448715629,143.05522847778644,144.41067049472102,218.54260759665024
2023-06-02,274.7724524286697,140.65243262108083,139.8900234564691,144.7797721298448,145.10031582689138,218.54260759665024
2023-06-05,273.68249422050536,140.87891550228684,141.39361602989135,146.00326671792638,144.00175190560057,217.5645720576241
2023-06-06,270.07028335548273,139.93116691610177,142.85231493041093,147.52971458934573,143.70505701447743,217.34810558830117
2023-06-07,261.8598488571343,135.6117867518519,137.45509876996692,141.2607827872609,142.59043809426913,211.3195230555855
2023-06-08,269.0920424584539,136.400153643639,137.0511679912085,144.7797721298448,144.79559343630947,212.10520428359771
2023-06-09,270.9087908143426,137.04179400433472,137.1521312532771,143.8242842508654,145.10833091908665,212.4018554022001
2023-06-12,275.88393685074163,139.16374785674458,138.73429207263933,147.48310434037165,147.377656627743,217.2920084175372
2023-06-13,286.6448270852118,140.18699510352604,138.94747224352372,147.58797962306238,146.99275850068148,217.50847488686009
2023-06-14,300.4453736267023,141.4660050348161,138.7679407355152,147.3083181292177,147.50594773192122,219.13583579447433
2023-06-15,298.0416219761812,145.9782912857017,140.36129474458153,148.11232936652823,149.15782597448197,225.9339589702134
2023-06-16,298.31409149762624,143.55858737984147,138.61084742723756,146.22465428805845,148.2837590782396,225.26859173581067
2023-06-20,306.1122162065149,141.7637550882665,138.12834840253922,146.5625719256238,148.35595694431433,227.93818032550303
2023-06-21,300.78073921980024,139.88084757628732,135.26704610082732,145.4556074049755,147.5139876386434,225.78170932373604
2023-06-22,300.64100578163124,142.45989387479617,138.18447844874828,151.6546193886012,149.9516675051909,228.37908483746907
2023-06-23,294.93914971989216,140.49310332901538,137.27556726195837,150.69914039961776,149.69508529683446,231.4654657808184
2023-06-26,283.91970455137874,137.80082869048667,132.78721910470202,148.36868129088788,148.56444859949912,223.2403569413863
2023-06-27,292.6122621433485,140.30438942898226,132.77601727827746,150.52434529846784,150.801676717584,230.1186894461984
2023-06-28,287.3086677463603,140.84115962169707,134.8518703120421,150.36121387205642,151.75593175756953,228.70777032811355
2023-06-29,285.247332458753,140.5056798888232,133.64001751872377,149.03286178127607,152.02855655757995,225.69350374154925
2023-06-30,295.5889689637932,142.8079370668947,134.3132671512961,151.89932541821432,155.5407922906228,230.0625182360537
2023-07-03,296.3645269360773,141.7385888680677,134.5376923322073,151.7361939918029,154.3299674495443,229.29295291323677
2023-07-05,295.69382245734283,141.805716256042,136.6135367292515,151.92263498769935,153.42384018452083,235.98685332076803
2023-07-06,294.19844498476607,143.1140714935503,134.7733193395431,149.5688663094844,153.80873831158237,234.0789078401596
2023-07-07,296.99343423768363,141.4156987955848,134.0664124073744,151.2234901430836,152.90261104655886,232.90851799011958
2023-07-10,294.73644008768593,139.15532418178998,130.66648967147557,148.1356300460173,151.24270530453938,235.77041153123866
2023-07-11,296.30865492677884,139.42372892902208,131.4407457497187,150.05826058871864,150.81771930923802,239.12940547426206
2023-07-12,306.7690595127704,141.40730132179644,133.4492669108498,152.41202926693362,152.1729026606756,247.98782249626115
2023-07-13,321.2683533674904,143.6969819400601,139.74415788477734,156.4903327072109,152.79033771950776,251.2506392837776
2023-07-14,317.7186913771222,144.77894600044436,140.73158549718448,156.93310784747504,152.91062613875414,247.61111012734713
2023-07-17,324.65031920757895,144.98444174747107,139.86757662001773,155.62805643618373,155.55684728954026,249.01400831252465
2023-07-18,331.86849139165105,150.75477699663367,138.8689212710247,154.77744383989508,155.34834322709202,250.16036004363636
2023-07-19,328.95462722793644,148.90539387689225,136.9277147090863,157.72547319003905,156.44691955564628,253.334971248966
2023-07-20,318.07502232743775,145.4624689254168,133.7522344275396,151.43324070846512,154.86722677189678,242.52043378932746
2023-07-21,309.61305695740054,144.16247185994743,134.67234744075404,151.47984206744326,153.91297173191128,235.89869709816838
2023-07-24,311.7302909617677,144.72442137344416,136.3666906220503,150.0815701582037,154.56249197405145,233.77426046844346
2023-07-25,319.18605272266547,147.1860340447474,137.12969305354622,150.46609804474318,155.26013999115364,236.0670873296346
2023-07-26,317.5998164663251,141.646334561644,145.05159533613642,149.3241602798713,155.9657906931876,239.35389287649227
2023-07-27,320.73030484964767,138.68987356365204,145.1974695445486,149.44069034730458,154.93941223070811,249.88777172375586
2023-07-28,326.6697504882124,141.8979312607163,148.76571332531097,154.05500720578624,157.03228183843385,260.926771905831
2023-07-31,326.52301969515037,140.8705311290816,148.92278072342725,155.7678782931101,157.52947810707346,255.41133164083422
2023-08-01,324.9717702132751,141.04665536872378,147.6099473945994,153.4490828591187,156.8558753665571,258.70610876101205
2023-08-02,309.33356337360107,137.33953095720196,144.05295726058426,149.39408898832647,154.42618577767797,251.9721530485314
2023-08-03,311.05248229829454,136.9872693773345,144.13149959636286,150.20974612038353,153.29553667307917,251.0742527991976
2023-08-04,312.20547011541896,137.45692528265818,143.74998974389445,162.63109743711195,145.93425763310358,249.1021645351243
2023-08-07,317.3553096569907,138.43403227564465,147.5874919214276,165.71894864418226,143.41637721554952,253.77587576093202
2023-08-08,312.09367268189914,136.7314673910765,147.44161771301543,163.06222668262956,144.17813356295042,250.63334828723157
2023-08-09,297.349818602922,135.12952808555414,145.48918341449115,160.6269011812049,142.8871081708654,244.67697883047518
2023-08-10,296.1899402607503,135.42308595240192,145.52288389768975,161.4542042080085,142.71070169898863,245.10186615642016
2023-08-11,285.4778979732242,134.61791101245498,145.37699241583667,161.27942688685053,142.7588791030045,241.81503592976895
2023-08-14,305.7278958366273,135.88854967112297,147.36307537723684,163.79632699147692,144.0998561377802,245.46258601910674
2023-08-15,307.0345850942453,134.97433857775877,145.62384715975833,160.41715061582335,142.48588208509025,242.0635120913404
2023-08-16,303.86227282633314,134.6465619877672,144.4120116398809,157.38756444246968,141.77926361650637,235.9227598968903
2023-08-17,302.8700105120568,133.16732274387,145.78094910475642,156.117450715418,139.7156503360197,228.54742570934818
2023-08-18,302.55558356871506,132.99924226227157,143.020627338554,155.23188265489773,140.10910947486877,227.07231444821133
2023-08-21,328.18606661054537,135.2685514737632,144.04173816071884,156.93310784747504,141.1931196761208,232.40339665530797
2023-08-22,319.1091886486879,135.51227472237244,144.83842380197243,156.43206767349426,142.30921506068083,230.55964331775155
2023-08-23,329.2272302866886,137.42017814696968,148.53005177109338,157.9119141859355,145.43274363677986,235.88267991214735
2023-08-24,329.5556252323549,134.46586564461157,145.62384715975833,153.62386018027667,141.62670390500008,229.87813549836
2023-08-25,321.5548443061829,135.7307924490335,145.73607270529462,155.27848401387584,143.41730776030903,228.87603716061196
2023-08-28,327.2637244302764,136.03338971824314,147.0040296346607,155.1386621569495,144.68600007816576,232.6920268410031
2023-08-29,340.882499989317,138.01271752208234,150.99863375719193,157.20112344657323,147.84166346662664,238.8889255658043
2023-08-30,344.2365298247563,138.17241363047552,152.46858630445874,157.38756444246968,150.67611521136703,236.57208526547836
2023-08-31,344.87240777379424,137.73957036375603,152.793983384159,160.81332439710937,150.85273260672264,237.20546748742612
2023-09-01,338.96089813987874,138.11778419881026,152.22171428709618,160.9415003592892,152.12946483130153,237.59824640194833
2023-09-05,339.233447783708,140.1727940714097,152.34515029577744,159.95106590607418,152.32218685462843,240.62053392141988
2023-09-06,328.86993786776173,139.89122323812876,150.87518047506973,157.72547319003905,146.87007547958726,239.8349020529948
2023-09-07,323.13966506706777,138.64313068303295,151.77288119871463,160.6269011812049,142.57419698639978,239.43405284597813
2023-09-08,318.46457735976446,140.4753651394531,153.02959311805387,161.069676321469,143.07202602547585,238.80876559631844
2023-09-11,315.7112784541294,142.01768369113645,153.63552815143348,166.74435634162086,144.01954392140246,246.5608615123617
2023-09-12,313.5588707230671,139.42473767392335,151.8626339976382,164.56536498456384,141.56245909480327,241.83105311578998
2023-09-13,317.85666212283724,141.22761372354208,153.39990114409773,168.78350806175953,139.88427745370694,244.55673887624633
2023-09-14,318.5275001388788,142.3370366061734,154.95962376372904,168.63202253009464,141.11281986700655,249.89581733645673
2023-09-15,306.7803834764141,138.77338978112596,154.17411403873862,163.58657642609538,140.5266262975671,240.7487701287625
2023-09-18,307.2415946277407,138.2858777809918,155.08302522552853,163.10882804160767,142.90341131505207,242.54452126784292
2023-09-19,304.1249140019742,138.1136182133739,154.89225734421365,160.37054925684524,143.7866844007819,244.56475980915366
2023-09-20,295.1730536670413,134.8020397083915,150.067301644112,157.64389858683734,140.91207034422092,240.2357019004243
2023-09-21,286.63347641410667,134.28093781310392,146.36442866496427,150.69914039961776,139.6594206180182,237.07715724070283
2023-09-22,290.7775129584603,133.22192597436896,146.1512225839185,150.45443437000466,140.34998408768462,239.76271365682908
2023-09-25,295.0543122935513,133.44464898821576,147.11622063331518,152.9596885798845,141.38580447765733,241.1656858813873
2023-09-26,292.88091249781,131.1753659778904,144.26612879474825,146.7956231704944,138.07763100674399,239.66653650132216
2023-09-27,296.77328463316763,131.44851313621672,146.47663693705962,146.7956231704944,136.84908859344438,238.68852564208956
2023-09-28,301.11300674737305,131.80571363592537,148.4627198984598,146.7956231704944,137.05785320842529,243.67480645334643
2023-09-29,303.97812979398935,132.69241350470992,146.8356999530767,148.12398415127075,137.47538243838707,240.66863483907017
2023-10-02,312.94393142378544,135.234882975111,150.54981794225125,150.85062593128265,139.51490081323408,245.96765799433115
2023-10-03,304.1039219372951,131.70064695919746,148.597383643727,145.32743144279567,138.43090301924553,241.25384210398698
2023-10-04,307.76572855818165,134.04141985168044,151.75044299898371,147.9841534043484,139.44262850357856,244.97355590969687
2023-10-05,312.2870614100685,134.20950033327884,151.55967511766883,146.77231360100933,140.44636371024325,244.34029708671696
2023-10-06,319.7923120969844,137.52945011088335,154.37612693008032,149.10277270973924,142.5179920829252,252.86995457869094
2023-10-09,316.3751458227394,138.60529619894442,155.31866950630518,149.45233624205113,143.7224519978486,255.2188539308525
2023-10-10,320.0439230910575,138.00434624946024,154.91471281738544,150.87391772077572,143.24066555042654,258.0087071545673
2023-10-11,327.0879893341082,139.69791103341592,157.7086918831842,153.61221428553014,144.3728283411675,262.802707694191
2023-10-12,328.0593397060897,139.16838546317373,155.93578045594802,154.1948290627126,145.10356652991794,259.86857639731903
2023-10-13,317.6889125576347,137.72696760278194,154.12923763927685,151.23513603783013,143.61002978363592,252.27677574045396
2023-10-16,322.11944004068084,139.7903880497529,156.0816719378011,154.45118098707226,143.50563506888204,257.45553426169255
2023-10-17,307.04593576535035,139.54663859997737,156.7773597701043,153.19273093475908,142.24499506501095,259.7402414708022
2023-10-18,294.8725146036399,138.72714472266588,154.80250454529005,149.30086849037824,141.1931196761208,254.10453657178294
2023-10-19,294.2087006499528,139.23567005814564,154.5668602645134,149.61546766846254,140.88797543858124,250.76963010727505
2023-10-20,289.21913258438485,137.28153467567148,152.15439968790346,145.8517811862615,138.81632225137238,247.43467428318002
2023-10-23,300.31634988056425,138.39516284548858,153.16423958988014,147.4714495556291,138.91268946666756,251.73162378048656
2023-10-24,305.1241469636821,138.9036488792189,155.75625758465995,149.80190866435902,139.26598629369607,250.56118457085944
2023-10-25,291.9585169026182,143.16494105785637,140.9447829415098,141.44721489316137,137.38705512981412,240.12348287910274
2023-10-26,281.80471397377113,137.79422599658756,137.20824402604524,139.326497459817,134.00659694198177,231.16081840910226
2023-10-27,283.0206245700099,138.60109091175866,137.08481665408442,148.84642078537956,135.07451492252594,237.87883097494253
2023-10-30,287.63978685309183,141.75290780543224,139.65439644913332,154.63762198296874,136.7366663792317,242.63275152982325
2023-10-31,284.977320023759,142.08912117096156,139.22800156048265,155.08039712323284,137.12208561135859,241.51838481116656
2023-11-01,295.77405167145974,145.43423716876484,141.8873255177347,159.63644894799788,139.6915430231166,250.00001542487098
2023-11-02,304.0270578633176,146.37982415873296,143.05429327487082,160.88325310556453,142.58222448585852,249.21438355644585
2023-11-03,314.50231179786084,148.26249586021575,144.8608533649829,161.5008233469786,141.8434960194397,252.20458734428823
2023-11-06,319.7154480230069,149.83005923559668,146.1512225839185,162.82918432775494,143.9151367993851,253.16660569729333
2023-11-07,321.14109231380627,151.51100815799512,146.959135961758,166.2899175266182,145.99485470784305,255.5876687658271
2023-11-08,325.4667395958413,152.63306000276685,147.93532720085875,165.55581721777085,146.85400807340633,256.35730812802467
2023-11-09,328.09432648055486,151.5782403506345,146.14004666765527,163.83128245570848,146.468576434016,256.97452508519
2023-11-10,337.7728968408278,155.3520598308872,148.77690651501507,167.28035197983323,149.8695686428749,263.5642520841006
2023-11-13,339.76447223919627,154.09550429908737,148.21586515453814,166.15007788969987,148.5831463455336,263.9009338278588
2023-11-14,347.0042774670216,155.60419365386792,149.93263789884483,169.89047258240782,150.70576857103686,269.6088518028373
2023-11-15,341.6373062640748,155.66736466573602,151.0547378932396,166.86086862906217,151.16405566146534,266.7227967438221
2023-11-16,345.77437216099685,158.40450880149578,153.6467731614603,166.4297393835446,152.53088943329203,267.9093024990574
2023-11-17,344.5025361405368,155.74316463974444,151.8289680613214,169.168018168307,152.51483443437456,268.59073627906827
2023-11-20,352.2663684689574,158.93928770557434,152.88375345652346,170.27500046894727,153.92990764653442,272.5429337401221
2023-11-21,349.01681822260775,157.0991011951924,153.6916495609221,167.67652576111922,153.27862557298292,270.1459334703103
2023-11-22,340.4354170850836,159.11194029068622,155.3971945686429,170.95083574407798,153.8173241378968,273.761449187606
2023-11-24,333.8665299956841,158.93508241838862,153.37748021780772,170.9857912083096,152.73993941533251,271.1480564878519
2023-11-27,337.12302418200386,159.4319744360461,153.06331087469337,172.13935708793602,152.5952086870696,268.31814795918774
2023-11-28,334.1809836464872,161.15428189939593,153.94969749454785,171.32369995587894,153.0856926261772,271.75732655149056
2023-11-29,336.41017532914276,159.5330454349184,151.46990504530436,170.49639692907533,152.25753260473746,266.31397596348523
2023-11-30,326.83648516988086,159.55830335919913,148.70957464238148,170.22838132997717,152.72384719462468,262.2654779479566
2023-12-01,326.8015251028771,157.70547478609367,147.95779994747147,171.32369995587894,153.76104479084145,260.3976864914718
2023-12-04,318.0313022130871,155.44418313147955,145.05159533613642,168.771844387021,152.30575963780717,256.5496624390386
2023-12-05,325.4394445702663,156.8674828853982,146.98157416148888,171.148922634721,155.5138313071238,255.16275676008854
2023-12-06,318.010310148408,155.30098065725102,145.8931573768518,168.39898017522003,154.62941675315562,254.48936859277853
2023-12-07,325.64912484990407,156.20636195758345,153.6467731614603,171.148922634721,156.19724819303718,261.8165771828768
2023-12-08,332.00891922381703,157.5875695378953,151.46990504530436,171.77813877088158,157.3550319828234,266.75483111586414
2023-12-11,325.86577577697346,156.35374351783148,149.56236441968278,169.99533897510258,155.32084873126425,260.7664766466528
2023-12-12,333.06423785451483,157.65072744918024,148.69838145267738,171.84804969934478,156.55100408881367,267.9333652977793
2023-12-13,336.0763854762688,157.64652216199448,148.75446831528416,173.43276260448079,159.1640730316342,268.35020701102343
2023-12-14,337.9073956165578,154.0924387626342,148.04751819951326,171.77813877088158,159.28468403973054,267.09161157879663
2023-12-15,341.6813201605012,156.11370153308263,148.78813425160095,174.74947769051062,158.8504918549417,268.4945097639742
2023-12-18,349.977058290637,156.92221712172852,152.37883350553514,179.52692597540369,157.49976271108633,276.27069315853294
2023-12-19,346.67134225291323,157.1791064563866,153.33260381834592,179.20064534258887,158.34397773144354,280.8722406679685
2023-12-20,336.2371109791169,156.06740407229006,155.2288994339407,177.25471412039846,156.64748296948,280.0064241502639
2023-12-21,342.38030784088335,157.29701170458497,157.56280040133112,179.25891037630552,156.5268843686471,283.8624444558109
2023-12-22,341.2620397236098,157.73495109814328,158.7634600049454,178.7695160970713,155.65853722085984,283.301299989616
2023-12-26,344.4000061961311,157.76864579796174,158.79709139438037,178.75787020232474,155.21632994387576,284.4557466930156
2023-12-27,345.36449275052667,157.52019323884144,157.50671353872434,178.67629559912305,155.29674141836114,286.86071853614766
2023-12-28,346.0982535456826,158.02974041980556,157.34961159372625,178.72291473809315,155.64248222194237,287.2534974506699
2023-12-29,346.0982535456826,158.34977456516543,156.74369383378752,177.0449813350089,154.79824238705822,283.75822168760305
2024-01-02,336.63550618117483,156.17268035834812,155.03813155262583,174.70285855154052,149.25853573198822,277.6094238804521
2024-01-03,332.449165017926,156.05898039733546,155.87969359334122,173.0016333589632,148.1409390685495,276.1504532043041
2024-01-04,335.4473713448168,154.93886743886745,153.04083812808068,168.45724520893668,146.25952645197552,278.2747911148548
2024-01-05,343.1280633458253,154.8588490770901,152.30025662287474,169.23794687676218,145.67260085399195,282.1469520053906
2024-01-08,365.1846340223146,157.78126165951898,155.78994079441765,173.73573366781054,149.19419166368374,287.52611045034394
2024-01-09,371.3837028933795,158.2444982791074,158.15752497156578,176.38079195462475,148.85651558135166,286.5400292986169
2024-01-10,379.8401131114406,161.1837451108624,159.64988117168167,179.1307344141257,149.70075541623578,296.99379753598174
2024-01-11,383.13877837934854,161.9669896746444,159.4254991743727,180.8203137119565,149.21834860564073,296.35244374071385
2024-01-12,382.35603609994143,163.58400775135303,160.06504832374645,180.16778800631084,149.48364071294617,300.21646029937455
2024-01-16,394.0413249892102,164.3419812902712,159.88554272589926,178.46656281373353,147.64244003724662,294.5807554003553
2024-01-17,391.7420262203173,164.00509979500208,158.74100453177357,176.77698351590274,146.87861167684787,295.3102900980164
2024-01-18,399.10813103321556,165.85794146869065,160.99639771026722,178.86273659501953,151.6625671000317,301.531226941746
2024-01-19,415.76942059764883,167.87920423913909,164.25045487447434,181.00675470785293,154.0183342132151,307.3994401759028
2024-01-22,416.9085739497558,166.9696176516209,163.8128322492378,180.3542290022073,155.89170692306692,306.0606600943965
2024-01-23,418.43915185648905,167.97604374965937,164.99098455935754,181.79912005041695,156.9288921120202,308.8023630408739
2024-01-24,428.84539371071327,169.51726185235958,166.85363151207642,182.78955450363196,156.38215364038416,313.21155623929553
2024-01-25,430.6275291965968,170.49001945174584,170.4106475562529,183.81496220107053,156.1168243112883,315.19961232980273
2024-01-26,426.5321536469573,170.09418533237752,170.76974511915176,185.4113210009531,154.70980341311412,315.9692270122068
2024-01-29,436.55404842383246,172.5323479598724,172.25090812956358,187.9049115360944,154.1550374420193,321.48469195699715
2024-01-30,438.7135336321721,172.05650857930988,169.95062127816726,185.27149914402673,151.1881753816319,320.71515131397376
2024-01-31,429.9985684800677,167.42018600731956,157.20373738531407,180.84362328144155,148.26155007664588,312.76258143483506
2024-02-01,440.48175453065375,170.03101432050946,158.39315197890153,185.59776199684956,150.23944157388618,316.48227056075143
2024-02-02,462.37762641175635,173.16399257563754,159.762106717218,200.198086890643,149.42738618041773,380.7840412557301
2024-02-05,484.5459945217655,170.8184641714772,161.2207797075762,198.45024255909559,150.8987263323695,368.29409133041423
2024-02-06,476.7954358016725,170.75108787242337,161.69208554257045,197.09857200883417,152.20124085041866,364.5342481803743
2024-02-07,489.90639568920204,174.3556871203451,163.30787775136764,198.70659448345523,152.28966741709934,376.45508206617507
2024-02-08,486.70550643756656,174.38094504462583,163.7230449034324,197.9025832461447,151.4133299916437,376.78379223661307
2024-02-09,504.12165569168053,177.09283125610486,167.1902908752444,203.2742922029668,152.0332092813775,375.2686009907333
2024-02-12,504.9252297909981,174.8652212007261,165.54083273013038,200.81565713205705,150.664601270876,375.9019338530939
2024-02-13,504.0867223321382,171.100611430416,162.8590446629861,196.50431133690515,148.96596005233386,368.86328140931
2024-02-14,516.4708119495592,172.75435044164686,163.7567281131901,199.23094422692108,148.24945299477218,379.41325148197535
2024-02-15,507.7907267420743,171.51827112128416,160.19972934245453,197.85598188716656,148.016010332769,388.0311639157232
2024-02-16,507.4761662614255,170.46359557556625,157.6750259468674,197.51805535960523,146.76817462478883,379.44526117422384
2024-02-20,485.38460881047104,169.92780792658644,158.34827557943973,194.68655607689456,146.1644123702898,378.1866410622035
2024-02-21,471.5469388976015,169.67044697093556,159.95284005165104,196.44604630318852,146.7762269387745,375.6026173167869
2024-02-22,548.8846964109446,173.66562700438922,161.68085780598454,203.42577773463168,148.4265666806662,390.1281566150084
2024-02-23,550.8345547545691,173.11295270375075,161.53500087101327,203.90352611911936,146.93723599669718,388.4428969117002
2024-02-26,552.7565305084673,171.9316993238003,154.3648819200535,203.6005550557896,145.84239425444443,386.60509140439194
2024-02-27,550.02382305559,171.90640209777018,155.83481719387945,202.21392904129664,147.0257990432759,390.8664773191772
2024-02-28,542.769542383673,172.00765650480633,153.02959311805387,201.77115390103245,146.05167997449067,388.4348266192058
2024-02-29,552.8962639466363,174.50516477389442,155.363545905767,205.9659696287511,145.51231141734996,393.33825736347865
2024-03-01,575.0296986971032,175.28982420065483,153.88240016879607,207.66721260132041,144.63482011639255,403.1048661087264
2024-03-04,595.7025023823055,175.04518391122625,149.62969629231637,206.92146639772653,140.96380863284986,399.8065350982759
2024-03-05,600.8115863377446,169.8687242966559,148.86669386082045,202.88976431642732,136.9546371837001,393.41044575964435
2024-03-06,619.9337548126845,169.63245527984944,147.44161771301543,202.17897357706502,136.1496043013501,398.1212260353806
2024-03-07,647.6735130353778,172.60673307090246,150.78542767614613,206.03589833720628,136.05300134804918,411.041764318954
2024-03-08,611.742469564177,171.37481973597608,151.9412108802986,204.32300946989042,137.44574148598073,406.03406144688626
2024-03-11,599.4836379408333,170.65764141293457,154.4771074655898,200.37288199179292,139.0719491004424,388.0897537456368
2024-03-12,642.3897088673045,175.1970458709058,155.40842230522878,204.3696108288686,139.45831128459224,401.05844230644766
2024-03-13,635.2258062448454,175.1211017904829,156.8559193793238,205.7329272738765,137.7677596018261,397.70394008585237
2024-03-14,614.6499506446113,179.3904770289135,160.57003736849836,208.28478284273447,139.27319491376642,394.7024823121462
2024-03-15,613.9021417247465,175.67796827772398,158.4155901786324,203.2393367387352,138.96725661136543,388.4990681218449
2024-03-18,618.2214326309628,176.0576493780891,165.70912786483257,203.30924766719835,139.8528250408354,398.8354839408275
2024-03-19,624.8121397163453,177.78314028314028,164.97977409621254,204.96387150079758,141.7527368872285,398.24158938857727
2024-03-20,631.6196045586432,179.3946954166824,166.89852518497912,207.5856379981187,143.8378023262378,405.6889638935237
2024-03-21,639.0488725178085,181.14129136116105,165.61937506590897,207.5856379981187,137.96094069390102,407.48661537670836
2024-03-22,658.9957674015135,180.87549362997245,169.17637383664456,208.42460469966082,138.69356478669744,408.94716555964425
2024-03-25,663.9790592136468,178.39483271079362,168.39089865853595,209.40341103812128,137.54234443928164,403.6826941153685
2024-03-26,646.9186533456971,177.8843684890102,169.06414829110827,207.76043309926862,136.62460397565943,397.9607086580603
2024-03-27,630.7668887303059,177.7915639580949,169.28856483529904,209.54323289504765,139.52274220374093,396.3316201648968
2024-03-28,631.5077002952777,177.49203222533842,169.35591398137353,210.18411270594677,138.04951614774322,389.6867831869647
2024-04-01,631.556628364606,179.11628182393656,174.47260082485863,210.871593875824,136.88220357961958,394.3173294538343
2024-04-02,625.1895161462628,177.7957954464469,173.42906043968333,210.54533102300118,135.9242015460691,399.1484237231801
2024-04-03,621.7788130776823,177.37813575557874,173.833034402044,212.54952727890824,136.5762900917455,406.6680359838794
2024-04-04,600.3991163035164,176.29393149547872,168.90708089299198,209.74131978569065,135.90807210357087,410.02261224385535
2024-04-05,615.0972472085361,179.51705486314606,171.1175803985829,215.64904216071707,136.51992389384594,423.1999684592238
2024-04-08,608.9817726917274,179.1247185994743,173.7544747928245,215.78886401764345,135.61022333694592,416.707553886324
2024-04-09,596.5481140259042,179.8376654341638,175.71811955449377,216.34816922534088,136.59238231245337,414.8216227815719
2024-04-10,608.3248759705492,178.56359442271494,175.20193732003773,216.67443207816368,135.0708547798052,417.17296543329604
2024-04-11,633.3247691407034,180.5337780195272,178.8711789097505,220.2866508086918,140.915469934409,419.84539219924784
2024-04-12,616.3413341765769,177.98984128381522,176.98607648385982,216.88418264354522,142.13113360823692,410.80903386567445
2024-04-15,601.0701145643266,174.50516477389442,173.76570252941042,213.95944508289432,139.02363521652845,401.4436692041402
2024-04-16,610.9527299298769,174.9017325259182,173.24953756839528,213.6098904405784,136.35891483592323,401.0665125989421
2024-04-17,587.3295529811937,173.74577637199786,174.4501453516868,211.2328121928784,135.24795605843573,396.580392483991
2024-04-18,591.77452920087,170.5521555175464,175.05606311162555,208.83244215568536,134.4750828029745,402.7035726654257
2024-04-19,532.5698560361,168.37950240841118,172.9016504686414,203.48404276834833,132.8328201895954,386.06739274207996
2024-04-22,555.7596777157215,169.15575126080012,175.35903926503582,206.513628941702,133.50904086270182,386.59709515127815
2024-04-23,576.0630637945106,171.94436758769007,177.58076650721267,209.20530636748632,134.36240003622922,398.12927164808144
2024-04-24,556.871135430332,172.5729728681683,178.55699229319524,205.7678827381081,136.06911838328395,396.04274318126613
2024-04-25,577.5238551045437,168.34576840684332,175.04486992192145,202.36541457296147,136.76949599834737,354.2154784137877
2024-04-26,613.189266164424,171.41701671424798,192.94207204769472,209.29852686543455,136.29452113856493,355.7483157120636
2024-04-29,613.342994312379,169.6999756853177,186.4339922661623,210.85994798107745,139.67569894767794,347.185414538163
2024-04-30,603.8727955661341,164.2493208657704,182.65259422467685,203.91517201386588,137.12372337013534,345.21924942454433
2024-05-01,580.382301285804,166.61605911402327,183.8644124711134,208.5760902313257,136.29452113856493,352.45800563452025
2024-05-02,599.7841502967733,167.83952257282877,186.96136769032245,215.24120470469254,139.29733944845992,354.45620512018104
2024-05-03,620.5557715892435,171.56044189838977,187.65709006950746,216.97740314149345,147.62959851956532,362.70611715214187
2024-05-06,643.9762389057205,174.46298089620564,188.62207084546324,219.8788133526673,146.28514745102078,373.7166368524477
2024-05-07,632.8915207014875,172.69108772569686,192.15663141646792,219.94872428113047,146.84062063613283,375.7711062674274
2024-05-08,631.8990714349812,173.19734666029453,190.0583401829724,219.06315622061024,147.1143744971181,379.2701333591155
2024-05-09,620.2621497583509,173.94827208548708,190.70913434237292,220.81100055215765,148.58758814585232,381.53317170947855
2024-05-10,628.1669173607046,174.96920052905395,189.23918179510608,218.4572318739427,147.56379039417254,382.1591746731516
2024-05-13,631.8081592362948,174.53888567487917,189.789012692438,217.39688649226449,150.16760351845178,375.58650141159166
2024-05-14,638.4968292901798,175.7370388070714,191.13552923102355,217.97950126944698,151.09468665145948,378.6681685143708
2024-05-15,661.3791946738912,178.8096102733725,193.57044528080527,216.7210512171338,152.94075097443545,386.4445987068652
2024-05-16,659.4851549246422,177.9263034556194,195.44431997011006,213.97110875763286,153.03747800037098,379.7756742504176
2024-05-17,646.3455112235436,177.59664038165667,197.5538562136324,215.2178951352075,153.06165975685485,378.7163681511953
2024-05-20,662.4275159496959,179.76476068902778,198.51881971614728,213.86622458494608,154.0048475178339,376.252559680214
2024-05-21,666.6628920121187,181.32852489530015,199.56237737476346,213.41178576994344,155.06090415451013,372.874044020484
2024-05-22,663.6155172487469,181.95402533757584,197.91290195620854,213.38849398045036,153.89197864213668,375.401945915343
2024-05-23,725.4623061572449,180.46634931814086,194.73742167466182,210.96481437377227,150.65131309171016,373.7969202209014
2024-05-24,744.123183358474,181.8019013662336,196.35323115689994,210.61524195146438,153.1503468760682,383.78024223340776
2024-05-28,796.0662045919742,181.86950037520072,197.93532288249853,212.2465562155785,153.15841159731733,385.1444918618689
2024-05-29,802.524068764235,181.38348184154373,197.37429879546252,212.0950884639056,153.40024156941956,380.6824839052269
2024-05-30,772.296243435306,175.25522556060017,193.12161219242373,208.94897222311863,154.20637869821752,374.8160722960001
2024-05-31,766.2366943427187,175.4496382142962,193.55923481766027,205.59310541695015,154.98028175654593,374.63951305286514
2024-06-03,803.7472170825197,174.76919392636006,194.31102678601118,207.8070344582468,156.4151941829786,383.19436861406484
2024-06-04,813.7905045359952,175.84690029722603,195.0066973448735,208.9722640126117,156.67316600484256,382.79309985055767
2024-06-05,855.7461103253182,179.20265396853347,196.82450244501237,211.2328121928784,157.89849493690596,397.29460102985075
2024-06-06,845.6678360973775,179.41819786282326,198.30564818198332,215.56746755751539,156.7779577520272,396.2513861560302
2024-06-07,844.8990885277565,179.13504185898324,195.7585065866653,214.7518104254583,158.72076150820214,395.6093660063362
2024-06-10,851.2032245520624,180.8340564855223,196.6010359400712,217.96783759470847,155.68161473089577,403.34564217470694
2024-06-11,845.1223094903362,182.8669394732098,198.40968611653233,218.16592448535147,166.99174110507772,407.2538602436352
2024-06-12,875.1079515590748,186.4086559220924,199.7239876878368,217.76975070406544,171.76410814418978,408.35336972656825
2024-06-13,905.9324749911332,186.62843130473422,196.76952108262327,214.20415111250742,172.70727109064188,404.54937442584776
2024-06-14,921.7990573334416,187.04683772884098,198.6006094588153,214.00606422186442,171.29655282795656,404.9992870624635
2024-06-17,915.5083818696932,189.49811404005214,199.10615125367613,214.47214893161362,174.66619188205158,406.98346842538166
2024-06-18,947.6609605285086,188.64016995124487,196.69087510619926,213.01561198865744,172.74759469688746,401.24776100285357
2024-06-20,914.1104065089289,188.36970841246085,198.05019126449275,216.8492271793136,169.0312718871882,403.0231019526591
2024-06-21,884.6838584376349,190.0940464661963,201.79103126674173,220.32160627292342,167.26582996217644,397.46417589140793
2024-06-24,825.5511885888632,189.2022766717392,201.33043496510635,216.23165693789957,167.7898383271535,400.78185586001024
2024-06-25,881.3287068888158,190.5885279765573,206.7338436541135,217.12887089316632,168.539559628998,410.17261602911867
2024-06-26,883.4955366490469,191.09993544032633,206.56535851156144,225.60009473179727,171.9092110903565,412.19695141616046
2024-06-27,866.6504463350954,191.3915282197041,208.28408315469,230.54067444310178,172.59442702947157,417.3703544221963
2024-06-28,863.5051086032212,188.8979894273054,204.62188912886495,225.18061138102618,169.7890455030184,405.0474866992881
2024-07-01,868.8172226804035,193.03138061281385,205.56551993186662,229.78326456476935,174.73068483751757,405.4169678886887
2024-07-02,857.4240867116492,194.10910008426293,208.0931252655252,233.0459108729896,177.56831284170377,409.2889807004632
2024-07-03,896.6363554784481,194.7388451154738,208.74466218288447,230.237703379772,178.60016290736925,409.6584865696574
2024-07-05,879.5113709687759,197.60854095137483,214.1143876621339,233.0459108729896,182.4615638487083,433.7177067214986
2024-07-08,896.0768875765435,197.05066571923248,212.35066570545723,232.21859006619403,183.6546463030387,425.21068060022
2024-07-09,918.3042257613763,194.21898777558386,212.29449247564597,232.27685509991068,184.34793937066638,425.7568937913105
2024-07-10,942.9778605827781,197.05488410700136,214.7659245794932,232.80120484337647,187.81431785796042,429.52446171673506
2024-07-11,890.4852532081003,192.1734103228403,208.46384785415069,227.27802813488148,183.4531151226551,411.85957863818254
2024-07-12,903.3463380865493,191.6873786886002,207.90215010291945,226.62550242923584,185.8473571598285,400.7496980890004
2024-07-15,897.7544366434918,191.86067320228557,209.54222876962402,224.56304113961215,188.9590492065865,398.57274285857784
2024-07-16,883.2160163577861,189.98415877487537,206.61026945790502,224.91261356192004,189.29761861188777,393.4556344616544
2024-07-17,824.7123606404664,187.4483181995397,203.35248123046318,218.98158161740855,184.50914694480443,371.12350626320716
2024-07-18,846.3802843383172,186.11701074038209,199.61165850165509,214.1109306145592,180.72030368018045,382.25744961111127
2024-07-19,824.2930000811906,184.73919621110176,199.5779580184565,213.38849398045036,180.82508302010163,383.01255257490146
2024-07-22,863.5051086032212,187.2031931885352,204.0826641242465,212.71265870531968,180.54294184901724,391.53571928116895
2024-07-23,856.8648858843587,188.01046422178345,204.21748333048177,217.21044549636807,181.38940258406075,392.5719991329989
2024-07-24,798.5710973989069,181.26936266187082,193.92743548391417,210.70846244941256,176.17368679972628,370.54511062131314
2024-07-25,784.8013712678993,176.83165803076227,187.9173662770095,209.5665424645327,175.32722606468278,364.23103223668465
2024-07-26,790.2531653683279,179.73517957231314,187.60285146507712,212.654393671603,175.7061190762296,374.10378877403804
2024-07-29,779.9783776392313,180.35224323905106,190.44497161066803,213.4700508036601,175.93184442036056,374.11178502715177
2024-07-30,725.03958045783,178.74201126440542,191.29871142721893,211.7338701468512,176.38327029409558,372.08747431990355
2024-07-31,817.9322976535893,176.81055299133476,192.70290398497417,217.8746170967602,179.02743183914725,381.4380557850948
2024-08-01,763.3429408974562,176.28646416309283,191.8267086952515,214.48381260635213,176.02858385355955,399.8419999616229
2024-08-02,749.7829751684707,172.64333610017647,187.22088386642483,195.642035065878,177.23778334312473,392.1301814686711
2024-08-05,702.1133080075379,167.0053298412419,178.89669178196183,187.62526782224168,168.70076720313608,382.16105033746226
2024-08-06,728.6741988829872,168.89032034593924,177.81829359304757,188.68561320391987,167.05622165328026,396.9099170876165
2024-08-07,691.3492930000812,168.3915942466431,178.54845921338995,189.66441954238033,169.14415317014885,392.7567273878024
2024-08-08,733.706685839063,170.19203358779907,182.01967807660927,193.19506366970677,171.95756219606082,409.393425586813
2024-08-09,732.1689770401296,171.59941613321092,183.86201146282812,194.52342465048312,174.3195701627647,415.93236157057515
2024-08-12,762.014939085622,171.93331069552568,182.31175468881077,194.36029322407174,175.56245537262424,414.4703306000256
2024-08-13,811.7814624578557,174.97627484394584,184.4124642040325,198.35702206114735,178.58089442721558,424.5841593608822
2024-08-14,825.3414281868411,176.18080796012393,180.1549064906595,198.20555430947445,178.94407984322183,423.15416276237477
2024-08-15,858.7520885234833,178.26393168412713,181.1996560166979,206.93311229247306,181.36529527115763,431.645245737013
2024-08-16,870.7743454535354,177.18002873743916,183.06442760264764,206.315542051059,182.43872207667812,423.6843340876507
2024-08-19,908.6582385040404,178.4756240069758,187.2321288764516,207.66721260132041,182.3095624640577,425.17854750900364
2024-08-20,889.4368251024499,179.86013293423719,187.8050370908278,208.43626837439933,182.80994739940658,423.13007528385924
2024-08-21,898.1740642773815,179.58071059659005,186.31095354662176,209.86949574787047,182.72119824387593,429.90201319863024
2024-08-22,864.9030305490626,175.94368740541378,184.0080584056493,205.23188709989574,181.21195390205332,427.3073277823953
2024-08-23,904.254925924185,176.46873257622445,186.05259469105977,206.2922324815739,183.07629412410614,424.150288590081
2024-08-26,883.915057453091,175.07150298274075,186.65922066207546,204.49778679104838,183.35069316279134,418.6233969008719
2024-08-27,896.7761957464628,175.21969677914305,184.99661742843548,201.72453476206238,184.03669075950444,417.000799193415
2024-08-28,877.9737155847652,173.84786921635455,182.94085340643915,199.0212114415315,182.79383036417178,415.1371292624549
2024-08-29,821.9165167487832,174.91484620963448,181.73884647443458,200.5593052076974,185.45716113126946,416.29387118665574
2024-08-30,834.3581342381109,176.61690017146043,183.53623436742802,207.9934754541432,184.81958908384146,418.776115463427
2024-09-03,754.8854356734768,173.35674145527565,176.7735613404501,205.37170895682212,179.79150834481524,411.1044509945987
2024-09-04,742.3739514650645,173.12809697785266,175.75128456102442,201.96924079167547,178.2419279894836,411.89171172939893
2024-09-05,749.3636680241179,172.912173166652,176.6387594076557,207.28268471478094,179.47676088535752,415.20139544488757
2024-09-06,718.7488515791588,170.0796436850997,169.5390297283691,199.70869261140876,178.21772141847282,401.874356281572
2024-09-09,744.1912873851045,171.78169764692566,167.27807450190522,204.38125672361508,178.29036594603213,405.5053709092239
2024-09-10,755.5844233538589,175.3721220638973,167.22183217833032,209.2169700422248,177.64469195556464,405.5053709092239
2024-09-11,817.1635500839683,179.11497176562324,170.03396563051643,215.00816234981795,179.70274678202114,411.1606715643306
2024-09-12,832.8218142271716,180.7916367973371,174.00474967804465,217.8979266662453,179.79150834481524,422.2223031171011
2024-09-13,832.5420802762192,182.3116319553616,177.1206193150407,217.30366599431625,179.5735871694007,421.4351164216817
2024-09-16,816.3247221355714,182.62916388934306,177.79552719793955,215.43929159533553,174.58589207293733,428.80050465241874
2024-09-17,808.0062559557639,184.24233039461052,179.21286484422077,217.75810480931895,174.96521933870525,431.2448901258675
2024-09-18,792.4878854954982,182.40479020202147,179.7640085230612,217.23373728586114,178.11280559865358,432.55558460230145
2024-09-19,823.9440938051508,185.74116811087495,182.3849595313508,221.24212979767526,184.71466085675877,449.56183803009344
2024-09-20,810.8723404709915,184.2931344560009,184.01600418846397,223.25798972832084,184.17390268611052,451.371014976871
2024-09-23,812.6897832208771,183.54797328738698,182.0587333264873,225.91471168987357,182.7776885144101,453.83159039489584
2024-09-24,844.9149527598422,181.71040689363164,182.55368650207552,226.0079321878218,183.50405934642257,452.96310845948665
2024-09-25,863.3692210394971,182.9551981017779,181.65380932487707,224.3416446794841,182.69697926560167,456.9674543243348
2024-09-26,867.0740800881987,182.61648252487015,183.0486224042229,222.7452858796015,183.62512942326697,456.58955732532985
2024-09-27,848.6198118085438,181.2234844197385,184.4209454635151,219.02820075637862,183.8430133768911,456.2035653540369
2024-09-30,848.8994389296504,182.18884018965454,186.55818830624324,217.1172249984198,188.0478845925982,460.28826862671946
2024-10-01,817.8625911792732,178.11996937607685,187.84053401188015,215.71895308918027,182.56785687477165,463.5287255212696
2024-10-02,830.7945576603408,176.6126948842747,186.56945058971095,215.2878060636707,183.02786857482107,460.58580821788996
2024-10-03,858.7556673233141,176.36286676392538,186.56945058971095,212.02517753544242,182.13201452394262,468.5944999475863
2024-10-04,873.2255562630065,176.15963741778074,187.91924908206775,217.32695778380932,183.04402283184623,479.1842044878847
2024-10-07,892.7982796121648,173.39909564054514,183.3298167486565,210.673506985181,178.91987327221102,470.2106315491303
2024-10-08,928.9381754316994,175.58805897568112,184.90465362907653,212.91074559596268,182.2127361800145,476.73172404214796
2024-10-09,927.2604127050599,176.7523733016404,182.07001288339592,215.76555444815838,185.25538180561665,474.81800348984626
2024-10-10,942.3592089463586,176.0664529699546,182.3174721977491,217.49008921022076,184.85186037610137,469.4467919384195
2024-10-11,942.2895558869654,176.26972161784866,183.62230792343962,220.01865298958566,183.64932358701432,474.3677946957077
2024-10-14,965.1477243106269,177.46370876460452,185.55705421848089,218.52714280240585,186.67585217738167,474.7456423351256
2024-10-15,919.9206681565869,177.29433132527595,186.11951200111173,218.70193790355583,188.73389459657471,471.4088355265135
2024-10-16,948.720605767957,176.18503944847592,185.7820407862214,217.76975070406544,187.06323175713527,463.78598768934876
2024-10-17,957.1788588008565,176.4390859565941,183.2735744250816,218.51549690765935,187.36184977409476,463.898675626748
2024-10-18,964.6584436173441,177.0487608944449,183.82476992424472,220.21673988022866,189.66200753244965,463.5287255212696
2024-10-21,1004.5729583748189,177.31129658043338,184.55593740415938,220.3099603781769,190.85646719302414,462.47539193208905
2024-10-22,1003.7341304264221,181.0075606085378,185.7595334927269,221.04404290703226,190.35609466493875,467.9833788994305
2024-10-23,975.5633137763496,179.7754769660307,183.10486472779778,215.22955880994604,186.24002223381612,453.2526517975435
2024-10-24,981.5049761342126,179.8305125157731,183.03737739419608,217.17549003213645,186.0866932719753,456.54128364912464
2024-10-25,989.4039749248985,181.27851996948087,185.9057877168389,218.86506932996724,186.76461374017578,460.93956837879244
2024-10-28,982.2738305336792,180.61804097023966,187.53683237395202,219.51759503561289,188.3706719587781,464.8876443143216
2024-10-29,987.3767717729909,182.88748118756263,190.8663917483391,222.36075799306207,188.58860554145608,477.0453548587202
2024-10-30,974.0253913177248,183.13303851781052,196.24323388523993,224.5746870343587,185.7073535989439,475.8552952132122
2024-10-31,928.0292671045266,172.04842551951674,192.47492911195772,217.19878182162952,182.32572912834632,456.3805194738688
2024-11-01,946.4835887991044,173.7504925819258,192.67740838620372,230.63387716105802,179.90450129314704,456.0426531000196
2024-11-04,951.0273826260485,172.94179358511605,190.37147311963264,228.12864073117018,179.17814286839803,450.83240316219724
2024-11-05,978.0098240726101,174.21199992454063,190.93391362882258,232.46329609580712,180.34031882944913,460.2802230140186
2024-11-06,1017.8544721110004,177.90404556487618,198.5492036986928,241.30738414623903,179.75113510951581,459.97468716973424
2024-11-07,1040.7127473645078,180.1268870079945,203.31862528629648,244.75647145035575,183.59282090921667,475.7748390862035
2024-11-08,1031.9747069657333,178.90327944277456,200.61895920781927,242.5774800932987,183.37468881032336,473.87725911889066
2024-11-11,1015.4078549848944,176.98527546858165,202.86868669769723,241.01607675764777,181.1689379196369,468.9160776576852
2024-11-12,1036.5882606819164,179.11072717668807,204.29725208056436,243.42811046957937,181.1689379196369,470.24291271910795
2024-11-13,1022.4678121674922,180.0295234741489,201.21513474708962,249.47565470153216,181.88802568799827,466.36714857871226
2024-11-14,1025.8929906801643,180.74505112371563,197.50307229738235,246.42274117870144,184.39271718449416,464.08357664010646
2024-11-15,992.4797130123025,175.71083764080507,194.02729324576504,236.0871607210818,181.7910877385839,445.5254577932032
2024-11-18,979.6873731395582,176.0326272643048,197.1881256494274,235.02679755941162,184.23112498518884,445.78267060169526
2024-11-19,1027.640726955734,176.89211722192178,200.36022033655746,238.4176198298117,184.4411799555696,451.1619771254099
2024-11-20,1019.8118085438236,175.9182853747186,197.95302815942247,236.4017776791581,185.0229193174268,454.72406108964617
2024-11-21,1025.2641902084038,175.15889697282205,188.560456481768,231.15824468451584,184.63509307618867,452.7701618334273
2024-11-22,992.2700060252033,176.9110475645492,185.33206765074036,229.69004406682112,185.725852828763,449.594069840484
2024-11-25,950.8176756389494,177.67043596644575,188.58292922838072,234.73549017082038,188.14972341107932,454.39438840725927
2024-11-26,957.1088852519262,181.57350579989014,190.23646390554745,242.2046158814978,189.91914806766178,461.1727430683561
2024-11-27,946.0642816547515,179.45228558013577,190.36021083616495,239.73433491584154,189.8141205824714,457.68306961842757
2024-11-29,966.4060730630681,179.6516764554224,190.04524691476914,242.23957134572936,191.7532269741352,461.80000470150065
2024-12-02,969.0621835165821,182.84202216409057,192.90239495394425,245.5255272234347,193.5792163448326,476.6834997255298
2024-12-03,980.456548028562,182.9353638189143,192.73365070977863,248.70659892845325,196.0515621054878,493.42454409171603
2024-12-04,1014.5688133768059,185.57416187709347,196.1419942481169,254.20648384745513,196.34241317552122,493.529038337653
2024-12-05,1014.0797463432143,187.78026077496762,194.19598566960795,256.9913817711877,196.36666937558584,489.6292854379161
2024-12-06,995.7638761286572,188.18328711447606,196.52444550311446,264.5420643050748,196.20507717628053,501.56181754586476
2024-12-09,970.3873009225825,189.22267427967753,197.4929500610141,263.44674567917303,199.3642021912468,493.3601791901092
2024-12-10,944.2420849767325,188.08146938236513,208.5292105545215,262.2232510910914,200.188329852062,497.98364235622677
2024-12-11,973.8826666438763,190.48270146600765,220.04974923714008,268.3057507872758,199.15412240633913,508.7261148186673
2024-12-12,960.1109107458004,190.72451202947946,216.1757828258641,266.8026124853415,200.34183251559128,507.20643185035954
2024-12-13,938.5095954567403,189.7529858849077,213.76582689818488,265.04312225904755,200.47919332935885,498.81179750895734
2024-12-16,922.78028946615,191.58574436465315,221.46869331342512,271.4169115638312,202.8303449405351,502.3446112380304
2024-12-17,911.5252310729563,192.803338762215,220.07223925719364,269.342804379461,204.80177225351267,498.4819767478091
2024-12-18,901.178867347244,185.56144121087118,212.16666901297572,256.9564263069561,200.41457630125828,480.57668780017957
2024-12-19,913.5523273950182,185.4087015121217,212.29053685767957,260.18409937095277,201.82039369487686,479.27300238511697
2024-12-20,941.6553070930744,185.2262758919925,215.55639178202227,262.08342923416507,205.6178227858153,470.9681531326895
2024-12-23,976.3994709786042,184.6535576991603,219.18262250389066,262.2465606605765,206.24802491874794,482.71721565530623
2024-12-24,980.2444907848575,186.38445914504547,220.8493022695833,266.8958329832897,208.6153307869493,489.07453303825343
2024-12-26,978.2170739732584,185.86689440720386,220.27497763305323,264.56537387455984,209.27787865572265,485.53377241565386
2024-12-27,957.8039202280177,182.65110736609108,217.07667913607577,260.7201127891571,206.5065798819945,482.68503320450276
2024-12-30,961.1595525111424,180.232896926708,215.36495023651224,257.86530393696137,203.76758962231668,475.78841297266206
2024-12-31,938.789169162924,178.82015624279467,213.1802227047462,255.63971122092627,202.32942649285746,471.1773884224991
2025-01-02,966.8918283714431,177.58135200114026,213.32659784294452,256.6068538846482,197.02112770858315,482.2263345613793
2025-01-03,1009.9551528307773,179.60499907771893,215.98430673347227,261.23281663787645,196.625211931569,486.5638082797129
2025-01-06,1044.629236337531,181.51412085654758,221.70516671936505,265.21789958020554,197.95027044732527,507.1408329590746
2025-01-07,979.6850228829529,179.18925207198825,220.15107524146757,258.8091370311983,195.69606919282688,497.2345612620654
2025-01-08,979.4754227256994,180.1183585283748,218.4167872280869,258.83244660068334,196.09196015531413,491.4646723254554
2025-01-10,950.114201105048,177.73833628882488,216.26586382016484,255.11536147746043,191.3653883256336,495.6009070070931
2025-01-13,931.3789169162924,176.99162925140124,215.10591771675513,254.55605626976302,189.3858962914069,489.5413760132521
2025-01-14,921.1025267395105,176.34679234842102,213.5856303627017,253.74038135771397,188.4809849382025,478.2107840702545
2025-01-15,952.4211916228309,180.86079477569706,220.2186662157147,260.25402807940793,192.18952839371224,496.6149010053376
2025-01-16,933.7557741531598,180.12682150507885,217.2456133880913,257.1195577333675,184.42501329128098,491.93136722169265
2025-01-17,962.697581799613,182.014746540398,220.72541715143862,263.27196835801504,185.8147136496648,493.11431908665514
2025-01-21,984.5086040757723,181.78986193033424,223.0340470747903,268.83011831073367,179.88427745370694,496.0837918479063
2025-01-22,1028.1310759474738,189.2990768805101,223.39438832543402,273.84059117050936,180.84575352102627,501.74908781940513
2025-01-23,1029.1798245426614,189.51541991037104,222.95519381707547,274.318339554997,180.7084175217856,512.1703280888566
2025-01-24,997.0221180512526,188.39116716763294,225.46652756940492,273.6541679546048,179.9973820674099,521.0546095345077
2025-01-27,827.8457868445455,184.36082516904992,216.00684857384857,274.318339554997,185.71775088572352,531.0251967735365
2025-01-28,901.7381215894571,189.72329996352798,219.93710912902213,277.49941126001556,192.50462325654684,542.6535257460532
2025-01-29,864.7570475649205,187.65720699759788,220.0609942471669,276.24097898769435,193.3933803527261,544.3916742469625
2025-01-30,871.398231752394,176.05830440724577,226.2097691845096,273.4094619249917,191.9632695372525,552.8494888598806
2025-01-31,839.3805791886914,176.08800342920864,229.75718119554494,276.9517519470647,190.678621478586,554.6037779457787
2025-02-03,815.54208668601,174.3316213491295,226.61517684246508,276.64879866372695,184.22302304214932,561.266927330533
2025-02-04,829.4536294371776,174.94677233073,232.4148728126318,282.0554630847806,188.09315869696437,566.6827105891308
2025-02-05,872.6564736749895,175.33709110459924,215.4662762408398,275.1922617207708,187.82652660520523,567.230009691138
2025-02-06,899.5708645098434,176.4104349812819,215.77039244134951,278.29177660257955,188.43249735260017,572.9596212046565
2025-02-07,907.6802112667028,173.8352402542142,208.72065210003154,267.01234527073103,183.91601771509076,574.9956054542591
2025-02-10,933.7557741531598,174.88314279845224,209.99322103811826,271.6616175934443,184.13438555198985,577.313284867566
2025-02-11,928.3729387181273,174.5522220685087,208.69814480653704,271.2188246731882,188.15436372761343,579.2445774328831
2025-02-12,916.7682262399741,173.53403164681666,206.7723979742054,266.7559933463714,191.59198217820676,583.7350165117074
2025-02-13,945.7799006055116,174.17040557309286,209.62158295712499,268.4339267494556,195.36120955930022,586.2940643060404
2025-02-14,970.6670882884576,173.27522962702116,208.5967842553277,266.46468595778015,197.8443992682196,592.8203889152928
2025-02-18,974.5118944350196,173.78858907767702,206.95259450968862,264.0992713848187,197.73923530313115,576.4843893210286
2025-02-19,973.3234124016631,175.96496275242203,208.64181611575762,264.0759795953256,198.0627546978552,566.3448442152816
2025-02-20,979.4754227256994,176.89592949161351,207.84224580987348,259.70636876645705,198.83926328151028,559.1585819262098
2025-02-21,939.76773054949,173.52915822989112,202.32412419984024,252.36541901795948,198.61279350157167,550.07311080345
2025-02-24,910.7561630137982,171.73948756807061,201.86242239798716,247.85598633216455,199.866510252432,537.6642093201883
2025-02-25,885.2399077844773,169.14639744444304,197.5492614783526,247.96085272485934,199.81797303777577,529.1098967144469
2025-02-26,917.7470012862314,169.92432317147302,194.51989723339068,249.7669620901234,194.41485794613882,542.1465040671375
2025-02-27,839.9398334309046,166.86363393407368,189.75627952192988,243.23002357893637,191.93979499478584,529.7054201330722
2025-02-28,873.2857548810557,168.75953722452093,191.76084506509451,247.35492837819183,195.6119479465669,537.7205779686815
2025-03-03,797.3660567394677,165.14622608881567,188.0783374727695,238.8953682142994,192.5302442555921,527.1382773664513
2025-03-04,810.8582389313597,165.19722665895304,192.48157938670477,237.47378673557483,190.8316526661038,515.0271622722958
2025-03-05,820.0161206237153,170.47268738026068,194.84650345395406,242.78723065868024,190.67797630088606,528.2810505274966
2025-03-06,772.968309994573,168.71705203342012,194.09198228194074,233.8615680050467,190.3463549631225,505.3139852801073
2025-03-07,787.7888144878364,167.19520969317387,195.79246617147743,232.17198870721592,193.37145671819195,503.4872856799015
2025-03-10,747.8715221543733,161.60516466908973,187.00962968420092,226.68374968296052,183.9968882583242,481.2204355354229
2025-03-11,760.3150091660008,161.72845425695587,184.94640353573516,229.0724738254071,178.62613130979136,487.43298124934176
2025-03-12,809.1850164731621,162.92721001597224,188.40769017043618,231.75250535644483,175.5039923471999,498.57842538104524
2025-03-13,808.0663477439673,161.01427596745185,183.50325936874728,225.92635758462006,169.59937566650268,475.30567621061016
2025-03-14,850.6439703098494,165.17597751311106,186.5812310764057,230.65718673054306,172.68109176474093,489.38885488904555
2025-03-17,835.6823435904229,165.23551966345127,185.22827154436393,228.082039372192,173.09363327479173,487.21421955921767
2025-03-18,807.0176525637028,163.03349504693153,181.14693747506686,224.67957120704543,172.03402816076587,469.05941789868706
2025-03-19,821.6296786130922,164.86141941150086,184.77729654931062,227.84897923732547,174.09658682385842,470.4286528454476
2025-03-20,828.6909711687612,164.44480776728335,183.5483948698226,227.1614980674482,173.17450381802516,471.9912292949643
2025-03-21,822.8880807804561,166.32374580257317,184.89005757151483,228.6296986851429,176.54740598241023,480.24711383696695
2025-03-24,848.8262604853494,167.097426940668,189.05033126573124,236.8445528194222,178.53717123078192,498.45013981411546
2025-03-25,843.7924381562024,167.98163769865724,192.29737541293238,239.69937945160993,180.9798884462942,504.45878107363393
2025-03-26,795.3420050680079,165.7753684932024,186.09640013718567,234.36262595901943,179.18423483475695,492.11133227633894
2025-03-27,779.0520026322873,166.03466833515694,182.91701605799523,234.63062377812562,181.06078380405458,485.3455149503711
2025-03-28,766.7471273454493,161.02702283484044,173.99891125501998,224.56304113961215,176.24810556596043,464.53284760208965
2025-03-31,757.7282312823427,159.5774564117398,174.3484220582186,221.6965686126779,179.66955735226514,464.2267194427599
2025-04-01,770.103080118111,162.46812628123703,177.0881279727052,223.922161328713,180.52692407189016,471.9912292949643
2025-04-02,771.9906566616955,162.44689023597817,177.0542720285385,228.39663855027635,181.09312953989524,470.32396116116206
2025-04-03,711.7248960545601,158.6082097686332,169.92882219574972,207.88860906144845,164.34994934734692,428.1911111898122
2025-04-04,659.3592025365679,152.96717727499487,164.1563146215618,199.25425379640612,152.37091017823653,406.53271667578485
2025-04-07,682.6404705641044,152.12549100985584,165.45285909561963,204.2181252972037,146.77368344976514,415.81143058212666
2025-04-08,673.2721340757295,150.7226674673743,163.14158633581002,198.8580800151201,139.46168606025338,411.1398418185652
2025-04-09,799.3271322168903,165.99642773299126,178.93712890711197,222.67537495113837,160.83956229655965,471.805982764496
2025-04-10,752.0651811620523,162.11103058619344,172.29647546666143,211.16290126441527,154.0209521458052,440.0070065933919
2025-04-11,775.5563698363794,165.1292477330751,177.16701577730183,215.4159820258505,160.27336923581802,437.8162306785752
2025-04-14,774.0182337180631,164.85716172198258,179.3430029479718,212.2116007513469,163.80803730119686,428.0783245332388
2025-04-15,784.4353722165483,163.97295096399333,176.23127893679208,209.26357140120297,163.50065975623448,420.0561082766711
2025-04-16,730.5317028250084,157.9705650857931,172.8714564939458,203.13447034604044,157.13503879441103,404.5834819005489
2025-04-17,709.5574253152549,156.34245081517068,170.42491541843745,201.13027409013338,159.32701762265665,403.9149556525705
2025-04-21,677.5369417606413,152.6610952506718,166.4901292217477,194.96621757073927,156.23719958137895,390.36740253378804
2025-04-22,691.3797929210272,155.934380751156,170.77442622163602,201.79444569052555,161.55944412978243,402.94844557713725
2025-04-23,718.0869872701555,159.15235558965202,175.1489251299114,210.44046463030642,165.49043741186966,419.0493701377336
2025-04-24,744.0949802792104,164.64036017171196,179.57977000240706,217.36191324804093,168.53978295974028,429.4235213610709
2025-04-25,776.1156774935154,166.57456956724056,182.60132665208155,220.21673988022866,169.27584386451517,440.79636511064473
2025-04-28,760.1752757278317,166.28123441030607,181.07926013361524,218.71358379830235,169.97145709040987,442.7858032695914
2025-04-29,762.2027459543538,167.50552320584896,180.57192190090072,218.35236548124794,170.83692575307435,446.5714368039026
2025-04-30,761.5035446142801,168.02414909092434,179.0386103724076,214.89163228238465,171.88035179554814,442.18978625509493
2025-05-01,780.3104582145742,180.83658489806697,181.85723863837268,221.6266576842147,172.54359447107527,460.88418692204164
2025-05-02,800.5156676651696,185.03655324705812,184.93514125226747,221.37030575985506,166.09707815149144,480.8673170491531
2025-05-05,795.7615258720521,185.41488498736055,185.1380869094178,217.14053456790487,160.8719080324003,482.6795542903322
2025-05-06,793.8039223646146,184.19911157085426,184.0331912621608,215.5791134522619,160.56454289470142,473.0464385484555
2025-05-07,818.4136195233681,184.21612922834422,170.6729447563404,219.8904770274058,158.73654354732346,480.6981617440864
2025-05-08,820.5809834328276,186.26508663153615,173.94253074391787,223.81729493601824,159.7395219109171,481.6647211791068
2025-05-09,815.5472145186034,186.50313732764874,172.21755311518302,224.95921492089815,160.58073437351695,477.2186070095179
2025-05-12,859.9425469089854,190.9794231760844,178.655295445365,243.1134935115031,170.72078135982366,515.0262737997275
2025-05-13,908.3928731673341,190.92842260594705,179.86162073759493,246.29456521652165,172.4539892143659,528.3966013209489
2025-05-14,946.2164073550213,192.54377690859775,186.44592821382514,244.9895138052303,171.96804633368467,531.0787519255638
2025-05-15,942.6508544251059,192.97817914471008,184.85621890078906,239.07014553545736,171.25533589874183,518.6104708589944
2025-05-16,946.6359281590653,193.46367365504173,187.3704200443081,239.5595398146916,171.10146101730874,515.759164949313
2025-05-19,947.8246238521134,195.42273485677396,187.76501452825931,240.22372919507578,169.09287395026797,515.8316741827949
2025-05-20,939.5046086395432,195.12461798699582,184.87876074116534,237.7884036936511,167.53784680627732,513.1495729377672
2025-05-21,921.4670301730216,192.73969612935412,190.0424831642249,234.35096228428088,163.67458477541922,511.8608434776026
2025-05-22,928.6681095817825,193.71494283953567,192.6468689426901,236.65812960351772,163.08335385701497,512.7227605879245
2025-05-23,917.9011567535692,191.72183322224038,189.94100169892928,234.199494532608,158.1509827483205,505.06289306041845
2025-05-27,947.3350226692933,196.197817757264,194.93558258868248,240.06059776866434,162.1519529963231,517.3539238496332
2025-05-28,942.5110141570912,194.7796272307673,194.32678016411325,238.5457957919915,162.32203176383518,518.3688556800329
2025-05-29,973.133255276326,195.3417994541773,193.76306142029657,239.6877157768714,161.94136451361356,519.552844096325
2025-05-30,944.7483516154809,196.05726160082838,193.62777583115695,238.88370453956088,162.6703036491623,521.5180960575819
2025-06-02,960.4789395642197,196.7429461220178,190.57239778419753,240.79468029751973,163.3587206622501,540.3736064168944
2025-06-03,987.3258139365943,197.16881987851042,187.3591404873995,239.69937945160993,164.63027905796613,537.1115300231847
2025-06-04,992.2199028275724,197.55210363923717,189.46748486349964,241.4705155726504,164.26581569382347,554.1064307459387
2025-06-05,978.726438677532,199.17470256436053,189.64788868027372,242.26288091521445,162.49211053134727,551.424329500911
2025-06-06,990.8216069772708,200.32456694712394,195.8150080118537,248.85808446011808,165.15670683931788,561.9676360293149
2025-06-09,997.1838584376349,201.3339144752011,198.772497469225,252.83150372770868,163.15623412258006,559.0277296607497
2025-06-10,1006.4823282069252,200.55456078460963,201.605842706838,253.565604036556,164.14432377002143,565.7452239509253
2025-06-11,998.6514868577924,201.2785514108804,200.19479259304492,248.4269374346085,160.99377217410617,559.0921932815309
2025-06-12,1013.8238888627749,203.9402754895426,198.33226655441234,248.47355657357863,161.33394211639379,558.4638950970567
2025-06-13,992.6383553331596,202.27509966923648,197.1695912473402,247.14519559280225,159.10668943813087,550.014767771472
2025-06-16,1011.6564181234697,204.05527240828545,199.54009463600067,251.80611381026208,160.70221389005553,565.9547060386705
2025-06-17,1007.6709170701274,203.5868086560269,198.61446275841823,250.3146214030743,158.4506677899376,562.0130962090541
2025-06-18,1017.1798416354367,204.5237492611271,195.64571101757926,247.6345898720365,159.21196506859044,560.8362649328948
2025-06-20,1005.7832336966973,203.31423792335843,188.10523222025296,244.33698809958466,162.79179557296433,550.018815257616
2025-06-23,1008.020571155087,206.97679415106128,186.46843550731967,242.9154066208601,163.19673143051406,563.0610496032384
2025-06-24,1034.1001935756804,208.72713686231603,188.2519873741511,247.92589726062775,162.22483326188816,574.0798863939742
2025-06-25,1078.9183050804002,209.6470467093431,192.665627899509,247.01701963062246,163.2453182742241,571.2425986070353
2025-06-26,1083.8825811799998,211.85311940605098,195.89403400397757,252.9946351541201,162.79179557296433,585.2762202600004
2025-06-27,1102.9702970297028,211.2100248806275,201.52679944127328,260.1957630456913,162.85658630275336,591.3539155819024
2025-06-30,1104.6484870757251,211.83606244681164,198.93053218003175,255.63971122092627,166.1690899086143,594.948971750336
2025-07-01,1071.8564249605797,209.5533513387748,198.4902839917782,256.8865153784929,168.31536037827263,579.7384694616245
2025-07-02,1099.4745039890263,209.14450834035523,201.6509782079133,256.2572814623403,172.05714289259217,575.1842577962389
2025-07-03,1114.0874380921043,212.44506925492269,202.6556188041787,260.3239390078711,172.95613598112607,579.5692154373836
2025-07-07,1106.3964370109863,211.96809012362758,199.56265374981788,260.3938499363343,170.04046628977537,579.0371684477971
2025-07-08,1118.7020601067443,211.49961327078591,196.81964860811908,255.6047557566947,170.0890531334854,580.9073044846702
2025-07-09,1138.8387382113265,214.4339211826997,199.3707803682853,259.31017720517906,171.00426251536175,590.6687551530638
2025-07-10,1147.3688877303787,213.56938750057643,200.4995824577498,258.98391435235624,172.0328370634737,586.2030945869747
2025-07-11,1153.1021250592905,214.35301198126933,203.40063958369626,262.19995930159837,171.02046640144073,578.3601523508336
2025-07-14,1147.1590739134338,214.22522889338848,204.9470962007153,262.98066096942387,168.96326767616299,581.1087903193016
2025-07-15,1193.5153215364696,215.41770947308407,205.44377672039369,263.74971674250276,169.3601388124636,572.6209650774134
2025-07-16,1198.1999171000398,215.33251638096914,206.5387228656915,260.06758708351146,170.21054505728742,566.5914940721295
2025-07-17,1209.5966318686249,217.92185973782065,207.22729404034334,260.871598320822,170.0971550765249,565.3824309855795
2025-07-18,1205.4715042069595,217.21915755914125,208.89794669744336,263.49336481814316,171.0366454729928,567.6958161148069
2025-07-21,1198.26989064897,217.22342834924268,214.58716173960477,267.18714037188096,172.08952585022323,574.7006325616188
2025-07-22,1167.8551130900746,215.18345794608013,215.98688047616656,265.0547681537941,173.64455299421385,568.1230727009338
2025-07-23,1194.0746826085285,215.43899792067543,214.7339168935029,266.01024714277753,173.44207886180726,575.1922540493526
2025-07-24,1214.7708286150153,217.57265059382323,216.9237746372167,270.6012544317741,173.12621474863815,576.1756451035814
2025-07-25,1213.0927453988386,218.7778911414905,218.06389083047165,269.6807309070223,173.2234008433217,574.4668161974226
2025-07-28,1235.8163082169244,218.26256660336463,217.38661648616932,271.25378013741977,173.3611090604662,578.4567984224182
2025-07-29,1227.1462116000118,218.29237042999256,220.96494795641806,269.17967295304953,171.1095505530848,564.2459264920988
2025-07-30,1253.4358614972416,218.57771423121588,221.84542705948428,268.2241939640661,169.31155196875355,560.3848221490781
2025-07-31,1243.6472563959028,227.2060071937922,216.61901931939363,272.79189168357766,168.1128738386026,623.4433729232185
2025-08-01,1214.6308815171546,223.20700179006369,213.4922328677479,250.23304679987257,163.90945427272035,604.5572102603033
2025-08-04,1258.539977864856,228.11738856119965,220.1634775720348,246.62082806934444,164.69506978775513,625.8051798074125
2025-08-05,1246.3739813774214,224.75719379221007,219.74580577103936,249.06781724550763,164.34679790242802,615.3988461332718
2025-08-06,1254.4846100924292,223.56048172416249,221.3487465398059,259.04217938607286,172.71316454078547,622.2745379001728
2025-08-07,1263.923667938654,221.81438360184288,221.83413022913476,259.9976761550483,178.20434638846274,614.0849432836749
2025-08-08,1277.41798672746,222.32543734986731,227.36529328704856,259.484972306329,185.75270214689084,620.1062699570837
2025-08-11,1272.9432049808347,222.21046663229075,226.8912064280692,257.86530393696137,184.20401511452835,617.3414420440397
2025-08-12,1280.6343128917983,225.3917598380139,229.53262646382697,258.0633908276044,186.2067583604794,636.791834147345
2025-08-13,1269.6570120974118,221.7036836743677,227.9748730164584,261.66394588339404,189.1906183718072,628.7956303931904
2025-08-14,1272.6635244448053,222.512828091004,229.0810987186648,269.14471748881795,188.7446516939947,630.448041291269
2025-08-15,1261.6862236504187,221.52905290120276,230.16474803361308,269.2029825225346,187.77976362922382,632.9468703893133
2025-08-18,1272.593550895875,220.22161470451374,229.71323756189182,269.73899594073896,187.2121933622381,618.5505544901769
2025-08-19,1228.0553335868763,217.09990295088014,227.53464210164574,265.68398428995465,186.94461831845598,605.7421365087507
2025-08-20,1226.3772503706996,215.37511947731818,224.99480717182902,260.79002371762033,183.25534334309992,602.7113097807071
2025-08-21,1223.440497912545,215.0978325347218,225.4801908611579,258.62269603530183,182.3553328589623,595.7630594207369
2025-08-22,1244.4861911741455,216.37331840914902,232.6368538016555,266.6511269536766,184.6743000287228,608.410268990623
2025-08-25,1257.2114419037932,215.10637411492462,235.34602027262844,265.602427466745,184.1877988211859,607.2092021571867
2025-08-26,1270.9155745095443,214.159359161395,233.82212276942658,266.4996592020037,185.93108137365778,607.8540358033467
2025-08-27,1269.726985646342,216.16428550467637,234.20590407937354,266.97738980649945,186.88786749538914,602.4373147125937
2025-08-28,1259.7284598982123,217.4013604693572,238.90175808217822,269.86717190291876,188.56628487449123,605.4439058833605
2025-08-29,1217.846994021802,216.14295775533557,240.33535003634765,266.8375679495731,188.22573030703634,595.4406425976568
2025-09-02,1194.0746826085285,215.47321664381926,238.57442637709704,262.5728235133993,186.26353399807317,592.5468874430507
2025-09-03,1192.9559604644107,215.57132691090345,260.37178145055276,263.3302333917317,193.35828020439726,594.1105991630712
2025-09-04,1200.2275475713302,216.68897695974243,262.2230279322767,274.6212928383348,194.42045362195935,603.4609831899139
2025-09-05,1167.7852463709903,211.15626008744903,265.2708056652395,270.7177844992074,194.3474740982866,606.5240417283482
2025-09-08,1176.804783413171,212.52131464875762,264.42343974838127,274.80773383423127,192.87988093989983,606.4031107398996
2025-09-09,1193.9348423405138,212.61088333563904,270.73914521859496,277.6042954327023,190.01766173953555,617.2044198301894
2025-09-10,1239.8716759893512,213.44697565178018,270.2194219287542,268.38732539047754,183.88779119071887,606.1452068971879
2025-09-11,1238.8227137344722,213.7199918042752,271.5752143051037,267.94453247022136,186.51488034124938,605.2746518591196
2025-09-12,1243.367682689719,217.5122700061625,272.06102983045514,265.84711571636615,189.79063363274128,609.055102636783
2025-09-15,1242.8782951665905,219.841383379657,284.2744062276282,269.66906723228374,191.92309481816844,616.3983777724894
2025-09-16,1222.8105223124817,217.14541437668476,283.7659970415778,272.7219807551145,193.09880710365462,627.9251247147093
2025-09-17,1190.7157386001873,217.56345398446376,281.9243718664359,269.8904636924118,193.7799162385644,625.2812277901139
2025-09-18,1232.3199810270194,216.89372597353054,284.74894219607097,269.4360248774092,192.87988093989983,628.9326526070407
2025-09-19,1235.326493374413,220.93769257857207,287.7881695757876,269.7273322660004,199.05840036874386,627.4253588951004
2025-09-22,1283.853096142588,219.45321310142157,285.31385280730984,265.2412091496906,207.6369560267972,617.1853670295604
2025-09-23,1247.6329711089365,217.22646768452955,284.3309076528166,257.17782276708414,206.29909321515,609.3129571199075
2025-09-24,1237.4242042244796,217.61890875286642,279.224118490968,256.5952079899017,204.58014130632355,613.5556110713801
2025-09-25,1242.4586675327007,216.2879943112028,277.69882183905315,254.19482017271662,208.27750581745565,604.0779780289372
2025-09-26,1245.9548878927599,218.17772722699434,278.54620502935234,256.0941500359289,207.1342509331813,599.9159282832346
2025-09-29,1271.5466184080644,219.51718324886076,275.7329488035076,258.8790479596615,206.29909321515,599.6336408044848
2025-09-30,1304.6200703367704,220.94623415877487,274.6596462796592,255.8494617863078,206.46126855583796,592.3579883031352
2025-10-01,1309.235119670793,221.6970023769698,276.6933002973018,257.08460226913587,207.12613658287836,578.6133670327688
2025-10-02,1320.7723156864672,220.00348999534668,277.585870808999,259.15870945350616,208.48833003817094,586.4455488789173
2025-10-03,1311.8920847630727,220.690248764353,277.2017267567931,255.77953307785265,209.20996129554163,573.144522218015
2025-10-06,1297.348055910468,225.47649440971918,282.9412075119776,257.3992014472202,208.13155917737362,577.2582489279251
2025-10-07,1293.8520492101,223.51848125463763,277.66494862144555,258.42460914465886,207.9613067081731,575.1771993752805
2025-10-08,1322.3105586346292,223.88962077479994,276.37695450063393,262.433001656473,209.24241869675348,579.0167335787286
2025-10-09,1346.5038864697863,222.84450865476924,272.8858020866144,265.3693851118704,205.98285688407708,591.6562430530237
2025-10-10,1280.7065298674881,217.9644366330034,267.2819005690649,252.12071298834636,198.87190679167398,568.9017695473683
2025-10-13,1316.7867078032791,219.2825780061122,275.84595165388447,256.4320765634902,200.80979727151868,577.2904807383158
2025-10-14,1258.8206198694966,219.07780279115784,277.31471233372906,252.14402255783145,200.89898068127044,571.6039107847674
2025-10-15,1257.4222171893496,219.01810343382007,283.6191209735933,251.188543568848,202.17197831954783,578.7827197761839
2025-10-16,1271.266831042189,218.24171047501667,284.1049364989447,249.90678394704977,200.63951998779123,574.3625193898341
2025-10-17,1281.1259438416866,219.08208668184238,286.1838123848671,248.24049643871206,204.56391260571763,578.2745628267644
2025-10-20,1277.0704692394143,220.4513989326693,289.85573135791964,252.2488889505262,212.63166122711556,590.5753174546421
2025-10-21,1266.7219689167882,220.82251225166533,282.975115276467,258.71591653325004,213.06137438979528,591.4627041119189
2025-10-22,1260.568783464449,222.05103253556024,284.36479814386513,253.961777817842,209.55863021329947,591.5755894876665
2025-10-23,1273.7141959772152,222.05960031692933,285.9352475702962,257.6205979073483,210.47483217625262,592.0514652671085
2025-10-24,1302.3824123888435,223.36067163021562,293.66328138892976,261.2561262073615,213.10197095583698,595.5682371303669
2025-10-27,1338.9521915074547,226.7349102243239,304.2270269065798,264.47215337661163,217.95881905184933,605.6186388217719
2025-10-28,1405.6585632667711,231.2352749445583,302.19339016237814,267.12887533816433,218.11286763497088,606.1187007989034
2025-10-29,1447.682219667802,231.01345587094775,310.2151415700988,268.3523699262459,218.68045030922002,606.3041941273074
2025-10-30,1418.6642423413684,224.2778172542016,318.02221865429703,259.683059196972,220.05884765059162,537.5810877754751
2025-10-31,1415.8673301512283,220.8864954996877,317.69454148039785,284.57236318940693,219.22371474708723,522.965368511582
2025-11-03,1446.5633906938385,220.55376688927177,320.5529850276405,295.9683068086968,218.1533897574318,514.3830196603554
2025-11-04,1389.296610929975,219.40200292195408,313.5707147464833,290.515041028665,218.95613970330513,506.00235408210887
2025-11-05,1364.9636564864945,216.34344907960542,321.2195671120249,291.5404309461116,219.03723357728083,512.9633885751435
2025-11-06,1315.1086245871027,212.05206486151113,321.71673128804855,283.1973830696605,218.73720113228688,499.24295350246683
2025-11-07,1315.5979052803855,211.9326268450861,315.0281095022149,284.79375964953505,217.68312965776425,501.47731393271215
2025-11-10,1391.8139494139314,215.848626954083,327.76122646266964,289.44301419225627,218.67330372546698,509.5837376449097
2025-11-11,1350.629334620989,216.99183624061473,329.1283156693687,290.25868910430535,223.39689781191706,505.80876578141687
2025-11-12,1355.1044368571513,218.04121915074685,323.9311173178423,284.5490536199219,221.95222086914123,491.2333239406152
2025-11-13,1306.5779409188222,214.69259219666387,314.7343919131277,276.83523965962337,221.53020020980682,491.9431641630148
2025-11-14,1329.7223064991006,217.63170802258747,312.2940001825803,273.4677269587084,221.0919012208127,491.59631434430946
2025-11-17,1304.760017434631,216.4842148453712,322.0217111606034,271.34700063536803,217.07440449788115,485.5870807697455
2025-11-18,1268.1203715969352,210.64009711200265,321.18567662097644,259.32184087991754,217.05820061180216,482.1025407168777
2025-11-19,1304.2005495327264,207.7948207630618,330.82304750308526,259.484972306329,217.96718154742146,476.15782012268204
2025-11-20,1263.0859082887139,204.46982726095104,327.0268633961882,253.01794472360513,216.09236959500834,475.214064816912
2025-11-21,1250.7795373840363,201.77307222299078,338.56230905830466,257.1545131975991,220.34520729125245,479.3277915268222
2025-11-24,1276.4412414482708,202.57655718771352,359.93853764258466,263.6681421393011,223.94068335484957,494.49199452281346
2025-11-25,1243.367682689719,203.8543880665216,365.4294881300801,267.6182696173986,224.79288865287518,513.1811137139382
2025-11-26,1260.4288363665887,207.4913719559485,361.48644522863947,267.0240089454696,225.26359541402726,511.07592732319074
2025-11-28,1237.6340180414243,210.2736082988526,361.7462723266781,271.75483809139257,226.31870909868056,522.6427048905664
2025-12-01,1258.0514449804928,208.02131674485094,355.7695235872722,272.52389386447146,229.76807722777068,516.9318500201541
2025-12-02,1268.8196797668545,209.4145768616453,356.8089356200721,273.15311000063207,232.27595739097583,521.9570508658566
2025-12-03,1255.7440271433272,204.17066234452227,361.1248775636917,270.77604953292405,230.62025771126935,515.9074905086142
2025-12-04,1282.31624198242,205.49979510687982,358.85393828838687,266.96574391175295,227.82018649357707,533.5964857454757
2025-12-05,1275.5332945897094,206.49131274131273,362.9777304754195,267.45513819098716,226.26188383203294,543.1870535232533
2025-12-08,1297.4903532649337,209.85049876540103,354.6795003726313,264.37893287866336,225.5395577679085,537.8472840288233
2025-12-09,1293.434558173124,210.27786598837088,358.4781373081363,265.57911789725995,224.96329000923723,529.9102624196279
2025-12-10,1285.1132610024058,204.52537373343566,362.01680895807556,270.0769046883083,226.26188383203294,524.4011401817827
2025-12-11,1265.1840464581633,206.62379893853836,353.2210346635639,268.32906035676086,225.65318348667677,526.4821897344275
2025-12-12,1223.8574548002923,204.5125613631314,349.671100730157,263.5632757466063,225.85609187330448,519.6420368702542
2025-12-15,1232.7381130430695,202.92699778652548,348.4613725700695,259.31017720517906,222.47163854663796,522.7137826960219
2025-12-16,1242.737707089656,203.59798345343947,346.5959791402473,259.33348677466415,222.8774553198934,530.4958152016546
2025-12-17,1195.3273693791477,203.4825804166195,335.4599299786526,257.8303484727298,220.6292839954366,524.32023981849
2025-12-18,1217.7038420285705,206.8417664407078,341.94935444401153,264.2274473469985,220.91336069962074,536.3889056677207
2025-12-19,1265.603674092053,207.67087614603903,347.2630103340951,264.9149462968677,222.11455750425415,531.8035974624484
2025-12-22,1284.4839263814167,207.2435089230692,350.22505997986434,266.1733785691889,219.92318663191804,534.0074043082652
2025-12-23,1323.0834725682323,208.06834783829896,355.3917188878772,270.49638803907936,221.0513294692979,536.7844240393282
2025-12-24,1318.887837208408,208.56835779474216,355.0977940174992,270.77604953292405,222.2281584084955,538.8914367347992
2025-12-26,1332.313784895969,208.43588469809967,354.4420596540009,270.9391809593355,221.8953956024936,535.4524062212577
2025-12-29,1316.1606849075067,208.17518309374984,354.4985783526302,270.41483121586964,222.18761147150764,531.7390351224929
2025-12-30,1311.4056884756235,208.3375910228516,354.8264628078203,270.95082685408204,221.63568676374524,537.5997950589942
2025-12-31,1304.1333535597842,206.68791319239205,353.86547219671274,268.95829427291346,220.64551269604254,532.8692215888223
2026-01-02,1320.566134084276,202.12352592238588,356.29619080035536,263.92449406366075,219.9556440331299,525.0548585536246
2026-01-05,1315.461483567433,202.08506261030692,357.86769390668144,271.5683970954961,216.9120926772951,531.8197380474371
2026-01-06,1309.3079776255572,204.50401978292857,355.3804220575276,280.7387479987508,212.9351677058784,533.2970704899946
2026-01-07,1322.384164398313,206.62379893853836,364.01790253961906,281.4728483075981,211.28758237647483,523.6663733678868
2026-01-08,1293.9240525260984,204.33305717304088,367.9296459661463,286.9843791213466,210.24063267117836,521.5432200874269
2026-01-09,1292.6652764542746,204.8330933306503,371.4683176160855,288.2544928483983,210.5084558602297,527.194053699899
2026-01-12,1293.2247443561791,203.93559858136405,375.1878076453804,287.1941296867281,211.22269238857814,518.2415079452585
2026-01-13,1299.3083835789707,201.15338843962624,379.83446688849796,282.68469700093317,211.87196448544907,509.4584630127945
2026-01-14,1280.6378382767066,196.3283126658534,379.68746990642717,275.75156692846815,210.9873017862117,496.889290950148
2026-01-15,1307.9793348346489,195.1658455221159,376.2279451626981,277.5343667242472,209.5669678943447,501.15163937688214
2026-01-16,1302.2452428669712,196.53344159655234,373.0850080438096,278.629685350149,207.39186294440492,500.7076498907209
2026-01-20,1245.1850720246819,194.2512414112577,364.04053074719985,269.168027058303,200.22530349717331,487.68644272921244
2026-01-21,1281.8967211783759,189.80224407748838,371.2535051050359,269.5292453753574,200.99634047764243,494.82270375652985
2026-01-22,1292.5254361862599,192.80671871266333,373.69552053902805,273.05988950268386,201.5644690714838,522.8106262059549
2026-01-23,1312.314703632642,199.13616064878278,370.7447331767266,278.67630448911905,201.31286217577494,531.7955518497474
2026-01-26,1303.9235397428392,200.98669661983993,376.77064212893777,277.8140282180919,207.2944659262425,542.7743580153275
2026-01-27,1318.258502587419,205.3886890613275,378.22903874424156,285.1083588276193,209.61565399616245,543.2667692564552
2026-01-28,1339.2365725566947,205.8374233353875,379.8796887567778,283.1624276054289,208.13044252366223,539.8439780470769
2026-01-29,1346.1592533875746,185.26779163994146,382.4121133804478,281.6709351982411,209.62379316099228,596.0136580445545
2026-01-30,1336.5094202557934,183.89591167482047,382.12948534041936,278.83943591553043,210.5977385280891,578.4071426777737
2026-02-02,1297.9098740689778,180.93846813309352,388.562391107149,283.10418035170426,219.14406011567294,570.2617742513369
2026-02-03,1261.0583846472693,175.74155850825233,384.0627288461022,278.04707057296645,218.71390029150865,558.3868941411466
2026-02-04,1218.0534961135302,177.0151578987084,376.52190457995783,271.4868402722864,224.40327576569877,540.053855011519
2026-02-05,1201.9003961250678,168.24537863829394,374.4981827908336,259.484972306329,223.93256900454665,541.0387268533615
2026-02-06,1296.5112577291393,171.4378859431791,365.0127836417751,245.07108840843205,225.72621263940337,533.9751724978746
2026-02-09,1328.8873244251486,176.7629978745614,366.6634336543113,243.20671400945133,223.09413576896188,546.6976554381215
2026-02-10,1318.3983428554336,176.62195699654984,360.17397464207056,241.1559163945661,222.33049351751504,541.450435169545
2026-02-11,1328.9572979740788,172.8182943879198,351.55912236756,237.80004958839763,223.8090174750102,539.8116968770992
2026-02-12,1307.2101599456448,171.73703775902473,349.3432162749669,232.5798261632404,212.6226535538435,524.5704929251979
2026-02-13,1278.3304204395406,171.514812567337,345.6349885291397,231.63597528901155,207.78900704050164,516.4655500006139
2026-02-17,1293.434558173124,169.60870392262902,341.4518793460517,234.3859177485125,214.36924884565923,516.077978522533
2026-02-18,1314.4823880316387,170.77971264656932,342.9329387158181,238.62735261520123,214.75106997138263,519.2505659847907
2026-02-19,1313.92302695958,170.681196261408,342.3902762964603,238.70892721840292,211.68838661529233,520.5099264906179
2026-02-20,1327.3490814769866,170.15433010954183,356.1039719500048,244.82638237881892,214.93789854456597,529.2929714230819
2026-02-23,1339.4463863736394,164.6885441164757,352.1583034855472,239.18667560289063,216.23768346465386,514.4311946173864
2026-02-24,1348.5368584333617,166.6289893895757,351.4913068385812,243.02027301355486,221.0794691428256,516.086073494821
2026-02-25,1367.4868706119642,171.5978702644012,353.7524002525723,245.44395262023295,222.77732870376977,527.7027042451898
2026-02-26,1292.8750902712195,172.0776267193205,347.5117478830751,242.27452680996095,221.7374759531725,530.3828311067326
2026-02-27,1239.031566082806,168.23102039918,352.4635942800382,244.69820641663907,214.61295231454395,523.2546650517032
2026-03-02,1276.0227889426837,170.71973817698574,346.53942589473615,242.82218612291183,215.0516235214419,527.5977164033816
2026-03-03,1259.0305405162874,173.0242748565224,343.21556675584657,243.21835990419785,214.2636382190862,528.824795739231
2026-03-04,1279.9386369366327,173.56828967170986,342.7068639213008,252.64508051180417,213.2644068490576,539.0367019996987
2026-03-05,1282.0364546165451,175.91565215750884,340.1630733735177,255.11536147746043,211.45282231123744,533.2566943477289
2026-03-06,1243.4369084297296,175.17888846268326,337.4949485981264,248.43860110934705,209.15378120659395,520.5744888305733
2026-03-09,1277.2114846357315,175.37165044290452,346.602335766499,248.76486396216987,211.11973691638556,522.6169391860889
2026-03-10,1292.0360486631314,173.8081744494611,347.3716948242466,249.74365252063834,211.89149351813538,528.0094247195651
2026-03-11,1300.9171342252912,173.43121827038766,349.2497669596904,247.7860576237094,211.87524000300257,528.6471505851795
2026-03-12,1280.707277676408,172.13758808832097,343.42322806236297,244.1505471036882,207.77275352536884,515.1819539375099
2026-03-13,1260.4973142976792,169.4346888768713,341.98642324818593,241.9832194213697,203.19097446026854,495.42809909257954
2026-03-16,1281.2667455783126,171.3194435710722,345.69727655703014,246.72571224203122,205.38439253107552,506.95366140470844
2026-03-17,1272.2456060884465,171.0881265746901,351.7613598136334,250.75739654333842,206.52983109371888,503.0835242572446
2026-03-18,1261.546276552558,167.82409008589792,348.1070597503003,244.54672088497423,203.04475486039038,497.4439939902235
2026-03-19,1248.6790489579816,166.63754407036166,347.4735044849194,243.25331536842944,202.24863039320476,490.1885295600068
2026-03-20,1207.699761128465,163.57483734315983,340.53828705677756,239.30318789033197,201.46062027632215,479.65272568884546
2026-03-23,1228.2593785921536,164.0588776887637,341.73754751167877,244.8613378430505,204.30393080717315,488.0555043621227
2026-03-24,1225.1823585466013,159.66397266275118,328.59118075109933,241.48217924738896,204.4257825416155,479.0548330100383
2026-03-25,1249.5181973959156,158.9357898498778,329.1455200165065,246.6907567777996,205.2219070088011,480.646531615957
2026-03-26,1197.4900327753967,156.7640406809788,317.8206721458597,241.83173388970482,205.44125501951353,442.3896432233513
2026-03-27,1171.4757902203687,152.82318876577833,310.3763373205905,232.27685509991068,202.11863949393253,424.75997821021025
2026-03-30,1155.0421550571111,153.76128222219427,309.4259871490782,234.15287539363788,200.355790686984,433.3728806458653
2026-03-31,1219.5880000170928,158.5631175614889,325.33285704698955,242.68236426598548,206.17237783343123,462.2573706357718
2026-04-01,1229.028660311003,158.2204325078918,336.45412014317264,245.36239579702323,207.66715530605927,467.99389249148743
2026-04-02,1240.4971647358952,159.97238659087193,334.6213044228905,244.4302085975329,207.90274442464107,464.1399452885996
2026-04-06,1242.2454351606934,159.72394713233476,339.3956143942692,247.94918905012082,210.29110541893434,462.9764904605502
2026-04-07,1245.4622954742604,159.47122378311303,345.5841355191261,249.0911268149927,205.9368011221129,464.6166108214355
2026-04-08,1273.294675173171,160.34505887926082,359.0020407706753,257.80703890324475,210.32361244920003,494.8100183426396
2026-04-09,1286.0919292188175,159.80534105534105,360.3257045469483,272.2558782653733,211.61528301898497,507.7131573717526
2026-04-10,1319.0991466431926,158.86296370824058,358.911527940352,277.76742685911375,211.60716866868202,508.9007983974916
2026-04-13,1323.8543567347672,164.64571831021343,363.51614362831566,279.5269170854077,210.56734073261168,512.6740426754352
2026-04-14,1374.2043313092638,168.38951125392495,376.6398821813143,290.1654686063571,210.26673755349856,535.2644942730848
2026-04-15,1390.7079400214513,176.14696915389098,381.40289532234357,289.5595442596896,216.44079036749693,542.608904679295
2026-04-16,1387.0715589038402,180.01927881813876,380.1583784522807,290.9578161689291,213.97928855510594,546.882951328177
2026-04-17,1410.35832866843,181.103011457246,386.56188482259614,291.95991429688263,219.5278167744961,556.3199120708315
2026-04-20,1413.0157210800924,179.08118536172282,381.74231843605577,289.3031923353299,221.81869389978283,542.0675287277425
2026-04-21,1397.7709952695743,181.68985207869574,375.9384422931909,291.2025221985422,216.22959392887788,540.3950778372924
2026-04-22,1416.0927411256446,185.44221280377633,383.8918945155875,297.5530197138328,221.9162149905798,545.1458393785973
2026-04-23,1396.0925915638609,178.08740132640784,383.405405326041,297.22675686101,222.1274114291989,532.5659562855454
2026-04-24,1456.4425875043266,181.8868848490184,389.6391483191776,307.60893867760774,220.20207709997587,545.3963392832409
2026-04-27,1514.7646324839648,181.97256266270924,396.3594150487426,304.2647355461778,217.39937554243002,548.2969060608699
2026-04-28,1490.7085810005256,183.87015592838068,395.72585978336167,302.6101294925706,219.9177522505225,542.4149708614932
2026-04-29,1463.2958289355047,181.81834259806573,395.9068854440082,306.5019919369514,219.47908104362455,540.6212928250719
2026-04-30,1395.6030972108865,174.6734417642398,435.3459511788649,308.8557428351744,220.43769103308458,494.39796450934625
2026-05-01,1387.7708670737595,177.52626404906536,436.3528891427701,312.5844916331358,227.57844337231901,491.844839865468
2026-05-04,1387.980574060859,177.17501121409916,433.5923514585564,317.00068604099056,224.88946679164917,493.18603856674315
2026-05-05,1374.1343577603336,176.21551140484365,439.45278084693234,318.74853037253797,230.8604375173314,488.782669799602
2026-05-06,1453.36567428862,177.32065039679046,450.32513365972653,320.4264637756222,233.56564279860717,495.18169603366715
2026-05-07,1479.0301559288428,180.23773104188413,450.2685458673336,315.9753139035359,233.5087679029057,498.3569489136294
2026-05-08,1504.9044513860106,177.81754241444796,453.44765357146963,317.73478634983786,238.2855395205461,492.55581535837126
2026-05-11,1534.554968228804,176.76379701013252,439.69039429997173,313.4350864494325,237.9846633816369,483.8541150254841
2026-05-12,1543.925654973784,174.66914477297212,438.2309267313321,309.74132867568665,239.70847893773973,487.1990661659712
2026-05-13,1579.2406107248619,173.5725735623944,455.5067513675599,314.7634652102008,243.0178931349991,498.2115355699684
2026-05-14,1648.5417726062635,175.38021822427362,453.7531516472515,311.37264293980076,242.48122936129272,499.66586644492696
2026-05-15,1575.674203156181,180.73033916885709,448.89962567589896,307.7837515587497,244.12375252720446,496.27244418988613
2026-05-18,1554.6950648884483,181.42427705742037,449.08065133654543,308.62268270030785,242.18037803691038,493.83240236010397
2026-05-19,1542.7368524508904,178.80275866839386,438.5816466753938,302.19062836180757,243.09921033971708,486.88395456178523
2026-05-20,1562.7370020126743,180.36195077115275,439.9958578288718,308.7974955814497,245.76625087858935,488.8634714437204
2026-05-21,1535.0444625817784,179.9069151166057,438.5816466753938,312.81751620801845,247.99419836360605,490.7379017646731
2026-05-22,1505.8135733728745,179.68369428059984,433.27559109930684,310.3239434528691,251.10847112116375,493.064860780359
2026-05-26,1502.526846340223,178.59331964584408,439.96189824405974,309.1237584342726,250.71002426240366,494.74540664309706
2026-05-27,1486.7225457979548,177.15094544288354,439.90531045166676,316.7676614661079,252.75910863737852,513.2638403819543
2026-05-28,1498.2610237717772,183.29822377053648,441.3761093975378,319.27289789599575,254.1088948292109,513.2880265796441
2026-05-29,1476.5127106150408,193.2789816340305,430.30010271651634,315.35774366212183,253.74297981524342,511.0419185676638
2026-06-01,1568.9608019930176,197.6919785653499,425.8086280664568,304.4278847525812,249.06752591101883,485.1548882249064
2026-06-02,1558.1914989081988,189.44551519877254,409.38134394106856,298.90467248410226,256.2961961191321,482.86030909837245
2026-06-03,1501.7575646213736,183.44847435849064,406.14564844453963,291.3306981607221,252.27936938842737,503.342069774589
2026-06-04,1530.8825854531935,183.75325942508354,421.0795745102397,295.7236007790837,253.0680991265907,507.0506036338158
2026-06-05,1435.9463201391352,178.86806507531264,416.93878525736005,286.6814258380088,249.90504100910752,479.1194940691679
2026-06-08,1460.7305238508313,176.75170517190062,411.2786241427947,285.7375927437719,245.18894090978742,472.97091838015905
2026-06-09,1457.580004871441,173.17580930162364,412.35406857331486,284.5374077251754,236.25270866070417,472.32455458679823
2026-06-10,1403.1806449958763,170.57865799722478,403.43364912925875,277.32463393885763,237.09022375879286,461.32822576778995
2026-06-11,1434.335967045129,167.56511775852167,405.0071559547294,281.4145832738815,240.38338444091943,459.26790724173634
2026-06-12,1436.5764025690441,167.73682710164795,407.16934164611916,277.9655137497568,236.7243335593523,458.0963574413989
2026-06-15,1487.4050816821,171.60894025714873,418.1161084423165,286.66977994326226,241.02575809930647,479.9516967080425
2026-06-16,1452.1190768192055,169.06330044562944,422.53102720230106,286.6464703737772,243.3187444593814,485.3943315820346
2026-06-17,1432.795694329899,162.65845155299553,411.8220120466704,276.74201916167516,240.6435895702062,459.0062027108162
2026-06-18,1475.0830067901052,162.8687945157815,416.6218176168196,284.77045008004995,242.31861976638362,466.8021052604301
2026-06-22,1460.8004973997615,157.69167987205446,395.84901941698854,271.25378013741977,241.50549734825765,455.98969026303786
2026-06-23,1400.520154518689,160.5249298856791,391.83031884439987,272.79189168357766,239.30191772867673,454.6553525443726
2026-06-24,1393.2389527256566,156.8846315487195,390.8794159227787,272.97833267947414,238.30990738598192,450.991883988188
2026-06-25,1370.4150766824632,151.46282421323139,389.0907856643223,264.51875473558977,223.73062838446884,439.02302322411765
2026-06-26,1347.9411752137664,160.10852785079172,381.9363682711419,271.13726784997846,230.74787882322067,444.9912883413704
2026-06-29,1365.024122179158,158.21969887523633,400.34318872382875,279.81822447399895,229.08910214217605,454.97880591878214
2026-06-30,1400.8702359230313,160.1299866059638,404.5543499749406,277.7208077201436,235.28509099797202,455.53681605119476
2026-07-01,1383.297260455437,164.96368256343828,408.9013495653009,281.63597973400954,239.36698141826187,495.6648770320031
2026-07-02,1364.0439583449065,167.6295071246211,407.4297214942667,282.7662538241429,250.95397587655762,471.39560715716476
2026-07-06,1369.0848314438695,166.01970746921887,414.8445187355945,284.5024522609438,254.23085822902442,485.45899264116423
2026-07-07,1378.7464158586768,166.92119789636078,415.4897853939065,286.6231608042922,252.6046133927724,497.8241615302361
2026-07-08,1429.0850664695301,164.5601584017708,409.70511731732404,283.8732183447912,254.82444652748612,487.7476486172436
2026-07-09,1419.703483080289,164.99801919183025,406.27506106377274,287.8583012871203,257.1255720523909,510.68258077341665
2026-07-10,1476.9733609096775,165.31569523222618,404.33926108883657,285.8774146006983,256.3937668389829,541.1951473849507
2026-07-13,1424.9543836558883,167.84414707867478,399.0526899540863,288.17291824519657,258.01187251040506,531.1024445273823
2026-07-14,1482.8543439151856,165.24271188359137,406.9769155144778,288.3826688105781,256.0197126601855,534.5879717719926
2026-07-15,1487.7551630864425,169.8360121405724,419.8934073235416,297.0869350040836,266.2975919362713,550.9804880935112
2026-07-16,1452.0489964404294,172.18417376194247,401.2601320606377,291.1792126290572,270.9811850053258,537.4184479359085
2026-07-17,1419.9135105569253,169.0590165549449,392.55480150268573,288.07969774724836,271.3714678847291,522.433124083647
2026-07-20,1423.2040834640218,172.6950179006368,398.4640110881672,291.2957426964905,265.5576475580334,522.3037032462134
2026-07-21,1451.2788600828144,170.74608344966651,392.98497927489376,288.45257973904125,266.492733375973,520.6539577658396
2026-07-22,1484.6746176559823,167.56511775852167,387.2568989907042,285.30646349825435,264.98847675406137,507.1970535288063
2026-07-23,1461.5706337573765,163.80462157131538,359.6353196610018,272.26754194011187,261.5489599921586,490.1575810988814
2026-07-24,1448.1283411034242,163.8561461647781,361.95597189922086,270.4614325748478,270.7860187510973,481.33460426043575
2026-07-27,1375.8059243559228,167.03281486465528,369.6764399507396,269.62246587330566,273.9490768685804,480.26710446975125
2026-07-28,1379.3065247396557,168.85725447411116,377.77046343519163,269.00489563189154,276.52666103790483,479.89508126161377
2026-07-29,1330.2981193673963,167.65097898037638,381.1665601039308,264.0992713848187,274.98987257120064,473.58717282537543
2026-07-30,1365.514150681361,193.64816916730598,377.7138756427987,274.4115600529453,271.11940192027214,435.91761415993284
2026-07-31,1405.4910540687215,199.4949594196337,403.15064107353055,316.4530267280397,251.18164916105187,450.2155564019354
2026-08-03,1446.7281223159,209.33834456839344,422.82536663526065,330.9484852291383,246.71761502618864,477.3314923852657
2026-08-04,1483.834507749437,211.55343046629693,427.51196207374227,323.25799861831683,251.56381769015215,475.47147506375256
2026-08-05,1534.803240790199,209.2567803378064,410.28243025913014,317.6998308856063,252.88107203719204,476.14271608902277
2026-08-06,1533.1929945260388,214.5798485782199,404.9845277471486,317.2454098505956,254.02757762449295,477.05655948499685
