Date,nvda,msft,googl,amzn,aapl,meta
2023-01-03,100.0,100.0,100.0,100.0,100.0,100.0
2023-01-04,103.03179824378374,95.6256893772029,98.83303204128838,99.207643547432,101.03142195109045,102.10838203375529
2023-01-05,99.65073978013746,92.79156181015199,96.72352134354229,96.85388375921303,99.96003000324264,101.7636670809992
2023-01-06,103.80022547778825,93.88512636526899,98.00269759373154,100.30296217333377,103.63794590073655,104.23280593035587
2023-01-09,109.17221208265828,94.79923259409149,98.76570879374619,101.79445458052155,104.06172216156105,103.79186448031707
2023-01-10,111.13519085990364,95.52134323938229,99.2145505963786,104.71918325117645,104.5254684191429,106.61373921385247
2023-01-11,111.77785930973884,98.4097203176341,102.69299899546287,110.80167405736483,106.7322241612706,106.53356691930955
2023-01-12,115.34056193177777,99.5533814993708,102.25539356807771,111.01141573275038,106.66827712936389,109.5959585364737
2023-01-13,118.05103596594397,99.85391540705115,103.36625738105054,114.33232707468726,107.74764694712167,109.81241262583453
2023-01-17,123.66049868849646,100.32139003466219,102.43493374381944,111.92030225275164,108.69114483115607,108.51370042956407
2023-01-18,121.39019041422279,98.42640390916135,102.24417446627434,111.23281219287841,108.1074699724081,106.6377896682259
2023-01-19,117.11493925553604,96.806903378031,104.4098065832031,109.15870500850818,108.1554240427068,109.14702083480125
2023-01-20,124.61754740658813,100.26713397317013,109.98653794150815,113.31857416199121,110.23423609197032,111.72840336449693
2023-01-23,134.07615700919104,101.25218640530306,111.97262988269519,113.63318223007151,112.82479809816515,114.85488839367521
2023-01-24,134.57913873093463,101.02679088726117,109.62746622674659,112.23491032083194,113.96019911423312,114.75066564475887
2023-01-25,134.98427764815384,100.4299283588108,106.8447057801348,113.23700844878547,113.42445351125845,113.43593626543212
2023-01-26,138.33044280646067,103.51449320692232,109.42549648412006,115.61407780648952,115.10356559294837,118.08560851166435
2023-01-27,142.2633710097793,103.58127997536042,111.50136714989989,119.13306714907341,116.67861796245327,121.64500171956429
2023-01-30,133.85959951485887,101.30646211766852,108.77469357558303,117.1638352473939,114.3359778793395,117.89321721657144
2023-01-31,136.4792414545287,103.43518228182928,110.90665111365779,120.17012074125853,115.36740603406128,119.42438834536453
2023-02-01,146.30109931271673,105.49711567755196,112.69076467549633,122.52388941947348,116.27884355130351,122.75129794095288
2023-02-02,151.65211387930296,110.4432798172364,120.89318905516593,131.56607325054435,120.58844421052619,151.33076507222478
2023-02-03,147.3978414357667,107.83452811735397,117.57181671805084,120.47308291459228,123.53083896483479,149.53502660542952
2023-02-06,147.32099070012623,107.17505790621122,115.46230602030477,119.06315622061024,121.31606813100903,149.15824026687736
2023-02-07,154.89347893799095,111.67875642984765,120.78098076368833,118.9815905074045,123.6507551587382,153.61553355791116
2023-02-08,155.11702043488435,111.33232463216676,111.50136714989989,116.58122047021145,121.46799506265388,147.04985823312208
2023-02-09,156.03912243270304,110.03424033686314,106.60907873209813,114.47214893161362,120.62844522544027,142.63269427899047
2023-02-10,148.55049564050682,109.81718988973044,106.11536915897415,113.73805751276225,120.92473065848878,139.61037029925603
2023-02-13,152.2040236801754,113.24820618639626,106.16024556618764,115.98695090828643,123.19893228060191,143.84317622961186
2023-02-14,160.46807506267072,113.60296995440409,106.23878791553321,116.17338301418691,122.67842279621115,143.8832808867251
2023-02-15,159.02203933542475,112.6949423957572,108.77469357558303,117.87462598675621,124.3840491982706,142.0233749685487
2023-02-16,153.69894742535013,109.69470599575004,107.17012018948621,114.36728253891886,123.08684506945617,138.23954375954878
2023-02-17,149.4097282615409,107.9832786787958,105.86850573569022,113.26030912827456,122.15791331182038,138.59227964372752
2023-02-21,144.28922584067593,105.72787588403547,102.99597520120756,110.20741338543583,118.89878595554937,137.95095064696216
2023-02-22,144.98078898530656,105.24249276045448,102.8388818657945,111.61734007941789,119.24309990247271,137.18133610701256
2023-02-23,165.30912390495214,106.60661709100654,101.98608330446508,111.65229554364949,119.63549199232165,137.91887926116607
2023-02-24,162.66855666506532,104.2842506699474,100.0112277385253,108.94896333312265,117.48139267305231,136.5961166105222
2023-02-27,164.17045105906791,104.67759565275519,100.8415708228041,109.25192550645639,118.45033785286488,135.91470763643264
2023-02-28,162.17952959471086,104.36794373981144,101.05476830395597,109.79958481940729,118.04195280140792,140.2437030443877
2023-03-01,158.5609883365154,103.04986140566497,101.39139317838881,107.39920589221823,116.36032204539184,139.02517548255466
2023-03-02,162.864135444247,105.07510662072642,103.23159361252227,107.35259564324411,116.84079329308045,139.9150176145824
2023-03-03,166.88788238832856,106.82419811172137,105.08303905862495,110.58028648723277,120.9407360273595,148.50887799879487
2023-03-06,164.54073673214782,107.48533864710419,106.7437252271825,109.24027072171387,123.1829145044685,148.2283058176309
2023-03-07,162.71012683709813,106.34717315963185,105.31868338010551,109.00722836683929,121.39718681447935,147.9156622506709
2023-03-08,168.94940504110113,106.15887849059283,105.7562974442126,109.43835761235687,122.41414810090406,148.28442765780042
2023-03-09,163.7442132430977,105.58143102507404,103.59068260072772,107.49242639016646,120.5884193960008,145.6549565592524
2023-03-10,160.45338595594535,104.02064075340924,101.69434347396766,105.72128137912998,118.9147913244201,143.907319001204
2023-03-13,160.46036995850662,106.25094938282173,102.23294672774902,107.702168065552,120.4923003319377,145.02163615401523
2023-03-14,168.12499895673957,109.125629802305,105.4421107733865,110.5569769177477,122.1899364568245,155.53950820831272
2023-03-15,169.27781340628033,111.07138723441273,107.84335266490805,112.0950795739096,122.51024235044177,158.5297361224621
2023-03-16,178.45154781454468,115.57383465244189,112.56734591893729,116.56956568546892,124.80047415595097,164.2857045900829
2023-03-17,179.7371517888828,116.92539552459218,114.02604507142439,115.2994608484132,124.11982413201427,156.81416995020976
2023-03-20,180.95980626403602,113.91264151822125,113.57722054223586,113.85457869019955,126.04164708645524,158.57782469131445
2023-03-21,183.04893108371888,114.56122514549342,117.7289100534639,117.23374617585709,127.54714434131735,162.06510355577763
2023-03-22,184.9283889354971,113.93772913327793,115.98969880900466,115.00815345982198,126.38602306969202,160.1811842029113
2023-03-23,189.97990596968634,116.18475410567335,118.49192125347854,115.0198082445645,127.26686427713953,163.76464020507916
2023-03-24,187.10129507844817,117.4024008258083,118.31241562462458,114.34397296943379,128.32388861479177,165.1515086076317
2023-03-27,185.36855469538966,115.6491630005233,114.96858781045884,114.23910657673902,126.74635479274879,162.61020605526028
2023-03-28,184.5231698958776,115.16792621123236,113.36401442436205,113.30691937724866,126.24186308449141,160.87861036005714
2023-03-29,188.53358981403926,117.3773263113339,113.76795390961516,116.81426282508605,128.74028875794676,164.62241095131085
2023-03-30,191.32136861078106,118.85860914917154,113.20691245222704,118.8534145452247,130.01350964798053,166.61856164462165
2023-03-31,194.07420068724988,120.63696079067779,116.39362965753584,120.356561737155,132.04748184988068,169.90541594267478
2023-04-03,195.38772731809962,120.18924839142863,117.10055398525556,119.33116292971239,133.06444313630539,170.8112999375478
2023-04-04,191.8104624498025,120.16832676153541,117.50451074395254,121.12560862023795,132.63205003154238,172.13402556850818
2023-04-05,187.8139571218298,118.97995984278515,117.22397274181462,117.80470616829706,131.1345678683783,169.53660117596726
2023-04-06,188.9039155483193,122.01786696712415,121.65620889190254,118.92332547368787,131.85529335080523,173.24033412979125
2023-04-10,192.69079396958756,121.0930837637475,119.43448126595688,119.0515014358677,129.7492721744615,172.15807602288163
2023-04-11,189.82617779093863,118.34810565907819,118.2114005247845,116.42973493854656,128.76429681125282,171.43658707146784
2023-04-12,185.11705048078448,118.62427903401809,117.41472338263779,113.99440943712192,128.20376149742262,171.55682700344047
2023-04-13,184.89344221522413,121.28139153336879,120.54534507892971,119.31950814496987,132.5759940187068,176.6474160199225
2023-04-14,186.95457760972846,119.73316472010573,122.16113756682986,119.4476841071497,132.295713954529,177.56130860632368
2023-04-17,188.65935527507523,120.84617708961001,118.9070971139789,119.71568192625588,132.3117317306624,175.45293891246288
2023-04-18,193.30562656217816,120.66627989380929,117.25763868394668,119.20298696753258,133.30468496378103,174.67530344109065
2023-04-19,195.15015104741678,120.69977808268655,116.89858424262903,121.53344607626249,134.2336167214168,172.9196696314086
2023-04-20,189.3720440259236,119.72060126170399,118.14406864052039,120.96247719382653,133.44882013445627,170.8112999375478
2023-04-21,189.47683077180906,119.57414985245143,118.27873240904863,124.63295206807533,132.14355128489302,170.66697253151827
2023-04-24,188.93884891485894,117.90453304382793,118.9070971139789,123.7590299023016,132.3918082040667,170.58680023697534
2023-04-25,183.34233931369155,115.24744674564178,116.52826751589826,119.51759503561289,131.14257055281365,166.38609037220454
2023-04-26,188.33797097365743,123.59536048118962,116.37119145392909,122.32580252883048,131.1345678683783,167.86916059225078
2023-04-27,190.2244261817303,127.553845521995,120.72485934450563,127.96550930475877,134.85818591799259,191.2457826868072
2023-04-28,193.87858184686806,128.57066031585373,120.44433861581159,122.87345295178538,135.87515961167998,192.65671388362765
2023-05-01,201.99034725382143,127.85933800006642,120.28726255384241,118.91167957894133,135.80307341544832,194.9494662810532
2023-05-02,197.099502339741,127.7965469092222,118.17775185609631,120.75273551844101,134.96228285196565,191.79090986607883
2023-05-03,194.24888087368134,127.373935225612,118.27873240904863,120.77604508792605,134.0894443289535,190.01925887334048
2023-05-04,192.57199915737942,127.7965469092222,117.47082752837659,121.1838736539546,132.7601550188215,187.20538039143872
2023-05-05,200.38331891686533,129.98919136459398,118.45827258479038,123.11815898139848,138.99017661180113,186.61215230342023
2023-05-08,203.67415955775107,129.15233926944734,120.92682908713218,123.31624587204149,138.93412059896556,187.00496816492318
2023-05-09,199.6217822092884,128.46184687947732,120.45557499105884,124.23677828678932,137.5488000905234,187.0851404594661
2023-05-10,201.81565371365656,130.68379733739837,125.39273117935214,128.39664744027235,138.98216152010306,186.85264450726
2023-05-11,199.67067022721713,129.763219420932,130.80116737388465,130.7154517642597,139.13432418973906,189.02516931260743
2023-05-12,198.00778322350442,129.28618791855132,131.85594431456252,128.47821315347804,138.38054575950468,187.43787634364483
2023-05-15,202.29072613262193,129.49122513173782,130.73384412634246,129.5735228893838,137.979605065662,191.48627489064694
2023-05-16,204.10735466881573,130.44530123708142,134.10011014411495,132.1370332429843,137.979605065662,191.45420350485088
2023-05-17,210.84966800949582,131.67819703498452,135.59246660201217,134.5840135291515,138.4767888961947,194.3963428501479
2023-05-18,221.3299450460487,133.57369408319406,137.82543060320506,137.6718736262178,140.36921904532193,197.8916179662447
2023-05-19,218.4373795034214,133.49822162870763,137.74687961713755,135.45793569492523,140.45739746126313,196.92160353967404
2023-05-22,217.82256026456417,134.6891955633306,140.3164425825975,134.01305353671157,139.68761366215804,199.07004087096456
2023-05-23,214.41296487267047,132.20656971930103,137.5224371240165,133.9897439672265,137.5706368728586,197.80342474027916
2023-05-24,213.3649505227486,131.61531424006435,135.6597984862763,136.04055047210767,137.79515869850545,199.78355825053367
2023-05-25,265.3611700808268,136.6769600125032,138.55477586108768,134.00139875196902,138.71734090523762,202.5733492583785
2023-05-26,272.1105475464685,139.5998571250497,139.82271573602964,139.95572248597358,140.67390419521192,210.0689096728361
2023-05-30,280.25023560993344,138.89532091088086,138.76796470551758,141.76183185123764,142.17344596398257,210.45374162259986
2023-05-31,264.3411585098168,137.71274444949617,137.8703156471405,140.50338179892447,142.1333084691789,212.21738402381004
2023-06-01,277.8677426214781,139.46987314771687,138.82406021453443,143.05522847778644,144.41068635054077,218.54254246497044
2023-06-02,274.77250746724076,140.65244960910155,139.89003898357183,144.7797721298448,145.10029441814,218.54254246497044
2023-06-05,273.68254904075127,140.87890627430772,141.39363181671632,146.00326671792638,144.00171815773737,217.56448242718815
2023-06-06,270.0703641596479,139.93115775020294,142.85233960592538,147.52971458934573,143.70504809954545,217.3480653575108
2023-06-07,261.8599013092334,135.6117516677205,137.45512251319627,141.2607827872609,142.59040443395864,211.3195579800432
2023-06-08,269.092069651738,136.40017091019635,137.05117439122122,144.7797721298448,144.79559686098736,212.1051403434711
2023-06-09,270.90884507899904,137.04177192711595,137.15216358089546,143.8242842508654,145.10833432436343,212.4017914071638
2023-06-12,275.88401881941644,139.16372564053168,138.73428148994162,147.48310434037165,147.37763507771382,217.29191883755234
2023-06-13,286.64491120935753,140.1869597197052,138.94749624453738,147.58797962306238,146.99272456726723,217.50838526680764
2023-06-14,300.44538039278,141.46599576838094,138.76796470551758,147.3083181292177,147.50595098845872,219.13577055298893
2023-06-15,298.04168167570657,145.97826862311635,140.361318989811,148.11232936652823,149.15781672128034,225.93391715019516
2023-06-16,298.3142046666624,143.558577976336,138.6108627333826,146.22465428805845,148.2837622865245,225.26857471873987
2023-06-20,306.11233093756226,141.76373270174554,138.12838089878392,146.5625719256238,148.35596014812037,227.93806409513962
2023-06-21,300.7807727605205,139.88081221252,135.2670608293827,145.4556074049755,147.51395367289405,225.78164285210994
2023-06-22,300.6410660018288,142.4598583420938,138.18448504452275,151.6546193886012,149.95165820274224,228.37901788507287
2023-06-23,294.9391820905069,140.49308102572581,137.27559097417645,150.69914039961776,149.69505119577786,231.46544761671595
2023-06-26,283.919681299799,137.80083276471348,132.7872679517936,148.36868129088788,148.56442697584572,223.2403402997385
2023-06-27,292.6122940478738,140.30439333921856,132.77603157654636,150.52434529846784,150.8016797696666,230.11862217180416
2023-06-28,287.30869858854373,140.84116349677336,134.85190224232622,150.36121387205642,151.75589752866557,228.7076786350892
2023-06-29,285.2473895955054,140.5056706852921,133.64004923967914,149.03286178127607,152.02855953355143,225.6934619660389
2023-06-30,295.58905487950426,142.8079277125591,134.3132903518229,151.89932541821432,155.54080745597082,230.06252501142365
2023-07-03,296.3646130071373,141.7385533826129,134.53770693477816,151.7361939918029,154.3299330609567,229.29291047147404
2023-07-05,295.6938549791231,141.80569386677243,136.6135603271141,151.92263498769935,153.4238182594087,235.98680963997495
2023-07-06,294.19853062194676,143.11407521974425,134.7733512562587,149.5688663094844,153.80874117711795,234.0788645125242
2023-07-07,296.99349372725067,141.41568953244482,134.06643556526092,151.2234901430836,152.90260156104455,232.9084501993325
2023-07-10,294.7364991251635,139.15534126787566,130.66652951552223,148.1356300460173,151.2426959219995,235.7704172500866
2023-07-11,296.30868757171373,139.42370669577966,131.44075981734025,150.05826058871864,150.8177223603254,239.1293365319985
2023-07-12,306.76914766792066,141.4073051597888,133.449289962134,152.41202926693362,152.17288081316704,247.98780127389665
2023-07-13,321.2684177194694,143.69697252748946,139.74418202340604,156.4903327072109,152.79034064822116,251.2505927776819
2023-07-14,317.7187550180826,144.77892341641962,140.73159253293204,156.93310784747504,152.91061665274262,247.61101493534449
2023-07-17,324.65043765191956,144.98441914998574,139.86760941668703,155.62805643618373,155.5568376393669,249.01393754063685
2023-07-18,331.86855786690137,150.75474092059233,138.86893662174793,154.77744383989508,155.3483211825908,250.1603137393496
2023-07-19,328.9547465344558,148.90542342490224,136.92773836121827,157.72547319003905,156.44689744299342,253.33492435706373
2023-07-20,318.0750860397734,145.46244629661933,133.75224025771288,151.43324070846512,154.86721716450498,242.52041357896798
2023-07-21,309.6130655598202,144.16244931630354,134.67234479314058,151.47984206744326,153.91297459098064,235.89865343369289
2023-07-24,311.7303266957489,144.72439879299094,136.36670554055212,150.0815701582037,154.56249479282693,233.7742171971978
2023-07-25,319.1861166575472,147.18602440363367,137.1297253772887,150.46609804474318,155.26011795212423,236.06699427441234
2023-07-26,317.5998800834742,141.64631218281443,145.0516376649862,149.3241602798713,155.96579342490762,239.3538732522545
2023-07-27,320.7304225087859,138.68987757964385,145.19749462515202,149.44069034730458,154.93940261883816,249.88775014971378
2023-07-28,326.66978921465693,141.89793506657094,148.7657217488291,154.05500720578624,157.03228450399268,260.9267236086985
2023-07-31,326.5230850996706,140.87049570048714,148.92282372096412,155.7678782931101,157.52944351999997,255.41123500502297
2023-08-01,324.97188872200434,141.04661992859266,147.60995561847696,153.4490828591187,156.85586563579682,258.7061102344987
2023-08-02,309.33362533497007,137.3395350616451,144.05296487004713,149.39408898832647,154.426163790384,251.9721310886736
2023-08-03,311.05257131144015,136.987234203105,144.1315072193927,150.20974612038353,153.29551475592652,251.07420632575077
2023-08-04,312.2055593595149,137.45692937941166,143.74998866430244,162.63109743711195,145.9342733944056,249.10211842670788
2023-08-07,317.35537322516365,138.43403630839478,147.58750014142632,165.71894864418226,143.4163683185262,253.77587814699703
2023-08-08,312.0936817812011,136.73144533418505,147.44164318126053,163.06222668262956,144.17814943319593,250.63330189539545
2023-08-09,297.34990487134183,135.12951923417666,145.4892430923714,160.6269011812049,142.88711171393865,244.6769335411536
2023-08-10,296.1898927595056,135.42306398121323,145.52292630794733,161.4542042080085,142.7106928457428,245.10179610866362
2023-08-11,285.47795515616025,134.61788909400764,145.37701752744988,161.27942688685053,142.7588702467699,241.81499117018848
2023-08-14,305.72801049069295,135.8885669711919,147.36310083191498,163.79632699147692,144.09983479109366,245.4625652641595
2023-08-15,307.03464659511513,134.97435593771118,145.62387231401186,160.41715061582335,142.4858732457914,242.06349196555638
2023-08-16,303.86228027683626,134.64656626860764,144.41203658480867,157.38756444246968,141.7792796355689,235.92271622796082
2023-08-17,302.87015130113775,133.16730092044037,145.78097428614686,156.117450715418,139.71562926131313,228.54738340558134
2023-08-18,302.5556975873476,132.99920734926945,143.0206520431418,155.23188265489773,140.10908837575343,227.07234645685224
2023-08-21,328.1861590556507,135.26854261327927,144.04174576824374,156.93310784747504,141.19309850975748,232.40335363780707
2023-08-22,319.10927927564006,135.5122789465062,144.83845745727822,156.43206767349426,142.30923104686713,230.55957596173747
2023-08-23,329.2272962328784,137.4201822461302,148.53007742734854,157.9119141859355,145.43273461466856,235.88263625063658
2023-08-24,329.5556912443243,134.46584373612362,145.62387231401186,153.62386018027667,141.62669511900148,229.8781423078589
2023-08-25,321.55490871554775,135.7307966588537,145.73609787893335,155.27848401387584,143.41729886322798,228.87606883538666
2023-08-28,327.26376327569756,136.0333677070778,147.00403775387537,155.1386621569495,144.68596628785434,232.69203312965513
2023-08-29,340.8825949775941,138.01270848184754,150.99865983985617,157.20112344657323,147.84164188781216,238.88890602763126
2023-08-30,344.2365453624654,138.17240457978016,152.46857809414666,157.38756444246968,150.67609345671366,236.57204147635977
2023-08-31,344.8725035612738,137.73954824083089,152.79400977694198,160.81332439710937,150.85274806290062,237.20539890128046
2023-09-01,338.96099274324746,138.11778825227557,152.22177512791632,160.9415003592892,152.12948020827574,237.5982024228889
2023-09-05,339.2335157342033,140.17279799026588,152.3451593375876,159.95106590607418,152.32214018333343,240.6205140627289
2023-09-06,328.869977034917,139.89121407484637,150.87522380985322,157.72547319003905,146.87004155378384,239.83488233972298
2023-09-07,323.13972979388177,138.64308229975742,151.77290741511808,160.6269011812049,142.5742005488849,239.43403320690288
2023-09-08,318.46466785759714,140.4753428373254,153.02965409842253,161.069676321469,143.07202955707749,238.8087460729828
2023-09-11,315.711341692993,142.01764818740017,153.63557196302412,166.74435634162086,144.01952257969822,246.56084055412543
2023-09-12,313.5589602382573,139.42472854119708,151.86267750298896,164.56536498456384,141.56246272005288,241.8309836734558
2023-09-13,317.85669908396727,141.2276044727222,153.39994491498746,168.78350806175953,139.88426877580207,244.556668929392
2023-09-14,318.5275906493153,142.33705348384765,154.95965053059268,168.63202253009464,141.11279870562473,249.89577108113644
2023-09-15,306.7804449263659,138.7733806910649,154.1741406699177,163.58657642609538,140.52662998707598,240.74877492612413
2023-09-18,307.2416561700758,138.28588182344646,155.08305201370786,163.10882804160767,142.90341485711394,242.54447637323588
2023-09-19,304.12500162748626,138.11359606594755,154.8922668259969,160.37054925684524,143.78666307352339,244.5646898608146
2023-09-20,295.173139499442,134.80203087846542,150.06731029245927,157.64389858683734,140.91206160255553,240.23568211296507
2023-09-21,286.63358724344556,134.28094211789386,146.3644539471417,150.69914039961776,139.6594243613253,237.07711335809623
2023-09-22,290.77757120294103,133.22193034852722,146.1512651027118,150.45443437000466,140.34998778815168,239.7626939569192
2023-09-25,295.0543179797671,133.44465334778502,147.11626331879685,152.9596885798845,141.38580811386592,241.16556720263353
2023-09-26,292.88099787108104,131.17534428493974,144.26617098792093,146.7956231704944,138.07761003365408,239.66649213942551
2023-09-27,296.77339749357105,131.44850452595642,146.4766795120632,146.7956231704944,136.84905528930605,238.68843210164323
2023-09-28,301.1130670621152,131.80571810284965,148.4627455430844,146.7956231704944,137.05784470586133,243.6748353888924
2023-09-29,303.97816397516607,132.69243101413505,146.83572531665894,148.12398415127075,137.47534909539579,240.6686149714757
2023-10-02,312.94404752326636,135.234900317997,150.54984394738958,150.85062593128265,139.51490456550667,245.9676371458959
2023-10-03,304.1040095586024,131.70063833242165,148.59739203816878,145.32743144279567,138.43090683876534,241.2537974482826
2023-10-04,307.76579020550395,134.04139797099492,151.75045193806744,147.9841534043484,139.44261985307196,244.9735105654794
2023-10-05,312.28715067050763,134.20949154216584,151.55971857068815,146.77231360100933,140.4463549974686,244.34020250013666
2023-10-06,319.7924295682371,137.52942800172167,154.37615359615396,149.10277270973924,142.51799564889706,252.8699324526515
2023-10-09,316.37515577964604,138.60528711989397,155.31864451485674,149.45233624205113,143.7224306745748,255.21885604982452
2023-10-10,320.0440139052426,138.00432410919151,154.91473957649143,150.87391772077572,143.24063184977834,258.0086347177749
2023-10-11,327.08802814432846,139.69790188279603,157.70873639835048,153.61221428553014,144.37284419933482,262.80265904982565
2023-10-12,328.0594321258109,139.1683894478216,155.93584193831532,154.1948290627126,145.10352030643955,259.8685036162678
2023-10-13,317.689002900097,137.7269454806823,154.12928153614808,151.23513603783013,143.6100332818618,252.276729044422
2023-10-16,322.1194778556709,139.79035269191093,156.0816988984811,154.45118098707226,143.50562616632146,257.4554619272916
2023-10-17,307.04597056102705,139.5466032581017,156.77740412439746,153.19273093475908,142.24497383339317,259.7402427528725
2023-10-18,294.8726003758408,138.72713563563403,154.8025312850138,149.30086849037824,141.19309850975748,254.10451421722433
2023-10-19,294.20881299665456,139.2356478372216,154.56688696353325,149.61546766846254,140.88797910567334,250.76958369021338
2023-10-20,289.2192172241795,137.28149948216674,152.15439142332053,145.8517811862615,138.81632604698223,247.4345791238354
2023-10-23,300.31643674319804,138.39516688078476,153.164283320063,147.4714495556291,138.91268084903643,251.7315771853614
2023-10-24,305.1242080818798,138.90361357946094,155.75628448912968,149.80190866435902,139.26599006141035,250.56111351259167
2023-10-25,291.95852196872755,143.16493168013594,140.94479865080584,141.44721489316137,137.38704660682768,240.12343843262607
2023-10-26,281.80474371347964,137.79420387008233,137.20825908991233,139.326497459817,134.00657622144382,231.1608003013896
2023-10-27,283.02065455327255,138.60106873240142,137.0848403333533,148.84642078537956,135.074506543001,237.8788116237364
2023-10-30,287.63987117653403,141.75289852020407,139.65441193553517,154.63762198296874,136.73664548933033,242.63268193909596
2023-10-31,284.9773771064263,142.08907256196363,139.22802560995336,155.08039712323284,137.12207710480993,241.51836478628476
2023-11-01,295.77408420931044,145.4342407429812,141.8873413898403,159.63644894799788,139.69155917169363,249.99999383005274
2023-11-02,304.0271187617617,146.3798145704283,143.05431798527385,160.88325310556453,142.58222804784563,249.21433742725787
2023-11-03,314.5023747945612,148.2624861485906,144.86087838744112,161.5008233469786,141.84349962725483,252.20459002119622
2023-11-06,319.71553877139644,149.83002322012706,146.1512651027118,162.82918432775494,143.91514027868325,253.16655883655525
2023-11-07,321.14118334776094,151.510998233583,146.95916134666186,166.2899175266182,145.9948084290724,255.58759677716506
2023-11-08,325.46677808131557,152.6330631054393,147.93537002782838,165.55581721777085,146.8539741485997,256.3572359969037
2023-11-09,328.0943654923505,151.57824352240073,146.14003736418647,163.83128245570848,146.46857975490818,256.9744528398231
2023-11-10,337.77299120623275,155.35206275545727,148.77693221391053,167.28035197983323,149.86957175278206,263.5641539391966
2023-11-13,339.7645670035257,154.09552040654773,148.21590802996633,166.15007788969987,148.58313712798298,263.9009096600026
2023-11-14,347.0042935591271,155.6041965619225,149.93268107081877,169.89047258240782,150.70577162906923,269.60880189866555
2023-11-15,341.63737469607736,155.6673675696527,151.05476398559497,166.86086862906217,151.1640462838046,266.7227967334325
2023-11-16,345.77438800674497,158.404485324957,153.64676515466167,166.4297393835446,152.53089237810067,267.9092282296805
2023-11-17,344.50263185392885,155.7431282369492,151.8289770139691,169.168018168307,152.51480015839113,268.59063720377003
2023-11-20,352.26643903002486,158.93929039517053,152.88376259136896,170.27500046894727,153.92987328276507,272.54288329285646
2023-11-21,349.0169415477044,157.09910400532615,153.69167610876292,167.67652576111922,153.27862847140477,270.1459328263035
2023-11-22,340.4354318614069,159.11194296897318,155.39723868453396,170.95083574407798,153.81732700289976,273.761423194584
2023-11-24,333.86657016368673,158.93507200767797,153.37748943793682,170.9857912083096,152.73994234717244,271.14798161898676
2023-11-27,337.12309170976863,159.43196399278762,153.0633027671107,172.13935708793602,152.59519922062537,268.3181229737122
2023-11-28,334.18102387747683,161.15427134332126,153.94974136040636,171.32369995587894,153.08567072204252,271.75725156985055
2023-11-29,336.4102427141196,159.53302188445718,151.46996575626116,170.49639692907533,152.25752315924143,266.31397602876774
2023-11-30,326.8364972222565,159.55829290766573,148.7096003296464,170.22838132997717,152.7238625347256,262.26550344239865
2023-12-01,326.80153714825013,157.70546445592595,147.95779095799125,171.32369995587894,153.76106006659847,260.3976136124831
2023-12-04,318.03139262413214,155.44418605001528,145.0516376649862,168.771844387021,152.3057501893193,256.5496149521021
2023-12-05,325.4395097577399,156.86747261012138,146.9816168237125,171.148922634721,155.51380925235634,255.16270952986608
2023-12-06,318.0104005552482,155.3009835851669,145.8931825776245,168.39898017522003,154.62938234599127,254.48932148719913
2023-12-07,325.64916337191113,156.2063386250297,153.64676515466167,171.148922634721,156.19722609587302,261.81655340083176
2023-12-08,332.0089857271959,157.58755921545065,151.46996575626116,171.77813877088158,157.3550098138346,266.75480641975605
2023-12-11,325.8658410498438,156.35372017562378,149.56239025425387,169.99533897510258,155.3208266884687,260.76637901961266
2023-12-12,333.0643312767471,157.6507171225986,148.69838986456497,171.84804969934478,156.55098196970383,267.9332663441594
2023-12-13,336.07645279438555,157.6465118356883,148.75451128374766,173.43276260448079,159.16407556494454,268.3501326600358
2023-12-14,337.9074900089036,154.09241556854855,148.04761286619376,171.77813877088158,159.28466175103327,267.091562140562
2023-12-15,341.68138860131995,156.11370440776295,148.78815995243585,174.74947769051062,158.85050681496818,268.4944847458543
2023-12-18,349.9771283931419,156.92221994344874,152.37884255316357,179.52692597540369,157.49976534764437,276.27059266168686
2023-12-19,346.6714116932634,157.17906995953294,153.33257848383553,179.20064534258887,158.34396790836692,280.8721886789612
2023-12-20,336.2371516219612,156.067406950003,155.22889170042978,177.25471412039846,156.64748565891034,280.0063723215179
2023-12-21,342.38032300678003,157.29701450175506,157.5628621647408,179.25891037630552,156.52688706555892,283.8623672335326
2023-12-22,341.26216149537777,157.73494076604476,158.76348742886256,178.7695160970713,155.65853997164072,283.30129691057164
2023-12-26,344.4001018889857,157.76862236307386,158.79713609755072,178.75787020232474,155.21630790756416,284.4556446811291
2023-12-27,345.364561929107,157.52019602139248,157.50670619867034,178.67629559912305,155.2967317843238,286.8606407588937
2023-12-28,346.0983495787064,158.0297169678152,157.3496214999792,178.72291473809315,155.64244775193117,287.25346896029106
2023-12-29,346.0983495787064,158.34975109221193,156.74373818226542,177.0449813350089,154.79823278394596,283.7582432037723
2024-01-02,336.6355736112868,156.17267012858287,155.0381583330505,174.70285855154052,149.25851406527622,277.609397175176
2024-01-03,332.44925831695554,156.0589701750179,155.87973779257652,173.0016333589632,148.14092987843176,276.15032804992524
2024-01-04,335.4474919518718,154.93885728992055,153.0408127431723,168.45724520893668,146.2595173785737,278.2747889662093
2024-01-05,343.1280786615019,154.8588520339669,152.30030020381798,169.23794687676218,145.67257940973812,282.1468504208583
2024-01-08,365.1847071709882,157.78125132438697,155.78995043126176,173.73573366781054,149.1941948154888,287.5260572297159
2024-01-09,371.38377728376383,158.24447481304978,158.1575350173732,176.38079195462475,148.85650634684217,286.54000094029993
2024-01-10,379.84016248822786,161.1837476534401,159.64992602215818,179.1307344141257,149.70074612935278,296.9936932033218
2024-01-11,383.13885512434496,161.96696596475275,159.42550943920298,180.8203137119565,149.21831453415908,296.3523888863455
2024-01-12,382.35611268814995,163.583983935542,160.06507597249274,180.16778800631084,149.48364384679488,300.21642940957184
2024-01-16,394.0413772105854,164.3419574248107,159.88557034363876,178.46656281373353,147.64243087805391,294.58067619413464
2024-01-17,391.742104688596,164.00508905219056,158.74101467836806,176.77698351590274,146.87859015777758,295.31021075676006
2024-01-18,399.10821097696913,165.85791750393034,160.99639097300187,178.86273659501953,151.66253287691978,301.5311464490041
2024-01-19,415.76950387875877,167.87919324256245,164.25044869929673,181.00675470785293,154.01831225122277,307.39940795654184
2024-01-22,416.9086841665117,166.96961981520712,163.8128778187993,180.3542290022073,155.8916724375947,306.0606034430527
2024-01-23,418.43926237982896,167.97607204848632,164.99103033242656,181.79912005041695,156.9288823767303,308.80233056183414
2024-01-24,428.8455063184859,169.51727694964995,166.8536948803326,182.78955450363196,156.38214393901185,313.21149826433214
2024-01-25,430.62764216134184,170.48999518357093,170.4106769920405,183.81496220107053,156.11680221911337,315.19960334643133
2024-01-26,426.53223908390714,170.09417419071318,170.76975734352396,185.4113210009531,154.70978140822555,315.96921788638093
2024-01-29,436.55410916076124,172.532323557919,172.25090333633977,187.9049115360944,154.15499065702102,321.48465713047847
2024-01-30,438.7136215091254,172.05648420852538,169.95065063449246,185.27149914402673,151.18816600247487,320.71509195010685
2024-01-31,429.99868131882806,167.42018814139223,157.20379908670122,180.84362328144155,148.26152847178318,312.7625235429762
2024-02-01,440.48184276179245,170.0309900824007,158.39321388574152,185.59776199684956,150.23943225358508,316.482261339962
2024-02-02,462.3776656138361,173.16396813230958,159.76211704019195,200.198086890643,149.42738931775625,380.78404481257365
2024-02-05,484.54614499416937,170.81845298237047,161.2208421028449,198.45024255909559,150.89871697116882,368.29404783954976
2024-02-06,476.795584721593,170.75110288889454,161.692130745806,197.09857200883417,152.20124381567746,364.5342053854508
2024-02-07,489.9063869905259,174.35568880012224,163.30794050715002,198.70659448345523,152.28969519139787,376.4550123849351
2024-02-08,486.7056039276001,174.38094672274852,163.72309045748457,197.9025832461447,151.41330819125622,376.7837224945294
2024-02-09,504.1216498404061,177.09280655542656,167.19031975476545,203.2742922029668,152.0331750352723,375.26850684932015
2024-02-12,504.9253843454851,174.86522284712726,165.5408613247332,200.81565713205705,150.66459192419956,375.90186427424084
2024-02-13,504.0867698888001,171.1006002228278,162.8590727943518,196.50431133690515,148.96593840377216,368.8632378130893
2024-02-14,516.4708619868286,172.75435222631623,163.75673912617273,199.23094422692108,148.24945620518534,379.41315657339396
2024-02-15,507.790828455604,171.51825988633803,160.1997224675771,197.85598188716656,148.0159887431387,388.03106741197985
2024-02-16,507.47621449701325,170.46355820853992,157.67505318277455,197.51805535960523,146.76817792709505,379.44521561929554
2024-02-20,485.38475945085446,169.92779679582029,158.34832020508415,194.68655607689456,146.16437848826314,378.1865957402438
2024-02-21,471.54697993634943,169.67042275644505,159.952884954459,196.44604630318852,146.77623024058119,375.60249843375885
2024-02-22,548.8848597707765,173.66560252820278,161.6808857338368,203.42577773463168,148.42659469461725,390.128059723115
2024-02-23,550.8346650900359,173.11292826376607,161.5350460471149,203.90352611911936,146.93723928851546,388.44280033174573
2024-02-26,552.7566412289174,171.93170116235572,154.36490858418478,203.6005550557896,145.84237279965726,386.60497048482335
2024-02-27,550.0239332286623,171.90639083740035,155.83482683847524,202.21392904129664,147.02580232960005,390.86638029062175
2024-02-28,542.7696511036694,172.00763213722178,153.02965409842253,201.77115390103245,146.05168332124555,388.4347547205341
2024-02-29,552.8963212801423,174.50514024271578,155.36355546895803,205.9659696287511,145.5122775757772,393.33815987740064
2024-03-01,575.0298138790025,175.28983891982554,153.88239220269833,207.66721260132041,144.6347987365188,403.1047914946536
2024-03-04,595.702568290158,175.0451724452571,149.6297048650741,206.92146639772653,140.96378748071214,399.8064610947189
2024-03-05,600.8117066839108,169.86870006917763,148.8667023017814,202.88976431642732,136.95462868753927,393.41037293999347
2024-03-06,619.9338255742023,169.63247036959427,147.44164318126053,202.17897357706502,136.1495710406052,398.1211770235607
2024-03-07,647.673642768269,172.60669556349438,150.78545372198238,206.03589833720628,136.05299290782253,411.04168823577396
2024-03-08,611.7425920998645,171.37480851042645,151.94118530544674,204.32300946989042,137.4457453666163,406.034010970413
2024-03-11,599.4837046060699,170.65761713377995,154.47713414910626,200.37288199179292,139.07191565840597,388.0896819108376
2024-03-12,642.3898909567516,175.1970081938247,155.40843187617153,204.3696108288686,139.4583522621635,401.0583433913757
2024-03-13,635.2260403142534,175.12107721895862,156.85594647374305,205.7329272738765,137.76773864795948,397.70391583106044
2024-03-14,614.6501271776184,179.3904521777327,160.5700305575859,208.28478284273447,139.27317386650816,394.7024586129194
2024-03-15,613.9022646930295,175.6779567703056,158.4156002690166,203.2393367387352,138.96726039761182,388.4989962112822
2024-03-18,618.221503049492,176.0576378458005,165.7091392150619,203.30924766719835,139.8528163648817,398.8353854372216
2024-03-19,624.8122648699664,177.78310243666243,164.97981986734513,204.96387150079758,141.75271568614863,398.2415403544783
2024-03-20,631.6196776609066,179.39469676638984,166.89855401410222,207.5856379981187,143.83780581033352,405.68891348092745
2024-03-21,639.0490005231326,181.14126639529684,165.61938640063488,207.5856379981187,137.96093213531287,407.4865646313697
2024-03-22,658.9959528172539,180.87548178210102,169.17640305923055,208.42460469966082,138.69355618265996,408.94711454396
2024-03-25,663.9791922126369,178.39484722657727,168.39097956577498,209.40341103812128,137.54233590666166,403.6825947145517
2024-03-26,646.918836342319,177.88436993764842,169.06419476775295,207.76043309926862,136.62459549997268,397.9606596759519
2024-03-27,630.7669616617653,177.79155231222984,169.2885940772643,209.54323289504765,139.52274595552703,396.3314974449632
2024-03-28,631.5078802049932,177.49203369967583,169.3559259615284,210.18411270594677,138.04950758366016,389.6867357363468
2024-04-01,631.556701454255,179.1162307895518,174.4726655091732,210.871593875824,136.88219508795228,394.31720710674267
2024-04-02,625.1896413754746,177.79579690088696,173.4290903968548,210.54533102300118,135.92418070657004,399.14837452122754
2024-04-03,621.7788842087763,177.378150337959,173.8330298821079,212.54952727890824,136.57628161905598,406.6679607102695
2024-04-04,600.3991831521288,176.29391994771296,168.90707552217407,209.74131978569065,135.90810089412318,410.02248698974074
2024-04-05,615.0974772460729,179.51704310425635,171.11759268303825,215.64904216071707,136.51992783191585,423.1998407660014
2024-04-08,608.9819480893646,179.12468066511917,173.7545048062062,215.78886401764345,135.61022733145026,416.70737803525924
2024-04-09,596.5482335180711,179.8376667548554,175.71816718050843,216.34816922534088,136.5923738387655,414.82159535832403
2024-04-10,608.3249444067387,178.56359582686193,175.20198485688996,216.67443207816368,135.0708464005073,417.1729869343963
2024-04-11,633.3249494143887,180.53375309345688,178.87120980696324,220.2866508086918,140.91548600705812,419.84526512695226
2024-04-12,616.3414576334447,177.9898427255447,176.98607250856267,216.88418264354522,142.1311247909454,410.80898250536137
2024-04-15,601.0701281324102,174.50514024271578,173.76571527128763,213.95944508289432,139.02362659201464,401.4435948975524
2024-04-16,610.9528523073749,174.90170796876322,173.2495674945569,213.6098904405784,136.35891878398155,401.0664136823763
2024-04-17,587.3296706268276,173.74579119230822,174.45021003212256,211.2328121928784,135.24794766815114,396.58034375737697
2024-04-18,591.7746477368594,170.5521705470482,175.05612789672415,208.83244215568536,134.4750992751615,402.70352280542073
2024-04-19,532.5700161279715,168.37949137906358,172.90173215504262,203.48404276834833,132.83281194913693,386.0673459614055
2024-04-22,555.759895867587,169.15572708002367,175.35906955558107,206.513628941702,133.50903258029314,386.5970235927677
2024-04-23,576.0632325983328,171.94434322425113,177.58079718152672,209.20530636748632,134.36239170088123,398.1292226347723
2024-04-24,556.8711401450951,172.5729353629716,178.55700586269322,205.7678827381081,136.06912234932017,396.0426451945921
2024-04-25,577.5239707860375,168.3457442791231,175.04486561131108,202.36541457296147,136.76947510640935,354.2154128490632
2024-04-26,613.1894424048471,171.4170185865166,192.94212264887915,209.29852686543455,136.2945126833553,355.7482005040353
2024-04-29,613.3431171686614,169.6999907706398,186.43402446973334,210.85994798107745,139.6757026899752,347.1853502746922
2024-04-30,603.8729165254788,164.24931010696167,182.65260850162633,203.91517201386588,137.12371486348508,345.2191608452186
2024-05-01,580.3824709547953,166.61604820018633,183.86444423082952,208.5760902313257,136.2945126833553,352.45789103552323
2024-05-02,599.7842704371377,167.83948537768686,186.96139998498938,215.24120470469254,139.2973183997038,354.4561395108984
2024-05-03,620.5558424753549,171.56044376126363,187.65708793746185,216.97740314149345,147.62956454664388,362.7060006562356
2024-05-06,643.9763678980255,174.46294326720792,188.6221207004347,219.8788133526673,146.2851631905549,373.71659235787865
2024-05-07,632.8916474734569,172.6910895145101,192.15666460853583,219.94872428113047,146.84059911941932,375.7710367127903
2024-05-08,631.8991980081571,173.19732221478182,190.0583730125931,219.06315622061024,147.11436537068465,379.270013797236
2024-05-09,620.2623274155151,173.9482737919511,190.7091845578521,220.81100055215765,148.58757892802615,381.53307640850335
2024-05-10,628.1669363564405,174.9692021686442,189.23923175667383,218.4572318739427,147.56379364712168,382.1591039360932
2024-05-13,631.808339206194,174.538874242074,189.78901092864885,217.39688649226449,150.16760660986995,375.5864318911246
2024-05-14,638.4969571849263,175.73702729578372,191.13556224671194,217.97950126944698,151.09466487083947,378.66812310328106
2024-05-15,661.3792737371791,178.80958546024016,193.57046144364364,216.7210512171338,152.94074148655508,386.4445271765816
2024-05-16,659.4852336085427,177.92629180092854,195.444353730075,213.97110875763286,153.03748091375272,379.7756286343303
2024-05-17,646.3456406904281,177.59662874855968,197.55387306454298,215.2178951352075,153.06165026147374,378.71624869181693
2024-05-20,662.427595222969,179.76476201449486,198.51888855407196,213.86622458494608,154.0048503712036,376.2525393960387
2024-05-21,666.6630255486965,181.3285392189184,199.56241184605872,213.41178576994344,155.0608697205779,372.8739256425106
2024-05-22,663.6156501749172,181.95401341905745,197.91295341602648,213.38849398045036,153.89198150250834,375.40190110882594
2024-05-23,725.4625048866318,180.46635059765183,194.73747258596495,210.96481437377227,150.65130374585806,373.79685103168305
2024-05-24,744.1232789958793,181.80186325651525,196.35326507386512,210.61524195146438,153.15031256065987,383.78019587608134
2024-05-28,796.0663106338783,181.86950156280122,197.9353570727455,212.2465562155785,153.15840209593406,385.14444525202197
2024-05-29,802.5242829295554,181.3834699603976,197.37433288880126,212.0950884639056,153.40021964577141,380.68243812129055
2024-05-30,772.296398130878,175.25521408087263,193.12164555117704,208.94897222311863,154.20635672455958,374.81605227771627
2024-05-31,766.2368478245266,175.44963982241637,193.55926825200606,205.59310541695015,154.9802721421406,374.6394683874732
2024-06-03,803.7473246629768,174.76918247846902,194.31106035021736,207.8070344582468,156.4151844795566,383.1942976853937
2024-06-04,813.7907743729838,175.84691497990664,195.00673102924594,208.9722640126117,156.67315628541692,382.79307835573866
2024-06-05,855.7462817363993,179.2026422302379,196.82453644338236,211.2328121928784,157.89848514146541,397.29457685082684
2024-06-06,845.6680054897198,179.41819921099122,198.3056478893104,215.56746755751539,156.77794802610066,396.25126345094776
2024-06-07,844.899257766114,179.13504322569872,195.75854040090107,214.7518104254583,158.7207640690139,395.60924342009065
2024-06-10,851.2033950531762,180.83405774094737,196.60103535295303,217.96783759470847,155.6816050729823,403.3455181564888
2024-06-11,845.1224253584726,182.8669143943106,198.40970311527423,218.16592448535147,166.99171833826304,407.2538342211682
2024-06-12,875.1081268484489,186.4086175106182,199.72402218704772,217.76975070406544,171.76409748857773,408.3532447814278
2024-06-13,905.9327632847113,186.62841908002866,196.76957234493997,214.20415111250742,172.70727278378217,404.54934890397675
2024-06-14,921.7992419753242,187.04681237614628,198.60066103742403,214.00606422186442,171.2965297940872,404.99921209773635
2024-06-17,915.5086720813831,189.49810162737398,199.10618564616541,214.47214893161362,174.66620586093035,406.9833930933857
2024-06-18,947.6611503506857,188.64015759476453,196.6909263549311,213.01561198865744,172.7475839802635,401.247711412317
2024-06-20,914.1105896107285,188.36965677194974,198.0502082011375,216.8492271793136,169.03124899384855,403.0230767132987
2024-06-21,884.6840356451205,190.0940471150651,201.79104884955842,220.32160627292342,167.2658444001464,397.464127001207
2024-06-24,825.5511937069195,189.20227737902152,201.3304351949183,216.23165693789957,167.78982791809048,400.781806355712
2024-06-25,881.3288834242444,190.58851549245384,206.7338620907241,217.12887089316632,168.53953676616237,410.1725154270276
2024-06-26,883.4957670334381,191.0999098221419,206.56535964562494,225.60009473179727,171.9091880184801,412.19689979894605
2024-06-27,866.6506733453139,191.39152878358408,208.2841191325242,230.54067444310178,172.59440391508693,417.37022780802636
2024-06-28,863.5052815684761,188.89796395335486,204.62192447411215,225.18061138102618,169.78904737719463,405.0473870458502
2024-07-01,868.8173967097068,193.03135486811414,205.56555544011138,229.78326456476935,174.73068640513273,405.4169422062275
2024-07-02,857.4243118737725,194.10908736955176,208.09316121037438,233.0459108729896,177.5682770114949,409.2889049417205
2024-07-03,896.6365350800907,194.7388061583479,208.74471551372045,230.237703379772,178.60015182767356,409.65838606273087
2024-07-05,879.5116539700482,197.6085149068578,214.1144246470625,233.0459108729896,182.46154012220285,433.71767580061544
2024-07-08,896.0771204810549,197.05063971125793,212.35071965917422,232.21859006619403,183.6546473170442,425.21055253481796
2024-07-09,918.3044097032233,194.218988154257,212.29452914621598,232.27685509991068,184.34790311987445,425.7568643439613
2024-07-10,942.9780494669023,197.0548974004973,214.76597895040857,232.80120484337647,187.8143186139152,429.524431572015
2024-07-11,890.4854849925737,192.17342393608698,208.46384931614867,227.27802813488148,183.45311614916284,411.8594777238374
2024-07-12,903.3465190322415,191.6873792331011,207.9021860147807,226.62550242923584,185.8473332232809,400.7496485906545
2024-07-15,897.7547232989597,191.86067373543517,209.54228223822722,224.56304113961215,188.95903748426372,398.5726937631829
2024-07-16,883.2161398563205,189.9841332297776,206.61028787317005,224.91261356192004,189.29760686856136,393.45556163363915
2024-07-17,824.7124724203675,187.44829282054684,203.35251635643993,218.98158161740855,184.50917272032524,371.1233882092555
2024-07-18,846.3805072883007,186.11699854917603,199.6116929814629,214.1109306145592,180.72028006169637,382.25730481649526
2024-07-19,824.2932720218921,184.73922341189336,199.57800976588697,213.38849398045036,180.82509661690548,383.01245700009514
2024-07-22,863.5052815684761,187.20318092618103,204.08273392323872,212.71265870531968,180.54296787058678,391.53567148831587
2024-07-23,856.8651643494045,188.0104388059684,204.2175013324303,217.21044549636807,181.38939133133093,392.5719017887541
2024-07-24,798.5711505276228,181.26936388878207,193.92743443497312,210.70846244941256,176.17365105603486,370.5449926744216
2024-07-25,784.8014750533899,176.8316726489384,187.91741601025421,209.5665424645327,175.32724000255342,364.230964818097
2024-07-26,790.2533770757127,179.73518089971785,187.6028665971065,212.654393671603,175.70609576880705,374.1037195280188
2024-07-29,779.9785338735809,180.35224452603634,190.44500450707335,213.4700508036601,175.93182109893485,374.1117404594414
2024-07-30,725.0396722726753,178.741986455701,191.2987271976506,211.7338701468512,176.3832841664531,372.0873807673119
2024-07-31,817.9325149052703,176.81054140972876,192.70295454484605,217.8746170967602,179.0274083256827,381.4379358219363
2024-08-01,763.3430937996278,176.2864526158162,191.82670728344263,214.48381260635213,176.02856052613245,399.84190127171246
2024-08-02,749.7830719395663,172.6432985903708,187.22093347936303,195.642035065878,177.23777234794605,392.13010888599507
2024-08-05,702.1135020599803,167.00531890190658,178.8967399570254,187.62526782224168,168.7007567375624,382.1609796000566
2024-08-06,728.6742380109347,168.890283081967,177.81830703494686,188.68561320391987,167.05619888246542,396.90981894043
2024-08-07,691.3494848964268,168.39157011592116,178.54850732830175,189.66441954238033,169.14413026980648,392.75667936894274
2024-08-08,733.7068862198486,170.19203554030764,182.0197095176762,193.19506366970677,171.95756393571028,409.3933498087378
2024-08-09,732.1691771129027,171.5993917923673,183.8620432221295,194.52342465048312,174.3195593486212,415.93228458215333
2024-08-12,762.0150917217869,171.93329943339327,182.3117861803294,194.36029322407174,175.56244448137673,414.47025388222335
2024-08-13,811.781625062554,174.9762764830727,184.4125133318599,198.35702206114735,178.58089575597793,424.5839820518703
2024-08-14,825.3416469226155,176.18080952035035,180.1549203361723,198.20555430947445,178.9440687421908,423.15408443720884
2024-08-15,858.7523139516135,178.26392000732062,181.19965276923102,206.93311229247306,181.36528401992334,431.6451658401611
2024-08-16,870.7745732897956,177.1800302322137,183.0644764976227,206.315542051059,182.43869835158966,423.6842556643509
2024-08-19,908.6586341734723,178.4756254168851,187.23216121788835,207.66721260132041,182.30956356150722,425.17846880912737
2024-08-20,889.4369498470496,179.8601342534571,187.8050695312255,208.43626837439933,182.80994846581405,423.13009568230797
2024-08-21,898.1742441870363,179.5806988335307,186.31098572893976,209.86949574787047,182.7211745012637,429.9019336244479
2024-08-22,864.9031503793962,175.9436889811723,184.00809019017802,205.23188709989574,181.21194266033177,427.3072486884852
2024-08-23,904.2552138817401,176.46872101700868,186.05260955530642,206.2922324815739,183.07629517399047,424.1502594401118
2024-08-26,883.9151276767142,175.0715046156299,186.6592356311073,204.49778679104838,183.35069419565298,418.6233194143437
2024-08-27,896.7763753761162,175.21968530174277,184.99664938372237,201.72453476206238,184.036704157072,417.00072200722695
2024-08-28,877.9739448631025,173.84787092939527,182.9408850066248,199.0212114415315,182.79381902431643,415.1370524212292
2024-08-29,821.9166813835936,174.91484785278507,181.73886059354837,200.5593052076974,185.4571496261909,416.29374477174093
2024-08-30,834.358301365052,176.6168886025393,183.53626607045646,207.9934754541432,184.81955280379012,418.77598858905276
2024-09-03,754.885640296493,173.35671699932212,176.77357460188813,205.37170895682212,179.79152200573822,411.10439957960455
2024-09-04,742.3741535819554,173.1280856374583,175.75129764588007,201.96924079167547,178.24192933927418,411.89161080910594
2024-09-05,749.3637647112238,172.91214873981897,176.6387899192527,207.28268471478094,179.47674975128092,415.20126923218834
2024-09-06,718.7489421339333,170.0796194438056,169.53905901359826,199.70869261140876,178.21772276976506,401.87430657505365
2024-09-09,744.1913830361516,171.78167329414208,167.27812067003342,204.38125672361508,178.2903548855551,405.5052958508216
2024-09-10,755.584574701953,175.372123677095,167.22184378985577,209.2169700422248,177.6446933424055,405.5052958508216
2024-09-11,817.1636603517975,179.1149600330711,170.03402954812586,215.00816234981795,179.70273563392522,411.16059545914095
2024-09-12,832.821927631445,180.7916118543763,174.00477973465743,217.8979266662453,179.79152200573822,422.22222496442095
2024-09-13,832.5421936244602,182.31160691283665,177.12064990987147,217.30366599431625,179.57360084384274,421.4349890551306
2024-09-16,816.3247788204447,182.62916502718338,177.7955406359063,215.43929159533553,174.5859060567976,428.80042528212397
2024-09-17,808.0064178042657,184.24233142678378,179.21287852701053,217.75810480931895,174.9651960772454,431.24481030312086
2024-09-18,792.4879908206437,182.40477825397667,179.7640741213841,217.23373728586114,178.11279454919173,432.5554058177913
2024-09-19,823.9442588460972,185.7411559442877,182.3849564886267,221.24212979767526,184.71463699047948,449.56175481690866
2024-09-20,810.8724494786536,184.29313548484635,184.01603597436517,223.25798972832084,184.17391607516592,451.3709314288104
2024-09-23,812.6899460075174,183.54796126446033,182.05878204774433,225.91471168987357,182.77763995376804,453.8314076722306
2024-09-24,844.9150685864438,181.71039499107098,182.55370076194023,226.0079321878218,183.50406036976992,452.96307397631017
2024-09-25,863.369393977533,182.95518611767977,181.65382342930198,224.3416446794841,182.6969679317546,456.9673697403822
2024-09-26,867.0743071832737,182.61647056295885,183.04863674958006,222.7452858796015,183.6250932173155,456.5894728113253
2024-09-27,848.6199283772511,181.2234987502372,184.4209600459197,219.02820075637862,183.8429895646856,456.2034315519009
2024-09-30,848.8995555543685,182.1888151551728,186.55820325782332,217.1172249984198,188.04783570501263,460.2881834280893
2024-10-01,817.862648172191,178.1199577087003,187.8405837318533,215.71895308918027,182.56783314167217,463.5286397228361
2024-10-02,830.7947240734762,176.61268331562897,186.5694828166803,215.2878060636707,183.02784481318415,460.5857229641858
2024-10-03,858.7558393372275,176.36288141280872,186.5694828166803,212.02517753544242,182.13201563240656,468.59436385190793
2024-10-04,873.225677760392,176.15961277822936,187.9192988156377,217.32695778380932,183.04401147646985,479.1840664320688
2024-10-07,892.7985118599514,173.39907118181728,183.32988296291728,210.673506985181,178.91987457994435,470.21064323304245
2024-10-08,928.9382546737233,175.58804747415206,184.9046855684781,212.91074559596268,182.2127124689454,476.73168515943826
2024-10-09,927.2604916110178,176.75237482442762,182.07000978626965,215.76555444815838,185.2553827203184,474.8180143209412
2024-10-10,942.3596113662973,176.06648073883616,182.3174864168115,217.49008921022076,184.85183650131074,469.44670504456127
2024-10-11,942.2897446332181,176.2697100716687,183.62233964133594,220.01865298958566,183.64931219408732,474.3677068909796
2024-10-14,965.1479176355078,177.4637102407972,185.5570862705745,218.52714280240585,186.6758405967,474.74565317961446
2024-10-15,919.9209592520841,177.29434591314563,186.11954415036118,218.70193790355583,188.73388288821968,471.4086495503281
2024-10-16,948.7206889725204,176.1850279078429,185.78205560373405,217.76975070406544,187.063220152422,463.78595120287446
2024-10-17,957.1790505295256,176.4390743993203,183.27362335618352,218.51549690765935,187.36183815085633,463.8985404002593
2024-10-18,964.6585300143519,177.0487623978179,183.8248189505571,220.21673988022866,189.6619957665179,463.5286397228361
2024-10-21,1004.5731595968107,177.31128496602724,184.55598655676957,220.3099603781769,190.85644294572984,462.47525696904796
2024-10-22,1003.7342246505245,181.00754875201562,185.75956557979566,221.04404290703226,190.3560828559484,467.9832922764477
2024-10-23,975.5635091875355,179.77546519021357,183.10489635631384,215.22955880994604,186.24001068017174,453.252518541617
2024-10-24,981.505172735549,179.83050073635098,183.03740901105473,217.17549003213645,186.08666932058014,456.5411497844775
2024-10-25,989.404173108452,181.27850809521004,185.90580255572692,218.86506932996724,186.76461456125034,460.93953241918575
2024-10-28,982.2739204591547,180.61802913923214,187.53686476802153,219.51759503561289,188.37067268021875,464.88755826435437
2024-10-29,987.3769695504834,182.8874430067356,190.86644199098205,222.36075799306207,188.58858143485153,477.04531591795796
2024-10-30,974.0254795909885,183.13302652206332,196.2432505097609,224.5746870343587,185.70734207834428,475.855256492728
2024-10-31,928.0295598242247,172.04840114926168,192.47497963245047,217.19878182162952,182.32570541026755,456.3804349985569
2024-11-01,946.483885215314,173.7504812007627,192.67745894167163,230.63387716105802,179.90450253979768,456.04261804682426
2024-11-04,951.0275731225402,172.94178225692508,190.37152327678612,228.12864073117018,179.1781193455839,450.83227035425494
2024-11-05,978.0100199738466,174.21198851314745,190.93392933624114,232.46329609580712,180.34032004906328,460.28013781687764
2024-11-06,1017.8546759933593,177.90404701222553,198.5492379949781,241.30738414623903,179.75116118020614,459.97455266956956
2024-11-07,1040.712955825516,180.12687520915898,203.31864313298124,244.75647145035575,183.59280951979488,475.77484974018967
2024-11-08,1031.9749136764597,178.9032677240889,200.61897658817873,242.5774800932987,183.37466502717098,473.8772207645379
2024-11-11,1015.4079515473137,176.98526387553085,202.86868719321825,241.01607675764777,181.16893908784658,468.91599086206134
2024-11-12,1036.5885751466321,179.11070234383172,204.29728736973556,243.42811046957937,181.16893908784658,470.2426775991551
2024-11-13,1022.4681238037975,180.02952478227323,201.21513495698525,249.47565470153216,181.8880268115984,466.3671116144691
2024-11-14,1025.8933030025535,180.74505238497082,197.50312368640857,246.42274117870144,184.39270574544975,464.08344137939287
2024-11-15,992.4799118119447,175.71083923181592,194.0273094875168,236.0871607210818,181.79105164640964,445.52527660799007
2024-11-18,979.6876762066852,176.0326026330729,197.18815971060764,235.02679755941162,184.23110114890633,445.78263744760636
2024-11-19,1027.640825968471,176.89210563497312,200.3602549456677,238.4176198298117,184.44116851351873,451.1619429756199
2024-11-20,1019.8117991585144,175.91828695214102,197.9530623527277,236.4017776791581,185.0228954320243,454.7240262805201
2024-11-21,1025.2642887451063,175.15888549940433,188.56047177920877,231.15824468451584,184.63506921484546,452.7700780263869
2024-11-22,992.27020478284,176.911009775196,185.33211693741492,229.69004406682112,185.7258164924904,449.5939866213332
2024-11-25,950.8177592635683,177.67043742909718,188.58294452970327,234.73549017082038,188.1496993317014,454.39430429957713
2024-11-26,957.1091837964464,181.5734939062969,190.23651403938018,242.2046158814978,189.91913628577797,461.1727070655891
2024-11-27,946.0644711571044,179.45226072490632,190.36024371792914,239.73433491584154,189.8141088071031,457.68303426159366
2024-11-29,966.4061598101366,179.65166468771454,190.0452797421282,242.23957134572936,191.7532026712092,461.7998698634726
2024-12-02,969.0624844554197,182.8420101874058,192.9024455482751,245.5255272234347,193.57919192862894,476.6834608517464
2024-12-03,980.456530760158,182.93533873553312,192.73370127496153,248.70659892845325,196.05154994317164,493.4244527596138
2024-12-04,1014.5691234308947,185.5741497214456,196.14202812859423,254.20648384745513,196.34242580968711,493.52894698620906
2024-12-05,1014.0798426396058,187.78023537423155,194.19601921394255,256.9913817711877,196.3666696009843,489.6290960891543
2024-12-06,995.7640755861371,188.18327478792287,196.52451399654203,264.5420643050748,196.20507741170357,501.56177406714403
2024-12-09,970.3876021268492,189.22267498562374,197.492984174848,263.44674567917303,199.36418982342664,493.3600878699207
2024-12-10,944.2422741140882,188.08145706248135,208.52926384814157,262.2232510910914,200.188317433116,497.9835995398207
2024-12-11,973.8829685482856,190.4827020894184,220.04976997386615,268.3057507872758,199.15412245881424,508.72611937342464
2024-12-12,960.1111030617775,190.72449953646864,216.17582016686666,266.8026124853415,200.34184490164796,507.2062886076736
2024-12-13,938.509783445844,189.75298655611695,213.76586382290506,265.04312225904755,200.4791808923688,498.8117051796831
2024-12-16,922.7804743045792,191.58573181522914,221.46869702180783,271.4169115638312,202.83033235768823,502.34456761441584
2024-12-17,911.5253068270628,192.80332613303497,220.07227727124845,269.342804379461,204.8017719556284,498.4817857604281
2024-12-18,901.1789410289118,185.56142905605654,212.16670566146624,256.9564263069561,200.4145390537514,480.5765494866172
2024-12-19,913.5526172148988,185.40868936731195,212.2905735275663,260.18409937095277,201.82038117468366,479.2729136724427
2024-12-20,941.6554957122833,185.22627685971443,215.55642901603468,262.08342923416507,205.61781003004356,470.9681153168076
2024-12-23,976.3995597274102,184.65354560381468,219.18266036427792,262.2465606605765,206.2480121238808,482.71712630511354
2024-12-24,980.2445803038441,186.38444693632076,220.84934041786363,266.8958329832897,208.61534265974862,489.0745412304874
2024-12-26,978.2171630861412,185.86686913179886,220.27501568212787,264.56537387455984,209.2778408583692,485.533682544121
2024-12-27,957.8041120818904,182.65108230132952,217.07671663269412,260.7201127891571,206.50655466382491,482.68499321984496
2024-12-30,961.1597450371685,180.23288512092853,215.36498743745608,257.86530393696137,203.76758938858933,475.7883742645578
2024-12-31,938.7893572080282,178.82014452955383,213.18025952831232,255.63971122092627,202.32940153382302,471.17730120831015
2025-01-02,966.8922357054126,177.5813403690447,213.32663469179468,256.6068538846482,197.02112789338142,482.2261959424699
2025-01-03,1009.9552483009878,179.60500041365088,215.98436131484416,261.23281663787645,196.6252121409284,486.56376757709995
2025-01-06,1044.6296592427698,181.51412206742648,221.7052222889265,265.21789958020554,197.95027057448294,507.1407390881089
2025-01-07,979.6853259496091,179.18922723398825,220.15113054258393,258.8091370311983,195.69605705256416,497.234567943891
2025-01-08,979.4757257503713,180.11833362951566,218.41685950307584,258.83244660068334,196.0919479904918,491.46453199654434
2025-01-10,950.1143914186239,177.73829844528183,216.26588390328357,255.11536147746043,191.36538886129307,495.6008646317276
2025-01-13,931.3789966472115,176.9916438590988,215.10597214639898,254.55605626976302,189.38589694986678,489.5412853999181
2025-01-14,921.1027112418739,176.3467807971927,213.5856499828518,253.74038135771397,188.48096083827437,478.2106955541951
2025-01-15,952.4213823985108,180.86076982820617,220.21868698161856,260.25402807940793,192.18950406371974,496.6148090827053
2025-01-16,933.7560680199118,180.12680970624763,217.2456681873343,257.1195577333675,184.42500185023306,491.9312268063971
2025-01-17,962.6977746337154,182.0147215173199,220.72545527831969,263.27196835801504,185.81468971514226,493.11432653113104
2025-01-21,984.5089081086206,181.78986312315132,223.0340683270074,268.83011831073367,179.8842787016122,496.0837493831595
2025-01-22,1028.131281888298,189.29905138028718,223.39442691333838,273.84059117050936,180.84574230202242,501.748994946443
2025-01-23,1029.179923863689,189.51540749655928,222.95523232911577,274.318339554997,180.70840631130156,512.1702332869394
2025-01-24,997.022424590633,188.39114172688076,225.466566515239,273.6541679546048,179.99738330829857,521.054463728546
2025-01-27,827.8458992520907,184.36081309287914,216.00688588567033,274.318339554997,185.7177517717416,531.025049122035
2025-01-28,901.7384090428811,189.72330063668176,219.93716439317916,277.49941126001556,192.5046113142697,542.6534253017444
2025-01-29,864.7571673660128,187.6571816049222,220.06103225927922,276.24097898769435,193.3933807625764,544.391622840503
2025-01-30,871.398406298689,176.058279774332,226.2097909852833,273.4094619249917,191.96328244308432,552.8492384495811
2025-01-31,839.3806939067249,176.08799189493175,229.75720360907883,276.9517519470647,190.67863446411263,554.603625929919
2025-02-03,815.5421966290502,174.33159682931847,226.6151987132666,276.64879866372695,184.22302402089483,561.266823440913
2025-02-04,829.4537955817169,174.94676087120706,232.41489568524054,282.0554630847806,188.09315943562092,566.6825563374798
2025-02-05,872.6567553031849,175.3370927200916,215.46634800617386,275.1922617207708,187.82653976766534,567.2298553381828
2025-02-06,899.5710446992856,176.4104234258848,215.7704297123272,278.29177660257955,188.43249807020538,572.9595151507374
2025-02-07,907.6804999103631,173.83522886749986,208.72070542672012,267.01234527073103,183.91599389835636,574.9954990234825
2025-02-10,933.7560680199118,174.88313134309723,209.99327458462335,271.6616175934443,184.1343741289714,577.3131286482127
2025-02-11,928.3731246767979,174.55221063482998,208.69819812933784,271.2188246731882,188.15435205521032,579.2444702156286
2025-02-12,916.7684098741511,173.53402027983236,206.7724682378073,266.7559933463714,191.5919578852838,583.7348591037016
2025-02-13,945.780090050901,174.17039416442424,209.62161916599152,268.4339267494556,195.36120984707367,586.2939557839368
2025-02-14,970.6672827189003,173.27521827698916,208.5968202871762,266.46468595778015,197.84436218015708,592.8202298255991
2025-02-18,974.5120896356,173.78857769401847,206.9526302575289,264.0992713848187,197.73922303611798,576.4842332551025
2025-02-19,973.3237141940505,175.96496432678694,208.64186942882853,264.0759795953256,198.06275481803476,566.3446900261692
2025-02-20,979.4757257503713,176.8959441055797,207.84229898483107,259.70636876645705,198.8392633535181,559.1584290672632
2025-02-21,939.7680256204728,173.52914686322606,202.32415914818432,252.36541901795948,198.61276877310348,550.0730089857877
2025-02-24,910.7563454437228,171.73948941921645,201.86242271969164,247.85598633216455,199.8664978534505,537.6640604398161
2025-02-25,885.2400851033428,169.14638636486157,197.54926105502568,247.96085272485934,199.81794823454268,529.1098481366204
2025-02-26,917.7471851164629,169.92432514151741,194.519930833676,249.7669620901234,194.41485829262047,542.1464530762555
2025-02-27,839.9400016758935,166.86360990343758,189.75632957281823,243.23002357893637,191.93977068028587,529.7053220854372
2025-02-28,873.2858763904993,168.7595392708622,191.76084364190874,247.35492837819183,195.61194821878544,537.7203797182974
2025-03-03,797.3662164566737,165.14621527125706,188.0783699603756,238.8953682142994,192.5302323117255,527.1381797939904
2025-03-04,810.8584547660643,165.19721583805375,192.48162990834626,237.47378673557483,190.83165323487427,515.0270175820051
2025-03-05,820.0163382927987,170.47267621380334,194.84651983721162,242.78723065868024,190.67797687919006,528.2809527435102
2025-03-06,772.9685182396975,168.71704098196201,194.09201580831038,233.8615680050467,190.34635556199905,505.3139411068663
2025-03-07,787.7889188717297,167.19518564081858,195.7924999915792,232.17198870721592,193.37145712940236,503.4871924852017
2025-03-10,747.87156512766,161.60515408348098,187.00967926064826,226.68374968296052,183.99688925109825,481.2203958218598
2025-03-11,760.3151614616596,161.7284436632713,184.9464354823484,229.0724738254071,178.6261202284847,487.4329403858463
2025-03-12,809.1851785577768,162.92719934376564,188.40770544148893,231.75250535644483,175.50396905231653,498.5783330949677
2025-03-13,808.0665096045058,161.014265420548,183.5033256129676,225.92635758462006,169.59936514518265,475.30563759185975
2025-03-14,850.6441406989412,165.17597979418593,186.58124603196606,230.65718673054306,172.68109345950526,489.3888136635209
2025-03-17,835.6825109826111,165.23549573946138,185.2282862662216,228.082039372192,173.09359772217545,487.21417873621465
2025-03-18,807.0178142141812,163.03348436776295,181.14695149193759,224.67957120704543,172.03401748840898,469.0593310765312
2025-03-19,821.6298431904473,164.8614086125979,184.77734574015713,227.84897923732547,174.096576023548,470.4286151294264
2025-03-20,828.691083745602,164.44479699566966,183.54842657495158,227.1614980674482,173.17449307491734,471.99124064929066
2025-03-21,822.8882456098767,166.32374800846586,184.8900722349513,228.6296986851429,176.54738262279733,480.2469755844082
2025-03-24,848.826430510343,167.09741599530003,189.05036392123412,236.8445528194222,178.5371353404686,498.4500475517835
2025-03-25,843.7926071728912,167.98162669537092,192.29740862931163,239.69937945160993,180.97987721896914,504.4587370586899
2025-03-26,795.3421643797842,165.77534453385084,186.09643228244292,234.36262595901943,179.18424853335299,492.1112411873101
2025-03-27,779.052212096012,166.03467055998505,182.91704765406337,234.63062377812562,181.06077257171103,485.34542511368437
2025-03-28,766.7473343444335,161.0270253876839,173.99894131062428,224.56304113961215,176.2481194467031,464.5327616177947
2025-03-31,757.7283830598544,159.5774459589518,174.34845217419544,221.6965686126779,179.6695462062282,464.22663351512875
2025-04-01,770.1032343743792,162.46811563910174,177.0881412884797,223.922161328713,180.52691287266532,471.99124064929066
2025-04-02,771.9908112960567,162.44686649465166,177.0543026119088,228.39663855027635,181.0931183055451,470.3239234645191
2025-04-03,711.7250386173278,158.60821247991598,169.92886882175335,207.88860906144845,164.34993915168195,428.1910812918932
2025-04-04,659.3593880251063,152.96715415461713,164.1563429770107,199.25425379640612,152.3709131329697,406.5326167474334
2025-04-07,682.6406607160205,152.12545484402872,165.45287040158252,204.2181252972037,146.77368675172963,415.8113042565109
2025-04-08,673.2722689361782,150.7226444940185,163.1416145159804,198.8580800151201,139.46166500130184,411.13976571723106
2025-04-09,799.3272923269113,165.99641685974197,178.93715981571654,222.67537495113837,160.83955231866616,471.8059941531112
2025-04-10,752.0653318052211,162.11101996744898,172.29648795475256,211.16290126441527,154.02094259091314,440.0068757892134
2025-04-11,775.5565251849742,165.12922381604633,177.16706365359076,215.4159820258505,160.27334688578637,437.81614963948385
2025-04-14,774.0183887585601,164.85715092335852,179.34305120012866,212.2116007513469,163.8080271391501,428.0782452966184
2025-04-15,784.4355293436606,163.97295332386992,176.23129210455926,209.26357140120297,163.50064961325631,420.0561292441062
2025-04-16,730.5318491548923,157.97055473826117,172.87148635479983,203.13447034604044,157.13501663906982,404.5834070127867
2025-04-17,709.5575674438651,156.34244057428498,170.42494485668956,201.13027409013338,159.32700773859585,403.91493024812934
2025-04-21,677.5370240604229,152.66109835150786,166.49014070688287,194.96621757073927,156.23720229626176,390.36728091782163
2025-04-22,691.3799314085485,155.9343574364178,170.77443844681684,201.79444569052555,161.55942169996743,402.94837099201766
2025-04-23,718.0871311072882,159.15235826529164,175.1489381107188,210.44046463030642,165.49043955271569,419.0492925723584
2025-04-24,744.0950759109667,164.64034938728904,179.57980102201785,217.36191324804093,168.5397725041535,429.42344187545666
2025-04-25,776.1157795392094,166.57455865612133,182.60135819361923,220.21673988022866,169.27584577052855,440.7962835199352
2025-04-28,760.1754279955011,166.28123661898337,181.07930868568351,218.71358379830235,169.9714465460073,442.78572131063993
2025-04-29,762.2028986281376,167.5055122337495,180.5719703653342,218.35236548124794,170.83691515498128,446.5713541442363
2025-04-30,761.5036971480098,168.0241380848534,179.0386412985415,214.89163228238465,171.88034113272477,442.18965504688725
2025-05-01,780.3106145154414,180.8365730527442,181.85723550449296,221.6266576842147,172.54358376710675,460.88410161310804
2025-05-02,800.5158280132615,185.03654112662517,184.9351904703792,221.37030575985506,166.09705544017834,480.8672280413737
2025-05-05,795.7616852678608,185.41488594272806,185.13813616258525,217.14053456790487,160.8719104597629,482.6795143066886
2025-05-06,793.8040813683036,184.19909950527617,184.03320577758697,215.5791134522619,160.5645453411318,473.04630162873036
2025-05-07,818.413783456527,184.21611716165143,170.67299151087965,219.8904770274058,158.7365461071562,480.69802340803943
2025-05-08,820.5811478001227,186.26507443063068,173.9425780632272,223.81729493601824,159.73951200126604,481.66463202372915
2025-05-09,815.5473778776044,186.50312511115027,172.21758286308543,224.95921492089815,160.58071200441748,477.218469317531
2025-05-12,859.9427725755713,190.97942376695846,178.65529175839944,243.1134935115031,170.72078317619847,515.0261291096014
2025-05-13,908.3930551238776,190.92841009957948,179.86165180589106,246.29456521652165,172.45397851595615,528.3965035155743
2025-05-14,946.2168105475799,192.5437773970021,186.44594314601406,244.9895138052303,171.96803566542104,531.0786536237273
2025-05-15,942.6509364138616,192.97816650407754,184.85626810526816,239.07014553545736,171.25532527469213,518.610424224595
2025-05-16,946.6361177759223,193.46366098260785,187.37045240963246,239.5595398146916,171.1014255882795,515.7591188426858
2025-05-19,947.8248137070732,195.4227089554336,187.76506423518762,240.22372919507578,169.09286346036941,515.8315787031685
2025-05-20,939.5049036578213,195.124592105183,184.8788272229821,237.7884036936511,167.53783641284693,513.1494779545934
2025-05-21,921.4672147483974,192.73968350434288,190.0425159911066,234.35096228428088,163.6745622143887,511.8606993733925
2025-05-22,928.6681887697105,193.71494325122524,192.64691949288277,236.65812960351772,163.08333133266223,512.722616324175
2025-05-23,917.901340614679,191.72183376448442,189.9410345082816,234.199494532608,158.15099775174198,505.0627502144982
2025-05-27,947.3352124261831,196.19780490573575,194.93565080765873,240.06059776866434,162.15194293701373,517.3538280882406
2025-05-28,942.511096117836,194.77962757271692,194.32683100448443,238.5457957919915,162.32202169397473,518.3688090903561
2025-05-29,973.1335570306237,195.34178665872074,193.76309488985027,239.6877157768714,161.9413544673683,519.5526985683377
2025-05-30,944.748540854245,196.05726185908924,193.62780927734215,238.88370453956088,162.67028115043365,521.5179995254076
2025-06-02,960.4791319539149,196.74292013419975,190.57243070261373,240.79468029751973,163.3586981208146,540.373506394595
2025-06-03,987.3261185337467,197.1688069633787,187.35920739766328,239.69937945160993,164.63025643764783,537.1114799642686
2025-06-04,992.220101575173,197.55210379958152,189.46751759105933,241.4705155726504,164.26581791064055,554.1064269008713
2025-06-05,978.7267415521778,199.17468951783766,189.64792143899533,242.26288091521445,162.49210045093577,551.4242274331403
2025-06-06,990.8219122746516,200.32456692586388,195.81502456240537,248.85808446011808,165.15669659360464,561.9675320099948
2025-06-09,997.1840581795457,201.33390128724358,198.7725318040808,252.83150372770868,163.15621159370605,559.0276261856017
2025-06-10,1006.4826366412423,200.554547647702,201.6058775311101,253.565604036556,164.14431358711272,565.7450698728015
2025-06-11,998.6516868936778,201.2785382265493,200.19484444702394,248.4269374346085,160.99376218664605,559.0920897944507
2025-06-12,1013.8240919377836,203.94026213086082,198.33230081322512,248.47355657357863,161.33393210783078,558.4638410858515
2025-06-13,992.6386609944459,202.27508641962854,197.16962530531893,247.14519559280225,159.1066795677384,550.0146166050309
2025-06-16,1011.6565139344539,204.05525904207101,199.54012910344693,251.80611381026208,160.7021915134199,565.954650640928
2025-06-17,1007.6711189126589,203.58679532049823,198.614497065976,250.3146214030743,158.4506455529796,562.0129921813194
2025-06-18,1017.18015221253,204.52372276364383,195.64574481233137,247.6345898720365,159.21196759892976,560.8361117634116
2025-06-20,1005.7833283312474,203.31422460568396,188.1052647125047,244.33698809958466,162.7917730666988,550.0186640904258
2025-06-23,1008.0207730676565,206.97678059347865,186.468502263728,242.9154066208601,163.19670889912777,563.0609947411072
2025-06-24,1034.1004007121546,208.72712319008087,188.2520198917525,247.92589726062775,162.22483560532027,574.0798294922738
2025-06-25,1078.9184143643438,209.64703297685122,192.6656611794981,247.01701963062246,163.24533296161175,571.2424435113564
2025-06-26,1083.8827982881849,211.85307932789033,195.8940505681797,252.9946351541201,162.7917730666988,585.2760625667203
2025-06-27,1102.9706247911392,211.20999794517368,201.52685152533576,260.1957630456913,162.85656379246842,591.3537567636504
2025-06-30,1104.648601513579,211.8360616715151,198.9305665421856,255.63971122092627,166.16907960009655,594.9488616262229
2025-07-01,1071.8566396598537,209.55333761242022,198.49033555132988,256.8865153784929,168.3153499366082,579.7383621529513
2025-07-02,1099.4747242203673,209.14449464078103,201.650995766538,256.2572814623403,172.05711981153863,575.184151330543
2025-07-03,1114.0875544206367,212.44505533915213,202.6556365363394,260.3239390078711,172.956125251565,579.5691575196171
2025-07-07,1106.396551798965,211.96807623910055,199.56268822116087,260.3938499363343,170.040443333829,579.0371106285115
2025-07-08,1118.7022841894802,211.4996125175278,196.81968260565063,255.6047557566947,170.0890425817876,580.9070982404915
2025-07-09,1138.8389663275598,214.43392023723584,199.3707975330413,259.31017720517906,171.0042519068877,590.66869518079
2025-07-10,1147.369117555252,213.56937351115977,200.4996170909327,258.98391435235624,172.0328263911907,586.2030354412876
2025-07-11,1153.1024628624327,214.3529848399407,203.40069199143548,262.19995930159837,171.0204309774361,578.3599959377067
2025-07-14,1147.159410526147,214.2252279615946,204.94713160213695,262.98066096942387,168.96325719430473,581.1087321165621
2025-07-15,1193.5155606047506,215.41768226201467,205.44381220760917,263.74971674250276,169.36012830598492,572.620809726601
2025-07-16,1198.2002639365405,215.33250227606243,206.53877581548574,260.06758708351146,170.2105469053154,566.5913891969407
2025-07-17,1209.596874158089,217.92184546330438,207.2273298356337,260.871598320822,170.09715693158716,565.3823263341862
2025-07-18,1205.4717456701355,217.21914333065405,208.89796550786906,263.49336481814316,171.03663486250983,567.6957603947878
2025-07-21,1198.2701306696197,217.22341412047572,214.58719880619776,267.18714037188096,172.08952758168616,574.7004274662853
2025-07-22,1167.855347018462,215.18345695151942,215.98691778453917,265.0547681537941,173.64454222194595,568.122967542252
2025-07-23,1194.07502861872,215.43897070821157,214.73395398544554,266.01024714277753,173.4420681021001,575.1922463013326
2025-07-24,1214.7709651110347,217.57263634218117,216.92384665431098,270.6012544317741,173.12620400852603,576.1755384543814
2025-07-25,1213.0928815587279,218.7778637103194,218.06392849761545,269.6807309070223,173.2233900971805,574.466660504946
2025-07-28,1235.8165557583468,218.26256540711336,217.3866540363245,271.25378013741977,173.3610858985194,578.4567407105583
2025-07-29,1227.146457404762,218.29235613120676,220.96498612467434,269.17967295304953,171.1095275308164,564.2457726914927
2025-07-30,1253.4361125679663,218.5776999137392,221.84544810638576,268.2241939640661,169.31154146528905,560.3847677823123
2025-07-31,1243.6475055059113,227.20599231113727,216.6190394635145,272.79189168357766,168.11287581676234,623.4432575248368
2025-08-01,1214.6311248150091,223.20698716935522,213.49223519832114,250.23304679987257,163.90945651164475,604.5571477172984
2025-08-04,1258.5401231280987,228.1173998200111,220.1635328752934,246.62082806934444,164.69505957068017,625.8050146122861
2025-08-05,1246.3741242037418,224.75717906995953,219.74587827559554,249.06781724550763,164.34678770695857,615.3987322239193
2025-08-06,1254.4848613732245,223.56046708030007,221.34876750091354,259.04217938607286,172.71315382629746,622.2744720777187
2025-08-07,1263.9240279400165,221.81439527351952,221.83418582097266,259.9976761550483,178.20433533332206,614.0847802579458
2025-08-08,1277.4182426019484,222.32539658573933,227.36533256086494,259.484972306329,185.75269062347797,620.1061058168165
2025-08-11,1272.9434599589974,222.21045207685825,226.89124561999444,257.86530393696137,184.20400368719032,617.3413277751158
2025-08-12,1280.6345694105362,225.39174507419744,229.53266611201636,258.0633908276044,186.20675921616126,636.7916669186061
2025-08-13,1269.6572664173302,221.70366915213097,227.97491239557016,261.66394588339404,189.19060663511874,628.7955633636924
2025-08-14,1272.6637793669463,222.51281351576594,229.08113828885982,269.14471748881795,188.74465239223503,630.4479245963342
2025-08-15,1261.6864763737403,221.52903839040482,230.16480506443554,269.2029825225346,187.77976438732222,632.9467532318492
2025-08-18,1272.5938058039999,220.2216002793568,229.713277241279,269.73899594073896,187.2121817482838,618.550439997448
2025-08-19,1228.0555795737287,217.09988873020444,227.53468140471446,265.68398428995465,186.94460672110105,605.7420243868398
2025-08-20,1226.377496021422,215.37510536962083,224.99484603618077,260.79002371762033,183.255331974614,602.7111982197974
2025-08-21,1223.440742975018,215.09781844518753,225.48022980935212,258.62269603530183,182.355309139047,595.7628997863594
2025-08-22,1244.4864404521975,216.3733042360667,232.63689398605186,266.6511269536766,184.67428857221003,608.410107015267
2025-08-25,1257.2116937307894,215.10636002483085,235.34604365154732,265.602427466745,184.18779980211656,607.2090897637243
2025-08-26,1270.9158290815603,214.15934513333346,233.82214588511587,266.4996592020037,185.93106983917892,607.8539232905267
2025-08-27,1269.7272399802764,216.16427134528635,234.20594453479896,266.97738980649945,186.88786830881753,602.4372032024
2025-08-28,1259.7287122293824,217.40134622893515,238.90179934873936,269.86717190291876,188.5662607692714,605.4438431762296
2025-08-29,1217.8472379638627,216.1429435973426,240.33540882398336,266.8375679495731,188.22571863020593,595.4405817421142
2025-09-02,1194.07502861872,215.47320252969624,238.5744675871167,262.5728235133993,186.2635100357075,592.5467777635595
2025-09-03,1192.9561994206483,215.57131279035394,260.3718091522824,263.3302333917317,193.3582682091624,594.1105385537174
2025-09-04,1200.2278948139774,216.6889627659836,262.2230732272243,274.6212928383348,194.42042915356848,603.4609208498189
2025-09-05,1167.7854802853826,211.15624625609922,265.2708687600871,270.7177844992074,194.34747444894847,606.5239294617079
2025-09-08,1176.8050191342309,212.5213007279928,264.42348542341574,274.80773383423127,192.87988138160577,606.4029984956435
2025-09-09,1193.935081492827,212.6108694090072,270.7391919845693,277.6042954327023,190.01766235880302,617.204305586628
2025-09-10,1239.871924343088,213.44696167038188,270.21948587839825,268.38732539047754,183.88777978299822,606.1450947006693
2025-09-11,1238.8228550482288,213.7199778049935,271.57526121549597,267.94453247022136,186.5148811778165,605.2745891833174
2025-09-12,1243.3680385735943,217.51225575847556,272.06109409820834,265.84711571636615,189.79063426609272,609.0549899016473
2025-09-15,1242.8784372927043,219.84136897940635,284.27445533160824,269.66906723228374,191.92309531922987,616.3982636781252
2025-09-16,1222.8106604189,217.14540015302794,283.76604605773804,272.7219807551145,193.0987951245165,627.9250084867624
2025-09-17,1190.715977107695,217.5634397334241,281.9244205644841,269.8904636924118,193.77990421717274,625.2810626919702
2025-09-18,1232.3202278681065,216.89371176636004,284.7489913820197,269.4360248774092,192.87988138160577,628.932536192602
2025-09-19,1235.3267408177226,220.93767810650996,287.7882192867156,269.7273322660004,199.05838801989455,627.4252427596595
2025-09-22,1283.8533533060672,219.4531987265972,285.3139020908381,265.2412091496906,207.6369431457659,617.1853021491037
2025-09-23,1247.6332210173075,217.2264534555635,284.33095676655637,257.17782276708414,206.29909282437748,609.3128443370434
2025-09-24,1237.4244520879731,217.61889449819432,279.2241667225894,256.5952079899017,204.58012861492577,613.5555468627854
2025-09-25,1242.4589164046274,216.28798014370946,277.6988870806472,254.19482017271662,208.27749289668702,604.0778662150594
2025-09-26,1245.9551374650007,218.177712935718,278.5462358704309,256.0941500359289,207.13425049059867,599.9157678801678
2025-09-29,1271.5468731064825,219.51716886984616,275.7330137055277,258.8790479596615,206.29909282437748,599.6335298132468
2025-09-30,1304.6203316599992,220.94621968615326,274.6596937228391,255.8494617863078,206.46125574774197,592.357829299031
2025-10-01,1309.235381918444,221.6969878551707,276.6933653652077,257.08460226913587,207.12612373353642,578.6132599323503
2025-10-02,1320.7725802450877,220.00347558447757,277.58591875763864,259.15870945350616,208.48831710432356,586.4453909691963
2025-10-03,1311.8922407130628,220.69023430849919,277.2017746390778,255.77953307785265,209.20994831692693,573.144416129871
2025-10-06,1297.3484226069359,225.47647964035232,282.94125638566834,257.3992014472202,208.13157108018436,577.2581420783368
2025-10-07,1293.8522015465626,223.51846661352633,277.66499658374465,258.42460914465886,207.9612938070203,575.177092910891
2025-10-08,1322.3108235013688,223.88960610937795,276.37700224045204,262.433001656473,209.2423809015998,579.0165770440697
2025-10-09,1346.504156182595,222.84449405780515,272.88584922339027,265.3693851118704,205.98284410566,591.6561335383894
2025-10-10,1280.7067864006915,217.96442235569825,267.2819294644101,252.12071298834636,198.87189445439404,568.9016642445511
2025-10-13,1316.7870783934256,219.28256364246494,275.84598202853624,256.4320765634902,200.80978481401917,577.2903738827614
2025-10-14,1258.8208720188209,219.07778844092394,277.31476023553034,252.14402255783145,200.89896821823828,571.6038543413662
2025-10-15,1257.4224690585652,219.01808908749666,283.61916996438305,251.188543568848,202.1719657775436,578.7826126444184
2025-10-16,1271.267085684564,218.24169617954925,284.1049855736515,249.90678394704977,200.6394951335924,574.3624130762407
2025-10-17,1281.1263072887682,219.08207233132785,286.18386181866737,248.24049643871206,204.56389991532663,578.2744557890579
2025-10-20,1277.0707250442927,220.45138449246085,289.8557814259867,252.2488889505262,212.63164803623118,590.5752574996634
2025-10-21,1266.7222226488,220.82249778714788,282.9751641560148,258.71591653325004,213.06138598677845,591.4625452735304
2025-10-22,1260.5689291340739,222.05101799057113,284.36484726345896,253.961777817842,209.55864202758,591.5754306283832
2025-10-23,1273.714451109812,222.059585771379,285.93529696116076,257.6205979073483,210.47484393369533,592.0513556793192
2025-10-24,1302.382780093723,223.36065699944135,293.6632975678041,261.2561262073615,213.1019329212509,595.5681268916287
2025-10-27,1338.9525665374804,226.73489537252718,304.2270794570646,264.47215337661163,217.95878071596232,605.6185267227203
2025-10-28,1405.6588448286166,231.23525979797458,302.1934423615838,267.12887533816433,218.11282928952727,606.1186379668692
2025-10-29,1447.6825096472378,231.0134407388938,310.2151951549372,268.3523699262459,218.68043674309106,606.3041806205165
2025-10-30,1418.6645265083293,224.2778025633516,318.0222735876865,259.683059196972,220.05883399895194,537.5809882700664
2025-10-31,1415.867613757951,220.88648103097916,317.6945618102984,284.57236318940693,219.22367633273078,522.965222351942
2025-11-03,1446.5637872790332,220.55375244235793,320.55304039818054,295.9683068086968,218.1534010385251,514.3829738084505
2025-11-04,1389.2968892144231,219.4019885504841,313.57073436405705,290.515041028665,218.95612612007338,506.0022604218738
2025-11-05,1364.9638230670387,216.34343490847968,321.2196225977066,291.5404309461116,219.03719517449295,512.9632936264321
2025-11-06,1315.108888011252,212.0520509714835,321.7167523127198,283.1973830696605,218.7371875626373,499.2428610933862
2025-11-07,1315.5980619726736,211.93261296288205,315.02816391841856,284.79375964953505,217.68311615350538,501.477171750477
2025-11-10,1391.8142282026176,215.8486128153695,327.7612830783211,289.44301419225627,218.67326534525597,509.58359396218833
2025-11-11,1350.6296051601498,216.99182202701772,329.12837252116367,290.25868910430535,223.39688395319706,505.8087215165928
2025-11-12,1355.1046014628348,218.04120486841217,323.931173271902,284.5490536199219,221.95223191456904,491.23323301410437
2025-11-13,1306.5782026342242,214.692578133674,314.73448082548407,276.83523965962337,221.5301616523645,491.9430731051135
2025-11-14,1329.722572850458,217.63169376707702,312.29401957962136,273.4677269587084,221.0919123196116,491.5962233506096
2025-11-17,1304.7602787858918,216.48420066502484,322.02176678484295,271.34700063536803,217.07439103138535,485.5869415287673
2025-11-18,1268.1206256090554,210.64008331446306,321.18573210080405,259.32184087991754,217.0581623317862,482.1024514804603
2025-11-19,1304.2008107719225,207.79480715189607,330.8231046476187,259.484972306329,217.96719284006647,476.1576826270451
2025-11-20,1263.086161292401,204.46981386758205,327.02691988499,253.01794472360513,216.09235618943435,475.2140262151187
2025-11-21,1250.7797879226832,201.77305900626715,338.56236753967517,257.1545131975991,220.34519362184807,479.3277028040066
2025-11-24,1276.4414971271112,202.57654391835928,359.938599816366,263.6681421393011,223.94069427692057,494.49195235270577
2025-11-25,1243.3680385735943,203.8543747134657,365.42955125233766,267.6182696173986,224.7928498930277,513.1810680845041
2025-11-26,1260.4289820081813,207.49135836465956,361.48650766979773,267.0240089454696,225.26360625402964,511.0758820834234
2025-11-28,1237.6342659469449,210.27359452531908,361.74633481271746,271.75483809139257,226.31869505870216,522.6426081502289
2025-12-01,1258.0516969757466,208.02130311884906,355.76961958780896,272.52389386447146,229.76806297380622,516.9318530560428
2025-12-02,1268.8199339190505,209.4145631443808,356.8089972532633,273.15311000063207,232.2759429814317,521.9569542524325
2025-12-03,1255.7443855062584,204.17064897074945,361.1249399423948,270.77604953292405,230.62024340443875,515.9074443745321
2025-12-04,1282.3163920081913,205.4997816460449,358.85400027482046,266.96574391175295,227.82017236045257,533.5963869776106
2025-12-05,1275.5335500866825,206.4912992155306,362.9778277210619,267.45513819098716,226.2618697955798,543.1869529801894
2025-12-08,1297.4906131600374,209.8504850195824,354.679527091108,264.37893287866336,225.53954377626576,537.8471844741422
2025-12-09,1293.434817255828,210.27785221455844,358.47819922965624,265.57911789725995,224.9633008678694,529.910164334077
2025-12-10,1285.1135184183036,204.52536033642818,362.0168714908459,270.0769046883083,226.2618697955798,524.4009937563835
2025-12-11,1265.1842998821198,206.62378540407795,353.2211302238889,268.32906035676086,225.65316948798514,526.4820922834074
2025-12-12,1223.8576999462846,204.5125479669632,349.67116113039833,263.5632757466063,225.85605304749978,519.6420394044915
2025-12-15,1232.7382531380438,202.9269844942163,348.46146730823693,259.31017720517906,222.47162474531765,522.713685942528
2025-12-16,1242.7378491876088,203.5979701171788,346.59603900930927,259.33348677466415,222.8774414933977,530.4957663672967
2025-12-17,1195.3275019805255,203.48256708791808,335.45998792413536,257.8303484727298,220.62927030840916,524.3201427676433
2025-12-18,1217.7040859419574,206.84175289196992,341.9494135104414,264.2274473469985,220.91334699497028,536.3887570234052
2025-12-19,1265.6040344299308,207.67086254299204,347.2630703183763,264.9149462968677,222.1145437250858,531.803499026444
2025-12-22,1284.484183671255,207.243495348016,350.22515502268135,266.1733785691889,219.92317298869432,534.0073548239177
2025-12-23,1323.0838444196584,208.06833420921643,355.3917802762663,270.49638803907936,221.05131575608837,536.7843246813808
2025-12-24,1318.8881013895561,208.5683441329075,355.0978208082296,270.77604953292405,222.22814462227979,538.891287627269
2025-12-26,1332.314051766415,208.43587104494242,354.442155425239,270.9391809593355,221.8954066514467,535.4523564694426
2025-12-29,1316.1609485423899,208.1751694576693,354.49867413363097,270.41483121586964,222.18759768780734,531.738936698439
2025-12-30,1311.4059511580524,208.33757737613286,354.82652409857025,270.95082685408204,221.63564819975892,537.599695550123
2025-12-31,1304.1335079556536,206.687899653732,353.86553332146644,268.95829427291346,220.64549900800833,532.8690735959946
2026-01-02,1320.566398601597,202.12351268270643,356.2962177980902,263.92449406366075,219.955655202418,525.0547120072233
2026-01-05,1315.4617470622622,202.08504937314697,357.86772117586895,271.5683970954961,216.91210403539395,531.8196396084453
2026-01-06,1309.3082398878018,204.5040063873199,355.38048344396543,280.7387479987508,212.93517931069096,533.2969224179727
2026-01-07,1322.3844292797964,206.62378540407795,364.0179999649349,281.4728483075981,211.2875940834975,523.6662270784917
2026-01-08,1293.9242048769838,204.33304378863073,367.92970952026724,286.9843791213466,210.24061962862456,521.5431235506022
2026-01-09,1292.6655353828864,204.83307991348636,371.4683817814569,288.2544928483983,210.50844280106116,527.1940054766919
2026-01-12,1293.225003396856,203.93558522298864,375.18790700012363,287.1941296867281,211.22265447057558,518.2413626599975
2026-01-13,1299.3086438382368,201.15337526349367,379.8344979521037,282.68469700093317,211.8719513416935,509.45836871283916
2026-01-14,1280.6382016260172,196.3282998057773,379.6875354915292,275.75156692846815,210.9872886973373,496.88919897672656
2026-01-15,1307.9794900008912,195.1658327381848,376.2280446971089,277.5343667242472,209.566979708108,501.15154661450674
2026-01-16,1302.2455037145078,196.53342872303975,373.0850724884391,278.629685350149,207.3918376713156,500.7075572105274
2026-01-20,1245.185428272591,194.25122868723585,364.0405936295366,269.168027058303,200.22529107593363,487.6863524592237
2026-01-21,1281.8969779499816,189.80223164488882,371.2535692333018,269.5292453753574,200.99632800857043,494.8226121656306
2026-01-22,1292.5256950868609,192.80670608326193,373.6955505422264,273.05988950268386,201.56445656716727,522.8105294345355
2026-01-23,1312.314966497152,199.1361476047845,370.74479721711003,278.67630448911905,201.31284968706714,531.7954534152324
2026-01-26,1303.9238009265487,200.98668345462616,376.7707072102032,277.8140282180919,207.29446547372078,542.7742081890749
2026-01-27,1318.2587666425075,205.38867560777038,378.22910407742233,285.1083588276193,209.6156658069054,543.266668698636
2026-01-28,1339.2367339839495,205.83740985243702,379.8797198281949,283.1624276054289,208.13041720475414,539.8438287632329
2026-01-29,1346.159523031351,185.26777950436176,382.4122139830774,281.6709351982411,209.62378015670495,596.0135477233697
2026-01-30,1336.5096879666505,183.89589962910287,382.1295513473416,278.83943591553043,210.59775027790718,578.4070356155269
2026-02-02,1297.910027218247,180.9384562810971,388.5624236783678,283.10418035170426,219.14402170625794,570.2616686967849
2026-02-03,1261.058637244831,175.7415469966686,384.06279518696215,278.04707057296645,218.7138867233046,558.3867907846161
2026-02-04,1218.053846926822,177.0151463037002,376.5220041651455,271.4868402722864,224.4032618445468,540.0538044079831
2026-02-05,1201.9007437027967,168.2453676177318,374.49828202645483,259.484972306329,223.9325551125956,541.0386760675274
2026-02-06,1296.5116242579916,171.43787471349845,365.0128466920534,245.07108840843205,225.7261986361813,533.9750736599152
2026-02-09,1328.887590609254,176.7629862960704,366.66349698971374,243.20671400945133,223.0941219290241,546.6975542452508
2026-02-10,1318.398606938533,176.62194542729742,360.17403685652,241.1559163945661,222.33047972495083,541.4502855883483
2026-02-11,1328.9576710020676,172.81828306781836,351.55914854703997,237.80004958839763,223.80900359072388,539.8115969588083
2026-02-12,1307.2104217876843,171.73702650974874,349.3433111654591,232.5798261632404,212.6226403635179,524.5703958280297
2026-02-13,1278.3305696669279,171.51480133261742,345.6350482322055,231.63597528901155,207.78899415003767,516.46540504408
2026-02-17,1293.434817255828,169.6086928127651,341.4519383265505,234.3859177485125,214.36923554698132,516.0779323568939
2026-02-18,1314.482651330349,170.77970146000095,342.9329979521468,238.62735261520123,214.75105664901798,519.2504698723327
2026-02-19,1313.9232901462467,170.6811850812927,342.3903354390525,238.70892721840292,211.68837348292521,520.5098301450543
2026-02-20,1327.349347352973,170.1543189639378,356.1040680083123,244.82638237881892,214.9378852106111,529.2929228113685
2026-02-23,1339.4465478429213,164.68853332889663,352.15836431541413,239.18667560289063,216.2376700500652,514.4311487565644
2026-02-24,1348.5371285533868,166.62897847489177,351.4913675532348,243.02027301355486,221.07945542787033,516.0860273276835
2026-02-25,1367.4871445277904,171.59785902424113,353.75249590468235,245.44395262023295,222.77731488348556,527.7025572086764
2026-02-26,1292.8753492418584,172.07761544773498,347.51177336343403,242.27452680996095,221.73746219739695,530.38273293371
2026-02-27,1239.0318142682638,168.2310093795584,352.4636551626394,244.69820641663907,214.6129390007476,523.2545188385149
2026-03-02,1276.0230445377053,170.71972699434585,346.53948575402944,242.82218612291183,215.05161018043202,527.5976187458792
2026-03-03,1259.0307927076599,173.0242635229287,343.2156260409949,243.21835990419785,214.26362492696,528.8246978545983
2026-03-04,1279.9388933160226,173.5682783024816,342.70692311857863,252.64508051180417,213.26439361891997,539.0366022248583
2026-03-05,1282.0366045862731,175.91564063452145,340.16316667828306,255.11536147746043,211.4528091934839,533.2565956427586
2026-03-06,1243.437264327471,175.17887698795604,337.49500689512695,248.43860110934705,209.15376823146445,520.5743924730592
2026-03-09,1277.2117404688563,175.37163895555082,346.60239563665897,248.76486396216987,211.11972381929542,522.6167930909425
2026-03-10,1292.036200635838,173.80816306451965,347.3717548273014,249.74365252063834,211.89148037316826,528.0093763454341
2026-03-11,1300.9173948067998,173.43120691013794,349.249827287153,247.7860576237094,211.87522685904378,528.6471020930065
2026-03-12,1280.7075342097612,172.13757681280782,343.4232873833816,244.1505471036882,207.77274063591315,515.1819079377235
2026-03-13,1260.4975667828553,169.4346777784059,341.98648232101885,241.9832194213697,203.19096185504955,495.4280073896224
2026-03-16,1281.2670022237305,171.3194323491499,345.6973362708552,246.72571224203122,205.38437978978502,506.95356756838794
2026-03-17,1272.245860926876,171.0881153679197,351.76142057493445,250.75739654333842,206.52981828136956,503.08343113728046
2026-03-18,1261.5465292478475,167.8240790929314,348.1071198803779,244.54672088497423,203.0447422642423,497.44390191412737
2026-03-19,1248.6792990758881,166.63753315511738,347.47356450556015,243.25331536842944,202.24861784644537,490.1884388268857
2026-03-20,1207.7000030379743,163.57482662853175,340.5383458794675,239.30318789033197,201.46060777844798,479.652636905885
2026-03-23,1228.2596246198777,164.05886694242955,341.7376065415223,244.8613378430505,204.30391813291044,488.05541402382124
2026-03-24,1225.1826039579798,159.6639622042961,328.59123751011253,241.48217924738896,204.4257698597936,479.0547443377468
2026-03-25,1249.5184476819088,158.93577943912084,329.1455768712732,246.6907567777996,205.22189427759054,480.6464426490447
2026-03-26,1197.4902726398361,156.76403041247772,317.82072704443516,241.83173388970482,205.44124227469544,442.3895613377285
2026-03-27,1171.4760248739992,152.82317875541455,310.37639093327294,232.27685509991068,202.11862695523726,424.75989958781054
2026-03-30,1155.042386418986,153.7612721503826,309.4260405976024,234.15287539363788,200.35577825764932,433.37280042923084
2026-03-31,1219.5882443078879,158.56310717514305,325.33291324317804,242.68236426598548,206.17236504325697,462.2572850726641
2026-04-01,1229.0289064928188,158.22042214399283,336.4541782603863,245.36239579702323,207.66714242315453,467.9938058665586
2026-04-02,1240.4974132149214,159.97237611221487,334.6213622235137,244.4302085975329,207.90273152712126,464.1398593770303
2026-04-06,1242.2456839899087,159.7239366699512,339.3956730195802,247.94918905012082,210.2910923732494,462.9764047643345
2026-04-07,1245.462544947832,159.47121333728361,345.5841952134078,249.0911268149927,205.93678834655296,464.6165248216361
2026-04-08,1273.2949302217355,160.34504837619266,359.00210278269134,257.80703890324475,210.32359940149848,494.8099267540883
2026-04-09,1286.0921868307485,159.80533058762597,360.3257667876067,272.2558782653733,211.61526989115296,507.71306339485056
2026-04-10,1319.0994108666673,158.86295330225394,358.9115899367334,277.76742685911375,211.60715554135336,508.90070420075926
2026-04-13,1323.8546219107388,164.64570752543952,363.5162064200727,279.5269170854077,210.56732766979013,512.6739477802813
2026-04-14,1374.2046065706377,168.3895002239217,376.63994723999303,290.1654686063571,210.26672450932531,535.264395196474
2026-04-15,1390.7082185885972,176.1469576157517,381.40296120375865,289.5595442596896,216.44077694030824,542.6088042432455
2026-04-16,1387.071836742597,180.01926702635188,380.15844411872484,290.9578161689291,213.97927528061973,546.8828501010082
2026-04-17,1410.3586111716666,181.10299959447147,386.5619515951464,291.95991429688263,219.52780315579966,556.3198090968962
2026-04-20,1413.0160041156205,179.08117363138382,381.7423843761009,289.3031923353299,221.81868013896877,542.0674283919008
2026-04-21,1397.7712752514926,181.68984017748144,375.93850723070676,291.2025221985422,216.229580514791,540.3949778110186
2026-04-22,1416.0930247775184,185.4422006567715,383.8919608269385,297.5530197138328,221.91620122371592,545.1457384729653
2026-04-23,1396.0928712095845,178.08738966116456,383.4054715533585,297.22675686101,222.12739764923316,532.5658577084298
2026-04-24,1456.4428792385168,181.8868729348979,389.63921562327727,307.60893867760774,220.20206343945077,545.3962383312415
2026-04-27,1514.7649359004106,181.9725507429766,396.35948351366375,304.2647355461778,217.39936205577425,548.2968045719803
2026-04-28,1490.7088795983998,183.87014388435014,395.72592813884603,302.6101294925706,219.9177386076359,542.4148704613406
2026-04-29,1463.2961220424402,181.81833068843494,395.9069538307619,306.5019919369514,219.47906742795152,540.6211927569261
2026-04-30,1395.6033767585614,174.67343032262085,435.34602637810343,308.8557428351744,220.43767735794287,494.3978729970654
2026-05-01,1387.771145052592,177.5262524205782,436.35296451594155,312.5844916331358,227.57842925419135,491.8447488257665
2026-05-04,1387.9808520816969,177.1749996086201,433.5924263548879,317.00068604099056,224.8894528403357,493.1859472787879
2026-05-05,1374.1346330076913,176.21549986221464,439.45285675556187,318.74853037253797,230.86042319560093,488.7825793267033
2026-05-06,1453.3659654064859,177.32063878177163,450.32521144638577,320.4264637756222,233.56562830905574,495.1816043763189
2026-05-07,1479.0304521874584,180.237719235788,450.2686236442182,315.9753139035359,233.50875341688263,498.3568566685468
2026-05-08,1504.9047528274027,177.81753076688122,453.44773189749554,317.73478634983786,238.28552473818968,492.55572418706936
2026-05-11,1534.5552756093725,176.76378543158918,439.69047024964533,313.4350864494325,237.98464861794568,483.85402546485307
2026-05-12,1543.9259642313575,174.66913333163464,438.2310024289053,309.74132867568665,239.7084640671094,487.19897598619514
2026-05-13,1579.240927056233,173.5725621928855,455.50683004926304,314.7634652102008,243.0178780590649,498.2114433518016
2026-05-14,1648.5421028190733,175.3802067363587,453.7532300260475,311.37264293980076,242.48121431865113,499.6657739575658
2026-05-15,1575.6745187731792,180.7303273304937,448.89970321632387,307.7837515587497,244.12373738266683,496.2723523306421
2026-05-18,1554.695376303199,181.42426517360204,449.08072890823973,308.62268270030785,242.18036301293253,493.83231095250784
2026-05-19,1542.7371614703395,178.8027469562926,438.5817224335484,302.19062836180757,243.09919525873823,486.88386444033586
2026-05-20,1562.7373150382734,180.36193895691986,439.99593383130946,308.7974955814497,245.7662356321572,488.8633809558655
2026-05-21,1535.0447700603956,179.90690333217896,438.5817224335484,312.81751620801845,247.9941829789602,490.73781092986405
2026-05-22,1505.8138749963693,179.6836825107947,433.2756659409229,310.3239434528691,251.10845554331993,493.0647695148336
2026-05-26,1502.527147305367,178.59330794746168,439.9619742406314,309.1237584342726,250.71000870927804,494.7453150665052
2026-05-27,1486.7228435974023,177.15093383898088,439.9053864384637,316.7676614661079,252.75909295713518,513.2637453776297
2026-05-28,1498.261323882451,183.29821176396916,441.37618563839237,319.27289789599575,254.10887906523186,513.2879315708426
2026-05-29,1476.513006369397,193.2789689736945,430.30017704416304,315.35774366212183,253.7429640739644,511.0418239746134
2026-06-01,1568.9611162652814,197.69196561594975,425.80870161827124,304.4278847525812,249.0675104597877,485.1547984235045
2026-06-02,1558.1918110233066,189.44550278953974,409.3814146553252,298.90467248410226,256.2961802194609,482.86021972169345
2026-06-03,1501.7578654324257,183.44846234208148,406.1457185998803,291.3306981607221,252.27935373794534,503.3419766067684
2026-06-04,1530.882892098162,183.75324738871007,421.0796472451837,295.7236007790837,253.06808342717875,507.0505097795515
2026-06-05,1435.9466077677998,178.86805335893362,416.93885727704713,286.6814258380088,249.9050255059201,479.1194053849078
2026-06-08,1460.730816443921,176.75169359414932,411.278695184777,285.7375927437719,245.1889256991694,472.97083083399053
2026-06-09,1457.5802968334626,173.17579795810394,412.35413980106347,284.5374077251754,236.25269400445706,472.32446716027073
2026-06-10,1403.1809260613798,170.57864682382606,403.4337188161438,277.32463393885763,237.09020905058944,461.3281403766654
2026-06-11,1434.3362543512305,167.56510678251863,405.0072259134132,281.4145832738815,240.38336952842042,459.26782223197347
2026-06-12,1436.5766903239182,167.73681611439744,407.169411978287,277.9655137497568,236.72431887384735,458.0962726484881
2026-06-15,1487.4053796182634,171.60892901626352,418.11618066536784,286.66977994326226,241.02574314695698,479.95160786974304
2026-06-16,1452.1193676873704,169.06328937149104,422.531100187961,286.6464703737772,243.3187293647835,485.394241736312
2026-06-17,1432.7959813274745,162.6584408983934,411.8220831825146,276.74201916167516,240.64357464156504,459.0061177494944
2026-06-18,1475.083302258083,162.86878384740126,416.6218895817555,284.77045008004995,242.3186047338298,466.8020188560992
2026-06-22,1460.8007900068671,157.69166954279032,395.8490877937468,271.25378013741977,241.50548236614688,455.98960586006785
2026-06-23,1400.52043505128,160.52491937082883,391.83038652699014,272.79189168357766,239.30190288326796,454.65526838838633
2026-06-24,1393.2392317997796,156.88462127231938,390.87948344111527,272.97833267947414,238.3098926021138,450.99180051030396
2026-06-25,1370.4153511848267,151.46281429197543,389.0908528737008,264.51875473558977,223.73061450504545,439.0229419616508
2026-06-26,1347.9414452144727,160.10851736321698,381.93643424470616,271.13726784997846,230.74786450847293,444.99120597418715
2026-06-29,1365.024395601681,158.2196885113854,400.3432578768847,279.81822447399895,229.0890879303327,454.97872170292516
2026-06-30,1400.8705165257459,160.12997611698347,404.5544198554092,277.7208077201436,235.28507640175235,455.53673173205107
2026-07-01,1383.297537538179,164.9636717578368,408.9014201966461,281.63597973400954,239.36696656881676,495.6647852852187
2026-07-02,1364.0442315710968,167.62949614440038,407.429791871411,282.7662538241429,250.95396030829815,471.39551990258394
2026-07-06,1369.085105679777,166.0196965944447,414.8445903935296,284.5024522609438,254.23084245747924,485.458902783473
2026-07-07,1378.7466920298575,166.92118696253632,415.4898571633015,286.6231608042922,252.6045977221134,497.8240693837716
2026-07-08,1429.0853527238446,164.5601476226013,409.7051880875076,283.8732183447912,254.8244307191169,487.74755833592576
2026-07-09,1419.703767455416,164.99800838397965,406.2751312414675,287.8583012871203,257.12555610126833,510.6824862468791
2026-07-10,1476.9736567563048,165.31568440356685,404.3393309321519,285.8774146006983,256.3937509332588,541.1950472105854
2026-07-13,1424.9546690828022,167.84413608439448,399.0527588842288,288.17291824519657,258.01185650429966,531.1023462211602
2026-07-14,1482.854640939809,165.24270105971266,406.9769858134069,288.3826688105781,256.01969677766635,534.587872820605
2026-07-15,1487.7554610927293,169.83600101581914,419.8934798535937,297.0869350040836,266.2975754161505,550.9803861078948
2026-07-16,1452.049287294557,172.18416248337783,401.2602013720815,291.1792126290572,270.98116819465207,537.4183484606044
2026-07-17,1419.913794974122,169.05900548108713,392.55486931041906,288.07969774724836,271.37145104984364,522.4330273821024
2026-07-20,1423.20436854034,172.69500658861034,398.46407991662454,291.2957426964905,265.557631083816,522.3036065686246
2026-07-21,1451.2791507826792,170.74607226530094,392.98504715693366,288.45257973904125,266.4927168437462,520.6538613936159
2026-07-22,1484.6749150452174,167.56510678251863,387.2569658833073,285.30646349825435,264.98846031515313,507.19695964743437
2026-07-23,1461.5709265187452,163.8046108416358,359.63538178240697,272.26754194011187,261.54894376662537,490.1574903714888
2026-07-24,1448.1286311722208,163.85613543172346,361.95603442148257,270.4614325748478,270.7860019525309,481.3345151661622
2026-07-27,1375.8061999381055,167.03280392351957,369.67650380659205,269.62246587330566,273.9490598737896,480.26701557307024
2026-07-28,1379.3068010230295,168.85724341346938,377.77052868916064,269.00489563189154,276.52664388321017,479.89499243379373
2026-07-29,1330.2983858340924,167.65096799874917,381.1666259445227,264.0992713848187,274.98985551184273,473.58708516513923
2026-07-30,1365.5144242020392,193.6481564827871,377.7139408869931,274.4115600529453,271.11938510102397,435.9175334722723
2026-07-31,1405.4913355970139,199.49494635213304,403.1507107115303,316.4530267280397,251.18163357866834,450.2154730677484
