Date,nvda,msft,googl,amzn,aapl,meta
2023-01-03,100.0,100.0,100.0,100.0,100.0,100.0
2023-01-04,103.03179136448838,95.62567119216328,98.83303214207614,99.207643547432,101.03142359342199,102.10836339382863
2023-01-05,99.65073312659085,92.79155695056483,96.72351298980142,96.85388375921303,99.960020367943,101.76365463228814
2023-01-06,103.80020519345352,93.885139152524,98.00268049279059,100.30296217333377,103.63796024774086,104.23279949924711
2023-01-09,109.1722047933757,94.79923364325535,98.76570026362728,101.79445458052155,104.06172323700783,103.79189509609539
2023-01-10,111.13518343955559,95.52133206525977,99.21453339077328,104.71918325117645,104.52545964935025,106.61374497573514
2023-01-11,111.77784516961444,98.40971262803347,102.69299012615485,110.80167405736483,106.73224344596986,106.53357268613881
2023-01-12,115.34055423064274,99.55337419834291,102.25537609984326,111.01141573275038,106.66825368234515,109.59595177446128
2023-01-13,118.05101473010171,99.85390947204232,103.36623981687387,114.33232707468726,107.74763544908726,109.81240585046702
2023-01-17,123.66053049304784,100.32139784898251,102.43490762335743,111.92030225275164,108.69111502815059,108.51368139443267
2023-01-18,121.39015560169715,98.42640793835756,102.24417427245125,111.23281219287841,108.10748318250786,106.63782010841214
2023-01-19,117.1148913747307,96.80692346118983,104.40978892889802,109.15870500850818,108.15541651990186,109.14701410048808
2023-01-20,124.61753908604116,100.26713809042927,109.98653707899871,113.31857416199121,110.23427046112428,111.72840881080752
2023-01-23,134.07618811830287,101.25220077528192,111.9726288486525,113.63318223007151,112.82483140597233,114.85488130718961
2023-01-24,134.57911639153303,101.02679439804088,109.62746539524919,112.23491032083194,113.9601809322053,114.7506709045975
2023-01-25,134.98429534289914,100.42991736608904,106.84469655225544,113.23700844878547,113.42445758803048,113.43594160638885
2023-01-26,138.33043357032201,103.51448751303664,109.42549567006618,115.61407780648952,115.10356488053517,118.08558888595131
2023-01-27,142.26333480357928,103.58126875433298,111.50133160967411,119.13306714907341,116.67865931448746,121.64499421413232
2023-01-30,133.85959057723244,101.30645397121319,108.77469281773719,117.1638352473939,114.3359733301891,117.8931852628351
2023-01-31,136.4792323419923,103.43517822637529,110.90664153495955,120.17012074125853,115.36739692361108,119.42436863704948
2023-02-01,146.30108954438802,105.49712124024104,112.69074630598799,122.52388941947348,116.27887541188056,122.75131504705048
2023-02-02,151.65210375369412,110.44328411454347,120.89316134051586,131.56607325054435,120.58849223638263,151.330755735197
2023-02-03,147.39781824047748,107.83454999969813,117.57180656370083,120.47308291459228,123.5308168207022,149.53501737919782
2023-02-06,147.3210075711657,107.175058991409,115.46230468486849,119.06315622061024,121.31607310976405,149.1582310638932
2023-02-07,154.893481949693,111.6787895795013,120.78096169545056,118.9815905074045,123.6507370899286,153.6154994001269
2023-02-08,155.11701007792837,111.33232251454474,111.50133160967411,116.58122047021145,121.46799446978433,147.04983682033023
2023-02-09,156.03912536791202,110.03421619849358,106.60906952456924,114.47214893161362,120.62841598760588,142.63267313873527
2023-02-10,148.55045901452394,109.81715747641458,106.11535135736439,113.73805751276225,120.92472100407178,139.6103740252641
2023-02-13,152.20398681025134,113.24817500045282,106.16022776070201,115.98695090828643,123.19893434008245,143.8431550146706
2023-02-14,160.468064348432,113.6029634700835,106.2387701032641,116.17338301418691,122.67843541861356,143.88325966930935
2023-02-15,159.02200201027088,112.69498534304006,108.77469281773719,117.87462598675621,124.38407989816773,142.0234032254631
2023-02-16,153.69892380934448,109.69469895021673,107.17010229678054,114.36728253891886,123.08683738758094,138.23953523024238
2023-02-17,149.40971828565318,107.98327870169287,105.86848795540136,113.26030912827456,122.15792407918164,138.59225875276374
2023-02-21,144.2892162066773,105.72788271702001,102.99594903228994,110.20741338543583,118.89876758546554,137.95092979556807
2023-02-22,144.98079265886568,105.24249150731089,102.8388557104446,111.61734007941789,119.24311770099297,137.18131530310328
2023-02-23,165.30911286748304,106.60662436313035,101.9860831329326,111.65229554364949,119.63548807965576,137.9188584117508
2023-02-24,162.6685190964384,104.28425682112365,100.01120182739203,108.94896333312265,117.4813937002804,136.59613286240187
2023-02-27,164.17045345135898,104.6776006949029,100.84155347667757,109.25192550645639,118.4503052676813,135.91468691067368
2023-02-28,162.17954547366557,104.36793681402554,101.05475093941617,109.79958481940729,118.04195297056614,140.24370673131946
2023-03-01,158.56095104214532,103.04985387665893,101.39137578477566,107.39920589221823,116.3603248315612,139.0251669047752
2023-03-02,162.864137923759,105.0751118336412,103.23159333341856,107.35259564324411,116.84080065810237,139.91500898190014
2023-03-03,166.88788459918038,106.82420809496797,105.08302134617465,110.58028648723277,120.94074017641331,148.5088564959823
2023-03-06,164.5407123922504,107.48534632137475,106.74372464474575,109.24027072171387,123.1828903318148,148.22828433212948
2023-03-07,162.71014268062558,106.3471645404209,105.31866564730325,109.00722836683929,121.39719966240526,147.91564078445938
2023-03-08,168.9494071143078,106.15888291573619,105.75629694705724,109.43835761235687,122.41415632886765,148.28443084862374
2023-03-09,163.74420231011558,105.58143124485326,103.59065638044689,107.49242639016646,120.5884177286043,145.65497225220645
2023-03-10,160.4533885964199,104.02063629607716,101.69433469091076,105.72128137912998,118.91482401169624,143.90729778230516
2023-03-13,160.46035924478232,106.25094337691002,102.23292926145324,107.702168065552,120.49231511251823,145.02160252646985
2023-03-14,168.12497437752577,109.1256474354717,105.44209302992415,110.5569769177477,122.18993758793859,155.53951095150146
2023-03-15,169.27780210382716,111.07139266451117,107.84335198749955,112.0950795739096,122.51024652699066,158.5297140013679
2023-03-16,178.451549253306,115.57385010393881,112.56731892336707,116.56956568546892,124.80049145330587,164.28566977395474
2023-03-17,179.7371264343411,116.92539585079538,114.0260265865916,115.2994608484132,124.11981322638488,156.81417261475252
2023-03-20,180.95983424278927,113.91264047620484,113.5771934594456,113.85457869019955,126.04165444273427,158.57782724704066
2023-03-21,183.0489188617866,114.56118503102677,117.72889988554618,117.23374617585709,127.54710893987166,162.06509355644684
2023-03-22,184.92836323434346,113.93770969217891,115.98968879129778,115.00815345982198,126.38596730437253,160.18113730013616
2023-03-23,189.97989328498215,116.18476458431171,118.49191101966167,115.0198082445645,127.26682309574728,163.76461776099416
2023-03-24,187.10130929340997,117.40245909320839,118.3123881328687,114.34397296943379,128.3238773649157,165.15148607797764
2023-03-27,185.3685423185792,115.64914962856872,114.96858651766364,114.23910657673902,126.74634901020451,162.61019602229695
2023-03-28,184.52315757551233,115.16793880906262,113.36399599670699,113.30691937724866,126.24183200718801,160.87860043393235
2023-03-29,188.53360393336862,117.37732425101453,113.76795272051537,116.81426282508605,128.74027650209078,164.62240079419556
2023-03-30,191.32135583650918,118.85862615971374,113.20690267486164,118.8534145452247,130.01350267212834,166.61856370423865
2023-03-31,194.0742144366401,120.63699171508351,116.39362824166375,120.356561737155,132.04747809486838,169.90539311970716
2023-04-03,195.3877142723224,120.18926339293333,117.1005438716072,119.33116292971239,133.06447201521996,170.8112770586876
2023-04-04,191.81044964287446,120.16830237832046,117.50448332197317,121.12560862023795,132.6320412877403,172.13401494793027
2023-04-05,187.81394458174307,118.97995591493058,117.22395398078571,117.80470616829706,131.13457154084756,169.5366153954365
2023-04-06,188.90390293545752,122.01785925695894,121.65618111135255,118.92332547368787,131.85529769862237,173.24033578084843
2023-04-10,192.69076775014847,121.09309394288366,119.43447958745492,119.0515014358677,129.74924841830853,172.15807774071354
2023-04-11,189.82617847023113,118.34809354518879,118.2113989519166,116.42973493854656,128.7643176785661,171.43657649392154
2023-04-12,185.1170381207666,118.62426180346628,117.41472187857669,113.99440943712192,128.20374599031734,171.55681641847542
2023-04-13,184.8933898089388,121.2814018180563,120.54532603104313,119.31950814496987,132.575986602508,176.64741746076453
2023-04-14,186.95456512702137,119.73313491464523,122.1611442895554,119.4476841071497,132.29570075838365,177.56130999077902
2023-04-17,188.6593560322749,120.84623435438107,118.90709548102565,119.71568192625588,132.31171993072513,175.4529034073223
2023-04-18,193.30564036288501,120.66632663534634,117.25763719345255,119.20298696753258,133.30466025663833,174.67532968339842
2023-04-19,195.1501780786997,120.69975663172639,116.8985568729818,121.53344607626249,134.2335859830007,172.91965896235683
2023-04-20,189.37203138180553,119.72058718141423,118.14407571018894,120.96247719382653,133.44879555382283,170.8112770586876
2023-04-21,189.476831474427,119.57413570924749,118.27872219364428,124.63295206807533,132.14355587502834,170.6669620014567
2023-04-24,188.9387962384672,117.90455217586357,118.90709548102565,123.7590299023016,132.39179095650664,170.58677737196666
2023-04-25,183.34234042590128,115.2474646622494,116.52828336184027,119.51759503561289,131.1425811270183,166.38606776637744
2023-04-26,188.3379717523155,123.5953560786811,116.37119003999491,122.32580252883048,131.13457154084756,167.86915023481274
2023-04-27,190.22442683443228,127.5538246567158,120.7248748279997,127.96550930475877,134.85819710672638,191.245770887044
2023-04-28,193.87856890185446,128.5706635572089,120.44432821336986,122.87345295178538,135.8751413552257,192.65671433670448
2023-05-01,201.99030705973112,127.85931471001217,120.28724352824571,118.91167957894133,135.8031047515411,194.9494912724559
2023-05-02,197.09948917967085,127.79657604385721,118.17773301269219,120.75273551844101,134.9623093089832,191.79092271246907
2023-05-03,194.2488545502109,127.37390381243712,118.27872219364428,120.77604508792605,134.0894382678531,190.0192224694657
2023-05-04,192.57201300706961,127.79657604385721,117.47082601946994,121.1838736539546,132.76015741258328,187.2053565010725
2023-05-05,200.38331889127164,129.98918742402122,118.45826235387963,123.11815898139848,138.9901625517573,186.61211610976213
2023-05-08,203.67413260496735,129.15228249305085,120.92684455318268,123.31624587204149,138.93412028448807,187.004956626816
2023-05-09,199.62175552707652,128.46186840997908,120.45555595092546,124.23677828678932,137.54875990805988,187.0851165765186
2023-05-10,201.8156402386953,130.68380158516197,125.39272034953157,128.39664744027235,138.98216538354959,186.85262063865738
2023-05-11,199.6706568954735,129.7632100986677,130.80118198711608,130.7154517642597,139.13431026690486,189.02514530996118
2023-05-12,198.00778335652208,129.2861731067426,131.85593292653226,128.47821315347804,138.38053990943953,187.43786477882747
2023-05-15,202.29071262594073,129.49122879321519,130.73384147194602,129.5735228893838,137.97957630034233,191.48627541593925
2023-05-16,204.10734104084068,130.44527652657746,134.1000812888199,132.1370332429843,137.97957630034233,191.454204032122
2023-05-17,210.849667285078,131.67820944371803,135.59246352799005,134.5840135291515,138.47680395904533,194.39630617620935
2023-05-18,221.32993026814427,133.5736915509917,137.8253927894433,137.6718736262178,140.36918976702722,197.89160575643703
2023-05-19,218.4373782723822,133.49819514770232,137.74686772032362,135.45793569492523,140.45741939453615,196.9215667099283
2023-05-22,217.82254572084315,134.68916665988527,140.31642182713637,134.01305353671157,139.68760502880315,199.07006560813002
2023-05-23,214.41297726406862,132.20657926479208,137.5224511567506,133.9897439672265,137.57065277692664,197.80341253591294
2023-05-24,213.3649229229237,131.61526077365963,135.65978676971773,136.04055047210767,137.79516954896903,199.78354592399427
2023-05-25,265.3612057779464,136.67690610699225,138.55476389449797,134.00139875196902,138.71733990342923,202.57332441981677
2023-05-26,272.11050267054617,139.59987168761498,139.8227122966527,139.95572248597358,140.67392658040777,210.06892139148343
2023-05-30,280.2501901905351,138.8953348420364,138.76794408379416,141.76183185123764,142.17342045527855,210.4536792781409
2023-05-31,264.34111415264624,137.71272411025942,137.87027782950213,140.50338179892447,142.13334768849865,212.2173956098977
2023-06-01,277.8676706536906,139.46986614613698,138.8240654981298,143.05522847778644,144.41067793323617,218.54250430122423
2023-06-02,274.772515828513,140.65243750218207,139.89002690165918,144.7797721298448,145.10029709355712,218.54250430122423
2023-06-05,273.68250405986856,140.8788742110744,141.39362824166375,146.00326671792638,144.00172957389435,217.5645430429376
2023-06-06,270.0703728348759,139.9311134695716,142.85232726816707,147.52971458934573,143.70502718261068,217.3481013068256
2023-06-07,261.85988382519804,135.61174005821832,137.45512791502296,141.2607827872609,142.5904156546803,211.31954494173874
2023-06-08,269.0920783922854,136.40016033798028,137.0511711912146,144.7797721298448,144.79559753406573,212.1051025769092
2023-06-09,270.9088269907778,137.04177476398843,137.15214309872428,143.8242842508654,145.10834393361705,212.40175362229868
2023-06-12,275.8839736915445,139.16374608113028,138.73427814456974,147.48310434037165,147.3776521742208,217.29188075096891
2023-06-13,286.64491877792517,140.18696385019055,138.94749288075073,147.58797962306238,146.9927201554282,217.5083965264433
2023-06-14,300.44538703990884,141.46600574938185,138.76794408379416,147.3083181292177,147.5059421505466,219.1357817122158
2023-06-15,298.04168848332716,145.9782808712957,140.36130686719522,148.11232936652823,149.1578044321076,225.93387853040502
2023-06-16,298.31413133369205,143.55857652004107,138.61085076194883,146.22465428805845,148.2837661024503,225.26851146021355
2023-06-20,306.11231049885134,141.7637125330067,138.12837760574197,146.5625719256238,148.35592688576548,227.93807471126962
2023-06-21,300.7807526777906,139.88081753469592,135.26705778346496,145.4556074049755,147.5139641546804,225.78160424171506
2023-06-22,300.64104592842693,142.45983609720346,138.18445583647164,151.6546193886012,149.95167239227897,228.37900379420884
2023-06-23,294.93913569034726,140.49308391519727,137.2755704813452,150.69914039961776,149.69508002166438,231.4654333354208
2023-06-26,283.9197424652566,137.80080762251168,132.7872564833275,148.36868129088788,148.5644120675033,223.24032652592814
2023-06-27,292.6123012180073,140.3043691574617,132.7760287457719,150.52434529846784,150.8016571274979,230.11860797360742
2023-06-28,287.30873282025624,140.84115225991764,134.85189059554338,150.36121387205642,151.75590308053032,228.70768920373445
2023-06-29,285.24737054991874,140.5056578989162,133.6400204241183,149.03286178127607,152.02853945941254,225.69342336108474
2023-06-30,295.5889817284884,142.80791756716778,134.3132787515585,151.89932541821432,155.54078645816162,230.06256017626305
2023-07-03,296.3646199267334,141.7385776908128,134.5377125885739,151.7361939918029,154.32993571655155,229.29292100401076
2023-07-05,295.6938352360399,141.8056870632083,136.61354852818178,151.92263498769935,153.42380937035898,235.9868444392891
2023-07-06,294.1985109787044,143.1140638826624,134.7733309795389,149.5688663094844,153.80871655322548,234.07885006998265
2023-07-07,296.99350060485733,141.41567043877427,134.06642398631666,151.2234901430836,152.90257778906982,232.90841114921741
2023-07-10,294.73650615346673,139.1553327997484,130.66652686693956,148.1356300460173,151.24270592133803,235.7704027031771
2023-07-11,296.308721202509,139.4237177883544,131.44074846516827,150.05826058871864,150.81770113576553,239.12939581720792
2023-07-12,306.76912718535505,141.4072965331243,133.4492870732121,152.41202926693362,152.1729106978951,247.98776129339362
2023-07-13,321.2684763912019,143.69698221765697,139.74417859081186,156.4903327072109,152.7903069850856,251.25060195544125
2023-07-14,317.71870709696134,144.7789092029748,140.73159765177914,156.93310784747504,152.91061221116672,247.61099965787645
2023-07-17,324.6503625605141,144.98438489725427,139.86758869999036,155.62805643618373,155.55683046642926,249.01392217660919
2023-07-18,331.8685357084816,150.75472777850257,138.86894190146745,154.77744383989508,155.34834528469145,250.16029830459115
2023-07-19,328.95472457058736,148.90536777852358,136.92773517187248,157.72547319003905,156.44691280435418,253.33490872643353
2023-07-20,318.0750380948604,145.46245878345263,133.752237342626,151.43324070846512,154.86723614203444,242.52037393579985
2023-07-21,309.61304488736994,144.1624952453804,134.67235043530803,151.47984206744326,153.91295293511286,235.8986388788713
2023-07-24,311.7303058819319,144.7244000647862,136.36668512621875,150.0815701582037,154.5624869106908,233.7742027734528
2023-07-25,319.18606863845207,147.1860395705105,137.12971353377665,150.46609804474318,155.26015291107166,236.06700438899168
2023-07-26,317.59988558521997,141.64630722573557,145.05164241072308,149.3241602798713,155.96579124373415,239.35388316403512
2023-07-27,320.7304010940446,138.68983289726899,145.1974993582916,149.44069034730458,154.93935967146044,249.88771005198487
2023-07-28,326.669820818282,141.89793127779762,148.76567435346368,154.05500720578624,157.0323080007508,260.9266828298708
2023-07-31,326.52309000562593,140.87052655591236,148.922810858915,155.7678782931101,157.52946115167543,255.41124392607296
2023-08-01,324.971786901671,141.04664107944106,147.6099774167014,153.4490828591187,156.85584874573294,258.70609427246916
2023-08-02,309.33360468117763,137.33952092334516,144.05296106531537,149.39408898832647,154.42616251226818,251.97206618255206
2023-08-03,311.05252383541097,136.9872656257998,144.13151204459865,150.20974612038353,153.29550697607016,251.0742155143931
2023-08-04,312.2054850990373,137.45692623061632,143.74998488573792,162.63109743711195,145.9342378205084,249.10207837745207
2023-08-07,317.35537874323484,138.4340218923819,147.58752194159018,165.71894864418226,143.4163467954608,253.7758131295852
2023-08-08,312.0936609431234,136.73145462091276,147.4416131736945,163.06222668262956,144.17815157502304,250.63326175166645
2023-08-09,297.3498583102214,135.12951859492688,145.4892305268711,160.6269011812049,142.88709321003785,244.6769431245043
2023-08-10,296.1899263982326,135.42305155097068,145.52289646609552,161.4542042080085,142.71068362687225,245.10175630622558
2023-08-11,285.477936095179,134.61787033466484,145.37700497164218,161.27942688685053,142.75887774149044,241.81497625033202
2023-08-14,305.72793666271264,135.88852520296223,147.363139924902,163.79632699147692,144.09980664610623,245.46252543946218
2023-08-15,307.03467950975244,134.9743125850352,145.62387701032642,160.41715061582335,142.48585640575345,242.06350171015504
2023-08-16,303.8623134032882,134.64653586748543,144.4120154756225,157.38756444246968,141.77926188993575,235.92267699186706
2023-08-17,302.87002424904284,133.1672552463569,145.78096169545057,156.117450715418,139.7156572073454,228.5473199447543
2023-08-18,302.55565067864336,132.99918649737904,143.02063969084685,155.23188265489773,140.10909553083098,227.07225840724675
2023-08-21,328.1861638505648,135.26851492852123,144.04172469103858,156.93310784747504,141.19310919779275,232.4033639784311
2023-08-22,319.1092312616753,135.51225070896004,144.8384190378209,156.43206767349426,142.3092108812898,230.55953705654667
2023-08-23,329.22724754334723,137.42016242226902,148.53008187266227,157.9119141859355,145.4327508004774,235.88257233722834
2023-08-24,329.55564253286656,134.46584063381277,145.62387701032642,153.62386018027667,141.62669479583658,229.8781034447122
2023-08-25,321.5548872457566,135.7308122714731,145.7360852921129,155.27848401387584,143.41727814268995,228.8760053542799
2023-08-28,327.2637414247338,136.0333622701212,147.00400778410406,155.1386621569495,144.6859717562123,232.69196941310543
2023-08-29,340.8825188023892,138.01274093682215,150.9986467985229,157.20112344657323,147.84163694582432,238.8888666085252
2023-08-30,344.23654908571666,138.17240952966213,152.46854765241827,157.38756444246968,150.6760742671182,236.57202687999052
2023-08-31,344.87245382713303,137.7395652341688,152.79399658054936,160.81332439710937,150.85273220954494,237.20535958604594
2023-09-01,338.96097011127534,138.1177953895218,152.22172743406122,160.9415003592892,152.12944782720106,237.59818776320606
2023-09-05,339.23346637657016,140.1727623362199,152.34516345340333,159.95106590607418,152.32216219585848,240.62044985699606
2023-09-06,328.8700351991035,139.89121272791658,150.87522805262319,157.72547319003905,146.87005551636653,239.83484286225067
2023-09-07,323.1397616332042,138.64309390350792,151.77289430691522,160.6269011812049,142.5741977949299,239.43404311373772
2023-09-08,318.4646198866722,140.47533858535596,153.02962360823557,161.069676321469,143.07202151585952,238.80873133861007
2023-09-11,315.71134732083397,142.01765975325065,153.63555869394813,166.74435634162086,144.01952451495282,246.56085002124004
2023-09-12,313.5589393023449,139.42472843213974,151.8626471135905,164.56536498456384,141.56246909091382,241.83096875261262
2023-09-13,317.85670456856565,141.22758569274907,153.3999143928195,168.78350806175953,139.88428072767525,244.55665384037545
2023-09-14,318.5275693816541,142.33704943990645,154.95958532683255,168.63202253009464,141.1128022307132,249.89575566270014
2023-09-15,306.7803977355809,138.77340132559715,154.1741619012118,163.58657642609538,140.52663712060718,240.7487353922652
2023-09-18,307.2416089484964,138.28587726374363,155.08305589305942,163.10882804160767,142.90342283145577,242.54446140837058
2023-09-19,304.1249279065367,138.11356906096492,154.89228799526848,160.37054925684524,143.78668770766328,244.5646994510907
2023-09-20,295.1730930836613,134.80204375798834,150.06731460500646,157.64389858683734,140.9120410219959,240.2356919703386
2023-09-21,286.63354139783934,134.28094532207118,146.36445857949428,150.69914039961776,139.6594659245195,237.07712341035173
2023-09-22,290.7775250806465,133.22190876222913,146.1512352065921,150.45443437000466,140.34997917818043,239.76267916368838
2023-09-25,295.05427157191997,133.44465727756713,147.1162506127754,152.9596885798845,141.38579873052407,241.1656016824211
2023-09-26,292.8809516083436,131.17531572118097,144.26616716477517,146.7956231704944,138.07759128273895,239.66645267234284
2023-09-27,296.77332426347823,131.44846517334642,146.47664958783838,146.7956231704944,136.84906977970098,238.68844205448124
2023-09-28,301.1130202497335,131.80570806359864,148.4627499942134,146.7956231704944,137.0578405745891,243.67482035428455
2023-09-29,303.9781703864156,132.69241017017404,146.8357299083091,148.12398415127075,137.47539458232833,240.6685754425626
2023-10-02,312.94397321348094,135.23487492823773,150.5497963979345,150.85062593128265,139.51492083455418,245.96757261024845
2023-10-03,304.1039358390544,131.70062736041106,148.59737920422634,145.32743144279567,138.43089474962932,241.25373320347654
2023-10-04,307.7657429489288,134.04138336921338,151.75047337868878,147.9841534043484,139.44263587160845,244.9734954507439
2023-10-05,312.2871565269773,134.20950461916712,151.55968820745542,146.77231360100933,140.44635498945374,244.34021210426346
2023-10-06,319.7923815086593,137.52943007828156,154.37612298967358,149.10277270973924,142.51799409414093,252.86989217092355
2023-10-09,316.37518807063003,138.60525382515547,155.31866564730325,149.45233624205113,143.72243716681442,255.2187909433818
2023-10-10,320.0439658288668,138.00431453019632,154.91470892349489,150.87391772077572,143.24068229007852,258.0086187987792
2023-10-11,327.0880864274933,139.6979041347931,157.70872277748663,153.61221428553014,144.3728528177693,262.8025934754663
2023-10-12,328.05938351425635,139.16836616700613,155.93579392368662,154.1948290627126,145.1035381819146,259.8684875825192
2023-10-13,317.68895498096225,137.72695187471797,154.12926822443177,151.23513603783013,143.61002976523653,252.2767134790819
2023-10-16,322.1194296407192,139.79034522804193,156.08170269158234,154.45118098707226,143.50564436779248,257.4554707222139
2023-10-17,307.0460034749083,139.54659632235916,156.7773733105278,153.19273093475908,142.244972758404,259.740251406825
2023-10-18,294.8725539801267,138.7271217153749,154.80255246203555,149.30086849037824,141.19310919779275,254.1044985391108
2023-10-19,294.20876664526065,139.23564616757312,154.5668563405798,149.61546766846254,140.88799984552054,250.76959289765077
2023-10-20,289.2191712059342,137.28148109452985,152.15441282905476,145.8517811862615,138.81633590490722,247.43461321682827
2023-10-23,300.3163899840062,138.39517117024414,153.16428736513328,147.4714495556291,138.91267446229133,251.7315616536568
2023-10-24,305.1242411240745,138.90364312146653,155.75628831033606,149.80190866435902,139.26599034714476,250.56112273289156
2023-10-25,291.95852918251256,143.16493732827257,140.94479511451775,141.44721489316137,137.387065611115,240.123448296925
2023-10-26,281.80472489775383,137.79420562479706,137.20827314978112,139.326497459817,134.00657320038414,231.16076135910356
2023-10-27,283.020662363827,138.60105374708652,137.08481985699663,148.84642078537956,135.07449318722607,237.87877226695264
2023-10-30,287.63987867866956,141.75289733197914,139.65439123725176,154.63762198296874,136.736637542197,242.63266696878839
2023-10-31,284.97730466393796,142.0891135813987,139.2280049484958,155.08039712323284,137.12207869747488,241.51834988473
2023-11-01,295.7741178758004,145.43423950892688,141.8873291354262,159.63644894799788,139.69152910512867,249.99997840518597
2023-11-02,304.02709846227765,146.37980833468743,143.05430563007127,160.88325310556453,142.58223221702676,249.2142973710782
2023-11-03,314.5023270881933,148.2625064543387,144.8608658762109,161.5008233469786,141.84350001282155,252.20454978051956
2023-11-06,319.71554413188255,149.8300018401592,146.1512352065921,162.82918432775494,143.9151515354718,253.1665432163131
2023-11-07,321.1410817831987,151.51099121054912,146.95914865420883,166.2899175266182,145.99483748021896,255.58758100754616
2023-11-08,325.4667830577991,152.63304206666942,147.9353745245053,165.55581721777085,146.85397425420973,256.357146140436
2023-11-09,328.0943435859285,151.57823183538423,146.1400247424789,163.83128245570848,146.46854551689492,256.9744369846359
2023-11-10,337.77296865358187,155.35202823082474,148.77693663790407,167.28035197983323,149.8695648205564,263.5641623572158
2023-11-13,339.76459773283,154.09550925027818,148.21587795552918,166.15007788969987,148.5831383557909,263.90089337745667
2023-11-14,347.0042703901146,155.60417729264543,149.93268539499354,169.89047258240782,150.70576561678376,269.60873590437075
2023-11-15,341.63743200780175,155.66733596660728,151.05476821285856,166.86086862906217,151.16405054334487,266.72275559699017
2023-11-16,345.77436491985156,158.40447434316684,153.64676915806132,166.4297393835446,152.53089573685742,267.90921169982346
2023-11-17,344.5025821444839,155.74313425050786,151.82899844780846,169.168018168307,152.51480205673755,268.5906206318704
2023-11-20,352.2664422171309,158.93930178427192,152.8837493872246,170.27500046894727,153.9298786187574,272.54286647710535
2023-11-21,349.01686482938004,157.09909007933683,153.69166283484137,167.67652576111922,153.2786309642778,270.145916158443
2023-11-22,340.4354358384535,159.11193811814977,155.39724253675013,170.95083574407798,153.8173222016229,273.7614063036496
2023-11-24,333.8665745793274,158.93506233047108,153.37749346459307,170.9857912083096,152.7399397269327,271.1479402095129
2023-11-27,337.1230692005107,159.43194469127195,153.0633068209024,172.13935708793602,152.59520836752154,268.3180323792642
2023-11-28,334.1810015646568,161.15425232966518,153.94974533763877,171.32369995587894,153.08565581839625,271.757210122785
2023-11-29,336.4102736673876,159.533035320294,151.46991812733773,170.49639692907533,152.25751428019183,266.31393491754943
2023-11-30,326.83650210728575,159.5582882896836,148.70958748601285,170.22838132997717,152.7238336288498,262.26548726075646
2023-12-01,326.80154203561364,157.7054894757856,147.95779545273174,171.32369995587894,153.76104399305564,260.3976222258762
2023-12-04,318.0313446821364,155.44418056870632,145.05164241072308,168.771844387021,152.30575806666224,256.5495744433397
2023-12-05,325.43951473604415,156.8674557738342,146.98160412932003,171.148922634721,155.51378980647908,255.16271846624994
2023-12-06,318.01040602958415,155.30097103179907,145.89318725067946,168.39898017522003,154.62937005970744,254.4893304651307
2023-12-07,325.6491416287521,156.20633723529335,153.64676915806132,171.148922634721,156.19721240323534,261.81653724688954
2023-12-08,332.0089635594,157.58755915875585,151.46991812733773,171.77813877088158,157.35502602463563,266.7548146409137
2023-12-11,325.86579258475246,156.35373372502562,149.5623946104096,169.99533897510258,155.32085191448667,260.7663629304656
2023-12-12,333.0642556235572,157.6507178327177,148.6984115687844,171.84804969934478,156.55100017068492,267.9332991723942
2023-12-13,336.07640364754536,157.6465046294048,148.75451570967766,173.43276260448079,159.16407488255246,268.35011610297516
2023-12-14,337.90746744727244,154.09245106843423,148.0475828062918,171.77813877088158,159.28466572178385,267.09154566115456
2023-12-15,341.68144591010565,156.113725513873,148.7881643754597,174.74947769051062,158.85052131540255,268.4944188203123
2023-12-18,349.9771050256372,156.9222274169021,152.37881211918537,179.52692597540369,157.49972013015764,276.27060029572556
2023-12-19,346.6713885464769,157.17910156655037,153.33258251437064,179.20064534258887,158.34396776644496,280.87214666950894
2023-12-20,336.2371825867863,156.0673802774309,155.2288955671856,177.25471412039846,156.64747532566264,280.0063550452735
2023-12-21,342.38032685396877,157.29701875833618,157.5628485564757,179.25891037630552,156.52684723254205,283.8624237587378
2023-12-22,341.2620852948297,157.7349293980002,158.76347371690278,178.7695160970713,155.65852116589028,283.3012547512447
2023-12-26,344.4000254789216,157.76862189925956,158.79713965612723,178.75787020232474,155.21632991944904,284.45562713036696
2023-12-27,345.3645121621122,157.52017415623715,157.50672714214005,178.67629559912305,155.29669897634383,286.860647739532
2023-12-28,346.09827305525255,158.02970925222073,157.34962518357352,178.72291473809315,155.6424523216965,287.2535005964796
2023-12-29,346.09827305525255,158.34974207583085,156.74369009786096,177.0449813350089,154.79821710337228,283.758201016252
2024-01-02,336.6355244271149,156.17264473403398,155.0381276693946,174.70285855154052,149.25851411248726,277.6094047266112
2024-01-03,332.4492361197632,156.0589407455611,155.87970705623576,173.0016333589632,148.14094710934967,276.15036037117164
2024-01-04,335.4474428470264,154.93885867603566,153.040799525464,168.45724520893668,146.25951394478264,278.27477179680267
2024-01-05,343.12805575129903,154.85883406357817,152.3002525031809,169.23794687676218,145.67256650300413,282.14680833276003
2024-01-08,365.18468278809377,157.78124838395433,155.7899369761181,173.73573366781054,149.19417664589702,287.5260148097235
2024-01-09,371.38369907203577,158.24446449398377,158.15753863119025,176.38079195462475,148.8565073944934,286.53998326093415
2024-01-10,379.84011041934326,161.1837053771237,159.6499122336392,179.1307344141257,149.7007301948546,296.99369955875625
2024-01-11,383.13882954267604,161.96695431076324,159.4254783966238,180.8203137119565,149.2183171660768,296.35239528134804
2024-01-12,382.3561138662087,163.58398436730943,160.0650621481184,180.16778800631084,149.48363936471935,300.2164355661651
2024-01-16,394.04135090096963,164.3419540810715,159.8855738082102,178.46656281373353,147.6424652363781,294.5807073782384
2024-01-17,391.74207853249953,164.00509469469765,158.74100096834917,176.77698351590274,146.87859907494868,295.310192536277
2024-01-18,399.1082110365127,165.85791975908353,160.99641161507722,178.86273659501953,151.66256967020558,301.53115252448004
2024-01-19,415.76950282585005,167.8791942045223,164.2504690603282,181.00675470785293,154.0183069336752,307.39936431037427
2024-01-22,416.9086830375415,166.969627922959,163.812829123853,180.3542290022073,155.89170567614536,306.0605351997011
2024-01-23,418.43923444119906,167.97605850498746,164.99099880916887,181.79912005041695,156.92889120442507,308.80228682910695
2024-01-24,428.845477685045,169.5172640271451,166.85366319620178,182.78955450363196,156.382140709057,313.2114295797742
2024-01-25,430.6276134089101,170.48998898267024,170.41067954758782,183.81496220107053,156.11683092837748,315.1995592189958
2024-01-26,426.53221060492007,170.09417100040346,170.76974259461616,185.4113210009531,154.70977637049143,315.9691737114606
2024-01-29,436.55410672009225,172.53231631942958,172.2508711860671,187.9049115360944,154.15499145302647,321.4846619748334
2024-01-30,438.7135922168037,172.05648684994932,169.9506359563286,185.27149914402673,151.18816622759854,320.715121521731
2024-01-31,429.9986526083912,167.4202044230497,157.20378550944736,180.84362328144155,148.26151311265497,312.7625289254822
2024-02-01,440.48184005887396,170.0310254516856,158.39318293231887,185.59776199684956,150.23943385016275,316.48226649296214
2024-02-02,462.3777415713578,173.16399493575588,159.76212051542572,200.198086890643,149.42737357411517,380.7839719588255
2024-02-05,484.5460592267415,170.81846133815014,161.2208281786502,198.45024255909559,150.89869109081314,368.29400043621524
2024-02-06,476.7955528865896,170.75106321038743,161.69211678090744,197.09857200883417,152.20123607162458,364.5342075736715
2024-02-07,489.90640769506166,174.35567521111298,163.30789185581375,198.70659448345523,152.2896643865424,376.4549644780734
2024-02-08,486.70557143091787,174.38094130574652,163.72305904373533,197.9025832461447,151.4133038977937,376.783649887599
2024-02-09,504.1217230107379,177.09282671291652,167.19030531500368,203.2742922029668,152.03318377759527,375.2685083752401
2024-02-12,504.9253506322925,174.86522343234054,165.5408297539882,200.81565713205705,150.66458765129192,375.9017917217206
2024-02-13,504.0867362316007,171.10060158243192,162.85905872866772,196.50431133690515,148.96594690290104,368.86316569484865
2024-02-14,516.4709343326199,172.75434294634954,163.75674225640213,199.23094422692108,148.249430434602,379.4131084840163
2024-02-15,507.7907411361596,171.5182337201693,160.1997604519009,197.85598188716656,148.01598514712276,388.03104347066915
2024-02-16,507.47618061350516,170.46355474132375,157.6750568382622,197.51805535960523,146.76815371153359,379.4451922077273
2024-02-20,485.3847270423633,169.92775603216526,158.34827198209643,194.68655607689456,146.1643799298149,378.1866217659067
2024-02-21,471.54689503685836,169.67043562422216,159.9528711397743,196.44604630318852,146.77621296955655,375.60247525928435
2024-02-22,548.8847697075386,173.6656023843843,161.68087176990946,203.42577773463168,148.4265726775879,390.128035652421
2024-02-23,550.834681726472,173.11295086197416,161.5350148223409,203.90352611911936,146.93722427853342,388.4427516852439
2024-02-26,552.7566043220958,171.93167890508164,154.36489525211798,203.6005550557896,145.84239456575034,386.60502067086446
2024-02-27,550.02384308937,171.90638655996017,155.83484792634053,202.21392904129664,147.02578919104482,390.86638085416126
2024-02-28,542.7696148636658,172.00760844142192,153.02962360823557,201.77115390103245,146.05166207916068,388.4347554341036
2024-02-29,552.8963377789245,174.50515861463575,155.3635247771985,205.9659696287511,145.51228785384754,393.3381602884327
2024-03-01,575.0297220701009,175.28983819986755,153.88239618574755,207.66721260132041,144.6347973304608,403.1047666233023
2024-03-04,595.7025819308242,175.0451574018632,149.62970921541609,206.92146639772653,140.96379909201096,399.80641174708524
2024-03-05,600.8116665685168,169.8687055595646,148.86665489769456,202.88976431642732,136.95464730159836,393.41037334656994
2024-03-06,619.9338375969799,169.63247741867403,147.4416131736945,202.17897357706502,136.14961559264015,398.12110310012065
2024-03-07,647.6735995239661,172.60671020222588,150.78544069906312,206.03589833720628,136.05299142210575,411.0416381949327
2024-03-08,611.7425512546299,171.3748010541146,151.94118945615259,204.32300946989042,137.44571565062583,406.03396123854276
2024-03-11,599.4837179942747,170.65761147335326,154.47708626046207,200.37288199179292,139.07191000255128,388.0896579659104
2024-03-12,642.3897946503077,175.19700334929976,155.40841845397856,204.3696108288686,139.45834459487358,401.05834332607645
2024-03-13,635.2259979010603,175.12108693820346,156.85588110620506,205.7329272738765,137.76773826857956,397.7038172535777
2024-03-14,614.6500861382515,179.39046629529227,160.57003396304245,208.28478284273447,139.27318034775388,394.70236022062494
2024-03-15,613.9022237035963,175.67795166392654,158.41562113398768,203.2393367387352,138.96726382788304,388.49892288152563
2024-03-18,618.221461771669,176.0576518466037,165.7091421766679,203.30924766719835,139.85281360929275,398.8353608292902
2024-03-19,624.8122231520871,177.78310954354865,164.97980561849806,204.96387150079758,141.7527122849232,398.24149110339937
2024-03-20,631.6195820735757,179.3947057490931,166.8985741464242,207.5856379981187,143.83781246156252,405.68888845013714
2024-03-21,639.0489044397555,181.14124258784662,165.61937209655025,207.5856379981187,137.9609369377961,407.4865148098777
2024-03-22,658.9959088169754,180.87548264803374,169.1764057213787,208.42460469966082,138.69353466825194,408.9470646323529
2024-03-25,663.9792012945643,178.39485091429137,168.39093047543076,209.40341103812128,137.54233982116023,403.68259448733755
2024-03-26,646.9187397334836,177.88435767549828,169.06418016614978,207.76043309926862,136.62456542562165,397.9606104422032
2024-03-27,630.7669195462989,177.79154907541843,169.2885794562804,209.54323289504765,139.52274415127908,396.33147299152034
2024-03-28,631.5078380400566,177.49203100812636,169.35589406128685,210.18411270594677,138.0495142682706,389.6866129737324
2024-04-01,631.5567127009887,179.11624057312164,174.47261589357072,210.871593875824,136.88218848716986,394.3171827775805
2024-04-02,625.1895996323984,177.79577540397534,173.42905814482538,210.54533102300118,135.9241923092947,399.14834989398486
2024-04-03,621.7790029382218,177.37811701575004,173.83303214207612,212.54952727890824,136.57627196729902,406.66788625949744
2024-04-04,600.3991964792083,176.2939062379822,168.90709548102564,209.74131978569065,135.90806137528568,410.0224863713586
2024-04-05,615.097382761907,179.5170330228513,171.11759517753126,215.64904216071707,136.51993166891648,423.1998146547961
2024-04-08,608.9819074284544,179.1247063554794,173.75450707295644,215.78886401764345,135.61020411343785,416.70745104378534
2024-04-09,596.5481936873434,179.8376827329278,175.71815200422026,216.34816922534088,136.5923656474189,414.821520404477
2024-04-10,608.3249572046258,178.56360217595545,175.20200427206777,216.67443207816368,135.07085472405083,417.17286247589476
2024-04-11,633.3249605430589,180.53374067090473,178.8712116317979,220.2866508086918,140.9154683797992,419.84528858229737
2024-04-12,616.34136306622,177.98981901076084,176.98607449621142,216.88418264354522,142.13108761922254,410.808932478878
2024-04-15,601.0700879997618,174.50515861463575,173.7656829901849,213.95944508289432,139.0236289621917,401.4435701286958
2024-04-16,610.9528115148702,174.90171161056455,173.24951798459,213.6098904405784,136.35892035993962,401.0663642570042
2024-04-17,587.3296314116111,173.74575824928147,174.4501776919019,211.2328121928784,135.24794729518447,396.580294608793
2024-04-18,591.7746082248576,170.5521501380907,175.05609550417205,208.83244215568536,134.47509052850293,402.7035226386148
2024-04-19,532.5699805689839,168.37950225399814,172.90171722200208,203.48404276834833,132.83281491442068,386.0673221412554
2024-04-22,555.7598053453122,169.1557160568722,175.35905441030712,206.513628941702,133.50902267464173,386.59702441972416
2024-04-23,576.0631407204312,171.94433164026438,177.58078184436837,209.20530636748632,134.36238509581173,398.12919807041084
2024-04-24,556.8710495486238,172.57292582425876,178.5570422615496,205.7678827381081,136.06908510222559,396.0426454387588
2024-04-25,577.5239322255344,168.3457572517629,175.04488504005883,202.36541457296147,136.7694954724417,354.2153909941605
2024-04-26,613.1894548779381,171.41699871346358,192.94210598500595,209.29852686543455,136.29450838557105,355.74817855456035
2024-04-29,613.3430762165617,169.6999542979005,186.4340256413888,210.85994798107745,139.6757210381591,347.18532885354057
2024-04-30,603.8728227907618,164.24930298391922,182.65262727331458,203.91517201386588,137.12370545063516,345.2191889049547
2024-05-01,580.3823787885041,166.61604697577317,183.86446289785488,208.5760902313257,136.29450838557105,352.45789396884607
2024-05-02,599.7841769754143,167.83949034152673,186.96141838453931,215.24120470469254,139.29732086793365,354.45611764114295
2024-05-03,620.5558010416713,171.56044450476222,187.65708900348474,216.97740314149345,147.62960022665266,362.706027637043
2024-05-06,643.9763249005848,174.4629478300428,188.6221216831104,219.8788133526673,146.28513220256602,373.7165199401885
2024-05-07,632.8916052161281,172.691066145192,192.15663073905804,219.94872428113047,146.8406125259621,375.77103820770446
2024-05-08,631.8991558170928,173.19730680494024,190.05837387122372,219.06315622061024,147.1143416855932,379.26996571669025
2024-05-09,620.2622860014291,173.94825451318076,190.7091680868315,220.81100055215765,148.58760882249086,381.53307754790274
2024-05-10,628.1669478295044,174.96920161503502,189.23921541260898,218.4572318739427,147.56377260449577,382.159105036867
2024-05-13,631.8082970211963,174.53887736638305,189.7890636308707,217.39688649226449,150.1676207698131,375.58645807721626
2024-05-14,638.4968611384083,175.73700213652722,191.1355457388663,217.97950126944698,151.09465896579107,378.6680750598716
2024-05-15,661.3792295777697,178.80956924786838,193.57042745206016,216.7210512171338,152.94073818953922,386.44452801294705
2024-05-16,659.4852429905256,177.92629282996796,195.44435412353346,213.97110875763286,153.03746170377806,379.7756298821633
2024-05-17,646.3456509497241,177.59663920253118,197.55385600236576,215.2178951352075,153.06163947784702,378.716299364588
2024-05-20,662.4276044084944,179.76474575221167,198.51883686166425,213.86622458494608,154.004821025797,376.25254086124437
2024-05-21,666.662981036498,181.32852669398994,199.5623946104096,213.41178576994344,155.060881857921,372.8739273161749
2024-05-22,663.6156592811178,181.95402332040845,197.9129535962789,213.38849398045036,153.89196657754917,375.4018532669406
2024-05-23,725.4624030335407,180.46635566838597,194.73745576703237,210.96481437377227,150.65132526674873,373.79680328882847
2024-05-24,744.1232827266932,181.8018886176047,196.35323084193868,210.61524195146438,153.15031615202594,383.7801228374722
2024-05-28,796.0662574815956,181.8694967492708,197.93535725106292,212.2465562155785,153.15838782801197,385.1444214888144
2024-05-29,802.5242293460824,181.38346896522938,197.37431584213041,212.0950884639056,153.40024007647975,380.6824146333864
2024-05-30,772.2963465656803,175.2552138062866,193.12164614524133,208.94897222311863,154.20636456618683,374.8160044719775
2024-05-31,766.2367966639171,175.4496249199032,193.5592688082741,205.59310541695015,154.98025202380202,374.639445272417
2024-06-03,803.7472709978429,174.76917289700123,194.31100902122802,207.8070344582468,156.4151973267106,383.19429872229654
2024-06-04,813.7906666223323,175.8468998042501,195.00673146050065,208.9722640126117,156.67315567326128,382.7930300578216
2024-06-05,855.7462245993646,179.20265717939031,196.82451944419591,211.2328121928784,157.898485759794,397.29455233796256
2024-06-06,845.6680024405282,179.41818681054733,198.30563076220446,215.56746755751539,156.77795086348615,396.2512636822428
2024-06-07,844.8991479383906,179.13502279723625,195.75854076722413,214.7518104254583,158.72075360147318,395.60924369099797
2024-06-10,851.203391634394,180.8340200023468,196.60105291995453,217.96783759470847,155.68159374124727,403.3455179500722
2024-06-11,845.1223689307786,182.86692341393896,198.40966870573897,218.16592448535147,166.99171305862438,407.253809093823
2024-06-12,875.1080150037196,186.40861299509405,199.72400493744078,217.76975070406544,171.76408527638753,408.3532195862495
2024-06-13,905.9327027967925,186.62839520529587,196.769572623943,214.20415111250742,172.70726682433755,404.5492992637094
2024-06-14,921.7992872578818,187.0468411081591,198.60064388483863,214.00606422186442,171.29653654938707,404.9991624297127
2024-06-17,915.5085041242336,189.4981116711507,199.1061684499193,214.47214893161362,174.66617566040745,406.98336798272663
2024-06-18,947.6609802467582,188.64015384885965,196.6908920938418,213.01561198865744,172.74756311445245,401.24773601512135
2024-06-20,914.1105285767873,188.36968194646317,198.05022564297798,216.8492271793136,169.0312765647394,403.0230271672015
2024-06-21,884.6839231610207,190.0940108724271,201.79103142142813,220.32160627292342,167.26583959307328,397.4641024778815
2024-06-24,825.5511920009006,189.202255546925,201.3304523534547,216.23165693789957,167.78981554419767,400.7817569479
2024-06-25,881.3288779940237,190.58854381455814,206.73384423569684,217.12887089316632,168.53953764570696,410.1725394791763
2024-06-26,883.4956546286774,191.09990331945295,206.5653245317083,225.60009473179727,171.90917675672733,412.19682500704147
2024-06-27,866.6505620652777,191.39153311512177,208.28410114360554,230.54067444310178,172.59441237608968,417.370202056505
2024-06-28,863.5052239133835,188.89795989082947,204.62190680148703,225.18061138102618,169.78903308834555,405.04738673442915
2024-07-01,868.8173386999314,193.03136172043597,205.56553768598747,229.78326456476935,174.73066214255437,405.41689251243014
2024-07-02,857.4241477948381,194.10908862768488,208.09312596450584,233.0459108729896,177.56826604442736,409.2889043686
2024-07-03,896.6363683830085,194.73881158266028,208.74468021157892,230.237703379772,178.60014910248242,409.6583607870261
2024-07-05,879.5115418313015,197.60851492327114,214.11440615459662,233.0459108729896,182.46153955049832,433.71764904046535
2024-07-08,896.0769538213242,197.0506395537627,212.350718592477,232.21859006619403,183.65463260493908,425.2106250187026
2024-07-09,918.3043483892661,194.21898629540777,212.294493537487,232.27685509991068,184.34791506436136,425.75678871541396
2024-07-10,942.9778796756592,197.05487900756356,214.7659604016697,232.80120484337647,187.8143273614728,429.5243063514358
2024-07-11,890.485372121119,192.17340389814495,208.463865858592,227.27802813488148,183.4531014825123,411.8594769921139
2024-07-12,903.3464587170026,191.68736298885955,207.90215078540615,226.62550242923584,185.84733443145382,400.7495991848266
2024-07-15,897.7545565272177,191.86064245969172,209.54229868752932,224.56304113961215,188.95902761388655,398.5726198118845
2024-07-16,883.2161343000902,189.9841132047042,206.61027002881553,224.91261356192004,189.29762821251927,393.45553735764
2024-07-17,824.7124173554188,187.448302945331,203.35249879345002,218.98158161740855,184.50914989667325,371.1233653111396
2024-07-18,846.3803973616765,186.11699632466917,199.6116930149999,214.1109306145592,180.72028035290114,382.25733059099764
2024-07-19,824.2931101550729,184.73918696463772,199.57797525544828,213.38849398045036,180.82508796108905,383.01243336843004
2024-07-22,863.5052239133835,187.2031890142758,204.0826817502972,212.71265870531968,180.5429518404694,391.53559797119806
2024-07-23,856.8650003078036,188.01044401912822,204.21750096817647,217.21044549636807,181.3893726202914,392.57185288748883
2024-07-24,798.5710972080951,181.2693580941936,193.9274349594437,210.70846244941256,176.173679121449,370.5449698119925
2024-07-25,784.801422653245,176.8316474832476,187.9173997803509,209.5665424645327,175.32720866977476,364.23094234524
2024-07-26,790.2533243115516,179.7351614523135,187.60286766781235,212.654393671603,175.7061055585224,374.10369644601803
2024-07-29,779.9785352103873,180.3522316721062,190.44498805886926,213.4700508036601,175.93180203705506,374.1117173769458
2024-07-30,725.039677277676,178.74198736669018,191.29872794915528,211.7338701468512,176.38325708393566,372.08738248950567
2024-07-31,817.9324602930103,176.81051584046318,192.70293790162913,217.8746170967602,179.02741395733102,381.4379369672058
2024-08-01,763.3430962471605,176.28645109940982,191.82672526278952,214.48381260635213,176.0285628051831,399.84192596125456
2024-08-02,749.7830218775536,172.64330338240163,187.22090003617058,195.642035065878,177.23776195770677,392.13010937156315
2024-08-05,702.1134017658709,167.00531546130114,178.89672450621273,187.62526782224168,168.70074764209272,382.1609807007147
2024-08-06,728.6742427732604,168.89029737340243,177.81830895071784,188.68561320391987,167.05622437669743,396.9097697715176
2024-08-07,691.3493853210164,168.3916037289343,178.54847463412258,189.66441954238033,169.14414343095032,392.7566551360643
2024-08-08,733.7067838162911,170.19201969416605,182.01971107058375,193.19506366970677,171.95754472282826,409.39329986959814
2024-08-09,732.1690748120161,171.59937397836381,183.86201006903505,194.52342465048312,174.3195530576409,415.9322589193523
2024-08-12,762.0150408430585,171.9332933100894,182.3117877080111,194.36029322407174,175.56242972597093,414.4702283096289
2024-08-13,811.7815708609805,174.97626299628843,184.4124974046653,198.35702206114735,178.58088884178343,424.58395585526415
2024-08-14,825.3416452305876,176.1807797602438,180.15488750325173,198.20555430947445,178.94407700726595,423.15405832882675
2024-08-15,858.7522031989402,178.26390035524787,181.1996543929646,206.93311229247306,181.3652941899269,431.6451392078837
2024-08-16,870.7744617344123,177.18001770857916,183.06442613996947,206.315542051059,182.43870291643933,423.68422952325744
2024-08-19,908.6584666736908,178.4756236656549,187.23216232061097,207.66721260132041,182.30955610066275,425.17844257584176
2024-08-20,889.4369438754641,179.86012690010875,187.80505331102526,208.43626837439933,182.80995033994486,423.12997085625597
2024-08-21,898.1740773872834,179.58067733083988,186.31098691122176,209.86949574787047,182.72116190409844,429.9018577401521
2024-08-22,864.9031994608297,175.94367222800753,184.0080397510275,205.23188709989574,181.21194476415525,427.30722232385494
2024-08-23,904.2550466759689,176.46870823711436,186.05259348646126,206.2922324815739,183.07627839359492,424.1501839106912
2024-08-26,883.9151220738133,175.07148664125793,186.6592367833119,204.49778679104838,183.35067812323103,418.6233923046571
2024-08-27,896.7763154995572,175.21968377087208,184.99663340607754,201.72453476206238,184.03669607426588,417.0005975593541
2024-08-28,877.9739396568866,173.84787264733285,182.940886479973,199.0212114415315,182.79380698797277,415.1369280883437
2024-08-29,821.9165730903862,174.914849979774,181.73886217071205,200.5593052076974,185.4571371963257,416.293768446213
2024-08-30,834.3582456560641,176.6169053667285,183.5362502189409,207.9934754541432,184.81956171917014,418.77611082952154
2024-09-03,754.8855898937884,173.35669976765692,176.77359388133215,205.37170895682212,179.79150364209545,411.104349534894
2024-09-04,742.3740505996961,173.1280580177784,175.75129974017287,201.96924079167547,178.24192812222205,411.89161007539985
2024-09-05,749.3637680921375,172.91213462930241,176.6387746634529,207.28268471478094,179.47674553252912,415.20119425491566
2024-09-06,718.7490009738876,170.0796019796018,169.5390616444248,199.70869261140876,178.21772551222702,401.87428177962244
2024-09-09,744.1913333474882,171.78168361704422,167.27808894924613,204.38125672361508,178.2903333422122,405.50524615157275
2024-09-10,755.5845242525816,175.3721203542871,167.22184662081375,209.2169700422248,177.6446737711075,405.50524615157275
2024-09-11,817.1636592058029,179.11495429921305,170.03399758931837,215.00816234981795,179.70270278828596,411.16057009075064
2024-09-12,832.8218720250387,180.7916385895823,174.00473015946497,217.8979266662453,179.79150364209545,422.222248273109
2024-09-13,832.5421914516616,182.31164684273568,177.1206173390124,217.30366599431625,179.57359322639851,421.4350124123906
2024-09-16,816.324777730461,182.6291727447484,177.79554255364354,215.43929159533553,174.585893529254,428.8004481849405
2024-09-17,808.0063638547579,184.2423177290808,179.21286304889387,217.75810480931895,174.9652002107825,431.2447836955452
2024-09-18,792.4879913222105,182.40475732342676,179.76404132221984,217.23373728586114,178.1127937244085,432.5553297697777
2024-09-19,823.9442572473712,185.7411549637179,182.38497528343126,221.24212979767526,184.71462993135162,449.5617270791873
2024-09-20,810.8723953377847,184.29315179895906,184.0159855345284,223.25798972832084,184.17388973010242,451.3708542198889
2024-09-23,812.6898383303669,183.54793982233144,182.0587490503925,225.91471168987357,182.77765121803765,453.831379671074
2024-09-24,844.9150655875249,181.71039254192138,182.55370226872847,226.0079321878218,183.50402754900267,452.9630460287291
2024-09-25,863.3693897464433,182.95519067960674,181.65377319348295,224.3416446794841,182.69694687614032,456.9673415457383
2024-09-26,867.0742492898819,182.6164675085898,183.04863821362204,222.7452858796015,183.62509027083019,456.5893952804226
2024-09-27,848.6199251309633,181.2234722412903,184.42096139143797,219.02820075637862,183.84298826856403,456.20340340439157
2024-09-30,848.8994988744807,182.18882080970678,186.55820441875383,217.1172249984198,188.04783473876734,460.2882537477028
2024-10-01,817.862646979526,178.1199558046785,187.84055023514335,215.71895308918027,182.56783731425287,463.5285617637904
2024-10-02,830.7946686024238,176.61266591292767,186.56944942975184,215.2878060636707,183.02786075564174,460.58569454629145
2024-10-03,858.7558354141787,176.3628531445328,186.56944942975184,212.02517753544242,182.13200406489602,468.59428558030976
2024-10-04,873.2256728712114,176.15960874172748,187.91926531212937,217.32695778380932,183.04399168965077,479.1841355858164
2024-10-07,892.7984522489888,173.3990549299335,183.32984985578403,210.673506985181,178.9198743972709,470.21061422129566
2024-10-08,928.9382994796185,175.58804374276306,184.90465232533356,212.91074559596268,182.2127208247564,476.7316557453466
2024-10-09,927.2606433587949,176.75239726018407,182.0700286082753,215.76555444815838,185.25538255056392,474.81793566534697
2024-10-10,942.3595484462064,176.0664588853045,182.3174706705585,217.49008921022076,184.85183600515123,469.44667607994893
2024-10-11,942.2896817177922,176.26971641335382,183.62230650894404,220.01865298958566,183.64931771675134,474.3676776227441
2024-10-14,965.1479600237324,177.46369360640492,185.55708751796868,218.52714280240585,186.67582367262375,474.74557452848495
2024-10-15,919.9207910003322,177.2943123330305,186.11951080229267,218.70193790355583,188.73386510776527,471.4086204646649
2024-10-16,948.7207324575688,176.1850060888007,185.78205683169827,217.76975070406544,187.06321444810132,463.78592258752764
2024-10-17,957.1788797901007,176.4390714362403,183.27359025390925,218.51549690765935,187.36182920569556,463.8985611375408
2024-10-18,964.6585724352522,177.04875214368047,183.82480307411998,220.21673988022866,189.66199608449207,463.5285617637904
2024-10-21,1004.5729856929446,177.3112701482339,184.55593607029877,220.3099603781769,190.856467532832,462.47527779414526
2024-10-22,1003.7342644623928,181.00757510330223,185.75956680970228,221.04404290703226,190.3560732935499,467.9833127617021
2024-10-23,975.5634440504648,179.7754559512875,183.10488054205445,215.22955880994604,186.240015259193,453.2524905761774
2024-10-24,981.5051072017613,179.83047697399076,183.03735865573924,217.17549003213645,186.0866782513844,456.541220335281
2024-10-25,989.4041070472588,181.27853263972546,185.90576922611868,218.86506932996724,186.7645996905071,460.9395533390364
2024-10-28,982.2739617038989,180.61801786240702,187.5368140241006,219.51759503561289,188.37066452431966,464.88752958103896
2024-10-29,987.3769036246437,182.88742504501303,190.8664082329372,222.36075799306207,188.58858735797963,477.04528648451543
2024-10-30,974.02552138647,183.13302461009494,196.2432508342209,224.5746870343587,185.70733431596676,475.85522713271155
2024-10-31,928.0294978609323,172.04841482491057,192.4749630089231,217.19878182162952,182.3256994526348,456.38035748055154
2024-11-01,946.4838220198509,173.75048333710902,192.6774423006567,230.63387716105802,179.9044946879369,456.042589909237
2024-11-04,951.0275096237011,172.9417845554204,190.37148956148602,228.12864073117018,179.17811835697185,450.83219317856845
2024-11-05,978.0099546734258,174.211980040179,190.9339473926948,232.46329609580712,180.3403155193307,460.28020813698765
2024-11-06,1017.8545012027039,177.9040192909586,198.54922084683398,241.30738414623903,179.7511576801283,459.97457364895905
2024-11-07,1040.712886338504,180.12689748370698,203.31864284635927,244.75647145035575,183.59280356688603,475.77482038513426
2024-11-08,1031.974737943015,178.90324411404995,200.61899380816186,242.5774800932987,183.37465720989107,473.87724088614004
2024-11-11,1015.4079905797429,176.9852522133755,202.8687214923425,241.01607675764777,181.16894135809426,468.9159619301939
2024-11-12,1036.5883991051398,179.11070172016824,204.29725245170602,243.42811046957937,181.16894135809426,470.24264858543165
2024-11-13,1022.4680555349686,180.02952129872713,201.21515212547982,249.47565470153216,181.88800350881965,466.36703348029124
2024-11-14,1025.89323450503,180.7450702239928,197.50310662861443,246.42274117870144,184.39269423913927,464.08341274569113
2024-11-15,992.4797387155286,175.7108172748161,194.027292729919,236.0871607210818,181.7910564712458,445.5252984788921
2024-11-18,979.6875039643894,176.03259575587361,197.18814268001606,235.02679755941162,184.23109928589884,445.78260994305447
2024-11-19,1027.6409710139876,176.8920892317086,200.36023764111107,238.4176198298117,184.44116154894468,451.1619151391677
2024-11-20,1019.8118378969048,175.91830113142228,197.95302798263123,236.4017776791581,185.02289344623995,454.7239982242893
2024-11-21,1025.264433949301,175.15887451558007,188.56045549376654,231.15824468451584,184.63508046001846,452.77005009071365
2024-11-22,992.2702453601454,176.91102895875076,185.33208365735433,229.69004406682112,185.72581224499325,449.59390952204814
2024-11-25,950.8178026085982,177.67042932410507,188.58294551576253,234.73549017082038,188.1496868717481,454.394226904115
2024-11-26,957.1090130616863,181.57348312211755,190.23649760918283,242.2046158814978,189.9191348454811,461.17262925190323
2024-11-27,946.064407989645,179.45227306912568,190.36022727704562,239.73433491584154,189.81409129599513,457.6830060227937
2024-11-29,966.4062021143499,179.65165865020515,190.04526332844725,242.23957134572936,191.75320589895466,461.79989073024103
2024-12-02,969.0624197524137,182.8420117008925,192.9024116143863,245.5255272234347,193.5791928584791,476.6834314406301
2024-12-03,980.4565721262467,182.935332185487,192.7336846290891,248.70659892845325,196.0515472130024,493.4243235964374
2024-12-04,1014.5689488596112,185.57413623425725,196.14199391491172,254.20648384745513,196.34241316165003,493.52881781658533
2024-12-05,1014.0797749308509,187.78022723997384,194.1960197152162,256.9913817711877,196.36664060757118,489.62911523887414
2024-12-06,995.7640091003017,188.18326410642157,196.52449702326766,264.5420643050748,196.20507049025684,501.5616937614742
2024-12-09,970.3874305055068,189.22266530129127,197.4929325710448,263.44674567917303,199.3641878735983,493.3600080702905
2024-12-10,944.2422110682946,188.0814253384935,208.52921129116564,262.2232510910914,200.18830599177272,497.98347009534723
2024-12-11,973.8827966935623,190.48270184722057,220.049750968781,268.3057507872758,199.15412561055243,508.7260386257184
2024-12-12,960.1110389564433,190.72450821679647,216.17580149636376,266.8026124853415,200.3418168510641,507.20630667289004
2024-12-13,938.5097207828011,189.7529907837162,213.7658108136586,265.04312225904755,200.47918435838338,498.81172376284087
2024-12-16,922.7804126917613,191.58574735007886,221.46871244105867,271.4169115638312,202.83035181144862,502.344487260448
2024-12-17,911.5253527955972,192.80331060653592,220.0722928111042,269.342804379461,204.80176553631537,498.4817550043668
2024-12-18,901.1789876882592,185.56141787285472,212.1667046106618,256.9564263069561,200.4145612786429,480.57651983529945
2024-12-19,913.5524493883522,185.4086794088285,212.2905724660637,260.18409937095277,201.8203988761495,479.2728347419836
2024-12-20,941.6554328392051,185.2262516429524,215.5564103990269,262.08342923416507,205.61781197850374,470.96803689875026
2024-12-23,976.3996013643776,184.65353162251904,219.18262416064027,262.2465606605765,206.24801118560438,482.7170965217233
2024-12-24,980.2446216840846,186.3844625461976,220.84930407027943,266.8958329832897,208.61534682656782,489.0745110548481
2024-12-26,978.2172046017497,185.86685542517523,220.2749793841465,264.56537387455984,209.27782031964958,485.5336525869507
2024-12-27,957.804048130591,182.65107877692677,217.0766978843833,260.7201127891571,206.50656559438175,482.6848647192874
2024-12-30,961.159680861818,180.23288382872818,215.36496883698257,257.86530393696137,203.767572737132,475.78834490866785
2024-12-31,938.7892945263184,178.82014819450455,213.1802411165277,255.63971122092627,202.3294111817921,471.17732149649595
2025-01-02,966.8919574875913,177.58132204282347,213.32661626736802,256.6068538846482,197.0211169324452,482.2262155489448
2025-01-03,1009.9552876974867,179.6049984079079,215.98434266087705,261.23281663787645,196.6251825983855,486.56368819679903
2025-01-06,1044.6293758345248,181.51410451841775,221.70518586742222,265.21789958020554,197.9502537641795,507.1406584382198
2025-01-07,979.6851537074701,179.18923005481363,220.1511115287446,258.8091370311983,195.69605818461426,497.2345372647824
2025-01-08,979.4754466923672,180.11833982464148,218.41684063902065,258.83244660068334,196.09194284682175,491.4645016734438
2025-01-10,950.1143279807568,177.73829996065052,216.26586522500216,255.11536147746043,191.36540533069626,495.60078469384257
2025-01-13,931.3790412901416,176.99164420718668,215.10593629485354,254.55605626976302,189.38588267595432,489.54120583590594
2025-01-14,921.1026497410778,176.3467747206751,213.58564880949706,253.74038135771397,188.48097329014118,478.2106166892744
2025-01-15,952.4213188066091,180.86076924954844,220.21866796194453,260.25402807940793,192.18949861294456,496.6147784418355
2025-01-16,933.755898844408,180.12680560699923,217.24561487754684,257.1195577333675,184.42501819697262,491.93114709492676
2025-01-17,962.6977103556726,182.0147144485048,220.72543621487748,263.27196835801504,185.81471244250716,493.11424674666415
2025-01-21,984.5087355444176,181.7898658941323,223.0340490641767,268.83011831073367,179.88425340815652,496.0836694154808
2025-01-22,1028.1312132413475,189.29904109592636,223.3944076193845,273.84059117050936,180.84573903365026,501.7489639887966
2025-01-23,1029.179961976582,189.51539761745323,222.95521307309394,274.318339554997,180.7084087802201,512.1702510458831
2025-01-24,997.0222511909192,188.3911548455907,225.4665470423203,273.6541679546048,179.9973810515916,521.0544315797624
2025-01-27,827.8458973928574,184.36081243160106,216.00686722975783,274.318339554997,185.71775298697025,531.0250163580716
2025-01-28,901.7382420051538,189.72327523137835,219.93716267126183,277.49941126001556,192.5046044254764,542.6534411798913
2025-01-29,864.7571630422634,187.65720432828545,220.06099597977902,276.24097898769435,193.39337045931748,544.391687970979
2025-01-30,871.398348116583,176.05828185831405,226.2098232685015,273.4094619249917,191.96326816200053,552.8493030582267
2025-01-31,839.3806912773287,176.0879842854079,229.7571837655897,276.9517519470647,190.6786050479889,554.6036904303198
2025-02-03,815.5421955913185,174.33161663892426,226.6152136880285,276.64879866372695,184.2230151919497,561.2668381706231
2025-02-04,829.4537402001964,174.94675744785405,232.41487561221396,282.0554630847806,188.09314788595665,566.6825707330421
2025-02-05,872.6565902072006,175.3370628276553,215.46632939694615,275.1922617207708,187.82652180119325,567.2298203404022
2025-02-06,899.5709846361301,176.4104190286637,215.77039380339437,278.29177660257955,188.43246872644661,572.9594797994397
2025-02-07,907.6803324758903,173.8352199121501,208.72068740009473,267.01234527073103,183.91598105540393,574.9955129061406
2025-02-10,933.755898844408,174.88312626510944,209.9932219012049,271.6616175934443,184.13437577166,577.3130436687245
2025-02-11,928.373169520426,174.552199489008,208.69816283121395,271.2188246731882,188.15436844381998,579.2443851169776
2025-02-12,916.7683486627504,173.5340349388744,206.7724676528881,266.7559933463714,191.59195864867974,583.7348724471459
2025-02-13,945.7800269024295,174.17038614205242,209.62160106155667,268.4339267494556,195.36119539286122,586.2938702503363
2025-02-14,970.6672179087441,173.27521825311928,208.59680227125043,266.46468595778015,197.84436579320578,592.8202426084808
2025-02-18,974.5121313985912,173.78855966985287,206.95262965704964,264.0992713848187,197.73922290001533,576.4841976863316
2025-02-19,973.3235423766679,175.9649351232316,208.641851409012,264.0759795953256,198.06274809149878,566.3446057234278
2025-02-20,979.4754466923672,176.8959218029465,207.8422637606288,259.70636876645705,198.83924332135558,559.1584439270601
2025-02-21,939.7678560435588,173.5291392228753,202.32415894745316,252.36541901795948,198.61277692911347,550.0730244061504
2025-02-24,910.7562846337398,171.7394990829392,201.86242255883937,247.85598633216455,199.86648206122788,537.6640766258041
2025-02-25,885.2400259970464,169.1463708831688,197.54926126668917,247.96085272485934,199.81795266160722,529.109766131249
2025-02-26,917.7471238397109,169.9243172182463,194.51994858041667,249.7669620901234,194.41484726433205,542.1464196261073
2025-02-27,839.9398921792931,166.86361532744988,189.75629591065072,243.23002357893637,191.93977337589962,529.7052400433254
2025-02-28,873.2858714972994,168.7595436930184,191.76084435350168,247.35492837819183,195.61192648491362,537.7203959008108
2025-03-03,797.3661632175979,165.14621653029974,188.07831916968635,238.8953682142994,192.53023510122284,527.1381472698448
2025-03-04,810.8583472111999,165.1972081031056,192.48157873735974,237.47378673557483,190.83164402468418,515.0270351646867
2025-03-05,820.0162301264745,170.47268991112372,194.84652028230332,242.78723065868024,190.67797173187307,528.2808707892812
2025-03-06,772.9684132146934,168.7170441530582,194.0919990451241,233.8615680050467,190.34633761051444,505.3139099292647
2025-03-07,787.7889196870473,167.19518524050565,195.79246580808444,232.17198870721592,193.37144033656156,503.48716142030946
2025-03-10,747.8715686082058,161.605156960855,187.00966310914362,226.68374968296052,183.996859248784,481.2203167712421
2025-03-11,760.3151106964332,161.72842925217873,184.9464367824828,229.0724738254071,178.62613989915747,487.4328609519179
2025-03-12,809.1850711146348,162.92721028452118,188.40768916924068,231.75250535644483,175.50396595590593,498.5783023329494
2025-03-13,808.0664556509857,161.01425847752947,183.50330976429697,225.92635758462006,169.59937353859976,475.3055589061795
2025-03-14,850.6440839025696,165.17598458361346,186.58122991746404,230.65718673054306,172.68108975821667,489.38873410891625
2025-03-17,835.6825086001376,165.2354944397529,185.22828754201333,228.082039372192,173.0936020729554,487.21409931578376
2025-03-18,807.0177603306812,163.03345913442166,181.146918573338,224.67957120704543,172.03400212136063,469.0593021358197
2025-03-19,821.6297883313215,164.86141186149297,184.77731250801054,227.84897923732547,174.0965636950543,470.4285861042307
2025-03-20,828.6910818299367,164.44481661802888,183.5484107223857,227.1614980674482,173.17449268429857,471.991162168107
2025-03-21,822.8881906667292,166.3237477926621,184.89007353995365,228.6296986851429,176.54738530163948,480.24699531299984
2025-03-24,848.8263738353374,167.0974021729629,189.05033032003888,236.8445528194222,178.53715277590214,498.4499674381054
2025-03-25,843.7924974190574,167.98161048318485,192.2973920211206,239.69937945160993,180.97985303464904,504.4587059338538
2025-03-26,795.3421112758517,165.77536197454071,186.0964162098129,234.36262595901943,179.1842155768321,492.111161464733
2025-03-27,779.0521600797379,166.03463804383466,182.91703185602793,234.63062377812562,181.06075606395524,485.34544452770444
2025-03-28,766.7472831497396,161.02702933990784,173.99890900937845,224.56304113961215,176.24809997404026,464.53268359679527
2025-03-31,757.7283324673438,159.57745114587317,174.3484198427633,221.6965686126779,179.66954682692793,464.22660487259213
2025-04-01,770.1031829556164,162.4681023758529,177.0881259938707,223.922161328713,180.52692025016484,471.991162168107
2025-04-02,771.9907597512627,162.4468526058728,177.05427004677995,228.39663855027635,181.0931172756777,470.3239438053579
2025-04-03,711.7249910963989,158.6082043799989,169.92885414547072,207.88860906144845,164.34995285209877,428.19100551315603
2025-04-04,659.359290585632,152.96715827705447,164.15631152584263,199.25425379640612,152.37087786492498,406.5326163443744
2025-04-07,682.6406151370167,152.12547575728064,165.4528733853218,204.2181252972037,146.7736672871302,415.8112786011743
2025-04-08,673.2722239826893,150.722649682251,163.1415831524516,198.8580800151201,139.46167260897244,411.13974035012603
2025-04-09,799.3272389568972,165.99641733340718,178.93714436141292,222.67537495113837,160.8395437118819,471.8059156833571
2025-04-10,752.0652815908247,162.1110038632843,172.29649034742766,211.16290126441527,154.02093954184298,440.00684864102294
2025-04-11,775.5564734021024,165.12921933936445,177.1670656256078,215.4159820258505,160.27334668636902,437.81607326688504
2025-04-14,774.0183370783876,164.8571461572042,179.34303571076933,212.2116007513469,163.8080205263962,428.07821888441805
2025-04-15,784.4354769679495,163.97293784698223,176.2312768839539,209.26357140120297,163.50065110484792,420.0560539672913
2025-04-16,730.5317469633278,157.97055377766833,172.8714886978139,203.13447034604044,157.1350045552193,404.58340672999293
2025-04-17,709.5575734825853,156.3424460152153,170.42491286411985,201.13027409013338,159.32699855783986,403.91488064700536
2025-04-21,677.537032237112,152.66109071302364,166.4901090541512,194.96621757073927,156.23719824427386,390.3672568323678
2025-04-22,691.3798852460352,155.9343428045969,170.77442369750472,201.79444569052555,161.5594130302059,402.94834613031736
2025-04-23,718.087029746641,159.1523376190755,175.14894025703575,210.44046463030642,165.49044341503668,419.0492173576647
2025-04-24,744.0950796436637,164.64033025213857,179.5798027856535,217.36191324804093,168.53978600496805,429.4233660206835
2025-04-25,776.1157811339268,166.57455807959832,182.60134242284903,220.21673988022866,169.2758110932272,440.79625632303873
2025-04-28,760.1753772396046,166.28122200221395,181.07929304636846,218.71358379830235,169.97144054766696,442.78569399099615
2025-04-29,762.2027943219396,167.50550538358132,180.57193749639418,218.35236548124794,170.836910482816,446.5712772314461
2025-04-30,761.5036463034264,168.024123148389,179.03862583547323,214.89163228238465,171.88032982854952,442.18962776402054
2025-05-01,780.3106158300753,180.83657942492007,181.85725434487534,221.6266576842147,172.5435980712668,460.8840731768038
2025-05-02,800.5157745638904,185.03653936667547,184.9351572246,221.37030575985506,166.09706091029506,480.86714901254624
2025-05-05,795.7615787209875,185.41490077446815,185.1381201727206,217.14053456790487,160.87189250564134,482.6794351660441
2025-05-06,793.8040283670668,184.19909630070248,184.03320715659447,215.5791134522619,160.56451066612996,473.0462230824499
2025-05-07,818.4137288121335,184.21609349163776,170.6729767703292,219.8904770274058,158.73653683251663,480.6979937492268
2025-05-08,820.581093011017,186.2650884523316,173.9425457668493,223.81729493601824,159.73952329054165,481.6645529457023
2025-05-09,815.5473234245967,186.5031278768894,172.21756798913293,224.95921492089815,160.58070368995425,477.21848923297995
2025-05-12,859.9426617434126,190.97940045460595,178.6552936018824,243.1134935115031,170.72076527435846,515.0261466923378
2025-05-13,908.3931013015482,190.9284088818001,179.86165354518405,246.29456521652165,172.4539776318957,528.3965202733657
2025-05-14,946.216640540089,192.54375890711867,186.44594431664018,244.9895138052303,171.968013065684,531.0786702160315
2025-05-15,942.6509803041793,192.97816510664393,184.85625213974768,239.07014553545736,171.255308912043,518.6103922266074
2025-05-16,946.636054570295,193.46365475568277,187.3704362269689,239.5595398146916,171.10143793182303,515.7590870206221
2025-05-19,947.8247504220781,195.42270241948123,187.7650480184425,240.22372919507578,169.0928696614944,515.8315468766341
2025-05-20,939.5047340984755,195.12460187853742,184.87881125551326,237.7884036936511,167.53781781991358,513.1494462935432
2025-05-21,921.467153223264,192.73966629854732,190.04251685110674,234.35096228428088,163.67455225947631,511.8606677918593
2025-05-22,928.6682335936376,193.71492442615775,192.64688558106306,236.65812960351772,163.08333303840672,512.722535329887
2025-05-23,917.9012793276343,191.7218167542689,189.94103537704643,234.199494532608,158.1509802026003,505.0627190523949
2025-05-27,947.335149173878,196.19780057661822,194.93561669816765,240.06059776866434,162.15193613739632,517.3538455273592
2025-05-28,942.5111400174908,194.77961796614895,194.32679694757545,238.5457957919915,162.32201255940367,518.368727747701
2025-05-29,973.1333852259379,195.34179841567806,193.76309542851436,239.6877157768714,161.9413523199021,519.5526665122123
2025-05-30,944.7484777746486,196.05724233899198,193.62777528080574,238.88370453956088,162.67028675125658,521.5180167075991
2025-06-02,960.4790678240079,196.74293133423618,190.57239696996183,240.79468029751973,163.35870136916114,540.3734730538367
2025-06-03,987.3259457814423,197.16880612518386,187.3591739425285,239.69937945160993,164.63026353214926,537.1114468247756
2025-06-04,992.2200353259639,197.55210262470752,189.4675012272781,241.4705155726504,164.26579631647203,554.1062939936493
2025-06-05,978.7265693740425,199.17468465945112,189.6478877861907,242.26288091521445,162.49210139937404,551.4242427701334
2025-06-06,990.8217392889378,200.32454790753422,195.81502492385005,248.85808446011808,165.15669823995864,561.9674479773217
2025-06-09,997.1839915988998,201.33389229372304,198.7725146366514,252.83150372770868,163.15622648154215,559.0276410534691
2025-06-10,1006.482462609883,200.55452843229725,201.60584284553016,253.565604036556,164.14431138390063,565.7450349666314
2025-06-11,998.6516202150405,201.27853001467665,200.19482715675338,248.4269374346085,160.99376239506745,559.0920552987658
2025-06-12,1013.824024246105,203.94026386465458,198.33226641037484,248.47355657357863,161.3339152390821,558.4637079097793
2025-06-13,992.6384878874302,202.2750772879991,197.1696082763281,247.14519559280225,159.10666663934714,550.0146320289963
2025-06-16,1011.6565532173615,204.05525412703608,199.54011186972232,251.80611381026208,160.70218862252565,565.9546157218267
2025-06-17,1007.6710516318061,203.5867747941765,198.61449718563804,250.3146214030743,158.45065048705425,562.0130068649914
2025-06-18,1017.1799774669119,204.52372033465173,195.64572791495388,247.6345898720365,159.2119461301312,560.8361265196964
2025-06-20,1005.7833680062998,203.31421597798948,188.10524846637742,244.33698809958466,162.79175926586493,550.0186795141414
2025-06-23,1008.0207057634576,206.9767759308226,186.46848615896334,242.9154066208601,163.19672145906597,563.060861281393
2025-06-24,1034.1003316666538,208.7271190903261,188.251986359508,247.92589726062775,162.22484199849484,574.0797447122784
2025-06-25,1078.9185559861244,209.64702806413413,192.66564453950213,247.01701963062246,163.24531294850192,571.2423589064263
2025-06-26,1083.8827259187801,211.8530928193628,195.89405092279912,252.9946351541201,162.79175926586493,585.2759770959233
2025-06-27,1102.970444317406,211.21000836603054,201.52681684658108,260.1957630456913,162.85655619708822,591.3537696370128
2025-06-30,1104.6486345875292,211.8360431274516,198.93056663454956,255.63971122092627,166.16907267805357,594.9488742777692
2025-07-01,1071.8565680934194,209.55332694746463,198.490318408273,256.8865153784929,168.31534374070398,579.7383263834024
2025-07-02,1099.4746508099106,209.14448872318414,201.6509783505037,256.2572814623403,172.05712436856984,575.1840664824115
2025-07-03,1114.0875868643607,212.44505444744954,202.6556363069795,260.3239390078711,172.95613522193167,579.569121760508
2025-07-07,1106.396584756207,211.9680699565003,199.56268825893028,260.3938499363343,170.0404595863291,579.0370255426545
2025-07-08,1118.702316325085,211.49960374888468,196.8196828803258,255.6047557566947,170.08902623983892,580.907161117982
2025-07-09,1138.838890288805,214.43390954029357,199.37078031394137,259.31017720517906,171.00424253498807,590.6686093772703
2025-07-10,1147.3690409469505,213.56936284553188,200.49958250089736,258.98391435235624,172.0328472507965,586.2029499132968
2025-07-11,1153.1022790414636,214.35299241124645,203.4006571508424,262.19995930159837,171.02043555881238,578.3600096127773
2025-07-14,1147.1592271019877,214.2252050359986,204.947131174867,262.98066096942387,168.9632757990478,581.1086469028872
2025-07-15,1193.515480915313,215.41768595123762,205.44379446399992,263.74971674250276,169.3601414803367,572.6207250366264
2025-07-16,1198.2000771044516,215.3325031179017,206.53874070386516,260.06758708351146,170.21053600833642,566.591403598128
2025-07-17,1209.5969002247834,217.9218381221661,207.22732921142938,260.871598320822,170.09714758767717,565.3822914503972
2025-07-18,1205.4716651823992,217.21913881074263,208.8979647393766,263.49336481814316,171.03664100059973,567.6957747278359
2025-07-21,1198.2700506627257,217.2234045150314,214.58718027289967,267.18714037188096,172.08951041621845,574.7003920075742
2025-07-22,1167.8552690423223,215.18343972218585,215.98689913035125,265.0547681537941,173.64453742187317,568.1229818489418
2025-07-23,1194.0748420620673,215.43896197170565,214.73391816603024,266.01024714277753,173.44207495221724,575.1921614527016
2025-07-24,1214.770990832262,217.57262788122077,216.92382791920312,270.6012544317741,173.126211643939,576.1755522642317
2025-07-25,1213.0929073919988,218.77786653359422,218.0639269374843,269.6807309070223,173.22340704077394,574.4666744202332
2025-07-28,1235.8164732445284,218.26255633026577,217.3866352612453,271.25378013741977,173.3610725792066,578.4567050200847
2025-07-29,1227.1463754698343,218.29236375931137,220.96496704054456,269.17967295304953,171.10952202577212,564.2457872374032
2025-07-30,1253.4360288777136,218.57770656312076,221.8454462196553,268.2241939640661,169.31152515497462,560.38473320687
2025-07-31,1243.6474224692306,227.20597944114286,216.61903802817437,272.79189168357766,168.11289368901112,623.443219058719
2025-08-01,1214.6310437157135,223.2070063602307,213.49223403303444,250.23304679987257,163.90943803067003,604.5571104164437
2025-08-04,1258.540145926918,228.1173701316173,220.16351386038292,246.62082806934444,164.69506046337256,625.8050253600242
2025-08-05,1246.3741478148686,224.7571764240168,219.7458420233143,249.06781724550763,164.34678627151965,615.3986942541445
2025-08-06,1254.4847776129482,223.56046918022088,221.34874838363766,259.04217938607286,172.71315293882583,622.2743843241393
2025-08-07,1263.9238367196397,221.8143917250062,221.8341666617725,259.9976761550483,178.20432653009019,614.0847423692411
2025-08-08,1277.4181573104406,222.32540997355787,227.36531292395506,259.484972306329,185.75270955297134,620.1061169161742
2025-08-11,1272.9433749662653,222.21043283642038,226.89122602403012,257.86530393696137,184.2039908725488,617.3413390450588
2025-08-12,1280.6344839042788,225.3917294687715,229.53264628791996,258.0633908276044,186.20674753616748,636.7916276288986
2025-08-13,1269.6571816440128,221.70366716691348,227.97489270601255,261.66394588339404,189.19061020690748,628.7955245673402
2025-08-14,1272.663694392888,222.51281220689688,229.0811185037606,269.14471748881795,188.74465631766043,630.4479350576073
2025-08-15,1261.6863921326217,221.52899642022095,230.16476791230068,269.2029825225346,187.77976817028951,632.9467635389458
2025-08-18,1272.5937208346136,220.22159086882027,229.7132574015837,269.73899594073896,187.21216791495138,618.5504018332147
2025-08-19,1228.0554975781004,217.09988284407237,227.53466175317837,265.68398428995465,186.9446104829588,605.7420363724538
2025-08-20,1226.377414137837,215.37509453456966,224.9948266040032,260.79002371762033,183.25532058492828,602.7111610328368
2025-08-21,1223.4406612875161,215.09779750531112,225.48021033525333,258.62269603530183,182.35531629452203,595.762863028105
2025-08-22,1244.4863573595023,216.37329558863178,232.6368738938519,266.6511269536766,184.67429638734757,608.4100694766868
2025-08-25,1257.2116097884461,215.10635516437665,235.34605787225047,265.602427466745,184.1877978487245,607.2090522992461
2025-08-26,1270.9157442242101,214.15935568702383,233.82212569054906,266.4996592020037,185.9310563383736,607.8538857862625
2025-08-27,1269.7271552022871,216.16426295323765,234.2059243070845,266.97738980649945,186.88786039179544,602.4371660323447
2025-08-28,1259.728628118981,217.40135657271531,238.901778715457,269.86717190291876,188.56625986040595,605.4437564610913
2025-08-29,1217.8471566498317,216.14293443179372,240.33540534032656,266.8375679495731,188.2257096415735,595.4404956441717
2025-09-02,1194.0748420620673,215.4731926079676,238.57442970866268,262.5728235133993,186.26351004529388,592.5466918441632
2025-09-03,1192.9561197685584,215.57131693185346,260.3717866646952,263.3302333917317,193.3582524597967,594.110452537838
2025-09-04,1200.2276010166463,216.68895770600133,262.22305057974853,274.6212928383348,194.420435347707,603.4608836166007
2025-09-05,1167.785402313908,211.15623424150397,265.27084584938183,270.7177844992074,194.34746739679323,606.5238920395037
2025-09-08,1176.8049405605336,212.521285864401,264.4234625858965,274.80773383423127,192.8798752690119,606.4029610809007
2025-09-09,1193.9350017753786,212.61086565446536,270.7391513281377,277.6042954327023,190.01764654639993,617.2042675054504
2025-09-10,1239.871841558498,213.4469568203099,270.21944526685223,268.38732539047754,183.88776744334197,606.1450573018391
2025-09-11,1238.8228791635436,213.7199750200357,271.5752204868554,267.94453247022136,186.51487445346214,605.2745518381969
2025-09-12,1243.3678487257134,217.5122517589796,272.0610706010501,265.84711571636615,189.79062134582034,609.054952323278
2025-09-15,1242.8784611372332,219.8413656763845,284.2744480530585,269.66906723228374,191.92309605151615,616.3982256466799
2025-09-16,1222.8106856033276,217.14538806490066,283.7660215496558,272.7219807551145,193.09879153971627,627.924969744123
2025-09-17,1190.7158976051817,217.5634402104449,281.92441348890026,269.8904636924118,193.77990439534423,625.2810241124608
2025-09-18,1232.3201455877331,216.8937246371067,284.74896678904327,269.4360248774092,192.8798752690119,628.9324973877988
2025-09-19,1235.3266583366085,220.9376779290885,287.78817715780707,269.7273322660004,199.05838311539497,627.4252040478553
2025-09-22,1283.853267584896,219.45318658610566,285.31387744907187,265.2412091496906,207.6369355174295,617.1852640690985
2025-09-23,1247.6331377145061,217.2264626968754,284.3309322096844,257.17782276708414,206.29907384968837,609.3128067427648
2025-09-24,1237.4243694667975,217.61889436619902,279.22414260677664,256.5952079899017,204.58012973170185,613.5555090067342
2025-09-25,1242.4588334473076,216.28796837761223,277.6988630965686,254.19482017271662,208.27749130571837,604.077878303351
2025-09-26,1245.9550542742427,218.17768850278503,278.54622908661145,256.0941500359289,207.13423153701908,599.9157308656836
2025-09-29,1271.5467882069984,219.5171458999494,275.7329726177936,258.8790479596615,206.29907384968837,599.6334928161766
2025-09-30,1304.6202445522447,220.94620933766603,274.65967000124715,255.8494617863078,206.46125244719244,592.3577927508677
2025-10-01,1309.2352945025486,221.69697329249107,276.69332419453076,257.08460226913587,207.1261226071439,578.6132242322195
2025-10-02,1320.7724920588691,220.00344931411414,277.58587750987436,259.15870945350616,208.48831106451064,586.4453547858272
2025-10-03,1311.8922599496325,220.6902408298514,277.20176797137583,255.77953307785265,209.2099437335885,573.144380767165
2025-10-06,1297.3482291548569,225.47646604381256,282.94123194882087,257.3992014472202,208.13155540389084,577.2581064618162
2025-10-07,1293.8522219876415,223.51846839953134,277.664972602593,258.42460914465886,207.9613051304007,575.17705742277
2025-10-08,1322.310735212444,223.88957154741115,276.3769783705409,262.433001656473,209.2423794530893,579.0165413190545
2025-10-09,1346.5040662783133,222.84448712190436,272.8858256550003,265.3693851118704,205.98283800251852,591.6560970335204
2025-10-10,1280.7067008896122,217.9644164135901,267.2819063800151,252.12071298834636,198.87189014622834,568.9016291436207
2025-10-13,1316.7868836434538,219.28255841455453,275.84595820448783,256.4320765634902,200.80977537084541,577.2903382642521
2025-10-14,1258.8207879690349,219.07776523296127,277.31473628462766,252.14402255783145,200.89896118150955,571.6037697141371
2025-10-15,1257.4223851021488,219.01807162340629,283.6191281955437,251.188543568848,202.17196382821214,578.7825769338388
2025-10-16,1271.267000803761,218.2416871923607,284.1049783097384,249.90678394704977,200.6395002614292,574.362377638385
2025-10-17,1281.126114919818,219.08207031298193,286.1838371017651,248.24049643871206,204.56391187195143,578.2744201098312
2025-10-20,1277.0706397759884,220.45136138967982,289.855756391951,252.2488889505262,212.63163894573728,590.5752210614838
2025-10-21,1266.7221380714511,220.82249078804753,282.9751569896812,258.71591653325004,213.06137497523392,591.4625087806056
2025-10-22,1260.5689517974324,222.0510136232157,284.3648227036599,253.961777817842,209.55864013618532,591.5753941284935
2025-10-23,1273.7143660656018,222.0595712822812,285.9352722657263,257.6205979073483,210.474862286342,592.0513191500652
2025-10-24,1302.382586305507,223.3606242156026,293.6632722049238,261.2561262073615,213.10193204257303,595.5680901453917
2025-10-27,1338.9523703075486,226.73488818473416,304.2270877287047,264.47215337661163,217.95879608096539,605.618489356379
2025-10-28,1405.6587509746555,231.2352455851273,302.1933817150939,267.12887533816433,218.11285333063117,606.1186005696711
2025-10-29,1447.682412987413,231.01342896211082,310.2151338156309,268.3523699262459,218.68042875004323,606.3040938522958
2025-10-30,1418.6644317859964,224.27776376293394,318.02221157410463,259.683059196972,220.05884748512347,537.5809551016051
2025-10-31,1415.867519222364,220.88646322713524,317.6945689187896,284.57236318940693,219.22366496186663,522.9651900852656
2025-11-03,1446.5635838640442,220.55373829261052,320.5529781660233,295.9683068086968,218.15338556204415,514.3829420712943
2025-11-04,1389.2967964529282,219.4020112598843,313.5707072818269,290.515041028665,218.95613236580016,506.0022292018032
2025-11-05,1364.9638387600899,216.34342253336632,321.21962940174814,291.5404309461116,219.03719682862607,512.9632619768695
2025-11-06,1315.1088002031904,212.05204526739138,321.7166899800561,283.1973830696605,218.7371788412066,499.24283029036695
2025-11-07,1315.5980809618106,211.9326055473056,315.0281712571991,284.79375964953505,217.68309246520846,501.4771408096019
2025-11-10,1391.8141352730431,215.8485877106241,327.76125477049294,289.44301419225627,218.67325116739718,509.5835625211514
2025-11-11,1350.6295149804173,216.99182271050464,329.12834409526374,290.25868910430535,223.39687046220465,505.80864094888847
2025-11-12,1355.104617814173,218.04121221603205,323.93114529486974,284.5490536199219,221.95223914811285,491.23320270527483
2025-11-13,1306.5781153957453,214.69255559787717,314.7344536427445,276.83523965962337,221.53015258385835,491.9430427524874
2025-11-14,1329.7224840666604,217.63170460430933,312.29399260765763,273.4677269587084,221.09189783170567,491.5961930193838
2025-11-17,1304.7601916687934,216.48419077489604,322.0217735196056,271.34700063536803,217.07438875215678,485.58696092788597
2025-11-18,1268.1205409383374,210.64008402256178,321.185669814003,259.32184087991754,217.05814605648027,482.10237237542026
2025-11-19,1304.2007236921788,207.7948067609707,330.82307607534955,259.484972306329,217.96719062399083,476.15765324836906
2025-11-20,1263.0860769578276,204.46981495768551,327.02689164058665,253.01794472360513,216.09235139780628,475.2139968946658
2025-11-21,1250.7797044097897,201.77304983156375,338.5623382989874,257.1545131975991,220.3451808772558,479.32762387016703
2025-11-24,1276.4414119008197,202.57653789139803,359.93856872947265,263.6681421393011,223.94067790032858,494.49187248324006
2025-11-25,1243.3678487257134,203.85437226814452,365.4295196912061,267.6182696173986,224.79284819704523,513.1810364215049
2025-11-26,1260.4290046808837,207.49135112048896,361.4864764492159,267.0240089454696,225.2636131764771,511.07580119073805
2025-11-28,1237.6341833117604,210.27358783531386,361.74630356969504,271.75483809139257,226.31869298951966,522.6425759034577
2025-12-01,1258.0516129773175,208.02129597083888,355.76958886097884,272.52389386447146,229.768055423356,516.9318211616221
2025-12-02,1268.8198492016404,209.4145537430177,356.808966436665,273.15311000063207,232.27593757018087,521.9569220479658
2025-12-03,1255.7441948320254,204.17063814673656,361.12490875304053,270.77604953292405,230.62025055599875,515.9074125433169
2025-12-04,1282.3164132195006,205.49977910214406,358.853969281601,266.96574391175295,227.8201737384793,533.596354054997
2025-12-05,1275.5334649210133,206.49129940702773,362.97783091856365,267.45513819098716,226.26186839057797,543.1869194658431
2025-12-08,1297.4905265283248,209.85048247084293,354.6794964584261,264.37893287866336,225.539540315569,537.8471512892567
2025-12-09,1293.4347308949152,210.27784041435868,358.4781682688936,265.57911789725995,224.96329715794428,529.9101316389014
2025-12-10,1285.113432612993,204.5253609901474,362.01684022445806,270.0769046883083,226.26186839057797,524.4009614011209
2025-12-11,1265.1842154074566,206.62378561961518,353.2210997171647,268.32906035676086,225.6531646775263,526.482059799742
2025-12-12,1223.857618230943,204.51253762679315,349.67113093027507,263.5632757466063,225.8560493579261,519.6420073428537
2025-12-15,1232.7382776596196,202.9269819052762,348.46143721259153,259.31017720517906,222.47160803494364,522.7136536913713
2025-12-16,1242.7378730415248,203.597970627279,346.5960090747757,259.33348677466415,222.8774270675955,530.4957336359898
2025-12-17,1195.327528999967,203.48256035709062,335.4599589513915,257.8303484727298,220.62925420011211,524.320110417369
2025-12-18,1217.704004637484,206.84174342090583,341.94938397722393,264.2274473469985,220.9133523588945,536.3887239285039
2025-12-19,1265.6038430973822,207.67085195696075,347.2630403262332,264.9149462968677,222.11454192524744,531.8034662144507
2025-12-22,1284.4840979079643,207.24349401344497,350.22512477471116,266.1733785691889,219.92316882077967,534.0073218759477
2025-12-23,1323.0836492492597,208.06832371996714,355.39174958206905,270.49638803907936,221.0513159284405,536.7842915620732
2025-12-24,1318.8880133291616,208.56834301407577,355.09779013942085,270.77604953292405,222.22814145127865,538.8912543779629
2025-12-26,1332.3139628095878,208.43586992673227,354.4421248130582,270.9391809593355,221.8954145491711,535.4523234323167
2025-12-29,1316.1608606640839,208.17516320584608,354.49864351656885,270.41483121586964,222.1875843839396,531.7389038904291
2025-12-30,1311.405863597231,208.33757497467485,354.8264934531926,270.95082685408204,221.6356555979774,537.5996623805074
2025-12-31,1304.1335277102637,206.68788931114256,353.86550275908695,268.95829427291346,220.64549689578863,532.8690407182559
2026-01-02,1320.566310429145,202.1235069706858,356.2961870257792,263.92449406366075,219.9556542121327,525.0546796116265
2026-01-05,1315.4616592306406,202.08505000586698,357.8676902678316,271.5683970954961,216.91211081094823,531.819606795456
2026-01-06,1309.308152467042,204.50400621821555,355.3804527507439,280.7387479987508,212.9351836346645,533.2968895138359
2026-01-07,1322.384340985957,206.62378561961518,364.0179685257151,281.4728483075981,211.28759313239453,523.6661947685637
2026-01-08,1293.9242253132552,204.33303679032133,367.929677743204,286.9843791213466,210.2406098312641,521.5430913716687
2026-01-09,1292.6654490733379,204.83306920967394,371.4683496987684,288.2544928483983,210.50844045844386,527.193972949102
2026-01-12,1293.2249170499522,203.93557815255892,375.1878745961901,287.1941296867281,211.2226471856146,518.2413306847808
2026-01-13,1299.3085570851365,201.15336768822192,379.8344651468571,282.68469700093317,211.87195763785755,509.45833727952856
2026-01-14,1280.6380092896575,196.32829175212294,379.6875026989754,275.75156692846815,210.98727711386172,496.8891683189271
2026-01-15,1307.97950949871,195.16582826983299,376.22801220334156,277.5343667242472,209.56698500735857,501.1515156937226
2026-01-16,1302.2454167653173,196.53342619005932,373.08504026612155,278.629685350149,207.39182976264118,500.70752631713714
2026-01-20,1245.1852383033656,194.25122189458696,364.0405621883655,269.168027058303,200.22528668575183,487.6863223692349
2026-01-21,1281.896892359435,189.80222357383067,371.25353716916607,269.5292453753574,200.99631801186428,494.8225816353382
2026-01-22,1292.5256087866492,192.80669691947898,373.69551826718356,273.05988950268386,201.5644522396138,522.8104971774036
2026-01-23,1312.314878875637,199.13614894316848,370.7447651969155,278.67630448911905,201.3128394721844,531.7954206037355
2026-01-26,1303.9237138653004,200.98667708986042,376.7706746695677,277.8140282180919,207.29446051432348,542.7741747001946
2026-01-27,1318.258678624133,205.38867391197635,378.22907141082914,285.1083588276193,209.6156634225359,543.2666351793712
2026-01-28,1339.236751394764,205.8373997526679,379.8796870190426,283.1624276054289,208.1304129512897,539.8437954551555
2026-01-29,1346.15943315008,185.26777991485918,382.4121809552006,281.6709351982411,209.6237847703742,596.0135109496505
2026-01-30,1336.509598729686,183.8958900398561,382.12951834387763,278.83943591553043,210.59775044873862,578.4069999281202
2026-02-02,1297.9100473883905,180.93845756858005,388.56239011931456,283.10418035170426,219.144016146829,570.261633511943
2026-02-03,1261.0585530456324,175.74154347093926,384.0627620165293,278.04707057296645,218.71388274251458,558.3867563324478
2026-02-04,1218.0536587691356,177.0151383938849,376.52197164598977,271.4868402722864,224.4032470241438,540.0537710869503
2026-02-05,1201.9005566236317,168.24536226067102,374.4982496820823,259.484972306329,223.93255655249033,541.0386426857285
2026-02-06,1296.5114308617844,171.4378678513687,365.01281516691154,245.07108840843205,225.7261823002923,533.9750407139369
2026-02-09,1328.887501881207,176.76297620682024,366.66346532200976,243.20671400945133,223.094120522913,546.697520514302
2026-02-10,1318.3985189108216,176.62194546041127,360.1740057492925,241.1559163945661,222.33046546685551,541.4502521811534
2026-02-11,1328.9574754394814,172.81827600970533,351.5591181838564,237.80004958839763,223.8089978200887,539.8115636527197
2026-02-12,1307.210334506993,171.73701841182972,349.3432809936513,232.5798261632404,212.62264834048517,524.5703634623151
2026-02-13,1278.3305911443656,171.51479490625033,345.63501838067003,231.63597528901155,207.78899347504338,516.4653731784389
2026-02-17,1293.4347308949152,169.60869447660858,341.45190883629857,234.3859177485125,214.36923484423312,516.0779005151597
2026-02-18,1314.4825635641005,170.77970249272008,342.93296833397994,238.62735261520123,214.75106237226186,519.2504378348546
2026-02-19,1313.9232024173461,170.68118441151526,342.39030586775385,238.70892721840292,211.6883704720459,520.5097980298743
2026-02-20,1327.3492587276323,170.15431086825325,356.1040372525968,244.82638237881892,214.93787820846794,529.2928901542765
2026-02-23,1339.4465652397269,164.6885261479798,352.15833390047806,239.18667560289063,216.23766640148108,514.4311170164358
2026-02-24,1348.5370385133663,166.62897534107915,351.4913371959054,243.02027301355486,221.07945503272416,516.0859954854499
2026-02-25,1367.4870532225027,171.59785145006384,353.75246535206554,245.44395262023295,222.77731344944254,527.702524649709
2026-02-26,1292.8752629183007,172.07760536748978,347.511743349811,242.27452680996095,221.7374580591059,530.3827002093772
2026-02-27,1239.031731539767,168.2310032437728,352.4636247213362,244.69820641663907,214.61292495123308,523.2544865539891
2026-03-02,1276.0229593393535,170.71972012779787,346.53945582438024,242.82218612291183,215.05160191412966,527.5975861933864
2026-03-03,1259.0307086438577,173.02426358849945,343.21559639841814,243.21835990419785,214.26363248640962,528.8246652263954
2026-03-04,1279.9388078562147,173.56827870038035,342.7068935199372,252.64508051180417,213.2643838352643,539.0365689665863
2026-03-05,1282.0366258162635,175.9156367068973,340.16313729933876,255.11536147746043,211.45280171288414,533.25656274111
2026-03-06,1243.437074474968,175.17887738738344,337.49497774662416,248.43860110934705,209.15376486872566,520.5743603538958
2026-03-09,1277.2116551911367,175.37163472026037,346.6023657015764,248.76486396216987,211.1197271078111,522.616760845764
2026-03-10,1292.036221198169,173.8081556590933,347.3717248257714,249.74365252063834,211.89147867578072,528.0093437675362
2026-03-11,1300.9173079462855,173.43119865240496,349.2497971234191,247.7860576237094,211.87521114417808,528.6470694757612
2026-03-12,1280.7074486986319,172.137574607168,343.4232577228697,244.1505471036882,207.7727383614038,515.1818761512735
2026-03-13,1260.4974826211187,169.43466686687037,341.98645278459986,241.9832194213697,203.19095704061561,495.4279768219776
2026-03-16,1281.2669166752464,171.31942564982427,345.6973064139401,246.72571224203122,205.38437910898756,506.95353628962226
2026-03-17,1272.2457759807214,171.0881063501768,351.7613901942813,250.75739654333842,206.52981202122157,503.08340009730006
2026-03-18,1261.5464450160732,167.82408130511126,348.1070898153365,244.54672088497423,203.04473552563778,497.443871222103
2026-03-19,1248.6792157032417,166.63753300014463,347.4735344952372,243.25331536842944,202.24861991415338,490.1884085825195
2026-03-20,1207.6999224014605,163.57482294702152,340.53831646812,239.30318789033197,201.4606008145811,479.6526073115722
2026-03-23,1228.2595426106252,164.0588688192242,341.737577026598,244.8613378430505,204.30391697945964,488.0553839110615
2026-03-24,1225.182522154176,159.6639596288496,328.59120913060343,241.48217924738896,204.42576203295963,479.05471478032365
2026-03-25,1249.5183642532331,158.9357710936452,329.1455484438874,246.6907567777996,205.22189006240708,480.6464129934145
2026-03-26,1197.4901926850123,156.76402885138629,317.8206995951451,241.83173388970482,205.44124096181844,442.38953404252766
2026-03-27,1171.475946656112,152.82317435075325,310.3763641269294,232.27685509991068,202.11862867688902,424.7598733803504
2026-03-30,1155.0423092983508,153.7612617874535,309.42601387333804,234.15287539363788,200.35577464153843,433.3727736903594
2026-03-31,1219.588162877612,158.56310604173356,325.3328851450814,242.68236426598548,206.17236095467067,462.2572565516352
2026-04-01,1229.0288244322026,158.22041904703903,336.45414920177694,245.36239579702323,207.66713600358037,467.9937769915894
2026-04-02,1240.4973303885683,159.97237661155026,334.62133332319956,244.4302085975329,207.90272959866817,464.13983073984764
2026-04-06,1242.2456010468259,159.72392886852785,339.3956437069222,247.94918905012082,210.2910764331214,462.97637619893635
2026-04-07,1245.4624617899635,159.47121542121664,345.58416536626436,249.0911268149927,205.93677977754587,464.61649615504336
2026-04-08,1273.2948452055361,160.34504166346193,359.0020717766806,257.80703890324475,210.32358666040057,494.80989622457867
2026-04-09,1286.0921009600934,159.80533163160172,360.3257356672748,272.2558782653733,211.61525350557545,507.71303206922437
2026-04-10,1319.099322792164,158.86295224012477,358.91155893854005,277.76742685911375,211.6071569936633,508.90067280185616
2026-04-13,1323.8545335187366,164.64569847692044,363.51617502419145,279.5269170854077,210.56732643925278,512.673916148571
2026-04-14,1374.2045148168343,168.38949056465586,376.6399147106509,290.1654686063571,210.26671238960665,535.2643621709451
2026-04-15,1390.7081257328696,176.14695600654477,381.4029282630483,289.5595442596896,216.4407746052159,542.6087707645705
2026-04-16,1387.0717441296658,180.01925735794615,380.15841128549994,290.9578161689291,213.97926113244,546.8828163586269
2026-04-17,1410.3585170039087,181.1029956269312,386.5619182088684,291.95991429688263,219.5278057130205,556.3197747722595
2026-04-20,1413.015909770432,179.08116992124593,381.74235140607544,289.3031923353299,221.81867153748848,542.0673949466284
2026-04-21,1397.771181924174,181.68983840987144,375.93847476194605,291.2025221985422,216.22956988956892,540.3949444689357
2026-04-22,1416.0929302268812,185.44220128191634,383.89192767126013,297.5530197138328,221.91620221932595,545.1457048377628
2026-04-23,1396.0927779943308,178.08737894915623,383.40543843969687,297.22675686101,222.1273820990468,532.5658248493993
2026-04-24,1456.4427819937737,181.88687457228113,389.6391819712245,307.60893867760774,220.20205143507877,545.3962046805833
2026-04-27,1514.7648347615818,181.97254303964374,396.3594492812002,304.2647355461778,217.3993668453177,548.2967707423587
2026-04-28,1490.7087800657616,183.87013831119586,395.7258939611009,302.6101294925706,219.9177297529614,542.4148369946313
2026-04-29,1463.2960243401153,181.81832142304947,395.9069196373821,306.5019919369514,219.47905279006483,540.6211594008857
2026-04-30,1395.6032835759906,174.67342424227311,435.34598877848094,308.8557428351744,220.43766986609276,494.3978424929794
2026-05-01,1387.7710523929688,177.52624851914436,436.35292682935255,312.5844916331358,227.57842083371597,491.84471847920685
2026-05-04,1387.980759408072,177.17499074014037,433.5923889067189,317.00068604099056,224.8894599496166,493.18591684947705
2026-05-05,1374.13454125856,176.21549603053245,439.4528188012438,318.74853037253797,230.86041396149102,488.7825491690778
2026-05-06,1453.3658683671842,177.32062844718126,450.32517255305277,320.4264637756222,233.5656175412669,495.18157382387705
2026-05-07,1479.0303534345733,180.23771391850747,450.2685847557725,315.9753139035359,233.508743270473,498.35682592019356
2026-05-08,1504.904652346925,177.8175239332261,453.4476927344792,317.73478634983786,238.28551144715772,492.55569379664286
2026-05-11,1534.5551731491691,176.76377684670214,439.69043227480523,313.4350864494325,237.9846490382505,483.8539956113168
2026-05-12,1543.925861145486,174.66913228749638,438.2309645801154,309.74132867568665,239.70846099775477,487.1989459262772
2026-05-13,1579.2408216124284,173.5725575299131,455.5067907084081,314.7634652102008,243.01787298795628,498.2114126124203
2026-05-14,1648.541992748122,175.3802055045698,453.75319083664607,311.37264293980076,242.48121829655224,499.6657431284531
2026-05-15,1575.674413567499,180.73031744977558,448.89966444610803,307.7837515587497,244.1237422698956,496.27232171090156
2026-05-18,1554.6952724982682,181.42426222347407,449.0806901223893,308.62268270030785,242.18035588764502,493.8322804833166
2026-05-19,1542.7370584638427,178.80274412100633,438.5816845544678,302.19062836180757,243.0991858100433,486.88383439986006
2026-05-20,1562.7372106963933,180.3619312273967,439.9958958300874,308.7974955814497,245.76624140731286,488.86335079325465
2026-05-21,1535.0446675675094,179.90689214435773,438.5816845544678,312.81751620801845,247.99417299501587,490.73778065160195
2026-05-22,1505.813774455191,179.68368424548092,433.2756285201117,310.3239434528691,251.1084491137641,493.0647390929993
2026-05-26,1502.527046983639,178.59330460304932,439.96193624234223,309.1237584342726,250.71000635116724,494.74528454098214
2026-05-27,1486.7227443309066,177.15093216795168,439.905348445062,316.7676614661079,252.75909443494572,513.2637137095294
2026-05-28,1498.2612238455465,183.2982058054004,441.3761475179617,319.27289789599575,254.10887734722007,513.2878999012501
2026-05-29,1476.5129077845984,193.27896944784462,430.3001398803365,315.35774366212183,253.74296964782843,511.04179244360444
2026-06-01,1568.961011507846,197.6919652244036,425.8086648423609,304.4278847525812,249.06750721374996,485.15476848971116
2026-06-02,1558.1917069849235,189.4454925680931,409.38137929819385,298.90467248410226,256.29617735980565,482.8601899294744
2026-06-03,1501.7577651620616,183.44846359831712,406.1456835222069,291.3306981607221,252.27933885026178,503.3419455508358
2026-06-04,1530.8827898831587,183.75324488843935,421.07961087770855,295.7236007790837,253.06807819169123,507.0504784948044
2026-06-05,1435.9465118915657,178.86804220973457,416.9388212672005,286.6814258380088,249.90502431406122,479.1193758234951
2026-06-08,1460.730718912878,176.75168849700992,411.2786596637828,285.7375927437719,245.18893030486532,472.97080165194154
2026-06-09,1457.5801995127756,173.17579453008082,412.3541041871861,284.5374077251754,236.25269089498184,472.324438018102
2026-06-10,1403.1808323728662,170.578636880413,403.4336839726983,277.32463393885763,237.0902079952931,461.3281119129643
2026-06-11,1434.3361585825173,167.56510711642852,405.00719093406826,281.4145832738815,240.38335245389194,459.2677938953929
2026-06-12,1436.576594405614,167.73681155798482,407.1693768122,277.9655137497568,236.72432513182753,458.0962443841915
2026-06-15,1487.4052803061957,171.60892915597069,418.11614455383904,286.66977994326226,241.02573368274997,479.95157825698385
2026-06-16,1452.1192707313025,169.06328808886735,422.5310636951279,286.6464703737772,243.3187353968635,485.3942117877452
2026-06-17,1432.7958856616033,162.65843153859623,411.82204761458945,276.74201916167516,240.64355845175567,459.0060894290609
2026-06-18,1475.0832037687437,162.86877669838688,416.62185359928446,284.77045008004995,242.3185926523782,466.80199005466267
2026-06-22,1460.8006924711524,157.69166859389,395.8490536053647,271.25378013741977,241.50548926743394,455.9895777257514
2026-06-23,1400.5203415404037,160.52491000676474,391.8303526856921,272.79189168357766,239.3018968873196,454.65524033639787
2026-06-24,1393.2391387750595,156.88462359294104,390.8794496819441,272.97833267947414,238.3098754906725,450.99177268434954
2026-06-25,1370.4152596840268,151.46280843995189,389.09081926900865,264.51875473558977,223.73061563728274,439.0229148741685
2026-06-26,1347.9413552142253,160.10851164196015,381.93640125792115,271.13726784997846,230.7478575443565,444.99117851846614
2026-06-29,1365.0243044608278,158.21968403337695,400.34322330035377,279.81822447399895,229.08909087533664,454.97869363097976
2026-06-30,1400.8704229914952,160.1299714158437,404.5543849151718,277.7208077201436,235.28508321370177,455.5367036256767
2026-07-01,1383.2974451772527,164.96367063722798,408.90138488097045,281.63597973400954,239.36696701373012,495.66475470296484
2026-07-02,1364.044140495688,167.62948643807917,407.4297566828357,282.7662538241429,250.95394481742832,471.3954908177309
2026-07-06,1369.0850142677955,166.01968839095798,414.84455456455896,284.5024522609438,254.23084658035066,485.4588728309166
2026-07-07,1378.7465999727851,166.92118264748245,415.48982127860097,286.6231608042922,252.60459013860995,497.824038668291
2026-07-08,1429.0852573057268,164.56014813675347,409.70515270241276,283.8732183447912,254.82442521440078,487.74752824216057
2026-07-09,1419.7036726636943,164.99800627544167,406.2750961526171,287.8583012871203,257.12554827635256,510.682454738041
2026-07-10,1476.9735581407492,165.31567655513797,404.3392960104912,285.8774146006983,256.39375771349535,541.1950138191385
2026-07-13,1424.9545739404848,167.8441366778905,399.0527244191546,288.17291824519657,258.0118431355456,531.1023134524277
2026-07-14,1482.854541931588,165.24270019868993,406.97695066393925,288.3826688105781,256.0197038303393,534.5878398368172
2026-07-15,1487.7553617572871,169.83599745160262,419.89344358856454,297.0869350040836,266.2975799687328,550.9803521126978
2026-07-16,1452.0491903431682,172.18415609800147,401.26016671635665,291.1792126290572,270.98116375064956,537.4183153021778
2026-07-17,1419.913700168377,169.05899613409062,392.5548354065495,288.07969774724836,271.37143549355596,522.4329951482622
2026-07-20,1423.204273514888,172.69500371838163,398.4640455023929,291.2957426964905,265.5576183861851,522.3035743427696
2026-07-21,1451.2790538827112,170.74606249243658,392.9850132159108,288.45257973904125,266.492715840186,520.6538292695493
2026-07-22,1484.6748159154592,167.56510711642852,387.2569324370029,285.30646349825435,264.988453467502,507.19692835365146
2026-07-23,1461.5708289316092,163.80460659312504,359.6353507217017,272.26754194011187,261.5489508963317,490.1574601290321
2026-07-24,1448.128534482609,163.85613630093349,361.95600316034904,270.4614325748478,270.78600304327017,481.33448546807836
2026-07-27,1375.8061080773655,167.03279972216484,369.67647187866305,269.62246587330566,273.94905692090026,480.2669859408506
2026-07-28,1379.3067089285594,168.8572348838534,377.7704960621733,269.00489563189154,276.5266286763923,479.8949628245277
2026-07-29,1330.2982970118487,167.65095933720667,381.1665930242239,264.0992713848187,274.9898560764291,473.58705594506773
2026-07-30,1365.5143330284677,193.6481563101054,377.71390826489306,274.4115600529453,271.11937567945665,435.9175065763921
2026-07-31,1405.491241754237,199.49494061220864,403.1506758925274,316.4530267280397,251.1816405880129,450.21544528969287
2026-08-03,1446.7283155081034,209.33832232606622,422.8254031535087,330.9484852291383,246.7176063929164,477.33137458086776
2026-08-04,1483.8347058967279,211.5534172491431,427.51199899675845,323.25799861831683,251.5637909830811,475.471357718403
2026-08-05,1534.8034457437182,209.2567620600648,410.2824656940798,317.6998308856063,252.88106366807628,476.1425985780123
2026-08-06,1533.1931992645298,214.57982287745773,404.98456272453313,317.2454098505956,254.02756452513304,477.0564417484519
2026-08-07,1567.9891802717832,214.63563141479892,401.07903739942105,319.8322208836851,254.77562261959287,478.83555826759
2026-08-10,1523.1114517203146,217.24137297402018,404.7241828538974,324.03868250615034,250.86927914531628,481.1161187085437
2026-08-11,1522.7613702692233,216.27548627060108,389.192698032244,317.2570379653502,248.14296502834617,484.5126991388914
2026-08-12,1568.8992638487887,211.39028359189624,388.8983931207479,311.442553868264,245.97819120074314,468.1201868630108
2026-08-13,1577.3707649138157,213.30058409960694,392.09069800944303,308.9373174383761,248.42780826491193,481.1565442004196
2026-08-14,1576.390600948676,212.66524354021433,391.56997281505636,306.0475353419568,248.97305618675026,477.0159668970011
2026-08-17,1575.3403565954018,206.20459157784597,389.41911831513465,304.4861320063058,248.69635913394893,460.13015502916994
2026-08-18,1538.4441005413203,206.75406679121647,389.6455385980252,302.31882210397936,252.3097380238215,439.66987082290746
2026-08-19,1523.181425278589,207.90453380052202,390.23418296790214,309.7646204651797,257.843728751701,441.57845750711317
2026-08-20,1518.2106318946155,206.93683581343566,385.6494658878878,303.0878423170743,253.343285088926,441.4167061800347
2026-08-21,1503.2980380829756,207.83571814641104,390.3473931093475,301.36332533500394,251.7563439182188,444.7081507157601
2026-08-24,1459.6105010013296,209.5861794331102,394.01516677335894,305.3717178468181,252.56202136125586,452.0835571224478
2026-08-25,1491.6060440595722,211.47856398280803,392.7699243112301,304.19482461771463,252.20393697858913,461.0035727077336
2026-08-26,1467.8719745616738,213.48277561109165,387.15505367376755,303.2859469877093,255.09302575529,465.92862173567397
2026-08-27,1594.5936612769667,216.37296745753264,386.1702947229288,298.00745852883546,255.7522209061251,460.9954777374434
