Date,nvda,msft,googl,amzn,aapl,meta
2023-01-03,100.0,100.0,100.0,100.0,100.0,100.0
2023-01-04,103.03177113146236,95.62568374326756,98.83304941551853,99.207643547432,101.03143607542671,102.1083945037366
2023-01-05,99.65072647304513,92.79156912968465,96.72351298980142,96.85388375921303,99.96002036546068,101.76366718981653
2023-01-06,103.80019826285312,93.88514491255633,98.00267185606938,100.30296217333377,103.63796668260305,104.23281236146539
2023-01-09,109.17219750409409,94.79922639801914,98.76571753706968,101.79445458052155,104.06171728021756,103.7919079039065
2023-01-10,111.13518269607434,95.52135116529212,99.21455066421568,104.71918325117645,104.52547855728096,106.61374579186433
2023-01-11,111.77783770635772,98.4097189819272,102.69298148943366,110.80167405736483,106.73225007295555,106.5335858322701
2023-01-12,115.34054652950871,99.55339382759071,102.25539337328567,111.01141573275038,106.66827272332155,109.59597763838221
2023-01-13,118.05099349426227,99.85390945286757,103.36623981687387,114.33232707468726,107.74767939300993,109.81239472141236
2023-01-17,123.66050888266858,100.32141101641245,102.43492489679981,111.92030225275164,108.69113419472609,108.51371946469781
2023-01-18,121.39014749663937,98.42642741968827,102.24416563573004,111.23281219287841,108.10746505895428,106.63780858761693
2023-01-19,117.11491026258977,96.80690335422216,104.40979756561921,109.15870500850818,108.15544807117976,109.14701522922003
2023-01-20,124.61757082669014,100.26715125073748,109.98652844227752,113.31857416199121,110.23425246962255,111.72837323839511
2023-01-23,134.0761658124841,101.25220093963634,111.97262021193133,113.63318223007151,112.82483841124571,114.85488314026642
2023-01-24,134.57908069840283,101.02682078330155,109.62745675852798,112.23491032083194,113.96018800797233,114.75068506471011
2023-01-25,134.98427297644727,100.42993054776244,106.84470518897665,113.23700844878547,113.42447704849836,113.43593092447473
2023-01-26,138.3303976267214,103.51450109956745,109.42548703334501,115.61407780648952,115.10355960933086,118.08561579748455
2023-01-27,142.26333865857893,103.58128234962898,111.50134888311649,119.13306714907341,116.6786665590443,121.64504624468297
2023-01-30,133.85959499333882,101.30647383055702,108.77468418101601,117.1638352473939,114.33598042928901,117.89321215062594
2023-01-31,136.4792365831887,103.43519180249656,110.90664153495955,120.17012074125853,115.36737925082423,119.42442039357726
2023-02-01,146.3010797760606,105.49711539912887,112.69074630598799,122.52388941947348,116.2788826316149,122.75131785453893
2023-02-02,151.6521069818183,110.44331173574156,120.89316997723705,131.56607325054435,120.58849972370031,151.33079908904426
2023-02-03,147.39782175265458,107.8345575906249,117.57180656370083,120.47308291459228,123.53083690867209,149.53503583166236
2023-02-06,147.32099773473973,107.17506649577598,115.46230468486849,119.06315622061024,121.31606822429326,149.15824946986268
2023-02-07,154.8934716076631,111.67879111237113,120.78096169545056,118.9815905074045,123.65075718534433,153.61550601622338
2023-02-08,155.11699972097378,111.33235025243128,111.50134888311649,116.58122047021145,121.46797717578248,147.04987964591658
2023-02-09,156.03911494938902,110.03423064075481,106.60905225112683,114.47214893161362,120.6284607312939,142.63269073945773
2023-02-10,148.55044909600912,109.81720470330055,106.11534272064318,113.73805751276225,120.92472851226583,139.61037891314274
2023-02-13,152.20396329406378,113.24820298979972,106.16023639742322,115.98695090828643,123.19892957151816,143.8431851046605
2023-02-14,160.4680402804631,113.60297838075158,106.23879601342767,116.17338301418691,122.67841819976779,143.88326508445763
2023-02-15,159.02199139258522,112.6949738840424,108.77468418101601,117.87462598675621,124.38408762115276,142.02340841110706
2023-02-16,153.6989269008052,109.69472647316117,107.17010229678054,114.36728253891886,123.08685744798424,138.23953994896095
2023-02-17,149.40970830976678,107.98329943738634,105.86848795540136,113.26030912827456,122.15791924598123,138.59227585490333
2023-02-21,144.28920657267997,105.72789003144152,102.99596630573234,110.20741338543583,118.89877496786852,137.9509468185683
2023-02-22,144.9808096861559,105.24249875802363,102.83887298388699,111.61734007941789,119.24311268681274,137.18134457102914
2023-02-23,165.3091018300154,106.60663179288888,101.98609176965381,111.65229554364949,119.63548308983776,137.91887543079346
2023-02-24,162.66853494274287,104.28426394606574,100.0112104641132,108.94896333312265,117.48141341264274,136.59612503843107
2023-02-27,164.1704424899181,104.67760787147233,100.84157075011997,109.25192550645639,118.45034987613082,135.91471602229893
2023-02-28,162.17952129142336,104.3679570751965,101.05475093941617,109.79958481940729,118.04193546384198,140.24371169735076
2023-03-01,158.560953808975,103.04986740220544,101.39137578477566,107.39920589221823,116.36034447431656,139.02515938054466
2023-03-02,162.86412704953906,105.0751256250078,103.23159333341856,107.35259564324411,116.84079549476272,139.91501390737045
2023-03-03,166.88787345630027,106.82420899066204,105.08303861961703,110.58028648723277,120.94074768560199,148.50888716171488
2023-03-06,164.54071475981945,107.48535386646769,106.74370737130336,109.24027072171387,123.18292281614585,148.22832730313502
2023-03-07,162.71014517041934,106.34720474923891,105.31867428402447,109.00722836683929,121.39721961789924,147.91565903709454
2023-03-08,168.94940918751425,106.15889028672756,105.75628831033606,109.43835761235687,122.4141763475043,148.28442446697667
2023-03-09,163.74416466967173,105.58143854005266,103.59065638044689,107.49242639016646,120.58842521591735,145.65497788598222
2023-03-10,160.45337788316246,104.02065651166407,101.69434332763194,105.72128137912998,118.91478172324084,143.9073278802102
2023-03-13,160.4603618847911,106.25094419736169,102.23295517161684,107.702168065552,120.49234742979193,145.0216204219837
2023-03-14,168.12496315204686,109.12566832110389,105.44210166664536,110.5569769177477,122.18998242858119,155.5395178050189
2023-03-15,169.27779080137546,111.07139411765866,107.84335198749955,112.0950795739096,122.51027896955735,158.5297459036638
2023-03-16,178.45155069206714,115.57385214804489,112.56732756008827,116.56956568546892,124.80049920214582,164.2856900466343
2023-03-17,179.737127787266,116.92541119754085,114.02603522331279,115.2994608484132,124.11982093296163,156.81417962556193
2023-03-20,180.9597954528808,113.9126291770274,113.57718482272439,113.85457869019955,126.04167468660164,158.5778344754832
2023-03-21,183.04889328612433,114.56121319270945,117.72890852226736,117.23374617585709,127.5471168592486,162.06510121521438
2023-03-22,184.92835088692482,113.9377508972746,115.98967151785537,115.00815345982198,126.38601240554586,160.18118174611124
2023-03-23,189.979867246548,116.18479295909322,118.49191965638286,115.0198082445645,127.26686825161278,163.7646256294812
2023-03-24,187.1012700934434,117.4024745025696,118.3124054063111,114.34397296943379,128.3238729145582,165.1515187973933
2023-03-27,185.36854329550198,115.64917793304943,114.96856924422126,114.23910657673902,126.74634446189859,162.6102531079106
2023-03-28,184.52313190141714,115.1679933008746,113.3640046334282,113.30691937724866,126.24186468144818,160.8786326260784
2023-03-29,188.5335779915013,117.37731340658533,113.76795272051537,116.81426282508605,128.7402969135151,164.6224211084274
2023-03-30,191.3213297085074,118.85862863495475,113.20691131158284,118.8534145452247,130.01349832667935,166.6185595850044
2023-03-31,194.07416141737042,120.63700754898505,116.39361960494254,120.356561737155,132.04747387570862,169.9053894060642
2023-04-03,195.3877012265469,120.18929229331512,117.100535234886,119.33116292971239,133.06444302327748,170.81129813662028
2023-04-04,191.81039677475334,120.16838377693382,117.50450923213675,121.12560862023795,132.63204952283974,172.13402384919218
2023-04-05,187.81393204165803,118.97998465658779,117.22396261750691,117.80470616829706,131.13460451889705,169.53661163628678
2023-04-06,188.90387696886583,122.01788839734844,121.65618974807376,118.92332547368787,131.85529346753015,173.24034481862915
2023-04-10,192.6907815919077,121.09312296189545,119.43446231401253,119.0515014358677,129.7492564744159,172.15809898484
2023-04-11,189.82616579579192,118.34812220391251,118.2113903151954,116.42973493854656,128.76428841962783,171.43659764901548
2023-04-12,185.1170257607504,118.62429049843777,117.41472187857669,113.99440943712192,128.20376636842857,171.55682524851161
2023-04-13,184.8934308787817,121.2813783608012,120.54534330448554,119.31950814496987,132.57599483412704,176.64745159876608
2023-04-14,186.95451258312116,119.73319000565041,122.1611442895554,119.4476841071497,132.29570897259975,177.5613319016587
2023-04-17,188.6593567894745,120.84621084000918,118.90710411774683,119.71568192625588,132.31172814593592,175.45293739792208
2023-04-18,193.3056007486636,120.66628997211541,117.25762855673135,119.20298696753258,133.3046933694282,174.67532655836064
2023-04-19,195.15013834132097,120.69978559911168,116.89856550970302,121.53344607626249,134.23356948161208,172.91965562067114
2023-04-20,189.3719920302259,119.72061602028113,118.14406707346774,120.96247719382653,133.4488410935259,170.81129813662028
2023-04-21,189.47677876211844,119.57417765413796,118.27872219364428,124.63295206807533,132.14356407979784,170.66699540147633
2023-04-24,188.93882368447214,117.90456765112572,118.90710411774683,123.7590299023016,132.39182401261664,170.58681076209157
2023-04-25,183.34234153811084,115.24747978876229,116.52827472511909,119.51759503561289,131.14260168760129,166.38608829824392
2023-04-26,188.33795917724188,123.59538542612094,116.37118140327374,122.32580252883048,131.13460451889705,167.86915860979482
2023-04-27,190.224400779671,127.55386764896006,120.7248661912785,127.96550930475877,134.85819306208361,191.2458068264671
2023-04-28,193.8785158956478,128.57068043242435,120.44433685009103,122.87345295178538,135.87518704558013,192.656725770446
2023-05-01,201.9902668656462,127.85931836661568,120.28724352824571,118.91167957894133,135.80308834760365,194.9494906492284
2023-05-02,197.09947601960246,127.79656656698042,118.17774164941338,120.75273551844101,134.96230527080476,191.7909340393728
2023-05-03,194.24886828793876,127.37392053057492,118.27872219364428,120.77604508792605,134.08944659344206,190.01924591763873
2023-05-04,192.57197344183152,127.79656656698042,117.47082601946994,121.1838736539546,132.7601408197098,187.20536726212214
2023-05-05,200.38330551194633,129.98920448542145,118.45825371715844,123.11815898139848,138.99018359959518,186.6121391375018
2023-05-08,203.67411900591884,129.1523256950966,120.92684455318268,123.31624587204149,138.93410407495483,187.00497970303178
2023-05-09,199.62176890606298,128.4618852709149,120.45557322436787,124.23677828678932,137.54881812029282,187.08513966262603
2023-05-10,201.81562676373582,130.683818737732,125.39272898625275,128.39664744027235,138.9821615949633,186.85266837586556
2023-05-11,199.6706302100001,129.76324025565353,130.80115607695248,130.7154517642597,139.1343064877652,189.0251686354661
2023-05-12,198.0077567820765,129.28621632636185,131.85591565308985,128.47821315347804,138.38056091942605,187.4378755685684
2023-05-15,202.2907124729929,129.49125891450282,130.73384147194602,129.5735228893838,137.97960970339693,191.48629904514507
2023-05-16,204.1073274128674,130.4452805225948,134.1000899255411,132.1370332429843,137.97960970339693,191.45423999726546
2023-05-17,210.84961314573388,131.67821360156086,135.59246352799005,134.5840135291515,138.47677530315354,194.39633016450992
2023-05-18,221.32992884397345,133.5736959576212,137.82540142616452,137.6718736262178,140.36921090048864,197.89163017605392
2023-05-19,218.43739039507483,133.49821266966842,137.74685908360243,135.45793569492523,140.45740327958424,196.92159100984335
2023-05-22,217.8225578845873,134.689197463415,140.31643046385759,134.01305353671157,139.68760128401746,199.07005315348184
2023-05-23,214.41296294800182,132.2066097424761,137.52243388330822,133.9897439672265,137.57064890069975,197.80344928454213
2023-05-24,213.36489532310256,131.61531742422304,135.65978676971773,136.04055047210767,137.79519052261,199.78358291696986
2023-05-25,265.3611346452084,136.67696342190905,138.55476389449797,134.00139875196902,138.71732368043612,202.5733494171528
2023-05-26,272.1104577946299,139.59987688519544,139.8227122966527,139.95572248597358,140.67393531482645,210.0689473137683
2023-05-30,280.2501180636795,138.89535307239032,138.76794408379416,141.76183185123764,142.1734292828005,210.453729927695
2023-05-31,264.3410697954816,137.71276843588416,137.87029510294454,140.50338179892447,142.13335651353248,212.21742179730202
2023-06-01,277.8676521008391,139.4698713266539,138.8240482246874,143.05522847778644,144.4106993176329,218.54253126914034
2023-06-02,274.7724707748576,140.65244283791438,139.89003553838037,144.7797721298448,145.10030610280833,218.54253126914034
2023-06-05,273.6825392013814,140.87890582701846,141.39363687838497,146.00326671792638,144.0017385149357,217.5645452103838
2023-06-06,270.07030138771313,139.93117121161112,142.8523359048883,147.52971458934573,143.70504852319365,217.34807876777262
2023-06-07,261.859866341165,135.61177098283807,137.45511064158055,141.2607827872609,142.5904120901296,211.31954633855875
2023-06-08,269.0920337179052,136.40016511559077,137.0511711912146,144.7797721298448,144.79559410643438,212.10522746961874
2023-06-09,270.908808902559,137.04180587630375,137.15215173544547,143.8242842508654,145.10832810744023,212.4018045122431
2023-06-12,275.8839552711419,139.1637249709768,138.73427814456974,147.48310434037165,147.37767374283638,217.29198160393094
2023-06-13,286.6448729315654,140.1869559995826,138.94749288075073,147.58797962306238,146.99274170014343,217.5084233667516
2023-06-14,300.44542039449993,141.466011191897,138.76794408379416,147.3083181292177,147.50596372712766,219.13583343313223
2023-06-15,298.0416418760203,145.97831315654938,140.36130686719522,148.11232936652823,149.15783852921635,225.93395576999004
2023-06-16,298.314138123121,143.55860848770263,138.61085076194883,146.22465428805845,148.2837753093625,225.26856393790246
2023-06-20,306.1123167676064,141.76374426508795,138.1283603322996,146.5625719256238,148.35593609715815,227.93810283858932
2023-06-21,300.7807593025266,139.8808358943969,135.26704051002255,145.4556074049755,147.51397331379573,225.78165678271907
2023-06-22,300.6409991475645,142.45988104589833,138.18446447319283,151.6546193886012,149.9516817027512,228.37900729614816
2023-06-23,294.93908929019375,140.49308923001402,137.27557911806642,150.69914039961776,149.69507689824098,231.46548657780338
2023-06-26,283.91975021577963,137.80083883445192,132.7872564833275,148.36868129088788,148.5644337098046,223.2403787533411
2023-06-27,292.61225497321345,140.3043744475092,132.7760287457719,150.52434529846784,150.8016664907455,230.11868572958366
2023-06-28,287.3087136370377,140.84118387091058,134.8518819588222,150.36121387205642,151.7559249209907,228.70771742602375
2023-06-29,285.247271381945,140.505676340629,133.6400463342819,149.03286178127607,152.0285613168009,225.69342653162624
2023-06-30,295.5889352849456,142.8079756867949,134.3132873882797,151.89932541821432,155.54082095158856,230.06253920616095
2023-07-03,296.36460013886546,141.7385962943494,134.5377039518527,151.7361939918029,154.32995771683318,229.29289993893605
2023-07-05,295.69381549295935,141.8056925503074,136.6135398914606,151.92263498769935,153.42384373234322,235.98684888002802
2023-07-06,294.1984913354646,143.1140957919806,134.77333961626013,149.5688663094844,153.80871368521701,234.07890363485805
2023-07-07,296.99350748246303,141.41568899992848,134.06642398631666,151.2234901430836,152.90259970072708,232.90846456966187
2023-07-10,294.73651318176894,139.15533793898206,130.66650095677596,148.1356300460173,151.24272772993413,235.77040711720736
2023-07-11,296.3086747109101,139.4237229628142,131.44073982844708,150.05826058871864,150.81772291797313,239.1294006457344
2023-07-12,306.76907999532887,141.4073019679337,133.4492870732121,152.41202926693362,152.17290772831979,247.98779189482363
2023-07-13,321.26840152561044,143.69700107823894,139.74416995409064,156.4903327072109,152.7903537256996,251.25063295950238
2023-07-14,317.7186591758464,144.77892820556235,140.73158037833676,156.93310784747504,152.91062170535895,247.61103021281446
2023-07-17,324.6503141765819,144.98445642779376,139.86759733671158,155.62805643618373,155.5568277069609,249.01392822487583
2023-07-18,331.8684868426016,150.75477381592236,138.86894190146745,154.77744383989508,155.34834251227826,250.16032917410996
2023-07-19,328.9546224843322,148.90541357321032,136.9277265351513,157.72547319003905,156.4469101001509,253.3349399876959
2023-07-20,318.0750168574169,145.46245162526637,133.7522546160684,151.43324070846512,154.86720850382164,242.5204285423505
2023-07-21,309.61305092238564,144.16248791657068,134.6723417985868,151.47984206744326,153.91298732746793,235.89869266830675
2023-07-24,311.73033848304414,144.7244059349736,136.36669376293997,150.0815701582037,154.5625089254115,233.77423162094456
2023-07-25,319.186100741753,147.18604576379414,137.12970489705546,150.46609804474318,155.26011287929117,236.06703351941277
2023-07-26,317.59986437950187,141.6463258171614,145.0515905903959,149.3241602798713,155.96577609169424,239.3538633404726
2023-07-27,320.7303262643797,138.68986422589597,145.1974820848492,149.44069034730458,154.93936929161725,249.8877655676571
2023-07-28,326.66971888458687,141.89796302749542,148.76570890034847,154.05500720578624,157.03230533289457,260.9267643875312
2023-07-31,326.523014789191,140.87050566977803,148.92279358547262,155.7678782931101,157.52945851468735,255.41125076376238
2023-08-01,324.9717652037409,141.04667271740493,147.60996014325903,153.4490828591187,156.85588332081187,258.7061015167397
2023-08-02,309.33358402738793,137.33952582424902,144.05296106531537,149.39408898832647,154.42617210056068,251.97212195543162
2023-08-03,311.0525297743146,136.98729673096068,144.13149477115624,150.20974612038353,153.29551649416044,251.07424649668832
2023-08-04,312.2054108385696,137.45697052266698,143.7499935224591,162.63109743711195,145.93425929950266,249.10215847596865
2023-08-07,317.3553308463789,138.43405318743308,147.5875392150326,165.71894864418226,143.4163805360835,253.7758444452548
2023-08-08,312.0936668125117,136.7314725672521,147.44164772057925,163.06222668262956,144.1781605270184,250.63331735933892
2023-08-09,297.3498651640336,135.12954945625387,145.4892132534287,160.6269011812049,142.88712691779926,244.67692395780176
2023-08-10,296.1899066220287,135.4230824508246,145.52289646609552,161.4542042080085,142.7107049057166,245.1018359111066
2023-08-11,285.4779437416635,134.61792737932814,145.37702224508456,161.27942688685053,142.7588866053633,241.8150060900468
2023-08-14,305.7279429571318,135.88856928915638,147.3631053780172,163.79632699147692,144.099828011201,245.46258040907122
2023-08-15,307.0346857169221,134.9743565512367,145.62387701032642,160.41715061582335,142.48587767063833,242.0635069007471
2023-08-16,303.8623198222725,134.64656666541975,144.4120327490649,157.38756444246968,141.77928311094828,235.92273078426885
2023-08-17,302.87003073428093,133.16731210062338,145.78097896889295,156.117450715418,139.71565346430145,228.5473728270447
2023-08-18,302.5555770624822,132.99920395384902,143.02064832756804,155.23188265489773,140.1091166481432,227.0723357873066
2023-08-21,328.1861152305519,135.26853268284614,144.04172469103858,156.93310784747504,141.19310554648354,232.4033926567628
2023-08-22,319.10920995518023,135.5122553700302,144.8384104010997,156.43206767349426,142.30921971724297,230.55961486693306
2023-08-23,329.2272789762121,137.42019358424866,148.53006459921986,157.9119141859355,145.43273499444297,235.8826261246812
2023-08-24,329.55562052887853,134.4658714080304,145.62387701032642,153.62386018027667,141.62671600737627,229.87813181142934
2023-08-25,321.5548390685051,135.7308300864757,145.7361025655553,155.27848401387584,143.41731188337047,228.87605827712974
2023-08-28,327.26374628123614,136.0333932500799,147.00402505754647,155.1386621569495,144.68600557566575,232.69199812705068
2023-08-29,340.88249604212086,138.01273280084212,150.9986813454077,157.20112344657323,147.8416212893572,238.88892076695166
2023-08-30,344.2365528089675,138.17242766513036,152.46859947274544,157.38756444246968,150.67609604053223,236.57208075252137
2023-08-31,344.87240409299886,137.73959643807083,152.79397930710695,160.81332439710937,150.85271674003613,237.20541353672937
2023-09-01,338.960920771843,138.1178003925761,152.22172743406122,160.9415003592892,152.1294696908548,237.59821708257357
2023-09-05,339.23349714133326,140.17279385948507,152.34516345340333,159.95106590607418,152.32219648944164,240.62050422909803
2023-09-06,328.8700399483558,139.89123108898193,150.87522805262319,157.72547319003905,146.87005221753788,239.8348724576191
2023-09-07,323.1396866426696,138.64313835124602,151.7728770334728,160.6269011812049,142.57420664733604,239.4339986202763
2023-09-08,318.4646253306801,140.47537014833495,153.02964088167798,161.069676321469,143.07201798121162,238.80871144777637
2023-09-11,315.7112728262846,142.01767839341744,153.6355241470633,166.74435634162086,144.01954587506287,246.56085576680016
2023-09-12,313.55891836643536,139.4247336067322,151.8626471135905,164.56536498456384,141.56247788050194,241.8310479538819
2023-09-13,317.8566833457,141.22761735446235,153.3999143928195,168.78350806175953,139.88427699510112,244.5567086982009
2023-09-14,318.5275748214589,142.33706812199392,154.95960260027493,168.63202253009464,141.11281099238158,249.8957864995746
2023-09-15,306.7803772522654,138.77336703896427,154.1741446277694,163.58657642609538,140.52665826384447,240.74876510040696
2023-09-18,307.2416151418497,138.28588228885909,155.08302134617463,163.10882804160767,142.90340686837578,242.5444666583126
2023-09-19,304.1249076005234,138.11360031395589,154.89227072182607,160.37054925684524,143.78667179942505,244.56468027053742
2023-09-20,295.17310008281316,134.8020483258421,150.06734915189125,157.64389858683734,140.91207460712667,240.23572161517137
2023-09-21,286.63354896716567,134.28098919726654,146.36445857949428,150.69914039961776,139.65944976002285,237.07715266542047
2023-09-22,290.7775590807478,133.22195249842332,146.1512352065921,150.45443437000466,140.35000031044908,239.76273342994236
2023-09-25,295.05427857900537,133.4446616672606,147.11623333933298,152.9596885798845,141.38581992710655,241.16560676221326
2023-09-26,292.8809854680019,131.17534606350912,144.26614989133276,146.7956231704944,138.07763710984312,239.66650692672255
2023-09-27,296.7733044483216,131.44852180201747,146.47664958783838,146.7956231704944,136.84907827663497,238.6884468285945
2023-09-28,301.1130001448212,131.80571223817597,148.4627154473286,146.7956231704944,137.0578490844856,243.6748257437116
2023-09-29,303.97817679766433,132.6924275863789,146.8357471817515,148.12398415127075,137.4753907001869,240.66862982060323
2023-10-02,312.9440324410214,135.23490580339302,150.5498136713769,150.85062593128265,139.5148922431189,245.96762764217982
2023-10-03,304.1039155344427,131.70065777168767,148.59739647766872,145.32743144279567,138.4309157627424,241.25381233351555
2023-10-04,307.7657223998231,134.04141408771994,151.7504561052464,147.9841534043484,139.4426569475403,244.97355036000718
2023-10-05,312.2871089685197,134.20952223449433,151.55968820745542,146.77231360100933,140.44635129177868,244.34024225558971
2023-10-06,319.7923868640143,137.52946125460286,154.37612298967358,149.10277270973924,142.51800294305744,252.8699233748034
2023-10-09,316.37519365414647,138.60528514268125,155.31866564730325,149.45233624205113,143.7224212545869,255.2188717966943
2023-10-10,320.04394445996076,138.00434576884737,154.9147261969373,150.87391772077572,143.24066634793894,258.00865063677253
2023-10-11,327.0879844658711,139.69793559573193,157.70868823060184,153.61221428553014,144.3728493638898,262.80262590503105
2023-10-12,328.0593616101716,139.16842380893317,155.93581119712903,154.1948290627126,145.1035347734032,259.86856900959936
2023-10-13,317.68888035437067,137.72699620221016,154.12925095098936,151.23513603783013,143.61005109992115,252.27674460976405
2023-10-16,322.11946154816354,139.79038982635956,156.08168541813993,154.45118098707226,143.50564086006818,257.4555024919493
2023-10-17,307.04603638878507,139.54662776343844,156.77739058397017,153.19273093475908,142.24499400833247,259.74025877870946
2023-10-18,294.8725609993452,138.72715304889613,154.8025006417084,149.30086849037824,141.19310554648354,254.1045298953398
2023-10-19,294.2087737087993,139.2356513173481,154.56687361402217,149.61546766846254,140.88798375730332,250.76962384235588
2023-10-20,289.21915189515823,137.28151223830722,152.15439555561235,145.8517811862615,138.8163321060246,247.43466842979092
2023-10-23,300.3163699322839,138.39518933495037,153.16428736513328,147.4714495556291,138.912695505318,251.73159271706785
2023-10-24,305.12427416626474,138.90366135291094,155.75630558377844,149.80190866435902,139.2659865761811,250.5612030114527
2023-10-25,291.95848298137014,143.16492986853098,140.94479511451775,141.44721489316137,137.3870617234892,240.1234532481165
2023-10-26,281.8047060820305,137.7942105853794,137.20826451305993,139.326497459817,134.00659393879187,231.1608392436804
2023-10-27,283.02067017438037,138.60109818930673,137.08481985699663,148.84642078537956,135.07451399194076,237.87880162094396
2023-10-30,287.63983276587766,141.7529421878866,139.65439123725176,154.63762198296874,136.73662119622244,242.63262287003383
2023-10-31,284.9773390513122,142.08911910569824,139.22799631177458,155.08039712323284,137.12207479339614,241.51835500805086
2023-11-01,295.77412483482266,145.43425859752813,141.8873291354262,159.63644894799788,139.6915626144781,249.9999598953404
2023-11-02,304.02702474786986,146.37985379788827,143.05431426679246,160.88325310556453,142.58222865196794,249.214402163233
2023-11-03,314.50233279675814,148.26251278891127,144.86085723948972,161.5008233469786,141.84349640189498,252.2046302618779
2023-11-06,319.71554949236787,149.83003463096074,146.1512352065921,162.82918432775494,143.9151356352099,253.16654977700887
2023-11-07,321.1410870485028,151.51101109673897,146.95913138076645,166.2899175266182,145.99482170908436,255.58766190636698
2023-11-08,325.46681474174517,152.63307522537687,147.9354090713901,165.55581721777085,146.85399579031028,256.35722713422035
2023-11-09,328.0942949720463,151.5782517303996,146.14005928936368,163.83128245570848,146.46857944702808,256.97449337480276
2023-11-10,337.77294610093406,155.3520617464058,148.7769193644617,167.28035197983323,149.86957412593057,263.56421956054794
2023-11-13,339.76452163227736,154.0955163504467,148.21587795552918,166.15007788969987,148.5831475812911,263.90092594255054
2023-11-14,347.004354050958,155.60421084132167,149.93266812155116,169.89047258240782,150.70576255611368,269.60879385359686
2023-11-15,341.63738248966575,155.66739577406466,151.05475093941615,166.86086862906217,151.16404751112958,266.7227885102988
2023-11-16,345.77439524788764,158.40452138463468,153.6467864315037,166.4297393835446,152.53090520747313,267.90924475953955
2023-11-17,344.5025591425088,155.7431546921769,151.82901572125087,169.168018168307,152.51482394431787,268.5906784554622
2023-11-20,352.2663919893101,158.9392963949544,152.8837493872246,170.27500046894727,153.9298633403081,272.5429247884001
2023-11-21,349.0168682334555,157.0990975737327,153.69166283484137,167.67652576111922,153.27861564539262,270.1458754547946
2023-11-22,340.4354131080363,159.11194587673688,155.3972079898653,170.95083574407798,153.8173317521126,273.7614400855204
2023-11-24,333.86655228750425,158.9350831910885,153.37749346459307,170.9857912083096,152.73993679256412,271.14802302846573
2023-11-27,337.1229932763294,159.4319918675978,153.0632722740176,172.13935708793602,152.5952054241666,268.31811484900936
2023-11-28,334.18097925183986,161.15428660680243,153.949710790754,171.32369995587894,153.08564048752928,271.7572436573401
2023-11-29,336.4102244982619,159.53304313415117,151.46990085389535,170.49639692907533,152.25753615179718,266.3139677804101
2023-11-30,326.8364802848511,159.5583223573466,148.70958748601285,170.22838132997717,152.72385552940884,262.26549494425234
2023-12-01,326.80149350805,157.70548392452721,147.95781272617415,171.32369995587894,153.76104112208722,260.3976296788795
2023-12-04,318.03132344761036,155.44418784589124,145.0515905903959,168.771844387021,152.30574268737155,256.5496061012885
2023-12-05,325.4395197143476,156.86751573881023,146.98160412932003,171.148922634721,155.513811880266,255.16274995306213
2023-12-06,318.0103580889929,155.30100454067875,145.89316997723705,168.39898017522003,154.62939207858088,254.4893618688475
2023-12-07,325.64914659305913,156.20638398825028,153.6467864315037,171.148922634721,156.19723451945583,261.816569554776
2023-12-08,332.00894139160704,157.58759296775585,151.46990085389535,171.77813877088158,157.35502337681692,266.7548475581784
2023-12-11,325.865797534594,156.3537411215916,149.5623600635248,169.99533897510258,155.32084914036645,260.7663951087617
2023-12-12,333.06426009276703,157.65073852476178,148.698394295342,171.84804969934478,156.55100989090818,267.9333075552921
2023-12-13,336.0764346231013,157.64651219565016,148.75449843623525,173.43276260448079,159.16407234705724,268.3501738968889
2023-12-14,337.90744488564434,154.09245816820135,148.0476000797342,171.77813877088158,159.2846631937761,267.09157861997153
2023-12-15,341.68136968156756,156.113746004183,148.7881471020173,174.74947769051062,158.8505311784027,268.4944766320329
2023-12-18,349.97708165813555,156.92223488808432,152.37879484574296,179.52692597540369,157.49975474521443,276.27063438722826
2023-12-19,346.67133869223034,157.17910907144795,153.33258251437064,179.20064534258887,158.34396518002941,280.87220600862815
2023-12-20,336.2371601366808,156.067400761658,155.22887829374318,177.25471412039846,156.6474726339122,280.00636491797394
2023-12-21,342.38027728623064,157.29702627871066,157.5628485564757,179.25891037630552,156.52688178719336,283.86240942748253
2023-12-22,341.26206250921825,157.7349501010972,158.7634564434604,178.7695160970713,155.6585432486635,283.30131439011336
2023-12-26,344.4000024837941,157.7686426067788,158.7971569295696,178.75787020232474,155.21632713883903,284.4556622318934
2023-12-27,345.36451581005036,157.52020795639268,157.50674441558243,178.67629559912305,155.29670861868777,286.86065845804495
2023-12-28,346.0982766541985,158.02974311925402,157.34962518357352,178.72291473809315,155.64244956754442,287.2534620038892
2023-12-29,346.0982766541985,158.34976285962352,156.74370737130337,177.0449813350089,154.79821429680177,283.7582113519262
2024-01-02,336.6355019504127,156.172678357323,155.038144942837,174.70285855154052,149.2585233799214,277.60941430353046
2024-01-03,332.44918721511067,156.0589874791719,155.87970705623576,173.0016333589632,148.14095630739428,276.15039444783685
2024-01-04,335.447447157114,154.93886588689583,153.0408340723488,168.45724520893668,146.25953544397325,278.2747814558275
2024-01-05,343.1280862560256,154.85886751442627,152.3002870500657,169.23794687676218,145.67258796575126,282.1468678291712
2024-01-08,365.1846584052026,157.78126909313085,155.7899369761181,173.73573366781054,149.19422316322792,287.52607496992306
2024-01-09,371.3837543976342,158.24447213871284,158.15753863119025,176.38079195462475,148.85652905493086,286.53999393987743
2024-01-10,379.840111765392,161.18373965812674,159.6498949601968,179.1307344141257,149.7007146538182,296.9937362074677
2024-01-11,383.1388039610106,161.96698869456964,159.4254956700662,180.8203137119565,149.21828917712364,296.35240717113265
2024-01-12,382.35603492187767,163.58401896335496,160.0650794215608,180.16778800631084,149.48366106409532,300.2164479327683
2024-01-16,394.0413245913574,164.34198877660242,159.8855565347678,178.46656281373353,147.64246198550822,294.5807437291891
2024-01-17,391.7420256689435,164.00508997027788,158.74101824179155,176.77698351590274,146.87862061257815,295.3102536570359
2024-01-18,399.10818438859303,165.85795465358868,160.99639434163484,178.86273659501953,151.6625666689433,301.5311897331084
2024-01-19,415.769421650552,167.87921623907897,164.250417240001,181.00675470785293,154.01831649664405,307.39945160271486
2024-01-22,416.9086552011082,166.96963671288722,163.81284639729537,180.3542290022073,155.89171535543318,306.06057296725055
2024-01-23,418.4391797951097,167.97608055225783,164.99103335605366,181.79912005041695,156.9288885301477,308.80232493498573
2024-01-24,428.845449051608,169.5172862767025,166.85368046964416,182.78955450363196,156.38217525472348,313.21149290952707
2024-01-25,430.62761136394545,170.4900376103915,170.41066227414544,183.81496220107053,156.11684062164326,315.1996227940818
2024-01-26,426.53215541847356,170.09419332568132,170.76974259461616,185.4113210009531,154.70978597639345,315.96923738151617
2024-01-29,436.5540775719604,172.53235208996568,172.2508884595095,187.9049115360944,154.155001024482,321.4846769659134
2024-01-30,438.7135896319491,172.05649630754024,169.9506359563286,185.27149914402673,151.18817561484443,320.71511173806005
2024-01-31,429.9985704830318,167.42021327211717,157.20380278288977,180.84362328144155,148.26153473614931,312.76256752005065
2024-02-01,440.4817305261029,170.03102151818405,158.39318293231887,185.59776199684956,150.23945559646586,316.4822808667518
2024-02-02,462.37765728409005,173.1639782882186,159.76212051542572,200.198086890643,149.42738285203373,380.78401894716876
2024-02-05,484.54602687425125,170.8184706332472,161.22084545209262,198.45024255909559,150.8987128780494,368.29407056309964
2024-02-06,476.79546763666394,170.75111187237536,161.69209950746506,197.09857200883417,152.20125793973563,364.5342278770204
2024-02-07,489.9063749846682,174.35568497047805,163.30787458237134,198.70659448345523,152.28971109607156,376.4550109322217
2024-02-08,486.70553893424,174.3809641936735,163.72309359062012,197.9025832461447,151.41330088105454,376.78369638230674
2024-02-09,504.1216893512069,177.09283683153944,167.19030531500368,203.2742922029668,152.03319321730814,375.26853000319045
2024-02-12,504.92531691910455,174.86523325858505,165.54084702743057,200.81565713205705,150.66460942399274,375.901887467189
2024-02-13,504.08664915947946,171.10062403980623,162.85905872866772,196.50431133690515,148.9659437342059,368.8632605717579
2024-02-14,516.4707930186959,172.75436562078147,163.75670770951734,199.23094422692108,148.24947689327382,379.413229342568
2024-02-15,507.79065381672683,171.51825623235885,160.19974317845848,197.85598188716656,148.01599433740847,388.0310913532935
2024-02-16,507.4760933150753,170.46356398983843,157.6750568382622,197.51805535960523,146.76817524230552,379.44526371065706
2024-02-20,485.38464121895004,169.9277914608464,158.34827198209643,194.68655607689456,146.16440142309867,378.18661907415867
2024-02-21,471.5469169672313,169.67044476863802,159.9528711397743,196.44604630318852,146.7762345008289,375.6025216082363
2024-02-22,548.8846796443127,173.6656251784213,161.68085449646705,203.42577773463168,148.4265694754031,390.1281084736025
2024-02-23,550.8345915330532,173.11296045822857,161.53499754889853,203.90352611911936,146.9372458198029,388.4428489782536
2024-02-26,552.756567415279,171.9317014715369,154.3648779786756,203.6005550557896,145.8423787851506,386.60501901793805
2024-02-27,550.0238063650161,171.9063828726044,155.83483065289812,202.21392904129664,147.02577348392185,390.86642908666323
2024-02-28,542.7695252087406,172.0076572683345,153.02964088167798,201.77115390103245,146.0516959834096,388.434778686755
2024-02-29,552.8962474478515,174.50516839362086,155.3635593240833,205.9659696287511,145.51230930664298,393.33823350574016
2024-03-01,575.0296836761381,175.2898480818438,153.88241345918993,207.66721260132041,144.63480631080924,403.10479168621765
2024-03-04,595.7025421565622,175.0451803769702,149.62970921541609,206.92146639772653,140.96380784442775,399.8064857625682
2024-03-05,600.8115730382017,169.86871473000383,148.86668944457938,202.88976431642732,136.95465580508764,393.41042189299793
2024-03-06,619.933742789903,169.63251280859913,147.44164772057925,202.17897357706502,136.1495992102175,398.1212015874288
2024-03-07,647.6735028647427,172.60671973203497,150.78544069906312,206.03589833720628,136.0529998696114,411.04171359683085
2024-03-08,611.7425104094007,171.3748235474783,151.94120672959497,204.32300946989042,137.44573660256927,406.03403602249887
2024-03-11,599.4836779675513,170.65763387258406,154.47708626046207,200.37288199179292,139.07193105546483,388.08970585576776
2024-03-12,642.3896983438768,175.1970132190912,155.40845300086332,204.3696108288686,139.45834083585316,401.05841749604645
2024-03-13,635.2259020729465,175.1210967980307,156.85591565308985,205.7329272738765,137.76775924051734,397.7039156893932
2024-03-14,614.6499382690372,179.39050296597742,160.57001668960004,208.28478284273447,139.27318899520046,394.7024582860638
2024-03-15,613.9021292992422,175.677987847335,158.4155865871029,203.2393367387352,138.96728487429917,388.4990201814668
2024-03-18,618.2214739087781,176.05767495460304,165.70912490322553,203.30924766719835,139.8528347106925,398.83545940473704
2024-03-19,624.8121814342135,177.78311975277288,164.97980561849806,204.96387150079758,141.75274592225114,398.2415155661917
2024-03-20,631.6195933161101,179.3947161698433,166.8985568729818,207.5856379981187,143.8378213924263,405.6889138319305
2024-03-21,639.0490220160971,181.1412794883254,165.61937209655025,207.5856379981187,137.9609703396934,407.4865897730773
2024-03-22,658.9959182316294,180.87550638838522,169.1764057213787,208.42460469966082,138.69355569767225,408.94711509599233
2024-03-25,663.9791035466376,178.39486120380818,168.39093047543076,209.40341103812128,137.5423359431754,403.68261962155646
2024-03-26,646.9186965395874,177.88438102325728,169.06418016614978,207.76043309926862,136.62459874454387,397.96070890970674
2024-03-27,630.7668774308381,177.79157241099608,169.2885794562804,209.54323289504765,139.52274039625723,396.3315465781995
2024-03-28,631.5077424601994,177.49204117914584,169.35594588161405,210.18411270594677,138.04952283973998,389.6867104202333
2024-04-01,631.5566705327944,179.11629033305968,174.47261589357072,210.871593875824,136.88218456819635,394.3173054752794
2024-04-02,625.1895578893278,177.79581186535336,173.42909269171017,210.54533102300118,135.92417591287557,399.1483497888922
2024-04-03,621.7789080079458,177.37815342230937,173.8330666889609,212.54952727890824,136.57626802933123,406.66798580146974
2024-04-04,600.3991563913597,176.29391625174483,168.90707820758323,209.74131978569065,135.90809464972028,410.0225369677039
2024-04-05,615.0973416926803,179.51705658490295,171.11761245097367,215.64904216071707,136.5199153094867,423.199916236791
2024-04-08,608.9818133526232,179.12472986603717,173.75452434639885,215.78886401764345,135.6102125334509,416.7075024650483
2024-04-09,596.5481538566211,179.83768008657412,175.71816927766264,216.34816922534088,136.59237412841415,414.8216209525992
2024-04-10,608.3249165875848,178.56363873811262,175.20200427206777,216.67443207816368,135.07086311057577,417.1729633141701
2024-04-11,633.3248648418748,180.53377749164744,178.87119435835552,220.2866508086918,140.9154647112513,419.84534039076624
2024-04-12,616.3414287437871,177.9898686228533,176.9860917696538,216.88418264354522,142.13110886207988,410.8090078520605
2024-04-15,601.0701546969714,174.50516839362086,173.7656829901849,213.95944508289432,139.02362517617985,401.4435949866214
2024-04-16,610.9527707223708,174.9017345668439,173.2495352580324,213.6098904405784,136.35892882644032,401.06643842796393
2024-04-17,587.3295387814733,173.7457810538391,174.45019496534428,211.2328121928784,135.24794327474123,396.58034354638596
2024-04-18,591.7746221277877,170.55217252347944,175.05611277761446,208.83244215568536,134.47511129600082,402.7035723318077
2024-04-19,532.5699984249273,168.37951122897582,172.9016999485597,203.48404276834833,132.8328107440223,386.06736978155857
2024-04-22,555.7598216529021,169.15573825897553,175.35905441030712,206.513628941702,133.50905580012045,386.59697340623006
2024-04-23,576.0631556723948,171.94436733362605,177.58078184436837,209.20530636748632,134.36238102038408,398.1291978395558
2024-04-24,556.8710657820176,172.57294847487927,178.55700771466485,205.7678827381081,136.06909355073049,396.04264495042537
2024-04-25,577.5238402501101,168.34576622231148,175.04490231350124,202.36541457296147,136.76949154647113,354.2154593837592
2024-04-26,613.1893071062484,171.4170343376115,192.94207143812116,209.29852686543455,136.2945044301086,355.7482471333035
2024-04-29,613.343088679394,169.69998969668214,186.43400836794643,210.85994798107745,139.67571729263554,347.18537169584647
2024-04-30,603.8728358859103,164.24935079253515,182.65257545298738,203.91517201386588,137.12370154665737,345.219231504641
2024-05-01,580.3823400371514,166.61608196978437,183.8644456244125,208.5760902313257,136.2945044301086,352.4579127819905
2024-05-02,599.7841369286297,167.8395123708722,186.9613838376545,215.24120470469254,139.29735435280676,354.4561860604471
2024-05-03,620.5557596079932,171.56048014773776,187.65710627692712,216.97740314149345,147.62958455702017,362.7060723945869
2024-05-06,643.9762819031498,174.46298385397904,188.62208713622562,219.8788133526673,146.28514128538345,373.7165907362062
2024-05-07,632.8915095438786,172.691075686073,192.15661346561566,219.94872428113047,146.84062164326915,375.771084577457
2024-05-08,631.8991136260343,173.19735578800365,190.0583565977813,219.06315622061024,147.11435081989606,379.2700371979973
2024-05-09,620.2623514172016,173.9482904695622,190.70913353994675,220.81100055215765,148.58759321234095,381.53317398826584
2024-05-10,628.1669058876403,174.96921145492692,189.23921541260898,218.4572318739427,147.5638066026314,382.15912751510973
2024-05-13,631.8083082511305,174.53890027503954,189.78904635742828,217.39688649226449,150.1676176757297,375.5865044241918
2024-05-14,638.4968185068299,175.7370514529319,191.1355457388663,217.97950126944698,151.0946683472311,378.66814646690597
2024-05-15,661.3791854183661,178.80961896755505,193.57046199894495,216.7210512171338,152.94072284967436,386.444575699797
2024-05-16,659.4851455426545,177.92628993273968,195.44433685009105,213.97110875763286,153.03747120584637,379.77562738649715
2024-05-17,646.3455543791661,177.59664938728073,197.55383872892338,215.2178951352075,153.06167381734417,378.71629673820166
2024-05-20,662.4276135940187,179.76482184775898,198.51883686166425,213.86622458494608,154.00484300589233,376.2526119702043
2024-05-21,666.6628831093791,181.32853736855887,199.5623773369672,213.41178576994344,155.06086664969544,372.87402268800804
2024-05-22,663.6156683873172,181.95402095182968,197.9129190493941,213.38849398045036,153.89197613267353,375.4018995911361
2024-05-23,725.4623545953896,180.46637935503855,194.73743849359,210.96481437377227,150.6513097847346,373.7968000553814
2024-05-24,744.1231796276539,181.80187310381217,196.35323084193868,210.61524195146438,153.15033807906516,383.7801948753279
2024-05-28,796.0662043293198,181.8695206200891,197.93539179794772,212.2465562155785,153.15839733758855,385.1444690152325
2024-05-29,802.5241223476902,181.38350589750104,197.37431584213041,212.0950884639056,153.40022476514525,380.6824862889881
2024-05-30,772.2962415855634,175.2552499342097,193.12164614524133,208.94897222311863,154.2063617228683,374.81605072387987
2024-05-31,766.236798918241,175.4496610733432,193.55925153483173,205.59310541695015,154.98026164649784,374.63949150253217
2024-06-03,803.7472707476427,174.76919583588455,194.3110435681128,207.8070344582468,156.41519462053807,383.19434600807165
2024-06-04,813.7906657015479,175.84693600983343,195.00673146050065,208.9722640126117,156.67317781903301,382.7930772940806
2024-06-05,855.7462742921905,179.20269382542503,196.82451944419591,211.2328121928784,157.8984831457186,397.29457668390364
2024-06-06,845.6679459764106,179.41822348487085,198.30563076220446,215.56746755751539,156.77794817983695,396.2512878994432
2024-06-07,844.8991983554613,179.13505943439378,195.75854076722413,214.7518104254583,158.72076345641605,395.60934186834527
2024-06-10,851.203334800686,180.83405686250188,196.60105291995453,217.96783759470847,155.68160340748926,403.34559240227713
2024-06-11,845.1223659180187,182.86696054091763,198.40966870573897,218.16592448535147,166.99173584507346,407.25388402830697
2024-06-12,875.1080634037849,186.40866371217385,199.72402221088316,217.76975070406544,171.76409594118854,408.3532699766091
2024-06-13,905.9325354790287,186.62841970073129,196.7695380770582,214.20415111250742,172.7072651297367,404.54934918466915
2024-06-14,921.7991188807275,187.04683940802516,198.60064388483863,214.00606422186442,171.29653476719423,404.99921240618517
2024-06-17,915.5083361671064,189.49812341799773,199.1061684499193,214.47214893161362,174.66617408743488,406.98341820404795
2024-06-18,947.6609169727064,188.640191733589,196.69092664072656,213.01561198865744,172.74756142235356,401.2477608488811
2024-06-20,914.110467542854,188.36968041995536,198.0502083695356,216.8492271793136,169.0312870598608,403.023076899821
2024-06-21,884.6839175067888,190.09404894797873,201.79101414798572,220.32160627292342,167.26583756061518,397.4641021649544
2024-06-24,825.5511368799553,189.20229350543156,201.3304350800123,216.23165693789957,167.78982596223696,400.78183108373963
2024-06-25,881.3288725638037,190.5885425792814,206.73382696225443,217.12887089316632,168.53954811029635,410.17254073445696
2024-06-26,883.4956490537846,191.09994152703044,206.56534180515075,225.60009473179727,171.90919984850083,412.19697459085995
2024-06-27,866.6505042001825,191.39157136097643,208.2841184170479,230.54067444310178,172.59442309244554,417.37030291913175
2024-06-28,863.5052196732248,188.8979978093965,204.62188952804462,225.18061138102618,169.7890436305159,405.0474367168524
2024-07-01,868.81733410509,193.03137393103077,205.56557223287223,229.78326456476935,174.7306854095134,405.41694254045
2024-07-02,857.4240905457783,194.10910097973397,208.09310869106343,233.0459108729896,177.56828948757274,409.28893019463163
2024-07-03,896.6362016859487,194.73885026785345,208.74469748502133,230.237703379772,178.60014777376955,409.6584360182292
2024-07-05,879.5115365224225,197.60855398511993,214.1143888811542,233.0459108729896,182.4615632974661,433.71765320118783
2024-07-08,896.0768939914684,197.05066541714328,212.3507013190346,232.21859006619403,183.65463159005816,425.2106281296673
2024-07-09,918.30439390517,194.21902491237256,212.29454535781417,232.27685509991068,184.34793892845389,425.75693997251784
2024-07-10,942.9779235441445,197.05490487150058,214.76592585478494,232.80120484337647,187.8143266048666,429.5244580734474
2024-07-11,890.4853126646057,192.17342912137636,208.463865858592,227.27802813488148,183.45312529104604,411.8595524949325
2024-07-12,903.346398401772,191.68740127354258,207.90215078540615,226.62550242923584,185.847358388645,400.74964863690735
2024-07-15,897.7546034152034,191.8606807671181,209.5422641406445,224.56304113961215,188.95903934631838,398.5726689953283
2024-07-16,883.2161287438605,189.9841512658315,206.61027002881553,224.91261356192004,189.29763996597478,393.4556105894317
2024-07-17,824.7123622904775,187.4483144231356,203.35253334033484,218.98158161740855,184.50918618874064,371.12343578716474
2024-07-18,846.3803942649195,186.11703387822791,199.61167574155752,214.1109306145592,180.72029157379063,382.2573777611518
2024-07-19,824.2930551181281,184.73922433735558,199.5779925288907,213.38849398045036,180.82509918848606,383.01248063176314
2024-07-22,863.5052196732248,187.20321358515432,204.0826817502972,212.71265870531968,180.54293821442099,391.5356462862808
2024-07-23,856.8650499259302,188.0104555707152,204.21748369473406,217.21044549636807,181.38940871865242,392.57190133044435
2024-07-24,798.5710438885745,181.26938188624217,193.9274176860013,210.70846244941256,176.1736652241132,370.54506489643467
2024-07-25,784.8013168381809,176.83168381808147,187.9173652334661,209.5665424645327,175.32721955580942,364.23098729095676
2024-07-26,790.2531647175449,179.73519816824071,187.60283312092756,212.654393671603,175.70612888604654,374.1037426100223
2024-07-29,779.9785365471937,180.35225534377972,190.44498805886926,213.4700508036601,175.93181296062886,374.1117882217304
2024-07-30,725.0395754528233,178.7419845765238,191.29874522259766,211.7338701468512,176.3832680355402,372.0874037249084
2024-07-31,817.9323522658311,176.81053904727779,192.7029551750715,217.8746170967602,179.02741265514695,381.4380087160382
2024-08-01,763.3430452797664,176.28646111219396,191.82672526278952,214.48381260635213,176.0285737347647,399.8419012619579
2024-08-02,749.7829718155473,172.64332604225936,187.22093458305537,195.642035065878,177.23777296236736,392.1301084004269
2024-08-05,702.1134617165541,167.0053373811591,178.89674177965514,187.62526782224168,168.70075811669162,382.1609784993984
2024-08-06,728.6741941206591,168.89030641542323,177.81829167727543,188.68561320391987,167.05623474918818,396.90984342955795
2024-08-07,691.349392575472,168.39159958025465,178.54847463412258,189.66441954238033,169.1441539330796,392.75670360182414
2024-08-08,733.7067882426002,170.1920420322868,182.019676523699,193.19506366970677,171.95756781760494,409.39337506809306
2024-08-09,732.1690259260696,171.59938337595756,183.86202734247743,194.52342465048312,174.31955146314658,415.9323596045384
2024-08-12,762.0150433792633,171.9332896262652,182.31177043456873,194.36029322407174,175.56244062661045,414.470279454821
2024-08-13,811.7815166594145,174.97628596235288,184.4124628577805,198.35702206114735,178.58091234780233,424.5840576080607
2024-08-14,825.3415901236335,176.18081600964967,180.1549047766941,198.20555430947445,178.9440756999075,423.15415990517533
2024-08-15,858.7521992761342,178.26393687806842,181.1996371195222,206.93311229247306,181.36529303290138,431.64514311286075
2024-08-16,870.77440359397,177.18005408913749,183.06444341341185,206.315542051059,182.4387142440254,423.6842818054476
2024-08-19,908.6585128336372,178.4756339657733,187.2321277737262,207.66721260132041,182.30955500226628,425.1784950424162
2024-08-20,889.4369379038794,179.860163632438,187.80507058446764,208.43626837439933,182.8099616905816,423.13007242963226
2024-08-21,898.1740174174057,179.58072715173637,186.31098691122176,209.86949574787047,182.72119808514998,429.90196014917206
2024-08-22,864.9029814676245,175.9436953210468,184.0080570244699,205.23188709989574,181.21195601557213,427.3072256935376
2024-08-23,904.2548794702201,176.46871827382017,186.05257621301885,206.2922324815739,183.07628976076793,424.15033496954175
2024-08-26,883.9149562261339,175.071496494575,186.65921950986953,204.49778679104838,183.35068950744147,418.6233946027643
2024-08-27,896.7761487931531,175.21970676888608,184.99659885919277,201.72453476206238,184.03671991903488,417.00074773595315
2024-08-28,877.9738276208184,173.84790859053894,182.9408692065306,199.0212114415315,182.79381833760718,415.1370780349679
2024-08-29,821.916571627046,174.91483356204074,181.73886217071205,200.5593052076974,185.45714871132583,416.2937210972659
2024-08-30,834.3582433620103,176.61694167337697,183.53628476582566,207.9934754541432,184.81957319458328,418.776063786893
2024-09-03,754.8854860761642,173.35673564639538,176.77355933444736,205.37170895682212,179.7915272232812,411.1044249445306
2024-09-04,742.374001032377,173.12810699175276,175.75129974017287,201.96924079167547,178.24193918923115,411.8916362226026
2024-09-05,749.3637180581244,172.9121704496906,176.6387401165681,207.28268471478094,179.47676909417163,415.20129484988917
2024-09-06,718.7488995690551,170.0796243029674,169.5390789178672,199.70869261140876,178.21773657773335,401.8743066906974
2024-09-09,744.1912836588316,171.78169303856657,167.27810622268854,204.38125672361508,178.29034441222674,405.50532087028597
2024-09-10,755.5844203882905,175.37214337230876,167.22186389425613,209.2169700422248,177.644697218997,405.50532087028597
2024-09-11,817.163604644882,179.11497780849086,170.03398031587597,215.00816234981795,179.70273878192194,411.1606208275344
2024-09-12,832.8218164186401,180.791662318929,174.00476470634976,217.8979266662453,179.7915272232812,422.22225101531114
2024-09-13,832.5421358639368,182.31163139585018,177.1206173390124,217.30366599431625,179.57360437609046,421.4350644170297
2024-09-16,816.3247232255511,182.62918359003032,177.79552528020116,215.43929159533553,174.5858795333329,428.80040237930456
2024-09-17,808.0063099052574,184.24235503658335,179.21286304889387,217.75810480931895,174.96522349230398,431.2448369106998
2024-09-18,792.4878849939244,182.4047812644993,179.76404132221984,217.23373728586114,178.11280478339967,432.55548186581433
2024-09-19,823.9441488187923,185.74116621745515,182.38497528343126,221.24212979767526,184.71462898228577,449.5617331950525
2024-09-20,810.872341196923,184.29314973739665,184.0160200814132,223.25798972832084,184.17390116542592,451.3709099185795
2024-09-23,812.6898374830834,183.5479770386952,182.05878359727728,225.91471168987357,182.7776874025966,453.83148503297195
2024-09-24,844.9150091736797,181.7104295171025,182.5536849952861,226.0079321878218,183.50403894273458,452.96310192389456
2024-09-25,863.3692786855013,182.95518844243367,181.65382501381012,224.3416446794841,182.69695821976072,456.9674472946106
2024-09-26,867.0740845666451,182.61646522695847,183.04862094017963,222.7452858796015,183.62510167207884,456.5894516230757
2024-09-27,848.6198150548233,181.22350915256195,184.42096139143797,219.02820075637862,183.84301210130576,456.2034596994137
2024-09-30,848.8994421946004,182.18884472243715,186.55822169219624,217.1172249984198,188.04785883258722,460.2883105467913
2024-10-01,817.8625389570082,178.11999230860602,187.84053296170097,215.71895308918027,182.5678486498569,463.52856960314836
2024-10-02,830.7946131313786,176.61268909377398,186.56946670319422,215.2878060636707,183.02788453777234,460.58580074166474
2024-10-03,858.7557246612777,176.36287629259058,186.56946670319422,212.02517753544242,182.1320153734392,468.5944421235158
2024-10-04,873.2255611521787,176.15963186310896,187.91926531212937,217.32695778380932,183.0440030548191,479.1841453570558
2024-10-07,892.7983392231079,173.39907768898547,183.32984985578403,210.673506985181,178.91988550637353,470.21062288521193
2024-10-08,928.9381306258018,175.58805366387952,184.90466959877594,212.91074559596268,182.21270730238365,476.73166521395245
2024-10-09,927.2604746169932,176.7523810836334,182.0700286082753,215.76555444815838,185.25539405303712,474.8179942573829
2024-10-10,942.3593786962713,176.0664951197055,182.3174879440009,217.49008921022076,184.8518599005321,469.4467833687581
2024-10-11,942.2896188023745,176.26975267443288,183.6223410558288,220.01865298958566,183.64931670154044,474.3677855187998
2024-10-14,965.1477887522453,177.4637168989507,185.5570702445263,218.52714280240585,186.6758476812557,474.74558375201053
2024-10-15,919.9207295784554,177.29434872859028,186.11951080229267,218.70193790355583,188.7338768262168,471.4086786359949
2024-10-16,948.7206691127587,176.18505546400695,185.7820395582559,217.76975070406544,187.06322606282248,463.78602917780574
2024-10-17,957.1788158805514,176.43909459430193,183.27360752735163,218.51549690765935,187.36184083895765,463.8985196629752
2024-10-18,964.6585080262937,177.04878850700987,183.8247858006776,220.21673988022866,189.6620078605711,463.52856960314836
2024-10-21,1004.5730254488072,177.31129342077372,184.55595334374115,220.3099603781769,190.8564545471479,462.47538422269116
2024-10-22,1003.7341974444029,181.0075726104998,185.7595495362599,221.04404290703226,190.35607269476026,467.98332115077176
2024-10-23,975.56327208355,179.77549267250345,183.10486326861204,215.22955880994604,186.24001440483804,453.252497147479
2024-10-24,981.5050416679826,179.83051370242836,183.03739320262403,217.17549003213645,186.08668980547262,456.54122731240847
2024-10-25,989.4040409860743,181.27853018248686,185.90580377300347,218.86506932996724,186.76463612261497,460.93956085891347
2024-10-28,982.2740029486375,180.61804156896562,187.53684857098537,219.51759503561289,188.370688638184,464.88763630725424
2024-10-29,987.3768376988128,182.88746217468258,190.8664082329372,222.36075799306207,188.58861148537474,477.0452959918231
2024-10-30,974.025456352093,183.13303552150865,196.2432681076633,224.5746870343587,185.70734584650154,475.8552858527482
2024-10-31,928.0293290677953,172.04843740668773,192.47494573548073,217.19878182162952,182.32572319116835,456.3804631569907
2024-11-01,946.4836519945434,173.75050614228684,192.6774423006567,230.63387716105802,179.90451827613828,456.042695543996
2024-11-04,951.0275529547234,172.94178100396317,190.37148956148602,228.12864073117018,179.17812948210883,450.8321994512078
2024-11-05,978.0098893730136,174.2119897806837,190.93393011925238,232.46329609580712,180.34032671662828,460.2802649350832
2024-11-06,1017.8545400717777,177.9040426412982,198.54922084683398,241.30738414623903,179.7511440049175,459.9746304093396
2024-11-07,1040.7128168515012,180.12688175006778,203.31862557291691,244.75647145035575,183.59281496613,475.7747803760867
2024-11-08,1031.9746690394468,178.90328072078597,200.61895926127704,242.5774800932987,183.37466859559038,473.8772500025142
2024-11-11,1015.4078159524612,176.98528856837038,202.8686869454577,241.01607675764777,181.1689277709134,468.9160197939324
2024-11-12,1036.5882230636705,179.11073835413356,204.29726972514842,243.42811046957937,181.1689277709134,470.24275597246304
2024-11-13,1022.4678804362958,180.02953180279843,201.21515212547982,249.47565470153216,181.88802722017672,466.36709102949465
2024-11-14,1025.8932728373682,180.74505457149027,197.50310662861443,246.42274117870144,184.39271810601215,464.0834700130982
2024-11-15,992.4796724489883,175.71084033729255,194.0273100033614,236.0871607210818,181.79108017658345,445.52535345624733
2024-11-18,979.6874385519693,176.03263198583,197.18814268001606,235.02679755941162,184.23111072477445,445.78261559258056
2024-11-19,1027.6409023997792,176.8921386997213,200.36023764111107,238.4176198298117,184.44116058289924,451.16197081207554
2024-11-20,1019.8117698054368,175.91829797064014,197.9530452560736,236.4017776791581,185.02290493427793,454.7240543367544
2024-11-21,1025.2642586639179,175.15889750561269,188.56047276720892,231.15824468451584,184.63509192397723,452.77005660248255
2024-11-22,992.2699654478871,176.9110390535123,185.3321009307967,229.69004406682112,185.72583619463916,449.59396500146573
2024-11-25,950.8177391237695,177.67045264378544,188.58294551576253,234.73549017082038,188.14969855392812,454.3943323354677
2024-11-26,957.108949156802,181.57350695408329,190.23651488262522,242.2046158814978,189.91914663752584,461.1727355197036
2024-11-27,946.0642379923412,179.45228349743172,190.36022727704562,239.73433491584154,189.8140906635539,457.6830625003972
2024-11-29,966.4061375887046,179.65166910468105,190.04524605500487,242.23957134572936,191.75321780487653,461.79989835628277
2024-12-02,969.0622482195636,182.84203569935576,192.9024461612711,245.5255272234347,193.5792048777762,476.6834409032852
2024-12-03,980.45661349233,182.9353430709531,192.7336846290891,248.70659892845325,196.0515593858075,493.424384484482
2024-12-04,1014.5690947779098,185.57416059131856,196.14202846179649,254.20648384745513,196.34242535251494,493.5289774366866
2024-12-05,1014.0798140519582,187.78023876134432,194.1960197152162,256.9913817711877,196.36666521790423,489.62917565859414
2024-12-06,995.763942614475,188.18328880593734,196.52447974982528,264.5420643050748,196.20507025463036,501.5617062940808
2024-12-09,970.3873657140404,189.2227032624767,197.49294984448719,263.44674567917303,199.3642126700485,493.3600689503987
2024-12-10,944.2419343628037,188.08146314988835,208.52922856460805,262.2232510910914,200.18833083939228,497.9835315459859
2024-12-11,973.882731668715,190.4827137232975,220.049750968781,268.3057507872758,199.1541379759961,508.72610140197867
2024-12-12,960.1108680212647,190.72452012461108,216.17581876980617,266.8026124853415,200.3418417082151,507.20636926161706
2024-12-13,938.5095512899138,189.75300256401675,213.765828087101,265.04312225904755,200.4791968060997,498.81173595610403
2024-12-16,922.7802442490987,191.58575937093323,221.46871244105867,271.4169115638312,202.8303644051485,502.34454924923153
2024-12-17,911.5251851044197,192.8033359124441,220.0722755376618,269.342804379461,204.80176583445612,498.48186587607427
2024-12-18,901.1790343476005,185.5614422282467,212.1667046106618,256.9564263069561,200.41454888641908,480.5765791379386
2024-12-19,913.5523883916812,185.40869061892752,212.29055519262135,260.18409937095277,201.82039898917776,479.2729432433305
2024-12-20,941.6553699661357,185.226275954353,215.55639312558446,262.08342923416507,205.6177999093489,470.96809501571266
2024-12-23,976.3995361714866,184.65355585874875,219.18262416064027,262.2465606605765,206.2480239915061,482.7171560885074
2024-12-24,980.2444494046139,186.3844870096162,220.84930407027943,266.8958329832897,208.61535977945698,489.07452204654936
2024-12-26,978.2171392874997,185.86687982065664,220.2749793841465,264.56537387455984,209.27783331367155,485.5337618608759
2024-12-27,957.8040910091529,182.6511027503296,217.07671515782573,260.7201127891571,206.50656599837322,482.68497364167524
2024-12-30,961.159509856623,180.2328943594913,215.36498611042498,257.86530393696137,203.7675978069876,475.7884036204512
2024-12-31,938.789231844617,178.82017166508834,213.1802238430853,255.63971122092627,202.3294113264248,471.17737963928386
2025-01-02,966.8919997593658,177.5813453508083,213.32661626736802,256.6068538846482,197.02111674748693,482.22627505515476
2025-01-03,1009.9552202641275,179.60500885625953,215.98434266087705,261.23281663787645,196.62521964273517,486.5637975978296
2025-01-06,1044.6291992561705,181.51411521734423,221.70520314086457,265.21789958020554,197.95027847283882,507.1406716592649
2025-01-07,979.6850882952072,179.18925357384035,220.15109425530218,258.8091370311983,195.69607033534712,497.23449990384137
2025-01-08,979.4754881239589,180.11835034037043,218.41682336557824,258.83244660068334,196.0919426041712,491.46456231964856
2025-01-10,950.1142645428981,177.73831016399336,216.26586522500216,255.11536147746043,191.36540479457585,495.60089521004136
2025-01-13,931.3790859330655,176.99166743777485,215.10593629485354,254.55605626976302,189.3858944348895,489.541315604359
2025-01-14,921.1025882402901,176.3467847413769,213.5856315360547,253.74038135771397,188.4809849928907,478.21072505954464
2025-01-15,952.4212552147156,180.86079298796872,220.21866796194453,260.25402807940793,192.18952296391961,496.61493844274094
2025-01-16,933.7558364987798,180.12680299859363,217.24561487754684,257.1195577333675,184.42502964788864,491.93130651787715
2025-01-17,962.6976460776385,182.01473833838327,220.72545348831989,263.27196835801504,185.81469914378138,493.11430759644566
2025-01-21,984.5087766399434,181.78987662925314,223.0340490641767,268.83011831073367,179.88427699510112,496.083730631686
2025-01-22,1028.131251424259,189.2990659418906,223.39442489282692,273.84059117050936,180.8457502623295,501.74902590409323
2025-01-23,1029.1797864297644,189.51542249181477,222.95519579965156,274.318339554997,180.70839516444488,512.1702155279936
2025-01-24,997.0221846210816,188.39116644714693,225.4665470423203,273.6541679546048,179.99739222759644,521.0544465177526
2025-01-27,827.8458421186978,184.36083662941064,216.00688450320024,274.318339554997,185.71776451815197,531.0251312455835
2025-01-28,901.7381817973014,189.72331325827005,219.93714539781948,277.49941126001556,192.5046163780525,542.6534587831765
2025-01-29,864.7570518886617,187.65721583350887,220.06099597977902,276.24097898769435,193.39338246707686,544.391656429181
2025-01-30,871.3982899344845,176.05831809164178,226.2098059950591,273.4094619249917,191.96328008096512,552.8493712792516
2025-01-31,839.3805818180798,176.0879942721428,229.7571664921473,276.9517519470647,190.6786293051528,554.6037095082534
2025-02-03,815.5421411386607,174.33163952037728,226.6151964145861,276.64879866372695,184.22303904828726,561.2669074303631
2025-02-04,829.4536848186833,174.94679353529148,232.41487561221396,282.0554630847806,188.09314714666237,566.6826900206589
2025-02-05,872.6565853560174,175.3370989663213,215.46632939694615,275.1922617207708,187.82652104534418,567.2298903359679
2025-02-06,899.5710314028356,176.41042905771894,215.770376529952,278.29177660257955,188.43249284414833,572.9595505020394
2025-02-07,907.6801650414395,173.83525585369551,208.72068740009473,267.01234527073103,183.91600489267773,574.9955345004036
2025-02-10,933.7558364987798,174.88314921894946,209.9932391746473,271.6616175934443,184.13437478656624,577.3131642681304
2025-02-11,928.3731075341955,174.55222239941304,208.69816283121395,271.2188246731882,188.15438012629068,579.244505954709
2025-02-12,916.7682874513582,173.5340577156429,206.77243310600332,266.7559933463714,191.5919705445898,583.7348951198368
2025-02-13,945.7798569241135,174.17040900234352,209.62160106155667,268.4339267494556,195.36121994076632,586.2938932388048
2025-02-14,970.6670462687438,173.2752541211631,208.59680227125043,266.46468595778015,197.84439049529047,592.8203157618777
2025-02-18,974.511959501871,173.7885824800283,206.952646930492,264.0992713848187,197.73923517760792,576.4843181834589
2025-02-19,973.323584219014,175.96497134430734,208.641851409012,264.0759795953256,198.06276038917898,566.34472496934
2025-02-20,979.4754881239589,176.89594502097086,207.84228103407116,259.70636876645705,198.83925566724824,559.1585622862074
2025-02-21,939.7677932965202,173.52917512424685,202.32415894745316,252.36541901795948,198.61278926094488,550.0730429250043
2025-02-24,910.7563306536176,171.73949537367903,201.86242255883937,247.85598633216455,199.86650688886542,537.664093613407
2025-02-25,885.2399668907578,169.14640620929123,197.5492439932468,247.96085272485934,199.81796506826777,529.1098314228399
2025-02-26,917.747062562967,169.9243526464761,194.51993130697429,249.7669620901234,194.4148717534786,542.1464371668267
2025-02-27,839.9398895125601,166.86362410346368,189.7563131840931,243.23002357893637,191.93978529340544,529.7053054083972
2025-02-28,873.2857597742471,168.75955271787743,191.7608616269441,247.35492837819183,195.6119510483866,537.7204622549443
2025-03-03,797.3661099785292,165.14623820614642,188.07833644312873,238.8953682142994,192.53024705539033,527.1383110373021
2025-03-04,810.8582930712762,165.19722978564505,192.48159601080212,237.47378673557483,190.83165587338644,515.0270493589023
2025-03-05,820.0162287900177,170.4727122860831,194.84652028230332,242.78723065868024,190.67798357103385,528.2809853381684
2025-03-06,772.9683616046298,168.71706629758475,194.0919990451241,233.8615680050467,190.3463494290841,505.3139722844718
2025-03-07,787.7888670874383,167.1952071852845,195.79250035496923,232.17198870721592,193.37145234295932,503.4872235500978
2025-03-10,747.8715186738249,161.6051781719289,187.00964583570124,226.68374968296052,183.99690792700721,481.2203267937441
2025-03-11,760.3151133461399,161.7284504794324,184.9464195090404,229.0724738254071,178.62613857205832,487.4329211006224
2025-03-12,809.1850705013599,162.9272185438721,188.40768916924068,231.75250535644483,175.50397685291543,498.5783638569897
2025-03-13,808.066401697473,161.01427961104648,183.50330976429697,225.92635758462006,169.5993716510304,475.30556819880655
2025-03-14,850.6440271062056,165.17598001287587,186.58122991746404,230.65718673054306,172.68111289791813,489.38879449897337
2025-03-17,835.682452802738,165.2355161273175,185.22828754201333,228.082039372192,173.09360040234202,487.21415943749327
2025-03-18,807.0177064471883,163.0335067834551,181.146918573338,224.67957120704543,172.0340128029207,469.05936001724626
2025-03-19,821.6296800572769,164.8614334999583,184.77732978145295,227.84897923732547,174.0965869226423,470.42864415462554
2025-03-20,828.6909730844188,164.4448250765694,183.54839344894333,227.1614980674482,173.17449101870764,471.991171051741
2025-03-21,822.888135723589,166.32376962306265,184.89007353995365,228.6296986851429,176.54739626343468,480.24705457497606
2025-03-24,848.8263171603396,167.09743723015316,189.05034759348126,236.8445528194222,178.53716386124168,498.4500783058904
2025-03-25,843.7924944950911,167.98163253118395,192.29740929456298,239.69937945160993,180.97986427165537,504.45866946436774
2025-03-26,795.3420581719263,165.77538373296426,186.0964162098129,234.36262595901943,179.18423912031145,492.1111728311539
2025-03-27,779.0520546485442,166.03467296153448,182.91703185602793,234.63062377812562,181.06077972394868,485.34545505924285
2025-03-28,766.7471785401259,161.02705047510108,173.99892628282083,224.56304113961215,176.2481109172529,464.53279027922287
2025-03-31,757.7282818748399,159.5774720908057,174.3484198427633,221.6965686126779,179.6695579825776,464.22671151724995
2025-04-01,770.1031315368602,162.46812370019052,177.0881259938707,223.922161328713,180.52694387701249,471.991171051741
2025-04-02,771.9907082064757,162.4468739274213,177.0543045936647,228.39663855027635,181.0931161017528,470.32390312367795
2025-04-03,711.7248901605499,158.60822519771543,169.92885414547072,207.88860906144845,164.34995063859378,428.1910583514776
2025-04-04,659.3592465610969,152.96717835436982,164.156328799285,199.25425379640612,152.37089974356905,406.53264183028284
2025-04-07,682.6405695580188,152.1254825988774,165.45285611187938,204.2181252972037,146.77367640028066,415.81132991185063
2025-04-08,673.27212561428,150.72266946496904,163.141600425894,198.8580800151201,139.4616936860863,411.13979108433927
2025-04-09,799.3271855868902,165.9964391208448,178.93714436141292,222.67537495113837,160.83954128041626,471.8059245441319
2025-04-10,752.0652313764352,162.11103826599754,172.29647307398525,211.16290126441527,154.02094910497524,440.0069522969882
2025-04-11,775.5564216192374,165.12922788773452,177.1670656256078,215.4159820258505,160.27336905567594,437.81617665251093
2025-04-14,774.018285398222,164.85715466986397,179.34305298421174,212.2116007513469,163.80803069720656,428.07827170882194
2025-04-15,784.4354245922455,163.97297249407887,176.2312768839539,209.26357140120297,163.50066125657378,420.0560564421873
2025-04-16,730.5317516016298,157.97058763693732,172.87147142437152,203.13447034604044,157.13502672966712,404.58343197537107
2025-04-17,709.557472691452,156.34246653554547,170.42491286411985,201.13027409013338,159.3270084504244,403.9149304896785
2025-04-21,677.5369335839473,152.66112387541256,166.4901263275936,194.96621757073927,156.2371955270494,390.36735436285943
2025-04-22,691.379839083528,155.93436327136249,170.77442369750472,201.79444569052555,161.55942306140062,402.94839585372114
2025-04-23,718.08703521586,159.15235850821082,175.14894025703575,210.44046463030642,165.49044127234458,419.0493184274803
2025-04-24,744.0949765465074,164.6403781120778,179.5797682387687,217.36191324804093,168.53978405160905,429.42346837065816
2025-04-25,776.1157293137177,166.57456681767263,182.60135969629144,220.21673988022866,169.27583402149548,440.796310716835
2025-04-28,760.1753264837147,166.28125695227857,181.07929304636846,218.71358379830235,169.9714635191268,442.78574863028706
2025-04-29,762.2027968456083,167.50552736909043,180.57195476983657,218.35236548124794,170.83690867208503,446.5714310570361
2025-04-30,761.5035954588499,168.024145201968,179.03860856203082,214.89163228238465,171.88035291853194,442.1897316893385
2025-05-01,780.3105103148563,180.83657690967402,181.85721979799055,221.6266576842147,172.54359636650378,460.8841300494158
2025-05-02,800.5157211145265,185.0365636531759,184.9351744980424,221.37030575985506,166.09707122323152,480.8672577106298
2025-05-05,795.7615790039812,185.41489886013804,185.1381201727206,217.14053456790487,160.87190249414803,482.6794947281808
2025-05-06,793.8039753658372,184.19912047728644,184.03318988315206,215.5791134522619,160.56454547147905,473.04638017502043
2025-05-07,818.413674167747,184.21613079569835,170.67295949688682,219.8904770274058,158.73654668843952,480.6981024264368
2025-05-08,820.5810382219186,186.26508664959073,173.94256304029167,223.81729493601824,159.7395083728121,481.66466174218465
2025-05-09,815.54721555667,186.5031392306375,172.21755071569055,224.95921492089815,160.58071366038112,477.21854812124167
2025-05-12,859.9426577411215,190.97943864636719,178.65527632844,243.1134935115031,170.72077587437988,515.0261608864438
2025-05-13,908.3930406493598,190.92844706686853,179.86165354518405,246.29456521652165,172.45398833953197,528.3965361173617
2025-05-14,946.216470532621,192.5437841789601,186.44592704319777,244.9895138052303,171.96803616111066,531.078637031421
2025-05-15,942.6510241944912,192.9781773102565,184.85625213974768,239.07014553545736,171.25533196321797,518.6104068630054
2025-05-16,946.6359913646759,193.4636801482628,187.3704362269689,239.5595398146916,171.10144855548035,515.7591013051723
2025-05-19,947.8244734773858,195.42271494394535,187.7650307450001,240.22372919507578,169.09286774247627,515.8315611701257
2025-05-20,939.504778198858,195.1246143638751,184.87879398207085,237.7884036936511,167.5378282223064,513.1495096156474
2025-05-21,921.4669848682857,192.73970472134775,190.04251685110674,234.35096228428088,163.67456242199967,511.8607803145106
2025-05-22,928.6680647578531,193.71496297696322,192.64688558106306,236.65812960351772,163.08333074625753,512.7226479588918
2025-05-23,917.9013248704505,191.72184191822842,189.94103537704643,234.199494532608,158.1510024401299,505.0627813766054
2025-05-27,947.3350859215815,196.19782632806158,194.93561669816765,240.06059776866434,162.15197104130837,517.3538600087008
2025-05-28,942.5110770872868,194.77964353145236,194.32679694757545,238.5457957919915,162.32203505591187,518.3687917138591
2025-05-29,973.1334270809805,195.34181092952335,193.76307815507198,239.6877157768714,161.9413623748114,519.5527799840482
2025-05-30,944.7484146950605,196.0572680719867,193.62779255424812,238.88370453956088,162.67028443346146,521.518031702795
2025-06-02,960.4790036941095,196.7429440319836,190.57239696996183,240.79468029751973,163.35869909410954,540.3735397353573
2025-06-03,987.325879859014,197.16881887882838,187.3591739425285,239.69937945160993,164.63027375401256,537.1114637441847
2025-06-04,992.2199690767637,197.5521154286607,189.46748395383568,241.4705155726504,164.2657940977418,554.1063623697855
2025-06-05,978.7266108556357,199.1747108016178,189.6479050596331,242.26288091521445,162.4920990705154,551.4242614557263
2025-06-06,990.821566303247,200.324587325869,195.81500765040764,248.85808446011808,165.15670849450817,561.9675666830973
2025-06-09,997.1839250182629,201.33393184453672,198.77253191009382,252.83150372770868,163.15623661188275,559.0276606773134
2025-06-10,1006.4823954083995,200.5545678808175,201.60586011897257,253.565604036556,164.14430915762745,565.7451047789762
2025-06-11,998.6514467065591,201.2785695582239,200.19482715675338,248.4269374346085,160.99377239114102,559.0921242901399
2025-06-12,1013.8238497245826,203.9402775070696,198.33228368381722,248.47355657357863,161.33392525627573,558.4638261831969
2025-06-13,992.6384216102905,202.2750907118543,197.1696082763281,247.14519559280225,159.1066765182513,550.0146999002258
2025-06-16,1011.6563788405582,204.05528090978953,199.54011186972232,251.80611381026208,160.70219860049548,565.9546855600336
2025-06-17,1007.6708775211093,203.58681464068655,198.61447991219563,250.3146214030743,158.4506727431903,562.0130268572267
2025-06-18,1017.1799095511698,204.52373405364682,195.64572791495388,247.6345898720365,159.2119808514998,560.836195726287
2025-06-20,1005.7831940216412,203.31424266347983,188.1052657398198,244.33698809958466,162.79176937357582,550.0187473858703
2025-06-23,1008.0206384592678,206.97680309703296,186.46846888552096,242.9154066208601,163.19673159192087,563.0609307625136
2025-06-24,1034.1001557913098,208.7271464862733,188.2520036329504,247.92589726062775,162.2248396530421,574.0798155531177
2025-06-25,1078.9183771183275,209.64705558082164,192.6656618129445,247.01701963062246,163.24531066641003,571.2424787567161
2025-06-26,1083.8825467195322,211.85312062560172,195.89403364935671,252.9946351541201,162.79176937357582,585.2761480375278
2025-06-27,1102.9704775034024,211.21002296261736,201.52681684658108,260.1957630456913,162.85656630882235,591.3537932498675
2025-06-30,1104.6485608316223,211.83607093145275,198.93054936110718,255.63971122092627,166.16909541342505,594.948947693837
2025-07-01,1071.8566033568477,209.55335445185366,198.49030113483062,256.8865153784929,168.31535419137325,579.7383979225046
2025-07-02,1099.474470569611,209.14452929915782,201.6509783505037,256.2572814623403,172.05712263360178,575.1841868191038
2025-07-03,1114.0875124782276,212.4450823313849,202.65561903353708,260.3239390078711,172.956133542783,579.5691932787305
2025-07-07,1106.3965108835919,211.9680977778303,199.5626709854879,260.3938499363343,170.0404701441105,579.037096995217
2025-07-08,1118.7022416308325,211.49963150872733,196.8196656068834,255.6047557566947,170.0890368006358,580.9072328013173
2025-07-09,1138.8388142500608,214.43393768527105,199.37078031394137,259.31017720517906,171.00425315261057,590.668682265158
2025-07-10,1147.3689643386595,213.5693908770355,200.49959977433974,258.98391435235624,172.032845514321,586.2030716097079
2025-07-11,1153.1023088802249,214.35300742035764,203.4006744242848,262.19995930159837,171.02044617744028,578.3600809817966
2025-07-14,1147.1592573375583,214.22524627882876,204.9471139014246,262.98066096942387,168.96328628994704,581.1087186110856
2025-07-15,1193.5154012258859,215.41770110009247,205.44379446399992,263.74971674250276,169.3601395779134,572.620845057005
2025-07-16,1198.19999710224,215.33254450606748,206.5387579773075,260.06758708351146,170.2105465766778,566.5914241553327
2025-07-17,1209.5968194616216,217.92186672494273,207.22731193798697,260.871598320822,170.0971581489783,565.3823612179798
2025-07-18,1205.4716915245267,217.2191673212883,208.8979647393766,263.49336481814316,171.03663920227,567.695795421319
2025-07-21,1198.2699706558424,217.22343302613695,214.58718027289967,267.18714037188096,172.08953351918885,574.7004629250006
2025-07-22,1167.855297896046,215.18346796554098,215.98689913035125,265.0547681537941,173.6445482034311,568.1230025951417
2025-07-23,1194.0747623352925,215.43899024859869,214.73393543947265,266.01024714277753,173.44207330324048,575.1922324308119
2025-07-24,1214.7708028937802,217.57266956340837,216.9238106457607,270.6012544317741,173.12622239331418,576.1756233636913
2025-07-25,1213.0927195655604,218.77788212348102,218.0639269374843,269.6807309070223,173.22341779618395,574.4667453088192
2025-07-28,1235.816283900868,218.26257185251686,217.38661798780288,271.25378013741977,173.3610833431642,578.4567764010362
2025-07-29,1227.1464003647707,218.29237928547474,220.96496704054456,269.17967295304953,171.10955748585906,564.2458568647423
2025-07-30,1253.435945187472,218.57772212673606,221.8454462196553,268.2241939640661,169.3115356674966,560.3848023577591
2025-07-31,1243.6472326027085,227.20603551297725,216.61903802817437,272.79189168357766,168.11287929118262,623.4432959909593
2025-08-01,1214.6309626164286,223.2070094062073,213.49223403303444,250.23304679987257,163.9094482077774,604.5571850181578
2025-08-04,1258.5400618958813,228.1174000725826,220.1634965869405,246.62082806934444,164.69507068925907,625.8050532241277
2025-08-05,1246.3740645961393,224.7572059239484,219.7458420233143,249.06781724550763,164.34679647578187,615.3988195532797
2025-08-06,1254.484693852683,223.56049852308172,221.34874838363766,259.04217938607286,172.71315124459045,622.2744611121466
2025-08-07,1263.923859158994,221.8143945881987,221.83414938833016,259.9976761550483,178.20433759476458,614.084867506236
2025-08-08,1277.4180720189447,222.32541290382278,227.36533019739747,259.484972306329,185.75270866835965,620.1061934366195
2025-08-11,1272.9431831436914,222.2104620020856,226.89122602403012,257.86530393696137,184.20402714566893,617.3413658647524
2025-08-12,1280.634398398033,225.39175905198974,229.53264628791996,258.0633908276044,186.20675909771074,636.7917062083185
2025-08-13,1269.6570968707067,221.70369626606447,227.97490997945496,261.66394588339404,189.19060953575442,628.7955034408873
2025-08-14,1272.663502588988,222.5128414122502,229.081135777203,269.14471748881795,188.74464320085437,630.447963494641
2025-08-15,1261.6863078915144,221.5290517469374,230.16476791230068,269.2029825225346,187.7797549935737,632.9467922843323
2025-08-18,1272.5936358652386,220.22161977344516,229.71327467502613,269.73899594073896,187.212179538921,618.5504781616863
2025-08-19,1228.0553087526298,217.09992446421106,227.53466175317837,265.68398428995465,186.94460967235202,605.7420124012245
2025-08-20,1226.37722542441,215.37512280308,224.9948266040032,260.79002371762033,183.25534438118183,602.7112354067627
2025-08-21,1223.4405796000249,215.0978257374255,225.48019306181092,258.62269603530183,182.35531519896682,595.7629859041994
2025-08-22,1244.4863810966713,216.3733239881584,232.63689116729432,266.6511269536766,184.6742954357774,608.410144553852
2025-08-25,1257.211525846114,215.1063833976142,235.34602332536565,265.602427466745,184.18780928491157,607.2091272282072
2025-08-26,1270.9156593668715,214.15937067071974,233.82212569054906,266.4996592020037,185.93108030076309,607.8539607947954
2025-08-27,1269.726963594456,216.16429132532824,234.2059243070845,266.97738980649945,186.88787199562887,602.437289732041
2025-08-28,1259.728650838444,217.4013719819318,238.901778715457,269.86717190291876,188.56627156845093,605.4438311722166
2025-08-29,1217.8470753358113,216.1429628010849,240.33537079344174,266.8375679495731,188.22572132847378,595.4405197613241
2025-09-02,1194.0747623352925,215.4732208893535,238.57444698210503,262.5728235133993,186.26353402832538,592.5467649638043
2025-09-03,1192.9561469463322,215.57134522611844,260.3718039381376,263.3302333917317,193.35827688333944,594.1105258504456
2025-09-04,1200.2277345387658,216.6889992722051,262.22305057974853,274.6212928383348,194.4204598372005,603.4609087234606
2025-09-05,1167.7854311722967,211.15627508152417,265.27084584938183,270.7177844992074,194.34747946379233,606.5240162434977
2025-09-08,1176.8047551569941,212.52131375834193,264.4234625858965,274.80773383423127,192.87987482692463,606.4030359103909
2025-09-09,1193.934815228088,212.61089356016382,270.7391686015801,277.6042954327023,190.01767076252506,617.2043436678105
2025-09-10,1239.8716519440663,213.44699796099306,270.21944526685223,268.38732539047754,183.887791278864,606.1451320995042
2025-09-11,1238.8229032788554,213.72000307130747,271.57523776029785,267.94453247022136,186.51488603413696,605.2746265284426
2025-09-12,1243.3677657077108,217.512280307997,272.0610533276078,265.84711571636615,189.7906331298857,609.0550274800212
2025-09-15,1242.8782713220535,219.8413814058582,284.2744307796161,269.66906723228374,191.92309555002268,616.3982523499942
2025-09-16,1222.8104971280463,217.14541656576634,283.7660215496558,272.7219807551145,193.09880352918532,627.9249978698256
2025-09-17,1190.7158181026791,217.56345564093527,281.9243962154579,269.8904636924118,193.7799040091396,625.2811012714843
2025-09-18,1232.3200633073707,216.89373997969525,284.74896678904327,269.4360248774092,192.87987482692463,628.9326243569911
2025-09-19,1235.326575855505,220.93770692770156,287.78819443124945,269.7273322660004,199.05839547489398,627.4252321118873
2025-09-22,1283.8530750338834,219.45322851512125,285.31387744907187,265.2412091496906,207.63693599160544,617.1853402291136
2025-09-23,1247.6330544117156,217.2264780831366,284.3309322096844,257.17782276708414,206.2990990767244,609.3128325717458
2025-09-24,1237.4242868456329,217.6189098039679,279.22414260677664,256.5952079899017,204.58013001608126,613.5555847188414
2025-09-25,1242.4588573198512,216.28799676593945,277.69884582312613,254.19482017271662,208.27749181966632,604.0779034863474
2025-09-26,1245.9549710834958,218.1777302643884,278.54622908661145,256.0941500359289,207.13424439794608,599.9158542542375
2025-09-29,1271.5468101373785,219.51717471211415,275.7329726177936,258.8790479596615,206.2990990767244,599.6335174507406
2025-09-30,1304.6201574445017,220.94623833739888,274.65967000124715,255.8494617863078,206.4612652663343,592.3579152067799
2025-10-01,1309.2351002568123,221.6970023907635,276.69332419453076,257.08460226913587,207.1261354675674,578.6132462729042
2025-10-02,1320.7724038726622,220.00347819010736,277.58589478331675,259.15870945350616,208.48834884543982,586.4454271525698
2025-10-03,1311.8920655264938,220.69024354549634,277.20175069793345,255.77953307785265,209.2099567233961,573.1444514925813
2025-10-06,1297.3481425326565,225.4764956381527,282.94123194882087,257.3992014472202,208.13156832674147,577.2581776948618
2025-10-07,1293.8520287690123,223.5184977368795,277.664972602593,258.42460914465886,207.96130562471672,575.1771283990164
2025-10-08,1322.3106469235306,223.88960093346748,276.3769783705409,262.433001656473,209.24241728083848,579.0166127690892
2025-10-09,1346.503976374044,222.84449012029944,272.8858256550003,265.3693851118704,205.9828632099195,591.656170043263
2025-10-10,1280.7066153785445,217.96444502195524,267.2819236534574,252.12071298834636,198.87190249414803,568.9016993454858
2025-10-13,1316.7867957233605,219.28258719592907,275.8459754779302,256.4320765634902,200.80978783908802,577.2904095012751
2025-10-14,1258.8205970894073,219.0777939874562,277.31473628462766,252.14402255783145,200.89898607325355,571.6038402494436
2025-10-15,1257.4223011457436,219.0181003700663,283.61914546898606,251.188543568848,202.17196396306898,578.7826483550025
2025-10-16,1271.2670227528224,218.24170271187265,284.104961036296,249.90678394704977,200.63950030113566,574.3624485141008
2025-10-17,1281.1261362105995,219.08209906804194,286.1838371017651,248.24049643871206,204.56392457328772,578.2744914682889
2025-10-20,1277.0705545076958,220.4513640739713,289.855756391951,252.2488889505262,212.6316521479973,590.5752939378475
2025-10-21,1266.7219466642612,220.82251977154198,282.9751397162388,258.71591653325004,213.06138820417618,591.4625817664597
2025-10-22,1260.5687608010824,222.05104276795683,284.3648227036599,253.961777817842,209.55862831171572,591.5754671282775
2025-10-23,1273.714281021403,222.05960042814553,285.9352722657263,257.6205979073483,210.47482568283277,592.0513922085778
2025-10-24,1302.3824993471694,223.3606535322333,293.66330675180865,261.2561262073615,213.10194527403343,595.5681636378702
2025-10-27,1338.9522809074956,226.73491794424527,304.2270531818199,264.47215337661163,217.9588096139876,605.6185640890661
2025-10-28,1405.65876395056,231.23527593532143,302.1934162619787,267.12887533816433,218.11284203729113,606.1186753640716
2025-10-29,1447.6823163276008,231.01343303269957,310.21516836251567,268.3523699262459,218.68046716379914,606.3041686695859
2025-10-30,1418.6643370636762,224.27779319994147,318.0222461209894,259.683059196972,220.05886114853746,537.5810214385319
2025-10-31,1415.8674246867897,220.8864922190262,317.6945689187896,284.57236318940693,219.22370340935197,522.9652546186223
2025-11-03,1446.5634872789349,220.55376724083055,320.5530127129081,295.9683068086968,218.1533991071484,514.3829561860297
2025-11-04,1389.2967036914454,219.40204005693732,313.5707418287117,290.515041028665,218.9561459607468,506.0022916419483
2025-11-05,1364.9636407934333,216.34345092897206,321.2195948548633,291.5404309461116,219.0372352645337,512.9633252759987
2025-11-06,1315.108605565288,212.05207309974332,321.71675907382564,283.1973830696605,218.73719242255848,499.2428918964093
2025-11-07,1315.598099950945,211.93263336398078,315.02813671031436,284.79375964953505,217.68313081703994,501.47720269135584
2025-11-10,1391.814042343481,215.84861604128153,327.76125477049294,289.44301419225627,218.67326474477983,509.5836747628103
2025-11-11,1350.6294248006973,216.99185119121447,329.12834409526374,290.25868910430535,223.3968843328759,505.808703365145
2025-11-12,1355.104527335656,218.04124083447687,323.93114529486974,284.5490536199219,221.9522280931596,491.23326332293755
2025-11-13,1306.577921327425,214.69259690204825,314.73441909585966,276.83523965962337,221.53019117455312,491.9431034577435
2025-11-14,1329.7225021127274,217.6317200437596,312.2940271545424,273.4677269587084,221.09191155926163,491.59625368183913
2025-11-17,1304.7599977218533,216.48421918897793,322.02173897272075,271.34700063536803,217.07442706619395,485.5870208488083
2025-11-18,1268.1204562676307,210.6401116695903,321.1857043608878,259.32184087991754,217.0581595335813,482.1024812259291
2025-11-19,1304.200529782594,207.7948209093039,330.82307607534955,259.484972306329,217.96720415753427,476.15771200572476
2025-11-20,1263.0859926232652,204.4698286696054,327.02689164058665,253.01794472360513,216.09236481494128,475.2140061759942
2025-11-21,1250.7796208969073,201.77308944001794,338.5623382989874,257.1545131975991,220.34519455844824,479.3277323782748
2025-11-24,1276.4413266745396,202.57655135482068,359.93856872947265,263.6681421393011,223.94069180476478,494.49193350301925
2025-11-25,1243.3677657077108,203.85439902453174,365.4295196912061,267.6182696173986,224.79286215439257,513.1810997475072
2025-11-26,1260.4289205237308,207.49137835423858,361.4864764492159,267.0240089454696,225.26360232712642,511.0758642569566
2025-11-28,1237.6341006765867,210.27361543423893,361.74630356969504,271.75483809139257,226.3187070416064,522.642640397004
2025-12-01,1258.0516358087523,208.02133639939072,355.769554314094,272.52389386447146,229.76804485368535,516.9318355908863
2025-12-02,1268.819657654389,209.41458122919238,356.808966436665,273.15311000063207,232.27595199215182,521.9570358164842
2025-12-03,1255.7441109876709,204.17066494463444,361.12490875304053,270.77604953292405,230.62026487516843,515.9074762057512
2025-12-04,1282.3163276009548,205.49980607449493,358.853969281601,266.96574391175295,227.82021271972033,533.5964199002283
2025-12-05,1275.5333797553556,206.49131338427242,362.97776182479413,267.45513819098716,226.26188243913649,543.18698649454
2025-12-08,1297.4904398966235,209.85051001423432,354.6795310053109,264.37893287866336,225.53955431927827,537.8472176590318
2025-12-09,1293.4346445340138,210.27788113908755,358.4781682688936,265.57911789725995,224.963286289947,529.9101970292566
2025-12-10,1285.1133468076937,204.52538783460352,362.01684022445806,270.0769046883083,226.26188243913649,524.4010261116503
2025-12-11,1265.1841309328042,206.62381273949472,353.22106517027987,268.32906035676086,225.65315385236283,526.4821247670768
2025-12-12,1223.857536515612,204.5125775948119,349.67113093027507,263.5632757466063,225.85608821721502,519.6420221065521
2025-12-15,1232.738195351339,202.9270085399411,348.4614026657067,259.31017720517906,222.47162184816554,522.7137181936886
2025-12-16,1242.737790065585,203.59798422476723,346.5960090747757,259.33348677466415,222.8774409060146,530.4957497390267
2025-12-17,1195.327449189552,203.48258706467664,335.4599589513915,257.8303484727298,220.62929273487026,524.3201751179216
2025-12-18,1217.703923333022,206.84178369463854,341.94938397722393,264.2274473469985,220.913341239437,536.3888394778917
2025-12-19,1265.603758594712,207.670892339516,347.2630403262332,264.9149462968677,222.11458055222684,531.8035318384414
2025-12-22,1284.4840121446846,207.24350808941705,350.22509022782634,266.1733785691889,219.92318247576944,534.0073384123108
2025-12-23,1323.08356090874,208.06835102944584,355.39174958206905,270.49638803907936,221.05132965347673,536.7843578006925
2025-12-24,1318.8879252687789,208.56837038918323,355.0978246863056,270.77604953292405,222.22815524938375,538.8913702361604
2025-12-26,1332.3138738527725,208.43589728445232,354.4420902661734,270.9391809593355,221.8954034906896,535.4523401469917
2025-12-29,1316.1607727857893,208.17519052934773,354.4986089696841,270.41483121586964,222.1875981795265,531.7389695064529
2025-12-30,1311.4057760364215,208.33760231949344,354.8264934531926,270.95082685408204,221.63566935929518,537.5997287197426
2025-12-31,1304.133440635018,206.68791643943587,353.86550275908695,268.95829427291346,220.64551059562763,532.8691558333184
2026-01-02,1320.5662222567046,202.12353349989272,356.296221572664,263.92449406366075,219.9556678691395,525.0547937624051
2026-01-05,1315.461571399031,202.0850765300263,357.8677248147164,271.5683970954961,216.912124278982,531.8196724214384
2026-01-06,1309.3080650462937,204.50401993462316,355.3804527507439,280.7387479987508,212.93514718391626,533.2970046816945
2026-01-07,1322.384252692129,206.62381273949472,364.01793397883034,281.4728483075981,211.287606251203,523.6663087480048
2026-01-08,1293.9241389196711,204.33307673478015,367.929677743204,286.9843791213466,210.24064772099317,521.5431557295399
2026-01-09,1292.6653627638007,204.83310921976317,371.4683496987684,288.2544928483983,210.50845352887487,527.193988644705
2026-01-12,1293.22483070306,203.9356049196046,375.1878400493053,287.1941296867281,211.22266030039057,518.2414439947993
2026-01-13,1299.3084703320478,201.15339409009562,379.83449969374186,282.68469700093317,211.87197079294907,509.4584001461537
2026-01-14,1280.6379237831763,196.3283175206936,379.6875026989754,275.75156692846815,210.98731504995126,496.88922963452995
2026-01-15,1307.9794221666737,195.16584076058174,376.2279776564568,277.5343667242472,209.5669731834071,501.15157753529473
2026-01-16,1302.2453298161383,196.53345198555436,373.08504026612155,278.629685350149,207.39186747549005,500.70758810392147
2026-01-20,1245.1851551640182,194.2512473905371,364.0405621883655,269.168027058303,200.22529911770368,487.68638254921626
2026-01-21,1281.8968067688998,189.80224848583885,371.25353716916607,269.5292453753574,200.99634290965312,494.8226426959265
2026-01-22,1292.5255224864488,192.80672222583166,373.6955528140683,273.05988950268386,201.56446475471418,522.8105616916713
2026-01-23,1312.3147912541338,199.13617508027727,370.7447651969155,278.67630448911905,201.31286438962604,531.7954862267334
2026-01-26,1303.923626804064,200.98671659510129,376.7706746695677,277.8140282180919,207.29446096723518,542.7742910375403
2026-01-27,1318.25859060577,205.38868774449872,378.22907141082914,285.1083588276193,209.61567643753455,543.2667022179049
2026-01-28,1339.2366619757233,205.83742676933232,379.87972156592735,283.1624276054289,208.13042587406946,539.8439114308954
2026-01-29,1346.1593432688212,185.26780423171044,382.41214640831583,281.6709351982411,209.6237729499494,596.0135844970935
2026-01-30,1336.5095094927337,183.89591417664352,382.12951834387763,278.83943591553043,210.59773868878722,578.4070713029381
2026-02-02,1297.9099607286785,180.93846819195147,388.5624246661993,283.10418035170426,219.14405458936898,570.2617038816313
2026-02-03,1261.0584688464453,175.74156653744862,384.0627620165293,278.04707057296645,218.71389632242,558.3868252367887
2026-02-04,1218.0535774413277,177.0151616275567,376.521937099105,271.4868402722864,224.4032857932285,540.053788369439
2026-02-05,1201.9004763743444,168.24539746853387,374.49821513519754,259.484972306329,223.93254562049464,541.0386600897492
2026-02-06,1296.5113442954562,171.43789035301006,365.01281516691154,245.07108840843205,225.72624598744545,533.9751066058976
2026-02-09,1328.8874131531718,176.76301253264083,366.66346532200976,243.20671400945133,223.0941343747866,546.6975879762035
2026-02-10,1318.3984308831218,176.62195551722982,360.1740057492925,241.1559163945661,222.3304792713139,541.4503683551284
2026-02-11,1328.957386706774,172.81831181777434,351.55915273074123,237.80004958839763,223.8090117163489,539.8116302649012
2026-02-12,1307.2102472263132,171.73705407798104,349.34324644676656,232.5798261632404,212.62263670625927,524.5704281937485
2026-02-13,1278.3305057919474,171.51481741798855,345.63501838067003,231.63597528901155,207.78900637662443,516.465486269306
2026-02-17,1293.4346445340138,169.60871673816644,341.45190883629857,234.3859177485125,214.36924815438013,516.077914839051
2026-02-18,1314.4824757978638,170.7797249079756,342.93296833397994,238.62735261520123,214.7510757061165,519.2505019098147
2026-02-19,1313.9231146884572,170.68120681384005,342.39030586775385,238.70892721840292,211.68838361573853,520.5098622602382
2026-02-20,1327.3491701023038,170.1543332014246,356.10400270571205,244.82638237881892,214.9378915539219,529.2929061088836
2026-02-23,1339.4464758066772,164.68856088899915,352.15833390047806,239.18667560289063,216.23767982763863,514.4311311371158
2026-02-24,1348.536948473358,166.62898408629587,351.4913371959054,243.02027301355486,221.0794687595075,516.0860098103401
2026-02-25,1367.4869619172273,171.59787397270344,353.7524308051808,245.44395262023295,222.7773272816456,527.7026391272288
2026-02-26,1292.8751765947543,172.07762795309824,347.51177789669583,242.27452680996095,221.73747182674455,530.3827656580469
2026-02-27,1239.031648811281,168.23102532450528,352.4636247213362,244.69820641663907,214.61296311243845,523.2546004826257
2026-03-02,1276.0228741410128,170.7197425351806,346.53945582438024,242.82218612291183,215.05161526664472,527.597651298376
2026-03-03,1259.0306245800668,173.02428629835916,343.21559639841814,243.21835990419785,214.26364578999983,528.8247304828052
2026-03-04,1279.938722396418,173.56830148164335,342.7068935199372,252.64508051180417,213.26439707681132,539.0366354831343
2026-03-05,1282.0365402163986,175.91565979625682,340.16310275245394,255.11536147746043,211.45281484195039,533.2566285444112
2026-03-06,1243.4369914523431,175.17890038004148,337.49497774662416,248.43860110934705,209.1537778550451,520.5744245922266
2026-03-09,1277.2115699134283,175.3716577382183,346.6023657015764,248.76486396216987,211.11974021619676,522.616874695706
2026-03-10,1292.0361349306443,173.8081784718408,347.3717248257714,249.74365252063834,211.8914918320843,528.0093595637551
2026-03-11,1300.9172210857826,173.43122141567588,349.2497971234191,247.7860576237094,211.8752491353993,528.6470853506748
2026-03-12,1280.7073631875144,172.13758407540192,343.4232577228697,244.1505471036882,207.7727636799394,515.1818903645964
2026-03-13,1260.4973984593933,169.4346891055867,341.98645278459986,241.9832194213697,203.1909696567054,495.428037957271
2026-03-16,1281.266831126774,171.3194481359198,345.6973064139401,246.72571224203122,205.38439186126652,506.9535988471576
2026-03-17,1272.2456910345784,171.08814193115677,351.7613901942813,250.75739654333842,206.5298248446202,503.0834621772647
2026-03-18,1261.54636078431,167.82409020718856,348.1070898153365,244.54672088497423,203.0447481326487,497.44393260615567
2026-03-19,1248.679132330606,166.63755487173026,347.4735344952372,243.25331536842944,202.2486324717336,490.18846907125567
2026-03-20,1207.6998417649572,163.57483129137324,340.53831646812,239.30318789033197,201.46061332323336,479.65266650020146
2026-03-23,1228.259460601384,164.05889035235379,341.737577026598,244.8613378430505,204.30392966465288,488.05544413658464
2026-03-24,1225.1824403503833,159.66398058513658,328.59120913060343,241.48217924738896,204.42577472571824,479.05477389517375
2026-03-25,1249.5182808245688,158.93579195435566,329.1455484438874,246.6907567777996,205.22190280459714,480.6464723046784
2026-03-26,1197.4901127301991,156.76403630180454,317.8206995951451,241.83173388970482,205.44125371762792,442.3895886329327
2026-03-27,1171.475868438235,152.82320753441604,310.3763641269294,232.27685509991068,202.1186412263981,424.75992579527383
2026-03-30,1155.0422321777257,153.76129509424254,309.42601387333804,234.15287539363788,200.35578708159224,433.3728271681057
2026-03-31,1219.588081447347,158.5631268535308,325.3328851450814,242.68236426598548,206.17238617383907,462.2573135936965
2026-04-01,1229.0287423715974,158.22043981385775,336.45414920177694,245.36239579702323,207.6671613155591,467.9938347415313
2026-04-02,1240.4972475622262,159.97239760831775,334.62133332319956,244.4302085975329,207.90274250731107,464.1398880142165
2026-04-06,1242.2455181037542,159.7239629579316,339.3956437069222,247.94918905012082,210.29111432598398,462.97643332973627
2026-04-07,1245.4623786321065,159.47123635220547,345.58416536626436,249.0911268149927,205.93679256412324,464.61655348823234
2026-04-08,1273.294760189348,160.3450495838969,359.0020717766806,257.80703890324475,210.32362455528167,494.8099572836016
2026-04-09,1286.0920150894497,159.80533948119842,360.3257356672748,272.2558782653733,211.6152914806559,507.71309472048074
2026-04-10,1319.0992347176725,158.86295996603187,358.91155893854005,277.76742685911375,211.6071701323134,508.9007355996662
2026-04-13,1323.854445126746,164.64572008707287,363.51617502419145,279.5269170854077,210.56733951334002,512.6739794119953
2026-04-14,1374.204423063043,168.38951266619023,376.6399147106509,290.1654686063571,210.26675028095644,535.2644282220068
2026-04-15,1390.7080328771542,176.1469791262655,381.4029282630483,289.5595442596896,216.44078804398444,542.6088377219245
2026-04-16,1387.071651516747,180.01928098591594,380.15841128549994,290.9578161689291,213.97929925430125,546.8828838433936
2026-04-17,1410.358422836163,181.10301939714435,386.5619182088684,291.95991429688263,219.52781934346226,556.319843421537
2026-04-20,1413.0158154252558,179.08119342608944,381.74235140607544,289.3031923353299,221.8186853101697,542.0674618371771
2026-04-21,1397.771088596868,181.68984913186344,375.93847476194605,291.2025221985422,216.2295833152238,540.3950111531058
2026-04-22,1416.0928356762565,185.44222562166087,383.89192767126013,297.5530197138328,221.91621599806282,545.1457721081717
2026-04-23,1396.0926847790895,178.08741544880792,383.40543843969687,297.22675686101,222.12739589089577,532.5658905674643
2026-04-24,1456.4426847490436,181.8868984453803,389.6391819712245,307.60893867760774,220.20206510738433,545.3962719819037
2026-04-27,1514.7647336227665,181.9725669239871,396.3594492812002,304.2647355461778,217.39938034360503,548.2968384016059
2026-04-28,1490.708680533137,183.87016244460327,395.7258939611009,302.6101294925706,219.91774340761347,542.414903928054
2026-04-29,1463.2959266378034,181.81835841239652,395.9069196373821,306.5019919369514,219.47906641747954,540.6212261129706
2026-04-30,1395.6031903934322,174.67344716858918,435.34598877848094,308.8557428351744,220.43768355302782,494.3979035011553
2026-05-01,1387.770959733358,177.52627181990064,436.35292682935255,312.5844916331358,227.57845979994661,491.8447791723299
2026-05-04,1387.980666734459,177.1750139947932,433.5923889067189,317.00068604099056,224.88944907703484,493.18597770810266
2026-05-05,1374.1344495094406,176.21550603400357,439.4528188012438,318.74853037253797,230.86042829557238,488.78260948433245
2026-05-06,1453.3657713278958,177.3206517209494,450.32517255305277,320.4264637756222,233.56565687924152,495.1816349287646
2026-05-07,1479.0302546817015,180.23773757515022,450.2685847557725,315.9753139035359,233.50878260491626,498.35688741690393
2026-05-08,1504.9045518664611,177.817547272213,453.4476927344792,317.73478634983786,238.28552624226208,492.55575457749956
2026-05-11,1534.5550706889799,176.76380004738215,439.69043227480523,313.4350864494325,237.98466381467432,483.8540553183931
2026-05-12,1543.925758059628,174.66915521324916,438.2309645801154,309.74132867568665,239.70847588120975,487.1990060461168
2026-05-13,1579.240716168638,173.5725803117377,455.5067907084081,314.7634652102008,243.017888076892,498.2114740911868
2026-05-14,1648.5418826771856,175.380215398407,453.75319083664607,311.37264293980076,242.48123335216724,499.66580478668243
2026-05-15,1575.674308361833,180.7303411710738,448.89966444610803,307.7837515587497,244.12375742749458,496.27238295038626
2026-05-18,1554.6951686933514,181.42428603585424,449.0806901223893,308.62268270030785,242.1803709245795,493.8323414217027
2026-05-19,1542.7369554573597,178.80276758930583,438.5816845544678,302.19062836180757,243.09920090402778,486.8838944808153
2026-05-20,1562.7371063545268,180.36195490034328,439.9958958300874,308.7974955814497,245.76625666689432,488.8634111184801
2026-05-21,1535.044565074637,179.90691575757933,438.5816845544678,312.81751620801845,247.9941883929292,490.73784120813
2026-05-22,1505.8136739140261,179.68370782940593,433.2756285201117,310.3239434528691,251.10846470504234,493.0647999366717
2026-05-26,1502.5269466619243,178.59332804385932,439.96193624234223,309.1237584342726,250.71002191770617,494.74534559203204
2026-05-27,1486.7226450644241,177.15095541944677,439.905348445062,316.7676614661079,252.7591101287122,513.2637770457341
2026-05-28,1498.2611238086552,183.29822986374026,441.3761475179617,319.27289789599575,254.10889312479435,513.2879632404392
2026-05-29,1476.512809199813,193.27899481618422,430.3001398803365,315.35774366212183,253.74298540268353,511.04185550562624
2026-06-01,1568.9609067504248,197.69199117195976,425.8086648423609,304.4278847525812,249.06752267830643,485.1548283573014
2026-06-02,1558.1916029465542,189.44551743327946,409.38137929819385,298.90467248410226,256.296193273189,482.8602495139161
2026-06-03,1501.7576648917109,183.4484876763787,406.1456835222069,291.3306981607221,252.27935451424028,503.34200766270476
2026-06-04,1530.8826876681694,183.7532690065042,421.07961087770855,295.7236007790837,253.06809390464244,507.0505410643024
2026-06-05,1435.946416015344,178.86806568660455,416.9388212672005,286.6814258380088,249.905039830619,479.11943494632425
2026-06-08,1460.7306213818483,176.7517116961033,411.2786596637828,285.7375927437719,245.1889455286017,472.9708600160431
2026-06-09,1457.5801021921018,173.17581725982933,412.3541041871861,284.5374077251754,236.25270556386872,472.3244963024429
2026-06-10,1403.180738684365,170.5786592692782,403.4336839726983,277.32463393885763,237.09022271618122,461.3281688403701
2026-06-11,1434.3360628138169,167.5651291097605,405.00719093406826,281.4145832738815,240.3833673792508,459.26785056855755
2026-06-12,1436.5764984873226,167.73683357385346,407.1693768122,277.9655137497568,236.7243398299981,458.0963009127882
2026-06-15,1487.4051809941413,171.60895168006428,418.11614455383904,286.66977994326226,241.02574864799416,479.9516374825059
2026-06-16,1452.1191737752474,169.06331027883928,422.5310636951279,286.6464703737772,243.31875050447977,485.3942716848825
2026-06-17,1432.7957899957448,162.65845288791502,411.82204761458945,276.74201916167516,240.6435733932707,459.00614606993156
2026-06-18,1475.0831052794179,162.86879807531398,416.62185359928446,284.77045008004995,242.31860769789577,466.8020476575393
2026-06-22,1460.8005949354504,157.69168929130893,395.8490536053647,271.25378013741977,241.50550426246608,455.9896339943877
2026-06-23,1400.52024802954,160.52493107605358,391.8303526856921,272.79189168357766,239.3019117455311,454.65529644037827
2026-06-24,1393.239045750352,156.88464418443334,390.8794496819441,272.97833267947414,238.3098902872896,450.99182833626185
2026-06-25,1370.4151681832388,151.46282831981762,389.09081926900865,264.51875473558977,223.7306295286762,439.0229690491364
2026-06-26,1347.94126521399,160.10853265659566,381.93640125792115,271.13726784997846,230.74787187144926,444.9912334299115
2026-06-29,1365.0242133199868,158.21970480009924,400.34322330035377,279.81822447399895,229.08910509943686,454.978749774874
2026-06-30,1400.870329457257,160.12999243329585,404.5543849151718,277.7208077201436,235.28509782251007,455.53675983842885
2026-07-01,1383.2973528163388,164.96369228911502,408.90138488097045,281.63597973400954,239.36698187598176,495.6648158674764
2026-07-02,1364.0440494202912,167.6295084398611,407.4297566828357,282.7662538241429,250.95396039911338,471.39554898744063
2026-07-06,1369.0849228558263,166.01971018144997,414.84455456455896,284.5024522609438,254.23086236549796,485.4589327360331
2026-07-07,1378.7465079157248,166.9212045562978,415.48982127860097,286.6231608042922,252.60460582278324,497.82410009925593
2026-07-08,1429.0851618876222,164.56016973567725,409.70515270241276,283.8732183447912,254.82444103640324,487.74758842969464
2026-07-09,1419.7035778719855,164.99802793183537,406.2750961526171,287.8583012871203,257.12556424123136,510.68251775572105
2026-07-10,1476.9734595252069,165.31569825322669,404.3392960104912,285.8774146006983,256.3937736329374,541.1950806020363
2026-07-13,1424.9544787981802,167.84415870784582,399.0527244191546,288.17291824519657,258.01185915545426,531.1023789898969
2026-07-14,1482.8544429233802,165.24272188720033,406.97695066393925,288.3826688105781,256.01971972655645,534.5879058043967
2026-07-15,1487.755262421858,169.83601974299455,419.89344358856454,297.0869350040836,266.29759650310143,550.9804201030962
2026-07-16,1452.0490933917924,172.184178697595,401.26016671635665,291.1792126290572,270.981180575821,537.4183816190349
2026-07-17,1419.913605362645,169.05901832349923,392.5548354065495,288.07969774724836,271.37145234295934,522.4330596159467
2026-07-20,1423.2041784894486,172.69502638502513,398.4640455023929,291.2957426964905,265.5576348746096,522.3036387944836
2026-07-21,1451.2789569827564,170.7460849032768,392.9850132159108,288.45257973904125,266.4927323866705,520.6538935176864
2026-07-22,1484.674716785714,167.5651291097605,387.2569324370029,285.30646349825435,264.98846992058714,507.19699094122115
2026-07-23,1461.5707313444864,163.80462809288213,359.6353507217017,272.26754194011187,261.54896713585873,490.15752061394926
2026-07-24,1448.12843779301,163.85615780745394,361.95600316034904,270.4614325748478,270.7860198563242,481.3345448642497
2026-07-27,1375.8060162166382,167.03282164563018,369.67647187866305,269.62246587330566,273.9490739303476,480.2670452052935
2026-07-28,1379.3066168341013,168.85725704678035,377.7704960621733,269.00489563189154,276.52664584588064,479.8950220430634
2026-07-29,1330.2982081896166,167.65098134180698,381.1665930242239,264.0992713848187,274.98987315049953,473.58711438521436
2026-07-30,1365.514241854908,193.6481817269017,377.71390826489306,274.4115600529453,271.1193925132096,435.9175603681559
2026-07-31,1405.491147911473,199.49496679640973,403.1506758925274,316.4530267280397,251.18165618383554,450.21550084580724
2026-08-03,1446.7282189119953,209.33834980223537,422.8254031535087,330.9484852291383,246.71762171156794,477.3314334830594
2026-08-04,1483.8346068230758,211.55344501604893,427.51199899675845,323.25799861831683,251.5638066026314,475.47141639107053
2026-08-05,1534.8033432669517,209.25678952552892,410.2824656940798,317.6998308856063,252.8810793694158,476.14265733351033
2026-08-06,1533.1930968952774,214.5798510415867,404.98456272453313,317.2454098505956,254.0275802976586,477.05650061671713
2026-08-07,1567.9890755792496,214.63565958625287,401.07903739942105,319.8322208836851,254.77563843856524,478.8356173553963
2026-08-10,1523.111350024207,217.24140148748407,404.7241828538974,324.03868250615034,250.8692947217445,481.1161780777689
2026-08-11,1522.7612685964903,216.27551465729,389.192698032244,317.2570379653502,248.14298043549798,484.51275892725096
2026-08-12,1568.8991590954902,211.39031133739036,388.8983931207479,311.442553868264,245.97820647348456,468.1202446285516
2026-08-13,1577.3706595948863,213.3006120958327,392.09069800944303,308.9373174383761,248.4278236897496,481.1566035746332
2026-08-14,1576.390495695191,212.66527145305,391.56997281505636,306.0475353419568,248.9730716454423,477.01602576027176
2026-08-17,1575.3402514120403,206.2046186427052,389.41911831513465,304.4861320063058,248.69637457546085,460.13021180874915
2026-08-18,1538.4439978214723,206.75409392819572,389.6455385980252,302.31882210397936,252.30975368968748,439.66992507770897
2026-08-19,1523.1813235778093,207.90456108850287,390.23418296790214,309.7646204651797,257.8437447611715,441.5785119974323
2026-08-20,1518.2105305257292,206.93686297440382,385.6494658878878,303.0878423170743,253.34330081896474,441.41676065039394
2026-08-21,1503.297937709783,207.8357454253597,390.3473931093475,301.36332533500394,251.7563595497246,444.70820559228014
2026-08-24,1459.6104035450953,209.5862069418112,394.01516677335894,305.3717178468181,252.56203704278607,452.0836129090853
2026-08-25,1491.6059444670384,211.47859173988914,392.7699243112301,304.19482461771463,252.20395263788595,461.00362959509164
2026-08-26,1467.871876553832,213.4828036312305,387.15505367376755,303.2859469877093,255.09304159396984,465.92867923077785
2026-08-27,1596.1338276261597,217.2202698419261,385.62680313146785,298.60173698075647,256.0126414871753,461.8527624675669
2026-08-28,1523.111350024207,220.86312928170125,392.3510778800788,310.4521016350569,260.1794395772925,467.44905304569284
2026-08-31,1545.7252001006605,218.17937092009942,384.1551749333331,302.6916685357883,257.8600371297119,462.8556010753725
2026-09-01,1522.341213615171,215.4827104419861,379.253455638518,297.0403158651135,264.5984961845806,467.86954731649547
2026-09-02,1571.1395947689962,213.6763485041486,381.6307304213303,297.1102267935767,264.46013523162605,479.4421478871045
