Date,nvda,msft,googl,amzn,aapl,meta
2023-01-03,100.0,100.0,100.0,100.0,100.0,100.0
2023-01-04,103.03179156691706,95.6256893772029,98.83302360614343,99.207643547432,101.03143613946838,102.10839463382347
2023-01-05,99.65073310327077,92.79155525986086,96.72352190950289,96.85388375921303,99.96002036297836,101.76367346858189
2023-01-06,103.80021880092154,93.88512636526899,98.00267202857303,100.30296217333377,103.63797311746606,104.23283113247174
2023-01-09,109.17221208265828,94.79922604380036,98.76569173350984,101.79445458052155,104.06174857732036,103.79188962802124
2023-01-10,111.13519085990364,95.52133013880001,99.21452482189139,104.71918325117645,104.52547262928482,106.61376470977304
2023-01-11,111.77787266347224,98.4097203176341,102.69298989356884,110.80167405736483,106.73225669994204,106.53359240533695
2023-01-12,115.34054857804439,99.55339459995308,102.25537590505273,111.01141573275038,106.66830418226492,109.59598440039704
2023-01-13,118.05102261221059,99.85390885676,103.36623088942069,114.33232707468726,107.74766124711508,109.81240149678003
2023-01-17,123.66051204222985,100.32140313524445,102.43491604978172,111.92030225275164,108.69115336130398,108.51371382004187
2023-01-18,121.39019041422279,98.42641045945248,102.24416544190773,111.23281219287841,108.10749660725685,106.63781516711428
2023-01-19,117.11491254806927,96.80691647861327,104.40978854803689,109.15870500850818,108.15545478653239,109.14703430343013
2023-01-20,124.61756076032151,100.26713397317013,109.98651894304852,113.31857416199121,110.23425931404778,111.72839247187368
2023-01-23,134.07614365545766,101.25220605617649,111.97261054116913,113.63318223007151,112.82480816262617,114.85491490654502
2023-01-24,134.57911202346787,101.02681053813458,109.62745592703145,112.23491032083194,113.96019508374022,114.75067980487171
2023-01-25,134.98429100188721,100.42992180851967,106.84467868765724,113.23700844878547,113.42448409100405,113.43595026330871
2023-01-26,138.33044280646067,103.51449320692232,109.42548621929203,115.61407780648952,115.1035667560905,118.08564776309768
2023-01-27,142.2633710097793,103.58127342506928,111.5013392530567,119.13306714907341,116.67864896767288,121.64504141022306
2023-01-30,133.85961286859225,101.30645556737738,108.77467478645062,117.1638352473939,114.3359751104252,117.89323176447186
2023-01-31,136.4792414545287,103.43516918124702,110.90661468282205,120.17012074125853,115.367398831929,119.42440308220988
2023-02-01,146.30108595898335,105.49712877813424,112.69073657320325,122.52388941947348,116.27886501542093,122.75133776812743
2023-02-02,151.65214058676972,110.44330601840096,120.89314226259103,131.56607325054435,120.58848237508973,151.33078374628383
2023-02-03,147.3978547895001,107.83454121793625,117.57180504607301,120.47308291459228,123.53081974275068,149.53505739779234
2023-02-06,147.3210040538596,107.17505135592009,115.46229471271201,119.06315622061024,121.31608817475106,149.15825867284912
2023-02-07,154.89349229172433,111.67876953042995,120.78095990065698,118.9815905074045,123.65076486279793,153.61551549422023
2023-02-08,155.11700708115097,111.33232463216676,111.5013392530567,116.58122047021145,121.46797229974308,147.04986403902566
2023-02-09,156.0391491401698,110.03424033686314,106.60906895376236,114.47214893161362,120.62844338516447,142.63268719992456
2023-02-10,148.55049564050682,109.81717678914815,106.11534219247814,113.73805751276225,120.92471118453163,139.6104122068226
2023-02-13,152.20395691150847,113.248193085814,106.16022722866036,115.98695090828643,123.1989496388825,143.84319397971026
2023-02-14,160.46804835520396,113.60296995440409,106.23876092771852,116.17338301418691,122.67842581684904,143.8832986417723
2023-02-15,159.022012627958,112.69495549633947,108.77467478645062,117.87462598675621,124.38405809024495,142.02341717387753
2023-02-16,153.69893407161675,109.69472564662345,107.1700930407984,114.36728253891886,123.08682783653164,138.23956081816473
2023-02-17,149.40974161527427,107.98327212850467,105.86847881183601,113.26030912827456,122.15793924870941,138.59228440597468
2023-02-21,144.2892525481427,105.72788898461776,102.99596604697909,110.20741338543583,118.8987823502724,137.95095533007
2023-02-22,144.98081569277332,105.24249276045448,102.83886410198102,111.61734007941789,119.2431200905965,137.18134069515077
2023-02-23,165.30912390495214,106.60661054071541,101.98606568795927,111.65229554364949,119.63551535391292,137.91888394031636
2023-02-24,162.66855666506532,104.2842506699474,100.011210463145,108.94896333312265,117.48144554297208,136.596145806237
2023-02-27,164.1704644128013,104.67760875333745,100.84155340399494,109.25192550645639,118.45034481272747,135.9146997283742
2023-02-28,162.179569655911,104.36795029010257,101.05474221159983,109.79958481940729,118.04196762897408,140.24372035031485
2023-03-01,158.56096162904865,103.04986140566497,101.39136702788598,107.39920589221823,116.36033928114513,139.0252049780128
2023-03-02,162.864135444247,105.0751197213087,103.23157578087397,107.35259564324411,116.84080274938704,139.91504721984612
2023-03-03,166.88789574206194,106.82419156143024,105.08302954388876,110.58028648723277,120.94074277682701,148.50890866453204
2023-03-06,164.54071002468106,107.48533864710419,106.7437067888682,109.24027072171387,123.1829428825163,148.22833644874575
2023-03-07,162.71015354456492,106.34717970992298,105.31865655122452,109.00722836683929,121.39718990153735,147.91566816341378
2023-03-08,168.9494183948345,106.15888504088397,105.75627053974061,109.43835761235687,122.41418394817885,148.28443361604857
2023-03-09,163.7442265968311,105.58143102507404,103.59064743361148,107.49242639016646,120.58842028526672,145.6549621930266
2023-03-10,160.4533592484786,104.02064075340924,101.69431727113489,105.72128137912998,118.9147891066386,143.90733675921754
2023-03-13,160.46034325103983,106.25093628223948,102.23292906860138,107.702168065552,120.49230523928208,145.0216417096383
2023-03-14,168.12497224927282,109.12564945317843,105.44208392318535,110.5569769177477,122.18996517940637,155.53953974162232
2023-03-15,169.2778267600137,111.07138723441273,107.84334267337073,112.0950795739096,122.5102493223051,158.5297556848667
2023-03-16,178.45156116827806,115.57386085360643,112.56731783796286,116.56956568546892,124.80050695098672,164.28572486276803
2023-03-17,179.7371517888828,116.92542172575673,114.02601673848243,115.2994608484132,124.11981622157472,156.81418930091527
2023-03-20,180.95987303270294,113.91261531705669,113.57719228682134,113.85457869019955,126.04168251250691,158.57785659954914
2023-03-21,183.04893108371888,114.56121204491116,117.72888971763021,117.23374617585709,127.54712477862651,162.06509887465083
2023-03-22,184.92840228923052,113.93774223386019,115.98968741031305,115.00815345982198,126.3860326707956,160.18119162920686
2023-03-23,189.97989261595296,116.18474100509108,118.491909422567,115.0198082445645,127.2668637356255,163.76464807356948
2023-03-24,187.10132178591493,117.40242702697286,118.31236927783803,114.34397296943379,128.32388088216476,165.15151664726014
2023-03-27,185.36856804912304,115.64913679935876,114.96857658814822,114.23910657673902,126.74637716748587,162.6102261211906
2023-03-28,184.52315654214422,115.16793931181462,113.36398620577557,113.30691937724866,126.24188493774781,160.8786425522064
2023-03-29,188.53360316777264,117.37735251249846,113.76793425797487,116.81426282508605,128.74028007104815,164.62243126554517
2023-03-30,191.32136861078106,118.85859604858928,113.20691017093884,118.8534145452247,130.01351881715908,166.6185822051789
2023-03-31,194.07416062604972,120.63698699184233,116.39361818907146,120.356561737155,132.04748207451289,169.90543690882643
2023-04-03,195.38772731809962,120.1892745925932,117.10052512124011,119.33116292971239,133.0644512852252,170.81130867558858
2023-04-04,191.81043574233573,120.16832676153541,117.50447317343942,121.12560862023795,132.63205775794023,172.134059149564
2023-04-05,187.81398382929655,118.97994674220287,117.22396112992142,117.80470616829706,131.13461266102144,169.53663443650356
2023-04-06,188.90390219458592,122.01785386654187,121.65617924096874,118.92332547368787,131.85528923643736,173.2403801872604
2023-04-10,192.69079396958756,121.09309686432978,119.4344692722328,119.0515014358677,129.74930178441807,172.15808492711318
2023-04-11,189.82617779093863,118.34807945791364,118.2113801056081,116.42973493854656,128.7643336684735,171.4365958866684
2023-04-12,185.11701041958432,118.62427903401809,117.41470310107493,113.99440943712192,128.20378674654233,171.55683583347854
2023-04-13,184.89344221522413,121.28140463395107,120.54531561988031,119.31950814496987,132.5759906477825,176.64743781802997
2023-04-14,186.9545509022617,119.73315161952345,122.16111646539798,119.4476841071497,132.2957544407107,177.56134285710056
2023-04-17,188.6593686288086,120.84621639135685,118.90708521135221,119.71568192625588,132.3117239431831,175.45296056317312
2023-04-18,193.30563991591154,120.66629299439158,117.25760979279731,119.20298696753258,133.304701646293,174.67533733573748
2023-04-19,195.15016440115016,120.699751881522,116.89854677678025,121.53344607626249,134.23362748800906,172.91967862962
2023-04-20,189.3720440259236,119.72060126170399,118.14405686969496,120.96247719382653,133.448812125447,170.81130867558858
2023-04-21,189.47684412554244,119.57413675186915,118.27872061496214,124.63295206807533,132.14358470253293,170.6669935916452
2023-04-24,188.93882220739215,117.90455924499248,118.90708521135221,123.7590299023016,132.39180739687237,170.5868212872091
2023-04-25,183.3423660211583,115.24748604738862,116.5282560241773,119.51759503561289,131.142647084116,166.38608622428305
2023-04-26,188.3379843273908,123.59538668235417,116.37117135262012,122.32580252883048,131.13461266102144,167.8691689672346
2023-04-27,190.2244261817303,127.553845521995,120.72484712788885,127.96550930475877,134.85820143540494,191.2458062863379
2023-04-28,193.87858184686806,128.57066031585373,120.44432644765037,122.87345295178538,135.87514581018806,192.65674999716182
2023-05-01,201.99032054635464,127.85932489948415,120.28722450265231,118.91167957894133,135.80312161552254,194.94951501740664
2023-05-02,197.099502339741,127.79656000980448,118.17772280601176,120.75273551844101,134.9622763966966,191.7909335328777
2023-05-03,194.24885416621458,127.37392212502974,118.27872061496214,120.77604508792605,134.08945491903208,190.0192699816234
2023-05-04,192.57202586484618,127.79656000980448,117.47082451056352,121.1838736539546,132.76016148072802,187.205403492388
2023-05-05,200.38333227059871,129.9891782640117,118.45823484952976,123.11815898139848,138.9902046474357,186.6121753311658
2023-05-08,203.6741462040177,129.15229996770051,120.92683410906918,123.31624587204149,138.93413753727793,187.0050035810378
2023-05-09,199.6217555018216,128.46187308064188,120.45555418423628,124.23677828678932,137.54880182474537,187.08517588547392
2023-05-10,201.81565371365656,130.68379733739837,125.39271815643329,128.39664744027235,138.98218264230567,186.85266756468204
2023-05-11,199.67065687348372,129.763219420932,130.8011620534632,130.7154517642597,139.13431512658968,189.0252049780128
2023-05-12,198.00779657723783,129.28618791855132,131.85590426506303,128.47821315347804,138.38054467552138,187.43787479349183
2023-05-15,202.29075284008871,129.49125133290235,130.73382154410916,129.5735228893838,137.97961827052646,191.48629851985416
2023-05-16,204.10732796134897,130.44528813649916,134.10006970697074,132.1370332429843,137.97961827052646,191.4542764896846
2023-05-17,210.84965465576246,131.67818393440226,135.59243454380714,134.5840135291515,138.47680873708123,194.39635449855845
2023-05-18,221.32995839978204,133.57369408319406,137.82540679601075,137.6718736262178,140.3692320339527,197.89163004596858
2023-05-19,218.43740621088816,133.49822162870763,137.74684718679126,135.45793569492523,140.45742441852417,196.92162783959517
2023-05-22,217.82257361829753,134.6891955633306,140.31640970839928,134.01305353671157,139.6876099571959,199.07010245568867
2023-05-23,214.41296487267047,132.20656971930103,137.52242200588006,133.9897439672265,137.57066986040158,197.80344914901607
2023-05-24,213.3649371690152,131.61528803889982,135.65976641644073,136.04055047210767,137.795199078289,199.783570563721
2023-05-25,265.36119678829357,136.67693381133864,138.55475192791033,134.00139875196902,138.7173447113348,202.57336191582317
2023-05-26,272.1105475464685,139.59988332621427,139.82270022055593,139.95572248597358,140.67393163128156,210.06896027491314
2023-05-30,280.2502089024667,138.8953471120454,138.7679407355152,141.76183185123764,142.17346294625276,210.4537922721648
2023-05-31,264.34113180235005,137.71275755007846,137.8702745587521,140.50338179892447,142.13336533856742,212.21738553142256
2023-06-01,277.86766249907777,139.4698469465523,138.8240448715629,143.05522847778644,144.41067103017383,218.54259411268498
2023-06-02,274.77250746724076,140.65244960910155,139.8900234564691,144.7797721298448,145.10031511206066,218.54259411268498
2023-06-05,273.682575748218,140.87889317372543,141.3936246666118,146.00326671792638,144.00173503801358,217.56453395421107
2023-06-06,270.0703374521811,139.93114464962068,142.85231493041093,147.52971458934573,143.70505744581467,217.34806749824403
2023-06-07,261.8599013092334,135.6117516677205,137.45509013324647,141.2607827872609,142.59042094354302,211.3195100172808
2023-06-08,269.092069651738,136.40018401077862,137.0511507177676,144.7797721298448,144.79557826083797,212.1051911968169
2023-06-09,270.90884507899904,137.04177192711595,137.15213988999756,143.8242842508654,145.10832469922605,212.40181761732404
2023-06-12,275.8840455268832,139.16371253994942,138.73428343591888,147.48310434037165,147.37764563959627,217.29197033094118
2023-06-13,286.64491120935753,140.1869597197052,138.94748088024417,147.58797962306238,146.99272599096756,217.50843678690828
2023-06-14,300.4454071002468,141.46598266779864,138.7679407355152,147.3083181292177,147.50594804981765,219.1358469536992
2023-06-15,298.04168167570657,145.97826862311635,140.36128610786108,148.11232936652823,149.15783537243556,225.93392035041356
2023-06-16,298.3141512517289,143.558577976336,138.61084742723756,146.22465428805845,148.2837845162759,225.2685778368557
2023-06-20,306.1123042300955,141.76373270174554,138.12834840253922,146.5625719256238,148.35595772651655,227.93811690225172
2023-06-21,300.78079946798726,139.8808253131023,135.26703746410686,145.4556074049755,147.51400730884143,225.78164603353787
2023-06-22,300.6410125868952,142.4598583420938,138.18446117530738,151.6546193886012,149.95172826711837,228.3790460668062
2023-06-23,294.9391820905069,140.49310722689037,137.27556726195837,150.69914039961776,149.6950986107464,231.46550085910354
2023-06-26,283.91973471473256,137.8008196641312,132.78723637814292,148.36868129088788,148.56444293414398,223.24034316757232
2023-06-27,292.6122940478738,140.304367138054,132.77603455171837,150.52434529846784,150.80166343602968,230.11865056820287
2023-06-28,287.30872529601055,140.84116349677336,134.85186167532166,150.36121387205642,151.75595917941843,228.70773153717096
2023-06-29,285.2473895955054,140.5056706852921,133.64000888200331,149.03286178127607,152.02857075622737,225.69348981637742
2023-06-30,295.5890014645707,142.80794081314133,134.3132671512961,151.89932541821432,155.54078093723223,230.06257808069205
2023-07-03,296.3646130071373,141.73857958377747,134.5376923322073,151.7361939918029,154.32996729915294,229.29293876598078
2023-07-05,295.6938282716563,141.80568076619016,136.61354536597196,151.92263498769935,153.42381600450872,235.98688812008595
2023-07-06,294.19850391448,143.11406211916199,134.77332797626354,149.5688663094844,153.80872323517286,234.07891807740472
2023-07-07,296.99349372725067,141.41567643186252,134.06642104409485,151.2234901430836,152.9026091944224,232.9085036197851
2023-07-10,294.7365258326303,139.1553150667111,130.66650694491645,148.1356300460173,151.2427247026037,235.77039698432688
2023-07-11,296.30868757171373,139.42373289694422,131.44073711299825,150.05826058871864,150.81771986425426,239.1294153998941
2023-07-12,306.7691743753875,141.40731826037106,133.44927554757024,152.41202926693362,152.1729295946733,247.98783187533346
2023-07-13,321.2684177194694,143.696998728654,139.74414061133643,156.4903327072109,152.790350794461,251.2506237817438
2023-07-14,317.7186748956823,144.77891031583735,140.73159413390493,156.93310784747504,152.910643617517,247.61104549028627
2023-07-17,324.6504109444528,144.98441914998574,139.86759389345863,155.62805643618373,155.5568497834214,249.0139189091137
2023-07-18,331.8685845743681,150.75474092059233,138.86892990774516,154.77744383989508,155.34835215782934,250.16034460887218
2023-07-19,328.95477324192257,148.90538412315544,136.92772334580675,157.72547319003905,156.44693223187642,253.33493093853795
2023-07-20,318.0750326248399,145.46248559836613,133.7522171540987,151.43324070846512,154.8672181194992,242.52044350573482
2023-07-21,309.61309226728696,144.16246241688583,134.6723388040336,151.47984206744326,153.91298446593348,235.89870722313347
2023-07-24,311.73035340321564,144.72438569240867,136.3666906220503,150.0815701582037,154.56253094013493,233.77424604469311
2023-07-25,319.1861166575472,147.18605060479823,137.12970169026667,150.46609804474318,155.26012251936413,236.06702340483398
2023-07-26,317.5999334984077,141.64632528339672,145.05159533613642,149.3241602798713,155.96582302947547,239.35390278827353
2023-07-27,320.73039580131916,138.6898513784793,145.1974695445486,149.44069034730458,154.93936649381067,249.88780566539432
2023-07-28,326.6698159221237,141.89793506657094,148.76567877842916,154.05500720578624,157.0322902470734,260.9267311269929
2023-07-31,326.52305839220384,140.870535002234,148.92281527030906,155.7678782931101,157.52948071362815,255.41129120229579
2023-08-01,324.97183530707076,141.04663302917493,147.6099473945994,153.4490828591187,156.85590547793052,258.70614215856375
2023-08-02,309.3335986275033,137.3394957598983,144.0529486238638,149.39408898832647,154.42616927088977,251.9720881423965
2023-08-03,311.05254460397333,136.98726040426956,144.13148232292195,150.20974612038353,153.29553843021654,251.07426198783878
2023-08-04,312.2055059445813,137.45692937941166,143.74998974389445,162.63109743711195,145.934268360535,249.1021244858582
2023-08-07,317.3553999326304,138.43403630839478,147.5874919214276,165.71894864418226,143.4163521868874,253.7758354233004
2023-08-08,312.0937351961346,136.7314322336028,147.44163498645634,163.06222668262956,144.17815706105026,250.63335750307633
2023-08-09,297.3499315788086,135.12950613359436,145.48921796137296,160.6269011812049,142.8871357896357,244.67691437444873
2023-08-10,296.1899995893727,135.4230901823778,145.52290117113066,161.4542042080085,142.71070134863442,245.1018263539704
2023-08-11,285.47800857109377,134.61788909400764,145.37697514239576,161.27942688685053,142.75887063330813,241.81502100990696
2023-08-14,305.72801049069295,135.8885538706096,147.36307537723684,163.79632699147692,144.099861794263,245.4625955539848
2023-08-15,307.03470001004865,134.97432973654665,145.62384715975833,160.41715061582335,142.48588651756126,242.0635218359396
2023-08-16,303.8623336917698,134.64656626860764,144.4120116398809,157.38756444246968,141.7792670780697,235.9227700203707
2023-08-17,302.8700978862041,133.16730092044037,145.78093183131554,156.117450715418,139.71566213922165,228.54738692829878
2023-08-18,302.5556174649473,132.99920734926945,143.020627338554,155.23188265489773,140.10910051156426,227.0723744773437
2023-08-21,328.18613234818395,135.26854261327927,144.04172952399838,156.93310784747504,141.19311431313847,232.40345635551537
2023-08-22,319.1092525681733,135.5122789465062,144.83840652853152,156.43206767349426,142.30922855319724,230.55953037317326
2023-08-23,329.227349647812,137.42016914554793,148.53005177109338,157.9119141859355,145.43276886026493,235.88264067851662
2023-08-24,329.5556645368575,134.46588303787044,145.62384715975833,153.62386018027667,141.6267123829894,229.87817067458263
2023-08-25,321.55490871554775,135.73080975943597,145.73607270529462,155.27848401387584,143.41733320609058,228.87614643803965
2023-08-28,327.26376327569756,136.0333677070778,147.0040123612198,155.1386621569495,144.68601455919423,232.69203716381804
2023-08-29,340.8825415626606,138.0127346830121,150.99863375719193,157.20112344657323,147.84168014067566,238.8888861466898
2023-08-30,344.23659877739897,138.17241768036243,152.46855175757693,157.38756444246968,150.67611781394896,236.57207066910374
2023-08-31,344.872476853807,137.73954824083089,152.793983384159,160.81332439710937,150.8527509423838,237.20542817218004
2023-09-01,338.9609393283139,138.11777515169328,152.22173156053708,160.9415003592892,152.12947913654665,237.598207062468
2023-09-05,339.2335157342033,140.17277178910132,152.34515029577744,159.95106590607418,152.32219352913526,240.62049439546604
2023-09-06,328.8700571573173,139.89121407484637,150.8752495688333,157.72547319003905,146.87004891870882,239.83488725530603
2023-09-07,323.1397565013486,138.64309540033972,151.77286392527373,160.6269011812049,142.5742154997433,239.43406275281362
2023-09-08,318.46466785759714,140.4753559379077,153.02961039149477,161.069676321469,143.07202686452788,238.80875086194175
2023-09-11,315.71128827805944,142.01766128798243,153.63552815143348,166.74435634162086,144.01952998128178,246.5608709794768
2023-09-12,313.5589869457241,139.42474164177938,151.8626512710791,164.56536498456384,141.56247425212655,241.83098883535567
2023-09-13,317.85669908396727,141.2276044727222,153.39990114409773,168.78350806175953,139.8842732625265,244.55667442763863
2023-09-14,318.5276440642488,142.3370403832654,154.95960649028814,168.63202253009464,141.11283217201563,249.89580191801474
2023-09-15,306.78047163383263,138.7733806910649,154.17411403873862,163.58657642609538,140.5266421531906,240.7487799544806
2023-09-18,307.2416561700758,138.28589492402875,155.08300795208763,163.10882804160767,142.90341574122303,242.54450630297208
2023-09-19,304.1249215050859,138.11359606594755,154.89224007077274,160.37054925684524,143.78668072711406,244.56472003984305
2023-09-20,295.1731127919752,134.8020439790477,150.0673189175529,157.64389858683734,140.91208335633243,240.23573643759048
2023-09-21,286.63358724344556,134.28092901731156,146.36442866496427,150.69914039961776,139.65943359552418,237.0771672929575
2023-09-22,290.7775444954742,133.22194344910952,146.15125713080027,150.45443437000466,140.34998418882657,239.76267418380223
2023-09-25,295.0543179797671,133.4446664483673,147.11620335987425,152.9596885798845,141.38582870572708,241.16562164200582
2023-09-26,292.88099787108104,131.17534428493974,144.2661374314687,146.7956231704944,138.07762084712996,239.66652171402143
2023-09-27,296.7734242010378,131.4485176265387,146.47665421050053,146.7956231704944,136.84906193764084,238.6884862353396
2023-09-28,301.11304035464843,131.8057050022674,148.4627371719007,146.7956231704944,137.0578575943832,243.6748654581137
2023-09-29,303.9782173900996,132.6924179135528,146.8357344999585,148.12398415127075,137.47539923600957,240.66859531014848
2023-10-02,312.94399410833284,135.2348872174147,150.54980066881035,150.85062593128265,139.51492574150305,245.96764281825455
2023-10-03,304.10392943620207,131.70063833242165,148.5973663702861,145.32743144279567,138.43091193992885,241.25377785916626
2023-10-04,307.7658169129707,134.04142417215948,151.7504257255428,147.9841534043484,139.4426531875456,244.9735654747479
2023-10-05,312.28712396304087,134.2095177433304,151.55969239110973,146.77231360100933,140.44634759410317,244.3402326514636
2023-10-06,319.79240286077027,137.52944110230396,154.37612693008032,149.10277270973924,142.518011791975,252.8699883363303
2023-10-09,316.37518248711285,138.60524781814715,155.3186522328643,149.45233624205113,143.72243017828657,255.21886286377398
2023-10-10,320.0440139052426,138.00432410919151,154.91471281738544,150.87391772077572,143.24066282376197,258.0086912355642
2023-10-11,327.08802814432846,139.69787568163147,157.7086918831842,153.61221428553014,144.3728459100099,262.8026421198165
2023-10-12,328.05937871087735,139.1683894478216,155.93578045594802,154.1948290627126,145.10354378285598,259.86856036356295
2023-10-13,317.68897619263026,137.7269454806823,154.12923763927685,151.23513603783013,143.61002276275002,252.27671081552398
2023-10-16,322.1194778556709,139.79035269191093,156.0816719378011,154.45118098707226,143.50564977030803,257.45551837681995
2023-10-17,307.0460506834274,139.54664255984855,156.7773597701043,153.19273093475908,142.24497800436976,259.74022544496427
2023-10-18,294.87262708330763,138.72713563563403,154.80252181873095,149.30086849037824,141.19311431313847,254.1045455734572
2023-10-19,294.2087862891878,139.23563473663933,154.5668602645134,149.61546766846254,140.88798008704867,250.76961463491924
2023-10-20,289.2191905167127,137.281512582749,152.1543824144626,145.8517811862615,138.81632830714145,247.43465901658928
2023-10-23,300.31638332826446,138.39516688078476,153.16425686332104,147.4714495556291,138.91270413038265,251.73160824877624
2023-10-24,305.1242882042801,138.9036397806255,155.75625758465995,149.80190866435902,139.26600764114616,250.56119379115663
2023-10-25,291.9585753836611,143.1649578813005,140.9447829415098,141.44721489316137,137.38707025382755,240.12346806360873
2023-10-26,281.80474371347964,137.79420387008233,137.20823538932478,139.326497459817,134.00660225923755,231.16085350618403
2023-10-27,283.0207079682061,138.6010818329837,137.08480801736397,148.84642078537956,135.07450996072882,237.87884097773437
2023-10-30,287.6398978840008,141.7528854196218,139.65437917569238,154.63762198296874,136.73664210413966,242.6326378403405
2023-10-31,284.9773771064263,142.0890987631282,139.22800156048265,155.08039712323284,137.12208330728149,241.51834522981574
2023-11-01,295.7741643317108,145.4342407429812,141.8873255177347,159.63644894799788,139.6915588699379,250.00002467979203
2023-11-02,304.02709205429494,146.3798145704283,143.05429327487082,160.88325310556453,142.58223750487326,249.21436818004796
2023-11-03,314.5023747945612,148.26249924917286,144.8608533649829,161.5008233469786,141.84351762689715,252.2046211429804
2023-11-06,319.7155654788632,149.83002322012706,146.15125713080027,162.82918432775494,143.91515698883978,253.1666147568374
2023-11-07,321.14118334776094,151.510998233583,146.9591186883171,166.2899175266182,145.994830773877,255.58762831640874
2023-11-08,325.46685820371584,152.63303690427477,147.93534447429965,165.55581721777085,146.85401732641344,256.35726763112
2023-11-09,328.09433878488375,151.57821732123617,146.14001212077346,163.83128245570848,146.46857612327165,256.9745339097875
2023-11-10,337.77296449876593,155.352049654875,148.77690651501507,167.28035197983323,149.8696082672351,263.56421114253124
2023-11-13,339.76459371099253,154.0955073059655,148.21586515453814,166.15007788969987,148.58318164272163,263.90096690489247
2023-11-14,347.00432026659394,155.6041965619225,149.93263789884483,169.89047258240782,150.7057719134078,269.6087858085273
2023-11-15,341.63748152594445,155.6673544690704,151.0547724401214,166.86086862906217,151.16406931484315,266.7228543265403
2023-11-16,345.77444142167855,158.40451152612155,153.6467904349012,166.4297393835446,152.53088984216083,267.90928596919275
2023-11-17,344.5026051464621,155.74314133753145,151.8289853347623,169.168018168307,152.51484583190086,268.59071970715945
2023-11-20,352.26643903002486,158.93930349575282,152.88375345652346,170.27500046894727,153.92989773371525,272.5429169243648
2023-11-21,349.0169148402376,157.09913020649074,153.691666834363,167.67652576111922,153.27863758039933,270.14596616203073
2023-11-22,340.43545856887374,159.11194296897318,155.3971945686429,170.95083574407798,153.8173537205681,273.7614322966669
2023-11-24,333.86659687115355,158.9350589070957,153.37749749124862,170.9857912083096,152.73993385819514,271.1480397581578
2023-11-27,337.1230382948351,159.43193779162306,153.06331087469337,172.13935708793602,152.59520248081128,268.31815608388956
2023-11-28,334.18102387747683,161.15427134332126,153.94968022110695,171.32369995587894,153.08568724648336,271.75726042462077
2023-11-29,336.41029612905317,159.53302188445718,151.46992231874526,170.49639692907533,152.25752076951147,266.3139595320514
2023-11-30,326.83647051478977,159.55827980708344,148.70957464238148,170.22838132997717,152.723865012006,262.2655604854811
2023-12-01,326.80153714825013,157.7054775565082,147.95776540058966,171.32369995587894,153.76107550501223,260.3976704250699
2023-12-04,318.0313659166654,155.44418605001528,145.05159533613642,168.771844387021,152.30576456197275,256.5496219302658
2023-12-05,325.43956317267345,156.86747261012138,146.98159143492978,171.148922634721,155.51382153609103,255.1627410166791
2023-12-06,318.01042726271504,155.3009835851669,145.8931746502927,168.39898017522003,154.62940167949247,254.48937757070885
2023-12-07,325.64916337191113,156.2063386250297,153.6467904349012,171.148922634721,156.19725663567908,261.8166103885142
2023-12-08,332.0089590197291,157.58755921545065,151.46992231874526,171.77813877088158,157.35504556492705,266.7548640168138
2023-12-11,325.8658410498438,156.35374637678834,149.56236441968278,169.99533897510258,155.3208463662459,260.76641119791265
2023-12-12,333.0642778618136,157.6507171225986,148.69838145267738,171.84804969934478,156.5510196111327,267.9333240866379
2023-12-13,336.07645279438555,157.64649873510604,148.7544855887251,173.43276260448079,159.16408222952634,268.3501657741631
2023-12-14,337.9074900089036,154.0924417697131,148.04755274639504,171.77813877088158,159.28469791966185,267.091570419591
2023-12-15,341.6814420162535,156.1136913071807,148.78813425160095,174.74947769051062,158.85050378751023,268.49446851821045
2023-12-18,349.97710168567517,156.92219374228418,152.37883350553514,179.52692597540369,157.49976452434632,276.2706761127748
2023-12-19,346.6714384007302,157.17908306011523,153.33256927146414,179.20064534258887,158.3439750115782,280.8721986585052
2023-12-20,336.23717832942793,156.0673938494207,155.2288994339407,177.25471412039846,156.64749477809065,280.0064562335972
2023-12-21,342.38032300678003,157.2969883005905,157.56281767477202,179.25891037630552,156.52689150591974,283.8624269416456
2023-12-22,341.262134787911,157.73495386662702,158.76342545806358,178.7695160970713,155.65855291347492,283.30128251007307
2023-12-26,344.4000484740522,157.76862236307386,158.79714321470308,178.75787020232474,155.21632435822872,284.45565510286787
2023-12-27,345.36453522164027,157.52016982022792,157.50669626528344,178.67629559912305,155.29675551492673,286.8607008369905
2023-12-28,346.0984029936399,158.0297300683975,157.34962886716716,178.72291473809315,155.64247164932115,287.2535290868625
2023-12-29,346.0984029936399,158.34973799162964,156.74369383378752,177.0449813350089,154.79824874412466,283.75822885966033
2024-01-02,336.6355201963533,156.1726570280006,155.03813155262583,174.70285855154052,149.2585326473567,277.60945611167904
2024-01-03,332.4492316094888,156.0589701750179,155.87971086678212,173.0016333589632,148.14095308747542,276.1504361659647
2024-01-04,335.44746524440507,154.93885728992055,153.04083812808068,168.45724520893668,146.25953210723733,278.2747986252369
2024-01-05,343.12810536896865,154.8588520339669,152.30025662287474,169.23794687676218,145.67259701053646,282.14690991727826
2024-01-08,365.1847071709882,157.78126442496927,155.78994079441765,173.73573366781054,149.19422000870622,287.52606803034035
2024-01-09,371.383750576297,158.24450101421434,158.15754224500665,176.38079195462475,148.85651346147722,286.54001161924606
2024-01-10,379.84016248822786,161.1837476534401,159.64989844512257,179.1307344141257,149.70072394870908,296.99377921161886
2024-01-11,383.1388818318117,161.96697906533504,159.4254819009318,180.8203137119565,149.21832327798998,296.3524254559221
2024-01-12,382.3561393956167,163.583983935542,160.06506559718733,180.16778800631084,149.48364550958019,300.21646645596707
2024-01-16,394.0413772105854,164.34197052539298,159.88552545245835,178.46656281373353,147.64245873463798,294.58073722487586
2024-01-17,391.74207798112917,164.00510215277285,158.7410390786554,176.77698351590274,146.8786297322457,295.310222517941
2024-01-18,399.1082643919027,165.85790440334807,160.9963804368263,178.86273659501953,151.66253883175142,301.531158977842
2024-01-19,415.76950387875877,167.87920634314472,164.25045487447434,181.00675470785293,154.01833847757865,307.39944588930916
2024-01-22,416.9086574590449,166.9696329157894,163.812797702356,180.3542290022073,155.8917126167576,306.0606165308209
2024-01-23,418.43926237982896,167.97604584732176,164.99098455935754,181.79912005041695,156.92888585587002,308.80229462834455
2024-01-24,428.8454796110191,169.51726384906766,166.85364878551732,182.78955450363196,156.38216012853587,313.21148755472126
2024-01-25,430.6275887464083,170.49002138473548,170.4106821031347,183.81496220107053,156.11683789694567,315.1996422417346
2024-01-26,426.53221237644044,170.09414798954862,170.76972784571086,185.4113210009531,154.70979558229666,315.9692321968618
2024-01-29,436.55410916076124,172.5323366585013,172.25089085612268,187.9049115360944,154.15503543186793,321.4847214811429
2024-01-30,438.7136215091254,172.05648420852538,169.95062127816726,185.27149914402673,151.1881850020915,320.71513152601574
2024-01-31,429.9986011964277,167.4202012419745,157.20375465875497,180.84362328144155,148.26155635964636,312.7626114971305
2024-02-01,440.48184276179245,170.03100318298297,158.39316925234243,185.59776199684956,150.23944008887787,316.482325073336
2024-02-02,462.3776656138361,173.16398123289187,159.76208944377706,200.198086890643,149.4274045479181,380.7840671211368
2024-02-05,484.54609157923585,170.81847918353503,161.2207797075762,198.45024255909559,150.89874708325294,368.29406860686026
2024-02-06,476.7954778917259,170.75107668773,161.69210281601133,197.09857200883417,152.2012425539556,364.53427504838476
2024-02-07,489.9063869905259,174.35567569953997,163.30787775136764,198.70659448345523,152.28969571578358,376.4550588390922
2024-02-08,486.70549709773303,174.38095982333078,163.7230449034324,197.9025832461447,151.41333511820878,376.78374430945695
2024-02-09,504.1217566702733,177.09281965600886,167.1903081486853,203.2742922029668,152.0332274929514,375.26857783685574
2024-02-12,504.9253843454851,174.86519664596273,165.54081545668947,200.81565713205705,150.66459394280247,375.90188598034797
2024-02-13,504.0867698888001,171.10058712224554,162.8590446629861,196.50431133690515,148.96596540143958,368.8632586506373
2024-02-14,516.4709688166956,172.75435222631623,163.7567108397492,199.23094422692108,148.2494860980576,379.41320339258294
2024-02-15,507.7907216257369,171.5182336851735,160.19971206901363,197.85598188716656,148.01601594565997,388.0311893339862
2024-02-16,507.4761610820797,170.46355820853992,157.6750259468674,197.51805535960523,146.76819677308012,379.44528712223257
2024-02-20,485.38470603592083,169.927783695238,158.34825830599883,194.68655607689456,146.16442291638506,378.1866424080764
2024-02-21,471.54697993634943,169.67042275644505,159.95285732509194,196.44604630318852,146.7762311961747,375.6025447827167
2024-02-22,548.8848597707765,173.6655894276205,161.68087507942545,203.42577773463168,148.42657869118256,390.12818190388805
2024-02-23,550.8346116751023,173.11294136434836,161.53496632413146,203.90352611911936,146.93725494311053,388.44282358539135
2024-02-26,552.7565878139839,171.93170116235572,154.3649164669353,203.6005550557896,145.8424002584427,386.60506755105877
2024-02-27,550.0239866435959,171.90639083740035,155.83483446732035,202.21392904129664,147.02581986661988,390.8664285231267
2024-02-28,542.7695442738024,172.00763213722178,153.02961039149477,201.77115390103245,146.05169263376897,388.43480265297893
2024-02-29,552.8963212801423,174.50515334329808,155.363545905767,205.9659696287511,145.5123307594411,393.33820841492064
2024-03-01,575.0298138790025,175.28982581924328,153.88240016879607,207.66721260132041,144.63482770912333,403.1048165575737
2024-03-04,595.702568290158,175.04515934467483,149.62971356575727,206.92146639772653,140.96380417888105,399.80653511021256
2024-03-05,600.8116532689772,169.8687131697599,148.86667658737954,202.88976431642732,136.95465189061338,393.4104461662164
2024-03-06,619.9338255742023,169.63247036959427,147.44163498645634,202.17897357706502,136.1495828277928,398.12122615129994
2024-03-07,647.6735359384019,172.60669556349438,150.78542767614613,206.03589833720628,136.05300831711807,411.04176363768283
2024-03-08,611.742645514798,171.37479540984418,151.9411590599759,204.32300946989042,137.44574513655073,406.0340363947957
2024-03-11,599.4836511911363,170.65761713377995,154.4771074655898,200.37288199179292,139.07193969041643,388.0897298007008
2024-03-12,642.3898909567516,175.1969950932424,155.40842230522878,204.3696108288686,139.45834949479686,401.05839288155823
2024-03-13,635.2260403142534,175.12107721895862,156.8559193793238,205.7329272738765,137.76776779449312,397.703915547726
2024-03-14,614.6500203477513,179.39047837889728,160.5700200950575,208.28478284273447,139.2731976426481,394.7024826390003
2024-03-15,613.9022112780958,175.6779567703056,158.4155901786324,203.2393367387352,138.96726866682408,388.49904415165435
2024-03-18,618.221503049492,176.0576378458005,165.70912786483257,203.30924766719835,139.85283097616562,398.8354593328855
2024-03-19,624.8123182848999,177.783128637827,164.97979136965344,204.96387150079758,141.75274230568945,398.24156481727823
2024-03-20,631.6196242459731,179.39469676638984,166.89854245842002,207.5856379981187,143.83780548736195,405.6889388627256
2024-03-21,639.0490005231326,181.14125329471455,165.61937506590897,207.5856379981187,137.96097890566563,407.48663959458014
2024-03-22,658.9959528172539,180.8754948826833,169.17637383664456,208.42460469966082,138.69356430913058,408.9471403278168
2024-03-25,663.9791387977033,178.3948210254127,168.39089865853595,209.40341103812128,137.5423444831547,403.6826445285642
2024-03-26,646.9187829273853,177.88435683706615,169.06416556454917,207.76043309926862,136.6245948095764,397.9607334636755
2024-03-27,630.7669616617653,177.79155231222984,169.28856483529904,209.54323289504765,139.52274905919947,396.3315957114419
2024-03-28,631.507773375126,177.49203369967583,169.35591398137353,210.18411270594677,138.0495065752812,389.68675914349274
2024-04-01,631.556701454255,179.11628319188088,174.47260082485863,210.871593875824,136.88219306718696,394.3173051246601
2024-04-02,625.1896413754746,177.79575759914013,173.42906043968333,210.54533102300118,135.92418435238358,399.1484484555139
2024-04-03,621.7789910386433,177.37812413679444,173.8330171286031,212.54952727890824,136.57628892729215,406.667986212881
2024-04-04,600.3991831521288,176.29391994771296,168.90708089299198,209.74131978569065,135.90810308822984,410.0225869456733
2024-04-05,615.0974238311394,179.51704310425635,171.1175803985829,215.64904216071707,136.51993620394867,423.19994234800583
2024-04-08,608.9818412594974,179.12469376570147,173.7544575193836,215.78886401764345,135.6102333714296,416.7075775352687
2024-04-09,596.5482335180711,179.8376667548554,175.71810228105286,216.34816922534088,136.5923826094105,414.8216465468775
2024-04-10,608.3249444067387,178.56359582686193,175.20195459347863,216.67443207816368,135.07084666117254,417.172989053525
2024-04-11,633.3250028293222,180.5337399928746,178.87119618319142,220.2866508086918,140.91548587863215,419.84541565458954
2024-04-12,616.3414576334447,177.9898427255447,176.98607648385982,216.88418264354522,142.13113010493987,410.8089838391786
2024-04-15,601.0702883772109,174.50515334329808,173.76571980285132,213.95944508289432,139.02362139016756,401.4436197554825
2024-04-16,610.9528523073749,174.90170796876322,173.24952029495438,213.6098904405784,136.35893729294207,401.0664384937627
2024-04-17,587.3296172118941,173.74576499114366,174.45016262512775,211.2328121928784,135.2479392542975,396.580392694979
2024-04-18,591.7747545667264,170.55214434588365,175.05608038506645,208.83244215568536,134.47509480960747,402.70362185820073
2024-04-19,532.5700695429051,168.37949137906358,172.9016677420823,203.48404276834833,132.832818991588,386.0674182815066
2024-04-22,555.759895867587,169.15574018060593,175.35903926503582,206.513628941702,133.5090640896741,386.59707129843844
2024-04-23,576.0632860132663,171.94434322425113,177.58074923377177,209.20530636748632,134.36241419884973,398.1291977241283
2024-04-24,556.8711401450951,172.5729353629716,178.55699229319524,205.7678827381081,136.069114417201,396.04269406584274
2024-04-25,577.523917371104,168.3457442791231,175.04486992192145,202.36541457296147,136.76950003846463,354.2154565588769
2024-04-26,613.1893889899136,171.41700548593434,192.94207204769472,209.29852686543455,136.29453772853944,355.74824440299335
2024-04-29,613.3432239985284,169.6999776700575,186.4339749927214,210.85994798107745,139.67572596507608,347.1853931170034
2024-04-30,603.8729165254788,164.24931010696167,182.65259422467685,203.91517201386588,137.12374731453752,345.2192528044882
2024-05-01,580.3823641249281,166.61604820018633,183.8644470179952,208.5760902313257,136.29453772853944,352.45790984866846
2024-05-02,599.7842704371377,167.8395115788514,186.96138496376332,215.24120470469254,139.29733816582566,354.45623261000156
2024-05-03,620.5558424753549,171.56043066068136,187.65705552262565,216.97740314149345,147.62959372331497,362.706070093571
2024-05-06,643.976421312959,174.4629563677902,188.62207084546324,219.8788133526673,146.28517520413115,373.71663847411753
2024-05-07,632.8916474734569,172.69107641392782,192.15663141646792,219.94872428113047,146.84064317854194,375.7710830825455
2024-05-08,631.8991980081571,173.19732221478182,190.0583401829724,219.06315622061024,147.11434753623547,379.27003591896937
2024-05-09,620.2624342453822,173.94824759078656,190.70913434237292,220.81100055215765,148.58759002015373,381.5331728488723
2024-05-10,628.1669363564405,174.9692021686442,189.23919906854698,218.4572318739427,147.5638033468774,382.1591510941292
2024-05-13,631.8084460360611,174.53888734265627,189.7890472393198,217.39688649226449,150.16763941757512,375.58652759768387
2024-05-14,638.4969571849263,175.73702729578372,191.13552923102355,217.97950126944698,151.0946777286723,378.6681451507417
2024-05-15,661.3792737371791,178.8096116614047,193.57042800736434,216.7210512171338,152.94074476370133,386.4445501836423
2024-05-16,659.4851801936092,177.9263049015108,195.44430269666913,213.97110875763286,153.03748070791588,379.77570017804
2024-05-17,646.3456406904281,177.59664184914195,197.5538562136324,215.2178951352075,153.0616709029518,378.71636946438434
2024-05-20,662.4276486379025,179.76476201449486,198.51881971614728,213.86622458494608,154.00486498599037,376.2525858252108
2024-05-21,666.6630789636301,181.3285392189184,199.56234282788165,213.41178576994344,155.0609011133264,372.87402101434935
2024-05-22,663.6157570047843,181.95403962022198,197.91293650309035,213.38849398045036,153.8919981057637,375.40192275323807
2024-05-23,725.4624514716983,180.46633749706956,194.73742167466182,210.96481437377227,150.65131913864775,373.79689715782575
2024-05-24,744.1232255809458,181.80186325651525,196.35323115689994,210.61524195146438,153.15036000610715,383.7802185543664
2024-05-28,796.0663640488119,181.86950156280122,197.93534015593943,212.2465562155785,153.15841926513093,385.144468098654
2024-05-29,802.5242295146219,181.3834699603976,197.3743160689034,212.0950884639056,153.40024670770265,380.68246041731555
2024-05-30,772.296504960745,175.25521408087263,193.12161219242373,208.94897222311863,154.206371297514,374.8160985296273
2024-05-31,766.2369012394602,175.44963982241637,193.55920027077846,205.59310541695015,154.98028368715944,374.639489937802
2024-06-03,803.7474314928438,174.7691955790513,194.3110440594521,207.8070344582468,156.4151919143652,383.1943943307556
2024-06-04,813.7907743729838,175.84691497990664,195.0067146183144,208.9722640126117,156.67317512887828,382.79310091221447
2024-06-05,855.7463351513329,179.20265533082016,196.82448517157147,211.2328121928784,157.89850536757206,397.29465055635654
2024-06-06,845.6679520747862,179.4181730098267,198.3056309085424,215.56746755751539,156.7779703321166,396.2513863873177
2024-06-07,844.899257766114,179.13504322569872,195.7585065866653,214.7518104254583,158.72074847543095,395.6093169176519
2024-06-10,851.2033950531762,180.8340446403651,196.60101866663027,217.96783759470847,155.68161307373248,403.3456172884905
2024-06-11,845.1224787734061,182.8669143943106,198.40965156965055,218.16592448535147,166.99175863152539,407.2538844758679
2024-06-12,875.1080734335153,186.40864371178273,199.7239876878368,217.76975070406544,171.76411902395543,408.3533445313776
2024-06-13,905.9324427951101,186.62841908002866,196.76952108262327,214.20415111250742,172.70727585310019,404.5493741451537
2024-06-14,921.7992419753242,187.04682547672854,198.60064400569712,214.00606422186442,171.29653298500114,404.99918803484195
2024-06-17,915.508565251516,189.49811472795625,199.10616852711703,214.47214893161362,174.6662097683559,406.9834186349212
2024-06-18,947.6609366909516,188.64017069534682,196.69087510619926,213.01561198865744,172.7475845661837,401.24776092586734
2024-06-20,914.1104827808615,188.36968297311427,198.05020853793366,216.8492271793136,169.0312603010897,403.0231017661353
2024-06-21,884.6840890600541,190.0940471150651,201.79103126674173,220.32160627292342,167.26584794612143,397.4641266882829
2024-06-24,825.5513005367867,189.20227737902152,201.33041769166545,216.23165693789957,167.78984879824216,400.7818064521861
2024-06-25,881.328936839178,190.58851549245384,206.7338263806726,217.12887089316632,168.53955857488708,410.17259072168156
2024-06-26,883.4958204483715,191.09992292272418,206.56535851156144,225.60009473179727,171.90919810434804,412.19697534340696
2024-06-27,866.6506199303803,191.39152878358408,208.28408315469,230.54067444310178,172.5944213908381,417.3703286706625
2024-06-28,863.5052815684761,188.89795085277257,204.62188912886495,225.18061138102618,169.78904175472297,405.0474617080686
2024-07-01,868.8174501246405,193.0313810692787,205.56553720530752,229.78326456476935,174.73069625851073,405.4169675544646
2024-07-02,857.424258458839,194.10910047013405,208.0931425389661,233.0459108729896,177.5683005127564,409.2889554475458
2024-07-03,896.6363214203565,194.7388192589302,208.74467945632537,230.237703379772,178.6001836989503,409.65846129394174
2024-07-05,879.5116539700482,197.6085149068578,214.1144049355748,233.0459108729896,182.46158704443687,433.7177786805097
2024-07-08,896.0770670661213,197.0506528118402,212.35070025233904,232.21859006619403,183.65465541110635,425.2106543649421
2024-07-09,918.3044097032233,194.2189750536747,212.29449247564597,232.27685509991068,184.3479379566202,425.75686752233156
2024-07-10,942.9780494669023,197.05487119933275,214.7659245794932,232.80120484337647,187.8143382662249,429.5244845748832
2024-07-11,890.4855918224408,192.17342393608698,208.46383058070978,227.27802813488148,183.4531118456889,411.8595779064527
2024-07-12,903.3465190322415,191.6873661325188,207.90211555603767,226.62550242923584,185.8473450919454,400.74964868316033
2024-07-15,897.7547232989597,191.86064753427064,209.54222876962402,224.56304113961215,188.95906349671628,398.57271826684683
2024-07-16,883.2161398563205,189.98414633035986,206.61026945790502,224.91261356192004,189.29765171943174,393.4556101856463
2024-07-17,824.712419005434,187.44830592112913,203.352515777345,218.98158161740855,184.50918522691876,371.12345868528774
2024-07-18,846.3804538733673,186.1170116497583,199.611675775096,214.1109306145592,180.72029037671695,382.25737666644125
2024-07-19,824.2932186069586,184.73922341189336,199.5779925653383,213.38849398045036,180.82512283384906,383.01255362301816
2024-07-22,863.5052815684761,187.20318092618103,204.0826813976874,212.71265870531968,180.54297426022924,391.5356951236186
2024-07-23,856.8651643494045,188.0104257053861,204.21746605704087,217.21044549636807,181.38943239905328,392.5719749115106
2024-07-24,798.5710971126891,181.2693507881998,193.92741821047326,210.70846244941256,176.1736761627049,370.5450630790805
2024-07-25,784.8014216384564,176.8316726489384,187.9173835504504,209.5665424645327,175.32724285981004,364.2310097638193
2024-07-26,790.2533770757127,179.73518089971785,187.60281691819532,212.654393671603,175.7061273776444,374.1037656920288
2024-07-29,779.9785338735809,180.35224452603634,190.44495433722716,213.4700508036601,175.93183630216856,374.11178662444115
2024-07-30,725.0396188577417,178.74197335511872,191.29871142721893,211.7338701468512,176.3832789871461,372.0874513622999
2024-07-31,817.9324614903367,176.8105152085642,192.70290398497417,217.8746170967602,179.0274113529627,381.4380322505651
2024-08-01,763.3431472145614,176.2864395152339,191.8267086952515,214.48381260635213,176.02857224638308,399.84195061178735
2024-08-02,749.7830185246328,172.64332479153535,187.22090113986573,195.642035065878,177.23778396702932,392.13015727444275
2024-08-05,702.1135554749138,167.00531890190658,178.89670905540277,187.62526782224168,168.70076859129182,382.1610020785321
2024-08-06,728.6743448408017,168.890283081967,177.81827631960667,188.68561320391987,167.05624512168023,396.909892598481
2024-08-07,691.3494314814932,168.39157011592116,178.54844193994904,189.66441954238033,169.14413959928098,392.7567525145006
2024-08-08,733.7068862198486,170.19202243972538,182.01967807660927,193.19506366970677,171.9575660764553,409.3933756476594
2024-08-09,732.1691771129027,171.5993917923673,183.86201146282812,194.52342465048312,174.31957470458127,415.93233590776475
2024-08-12,762.0150383068534,171.93329943339327,182.31175468881077,194.36029322407174,175.5624639452159,414.4703050274218
2024-08-13,811.7815716476204,174.976289583655,184.4124642040325,198.35702206114735,178.58092343585957,424.5840838046762
2024-08-14,825.3416469226155,176.18077021860353,180.1548892172186,198.20555430947445,178.94409922847808,423.1541860135669
2024-08-15,858.7523139516135,178.26393310790286,181.199638743257,206.93311229247306,181.36531671180492,431.6452191047257
2024-08-16,870.7745198748622,177.18001713163144,183.06439305576583,206.315542051059,182.43872557161288,423.68430794654756
2024-08-19,908.6587410033394,178.47563851746736,187.2321116030107,207.66721260132041,182.30957873979887,425.17847191612424
2024-08-20,889.4370566769167,179.8601342534571,187.8050543642687,208.43626837439933,182.80997304121976,423.12999981736954
2024-08-21,898.1740305273022,179.58071193411297,186.31095354662176,209.86949574787047,182.72117217638305,429.90193731431543
2024-08-22,864.9032572092633,175.9436889811723,184.0080584056493,205.23188709989574,181.2119672669904,427.3072520581713
2024-08-23,904.255107051873,176.4687079164264,186.05261196450067,206.2922324815739,183.07631354590694,424.1502130606447
2024-08-26,883.9150742617805,175.07149151504763,186.65920338863452,204.49778679104838,183.35070089165333,418.62342043161004
2024-08-27,896.776161716382,175.21968530174277,184.99661742843548,201.72453476206238,184.03673134584224,417.00077346468254
2024-08-28,877.9739448631025,173.84787092939527,182.94087067988005,199.0212114415315,182.793829687243,415.13715300829386
2024-08-29,821.91662796866,174.91482165162054,181.73886374787546,200.5593052076974,185.45716022632735,416.2937961419562
2024-08-30,834.3584081949191,176.61690170312156,183.53625164086893,207.9934754541432,184.81957225203328,418.7761389847425
2024-09-03,754.885640296493,173.35671699932212,176.7735440670092,205.37170895682212,179.79152596854072,411.10442562966784
2024-09-04,742.3741001670219,173.12809873804056,175.75128456102442,201.96924079167547,178.24195025624158,411.8917109956865
2024-09-05,749.3637647112238,172.91216184040124,176.6387594076557,207.28268471478094,179.47675540192324,415.20132046759323
2024-09-06,718.7489421339333,170.0796194438056,169.5390297283691,199.70869261140876,178.21773522527647,401.87435616592524
2024-09-09,744.1913830361516,171.7816601935598,167.27807450190522,204.38125672361508,178.29035548224266,405.5053458897534
2024-09-10,755.584467872086,175.372123677095,167.22183217833032,209.2169700422248,177.64469583096022,405.5053458897534
2024-09-11,817.1636603517975,179.1149600330711,170.03398290395734,215.00816234981795,179.70273752166855,411.1606708757229
2024-09-12,832.821927631445,180.79162495495856,174.00473240460374,217.8979266662453,179.79152596854072,422.2222770662046
2024-09-13,832.5422470393938,182.31160691283665,177.1206020415998,217.30366599431625,179.57361552578377,421.43504105977
2024-09-16,816.3248322353783,182.62917812776564,177.79549265105777,215.43929159533553,174.58590279130388,428.80047819565056
2024-09-17,808.0064178042657,184.24231832620148,179.21288211766168,217.75810480931895,174.96522193789912,431.2448635182821
2024-09-18,792.4879908206437,182.40477825397667,179.7640085230612,217.23373728586114,178.1128158423922,432.5555579138468
2024-09-19,823.9442054311636,185.7411559442877,182.3849422579099,221.24212979767526,184.7146404511844,449.56185965194584
2024-09-20,810.87239606372,184.29310928368176,184.01598691502306,223.25798972832084,184.1739126007508,451.37098712751407
2024-09-23,812.6899460075174,183.54794816387806,182.0587505999282,225.91471168987357,182.77768633326625,453.83151303413854
2024-09-24,844.9150685864438,181.71039499107098,182.55366922863462,226.0079321878218,183.50406275443245,452.9630805118984
2024-09-25,863.3694473924666,182.95519921826204,181.65379205143617,224.3416446794841,182.6969695633825,456.96742612968046
2024-09-26,867.0742537683401,182.61645746237662,183.04860513078197,222.7452858796015,183.6251254912935,456.5895785135756
2024-09-27,848.6199283772511,181.22348564965495,184.4209454635151,219.02820075637862,183.84301109812122,456.2035372065141
2024-09-30,848.8995555543685,182.18882825575506,186.55818830624324,217.1172249984198,188.0478705084455,460.28824022717254
2024-10-01,817.862648172191,178.11997080928256,187.84053401188015,215.71895308918027,182.5678599854623,463.5286475622042
2024-10-02,830.7947240734762,176.61265711446444,186.56941604282915,215.2878060636707,183.0278710660121,460.58577979998506
2024-10-03,858.7558393372275,176.36286831222642,186.56941604282915,212.02517753544242,182.1320266819838,468.59442167596524
2024-10-04,873.2257845902591,176.15961277822936,187.91924908206775,217.32695778380932,183.04402683795345,479.18417492246846
2024-10-07,892.7985118599514,173.39907118181728,183.3298340220974,210.673506985181,178.91989661547754,470.2106025373788
2024-10-08,928.9381478438561,175.58804747415206,184.9046363556356,212.91074559596268,182.21274345186757,476.7317439876325
2024-10-09,927.2605984408848,176.7523879250099,182.0699783365141,215.76555444815838,185.25539313754714,474.8180235534063
2024-10-10,942.3596113662973,176.0664676382539,182.3174721977491,217.49008921022076,184.85185895998677,469.4467136142124
2024-10-11,942.2897446332181,176.269723172251,183.62230792343962,220.01865298958566,183.6493405222586,474.3677160678773
2024-10-14,965.1479176355078,177.46368403963265,185.55705421848089,218.52714280240585,186.67584685396145,474.74561304356627
2024-10-15,919.920852422217,177.29431971198107,186.11951200111173,218.70193790355583,188.7339009626344,471.40875708124935
2024-10-16,948.7207958023876,176.1850279078429,185.7820407862214,217.76975070406544,187.06323767754506,463.78600843357856
2024-10-17,957.1788368697914,176.4390743993203,183.2735744250816,218.51549690765935,187.36186489018576,463.8985976448568
2024-10-18,964.658636844219,177.0487754984002,183.82476992424472,220.21673988022866,189.662007218687,463.5286475622042
2024-10-21,1004.5730527669436,177.31127186544498,184.55593740415938,220.3099603781769,190.85647881535598,462.4754127571819
2024-10-22,1003.7342246505245,181.00757495318015,185.7595334927269,221.04404290703226,190.35610934986428,467.98330066551523
2024-10-23,975.5634023576685,179.77546519021357,183.10486472779778,215.22955880994604,186.24001355048296,453.25262383209053
2024-10-24,981.505172735549,179.83050073635098,183.03736012075518,217.17549003213645,186.08668894159763,456.5412554807648
2024-10-25,989.404173108452,181.27850809521004,185.905770443398,218.86506932996724,186.76462288286896,460.93958929864476
2024-10-28,982.2741341188889,180.6180422398144,187.53683237395202,219.51759503561289,188.3706879161221,464.88761563099564
2024-10-29,987.3769695504834,182.8874430067356,190.8663917483391,222.36075799306207,188.58861077684367,477.04537478485395
2024-10-30,974.0255864208557,183.13301342148102,196.24323388523993,224.5746870343587,185.70736979500236,475.8552658531878
2024-10-31,928.0294529943577,172.0484404510085,192.47494638539862,217.19878182162952,182.32573451174022,456.3804419558439
2024-11-01,946.483885215314,173.75049430134496,192.67740838620372,230.63387716105802,179.90450461044875,456.04267432200913
2024-11-04,951.0275731225402,172.94178225692508,190.37147311963264,228.12864073117018,179.17812818928255,450.83232598648834
2024-11-05,978.0100199738466,174.21197541256518,190.9338790819408,232.46329609580712,180.34032549596265,460.2801946149681
2024-11-06,1017.8545691634921,177.90404701222553,198.5492209721337,241.30738414623903,179.75116758359883,459.97465878953517
2024-11-07,1040.712955825516,180.12687520915898,203.3185907394147,244.75647145035575,183.59283878333997,475.7748590907274
2024-11-08,1031.9748068465926,178.90325462350663,200.61895920781927,242.5774800932987,183.3746923992557,473.8772298809101
2024-11-11,1015.4079515473137,176.98526387553085,202.86866942425635,241.01607675764777,181.16895143762466,468.9159993662229
2024-11-12,1036.588361486898,179.11072854499628,204.29725208056436,243.42811046957937,181.16895143762466,470.24278498619657
2024-11-13,1022.4681238037975,180.02951168169096,201.21513474708962,249.47565470153216,181.88801367764293,466.3671198041017
2024-11-14,1025.8935166622878,180.74505238497082,197.50308957082322,246.42274117870144,184.3927171369588,464.083548006391
2024-11-15,992.4798049820776,175.71081303065137,194.02725869888323,236.0871607210818,181.79107904599482,445.52538094493
2024-11-18,979.687569376818,176.0326157336552,197.1881429228683,235.02679755941162,184.2311097456869,445.78264309713626
2024-11-19,1027.6410396282054,176.89211873555536,200.36022033655746,238.4176198298117,184.44118445278284,451.16199864853456
2024-11-20,1019.8119059883816,175.91827385155875,197.95304543286335,236.4017776791581,185.02291642231734,454.72403303340803
2024-11-21,1025.2643955749734,175.15889859998663,188.5604392083271,231.15824468451584,184.635115805902,452.7701338977438
2024-11-22,992.27020478284,176.91102287577826,185.33206765074036,229.69004406682112,185.72584772632345,449.59404210076366
2024-11-25,950.8178660934353,177.6704243285149,188.58291195493982,234.73549017082038,188.1497226540742,454.3944097309458
2024-11-26,957.1091837964464,181.5734939062969,190.23648117898836,242.2046158814978,189.91915842957204,461.17276397382165
2024-11-27,946.0643643272373,179.4522738254886,190.36022810960586,239.73433491584154,189.81412728500638,457.6830413796201
2024-11-29,966.4062666400037,179.65165158713228,190.04526418821004,242.23957134572936,191.7532297107999,461.79997620868045
2024-12-02,969.0624844554197,182.8420101874058,192.90239495394425,245.5255272234347,193.57920447911016,476.68351967398985
2024-12-03,980.4566375900251,182.93533873553312,192.73366798321953,248.70659892845325,196.0515715586141,493.42451364767817
2024-12-04,1014.5692302607617,185.5741497214456,196.14197697467603,254.20648384745513,196.34243754338138,493.52905724675196
2024-12-05,1014.0799494694729,187.7802222736493,194.19600294304885,256.9913817711877,196.3666898282403,489.62925522804375
2024-12-06,995.7640755861371,188.18327478792287,196.52448004999624,264.5420643050748,196.20508243696844,501.5617865997614
2024-12-09,970.3874952969819,189.22267498562374,197.4929500610141,263.44674567917303,199.36422504853718,493.36014875004264
2024-12-10,944.242060454354,188.08144396189905,208.5291932810806,262.2232510910914,200.18834326905028,497.983611630895
2024-12-11,973.8828617184184,190.48268898883614,220.0497319636992,268.3057507872758,199.15415034144127,508.7261327901147
2024-12-12,960.1109962319103,190.72451263705094,216.1757655524232,266.8026124853415,200.3418541474046,507.20640055598636
2024-12-13,938.5096766159769,189.75296035495242,213.76582689818488,265.04312225904755,200.47919683585295,498.81176673252884
2024-12-16,922.7804743045792,191.58573181522914,221.46867603998422,271.4169115638312,202.83035216292072,502.34453088404496
2024-12-17,911.5253068270628,192.8033130324527,220.07223925719364,269.342804379461,204.8017785505615,498.48189663214623
2024-12-18,901.179047858779,185.56142905605654,212.1666517395348,256.9564263069561,200.41456133012298,480.5766581488478
2024-12-19,913.5525103850315,185.40868936731195,212.29057140456135,260.18409937095277,201.820399102206,479.27292345463786
2024-12-20,941.6554957122833,185.22626375913217,215.55639178202227,262.08342923416507,205.61784993001547,470.9680747146153
2024-12-23,976.3995597274102,184.65354560381468,219.18262250389066,262.2465606605765,206.2480367974094,482.7171365123209
2024-12-24,980.2445803038441,186.38444693632076,220.8493022695833,266.8958329832897,208.6153975682769,489.0745522221931
2024-12-26,978.2172699160084,185.86688223238116,220.27497763305323,264.56537387455984,209.27787114362437,485.5336930988885
2024-12-27,957.8042189117575,182.65110850249405,217.07669640951667,260.7201127891571,206.5065788203294,482.6850527826712
2024-12-30,961.1596382073013,180.23288512092853,215.36495023651224,257.86530393696137,203.76758562295248,475.78843297634836
2024-12-31,938.7893572080282,178.82013142897156,213.1802227047462,255.63971122092627,202.32942388902214,471.17735935109914
2025-01-02,966.8922357054126,177.5813403690447,213.32661511638543,256.6068538846482,197.0211289804932,482.22635416784925
2025-01-03,1009.955355130855,179.60500041365088,215.98432400691317,261.23281663787645,196.62523185116027,486.5637782589789
2025-01-06,1044.6293387531687,181.51412206742648,221.70516671936505,265.21789958020554,197.95027834557197,507.1408016687488
2025-01-07,979.685219119742,179.18922723398825,220.15109251490847,258.8091370311983,195.69607006811688,497.2344812233675
2025-01-08,979.4755120906372,180.11834673009795,218.4168045015278,258.83244660068334,196.09196719744978,491.46464200234067
2025-01-10,950.1143914186239,177.73831154586412,216.26586382016484,255.11536147746043,191.36540425845533,495.6008764287748
2025-01-13,931.3792103069457,176.99165695968105,215.10593499019603,254.55605626976302,189.38590619382617,489.5413458088036
2025-01-14,921.1026044120068,176.3467807971927,213.5856130892608,253.74038135771397,188.48099669564172,478.21075456489774
2025-01-15,952.4213823985108,180.8607567276239,220.2186662157147,260.25402807940793,192.18952247896848,496.61487036445635
2025-01-16,933.7559611900448,180.12679660566533,217.2456133880913,257.1195577333675,184.42502868084148,491.9313862293671
2025-01-17,962.6977746337154,182.01470841673765,220.7254344248795,263.27196835801504,185.81473551691238,493.11428866175805
2025-01-21,984.5089081086206,181.78987622373356,223.0340470747903,268.83011831073367,179.88430058204864,496.0837612397943
2025-01-22,1028.1313887181652,189.29905138028718,223.39437105199315,273.84059117050936,180.8457739089747,501.74905686174725
2025-01-23,1029.179923863689,189.51540749655928,222.95519381707547,274.318339554997,180.70841880256174,512.1702964882137
2025-01-24,997.022424590633,188.39115482746305,225.46652756940492,273.6541679546048,179.99740340360268,521.054528026125
2025-01-27,827.8459526670243,184.36081309287914,216.00684857384857,274.318339554997,185.7177636313705,531.025114649974
2025-01-28,901.738302213014,189.7232744355172,219.93710912902213,277.49941126001556,192.50462833063006,542.6534922646127
2025-01-29,864.7571139510793,187.65719470550448,220.0609942471669,276.24097898769435,193.39338205687315,544.3916900178633
2025-01-30,871.398406298689,176.05829287491426,226.2097519110687,273.4094619249917,191.96330441789578,552.8494053897705
2025-01-31,839.3806939067249,176.08799189493175,229.75716392210407,276.9517519470647,190.67861630842597,554.6037437270138
2025-02-03,815.5422500439838,174.33159682931847,226.61519411590598,276.64879866372695,184.22305048666314,561.2668927006554
2025-02-04,829.4538489966505,174.94676087120706,232.4148555391909,282.0554630847806,188.09317124329715,566.6827249846862
2025-02-05,872.6567018882513,175.3370796195093,215.46631078772157,275.1922617207708,187.82654512542422,567.2299746933413
2025-02-06,899.5711515291526,176.4104103253025,215.7703751679086,278.29177660257955,188.43251696185305,572.9596352129298
2025-02-07,907.6803930804961,173.83525506866442,208.72066937347245,267.01234527073103,183.91601631198992,574.9956193369133
2025-02-10,933.7559611900448,174.88311824251497,209.99322103811826,271.6616175934443,184.13439863740157,577.3131998880524
2025-02-11,928.3732315066651,174.55222373541227,208.69814480653704,271.2188246731882,188.15437939079825,579.244591053378
2025-02-12,916.7684098741511,173.53402027983236,206.7724152476463,266.7559933463714,191.59198244050134,583.7349311359762
2025-02-13,945.779983221034,174.17039416442424,209.62158295712499,268.4339267494556,195.3612320707099,586.2939787724173
2025-02-14,970.6671758890332,173.2752313775714,208.5967842553277,266.46468595778015,197.8443779434845,592.820352338583
2025-02-18,974.5120896356,173.78859079460076,206.95261178312953,264.0992713848187,197.73923503723745,576.4843537522415
2025-02-19,973.3236073641833,175.96496432678694,208.64181611575762,264.0759795953256,198.0627726868607,566.3448092720992
2025-02-20,979.4755120906372,176.89591790441514,207.84224580987348,259.70636876645705,198.83926801314243,559.158547426416
2025-02-21,939.7679187906057,173.52914686322606,202.32414147328112,252.36541901795948,198.6128015927778,550.0730768642251
2025-02-24,910.75645227359,171.7394763186342,201.86240512454626,247.85598633216455,199.86651929854148,537.6641761465861
2025-02-25,885.2400851033428,169.14638636486157,197.5492442049117,247.96085272485934,199.81797747492985,529.1099134282255
2025-02-26,917.7471851164629,169.92432514151741,194.51989723339068,249.7669620901234,194.41487140669895,542.1465693361481
2025-02-27,839.9400016758935,166.86360990343758,189.7562967953708,243.23002357893637,191.93979721091273,529.7053874505232
2025-02-28,873.2858763904993,168.7595523714445,191.7608277916536,247.35492837819183,195.61197561186262,537.7204954320173
2025-03-03,797.3662164566737,165.14620217067477,188.0783374727695,238.8953682142994,192.5302465915947,527.1382942018778
2025-03-04,810.8583479361972,165.19721583805375,192.48156211326386,237.47378673557483,190.83166772209017,515.0271304953876
2025-03-05,820.0163382927987,170.47267621380334,194.84648618051318,242.78723065868024,190.6779954101961,528.2810179328304
2025-03-06,772.9684648247639,168.71705408254428,194.09196500849984,233.8615680050467,190.34636124765524,505.3139541024971
2025-03-07,787.7889188717297,167.19518564081858,195.79246617147743,232.17198870721592,193.37145193139398,503.4872546149977
2025-03-10,747.8716185425935,161.60515408348098,187.00964695764182,226.68374968296052,183.99688209744886,481.22040584437224
2025-03-11,760.3151614616596,161.728430562689,184.94642080917606,229.0724738254071,178.62613724495907,487.4329511749802
2025-03-12,809.1851785577768,162.92719934376564,188.40767289699528,231.75250535644483,175.5039753319617,498.5783946190156
2025-03-13,808.0665096045058,161.014265420548,183.5032939156291,225.92635758462006,169.59938218142534,475.3056468844971
2025-03-14,850.6441406989412,165.17597979418593,186.5812310764057,230.65718673054306,172.68111120169328,489.3888740535917
2025-03-17,835.6825643975446,165.23549573946138,185.22827154436393,228.082039372192,173.09362356765763,487.21414013876955
2025-03-18,807.0178142141812,163.0334712671807,181.14690292818509,224.67957120704543,172.0340234844821,469.05938895796487
2025-03-19,821.6297897755137,164.8613955120156,184.77729654931062,227.84897923732547,174.09659773226855,470.4286731798283
2025-03-20,828.691083745602,164.44482319683422,183.5483948698226,227.1614980674482,173.17448935311657,471.9912001733508
2025-03-21,822.8882456098767,166.3237349078836,184.89005757151483,228.6296986851429,176.54740722523127,480.2470842059696
2025-03-24,848.826430510343,167.0973897941355,189.05029671884947,236.8445528194222,178.53717494658255,498.45005970041694
2025-03-25,843.7926071728912,167.98161359478866,192.29739268637329,239.69937945160993,180.97991276255692,504.45870058920536
2025-03-26,795.3421643797842,165.77537073501537,186.09640013718567,234.36262595901943,179.18425024582913,492.11125255374145
2025-03-27,779.0521586810785,166.03468366056734,182.91701605799523,234.63062377812562,181.06079096598043,485.3455343643892
2025-03-28,766.7472809295,161.0270122871016,173.9988767081382,224.56304113961215,176.2481218604669,464.53281894065447
2025-03-31,757.7283830598544,159.57745905953408,174.34840478477767,221.6965686126779,179.66956913822864,464.2266908002126
2025-04-01,770.1032343743792,162.46810253851947,177.0881106992643,223.922161328713,180.5269302499693,471.9912001733508
2025-04-02,771.9908112960567,162.44686649465166,177.0542720285385,228.39663855027635,181.09312734579234,470.32393214241824
2025-04-03,711.7249852023942,158.6081993793337,169.92883946919062,207.88860906144845,164.34996084305314,428.1910847706433
2025-04-04,659.3593346101728,152.9671672551994,164.1562973481209,199.25425379640612,152.37092162221583,406.53266691313553
2025-04-07,682.6406607160205,152.12548104519328,165.45285909561963,204.2181252972037,146.77368551343224,415.8114049267775
2025-04-08,673.2722155212447,150.7226444940185,163.14156906236911,198.8580800151201,139.46168992727357,411.13981645145066
2025-04-09,799.3272923269113,165.99641685974197,178.93712890711197,222.67537495113837,160.8395636848795,471.8060030138962
2025-04-10,752.0653318052211,162.11101996744898,172.29649274010234,211.16290126441527,154.02098350403793,440.0069794451884
2025-04-11,775.5564717700407,165.12921071546407,177.16703305074273,215.4159820258505,160.27335417109185,437.81615430595735
2025-04-14,774.0183353436266,164.85715092335852,179.34302022141267,212.2116007513469,163.80804086801822,428.0783474806128
2025-04-15,784.4355293436606,163.97295332386992,176.23126166335118,209.26357140120297,163.50067140830086,420.0561317190117
2025-04-16,730.5318491548923,157.97055473826117,172.8714564939458,203.13447034604044,157.13503648615313,404.5834816177505
2025-04-17,709.5575674438651,156.34244057428498,170.42489814499655,201.13027409013338,159.32700592504554,403.91498009081175
2025-04-21,677.5370240604229,152.66109835150786,166.4901119483068,194.96621757073927,156.23721764575384,390.3673537685302
2025-04-22,691.3799314085485,155.93434433583553,170.77440894819514,201.79444569052555,161.5594455105612,402.9483960356356
2025-04-23,718.0871845222218,159.15235826529164,175.1489251299114,210.44046463030642,165.49045154761677,419.0493442826053
2025-04-24,744.0950759109667,164.64033628670677,179.57978727584796,217.36191324804093,168.5397945162144,429.42344550627877
2025-04-25,776.115832954143,166.57454555553903,182.60132665208155,220.21673988022866,169.27585694976665,440.7963379137382
2025-04-28,760.1753745805676,166.28123661898337,181.07927740705614,218.71358379830235,169.97146165466026,442.7857759499376
2025-04-29,762.2028986281376,167.50552533433176,180.57192190090072,218.35236548124794,170.83693169728303,446.571359891093
2025-04-30,761.5036971480098,168.0241249842711,179.0386103724076,214.89163228238465,171.88033875462344,442.189758972215
2025-05-01,780.3106145154414,180.8365730527442,181.85723863837268,221.6266576842147,172.54360707970514,460.8841584857269
2025-05-02,800.5158280132615,185.03655422720746,184.93514125226747,221.37030575985506,166.0970815361693,480.86723802030554
2025-05-05,795.7616852678608,185.41488594272806,185.1381041828587,217.14053456790487,160.8719249006206,482.6795245092547
2025-05-06,793.8040813683036,184.19909950527617,184.0331912621608,215.5791134522619,160.56455544090323,473.0463600021521
2025-05-07,818.413783456527,184.21610406106913,170.6729447563404,219.8904770274058,158.736544126399,480.69813208525983
2025-05-08,820.5812012150561,186.26507443063068,173.94253074391787,223.81729493601824,159.7395307089745,481.6646914606439
2025-05-09,815.5473244626709,186.50312511115027,172.21753584174212,224.95921492089815,160.5807236308092,477.21862692496205
2025-05-12,859.9427725755713,190.97941066637617,178.6552781719241,243.1134935115031,170.72078647440264,515.0262420228742
2025-05-13,908.3931619537447,190.92839699899721,179.86162073759493,246.29456521652165,172.45401146513416,528.3966180787374
2025-05-14,946.2165968878458,192.5437642964198,186.44592821382514,244.9895138052303,171.9680468385756,531.0787191582808
2025-05-15,942.6510432437286,192.97816650407754,184.85621890078906,239.07014553545736,171.25533017846664,518.610438860998
2025-05-16,946.6361177759223,193.46367408319014,187.3704200443081,239.5595398146916,171.10144676117443,515.7591824868247
2025-05-19,947.8246000473391,195.4226958548513,187.76504907514112,240.22372919507578,169.09287824142248,515.8316917158329
2025-05-20,939.5049036578213,195.124592105183,184.87877801460627,237.7884036936511,167.53785104266507,513.1494919171213
2025-05-21,921.4671079185302,192.7396704037606,190.0425004376658,234.35096228428088,163.67458500248887,511.86081189605466
2025-05-22,928.6681887697105,193.71493015064294,192.6468689426901,236.65812960351772,163.08335329003728,512.7226795936127
2025-05-23,917.9014474445461,191.72182066390212,189.9410189723702,234.199494532608,158.15101225969764,505.06281253871646
2025-05-27,947.3352124261831,196.19779180515346,194.93559986212338,240.06059776866434,162.15196869133092,517.3539412887491
2025-05-28,942.511202947703,194.77962757271692,194.32678016411325,238.5457957919915,162.3220327164937,518.3688730565281
2025-05-29,973.1335570306237,195.341799759303,193.76306142029657,239.6877157768714,161.94137242972192,519.5528120401846
2025-05-30,944.748540854245,196.05726185908924,193.62775855771605,238.88370453956088,162.67029453363062,521.5181132397705
2025-06-02,960.4791319539149,196.74293323478202,190.57238051075666,240.79468029751973,163.35872165498685,540.3735730761239
2025-06-03,987.3260117038797,197.1688069633787,187.3591404873995,239.69937945160993,164.6302963938417,537.1114968836827
2025-06-04,992.220101575173,197.552077598417,189.46746759005876,241.4705155726504,164.26582913290505,554.1064459174441
2025-06-05,978.7267415521778,199.17468951783766,189.64788868027372,242.26288091521445,162.49210915962107,551.4242461187325
2025-06-06,990.8216986149174,200.32455382528158,195.81499073841283,248.85808446011808,165.15671874905894,561.9676507157881
2025-06-09,997.1840581795457,201.33391438782584,198.772497469225,252.83150372770868,163.15623432426,559.0276951690294
2025-06-10,1006.4825298113751,200.55453454711974,201.6058254333971,253.565604036556,164.14431934931852,565.745139685155
2025-06-11,998.6515800638108,201.2785382265493,200.1948098664858,248.4269374346085,160.99379480518047,559.0921587858332
2025-06-12,1013.8239851079165,203.94026213086082,198.33224928097144,248.47355657357863,161.33394769143518,558.4639099997088
2025-06-13,992.6385541645787,202.27508641962854,197.1695912473402,247.14519559280225,159.1066863971567,550.0147831954309
2025-06-16,1011.6565139344539,204.05525904207101,199.54009463600067,251.80611381026208,160.70222099643115,565.9547204791434
2025-06-17,1007.6710120827919,203.58679532049823,198.61448003185913,250.3146214030743,158.45067016339993,562.0130121735542
2025-06-18,1017.1800453826629,204.52372276364383,195.64571101757926,247.6345898720365,159.21197831897888,560.8362303295887
2025-06-20,1005.7833283312474,203.31423770626623,188.10523222025296,244.33698809958466,162.79179189925256,550.0188306813252
2025-06-23,1008.0207730676565,206.97678059347865,186.46847005420148,242.9154066208601,163.19672930681247,563.0609655030803
2025-06-24,1034.1002938822876,208.72712319008087,188.2519701007102,247.92589726062775,162.22483730758907,574.0798509735438
2025-06-25,1078.918521194211,209.64701987626896,192.665627899509,247.01701963062246,163.24532080228246,571.24251400208
2025-06-26,1083.8826914583178,211.85307932789033,195.89403400397757,252.9946351541201,162.79179189925256,585.2761347891777
2025-06-27,1102.9706247911392,211.21001104575595,201.52679944127328,260.1957630456913,162.85658883852233,591.3538790956732
2025-06-30,1104.648708343446,211.8360616715151,198.93054945347265,255.63971122092627,166.1691057308348,594.9489350422938
2025-07-01,1071.8567464897208,209.5533507130025,198.4903012652191,256.8865153784929,168.3153770600084,579.7384336920624
2025-07-02,1099.4746173905003,209.1445077413633,201.6509609344724,256.2572814623403,172.05715815252725,575.184172948085
2025-07-03,1114.0876612505037,212.4450684397344,202.6556188041787,260.3239390078711,172.9561442815987,579.5691796782644
2025-07-07,1106.396658628832,211.96807623910055,199.5626710232588,260.3938499363343,170.04046828392856,579.0371327215048
2025-07-08,1118.7023910193473,211.49959941694547,196.81966588155998,255.6047557566947,170.08905977939858,580.9072192834075
2025-07-09,1138.8389663275598,214.43392023723584,199.3707630948444,259.31017720517906,171.00426377023436,590.6687187091086
2025-07-10,1147.369117555252,213.56938661174203,200.4995651843089,258.98391435235624,172.03285619580996,586.2031077781327
2025-07-11,1153.1024628624327,214.3529848399407,203.40063958369626,262.19995930159837,171.0204443781049,578.3601166663129
2025-07-14,1147.159410526147,214.2252279615946,204.9471134741562,262.98066096942387,168.96329678084757,581.1087051056073
2025-07-15,1193.5155606047506,215.41768226201467,205.44377672039369,263.74971674250276,169.36015009345448,572.6209297469976
2025-07-16,1198.2001571066735,215.3325153766447,206.5387228656915,260.06758708351146,170.21055714502054,566.5914591137289
2025-07-17,1209.596980987956,217.92185856388664,207.2273113137842,260.871598320822,170.09718112824535,565.3823961017774
2025-07-18,1205.4718525000026,217.21914333065405,208.89794669744336,263.49336481814316,171.03664982190466,567.6958304478543
2025-07-21,1198.2701306696197,217.2234010198934,214.58716173960477,267.18714037188096,172.08954420419752,574.7004983837204
2025-07-22,1167.855453848329,215.1834438509371,215.98688047616656,265.0547681537941,173.64457140295494,568.1229882884514
2025-07-23,1194.0749217888526,215.43898380879386,214.733899620062,266.01024714277753,173.44208407222808,575.1922185602896
2025-07-24,1214.7709651110347,217.5726232415989,216.9238091840985,270.6012544317741,173.12623314269067,576.1756589134277
2025-07-25,1213.0928815587279,218.77788991148398,218.06390810391255,269.6807309070223,173.2234285515953,574.4667313935346
2025-07-28,1235.8164489284798,218.2625523065311,217.38661648616932,271.25378013741977,173.3610941071232,578.4568120915186
2025-07-29,1227.146564234629,218.29235613120676,220.96494795641806,269.17967295304953,171.1095556920566,564.2458423188342
2025-07-30,1253.4361125679663,218.57768681315696,221.84542705948428,268.2241939640661,169.3115461800199,560.3848369332101
2025-07-31,1243.647398676044,227.2059661099727,216.61901931939363,272.79189168357766,168.11288972928153,623.4433344570865
2025-08-01,1214.6311248150091,223.20698716935522,213.492215594307,250.23304679987257,163.9094708028506,604.5572716786058
2025-08-04,1258.5402299579657,228.1173998200111,220.16349484547567,246.62082806934444,164.69508091514686,625.8050918359742
2025-08-05,1246.374231033609,224.75717906995953,219.74582304448026,249.06781724550763,164.34680668004538,615.3987588038988
2025-08-06,1254.4848613732245,223.56049328146463,221.34872926636498,259.04217938607286,172.7131619683194,622.2745488657415
2025-08-07,1263.9240279400165,221.81439527351952,221.83414750257572,259.9976761550483,178.20437349536954,614.0849053949532
2025-08-08,1277.4182426019484,222.3254227869039,227.36529328704856,259.484972306329,185.75272020171246,620.1062316968492
2025-08-11,1272.9433531291302,222.2104782780228,226.8912064280692,257.86530393696137,184.20402616489977,617.3414039543937
2025-08-12,1280.6345694105362,225.391771275362,229.53262646382697,258.0633908276044,186.20675824129086,636.7917454980358
2025-08-13,1269.6572664173302,221.70366915213097,227.9748730164584,261.66394588339404,189.1906337005305,628.795640956411
2025-08-14,1272.6636725370793,222.51281351576594,229.0810987186648,269.14471748881795,188.74467975590503,630.4480023929526
2025-08-15,1261.6864763737403,221.5290121892403,230.16474803361308,269.2029825225346,187.77977907075007,632.9468313368204
2025-08-18,1272.5938058039999,220.22157407819228,229.71323756189182,269.73899594073896,187.21219116289208,618.5505163259293
2025-08-19,1228.0554727438616,217.09990183078673,227.53464210164574,265.68398428995465,186.94463369767433,605.7420991347758
2025-08-20,1226.377389191555,215.37510536962083,224.99480717182902,260.79002371762033,183.2553557594737,602.7113219533167
2025-08-21,1223.440742975018,215.0978315457698,225.4801908611579,258.62269603530183,182.35532652137607,595.7630226624658
2025-08-22,1244.4865472820645,216.37329113548444,232.6368538016555,266.6511269536766,184.6743069021717,608.4101820924416
2025-08-25,1257.2116937307894,215.10636002483085,235.34603754606934,265.602427466745,184.18782072110002,607.2091646926946
2025-08-26,1270.9158290815603,214.15934513333346,233.8221054959857,266.4996592020037,185.93107942722636,607.8539982990687
2025-08-27,1269.7271331504094,216.16427134528635,234.20590407937354,266.97738980649945,186.88788359946378,602.4372281829404
2025-08-28,1259.7288190592496,217.40134622893515,238.90175808217822,269.86717190291876,188.56628327649733,605.4438685277862
2025-08-29,1217.8472379638627,216.14293049676033,240.33538458322946,266.8375679495731,188.22573301537548,595.4406552188628
2025-09-02,1194.0749217888526,215.47320252969624,238.57440910365614,262.5728235133993,186.26353317543064,592.5468015236316
2025-09-03,1192.9563062505154,215.57132589093618,260.37176417711186,263.3302333917317,193.3582888889206,594.1106118663402
2025-09-04,1200.2278948139774,216.68894966540128,262.2230279322767,274.6212928383348,194.42047190873245,603.4609953162691
2025-09-05,1167.7855871152497,211.15623315551693,265.27082293868045,270.7177844992074,194.34749153079292,606.5240043061301
2025-09-08,1176.8049123043636,212.52128762741052,264.42343974838127,274.80773383423127,192.8798992207665,606.4030239655589
2025-09-09,1193.93497466296,212.6108694090072,270.73912794515405,277.6042954327023,190.01765772475943,617.2043817489977
2025-09-10,1239.871817513221,213.44696167038188,270.2194219287542,268.38732539047754,183.887815114389,606.1451694983438
2025-09-11,1238.8230687079629,213.7199778049935,271.57519703166287,267.94453247022136,186.51489761481324,605.2746145139882
2025-09-12,1243.367931743727,217.51225575847556,272.06104710389604,265.84711571636615,189.7906449139525,609.0550156988157
2025-09-15,1242.8784372927043,219.84136897940635,284.2744235010691,269.66906723228374,191.9231074664937,616.3982903814459
2025-09-16,1222.8106604189,217.14541325361017,283.7659970415778,272.7219807551145,193.09882793662047,627.9249872528874
2025-09-17,1190.715977107695,217.5634397334241,281.9243891398768,269.8904636924118,193.77991604089956,625.2811398510031
2025-09-18,1232.3202278681065,216.8937248669423,284.74894219607097,269.4360248774092,192.8798992207665,628.9326631618071
2025-09-19,1235.3267408177226,220.93770430767452,287.7881523023467,269.7273322660004,199.05840783439453,627.4252708236979
2025-09-22,1283.8532464762002,219.4531987265972,285.31385280730984,265.2412091496906,207.63696130171064,617.1853289495441
2025-09-23,1247.6332210173075,217.2264534555635,284.3309076528166,257.17782276708414,206.2990870498697,609.3128701660308
2025-09-24,1237.4244520879731,217.61889449819432,279.224118490968,256.5952079899017,204.58015513638995,613.5556225749019
2025-09-25,1242.4590232344945,216.28796704312717,277.69883911249406,254.19482017271662,208.27751716954356,604.0779901172241
2025-09-26,1245.9551374650007,218.177712935718,278.54620502935234,256.0941500359289,207.1342572588746,599.9158912687337
2025-09-29,1271.5469799363495,219.51714266868163,275.7329488035076,258.8790479596615,206.2990870498697,599.6335544478168
2025-09-30,1304.6203316599992,220.94621968615326,274.6596462796592,255.8494617863078,206.46127808547766,592.3579517549554
2025-10-01,1309.235275088577,221.69696165400615,276.6933002973018,257.08460226913587,207.1261607459571,578.6133313326249
2025-10-02,1320.7725802450877,220.00347558447757,277.5858535355581,259.15870945350616,208.4883121185861,586.4455126955318
2025-10-03,1311.8922407130628,220.69023430849919,277.201744030234,255.77953307785265,209.20996971320523,573.144486855296
2025-10-06,1297.3483157770688,225.47647964035232,282.9412075119776,257.3992014472202,208.13158124959367,577.2582133113914
2025-10-07,1293.8522015465626,223.51846661352633,277.66494862144555,258.42460914465886,207.96131853699737,575.1771638871462
2025-10-08,1322.3108235013688,223.88955370704883,276.37695450063393,262.433001656473,209.24240543673395,579.0166978536972
2025-10-09,1346.504156182595,222.8444678566406,272.8858020866144,265.3693851118704,205.98287599935898,591.656157188557
2025-10-10,1280.7067864006915,217.96442235569825,267.28188329562397,252.12071298834636,198.87191484206926,568.9017344464249
2025-10-13,1316.7869715635586,219.28255054188267,275.84593438044357,256.4320765634902,200.8098003073322,577.2904451197933
2025-10-14,1258.8207651889536,219.0778015415062,277.31471233372906,252.14402255783145,200.89898612907143,571.6038755171033
2025-10-15,1257.4224690585652,219.01807598691434,283.6191037001524,251.188543568848,202.17198893385503,578.782733425175
2025-10-16,1271.2671925144311,218.24170928013152,284.1049537723856,249.90678394704977,200.6395251767713,574.3624839519653
2025-10-17,1281.1263072887682,219.08207233132785,286.1838123848671,248.24049643871206,204.563924856661,578.2745271475244
2025-10-20,1277.0707250442927,220.45138449246085,289.85573135791964,252.2488889505262,212.63166535025894,590.575281016452
2025-10-21,1266.7221158189327,220.82249778714788,282.9751325499079,258.71591653325004,213.06142626904924,591.4626676189775
2025-10-22,1260.5689291340739,222.05104419173566,284.36479814386513,253.961777817842,209.55866615910307,591.5755529877603
2025-10-23,1273.714451109812,222.05955957021445,285.9352475702962,257.6205979073483,210.47486358710663,592.0514287378409
2025-10-24,1302.382673263856,223.36060459711226,293.66324684204795,261.2561262073615,213.1019585054955,595.5682497437004
2025-10-27,1338.9524597076133,226.73489537252718,304.2270614534616,264.47215337661163,217.9588479829407,605.6186014554168
2025-10-28,1405.6589516584836,231.23525979797458,302.19335561549633,267.12887533816433,218.1129052517373,606.1186634016947
2025-10-29,1447.6825096472378,231.0134407388938,310.21510702321694,268.3523699262459,218.68045590570145,606.3042060782379
2025-10-30,1418.6645265083293,224.2778025633516,318.0221841074152,259.683059196972,220.05887481195322,537.5810546070014
2025-10-31,1415.867613757951,220.88648103097916,317.69454148039785,284.57236318940693,219.2237170209129,522.9653362448906
2025-11-03,1446.5636804491662,220.55375244235793,320.55295048075874,295.9683068086968,218.15338781632514,514.3830372827747
2025-11-04,1389.2968892144231,219.40201475164866,313.5706801996015,290.515041028665,218.95615955569517,506.0023228620266
2025-11-05,1364.9638230670387,216.34343490847968,321.2196016589067,291.5404309461116,219.03724886451684,512.9633569255692
2025-11-06,1315.1087811813848,212.0520509714835,321.71666219428494,283.1973830696605,218.73720600391204,499.2429226994362
2025-11-07,1315.5982756324076,211.93261296288205,315.0281440490966,284.79375964953505,217.68311949701777,501.4772829918226
2025-11-10,1391.8142282026176,215.8485997147872,327.76122646266964,289.44301419225627,218.6733031580933,509.58365684427395
2025-11-11,1350.6296051601498,216.99183512759998,329.1283156693687,290.25868910430535,223.39689820354894,505.80873457327897
2025-11-12,1355.1047082927018,218.04121796899446,323.9311173178423,284.5490536199219,221.95221703820494,491.23329363177453
2025-11-13,1306.5780958043572,214.692578133674,314.7344264600095,276.83523965962337,221.53020492932347,491.9431338103773
2025-11-14,1329.722679680325,217.63169376707702,312.2939656356985,273.4677269587084,221.09190045089008,491.59628401307236
2025-11-17,1304.7601719560248,216.48418756444258,322.02174570748514,271.34700063536803,217.07441570837753,485.587001449691
2025-11-18,1268.1206256090554,210.64008331446306,321.18564207409463,259.32184087991754,217.05822268254238,482.10251097140156
2025-11-19,1304.2007039420555,207.7947940513138,330.82304750308526,259.484972306329,217.96719285515022,476.15779074399205
2025-11-20,1263.086161292401,204.46980076699978,327.0268633961882,253.01794472360513,216.09237823207798,475.2140354964513
2025-11-21,1250.7797879226832,201.77305900626715,338.56230905830466,257.1545131975991,220.34520823964237,479.3277619525467
2025-11-24,1276.4414971271112,202.57653081777698,359.93853764258466,263.6681421393011,223.9407057092027,494.49201337249855
2025-11-25,1243.367931743727,203.8543747134657,365.4294881300801,267.6182696173986,224.79290094767074,513.1810820509302
2025-11-26,1260.4290888380483,207.49137146524183,361.48644522863947,267.0240089454696,225.2636163137036,511.0758464304876
2025-11-28,1237.6342659469449,210.27359452531908,361.7462723266781,271.75483809139257,226.31872109369488,522.6426726437833
2025-12-01,1258.0518038056136,208.02130311884906,355.769558134154,272.52389386447146,229.7680839558718,516.9318181257278
2025-12-02,1268.8198270891833,209.4145631443808,356.8089356200721,273.15311000063207,232.2759664141246,521.957018661378
2025-12-03,1255.7442786763913,204.17064897074945,361.1248775636917,270.77604953292405,230.62027919433982,515.9074586773902
2025-12-04,1282.3164988380584,205.49979474662717,358.85393828838687,266.96574391175295,227.82020202910783,533.59645282285
2025-12-05,1275.5335500866825,206.4912992155306,362.9777995691831,267.45513819098716,226.26192132362587,543.1870200088946
2025-12-08,1297.4906131600374,209.8504850195824,354.6794658257495,264.37893287866336,225.53956832298928,537.8472508439255
2025-12-09,1293.434817255828,210.27785221455844,358.4781373081363,265.57911789725995,224.96332509380687,529.9102297244403
2025-12-10,1285.1135184183036,204.52537343701044,362.01680895807556,270.0769046883083,226.26192132362587,524.401107826505
2025-12-11,1265.1842998821198,206.62378540407795,353.2210692104457,268.32906035676086,225.6531926990564,526.4821572507501
2025-12-12,1223.8576999462846,204.5125479669632,349.671100730157,263.5632757466063,225.85612707650876,519.6420541681948
2025-12-15,1232.738359967911,202.9269844942163,348.4614071169513,259.31017720517906,222.47163566138917,522.7137504448533
2025-12-16,1242.737956017476,203.5979701171788,346.5959791402473,259.33348677466415,222.87745474443548,530.4957824703386
2025-12-17,1195.3276088103926,203.48256708791808,335.4599299786526,257.8303484727298,220.6292815977748,524.3202074682038
2025-12-18,1217.7040859419574,206.84175289196992,341.94935444401153,264.2274473469985,220.91337979183643,536.3888725728042
2025-12-19,1265.6039276000638,207.67086254299204,347.2630103340951,264.9149462968677,222.11456950735266,531.8035646504429
2025-12-22,1284.484183671255,207.243495348016,350.22509452674615,266.1733785691889,219.9231961307609,534.007371360286
2025-12-23,1323.0837375897913,208.06832110863414,355.3917188878772,270.49638803907936,221.05134337851467,536.7843909200084
2025-12-24,1318.8881013895561,208.5683441329075,355.0977594706174,270.77604953292405,222.22816904749058,538.8914034854777
2025-12-26,1332.314051766415,208.4358579443601,354.4420942008827,270.9391809593355,221.89539243220676,535.4523731841226
2025-12-29,1316.1609485423899,208.1751694576693,354.498612899512,270.41483121586964,222.18761197511517,531.7390023144709
2025-12-30,1311.4059511580524,208.3375642755506,354.8264628078203,270.95082685408204,221.63568312061463,537.5997618893664
2025-12-31,1304.1336147855206,206.687899653732,353.86547219671274,268.95829427291346,220.6455242954683,532.8691887110683
2026-01-02,1320.566398601597,202.12351268270643,356.29615625347355,263.92449406366075,219.95565669021877,525.0548261580128
2026-01-05,1315.4617470622622,202.08506247372924,357.86765935979963,271.5683970954961,216.91211291108817,531.8197052344358
2026-01-06,1309.3082398878018,204.5040063873199,355.3804220575276,280.7387479987508,212.93518524095103,533.2970375858425
2026-01-07,1322.3844292797964,206.62378540407795,364.0179370865008,281.4728483075981,211.28759453408387,523.6663410579437
2026-01-08,1293.9243117068509,204.33304378863073,367.9296459661463,286.9843791213466,210.24063593886862,521.5431879084814
2026-01-09,1292.6655353828864,204.83307991348636,371.4683176160855,288.2544928483983,210.5084665993075,527.1940211723
2026-01-12,1293.225003396856,203.93558522298864,375.1878421922622,287.1941296867281,211.22267341516815,518.2414759700268
2026-01-13,1299.3086438382368,201.15337526349367,379.83443234161615,282.68469700093317,211.87195911211302,509.4584315794721
2026-01-14,1280.6380947961502,196.32828670519504,379.68746990642717,275.75156692846815,210.98732815011633,496.8892602923371
2026-01-15,1307.9795968307585,195.16581963760254,376.2279797095799,277.5343667242472,209.56698619538338,501.15160845608654
2026-01-16,1302.2455037145078,196.53341562245748,373.0850080438096,278.629685350149,207.3918679344498,500.70761899731923
2026-01-20,1245.185321442724,194.25124178781812,364.04053074719985,269.168027058303,200.22531154965705,487.68641263921256
2026-01-21,1281.8969779499816,189.80224474547106,371.2535051050359,269.5292453753574,200.99635538948047,494.82267322622636
2026-01-22,1292.5256950868609,192.80670608326193,373.6954859921463,273.05988950268386,201.5644772698161,522.8105939488112
2026-01-23,1312.314966497152,199.1361476047845,370.7447331767266,278.67630448911905,201.31287688910615,531.7955190382384
2026-01-26,1303.9238009265487,200.98669655520843,376.77064212893777,277.8140282180919,207.2944738381116,542.7743245264318
2026-01-27,1318.2587666425075,205.38866250718812,378.22903874424156,285.1083588276193,209.61566461660559,543.266735737178
2026-01-28,1339.2368408138166,205.83742295301928,379.879654209896,283.1624276054289,208.13045121481534,539.8439447389841
2026-01-29,1346.159523031351,185.26777950436176,382.4121479273296,281.6709351982411,209.62381080138152,596.0136212708218
2026-01-30,1336.5096879666505,183.89591272968514,382.12948534041936,278.83943591553043,210.59775176476353,578.4071069903537
2026-02-02,1297.9101340481143,180.9384562810971,388.5623565602672,283.10418035170426,219.14406819598454,570.2617390664819
2026-02-03,1261.058637244831,175.7415469966686,384.0627288461022,278.04707057296645,218.71390990232712,558.3868596889655
2026-02-04,1218.053740096955,177.0151332031179,376.52193912683964,271.4868402722864,224.40327489045958,540.0538216904769
2026-02-05,1201.9006368729295,168.2453676177318,374.4982173377154,259.484972306329,223.9325843603559,541.0386934715533
2026-02-06,1296.5115174281245,171.43787471349845,365.0127836417751,245.07108840843205,225.7262103308897,533.975139551884
2026-02-09,1328.887590609254,176.7629862960704,366.6634336543113,243.20671400945133,223.09414822666187,546.6976217071604
2026-02-10,1318.398606938533,176.62194542729742,360.17397464207056,241.1559163945661,222.330493075774,541.4504017623346
2026-02-11,1328.9575641722004,172.81829616840065,351.5590878206782,237.80004958839763,223.8090256126108,539.811663570998
2026-02-12,1307.2104217876843,171.73702650974874,349.3432508218487,232.5798261632404,212.62264990796115,524.5704605594711
2026-02-13,1278.330676496795,171.51480133261742,345.6349885291397,231.63597528901155,207.78901927820704,516.465518134958
2026-02-17,1293.434817255828,169.6086928127651,341.4518793460517,234.3859177485125,214.36926146452882,516.0779466807901
2026-02-18,1314.482651330349,170.77971456058322,342.9329387158181,238.62735261520123,214.75108903997273,519.2505339473007
2026-02-19,1313.9232901462467,170.6811850812927,342.3902762964603,238.70892721840292,211.68839675943278,520.509894375426
2026-02-20,1327.349347352973,170.1543189639378,356.1040064968866,244.82638237881892,214.93790489937754,529.2929387659808
2026-02-23,1339.4466546727883,164.68853332889663,352.1583034855472,239.18667560289063,216.23769325379794,514.4311628772491
2026-02-24,1348.5371285533868,166.62897847489177,351.4913068385812,243.02027301355486,221.0794824862926,516.0860416525786
2026-02-25,1367.4871445277904,171.59785902424113,353.7524347994541,245.44395262023295,222.77734111385047,527.7026716862073
2026-02-26,1292.8753492418584,172.07761544773498,347.5117133361932,242.27452680996095,221.73748559438496,530.3827983823877
2026-02-27,1239.0318142682638,168.2310093795584,352.4635942800382,244.69820641663907,214.61297643771934,523.2546327671624
2026-03-02,1276.0230445377053,170.71972699434585,346.53942589473615,242.82218612291183,215.05162861916145,527.5976838508768
2026-03-03,1259.0307927076599,173.0242635229287,343.21556675584657,243.21835990419785,214.26365909359166,528.8247631110162
2026-03-04,1279.9388933160226,173.5682783024816,342.7068639213008,252.64508051180417,213.26441031835998,539.0366687414146
2026-03-05,1282.0367114161402,175.91564063452145,340.1631079203995,255.11536147746043,211.45282797101822,533.2566614460679
2026-03-06,1243.437157497604,175.17887698795604,337.4949485981264,248.43860110934705,209.15379084136615,520.5744567113979
2026-03-09,1277.2117404688563,175.37163895555082,346.602335766499,248.76486396216987,211.11975332458405,522.6169069408954
2026-03-10,1292.036307465705,173.80816306451965,347.3716948242466,249.74365252063834,211.8915049883895,528.009392141658
2026-03-11,1300.9173948067998,173.43120691013794,349.2497669596904,247.7860576237094,211.87526229069599,528.6471179679252
2026-03-12,1280.7075342097612,172.13757681280782,343.42322806236297,244.1505471036882,207.77277658051352,515.1819221510511
2026-03-13,1260.4975667828553,169.4346777784059,341.98642324818593,241.9832194213697,203.19098227279673,495.4280685249234
2026-03-16,1281.2670022237305,171.3194323491499,345.69727655703014,246.72571224203122,205.38440461354702,506.9536301259311
2026-03-17,1272.245860926876,171.0881153679197,351.7613598136334,250.75739654333842,206.52983766802052,503.08349321725274
2026-03-18,1261.5465292478475,167.8240790929314,348.1070597503003,244.54672088497423,203.04476073966117,497.44396329818767
2026-03-19,1248.6792990758881,166.63753315511738,347.4735044849194,243.25331536842944,202.2486450293154,490.18849931562943
2026-03-20,1207.7000030379743,163.57482662853175,340.53828705677756,239.30318789033197,201.46062583188723,479.6526960945216
2026-03-23,1228.2596246198777,164.05886694242955,341.73754751167877,244.8613378430505,204.3039423498477,488.05547424935185
2026-03-24,1225.1826039579798,159.6639622042961,328.59118075109933,241.48217924738896,204.42578741847842,479.0548034526042
2026-03-25,1249.5184476819088,158.93577943912084,329.1455200165065,246.6907567777996,205.22191554678875,480.64650196031585
2026-03-26,1197.4902726398361,156.76403041247772,317.8206721458597,241.83173388970482,205.441266473439,442.3896159281403
2026-03-27,1171.4760248739992,152.82317875541455,310.3763373205905,232.27685509991068,202.11865377590877,424.7599520027404
2026-03-30,1155.042386418986,153.7612721503826,309.4259871490782,234.15287539363788,200.35579952164758,433.37285390698383
2026-03-31,1219.5882443078879,158.56310717514305,325.33285704698955,242.68236426598548,206.17239897504604,462.2573421147324
2026-04-01,1229.0289064928188,158.22042214399283,336.45412014317264,245.36239579702323,207.66717420957636,467.9938636165076
2026-04-02,1240.4974132149214,159.97237611221487,334.6213044228905,244.4302085975329,207.90275541595554,464.1399166514064
2026-04-06,1242.2456839899087,159.7239366699512,339.3956143942692,247.94918905012082,210.29112738292204,462.97646189514154
2026-04-07,1245.462544947832,159.47121333728361,345.5841355191261,249.0911268149927,205.93680535070226,464.61658215483214
2026-04-08,1273.2949302217355,160.34504837619266,359.0020407706753,257.80703890324475,210.3236376142383,494.8099878131187
2026-04-09,1286.0921868307485,159.80533058762597,360.3257045469483,272.2558782653733,211.61530461981192,507.71312604611467
2026-04-10,1319.0994108666673,158.86295330225394,358.911527940352,277.76742685911375,211.60718327096512,508.90076699857696
2026-04-13,1323.8546219107388,164.64570752543952,363.51614362831566,279.5269170854077,210.56735258742884,512.6740110437133
2026-04-14,1374.2046065706377,168.3895002239217,376.6398821813143,290.1654686063571,210.26676333638173,535.2644612475437
2026-04-15,1390.7082185885972,176.1469576157517,381.40289532234357,289.5595442596896,216.44080148275467,542.6088712006077
2026-04-16,1387.071836742597,180.01926702635188,380.1583784522807,290.9578161689291,213.97931254023808,546.8829175857833
2026-04-17,1410.3586111716666,181.10299959447147,386.56188482259614,291.95991429688263,219.5278329739057,556.3198777461822
2026-04-20,1413.0160041156205,179.08117363138382,381.74231843605577,289.3031923353299,221.81869908285262,542.0674952824578
2026-04-21,1397.7712752514926,181.68984017748144,375.9384422931909,291.2025221985422,216.22959674088037,540.395044495197
2026-04-22,1416.0930247775184,185.4422006567715,383.8918945155875,297.5530197138328,221.91622977680137,545.1458057433824
2026-04-23,1396.0928712095845,178.08738966116456,383.405405326041,297.22675686101,222.12740968274645,532.5659234265029
2026-04-24,1456.4428792385168,181.8868729348979,389.6391483191776,307.60893867760774,220.2020787796916,545.3963056325703
2026-04-27,1514.7649359004106,181.9725507429766,396.3594150487426,304.2647355461778,217.3993938418941,548.2968722312359
2026-04-28,1490.7088795983998,183.87014388435014,395.72585978336167,302.6101294925706,219.91775706226719,542.4149373947715
2026-04-29,1463.2961220424402,181.81833068843494,395.9068854440082,306.5019919369514,219.47908004489588,540.6212594690193
2026-04-30,1395.6033767585614,174.67343032262085,435.3459511788649,308.8557428351744,220.43769723996456,494.3979340052489
2026-05-01,1387.771145052592,177.5262524205782,436.3528891427701,312.5844916331358,227.57847393025287,491.84480951889714
2026-05-04,1387.9808520816969,177.1749996086201,433.5923514585564,317.00068604099056,224.88946304038092,493.18600813742097
2026-05-05,1374.1346330076913,176.21549986221464,439.45278084693234,318.74853037253797,230.8604426296555,488.7826396419653
2026-05-06,1453.3659654064859,177.32063878177163,450.32513365972653,320.4264637756222,233.5656713812918,495.18166548121394
2026-05-07,1479.0304521874584,180.237719235788,450.2685458673336,315.9753139035359,233.50879710343526,498.3569181652648
2026-05-08,1504.9047528274027,177.81753076688122,453.44765357146963,317.73478634983786,238.28554103736818,492.5557849679335
2026-05-11,1534.5552756093725,176.76378543158918,439.69039429997173,313.4350864494325,237.98467859109996,483.85408517193673
2026-05-12,1543.9259642313575,174.66913333163464,438.2309267313321,309.74132867568665,239.70849076466658,487.1990361060422
2026-05-13,1579.240927056233,173.5725621928855,455.5067513675599,314.7634652102008,243.01790316582967,498.2115048305757
2026-05-14,1648.5421028190733,175.3802067363587,453.7531516472515,311.37264293980076,242.4812484077841,499.66583561580273
2026-05-15,1575.6745187731792,180.7303273304937,448.89962567589896,307.7837515587497,244.1237725850955,496.2724135701343
2026-05-18,1554.695376303199,181.42426517360204,449.08065133654543,308.62268270030785,242.18038596151587,493.83237189090147
2026-05-19,1542.7371614703395,178.8027469562926,438.5816466753938,302.19062836180757,243.09921599801413,486.88392452129847
2026-05-20,1562.7373150382734,180.36193895691986,439.9958578288718,308.7974955814497,245.7662719264777,488.8634412810984
2026-05-21,1535.0447700603956,179.90690333217896,438.5816466753938,312.81751620801845,247.99420379084447,490.7378714863997
2026-05-22,1505.8138749963693,179.6836825107947,433.27559109930684,310.3239434528691,251.10848029632243,493.06483035851346
2026-05-26,1502.527147305367,178.59330794746168,439.96189824405974,309.1237584342726,250.71003748424704,494.74537611756267
2026-05-27,1486.7228435974023,177.15093383898088,439.90531045166676,316.7676614661079,252.7591258224806,513.2638087138423
2026-05-28,1498.261323882451,183.29821176396916,441.3761093975378,319.27289789599575,254.10890890237053,513.2879949100396
2026-05-29,1476.513006369397,193.2789689736945,430.30010271651634,315.35774366212183,253.74300115754056,511.04188703664306
2026-06-01,1568.9611162652814,197.69196561594975,425.8086280664568,304.4278847525812,249.0675381428648,485.1548582911021
2026-06-02,1558.1918110233066,189.44550278953974,409.38134394106856,298.90467248410226,256.2962091865743,482.86027930614244
2026-06-03,1501.7578654324257,183.44846234208148,406.14564844453963,291.3306981607221,252.27937017822074,503.342038718645
2026-06-04,1530.882892098162,183.75324738871007,421.0795745102397,295.7236007790837,253.0681096175956,507.0505723490571
2026-06-05,1435.9466077677998,178.86805335893362,416.93878525736005,286.6814258380088,249.90505534717866,479.1194645077443
2026-06-08,1460.730816443921,176.75169359414932,411.2786241427947,285.7375927437719,245.1889607523399,472.97088919809926
2026-06-09,1457.5802968334626,173.17579795810394,412.35406857331486,284.5374077251754,236.25272023275733,472.3245254446188
2026-06-10,1403.1809260613798,170.57864682382606,403.43364912925875,277.32463393885763,237.09023743707118,461.3281973040783
2026-06-11,1434.3362543512305,167.56510678251863,405.0071559547294,281.4145832738815,240.38338230461153,459.2678789051452
2026-06-12,1436.5766903239182,167.73681611439744,407.16934164611916,277.9655137497568,236.72435452817044,458.09632917709183
2026-06-15,1487.4053796182634,171.60892901626352,418.1161084423165,286.66977994326226,241.02576361324023,479.9516670952724
2026-06-16,1452.1193676873704,169.06328937149104,422.53102720230106,286.6464703737772,243.3187656120979,485.39430163345673
2026-06-17,1432.7959813274745,162.6584408983934,411.8220120466704,276.74201916167516,240.64358833478758,459.0061743903721
2026-06-18,1475.083302258083,162.86878384740126,416.6218176168196,284.77045008004995,242.31862274341523,466.8020764589829
2026-06-22,1460.8007900068671,157.69166954279032,395.84901941698854,271.25378013741977,241.5055192575001,455.9896621287111
2026-06-23,1400.52043505128,160.52491937082883,391.83031884439987,272.79189168357766,239.30192660374442,454.65532449237367
2026-06-24,1393.2392317997796,156.88462127231938,390.8794159227787,272.97833267947414,238.3099050839085,450.9918561622232
2026-06-25,1370.4153511848267,151.46281429197543,389.0907856643223,264.51875473558977,223.73064342007137,439.0229961366254
2026-06-26,1347.9414452144727,160.10851736321698,381.9363682711419,271.13726784997846,230.74788619854374,444.9912608856393
2026-06-29,1365.024395601681,158.2196885113854,400.34318872382875,279.81822447399895,229.08911932353882,454.97877784682635
2026-06-30,1400.8705165257459,160.12997611698347,404.5543499749406,277.7208077201436,235.28511243132013,455.53678794481004
2026-07-01,1383.297537538179,164.9636717578368,408.9013495653009,281.63597973400954,239.36699673823534,495.66484644973787
2026-07-02,1364.0442315710968,167.62949614440038,407.4297214942667,282.7662538241429,250.95397598080035,471.3955780723009
2026-07-06,1369.085105679777,166.0196965944447,414.8445187355945,284.5024522609438,254.2308781506472,485.4589626885968
2026-07-07,1378.7466920298575,166.92118696253632,415.4897853939065,286.6231608042922,252.6046215069585,497.8241308147441
2026-07-08,1429.0853527238446,164.5601476226013,409.70511731732404,283.8732183447912,254.8244568584077,487.7476185234673
2026-07-09,1419.703767455416,164.99800838397965,406.27506106377274,287.8583012871203,257.12558020611215,510.6825492645669
2026-07-10,1476.9736567563048,165.31568440356685,404.33926108883657,285.8774146006983,256.39378955238146,541.1951139934914
2026-07-13,1424.9546690828022,167.84413608439448,399.0526899540863,288.17291824519657,258.01187517536493,531.1024117586376
2026-07-14,1482.854640939809,165.24270105971266,406.9769155144778,288.3826688105781,256.01973562277556,534.5879387881926
2026-07-15,1487.7554610927293,169.83600101581914,419.8934073235416,297.0869350040836,266.29761303747205,550.9804540983016
2026-07-16,1452.049287294557,172.18416248337783,401.2601320606377,291.1792126290572,270.9811974009945,537.4184147774697
2026-07-17,1419.913794974122,169.05900548108713,392.55480150268573,288.07969774724836,271.37146919236477,522.4330918497948
2026-07-20,1423.20436854034,172.69500658861034,398.4640110881672,291.2957426964905,265.5576513630362,522.3036710203465
2026-07-21,1451.2791507826792,170.74607226530094,392.98497927489376,288.45257973904125,266.49274893315715,520.653925641761
2026-07-22,1484.6749150452174,167.56510678251863,387.2568989907042,285.30646349825435,264.98848637367433,507.19702223501184
2026-07-23,1461.5709265187452,163.8046108416358,359.6353196610018,272.26754194011187,261.5489833753878,490.1575508564135
2026-07-24,1448.1286311722208,163.85613543172346,361.95597189922086,270.4614325748478,270.7860366693802,481.33457456234095
2026-07-27,1375.8061999381055,167.03280392351957,369.6764399507396,269.62246587330566,273.94909093979714,480.2670748375206
2026-07-28,1379.3068010230295,168.85724341346938,377.77046343519163,269.00489563189154,276.5266630153711,479.89505165233675
2026-07-29,1330.2983858340924,167.65096799874917,381.1665601039308,264.0992713848187,274.9898902245721,473.5871436052931
2026-07-30,1365.5144242020392,193.6481564827871,377.7138756427987,274.4115600529453,271.1194093469647,435.9175872640427
2026-07-31,1405.4913355970139,199.49494635213304,403.15064107353055,316.4530267280397,251.1816717796601,450.2155286238696
2026-08-03,1446.7284121042246,209.33833085612238,422.82536663526065,330.9484852291383,246.7176370302214,477.33146293416075
2026-08-04,1483.8348049703932,211.55341660893131,427.51196207374227,323.25799861831683,251.5638222221836,475.4714457274098
2026-08-05,1534.8035482204982,209.25676663087805,410.28243025913014,317.6998308856063,252.88109507075725,476.1426867112647
2026-08-06,1533.193301633796,214.57983452261513,404.9845277471486,317.2454098505956,254.0275960701861,477.0565300508552
2026-08-07,1567.9892849643306,214.63564300310676,401.0790027593458,319.8322208836851,254.77565425753954,478.835646899305
2026-08-10,1523.1115534164358,217.24137501877476,404.7241478990012,324.03868250615034,250.86931029817458,481.1162077623869
2026-08-11,1522.76147194197,216.27549528880135,389.1926644187587,317.2570379653502,248.14299584265171,484.5127888214363
