Date,nvda,msft,googl,amzn,aapl,meta
2023-01-03,100.0,100.0,100.0,100.0,100.0,100.0
2023-01-04,103.03177780832814,95.62569564096437,98.83303214207614,99.207643547432,101.03141732039995,102.10838203375529
2023-01-05,99.65072647304513,92.79155478768672,96.72350435308022,96.85388375921303,99.96001416144419,101.7636670809992
2023-01-06,103.80021161658473,93.88513251501851,98.00268912951178,100.30296217333377,103.637935185936,104.23281827025035
2023-01-09,109.17219750409409,94.7992453540092,98.76569162690608,101.79445458052155,104.06170435787277,103.79188916010607
2023-01-10,111.13517601920854,95.52133639572564,99.21452475405209,104.71918325117645,104.52545315938417,106.61377623353596
2023-01-11,111.77784438322351,98.40973986434084,102.69299876287606,110.80167405736483,106.7322119830604,106.53357925920406
2023-01-12,115.34054652950871,99.55339457069913,102.25537609984326,111.01141573275038,106.66822222340883,109.59597087636821
2023-01-13,118.05098014053065,99.85391539748217,103.36625709031625,114.33232707468726,107.74764117701916,109.81240028594004
2023-01-17,123.66050888266858,100.32140970658885,102.43491626007861,111.92030225275164,108.69110827953976,108.51370042956407
2023-01-18,121.39017420410256,98.42641690666935,102.24416563573004,111.23281219287841,108.10743921624777,106.6377896682259
2023-01-19,117.11492361632139,96.80690971916542,104.40978029217682,109.15870500850818,108.15544705843931,109.14702083480125
2023-01-20,124.6175307654953,100.26714054095976,109.98651980555631,113.31857416199121,110.23426361669924,111.72839102460242
2023-01-23,134.0761524587525,101.25218648732492,111.97262021193133,113.63318223007151,112.82479956477528,114.85490073356969
2023-01-24,134.57910740586604,101.02679750481055,109.62746539524919,112.23491032083194,113.96016143847689,114.75067798465336
2023-01-25,134.9842863301789,100.42993493726394,106.84469655225544,113.23700844878547,113.42448779941414,113.43592392553762
2023-01-26,138.3304243341846,103.5144868868403,109.4254783966238,115.61407780648952,115.10352047988968,118.08559617176985
2023-01-27,142.26336536604214,103.58128020994471,111.50134024639529,119.13306714907341,116.67863965196923,121.6450387392478
2023-01-30,133.85960834707043,101.3064622032456,108.77471009117959,117.1638352473939,114.33597864905236,117.89321721657144
2023-01-31,136.4792365831887,103.43517595655219,110.90664153495955,120.17012074125853,115.36740217843344,119.42437600547002
2023-02-01,146.3010797760606,105.49712258792063,112.69074630598799,122.52388941947348,116.27885577418482,122.75129794095288
2023-02-02,151.6520936280867,110.44331325275951,120.89316997723705,131.56607325054435,120.58847233110362,151.33076507222478
2023-02-03,147.39782175265458,107.83457448257936,117.57179792697963,120.47308291459228,123.53080915069708,149.53502660542952
2023-02-06,147.32099773473973,107.1750452756153,115.46230468486849,119.06315622061024,121.3160407413474,149.15824026687736
2023-02-07,154.8934716076631,111.6787899462981,120.78097033217175,118.9815905074045,123.65072941247763,153.6155088781222
2023-02-08,155.11699972097378,111.33233192475865,111.50134024639529,116.58122047021145,121.4679620919349,147.04985823312208
2023-02-09,156.03911494938902,110.0342475444267,106.60907816129041,114.47214893161362,120.62842091577257,142.63265725930697
2023-02-10,148.55046244974073,109.81719708307655,106.11535135736439,113.73805751276225,120.92471349587865,139.61037029925603
2023-02-13,152.20396329406378,113.24820050390083,106.16024503414441,115.98695090828643,123.19891427272157,143.84318856950637
2023-02-14,160.4680402804631,113.60297739572984,106.23877873998528,116.17338301418691,122.6783905476458,143.88325620693607
2023-02-15,159.02199139258522,112.69496287818764,108.77471009117959,117.87462598675621,124.38405975722138,142.0234119882322
2023-02-16,153.6989402545368,109.69471973136469,107.17011093350173,114.36728253891886,123.08680490921786,138.23954375954878
2023-02-17,149.40970830976678,107.9833054028901,105.86849659212254,113.26030912827456,122.15791649441918,138.59227964372752
2023-02-21,144.2892332801432,105.72788935981119,102.99596630573234,110.20741338543583,118.89876020306349,137.95093830706767
2023-02-22,144.98078297869273,105.24251275472774,102.83886434716578,111.61734007941789,119.24309787924798,137.18134844690707
2023-02-23,165.3091285374786,106.6066240740508,101.98609176965381,111.65229554364949,119.63544339762402,137.91887926116607
2023-02-24,162.66852158901125,104.28427060145302,100.01121910083441,108.94896333312265,117.48139882384511,136.5961166105222
2023-02-27,164.1704291361865,104.67761561002604,100.84156211339877,109.25192550645639,118.45032274904874,135.91471997632715
2023-02-28,162.17953464515494,104.36795057621605,101.05475093941617,109.79958481940729,118.04193322340126,140.2437030443877
2023-03-01,158.5609671627066,103.04986160543979,101.39138442149687,107.39920589221823,116.36031760677056,139.02516314266015
2023-03-02,162.86412704953906,105.07512660403539,103.23159333341856,107.35259564324411,116.8407809855168,139.9150052746879
2023-03-03,166.88787345630027,106.82421820960096,105.08302998289585,110.58028648723277,120.94074508518784,148.50889033868938
2023-03-06,164.54071475981945,107.48534568770725,106.74370737130336,109.24027072171387,123.18290751933694,148.2283058176309
2023-03-07,162.71010510922451,106.34717357539019,105.31867428402447,109.00722836683929,121.39719212487603,147.9156622506709
2023-03-08,168.949382480051,106.1588854443089,105.75628831033606,109.43835761235687,122.41416114615804,148.28442765780042
2023-03-09,163.74417802340335,105.58144449125719,103.59066501716808,107.49242639016646,120.5884102412922,145.65496889914692
2023-03-10,160.45336452943087,104.02064101677293,101.69434332763194,105.72128137912998,118.91481662829723,143.9073313410985
2023-03-13,160.46033517732786,106.25093669169404,102.23292926145324,107.702168065552,120.4923076311731,145.02162381412072
2023-03-14,168.12496315204686,109.12565660122664,105.44211030336656,110.5569769177477,122.18995483711296,155.5395205482072
2023-03-15,169.27780415510708,111.07139450991244,107.84336926094196,112.0950795739096,122.51026375627711,158.52971144267312
2023-03-16,178.45153733833556,115.57385532344814,112.56731892336707,116.56956568546892,124.80047128650462,164.2857045900829
2023-03-17,179.73711443353437,116.92540318354652,114.0260265865916,115.2994608484132,124.11979310184678,156.81415761031525
2023-03-20,180.959822160344,113.91263587924824,113.57720209616677,113.85457869019955,126.04167145275629,158.57782469131445
2023-03-21,183.04889328612433,114.56120644842143,117.72889124882498,117.23374617585709,127.54715069234486,162.06509121588311
2023-03-22,184.9283642406564,113.93772349594826,115.98968879129778,115.00815345982198,126.3860091289408,160.18114718322784
2023-03-23,189.9798806002796,116.18477481669665,118.49191965638286,115.0198082445645,127.26684002969878,163.76462786518468
2023-03-24,187.10129680090662,117.40244781775726,118.3123967695899,114.34397296943379,128.32386939731035,165.15149626773723
2023-03-27,185.3685299417704,115.64919677704695,114.96858651766364,114.23910657673902,126.74632872258533,162.61021839515476
2023-03-28,184.52314525514873,115.16795995623357,113.3640046334282,113.30691937724866,126.24186142274331,160.87862269995162
2023-03-29,188.53359134523288,117.37736020105727,113.76795272051537,116.81426282508605,128.7402685086313,164.62242329120537
2023-03-30,191.321343062239,118.85861693475701,113.20691131158284,118.8534145452247,130.0134821816522,166.61857398451613
2023-03-31,194.07417477110204,120.63700799449985,116.39362824166375,120.356561737155,132.0474450601408,169.90541594267478
2023-04-03,195.38771458027853,120.18928246534111,117.1005438716072,119.33116292971239,133.06442649938512,170.8112752577588
2023-04-04,191.81041012848493,120.16832153232804,117.50447468525196,121.12560862023795,132.63203305264187,172.1340379084027
2023-04-05,187.81394539538965,118.97998073690258,117.22397989094931,117.80470616829706,131.13457581668902,169.53662585575626
2023-04-06,188.90389032259745,122.01786185906707,121.65619838479496,118.92332547368787,131.8552895117518,173.24033412979125
2023-04-10,192.69076823817608,121.09309169569755,119.43447095073371,119.0515014358677,129.74924036220216,172.15807602288163
2023-04-11,189.82616579579192,118.34811341122415,118.21138167847423,116.42973493854656,128.76428484768934,171.43656239167885
2023-04-12,185.1170257607504,118.62429990483736,117.41471324185548,113.99440943712192,128.2037628660955,171.55683934333499
2023-04-13,184.8934041713185,121.28139947765355,120.54532603104313,119.31950814496987,132.57595353496546,176.647428359817
2023-04-14,186.95453929058434,119.733159462394,122.16112701611301,119.4476841071497,132.2956925441685,177.56133328611267
2023-04-17,188.65933008201128,120.84622430713637,118.90708684430444,119.71568192625588,132.3117117155154,175.4529512523574
2023-04-18,193.30561410239523,120.66627469721934,117.25761992001014,119.20298696753258,133.30466439773937,174.67530344109065
2023-04-19,195.15012498758938,120.69977288829081,116.8985568729818,121.53344607626249,134.23356523050037,172.91965729151408
2023-04-20,189.37201873768913,119.72062220433557,118.14406707346774,120.96247719382653,133.44881210393686,170.8112752577588
2023-04-21,189.47680546958162,119.57413148374062,118.27872219364428,124.63295206807533,132.14357250618446,170.66697253151827
2023-04-24,188.93881033074055,117.9045669680849,118.90708684430444,123.7590299023016,132.39177031836303,170.58681257686982
2023-04-25,183.34234153811084,115.24748049585183,116.52826608839788,119.51759503561289,131.14259782032477,166.38606569241554
2023-04-26,188.33791911604706,123.59539477821238,116.37117276655253,122.32580252883048,131.13457581668902,167.86917293214526
2023-04-27,190.22441413340258,127.55385387714378,120.7248489178361,127.96550930475877,134.85817631544407,191.24579502670167
2023-04-28,193.87854260311101,128.5706949387731,120.44433685009103,122.87345295178538,135.8751453367261,192.65670154373313
2023-05-01,201.99028021937778,127.85932017405959,120.2872608016881,118.91167957894133,135.80307148362735,194.9494786209477
2023-05-02,197.09947601960246,127.7965421796855,118.17773301269219,120.75273551844101,134.96227609327428,191.79092220597332
2023-05-03,194.24882822674397,127.373930468393,118.27872219364428,120.77604508792605,134.08942994226516,190.01923419355148
2023-05-04,192.5719867955631,127.7965421796855,117.47082601946994,121.1838736539546,132.76013675156787,187.20539273133323
2023-05-05,200.38330551194633,129.9891867786819,118.45826235387963,123.11815898139848,138.9901663398466,186.61212762363124
2023-05-08,203.67409229845563,129.15230842755273,120.92681864301909,123.31624587204149,138.93411165809476,187.00496816492318
2023-05-09,199.62175555233136,128.46186839468598,120.45555595092546,124.23677828678932,137.54877620360787,187.0851157796771
2023-05-10,201.81562676373582,130.68383209873437,125.39272034953157,128.39664744027235,138.98215675417316,186.85264450726
2023-05-11,199.67064356373172,129.76324102138435,130.8011647136737,130.7154517642597,139.13431404604407,189.02515697271292
2023-05-12,198.0077567820765,129.28618328659044,131.85591565308985,128.47821315347804,138.3805188994556,187.43786400375032
2023-05-15,202.29069911926132,129.49123361379063,130.73384147194602,129.5735228893838,137.97960498710333,191.48625021085795
2023-05-16,204.1073140591358,130.44528358046273,134.1000899255411,132.1370332429843,137.97960498710333,191.45422818463987
2023-05-17,210.84963985319706,131.6781925597072,135.59243761782648,134.5840135291515,138.4767581071598,194.3963305102534
2023-05-18,221.32992884397345,133.57368973207736,137.82541006288568,137.6718736262178,140.36919346949298,197.8915932864557
2023-05-19,218.4373770413432,133.49823037323037,137.7468504468812,135.45793569492523,140.45741067356147,196.92159119977956
2023-05-22,217.8225445308557,134.6891650841162,140.31643046385759,134.01305353671157,139.68757151970152,199.07006555075355
2023-05-23,214.41296294800182,132.2066045803831,137.52244252002944,133.9897439672265,137.57060698130388,197.80341240038467
2023-05-24,213.36489532310256,131.61529666008494,135.65979540643892,136.04055047210767,137.79513615736835,199.7835459106392
2023-05-25,265.36116135267156,136.67695586465945,138.55477253121916,134.00139875196902,138.7173064545712,202.57333691848402
2023-05-26,272.1104577946299,139.59987936983052,139.8227122966527,139.95572248597358,140.67390542802792,210.0689096728361
2023-05-30,280.25022489353233,138.89535621009563,138.76794408379416,141.76183185123764,142.1733992097954,210.45376630238889
2023-05-31,264.3410965029448,137.71277967124874,137.87028646622335,140.50338179892447,142.1333140275413,212.21738402381004
2023-06-01,277.8676521008391,139.46985608223392,138.8240482246874,143.05522847778644,144.41068138476672,218.54254246497044
2023-06-02,274.7724440673944,140.65244572166395,139.89002690165918,144.7797721298448,145.1003005022693,218.54254246497044
2023-06-05,273.68251249391824,140.8789024017037,141.39362824166375,146.00326671792638,144.00168337896727,217.56453178676614
2023-06-06,270.07030138771313,139.9311800166849,142.8523359048883,147.52971458934573,143.70503067795494,217.3480653575108
2023-06-07,261.859866341165,135.61177365126878,137.45511064158055,141.2607827872609,142.59040680126827,211.31953330025416
2023-06-08,269.0920337179052,136.40017984480525,137.0511539177722,144.7797721298448,144.7955761257721,212.1051897030491
2023-06-09,270.90883561002215,137.0417809037516,137.15215173544547,143.8242842508654,145.10832250590505,212.40181608695283
2023-06-12,275.8840086860682,139.16372165557834,138.73429541801212,147.48310434037165,147.3776181876456,217.2919435173413
2023-06-13,286.6448729315654,140.18696890235978,138.94747560730835,147.58797962306238,146.99271102867792,217.50840994659666
2023-06-14,300.44539368703676,141.46601813539925,138.76794408379416,147.3083181292177,147.50593299193045,219.13577055298893
2023-06-15,298.04161516855714,145.97830438628486,140.36130686719522,148.11232936652823,149.15780758888994,225.93389247040614
2023-06-16,298.3141114156578,143.55861358100773,138.61085076194883,146.22465428805845,148.28375689553923,225.26852535916188
2023-06-20,306.1122900601432,141.76374198768335,138.12837760574197,146.5625719256238,148.35591767437396,227.93806409513962
2023-06-21,300.7807593025266,139.88084757628732,135.26705778346496,145.4556074049755,147.51395499556617,225.78159349253198
2023-06-22,300.6409991475645,142.45986767362987,138.18447310991402,151.6546193886012,149.95165066384564,228.3789932052839
2023-06-23,294.93914270512016,140.49310332901538,137.2755704813452,150.69914039961776,149.69507072712508,231.46547229650497
2023-06-26,283.91969680085316,137.8008417910698,132.78723920988512,148.36868129088788,148.56441526112926,223.2403156199495
2023-06-27,292.61225497321345,140.30441563014853,132.77604601921428,150.52434529846784,150.80166018221374,230.11862217180416
2023-06-28,287.3086869295745,140.84118582286337,134.8518819588222,150.36121387205642,151.7558936580349,228.7076786350892
2023-06-29,285.2473515043346,140.50570608998947,133.6400463342819,149.03286178127607,152.0285300199892,225.6934372862499
2023-06-30,295.588988699872,142.80797636864412,134.31327011483728,151.89932541821432,155.54075196473894,230.06254969121267
2023-07-03,296.3645200164758,141.73857576748458,134.5377039518527,151.7361939918029,154.32992613423494,229.29293515126307
2023-07-05,295.69381549295935,141.80569005487573,136.61354852818178,151.92263498769935,153.4237874263413,235.98683431976391
2023-07-06,294.1984913354646,143.11408459413346,134.7733309795389,149.5688663094844,153.80870700327128,234.07881515294622
2023-07-07,296.99348077499985,141.41571189616792,134.06642398631666,151.2234901430836,152.90258071333992,232.9084501993325
2023-07-10,294.73651318176894,139.15532418178998,130.66650959349718,148.1356300460173,151.24270894866922,235.7704172500866
2023-07-11,296.3086480034469,139.42372892902208,131.44075710188946,150.05826058871864,150.8177041894852,239.12938589157648
2023-07-12,306.7691067027921,141.40730132179644,133.4492784364909,152.41202926693362,152.17287641358323,247.98780127389665
2023-07-13,321.2683748181472,143.69699504064323,139.74416131736945,156.4903327072109,152.79030991632655,251.25056809789288
2023-07-14,317.7186858833096,144.77893289986125,140.73159765177914,156.93310784747504,152.91060271697563,247.61101493534449
2023-07-17,324.65036759150826,144.98442864688792,139.86759733671158,155.62805643618373,155.55679597201043,249.0139869002148
2023-07-18,331.8685402575281,150.75477699663367,138.86894190146745,154.77744383989508,155.3483232211797,250.1603384191386
2023-07-19,328.95472931418504,148.9053807763091,136.92773517187248,157.72547319003905,156.44691550855717,253.33494903685275
2023-07-20,318.0750168574169,145.46248202599995,133.752237342626,151.43324070846512,154.86720169043238,242.52043825875694
2023-07-21,309.61305092238564,144.16247185994743,134.6723417985868,151.47984206744326,153.9129682146112,235.89867811348188
2023-07-24,311.7303117755809,144.72438207169478,136.36669376293997,150.0815701582037,154.56247731393515,233.7742171971978
2023-07-25,319.186100741753,147.1860340447474,137.12971353377665,150.46609804474318,155.2601184350735,236.06701895420136
2023-07-26,317.59986437950187,141.64632146106086,145.0515905903959,149.3241602798713,155.96578155984758,239.35389793204345
2023-07-27,320.73035297184293,138.6898473624858,145.19746481140683,149.44069034730458,154.9393500513048,249.88775014971378
2023-07-28,326.66979900697646,141.89791816013314,148.76572617379088,154.05500720578624,157.03227341471984,260.9267236086985
2023-07-31,326.5229880817278,140.8705311290816,148.92279358547262,155.7678782931101,157.52943895273862,255.41123500502297
2023-08-01,324.9717919112041,141.0466291675575,147.6099774167014,153.4490828591187,156.8558390065829,258.7060608749207
2023-08-02,309.3335573199248,137.3395440577851,144.05293515515177,149.39408898832647,154.42615292397684,251.97205704930664
2023-08-03,311.0525297743146,136.9872955785008,144.13149477115624,150.20974612038353,153.2955222939056,251.07425568532875
2023-08-04,312.205464253496,137.45695148382444,143.7500021591803,162.63109743711195,145.9342287594791,249.10216778628586
2023-08-07,317.3553308463789,138.43405847681092,147.58752194159018,165.71894864418226,143.4163254728046,253.77587814699703
2023-08-08,312.09369351997486,136.73144118991024,147.44164772057925,163.06222668262956,144.1781177871042,250.63332657518447
2023-08-09,297.3498651640336,135.12952808555414,145.4892305268711,160.6269011812049,142.88709675616747,244.6769335411536
2023-08-10,296.1899867444183,135.42305975123566,145.5228791926531,161.4542042080085,142.71067476599282,245.10177142887463
2023-08-11,285.4779437416635,134.61788481128872,145.37700497164218,161.27942688685053,142.75885645965633,241.8149664903995
2023-08-14,305.7279429571318,135.88854967112297,147.3630881045748,163.79632699147692,144.099822534901,245.46258994394853
2023-08-15,307.0346857169221,134.97433857775877,145.6238942837688,160.41715061582335,142.4858475588335,242.06349196555638
2023-08-16,303.86226640734606,134.64654888718405,144.4120327490649,157.38756444246968,141.7792530868881,235.92271622796082
2023-08-17,302.87003073428093,133.16730964328684,145.78099624233533,156.117450715418,139.7156485324266,228.54738340558134
2023-08-18,302.5556037699454,132.99921606110533,143.02065696428923,155.23188265489773,140.10909924944593,227.07232177706328
2023-08-21,328.1861152305519,135.26853837318006,144.04175060120218,156.93310784747504,141.19310043113924,232.40335363780707
2023-08-22,319.109183247717,135.51226162178932,144.8383844909361,156.43206767349426,142.3092020453377,230.55957596173747
2023-08-23,329.22730568367535,137.4201912475528,148.53006459921986,157.9119141859355,145.43272935262306,235.88258689105862
2023-08-24,329.55567394380495,134.46586564461157,145.6238942837688,153.62386018027667,141.62669842022407,229.8781176280699
2023-08-25,321.5548390685051,135.7307924490335,145.7360852921129,155.27848401387584,143.4172816559005,228.87609351517568
2023-08-28,327.26374628123614,136.03336351707688,147.00400778410406,155.1386621569495,144.68598760861215,232.69200844986617
2023-08-29,340.88252274958404,138.0127306226655,150.99866407196532,157.20112344657323,147.84160293044042,238.88885666805325
2023-08-30,344.23649939404106,138.17243983164178,152.46858219930306,157.38756444246968,150.67606491166916,236.57209083593776
2023-08-31,344.8724308004621,137.7395965649223,152.79392748677978,160.81332439710937,150.85274767905182,237.20539890128046
2023-09-01,338.96094747930624,138.11778419881026,152.22172743406122,160.9415003592892,152.1294632174369,237.59815306331095
2023-09-05,339.2334704338701,140.17280717199284,152.34514617996092,159.95106590607418,152.32217757412872,240.62048938293987
2023-09-06,328.86995982596613,139.8912363387119,150.8752107791808,157.72547319003905,146.8700339792702,239.834857659934
2023-09-07,323.1396866426696,138.6431044818667,151.7728770334728,160.6269011812049,142.57416410660028,239.43403320690288
2023-09-08,318.4646253306801,140.4753651394531,153.02962360823557,161.069676321469,143.07202505050697,238.80872139319385
2023-09-11,315.7112728262846,142.01767059055334,153.63554142050572,166.74435634162086,144.0195155728077,246.5608158743364
2023-09-12,313.55891836643536,139.42473767392335,151.8626816604753,164.56536498456384,141.56243546540225,241.8310083532448
2023-09-13,317.8566833457,141.22760062295893,153.3999143928195,168.78350806175953,139.88425962432436,244.55664424960298
2023-09-14,318.5275214065325,142.3370628073397,154.95961987371732,168.63202253009464,141.11280588700822,249.8957957609254
2023-09-15,306.78040395972863,138.77336357995966,154.1741619012118,163.58657642609538,140.52662839533477,240.74872556654614
2023-09-18,307.2416151418497,138.28586468040865,155.08303861961704,163.10882804160767,142.90337670472232,242.54447637323588
2023-09-19,304.1249076005234,138.11356581104138,154.89227072182607,160.37054925684524,143.78665394405036,244.5646898608146
2023-09-20,295.17304666788675,134.8020790101409,150.06731460500646,157.64389858683734,140.9120571087184,240.2357067927541
2023-09-21,286.63352225970243,134.2809509136871,146.36445857949428,150.69914039961776,139.65941999920278,237.07711335809623
2023-09-22,290.7775056658214,133.2219390749521,146.1512352065921,150.45443437000466,140.3499580459144,239.7626939569192
2023-09-25,295.0543052864686,133.44467518938202,147.1162506127754,152.9596885798845,141.38578995190647,241.16559188242252
2023-09-26,292.88093205307547,131.1753528773073,144.26616716477517,146.7956231704944,138.0776075454519,239.6665168192145
2023-09-27,296.77335786324807,131.44848693505045,146.476632314396,146.7956231704944,136.84904886480578,238.6884567814322
2023-09-28,301.1130001448212,131.8057267365085,148.462732720771,146.7956231704944,137.05783206469363,243.67481070910338
2023-09-29,303.97817679766433,132.69242660529306,146.83569536142434,148.12398415127075,137.47537362854473,240.66859029168674
2023-10-02,312.943979026095,135.234882975111,150.54983094481932,150.85062593128265,139.51491217209906,245.96756310652896
2023-10-03,304.10394224190594,131.70066005978057,148.59739647766872,145.32743144279567,138.4308861544812,241.25382212807156
2023-10-04,307.76574910728635,134.04141985168044,151.7504561052464,147.9841534043484,139.4426147956792,244.9735105654794
2023-10-05,312.2870822610565,134.20950033327884,151.5597054808978,146.77231360100933,140.44634626916604,244.34020250013666
2023-10-06,319.7923868640143,137.52946321146646,154.3761057162312,149.10277270973924,142.5179728272633,252.8699571324405
2023-10-09,316.37514023922006,138.60529619894442,155.31868292074563,149.45233624205113,143.7224158251531,255.21880669024654
2023-10-10,320.04397116742393,138.00434624946024,154.91470892349489,150.87391772077572,143.24063614240472,258.0086347177749
2023-10-11,327.0880111733343,139.69791103341592,157.70868823060184,153.61221428553014,144.3728438536861,262.8026343700367
2023-10-12,328.0593616101716,139.16842476492312,155.93577665024424,154.1948290627126,145.103516754501,259.8685036162678
2023-10-13,317.6889337692971,137.72696760278194,154.12923367754698,151.23513603783013,143.61002084851688,252.27675372421098
2023-10-16,322.11940813323713,139.7903618485866,156.08168541813993,154.45118098707226,143.50562303959182,257.4554866070806
2023-10-17,307.0460096813219,139.5466123988111,156.77739058397017,153.19273093475908,142.24495150847818,259.74021807308355
2023-10-18,294.8725609993452,138.72714472266588,154.80253518859317,149.30086849037824,141.19310043113924,254.10453889701336
2023-10-19,294.2087737087993,139.23564385697935,154.56687361402217,149.61546766846254,140.88796626188662,250.76958369021338
2023-10-20,289.21917860262147,137.28150847450522,152.15441282905476,145.8517811862615,138.8163272858271,247.43462848341338
2023-10-23,300.3163432248207,138.39516284548858,153.16428736513328,147.4714495556291,138.91267825519185,251.73162654493936
2023-10-24,305.1242207513384,138.9036488792189,155.75627103689365,149.80190866435902,139.26595686422115,250.5611381923807
2023-10-25,291.95853639629655,143.16494105785637,140.94478647779653,141.44721489316137,137.3870446628157,240.1234631124151
2023-10-26,281.8047327894937,137.79422599658756,137.20825587633874,139.326497459817,134.00657729790356,231.16077562160058
2023-10-27,283.0206434669172,138.6010647105924,137.084837130439,148.84642078537956,135.07448480047626,237.8788116237364
2023-10-30,287.63983276587766,141.75292090601536,139.65439123725176,154.63762198296874,136.73664147020725,242.632657259307
2023-10-31,284.9773390513122,142.08910807037842,139.2280049484958,155.08039712323284,137.12208260155316,241.51836478628476
2023-11-01,295.77401800496983,145.43426336993113,141.8873464088686,159.63644894799788,139.69152043170797,249.99999383005274
2023-11-02,304.0270781627963,146.3798110581498,143.05429699335005,160.88325310556453,142.58221094616056,249.21436210704684
2023-11-03,314.50233279675814,148.26250896079887,144.8608658762109,161.5008233469786,141.8434539518985,252.20459002119622
2023-11-06,319.7154960774415,149.83003303443044,146.1512352065921,162.82918432775494,143.91513018184492,253.16658351634428
2023-11-07,321.141113755966,151.51100815799512,146.95914865420883,166.2899175266182,145.9948532513516,255.58759677716506
2023-11-08,325.46676132681876,152.63307310334997,147.93535725106292,165.55581721777085,146.85397755403648,256.35721131711466
2023-11-09,328.0943216795095,151.57825345121762,146.14005928936368,163.83128245570848,146.46856125861513,256.9744775196121
2023-11-10,337.77294610093406,155.35207293147033,148.7769193644617,167.28035197983323,149.86953067925882,263.5641539391966
2023-11-13,339.76454833974054,154.09549119850422,148.2158606820868,166.15007788969987,148.58314154825416,263.9009096600026
2023-11-14,347.00430063603153,155.60420675445107,149.93265084810875,169.89047258240782,150.7057562594912,269.60875253908756
2023-11-15,341.6373557822025,155.66737776631913,151.05475093941615,166.86086862906217,151.1640287396352,266.7227720536435
2023-11-16,345.77439524788764,158.40449570091263,153.64676915806132,166.4297393835446,152.53087384828058,267.90925290946944
2023-11-17,344.5025324350456,155.74315153916132,151.82899844780846,169.168018168307,152.51480500508455,268.59066188355905
2023-11-20,352.26641869677326,158.9393008061575,152.88373211378223,170.27500046894727,153.929856643318,272.5429079726454
2023-11-21,349.01689494091875,157.09908809460927,153.69164556139896,167.67652576111922,153.27860902927424,270.1459081465145
2023-11-22,340.4354131080363,159.11195339126937,155.39719071642293,170.95083574407798,153.81731265113436,273.761373835006
2023-11-24,333.86655228750425,158.93509551897174,153.3774416442659,170.9857912083096,152.73993024333868,271.1479569391978
2023-11-27,337.1230199837926,159.43198753662924,153.0632550005752,172.13935708793602,152.59519889291383,268.3180736141342
2023-11-28,334.18097925183986,161.15426879881278,153.94969351731163,171.32369995587894,153.08562147741216,271.75722689006153
2023-11-29,336.4102512057251,159.5330454349184,151.46993540078014,170.49639692907533,152.2575048265515,266.31392666918975
2023-11-30,326.8364535773879,159.55830335919913,148.70958748601285,170.22838132997717,152.72384898218036,262.26547876260963
2023-12-01,326.80152021551316,157.70550098725994,147.95781272617415,171.32369995587894,153.76100961013682,260.3976382922721
2023-12-04,318.03135015507354,155.4441962320627,145.0515905903959,168.771844387021,152.30573619206416,256.5495902723131
2023-12-05,325.43946629942127,156.86749598598132,146.98162140276244,171.148922634721,155.5137925686195,255.16273420965504
2023-12-06,318.0103847964561,155.30099375783414,145.89318725067946,168.39898017522003,154.6293728767613,254.48934616698816
2023-12-07,325.64911988559595,156.20636195758345,153.64676915806132,171.148922634721,156.1972027049799,261.81655340083176
2023-12-08,332.00894139160704,157.5875826384784,151.46993540078014,171.77813877088158,157.35499141856718,266.7548310995451
2023-12-11,325.8658242420572,156.35374351783148,149.5623773369672,169.99533897510258,155.32084227064428,260.7664036994016
2023-12-12,333.06426009276703,157.65074054976336,148.698394295342,171.84804969934478,156.55097803250052,267.9333157037374
2023-12-13,336.0764079156381,157.6465352625776,148.75448116279287,173.43276260448079,159.1640277461982,268.3501326600358
2023-12-14,337.9074181781811,154.09245186321735,148.04756553284943,171.77813877088158,159.28464341386672,267.091562140562
2023-12-15,341.68136968156756,156.1137277342489,148.7881298285749,174.74947769051062,158.85049903444136,268.4944847458543
2023-12-18,349.9770549506723,156.9222433228948,152.37881211918537,179.52692597540369,157.49971035102973,276.2706173414759
2023-12-19,346.67136539969357,157.1791064563866,153.33258251437064,179.20064534258887,158.34395793489784,280.8721886789612
2023-12-20,336.23710672175434,156.0674171728732,155.22891284062797,177.25471412039846,156.64745318148815,280.00639700130694
2023-12-21,342.38033070115705,157.29698550341874,157.5628312830333,179.25891037630552,156.52684993178192,283.8624165931106
2023-12-22,341.26211592414467,157.73495109814328,158.76347371690278,178.7695160970713,155.65852391904434,283.3012722307827
2023-12-26,344.40002919125726,157.76864579796174,158.79712238268482,178.75787020232474,155.21630786413408,284.4556940407071
2023-12-27,345.3644891025872,157.5201801382583,157.50674441558243,178.67629559912305,155.29670175196338,286.86069011847167
2023-12-28,346.0983033616617,158.02972731922242,157.34962518357352,178.72291473809315,155.642442657886,287.25346896029106
2023-12-29,346.0983033616617,158.34976146458231,156.74370737130337,177.0449813350089,154.79819507401788,283.75819384419424
2024-01-02,336.6355019504127,156.17268035834812,155.0381622162794,174.70285855154052,149.25851726301653,277.609446534754
2024-01-03,332.44921392257385,156.05900659850172,155.87970705623576,173.0016333589632,148.1409254933439,276.1503774095032
2024-01-04,335.447447157114,154.93885433828433,153.04085134579117,168.45724520893668,146.25951728151932,278.2747642864203
2024-01-05,343.1280595485624,154.8588490770901,152.3002525031809,169.23794687676218,145.6725822941465,282.14687510064726
2024-01-08,365.1846584052026,157.78127476010212,155.7899369761181,173.73573366781054,149.19416738245872,287.5260572297159
2024-01-09,371.3837543976342,158.2444851785243,158.15753863119025,176.38079195462475,148.85651056998324,286.54000094029993
2024-01-10,379.84013847285524,161.1837451108624,159.6499295070816,179.1307344141257,149.7007208999645,296.99371788311083
2024-01-11,383.13883066847376,161.96697657406128,159.4254956700662,180.8203137119565,149.2183203191019,296.3524135661345
2024-01-12,382.3560616293409,163.58399465076988,160.0650794215608,180.16778800631084,149.48363008330838,300.2164540893608
2024-01-16,394.0413245913574,164.34196818968806,159.88553926132542,178.46656281373353,147.64240639743613,294.58070087392366
2024-01-17,391.7420256689435,164.00511289558523,158.741035515234,176.77698351590274,146.87860237324642,295.3102354365491
2024-01-18,399.10818438859303,165.85794146869065,160.9964288885196,178.86273659501953,151.66254783554297,301.53117112879306
2024-01-19,415.7694483580151,167.87919113855597,164.2504690603282,181.00675470785293,154.01830978866988,307.39938327675287
2024-01-22,416.9086017861818,166.96963075220404,163.8128118504106,180.3542290022073,155.89167116093418,306.06057876326366
2024-01-23,418.4391797951097,167.97605685024251,164.99101608261125,181.79912005041695,156.92884420685294,308.8023058820452
2024-01-24,428.845449051608,169.51728805352585,166.85369774308657,182.78955450363196,156.38211858135708,313.2114735845431
2024-01-25,430.62755794901904,170.48999325057957,170.41067954758782,183.81496220107053,156.11682123511287,315.19960334643133
2024-01-26,426.53215541847356,170.09417223179437,170.76975986805854,185.4113210009531,154.7097667645906,315.9692425661699
2024-01-29,436.5540775719604,172.53232175870613,172.2508884595095,187.9049115360944,154.15499429953442,321.48470649005645
2024-01-30,438.7135629244859,172.05650857930988,169.9506186828862,185.27149914402673,151.1881568403538,320.71509195010685
2024-01-31,429.9985704830318,167.42021220848582,157.20376823600498,180.84362328144155,148.26151632508783,312.7625482227652
2024-02-01,440.4817572335662,170.03101432050946,158.39314838543405,185.59776199684956,150.23942452182465,316.482261339962
2024-02-02,462.3776038691636,173.16399257563754,159.76212051542572,200.198086890643,149.4273518782354,380.78399545299567
2024-02-05,484.54602687425125,170.81845107089407,161.22081090520783,198.45024255909559,150.89870655746643,368.29404783954976
2024-02-06,476.79546763666394,170.75108787242337,161.69213405434985,197.09857200883417,152.2012390394408,364.5341807056618
2024-02-07,489.9063749846682,174.3556871203451,163.30789185581375,198.70659448345523,152.2896797668304,376.4550123849351
2024-02-08,486.70553893424,174.38097124579207,163.72305904373533,197.9025832461447,151.41329449657022,376.7836731349514
2024-02-09,504.1216893512069,177.092844356688,167.19032258844607,203.2742922029668,152.03317433788357,375.26850684932015
2024-02-12,504.92531691910455,174.86523430130921,165.54084702743057,200.81565713205705,150.66459071451837,375.9018395944518
2024-02-13,504.08664915947946,171.1006245309991,162.8590760021101,196.50431133690515,148.9659252356712,368.86316377372236
2024-02-14,516.4707930186959,172.75438974339625,163.75672498295975,199.23094422692108,148.2494460657474,379.41315657339396
2024-02-15,507.79065381672683,171.518258020701,160.1997259050161,197.85598188716656,148.01597595683816,388.0310427321909
2024-02-16,507.4760933150753,170.46355627381686,157.6750395648198,197.51805535960523,146.76811976280203,379.4452649788735
2024-02-20,485.3846946338764,169.9277948260033,158.34827198209643,194.68655607689456,146.16437085449613,378.18657106045475
2024-02-21,471.5469703821578,169.6704207697693,159.9528711397743,196.44604630318852,146.77624111013603,375.60249843375885
2024-02-22,548.884839889092,173.66561390380608,161.68088904335184,203.42577773463168,148.4265510438477,390.12810908269296
2024-02-23,550.8345915330532,173.1129658043339,161.5350148223409,203.90352611911936,146.93723999115343,388.44280033174573
2024-02-26,552.756567415279,171.9316993238003,154.36489525211798,203.6005550557896,145.842360674499,386.6049951646124
2024-02-27,550.0239131948689,171.9064151983533,155.83481337945574,202.21392904129664,147.02576764427903,390.8664296501998
2024-02-28,542.7694717938141,172.00765650480633,153.02962360823557,201.77115390103245,146.05166542880278,388.4347547205341
2024-02-29,552.8962474478515,174.50515167331127,155.3635420506409,205.9659696287511,145.5122912369793,393.33815987740064
2024-03-01,575.0297370910645,175.28985040182107,153.88241345918993,207.66721260132041,144.63477593215123,403.1048161744427
2024-03-04,595.7024887416358,175.04517081064313,149.62972648885847,206.92146639772653,140.96377792163298,399.8064364149299
2024-03-05,600.8115730382017,169.86871119607275,148.86670671802176,202.88976431642732,136.95462638014786,393.41037293999347
2024-03-06,619.933742789903,169.63246838043256,147.44164772057925,202.17897357706502,136.14958230321162,398.12115234377166
2024-03-07,647.6735028647427,172.60670686973617,150.7854579725055,206.03589833720628,136.05298297460118,411.0416635559849
2024-03-08,611.7425104094007,171.37480663539296,151.94120672959497,204.32300946989042,137.44568228072268,406.03398629062394
2024-03-11,599.4836779675513,170.65764141293457,154.47710353390448,200.37288199179292,139.0719137855649,388.0897065906266
2024-03-12,642.3898051737298,175.1970327703227,155.40845300086332,204.3696108288686,139.45832351796898,401.05839275095366
2024-03-13,635.2259020729465,175.12108868989978,156.85593292653226,205.7329272738765,137.76772971460667,397.7038911512715
2024-03-14,614.6499382690372,179.3904770289135,160.57003396304245,208.28478284273447,139.27317170030838,394.7024092533414
2024-03-15,613.9021292992422,175.67796827772398,158.41560386054527,203.2393367387352,138.9672303635073,388.4989962112822
2024-03-18,618.2213670789253,176.0576493780891,165.7091421766679,203.30924766719835,139.85280492585795,398.8353854372216
2024-03-19,624.8122348491398,177.78312718255717,164.97980561849806,204.96387150079758,141.75270348352402,398.2415156746893
2024-03-20,631.6195399011838,179.39473471843178,166.8985568729818,207.5856379981187,143.8377911127376,405.68883944156056
2024-03-21,639.0489151862441,181.14127826057793,165.61940664343504,207.5856379981187,137.96094078978984,407.4865646313697
2024-03-22,658.995864816703,180.8755067305556,169.17637117449388,208.42460469966082,138.69352605679651,408.94711454396
2024-03-25,663.9790501317112,178.3948589119599,168.39094774887317,209.40341103812128,137.54231886322,403.6825947145517
2024-03-26,646.918643124661,177.8843684890102,169.06418016614978,207.76043309926862,136.6245817785527,397.96068435574085
2024-03-27,630.7668774308381,177.7915639580949,169.2885967297228,209.54323289504765,139.5227354883382,396.3315468045411
2024-03-28,631.507689045273,177.49204532592157,169.35591133472926,210.18411270594677,138.04949327884,389.6867110565578
2024-04-01,631.5566171178682,179.11628182393656,174.47261589357072,210.871593875824,136.88217998818058,394.31720710674267
2024-04-02,625.1895044744015,177.7957954464469,173.4290754182678,210.54533102300118,135.92418386978724,399.14837452122754
2024-04-03,621.7789080079458,177.37813575557874,173.83303214207612,212.54952727890824,136.57626348730406,406.6679360304805
2024-04-04,600.3991029764333,176.29393149547872,168.90706093414084,209.74131978569065,135.9080529367798,410.0225116695297
2024-04-05,615.0973416926803,179.51704176256294,171.11761245097367,215.64904216071707,136.51992319241967,423.19989012557943
2024-04-08,608.9817599376969,179.12470549889116,173.75447252607168,215.78886401764345,135.61019569342585,416.7074767544152
2024-04-09,596.5481004416947,179.8376654341638,175.71811745733547,216.34816922534088,136.59235716642465,414.82159535832403
2024-04-10,608.3248097577319,178.56360752329806,175.20198699862536,216.67443207816368,135.07083391956462,417.1729869343963
2024-04-11,633.3248648418748,180.5337780195272,178.87119435835552,220.2866508086918,140.91545963038433,419.8453144865302
2024-04-12,616.3413753288606,177.9898674849815,176.98607449621142,216.88418264354522,142.1310912122924,410.80898250536137
2024-04-15,601.0702615268243,174.50515167331127,173.76571753706966,213.95944508289432,139.02359549431625,401.4435948975524
2024-04-16,610.9527707223708,174.90171942533505,173.2495698049172,213.6098904405784,136.35891189344,401.06646304195425
2024-04-17,587.3295921963997,173.745789472581,174.4501776919019,211.2328121928784,135.24793889766494,396.58034375737697
2024-04-18,591.774675542714,170.55216861812954,175.05611277761446,208.83244215568536,134.4750821789699,402.70352280542073
2024-04-19,532.5699450100009,168.37950240841118,172.9016999485597,203.48404276834833,132.83280666685624,386.0673706411945
2024-04-22,555.7597682379758,169.15575126080012,175.35903713686474,206.513628941702,133.50902680305396,386.5970235927677
2024-04-23,576.0631556723948,171.94436758769007,177.58078184436837,209.20530636748632,134.36237675327658,398.1291732751943
2024-04-24,556.8711191969439,172.5729597675852,178.55702498810723,205.7678827381081,136.06907665372177,396.04259583501414
2024-04-25,577.5238402501101,168.34574220567706,175.04485049317407,202.36541457296147,136.7694497265627,354.2153881692742
2024-04-26,613.1893605211748,171.41702981483112,192.94208871156357,209.29852686543455,136.294512341033,355.74817582424635
2024-04-29,613.343088679394,169.69998878590084,186.43400836794643,210.85994798107745,139.67569994775764,347.18532559490325
2024-04-30,603.8728358859103,164.2493208657704,182.6526099998722,203.91517201386588,137.12370935461243,345.2192102047966
2024-05-01,580.3823400371514,166.61605911402327,183.8644456244125,208.5760902313257,136.294512341033,352.4579157153122
2024-05-02,599.7841369286297,167.83949637166248,186.9613838376545,215.24120470469254,139.29731221898928,354.45611483110946
2024-05-03,620.5557596079932,171.56045499897292,187.65712355036953,216.97740314149345,147.6295538064718,362.7060006562356
2024-05-06,643.9762819031498,174.46295469503937,188.62206986278323,219.8788133526673,146.28516037363661,373.71659235787865
2024-05-07,632.891562958805,172.69108772569686,192.15663073905804,219.94872428113047,146.84061582661843,375.7710613925793
2024-05-08,631.8991136260343,173.1973204591283,190.05833932433893,219.06315622061024,147.11432013332916,379.270038477025
2024-05-09,620.2622980022751,173.9482851860702,190.7091680868315,220.81100055215765,148.587587178752,381.5331010882923
2024-05-10,628.1668524727138,174.96923983080336,189.2391981391666,218.4572318739427,147.56378827821354,382.1591039360932
2024-05-13,631.808361666057,174.53892497662855,189.78904635742828,217.39688649226449,150.1675990279716,375.58645657091364
2024-05-14,638.4968719217562,175.73702570648823,191.13552846542393,217.97950126944698,151.09464958435217,378.6680984234921
2024-05-15,661.3791854183661,178.80962337395562,193.57047927238733,216.7210512171338,152.94071627551534,386.44455185637054
2024-05-16,659.4851455426545,177.9263034556194,195.44433685009105,213.97110875763286,153.03745220171092,379.77560395454134
2024-05-17,646.3455543791661,177.59664038165667,197.55387327580814,215.2178951352075,153.06165481020324,378.71627337160595
2024-05-20,662.4275601790923,179.76476068902778,198.51883686166425,213.86622458494608,154.0048362995913,376.2525393960387
2024-05-21,666.6629365243055,181.32856419704956,199.562411883852,213.41178576994344,155.06088464818237,372.8739750020885
2024-05-22,663.6156149723909,181.95403843815896,197.9129363228365,213.38849398045036,153.89196944038827,375.4018764290369
2024-05-23,725.4623545953896,180.4663362175577,194.7374212201476,210.96481437377227,150.65127865894948,373.79677699231604
2024-05-24,744.1231796276539,181.8018882656505,196.35324811538106,210.61524195146438,153.15031906091397,383.7801711962923
2024-05-28,796.0662043293198,181.86951347578383,197.93533997762054,212.2465562155785,153.15836590047425,385.14444525202197
2024-05-29,802.5242291775431,181.38348184154373,197.37431584213041,212.0950884639056,153.40021813392548,380.68243812129055
2024-05-30,772.2962950004897,175.25525176176643,193.12161159835654,208.94897222311863,154.20636740950505,374.81607695750523
2024-05-31,766.236692088388,175.44965131487933,193.55923426138932,205.59310541695015,154.98022998314508,374.63944370768417
2024-06-03,803.7472707476427,174.76920702694318,194.31106084155522,207.8070344582468,156.4151751969582,383.1942976853937
2024-06-04,813.7906122866216,175.84695269955856,195.00671418705826,208.9722640126117,156.6731459454546,382.79307835573866
2024-06-05,855.7462208772641,179.2026670691166,196.82451944419591,211.2328121928784,157.8984511199822,397.2945521710379
2024-06-06,845.6679459764106,179.41819786282326,198.30564803564684,215.56746755751539,156.77794112917275,396.2512881307367
2024-06-07,844.8991983554613,179.13505495956636,195.75854076722413,214.7518104254583,158.72073132856923,395.60929277966864
2024-06-10,851.203334800686,180.8340564855223,196.60101837306973,217.96783759470847,155.68159649296877,403.34556751606686
2024-06-11,845.1222590881658,182.8669263726267,198.40972052606614,218.16592448535147,166.99170269014044,407.2538095413792
2024-06-12,875.1080099888583,186.40862972092614,199.72402221088316,217.76975070406544,171.76408702955015,408.3532447814278
2024-06-13,905.9325354790287,186.62843130473422,196.769572623943,214.20415111250742,172.70728093690047,404.5493242241878
2024-06-14,921.7991188807275,187.04683772884098,198.60064388483863,214.00606422186442,171.29652591361744,404.9991874179474
2024-06-17,915.5083361671064,189.49812714063526,199.10615117647689,214.47214893161362,174.66616481541755,406.98336841359674
2024-06-18,947.6609169727064,188.64016995124487,196.69090936728418,213.01561198865744,172.74755238858884,401.247711412317
2024-06-20,914.110467542854,188.3696822112946,198.0501910960932,216.8492271793136,169.03125365165704,403.0230520335097
2024-06-21,884.6839175067888,190.09403336561317,201.79103142142813,220.32160627292342,167.26581678960656,397.464127001207
2024-06-24,825.5511902948818,189.2022766717392,201.3304350800123,216.23165693789957,167.78980512615965,400.781781675923
2024-06-25,881.3287657339508,190.58854107714043,206.73384423569684,217.12887089316632,168.53951476315657,410.1725647866056
2024-06-26,883.4956490537846,191.0999223397432,206.56534180515075,225.60009473179727,171.90917850088124,412.1968751191571
2024-06-27,866.6505042001825,191.39154132028725,208.28410114360554,230.54067444310178,172.59440165973515,417.37032652718227
2024-06-28,863.5051662582985,188.8979894273054,204.62190680148703,225.18061138102618,169.78901012821422,405.0474117256392
2024-07-01,868.8172272752372,193.03138061281385,205.56553768598747,229.78326456476935,174.73065129356053,405.41689284664955
2024-07-02,857.4240905457783,194.10911318484608,208.09312596450584,233.0459108729896,177.56829227313406,409.2889049417205
2024-07-03,896.6363085158015,194.7388189143075,208.74468021157892,230.237703379772,178.60013801323282,409.6584354223088
2024-07-05,879.5115365224225,197.60852785079172,214.11440615459662,233.0459108729896,182.4615282214957,433.7177251601934
2024-07-08,896.0768939914684,197.05066571923248,212.3506840455922,232.21859006619403,183.6546212018576,425.21060189439595
2024-07-09,918.3045007350227,194.21897467500074,212.29454535781417,232.27685509991068,184.34787878230952,425.75681498438325
2024-07-10,942.9779235441445,197.05488410700136,214.76594312822735,232.80120484337647,187.81430328215436,429.524431572015
2024-07-11,890.4853126646057,192.17343652400655,208.463865858592,227.27802813488148,183.45309009194384,411.8595024036264
2024-07-12,903.346398401772,191.68740488976647,207.90215078540615,226.62550242923584,185.84732289222785,400.7496239108655
2024-07-15,897.7544965853507,191.86068630286871,209.5422641406445,224.56304113961215,188.95901588145614,398.5726444036049
2024-07-16,883.2160753289342,189.98415877487537,206.61027002881553,224.91261356192004,189.29760404110297,393.4555863134281
2024-07-17,824.7124157054038,187.4483181995397,203.35251606689243,218.98158161740855,184.50912602257264,371.12341288904446
2024-07-18,846.3803942649195,186.1170238409652,199.61165846811514,214.1109306145592,180.720269132013,382.2573294962843
2024-07-19,824.2930551181281,184.73922241226802,199.5780098023331,213.38849398045036,180.82506431573114,383.01248167988416
2024-07-22,863.5051662582985,187.2031931885352,204.08269902373956,212.71265870531968,180.54294063059157,391.5356468085269
2024-07-23,856.8649965110037,188.01043802061716,204.21748369473406,217.21044549636807,181.38936135785949,392.5719264685431
2024-07-24,798.571097303501,181.26936266187082,193.92740041255888,210.70846244941256,176.17366818285848,370.5450420339996
2024-07-25,784.8013168381809,176.83168423192853,187.91741705379332,209.5665424645327,175.3272102017037,364.230989497886
2024-07-26,790.2532181324713,179.73517957231314,187.60286766781235,212.654393671603,175.70609464896344,374.1037195280188
2024-07-29,779.9784297173409,180.35224323905106,190.44497078542688,213.4700508036601,175.93181594940722,374.11171577965246
2024-07-30,725.039522037897,178.74198506323913,191.29872794915528,211.7338701468512,176.38324613233252,372.0873807673119
2024-07-31,817.9324056807575,176.81055299133476,192.70297244851392,217.8746170967602,179.02737800562807,381.4379358219363
2024-08-01,763.34299186484,176.28645106250968,191.8267079893471,214.48381260635213,176.02855187560283,399.8418765919235
2024-08-02,749.7829718155473,172.64332299959335,187.220917309613,195.642035065878,177.23776337100986,392.13008420620605
2024-08-05,702.1134083016276,167.00534294182503,178.89668995932794,187.62526782224168,168.70074958545737,382.1609549202676
2024-08-06,728.6741941206591,168.89032034593924,177.81827440383304,188.68561320391987,167.05621400420796,396.90979426064104
2024-08-07,691.3492857456193,168.39156804547684,178.54850918100738,189.66441954238033,169.14412051086006,392.75667936894274
2024-08-08,733.7066814127473,170.19202048721593,182.019676523699,193.19506366970677,171.95753404601675,409.3933251289488
2024-08-09,732.1690793409961,171.5994030326278,183.86202734247743,194.52342465048312,174.31954223417273,415.93233394173126
2024-08-12,762.0149899643368,171.93329759494253,182.31175316112632,194.36029322407174,175.5624188253328,414.4703032418014
2024-08-13,811.7815700743408,174.97630104511214,184.41248013122288,198.35702206114735,178.5808653357674,424.5840314114482
2024-08-14,825.341536708707,176.18079485954078,180.1549220501365,198.20555430947445,178.94405347869966,423.1541831563648
2024-08-15,858.7522526910608,178.263918583544,181.1996543929646,206.93311229247306,181.36529534695228,431.6452151997391
2024-08-16,870.77440359397,177.18002873743916,183.06444341341185,206.315542051059,182.43869158885468,423.68430502392886
2024-08-19,908.65861966349,178.47563710755892,187.23211050028382,207.66721260132041,182.30955719905907,425.17846880912737
2024-08-20,889.4369379038794,179.8601460348203,187.80505331102526,208.43626837439933,182.8099514072718,423.129996963152
2024-08-21,898.1740174174057,179.58069749600693,186.31096963777938,209.86949574787047,182.72116297693825,429.90188426487
2024-08-22,864.9030882974774,175.94368740541378,184.00807429791232,205.23188709989574,181.21194593070206,427.3072486884852
2024-08-23,904.2549863000729,176.46873257622445,186.05261075990364,206.2922324815739,183.0762794443856,424.1502100805339
2024-08-26,883.9150096410604,175.07148988215764,186.65921950986953,204.49778679104838,183.350666739022,418.6234674930776
2024-08-27,896.776255623006,175.21969677914305,184.99661613263515,201.72453476206238,184.03667222949986,417.00072200722695
2024-08-28,877.9738276208184,173.84788231693767,182.94085193308823,199.0212114415315,182.79378322037746,415.13700306165117
2024-08-29,821.9165182121196,174.91483310905136,181.73886217071205,200.5593052076974,185.4571505172516,416.29374477174093
2024-08-30,834.3581899470838,176.61690017146043,183.53626749238327,207.9934754541432,184.8195378257961,418.77608730820873
2024-09-03,754.8855394910906,173.3567283546925,176.77355933444736,205.37170895682212,179.7914676429503,411.10437489981547
2024-09-04,742.3739476174505,173.12809697785266,175.7512824667305,201.96924079167547,178.24192947317664,411.89166016868387
2024-09-05,749.3636646431979,172.91216006606888,176.63875739001048,207.28268471478094,179.47672197088957,415.20126923218834
2024-09-06,718.7489529839814,170.07961748393345,169.53904437098242,199.70869261140876,178.21768961079746,401.8742818952647
2024-09-09,744.1912302439052,171.7816714457594,167.27808894924613,204.38125672361508,178.290322272199,405.50524649124355
2024-09-10,755.584473803217,175.37213516448045,167.22182934737134,209.2169700422248,177.6446875771078,405.50524649124355
2024-09-11,817.1636580598083,179.1149586650401,170.03398031587597,215.00816234981795,179.7027164665036,411.1606201389299
2024-09-12,832.8218164186401,180.7916367973371,174.00474743290738,217.8979266662453,179.7914676429503,422.22222496442095
2024-09-13,832.5421892788631,182.3116319553616,177.1206173390124,217.30366599431625,179.573582076708,421.4349890551306
2024-09-16,816.3247766404776,182.62916388934306,177.79552528020116,215.43929159533553,174.58587027128652,428.8004746417019
2024-09-17,808.0063633201837,184.24233039461052,179.21284577545146,217.75810480931895,174.9652017651885,431.24481030312086
2024-09-18,792.4879384088508,182.40479020202147,179.76404132221984,217.23373728586114,178.11277024745647,432.5555045369473
2024-09-19,823.9442022337187,185.74118121145807,182.38497528343126,221.24212979767526,184.71463088041736,449.56180417648665
2024-09-20,810.8723946118495,184.2931344560009,184.0160200814132,223.25798972832084,184.1738782947803,451.3709314288104
2024-09-23,812.6897840681569,183.54797328738698,182.0587490503925,225.91471168987357,182.77763986940775,453.8313583126527
2024-09-24,844.9150625886062,181.71040689363164,182.55366772184368,226.0079321878218,183.50400373730992,452.96307397631017
2024-09-25,863.3693321004279,182.9551981017779,181.65382501381012,224.3416446794841,182.69693553252134,456.9673203808042
2024-09-26,867.0741379815714,182.61646942428703,183.04863821362204,222.7452858796015,183.62506645162065,456.5894728113253
2024-09-27,848.6198684697499,181.22349752032164,184.42094411799556,219.02820075637862,183.84297685378758,456.2034809114789
2024-09-30,848.8994421946004,182.18884018965454,186.55820441875383,217.1172249984198,188.04784789883732,460.2881834280893
2024-10-01,817.8625389570082,178.11998247666,187.8405156882586,215.71895308918027,182.5678259786503,463.5286890824141
2024-10-02,830.7946131313786,176.61268178369156,186.56946670319422,215.2878060636707,183.02786180943866,460.58567360460785
2024-10-03,858.755778076204,176.36286676392538,186.56946670319422,212.02517753544242,182.1320051743165,468.5943144923299
2024-10-04,873.225614567105,176.1596243171976,187.91926531212937,217.32695778380932,183.0439927424461,479.18411579164683
2024-10-07,892.7983392231079,173.39908253996202,183.32981530889924,210.673506985181,178.91985087020734,470.2105938734645
2024-10-08,928.9381306258018,175.588045875098,184.90466959877594,212.91074559596268,182.21270951120292,476.73168515943826
2024-10-09,927.2604746169932,176.75238640222352,182.07001133483288,215.76555444815838,185.25537104809214,474.81791560178516
2024-10-10,942.3593786962713,176.06647917112085,182.31745339711608,217.49008921022076,184.85182452773557,469.44670504456127
2024-10-11,942.2895119725217,176.2697085172655,183.62232378238642,220.01865298958566,183.64929389603756,474.3677068909796
2024-10-14,965.1477887522453,177.46373496577078,185.5570702445263,218.52714280240585,186.67579966399478,474.7455544604585
2024-10-15,919.9208364083082,177.29434442585907,186.11952807573508,218.70193790355583,188.7338409713529,471.4086495503281
2024-10-16,948.7205622829059,176.1850263478928,185.78205683169827,217.76975070406544,187.06320283338164,463.7859018432964
2024-10-17,957.1788158805514,176.4390859565941,183.27359025390925,218.51549690765935,187.36182999039718,463.89858975983725
2024-10-18,964.6585080262937,177.04877399502809,183.82476852723522,220.21673988022866,189.6619718904522,463.5286890824141
2024-10-21,1004.5730254488072,177.31128347985026,184.55593607029877,220.3099603781769,190.85644326462764,462.475306328626
2024-10-22,1003.73409061455,181.00757370912095,185.75956680970228,221.04404290703226,190.35604905641492,467.9832922764477
2024-10-23,975.5633789134029,179.7754769660307,183.10488054205445,215.22955880994604,186.23997885966102,453.252518541617
2024-10-24,981.5051484978355,179.83049941518996,183.03737592918165,217.17549003213645,186.08666669729763,456.5411497844775
2024-10-25,989.404147815927,181.27854617064713,185.9057864995611,218.86506932996724,186.76458809432833,460.93953241918575
2024-10-28,982.2738961187847,180.61802786965652,187.53684857098537,219.51759503561289,188.37066524638294,464.8875089047763
2024-10-29,987.3769445286657,182.88746808697948,190.86639095949482,222.36075799306207,188.5885756485498,477.04531591795796
2024-10-30,974.025456352093,183.13303851781052,196.2432681076633,224.5746870343587,185.70733520339567,475.8552071331501
2024-10-31,928.0293290677953,172.04843862009986,192.4749630089231,217.19878182162952,182.3257005500288,456.3803362794009
2024-11-01,946.4836519945434,173.75047948134267,192.67740775377192,230.63387716105802,179.90447109973846,456.0426674064022
2024-11-04,951.0275529547234,172.94179358511605,190.37148956148602,228.12864073117018,179.17810723183626,450.83227035425494
2024-11-05,978.0098893730136,174.21198682395752,190.93391284581,232.46329609580712,180.34029190407225,460.28013781687764
2024-11-06,1017.8544332419248,177.90404556487618,198.54922084683398,241.30738414623903,179.75113410145053,459.97460202914755
2024-11-07,1040.7128168515012,180.12690010857764,203.31862557291691,244.75647145035575,183.59280458560576,475.7748003806117
2024-11-08,1031.9746690394468,178.9032532416083,200.61899380816186,242.5774800932987,183.3746458241932,473.8771714049599
2024-11-11,1015.4078159524612,176.98526236799853,202.8686869454577,241.01607675764777,181.16891769138655,468.91599086206134
2024-11-12,1036.5883298935235,179.11074027727122,204.29725245170602,243.42811046957937,181.16891769138655,470.2427763183111
2024-11-13,1022.4679872661486,180.02953657473202,201.21515212547982,249.47565470153216,181.88800463339007,466.36706225489115
2024-11-14,1025.8932728373682,180.74505112371563,197.50307208172964,246.42274117870144,184.39268279023167,464.0834907389709
2024-11-15,992.4796724489883,175.71083764080507,194.027292729919,236.0871607210818,181.7910451838734,445.5253259675681
2024-11-18,979.6875453818222,176.03261416372163,197.18812540657365,235.02679755941162,184.23107542906232,445.78263744760636
2024-11-19,1027.6407955699262,176.89213032250493,200.36023764111107,238.4176198298117,184.44115009702776,451.16199233519797
2024-11-20,1019.8117698054368,175.91831157588487,197.9530452560736,236.4017776791581,185.0228695402411,454.7240262805201
2024-11-21,1025.264151834065,175.15889697282205,188.56045549376654,231.15824468451584,184.63506899606114,452.77002866680886
2024-11-22,992.2699654478871,176.91103446396605,185.33208365735433,229.69004406682112,185.72581313127486,449.5939372617552
2024-11-25,950.8177391237695,177.6704228658626,188.58294551576253,234.73549017082038,188.14970002549407,454.3943536591551
2024-11-26,957.108949156802,181.57350579989014,190.23648033574045,242.2046158814978,189.91913547140012,461.1727070655891
2024-11-27,946.064344822194,179.45225937896947,190.36026182393041,239.73433491584154,189.81409192843628,457.68303426159366
2024-11-29,966.4061375887046,179.6516764554224,190.04529787533204,242.23957134572936,191.75319399303427,461.7998205038947
2024-12-02,969.0624618792693,182.84202216409057,192.9024116143863,245.5255272234347,193.57916842122125,476.6834608517464
2024-12-03,980.4565066624772,182.9353507183312,192.7336673556467,248.70659892845325,196.05152262223652,493.4244527596138
2024-12-04,1014.5689879480569,185.57418807825974,196.14199391491172,254.20648384745513,196.3424009707866,493.52894698620906
2024-12-05,1014.0797072221053,187.78023457380135,194.1960197152162,256.9913817711877,196.36665325112807,489.62914544873223
2024-12-06,995.763942614475,188.18328711447606,196.52447974982528,264.5420643050748,196.20504588995874,501.5617247075661
2024-12-09,970.3873657140404,189.22267427967753,197.4929671179296,263.44674567917303,199.36417549511347,493.3600878699207
2024-12-10,944.2420411926564,188.081456281782,208.52922856460805,262.2232510910914,200.18829356211856,497.9835995398207
2024-12-11,973.8828384985678,190.48270146600765,220.049750968781,268.3057507872758,199.15411324511035,508.7259712946906
2024-12-12,960.1108680212647,190.72453823064572,216.17578422292135,266.8026124853415,200.34180441187846,507.2062886076736
2024-12-13,938.5095512899138,189.7529858849077,213.765828087101,265.04312225904755,200.47917191066867,498.8117051796831
2024-12-16,922.7801374192458,191.58574436465315,221.46871244105867,271.4169115638312,202.83032679978805,502.3445182548378
2024-12-17,911.525078274567,192.80332566163185,220.0722755376618,269.342804379461,204.8017404022501,498.48183512000605
2024-12-18,901.1789275177475,185.56142811028803,212.166670063777,256.9564263069561,200.4145364169783,480.57659884619517
2024-12-19,913.5523883916812,185.40871461270484,212.2905724660637,260.18409937095277,201.82036150923443,479.27281495328674
2024-12-20,941.6553699661357,185.22628899257563,215.55642767246928,262.08342923416507,205.6177992117326,470.9681153168076
2024-12-23,976.3993225117808,184.65357079974342,219.18262416064027,262.2465606605765,206.24799837970426,482.7170769455355
2024-12-24,980.2443425747609,186.38445914504547,220.84932134372178,266.8958329832897,208.61533387368024,489.0744918709094
2024-12-26,978.2171392874997,185.86690750778698,220.2749966575889,264.56537387455984,209.27780732562914,485.533682544121
2024-12-27,957.8039841793,182.65110736609108,217.07668061094094,260.7201127891571,206.50656519039035,482.68499321984496
2024-12-30,961.1596166864759,180.2328838261249,215.36495156354016,257.86530393696137,203.76756008524185,475.7883742645578
2024-12-31,938.789231844617,178.82014314221155,213.1802238430853,255.63971122092627,202.3293986191971,471.17730120831015
2025-01-02,966.8918929295129,177.58135200114026,213.32663354081043,256.6068538846482,197.02111711740352,482.22629466162596
2025-01-03,1009.9550066044218,179.60501217830208,215.98434266087705,261.23281663787645,196.62519522588957,486.563718217522
2025-01-06,1044.629412915876,181.5141339571307,221.70520314086457,265.21789958020554,197.95024147348562,507.140640368953
2025-01-07,979.68519512506,179.18922587082196,220.1511115287446,258.8091370311983,195.6960584518452,497.23446922473505
2025-01-08,979.4754881239589,180.1183454277917,218.41682336557824,258.83244660068334,196.0919430894723,491.4645813561223
2025-01-10,950.1142645428981,177.73833628882488,216.2658824984445,255.11536147746043,191.36538103089205,495.6008152721496
2025-01-13,931.3790859330655,176.99164235198438,215.10593629485354,254.55605626976302,189.38587091702058,489.5412853999181
2025-01-14,921.1024814104371,176.34681854958728,213.5856315360547,253.74038135771397,188.4809491694308,478.2106461946172
2025-01-15,952.4212552147156,180.86079477569706,220.21868523538694,260.25402807940793,192.18947426197258,496.61475972312735
2025-01-16,933.7559433286326,180.12682150507885,217.2456494244316,257.1195577333675,184.42500674605802,491.9312268063971
2025-01-17,962.6976460776385,182.01473343981488,220.72543621487748,263.27196835801504,185.81468848734443,493.11422781197507
2025-01-21,984.5087766399434,181.78986193033424,223.0340490641767,268.83011831073367,179.88425465713945,496.0837493831595
2025-01-22,1028.131251424259,189.29906377992697,223.3944076193845,273.84059117050936,180.84572780497243,501.748994946443
2025-01-23,1029.1796795999114,189.51540680978792,222.95521307309394,274.318339554997,180.7083851421068,512.1702826465174
2025-01-24,997.0222914509344,188.39115406704983,225.4665470423203,273.6541679546048,179.99739471151273,521.054414368968
2025-01-27,827.8458421186978,184.36083826963306,216.00684995631548,274.318339554997,185.71772903782772,531.025098481613
2025-01-28,901.7381817973014,189.72329996352798,219.93714539781948,277.49941126001556,192.50459247290183,542.6534253017444
2025-01-29,864.7570518886617,187.65722009818103,220.06101325322143,276.24097898769435,193.39335845155958,544.391622840503
2025-01-30,871.3982365195582,176.05830440724577,226.2097887216167,273.4094619249917,191.9632562430374,552.8493371687371
2025-01-31,839.3806352330064,176.08800342920864,229.7571837655897,276.9517519470647,190.6785932087903,554.603625929919
2025-02-03,815.5421411386607,174.3316213491295,226.6151964145861,276.64879866372695,184.22300375357744,561.266823440913
2025-02-04,829.4537382336097,174.94677233073,232.41487561221396,282.0554630847806,188.09313620728858,566.6826056970579
2025-02-05,872.6565853560174,175.33709110459924,215.46632939694615,275.1922617207708,187.82649772111765,567.2299046977608
2025-02-06,899.5709245729827,176.41042188069875,215.770376529952,278.29177660257955,188.43248186263472,572.9595151507374
2025-02-07,907.6801650414395,173.83526645538046,208.72068740009473,267.01234527073103,183.91596963609533,574.9954990234825
2025-02-10,933.7559433286326,174.88314279845224,209.9932219012049,271.6616175934443,184.1343643387913,577.3131286482127
2025-02-11,928.3731075341955,174.55223516909183,208.69814555777154,271.2188246731882,188.15435676135073,579.2444208560505
2025-02-12,916.7682874513582,173.53403164681666,206.77243310600332,266.7559933463714,191.59195917073345,583.7348591037016
2025-02-13,945.7798569241135,174.17039247250975,209.62161833499908,268.4339267494556,195.36117084495913,586.2939557839368
2025-02-14,970.6670462687438,173.27524272760428,208.59680227125043,266.46468595778015,197.8443659270487,592.820328544755
2025-02-18,974.511959501871,173.7885759770939,206.95262965704964,264.0992713848187,197.73921062242428,576.4842826146805
2025-02-19,973.323584219014,175.96496275242203,208.641851409012,264.0759795953256,198.06274821178238,566.3447393857472
2025-02-20,979.4754881239589,176.89592949161351,207.8422637606288,259.70636876645705,198.83924339342676,559.1584784268412
2025-02-21,939.7679001263731,173.529145129308,202.32414167401075,252.36541901795948,198.61275217932132,550.0730089857877
2025-02-24,910.7564374834706,171.73948756807061,201.86242255883937,247.85598633216455,199.8664696515557,537.664109799394
2025-02-25,885.2399668907578,169.14638434385992,197.54927854013155,247.96085272485934,199.8179402549482,529.1098974961984
2025-02-26,917.7469557331142,169.92434937263928,194.51993130697429,249.7669620901234,194.41483519315085,542.1464530762555
2025-02-27,839.9398895125601,166.86364703465682,189.75633045753548,243.23002357893637,191.93974904043301,529.7053220854372
2025-02-28,873.2858131891735,168.75956342568722,191.76087890038647,247.35492837819183,195.61192675736828,537.7203797182974
2025-03-03,797.3661099785292,165.14622608881567,188.07837099001352,238.8953682142994,192.5301983111323,527.1381797939904
2025-03-04,810.8583464862025,165.19723975953616,192.48157873735974,237.47378673557483,190.8316197580211,515.027066941583
2025-03-05,820.0162287900177,170.4727004808438,194.84652028230332,242.78723065868024,190.67794747475148,528.2808540243542
2025-03-06,772.9683616046298,168.71706513400324,194.09198177168173,233.8615680050467,190.3463382099085,505.3139411068663
2025-03-07,787.7888136725119,167.19519659259072,195.79248308152685,232.17198870721592,193.37141591220302,503.4871924852017
2025-03-10,747.8715186738249,161.60516466908973,187.00964583570124,226.68374968296052,183.996860242416,481.2203464622818
2025-03-11,760.3151133461399,161.72844115637275,184.94640223559801,229.0724738254071,178.62611639033182,487.4328910262683
2025-03-12,809.1850705013599,162.92721001597224,188.4077064426831,231.75250535644483,175.5039550588978,498.5783330949677
2025-03-13,808.066401697473,161.01427596745185,183.50329249085456,225.92635758462006,169.59936300820667,475.3055882322817
2025-03-14,850.6440271062056,165.17599061369418,186.58124719090642,230.65718673054306,172.6810666185181,489.38876430394293
2025-03-17,835.682452802738,165.23550656286812,185.22830481545572,228.082039372192,173.0936037435686,487.21412937663666
2025-03-18,807.0177064471883,163.0334819463484,181.14693584678042,224.67957120704543,172.03399143980187,469.0593310765312
2025-03-19,821.6296800572769,164.86140631091772,184.77731250801054,227.84897923732547,174.0965653033938,470.4286151294264
2025-03-20,828.6910264993454,164.4448339684496,183.54842799582812,227.1614980674482,173.17446951396468,471.99114193013475
2025-03-21,822.888135723589,166.3237589031563,184.89007353995365,228.6296986851429,176.5473743398456,480.2469755844082
2025-03-24,848.8263171603396,167.097426940668,189.05033032003888,236.8445528194222,178.53712927260173,498.4500475517835
2025-03-25,843.7924410801646,167.98163769865724,192.2973920211206,239.69937945160993,180.9798542156064,504.458687699112
2025-03-26,795.3420581719263,165.7753815937855,186.0964162098129,234.36262595901943,179.18420445131792,492.1112411873101
2025-03-27,779.0520546485442,166.03468143574008,182.91703185602793,234.63062377812562,181.06073240396478,485.34542511368437
2025-03-28,766.7471785401259,161.02702283484044,173.99892628282083,224.56304113961215,176.24808903082896,464.5327616177947
2025-03-31,757.7282818748399,159.5774564117398,174.3484543896481,221.6965686126779,179.66952325331738,464.22668287470674
2025-04-01,770.1031315368602,162.46812628123703,177.08816054075547,223.922161328713,180.52690904128238,471.99114193013475
2025-04-02,771.9907082064757,162.4468640348119,177.05428732022233,228.39663855027635,181.09310603164022,470.32397282409715
2025-04-03,711.7248901605499,158.60822286921638,169.9288714189131,207.88860906144845,164.34995506560347,428.1910812918932
2025-04-04,659.3592465610969,152.96717727499487,164.156328799285,199.25425379640612,152.3708932401705,406.5326167474334
2025-04-07,682.6406229729453,152.1254779092727,165.45289065876418,204.2181252972037,146.77367059194316,415.8113536160888
2025-04-08,673.2721790292064,150.72265436679118,163.141600425894,198.8580800151201,139.4616515318612,411.1397410374421
2025-04-09,799.3271855868902,165.99641463240812,178.9371616348553,222.67537495113837,160.83954614334723,471.8059447935332
2025-04-10,752.0652313764352,162.11103058619344,172.29650762087005,211.16290126441527,154.02094239667417,440.0068264296354
2025-04-11,775.5564216192374,165.12923463249197,177.1670483521654,215.4159820258505,160.27332431706483,437.81614963948385
2025-04-14,774.018285398222,164.85716172198258,179.34303571076933,212.2116007513469,163.8079979376248,428.0782452966184
2025-04-15,784.4354245922455,163.97296406457644,176.23125961051153,209.26357140120297,163.5006409531233,420.0560798845282
2025-04-16,730.5317516016298,157.9705650857931,172.87147142437152,203.13447034604044,157.13500721669877,404.5834316925757
2025-04-17,709.5575261063783,156.34245081517068,170.42491286411985,201.13027409013338,159.32697624729428,403.91493024812934
2025-04-21,677.5369335839473,152.66112145183806,166.4901263275936,194.96621757073927,156.2371885435357,390.36728091782163
2025-04-22,691.3797856686016,155.9343414494066,170.77442369750472,201.79444569052555,161.5594154169747,402.9483956718066
2025-04-23,718.08703521586,159.15235558965202,175.14894025703575,210.44046463030642,165.49040830384172,419.04924321278037
2025-04-24,744.0950299614337,164.64036017171196,179.5797682387687,217.36191324804093,168.53976312240223,429.42344187545666
2025-04-25,776.1157293137177,166.57455646665744,182.60135969629144,220.21673988022866,169.275800582924,440.7963328795131
2025-04-28,760.1753264837147,166.28123441030607,181.07929304636846,218.71358379830235,169.97142999417224,442.78567195106194
2025-04-29,762.2027968456083,167.5055494070152,180.57195476983657,218.35236548124794,170.8369122935467,446.5713541442363
2025-04-30,761.5035954588499,168.0241359903412,179.03860856203082,214.89163228238465,171.88030673856997,442.18965504688725
2025-05-01,780.3105637297828,180.83658489806697,181.85723707143293,221.6266576842147,172.54358735806733,460.88410161310804
2025-05-02,800.5157211145265,185.03656634764127,184.9351744980424,221.37030575985506,166.09705059735987,480.8671786817957
2025-05-05,795.7615790039812,185.4148980879437,185.1381201727206,217.14053456790487,160.87189493509814,482.6794649471106
2025-05-06,793.8039753658372,184.19911157085426,184.03320715659447,215.5791134522619,160.56452553263435,473.04630162873036
2025-05-07,818.413674167747,184.21611612776107,170.67294222344444,219.8904770274058,158.736526976595,480.6980727676175
2025-05-08,820.5810382219186,186.26508663153615,173.9425457668493,223.81729493601824,159.7395009543825,481.66463202372915
2025-05-09,815.5472689715964,186.50313732764874,172.21755071569055,224.95921492089815,160.58069371952865,477.21851867710905
2025-05-12,859.9426577411215,190.97941007550128,178.65527632844,243.1134935115031,170.7207546743383,515.0261784691793
2025-05-13,908.3930406493598,190.9284095053639,179.86163627174165,246.29456521652165,172.45396692426073,528.3966022347303
2025-05-14,946.2165773624738,192.5437900091809,186.44592704319777,244.9895138052303,171.9680148061848,531.0786536237273
2025-05-15,942.6509173646384,192.97817914471008,184.8562348663053,239.07014553545736,171.25529827883318,518.610424224595
2025-05-16,946.6359913646759,193.46367365504173,187.3704362269689,239.5595398146916,171.10141489020472,515.7591682022637
2025-05-19,947.8245803072386,195.4227217561908,187.7650480184425,240.22372919507578,169.09285916255,515.8315787031685
2025-05-20,939.504778198858,195.1246048864127,184.87879398207085,237.7884036936511,167.53780741752206,513.1494285950155
2025-05-21,921.4669848682857,192.73969612935412,190.04249957766433,234.35096228428088,163.6745420969542,511.8607487329705
2025-05-22,928.6679579280003,193.7149559401188,192.64688558106306,236.65812960351772,163.0833229125933,512.722566964597
2025-05-23,917.9013248704505,191.72183322224038,189.94101810360405,234.199494532608,158.15097038303577,505.0627995740762
2025-05-27,947.3350859215815,196.197817757264,194.93559942472527,240.06059776866434,162.15192606941318,517.3538774478186
2025-05-28,942.5109702574339,194.77964033135044,194.32679694757545,238.5457957919915,162.3220024808605,518.3688090903561
2025-05-29,973.1334270809805,195.34181255476045,193.76307815507198,239.6877157768714,161.9413422649941,519.5527479279158
2025-05-30,944.7484146950605,196.0572747014115,193.62779255424812,238.88370453956088,162.67026423312686,521.5179995254076
2025-06-02,960.4790036941095,196.74293302143465,190.57239696996183,240.79468029751973,163.3586912262502,540.373555754173
2025-06-03,987.3259866888668,197.16881987851042,187.3591739425285,239.69937945160993,164.63025331028723,537.1114799642686
2025-06-04,992.2199690767637,197.55209053865406,189.46751850072047,241.4705155726504,164.265798535202,554.1063775412933
2025-06-05,978.7266108556357,199.17471566494368,189.6478877861907,242.26288091521445,162.49209131027013,551.4242767927183
2025-06-06,990.8216731330999,200.32456694712394,195.81502492385005,248.85808446011808,165.1566879854104,561.9675320099948
2025-06-09,997.1840318481156,201.33392757578426,198.77253191009382,252.83150372770868,163.15621635120283,559.0276261856017
2025-06-10,1006.4825022382523,200.55454768402652,201.60582557208778,253.565604036556,164.14430119221132,565.7450698728015
2025-06-11,998.6514467065591,201.2785514108804,200.19482715675338,248.4269374346085,160.9937523989951,559.0920897944507
2025-06-12,1013.8238497245826,203.94026238895947,198.33228368381722,248.47355657357863,161.33389280392745,558.4638410858515
2025-06-13,992.6384216102905,202.27509966923648,197.16959100288568,247.14519559280225,159.10665676044422,550.014665964609
2025-06-16,1011.6562720107055,204.05527240828545,199.5401291431647,251.80611381026208,160.70217864455708,565.9546012813499
2025-06-17,1007.6708775211093,203.5868086560269,198.61447991219563,250.3146214030743,158.45064064888322,562.0129428217415
2025-06-18,1017.1799095511698,204.52373616054396,195.64572791495388,247.6345898720365,159.2119362446915,560.8361611229897
2025-06-20,1005.7830871917882,203.31423792335843,188.10524846637742,244.33698809958466,162.79174915815528,550.0187134500037
2025-06-23,1008.0205316294149,206.97679415106128,186.46845161207858,242.9154066208601,163.1967113262123,563.0609453815292
2025-06-24,1034.1002626211625,208.72713686231603,188.2520209063928,247.92589726062775,162.22481950802268,574.0798294922738
2025-06-25,1078.9183771183275,209.64703360876,192.66562726605972,247.01701963062246,163.24530281263122,571.2424435113564
2025-06-26,1083.8825467195322,211.85309320488471,195.89405092279912,252.9946351541201,162.79174915815528,585.2760625667203
2025-06-27,1102.9703706735495,211.21001178004434,201.52679957313867,260.1957630456913,162.85654608535535,591.3538061232284
2025-06-30,1104.6485608316223,211.83606244681164,198.93056663454956,255.63971122092627,166.16906236064716,594.9488616262229
2025-07-01,1071.8567101867006,209.5533644393579,198.49030113483062,256.8865153784929,168.31532087207376,579.7383621529513
2025-07-02,1099.474470569611,209.14452144093838,201.6509783505037,256.2572814623403,172.05712610353774,575.184151330543
2025-07-03,1114.0876193080803,212.44508235550578,202.65561903353708,260.3239390078711,172.95611206515557,579.569108160039
2025-07-07,1106.3965108835919,211.96809012362758,199.56268825893028,260.3938499363343,170.04043661058674,579.0370612689336
2025-07-08,1118.7021348009796,211.49961327078591,196.8196828803258,255.6047557566947,170.08902809700564,580.9071476000694
2025-07-09,1138.8389210799137,214.4339211826997,199.37079758738378,259.31017720517906,171.00423191736692,590.66869518079
2025-07-10,1147.3690711685122,213.56940060115957,200.49958250089736,258.98391435235624,172.03283656930944,586.2029860817097
2025-07-11,1153.1023088802249,214.3529988806862,203.4006398774,262.19995930159837,171.02043735814806,578.3600452972847
2025-07-14,1147.1592573375583,214.22524199397165,204.9471139014246,262.98066096942387,168.96326530814986,581.1086827569842
2025-07-15,1193.5152943960331,215.41770947308407,205.44381173744227,263.74971674250276,169.36013096479743,572.620809726601
2025-07-16,1198.19999710224,215.33252948155229,206.5387579773075,260.06758708351146,170.21051302203404,566.5913891969407
2025-07-17,1209.5968194616216,217.92187283840377,207.22732921142938,260.871598320822,170.09713702637737,565.3823263341862
2025-07-18,1205.471584694674,217.21915755914125,208.8979647393766,263.49336481814316,171.03664279892922,567.6958097543658
2025-07-21,1198.2699706558424,217.22341524865953,214.58718027289967,267.18714037188096,172.0894997312132,574.7004768258632
2025-07-22,1167.8551910661934,215.18347104666321,215.98691640379366,265.0547681537941,173.64452664031657,568.12301690183
2025-07-23,1194.0747623352925,215.4389848200923,214.73390089258788,266.01024714277753,173.4420517652692,575.1922463013326
2025-07-24,1214.7708028937802,217.5726374932401,216.9238106457607,270.6012544317741,173.1261884766029,576.1755384543814
2025-07-25,1213.0927195655604,218.7778911414905,218.0639096640419,269.6807309070223,173.22339628536528,574.466709864524
2025-07-28,1235.8163907307207,218.26257970394778,217.3866352612453,271.25378013741977,173.36107423321258,578.4567407105583
2025-07-29,1227.1462935349177,218.2923835305757,220.96496704054456,269.17967295304953,171.10952381957645,564.2458220510706
2025-07-30,1253.435945187472,218.57771423121588,221.8454462196553,268.2241939640661,169.31151464245394,560.3847184227344
2025-07-31,1243.6472326027085,227.20598099262594,216.61903802817437,272.79189168357766,168.11287083295096,623.4432575248368
2025-08-01,1214.6309626164286,223.20700179006369,213.49223403303444,250.23304679987257,163.9094278535639,604.5570983577204
2025-08-04,1258.5399550660286,228.11738856119965,220.1634793134981,246.62082806934444,164.69505023748732,625.8050639718641
2025-08-05,1246.3741714259922,224.75721999337637,219.7458420233143,249.06781724550763,164.34677606725867,615.3987815834972
2025-08-06,1254.4845870228303,223.56048172416249,221.34874838363766,259.04217938607286,172.71312979713645,622.2744227181406
2025-08-07,1263.923859158994,221.81438360184288,221.83414938833016,259.9976761550483,178.20431546541715,614.0847802579458
2025-08-08,1277.4180720189447,222.32543734986731,227.36531292395506,259.484972306329,185.75269801962062,620.1061551763945
2025-08-11,1272.9432899735443,222.210492833457,226.89122602403012,257.86530393696137,184.20399185332002,617.3413277751158
2025-08-12,1280.634398398033,225.39178603918018,229.53264628791996,258.0633908276044,186.20673597462562,636.7917162781841
2025-08-13,1269.6572037005594,221.7036836743677,227.97489270601255,261.66394588339404,189.1905860421359,628.7955633636924
2025-08-14,1272.663609418841,222.51280188983773,229.081135777203,269.14471748881795,188.74463218057804,630.4479739559123
2025-08-15,1261.6863078915144,221.5290267000365,230.16476791230068,269.2029825225346,187.7797565110791,632.9468025914272
2025-08-18,1272.5935290353857,220.22158850334748,229.7132574015837,269.73899594073896,187.21216870894543,618.550439997448
2025-08-19,1228.0553087526298,217.09991605146328,227.53466175317837,265.68398428995465,186.9445988756032,605.7420243868398
2025-08-20,1226.3773322542627,215.37511947731818,224.9948266040032,260.79002371762033,183.2553216246023,602.7112475793755
2025-08-21,1223.4406864298778,215.09784563530494,225.48021033525333,258.62269603530183,182.35529255415258,595.7629491459373
2025-08-22,1244.4862742668183,216.3733053085659,232.63685662040956,266.6511269536766,184.67427250299303,608.410107015267
2025-08-25,1257.211525846114,215.10637411492462,235.34604059880806,265.602427466745,184.18778641253886,607.2090897637243
2025-08-26,1270.9156593668715,214.159359161395,233.82212569054906,266.4996592020037,185.93105721191165,607.8539232905267
2025-08-27,1269.7270704243087,216.16428550467637,234.2059243070845,266.97738980649945,186.88783637000114,602.4371538428221
2025-08-28,1259.728650838444,217.4013604693572,238.9017959888994,269.86717190291876,188.56624815236242,605.4437938166516
2025-08-29,1217.8471821656642,216.14294465475248,240.33538806688415,266.8375679495731,188.22569795467467,595.4405817421142
2025-09-02,1194.0747623352925,215.47321664381926,238.57442970866268,262.5728235133993,186.2634984802277,592.5467777635595
2025-09-03,1192.9561469463322,215.5713400114866,260.3718039381376,263.3302333917317,193.35824045421924,594.1105385537174
2025-09-04,1200.2277345387658,216.6889638591593,262.22303330630615,274.6212928383348,194.42042327617884,603.460871490241
2025-09-05,1167.7853243424438,211.15624698686588,265.27084584938183,270.7177844992074,194.34745532979562,606.5239294617079
2025-09-08,1176.804861986847,212.52130154817453,264.4234625858965,274.80773383423127,192.8798632931368,606.4030478552214
2025-09-09,1193.9349220579409,212.61088333563904,270.7391858750225,277.6042954327023,190.01764716620238,617.204305586628
2025-09-10,1239.8716519440663,213.44697565178018,270.21944526685223,268.38732539047754,183.88776844374743,606.1451440602474
2025-09-11,1238.8227964490025,213.7199918042752,271.57523776029785,267.94453247022136,186.5148504548265,605.2745398237394
2025-09-12,1243.3677657077108,217.5122700061625,272.0610533276078,265.84711571636615,189.79060956175644,609.0550392612254
2025-09-15,1242.8782713220535,219.841383379657,284.2744307796161,269.66906723228374,191.92308413504733,616.3982143185473
2025-09-16,1222.8104971280463,217.14542747726787,283.7660215496558,272.7219807551145,193.09877955024874,627.9250084867624
2025-09-17,1190.715924932532,217.56345398446376,281.9243962154579,269.8904636924118,193.7798923635865,625.2810626919702
2025-09-18,1232.3200633073707,216.89373907411365,284.74896678904327,269.4360248774092,192.8798632931368,628.932536192602
2025-09-19,1235.326575855505,220.93771877973833,287.78819443124945,269.7273322660004,199.0583583379352,627.4252427596595
2025-09-22,1283.8531818637362,219.45321310142157,285.31386017562943,265.2412091496906,207.63692262529133,617.1853021491037
2025-09-23,1247.6330544117156,217.22646768452955,284.3309322096844,257.17782276708414,206.29907345858007,609.3128443370434
2025-09-24,1237.4242868456329,217.61890875286642,279.22412533333426,256.5952079899017,204.58011702936014,613.5555468627854
2025-09-25,1242.4588573198512,216.28798121061962,277.6988630965686,254.19482017271662,208.27750320973283,604.0779155746375
2025-09-26,1245.9549710834958,218.17772722699434,278.54622908661145,256.0941500359289,207.13421867609375,599.9157678801678
2025-09-29,1271.5468101373785,219.5171570476945,275.7329726177936,258.8790479596615,206.29907345858007,599.6335298132468
2025-09-30,1304.6201574445017,220.94623415877487,274.65967000124715,255.8494617863078,206.4612396280522,592.357829299031
2025-10-01,1309.235207086665,221.69697617580354,276.69332419453076,257.08460226913587,207.126109746722,578.6132599323503
2025-10-02,1320.7724038726622,220.00348999534668,277.58587750987436,259.15870945350616,208.48829811951072,586.4453909691963
2025-10-03,1311.8920655264938,220.690248764353,277.20176797137583,255.77953307785265,209.20993074378256,573.144416129871
2025-10-06,1297.3481425326565,225.47649440971918,282.94123194882087,257.3992014472202,208.1315424810418,577.2581420783368
2025-10-07,1293.8520287690123,223.51848125463763,277.664972602593,258.42460914465886,207.9612922181225,575.177092910891
2025-10-08,1322.3106469235306,223.8895683724674,276.3769783705409,262.433001656473,209.24236646126943,579.0165770440697
2025-10-09,1346.503976374044,222.84448245360298,272.8858256550003,265.3693851118704,205.98282521308292,591.6561335383894
2025-10-10,1280.7066153785445,217.9644366330034,267.28194092689984,252.12071298834636,198.87187779831018,568.9016642445511
2025-10-13,1316.7867957233605,219.28256490552909,275.84595820448783,256.4320765634902,200.809750484642,577.2903738827614
2025-10-14,1258.8207039192603,219.07781589174098,277.3147190111852,252.14402255783145,200.89894870773097,571.6038049817881
2025-10-15,1257.4223011457436,219.01809033323693,283.6191281955437,251.188543568848,202.17195127539304,578.7826126444184
2025-10-16,1271.2670227528224,218.2417235755998,284.104961036296,249.90678394704977,200.63948780376043,574.3624130762407
2025-10-17,1281.1261362105995,219.08208668184238,286.1838198283227,248.24049643871206,204.56389917061674,578.2744557890579
2025-10-20,1277.0706613375485,220.4513989326693,289.855756391951,252.2488889505262,212.63160090755434,590.5752574996634
2025-10-21,1266.722053494114,220.82251225166533,282.9751397162388,258.71591653325004,213.0613617462933,591.4625452735304
2025-10-22,1260.5687608010824,222.0510587367265,284.3648227036599,253.961777817842,209.5586022888043,591.5754306283832
2025-10-23,1273.714281021403,222.059574115763,285.9352895391687,257.6205979073483,210.47484921799744,592.0513556793192
2025-10-24,1302.3824993471694,223.36061922788306,293.6632722049238,261.2561262073615,213.10191881111425,595.5681268916287
2025-10-27,1338.9522809074956,226.7349102243239,304.2270531818199,264.47215337661163,217.95875771202026,605.6185267227203
2025-10-28,1405.65876395056,231.2352749445583,302.1934162619787,267.12887533816433,218.11281495212066,606.1186379668692
2025-10-29,1447.6823163276008,231.01345587094775,310.21516836251567,268.3523699262459,218.68041517221664,606.3041312609386
2025-10-30,1418.6643370636762,224.2778172542016,318.0222461209894,259.683059196972,220.05880898578653,537.5809882700664
2025-10-31,1415.8674246867897,220.8864954996877,317.6945343719048,284.57236318940693,219.2236513503106,522.965222351942
2025-11-03,1446.5634872789349,220.55376688927177,320.5530127129081,295.9683068086968,218.15337201694155,514.3829738084505
2025-11-04,1389.2967036914454,219.40202912312031,313.5707072818269,290.515041028665,218.9561187708552,506.0022604218738
2025-11-05,1364.9636407934333,216.34344907960542,321.21956030797855,291.5404309461116,219.03718322864782,512.9632936264321
2025-11-06,1315.1087123951406,212.05206486151113,321.7167245269409,283.1973830696605,218.73716525985643,499.2428610933862
2025-11-07,1315.5979931210923,211.9326268450861,315.0281712571991,284.79375964953505,217.68310378523083,501.477171750477
2025-11-10,1391.814042343481,215.84861385349984,327.76125477049294,289.44301419225627,218.67323759001627,509.58359396218833
2025-11-11,1350.6294248006973,216.99184934119788,329.1283786421485,290.25868910430535,223.39685659153508,505.80867215701477
2025-11-12,1355.1044205058033,218.04123225132997,323.93114529486974,284.5490536199219,221.95222536714016,491.23323301410437
2025-11-13,1306.5780281572777,214.69259219666387,314.73441909585966,276.83523965962337,221.53013882909295,491.9430731051135
2025-11-14,1329.7223952828745,217.63170802258747,312.2940271545424,273.4677269587084,221.0918841041514,491.5962233506096
2025-11-17,1304.7601045517063,216.48420174478807,322.02173897272075,271.34700063536803,217.0743752740489,485.5869908883453
2025-11-18,1268.1204562676307,210.64009711200265,321.1857043608878,259.32184087991754,217.05813257938092,482.10240212088235
2025-11-19,1304.2006366124467,207.79480766247866,330.82307607534955,259.484972306329,217.96717709044907,476.1576826270451
2025-11-20,1263.0859926232652,204.4698141603679,327.02689164058665,253.01794472360513,216.0923379806729,475.2140262151187
2025-11-21,1250.7795140670546,201.77307222299078,338.5623728458722,257.1545131975991,220.3451671960651,479.32765344442856
2025-11-24,1276.4412198446869,202.57654408713043,359.93856872947265,263.6681421393011,223.9406639958941,494.4919029931277
2025-11-25,1243.3677657077108,203.8543880665216,365.4295196912061,267.6182696173986,224.7928342396997,513.1810680845041
2025-11-26,1260.4288136938778,207.49138505653164,361.4864764492159,267.0240089454696,225.2635991899018,511.0758327238454
2025-11-28,1237.6341006765867,210.2736082988526,361.74633811657986,271.75483809139257,226.3186789374347,522.6426081502289
2025-12-01,1258.0516358087523,208.02131674485094,355.76958886097884,272.52389386447146,229.76804115710075,516.9318530560428
2025-12-02,1268.819764484242,209.4145768616453,356.808966436665,273.15311000063207,232.27592314821175,521.9569542524325
2025-12-03,1255.7441109876709,204.17066234452227,361.12487420615577,270.77604953292405,230.6202362368309,515.9074443745321
2025-12-04,1282.3162207711018,205.49980820746293,358.853969281601,266.96574391175295,227.82015959316772,533.5963869776106
2025-12-05,1275.5333797553556,206.49131274131273,362.97776182479413,267.45513819098716,226.26185434202122,543.1869529801894
2025-12-08,1297.4904398966235,209.85049876540103,354.6795310053109,264.37893287866336,225.5395263118615,537.8471844741422
2025-12-09,1293.4346445340138,210.27786598837088,358.4781682688936,265.57911789725995,224.96328319001555,529.910164334077
2025-12-10,1285.1133468076937,204.52538683401875,362.01684022445806,270.0769046883083,226.26185434202122,524.4009937563835
2025-12-11,1265.1841309328042,206.62379893853836,353.22106517027987,268.32906035676086,225.65315066676388,526.4820922834074
2025-12-12,1223.857536515612,204.5125613631314,349.67113093027507,263.5632757466063,225.85603533456663,519.6420394044915
2025-12-15,1232.7380885214861,202.92699778652548,348.4614026657067,259.31017720517906,222.47159422172348,522.713685942528
2025-12-16,1242.737683235732,203.59798345343947,346.5960090747757,259.33348677466415,222.87741322917807,530.4957663672967
2025-12-17,1195.327342359699,203.4825804166195,335.4599589513915,257.8303484727298,220.62924050128333,524.3201427676433
2025-12-18,1217.703923333022,206.8417664407078,341.94938397722393,264.2274473469985,220.91333864242614,536.3887570234052
2025-12-19,1265.603865424565,207.67087614603903,347.2630403262332,264.9149462968677,222.11452813419746,531.803499026444
2025-12-22,1284.4840121446846,207.2435089230692,350.22509022782634,266.1733785691889,219.9231551657916,534.0073548239177
2025-12-23,1323.0836677385928,208.06833473771587,355.39174958206905,270.49638803907936,221.05130220340595,536.7843246813808
2025-12-24,1318.8879252687789,208.56835779474216,355.0978246863056,270.77604953292405,222.22812765317522,538.891287627269
2025-12-26,1332.3138738527725,208.43587159751652,354.4420902661734,270.9391809593355,221.89540077172668,535.4523564694426
2025-12-29,1316.1607727857893,208.17518309374984,354.4986089696841,270.41483121586964,222.18757058835433,531.738936698439
2025-12-30,1311.4057760364215,208.33757792226848,354.8264934531926,270.95082685408204,221.6356418366613,537.599695550123
2025-12-31,1304.1333338051652,206.68791319239205,353.86550275908695,268.95829427291346,220.64548319595136,532.8690735959946
2026-01-02,1320.5662222567046,202.12352592238588,356.296221572664,263.92449406366075,219.95564055512764,525.0547120072233
2026-01-05,1315.461571399031,202.08507571089004,357.8677248147164,271.5683970954961,216.9120973429162,531.8196396084453
2026-01-06,1309.3080650462937,204.50401978292857,355.3804527507439,280.7387479987508,212.93517041355915,533.2969224179727
2026-01-07,1322.384252692129,206.62379893853836,364.01793397883034,281.4728483075981,211.28758001358773,523.6662270784917
2026-01-08,1293.9240320898182,204.33305717304088,367.929677743204,286.9843791213466,210.24059677746428,521.5431235506022
2026-01-09,1292.6653627638007,204.8330933306503,371.4683496987684,288.2544928483983,210.5084273880145,527.1940054766919
2026-01-12,1293.22483070306,203.93559858136405,375.1878400493053,287.1941296867281,211.22263407084026,518.2413626599975
2026-01-13,1299.3084703320478,201.15338843962624,379.83449969374186,282.68469700093317,211.87194448276765,509.45836871283916
2026-01-14,1280.638030613029,196.32829956527024,379.6875026989754,275.75156692846815,210.98726401370146,496.88919897672656
2026-01-15,1307.979315336821,195.16583242153274,376.2279776564568,277.5343667242472,209.56697199538402,501.15154661450674
2026-01-16,1302.2453298161383,196.53342849596922,373.08504026612155,278.629685350149,207.39181688572157,500.7075572105274
2026-01-20,1245.185261993871,194.2512545118408,364.0405621883655,269.168027058303,200.22527425380156,487.6863524592237
2026-01-21,1281.8968067688998,189.8022571780715,371.25353716916607,269.5292453753574,200.99630553204076,494.8226121656306
2026-01-22,1292.5255224864488,192.80671871266333,373.6955528140683,273.05988950268386,201.56443972451495,522.8105294345355
2026-01-23,1312.3147912541338,199.13616064878278,370.7447651969155,278.67630448911905,201.31282697270817,531.7954534152324
2026-01-26,1303.923626804064,200.98670972042308,376.7706746695677,277.8140282180919,207.2944476434495,542.7742081890749
2026-01-27,1318.25859060577,205.38867596074434,378.22907141082914,285.1083588276193,209.6156504075389,543.266668698636
2026-01-28,1339.2365551458704,205.83743643597066,379.87972156592735,283.1624276054289,208.13040002851162,539.8438287632329
2026-01-29,1346.1593432688212,185.26779163994146,382.41214640831583,281.6709351982411,209.62377175487293,596.0135477233697
2026-01-30,1336.5095094927337,183.89592477540359,382.12951834387763,278.83943591553043,210.59773737276402,578.4070356155269
2026-02-02,1297.9098538988255,180.93846813309352,388.5624246661993,283.10418035170426,219.14400254021837,570.2616686967849
2026-02-03,1261.0584688464453,175.74155850825233,384.0627620165293,278.04707057296645,218.71386916261085,558.3867907846161
2026-02-04,1218.0536842711804,177.01514479812525,376.521937099105,271.4868402722864,224.40323309098852,540.0538044079831
2026-02-05,1201.9005832041971,168.24537863829394,374.49821513519754,259.484972306329,223.93254264856012,541.0386760675274
2026-02-06,1296.511451125309,171.4378859431791,365.01281516691154,245.07108840843205,225.72616828499622,533.9750736599152
2026-02-09,1328.8874131531718,176.7629978745614,366.66346532200976,243.20671400945133,223.09410667104112,546.6975542452508
2026-02-10,1318.3984308831218,176.62195699654984,360.1740057492925,241.1559163945661,222.33045166239881,541.4502855883483
2026-02-11,1328.957493536627,172.81830748850294,351.55915273074123,237.80004958839763,223.8089839238302,539.8115969588083
2026-02-12,1307.2102472263132,171.73703775902473,349.34324644676656,232.5798261632404,212.622635138785,524.5703958280297
2026-02-13,1278.3303989620945,171.514812567337,345.63501838067003,231.63597528901155,207.788980573464,516.46540504408
2026-02-17,1293.4346445340138,169.60870392262902,341.45190883629857,234.3859177485125,214.36922153408773,516.0779323568939
2026-02-18,1314.4824757978638,170.77972574715247,342.93296833397994,238.62735261520123,214.7510490384089,519.2504698723327
2026-02-19,1313.9231146884572,170.681196261408,342.39030586775385,238.70892721840292,211.68835732835487,520.5098301450543
2026-02-20,1327.3491701023038,170.15433010954183,356.10400270571205,244.82638237881892,214.9378648630156,529.2929228113685
2026-02-23,1339.4463689768245,164.6885441164757,352.15833390047806,239.18667560289063,216.23765297532515,514.4311487565644
2026-02-24,1348.536948473358,166.6289893895757,351.4913371959054,243.02027301355486,221.07944130594242,516.0860273276835
2026-02-25,1367.4869619172273,171.5978702644012,353.7524308051808,245.44395262023295,222.77729961724114,527.7025572086764
2026-02-26,1292.8751765947543,172.0776267193205,347.51177789669583,242.27452680996095,221.73744429146893,530.38273293371
2026-02-27,1239.031648811281,168.23102039918,352.4636247213362,244.69820641663907,214.61291162595705,523.2545188385149
2026-03-02,1276.0228741410128,170.71973817698574,346.53945582438024,242.82218612291183,215.05158856161626,527.5976187458792
2026-03-03,1259.0306245800668,173.0242748565224,343.21559639841814,243.21835990419785,214.26361918282112,528.8246978545983
2026-03-04,1279.938722396418,173.56828967170986,342.7068935199372,252.64508051180417,213.2643705937189,539.0366022248583
2026-03-05,1282.0364333865457,175.91565215750884,340.16310275245394,255.11536147746043,211.45278858381954,533.2565956427586
2026-03-06,1243.437098282196,175.17888846268326,337.49497774662416,248.43860110934705,209.15375188240785,520.5743924730592
2026-03-09,1277.2115699134283,175.37165044290452,346.6023657015764,248.76486396216987,211.119713999427,522.6167930909425
2026-03-10,1292.0360281007916,173.8081744494611,347.3717248257714,249.74365252063834,211.89146551947874,528.0093763454341
2026-03-11,1300.9172210857826,173.43121827038766,349.2497971234191,247.7860576237094,211.87519798888616,528.6471020930065
2026-03-12,1280.7073631875144,172.13758808832097,343.4232577228697,244.1505471036882,207.7727254608337,515.1819079377235
2026-03-13,1260.4973984593933,169.4346888768713,341.98645278459986,241.9832194213697,203.1909444245274,495.4280073896224
2026-03-16,1281.266831126774,171.3194435710722,345.6973064139401,246.72571224203122,205.3843663567102,506.95356756838794
2026-03-17,1272.2456910345784,171.0881265746901,351.7613901942813,250.75739654333842,206.52979919782445,503.08343113728046
2026-03-18,1261.54636078431,167.82409008589792,348.1070898153365,244.54672088497423,203.04472291862842,497.44390191412737
2026-03-19,1248.679132330606,166.63754407036166,347.4735344952372,243.25331536842944,202.2486073565747,490.1884388268857
2026-03-20,1207.6998417649572,163.57483734315983,340.53831646812,239.30318789033197,201.4605883059304,479.652636905885
2026-03-23,1228.259460601384,164.0588776887637,341.737577026598,244.8613378430505,204.30390429426794,488.05541402382124
2026-03-24,1225.1824403503833,159.66397266275118,328.59120913060343,241.48217924738896,204.42574934020263,479.0547443377468
2026-03-25,1249.5182808245688,158.9357898498778,329.1455484438874,246.6907567777996,205.22187732021865,480.6464426490447
2026-03-26,1197.4901127301991,156.7640406809788,317.8206995951451,241.83173388970482,205.44122820601052,442.3895613377285
2026-03-27,1171.475868438235,152.82318876577833,310.3763641269294,232.27685509991068,202.1186161273815,424.75989958781054
2026-03-30,1155.0422321777257,153.76128222219427,309.42601387333804,234.15287539363788,200.35576220148616,433.37280042923084
2026-03-31,1219.588081447347,158.5631175614889,325.3328851450814,242.68236426598548,206.17234815346762,462.2572850726641
2026-04-01,1229.0287423715974,158.2204325078918,336.45414920177694,245.36239579702323,207.66712310956703,467.9938058665586
2026-04-02,1240.4972475622262,159.97238659087193,334.62133332319956,244.4302085975329,207.90271669002692,464.1398593770303
2026-04-06,1242.2455181037542,159.72394713233476,339.3956437069222,247.94918905012082,210.29106337618813,462.9764047643345
2026-04-07,1245.4623786321065,159.47122378311303,345.58416536626436,249.0911268149927,205.93676699097,464.6165248216361
2026-04-08,1273.294760189348,160.34505887926082,359.0020717766806,257.80703890324475,210.32357360144874,494.8099267540883
2026-04-09,1286.0920150894497,159.80534105534105,360.3257356672748,272.2558782653733,211.61524036642425,507.71306339485056
2026-04-10,1319.0992347176725,158.86296370824058,358.91155893854005,277.76742685911375,211.60714385501484,508.90070420075926
2026-04-13,1323.854445126746,164.64571831021343,363.51617502419145,279.5269170854077,210.5673133651672,512.6739477802813
2026-04-14,1374.204423063043,168.38951125392495,376.6399147106509,290.1654686063571,210.26669933418614,535.264395196474
2026-04-15,1390.7080328771542,176.14696915389098,381.4029282630483,289.5595442596896,216.440761166449,542.6088042432455
2026-04-16,1387.071651516747,180.01927881813876,380.15841128549994,290.9578161689291,213.97924784650803,546.8828501010082
2026-04-17,1410.358422836163,181.103011457246,386.5619182088684,291.95991429688263,219.52779208258045,556.3198090968962
2026-04-20,1413.0158154252558,179.08118536172282,381.74235140607544,289.3031923353299,221.818657764809,542.0674283919008
2026-04-21,1397.771088596868,181.68985207869574,375.93847476194605,291.2025221985422,216.2295564639157,540.3949778110186
2026-04-22,1416.0928356762565,185.44221280377633,383.89192767126013,297.5530197138328,221.9161884405908,545.1457384729653
2026-04-23,1396.0926847790895,178.08740132640784,383.40543843969687,297.22675686101,222.12736830719956,532.5658577084298
2026-04-24,1456.4426847490436,181.8868848490184,389.6391819712245,307.60893867760774,220.20203776277495,545.3962383312415
2026-04-27,1514.7647336227665,181.97256266270924,396.3594492812002,304.2647355461778,217.39935334703202,548.2968045719803
2026-04-28,1490.708680533137,183.87015592838068,395.7258939611009,302.6101294925706,219.91771609831102,542.4148704613406
2026-04-29,1463.2959266378034,181.81834259806573,395.9069196373821,306.5019919369514,219.47903916265184,540.6211927569261
2026-04-30,1395.6031903934322,174.6734417642398,435.34598877848094,308.8557428351744,220.4376561791594,494.3978729970654
2026-05-01,1387.770959733358,177.52626404906536,436.35292682935255,312.5844916331358,227.57840670341474,491.8447488257665
2026-05-04,1387.980666734459,177.17501121409916,433.5923889067189,317.00068604099056,224.88944598627242,493.1859472787879
2026-05-05,1374.1344495094406,176.21551140484365,439.4528188012438,318.74853037253797,230.86039962741145,488.7825793267033
2026-05-06,1453.3657713278958,177.32065039679046,450.32517255305277,320.4264637756222,233.56560303922177,495.1816043763189
2026-05-07,1479.0302546817015,180.23773104188413,450.2685847557725,315.9753139035359,233.50872877195914,498.3568566685468
2026-05-08,1504.9045518664611,177.81754241444796,453.4476927344792,317.73478634983786,238.2854966520553,492.55572418706936
2026-05-11,1534.5550706889799,176.76379701013252,439.69043227480523,313.4350864494325,237.9846342618285,483.85402546485307
2026-05-12,1543.925758059628,174.66914477297212,438.2309645801154,309.74132867568665,239.7084461143016,487.19897598619514
2026-05-13,1579.240716168638,173.5725735623944,455.5067907084081,314.7634652102008,243.01785789902235,498.2114433518016
2026-05-14,1648.5418826771856,175.38021822427362,453.75319083664607,311.37264293980076,242.48120324093912,499.6657739575658
2026-05-15,1575.674308361833,180.73033916885709,448.89966444610803,307.7837515587497,244.1237271122985,496.2723523306421
2026-05-18,1554.6951686933514,181.42427705742037,449.0806901223893,308.62268270030785,242.18034085071238,493.83231095250784
2026-05-19,1542.7369554573597,178.80275866839386,438.5816845544678,302.19062836180757,243.09917071606066,486.88386444033586
2026-05-20,1562.7371063545268,180.36195077115275,439.9958958300874,308.7974955814497,245.76622614773328,488.8633809558655
2026-05-21,1535.044565074637,179.9069151166057,438.5816845544678,312.81751620801845,247.99415759710445,490.73781092986405
2026-05-22,1505.8136739140261,179.68369428059984,433.2756285201117,310.3239434528691,251.10843352248787,493.0647695148336
2026-05-26,1502.5269466619243,178.59331964584408,439.96193624234223,309.1237584342726,250.70999078463018,494.7453150665052
2026-05-27,1486.7226450644241,177.15094544288354,439.905348445062,316.7676614661079,252.7590787411812,513.2637453776297
2026-05-28,1498.2611238086552,183.29822377053648,441.3761475179617,319.27289789599575,254.10886156964781,513.2879315708426
2026-05-29,1476.512809199813,193.2789816340305,430.3001398803365,315.35774366212183,253.74295389297527,511.0418239746134
2026-06-01,1568.9609067504248,197.6919785653499,425.8086648423609,304.4278847525812,249.06749174919543,485.1547984235045
2026-06-02,1558.1916029465542,189.44551519877254,409.38137929819385,298.90467248410226,256.2961614464244,482.86021972169345
2026-06-03,1501.7576648917109,183.44847435849064,406.1456835222069,291.3306981607221,252.2793231862852,503.3419766067684
2026-06-04,1530.8826876681694,183.75325942508354,421.07961087770855,295.7236007790837,253.06806247874198,507.0505097795515
2026-06-05,1435.946416015344,178.86806507531264,416.9388212672005,286.6814258380088,249.9050087975054,479.1194053849078
2026-06-08,1460.7306213818483,176.75170517190062,411.2786596637828,285.7375927437719,245.1889150811309,472.97083083399053
2026-06-09,1457.5801021921018,173.17580930162364,412.3541041871861,284.5374077251754,236.2526762260968,472.32446716027073
2026-06-10,1403.180738684365,170.57865799722478,403.4336839726983,277.32463393885763,237.0901932744068,461.3281403766654
2026-06-11,1434.3360628138169,167.56511775852167,405.00719093406826,281.4145832738815,240.38333752853492,459.26782223197347
2026-06-12,1436.5764984873226,167.73682710164795,407.1693768122,277.9655137497568,236.72431043365884,458.0962726484881
2026-06-15,1487.4051809941413,171.60894025714873,418.11614455383904,286.66977994326226,241.02571871750763,479.95160786974304
2026-06-16,1452.1191737752474,169.06330044562944,422.5310636951279,286.6464703737772,243.31872028924911,485.394241736312
2026-06-17,1432.7957899957448,162.65845155299553,411.82204761458945,276.74201916167516,240.64354351024252,459.0061177494944
2026-06-18,1475.0831052794179,162.8687945157815,416.62185359928446,284.77045008004995,242.31857760686245,466.8020188560992
2026-06-22,1460.8005949354504,157.69167987205446,395.8490536053647,271.25378013741977,241.50547427240366,455.98960586006785
2026-06-23,1400.52024802954,160.5249298856791,391.8303526856921,272.79189168357766,239.30188202910995,454.65526838838633
2026-06-24,1393.239045750352,156.8846315487195,390.8794496819441,272.97833267947414,238.30986069405728,450.99180051030396
2026-06-25,1370.4151681832388,151.46282421323139,389.09081926900865,264.51875473558977,223.73060174589102,439.0229419616508
2026-06-26,1347.94126521399,160.10852785079172,381.93640125792115,271.13726784997846,230.74784321726557,444.99120597418715
2026-06-29,1365.0242133199868,158.21969887523633,400.34322330035377,279.81822447399895,229.08907665123817,454.97872170292516
2026-06-30,1400.870329457257,160.1299866059638,404.5543849151718,277.7208077201436,235.28506860489534,455.53673173205107
2026-07-01,1383.2973528163388,164.96368256343828,408.90138488097045,281.63597973400954,239.36695215148026,495.6647852852187
2026-07-02,1364.0440494202912,167.6295071246211,407.4297566828357,282.7662538241429,250.95392923574522,471.39551990258394
2026-07-06,1369.0849228558263,166.01970746921887,414.84455456455896,284.5024522609438,254.23083079520535,485.458902783473
2026-07-07,1378.7465079157248,166.92119789636078,415.48982127860097,286.6231608042922,252.60457445443856,497.8240693837716
2026-07-08,1429.0851618876222,164.5601584017708,409.70515270241276,283.8732183447912,254.82440939240027,487.74755833592576
2026-07-09,1419.7035778719855,164.99801919183025,406.2750961526171,287.8583012871203,257.1255323114758,510.6824862468791
2026-07-10,1476.9734595252069,165.31569523222618,404.3392960104912,285.8774146006983,256.3937417940553,541.1950472105854
2026-07-13,1424.9544787981802,167.84414707867478,399.0527244191546,288.17291824519657,258.0118271156389,531.1023462211602
2026-07-14,1482.8544429233802,165.24271188359137,406.97695066393925,288.3826688105781,256.0196879341242,534.587872820605
2026-07-15,1487.755262421858,169.8360121405724,419.89344358856454,297.0869350040836,266.2975634343663,550.9803861078948
2026-07-16,1452.0490933917924,172.18417376194247,401.26016671635665,291.1792126290572,270.9811469254802,537.4183484606044
2026-07-17,1419.913605362645,169.0590165549449,392.5548354065495,288.07969774724836,271.3714186441547,522.4330273821024
2026-07-20,1423.2041784894486,172.6950179006368,398.4640455023929,291.2957426964905,265.55760189776265,522.3036065686246
2026-07-21,1451.2789569827564,170.74608344966651,392.9850132159108,288.45257973904125,266.49269929370354,520.6538613936159
2026-07-22,1484.674716785714,167.56511775852167,387.2569324370029,285.30646349825435,264.9884370144189,507.19695964743437
2026-07-23,1461.5707313444864,163.80462157131538,359.6353507217017,272.26754194011187,261.54893465680664,490.1574903714888
2026-07-24,1448.12843779301,163.8561461647781,361.95600316034904,270.4614325748478,270.7859862302183,481.3345151661622
2026-07-27,1375.8060162166382,167.03281486465528,369.67647187866305,269.62246587330566,273.949039911455,480.26701557307024
2026-07-28,1379.3066168341013,168.85725447411116,377.7704960621733,269.00489563189154,276.5266115069061,479.89499243379373
2026-07-29,1330.2982081896166,167.65097898037638,381.1665930242239,264.0992713848187,274.9898390023608,473.58708516513923
2026-07-30,1365.514241854908,193.64816916730598,377.71390826489306,274.4115600529453,271.11935884570573,435.9175334722723
2026-07-31,1405.491147911473,199.4949594196337,403.1506758925274,316.4530267280397,251.18162499219218,450.2154730677484
2026-08-03,1446.7282189119953,209.33834456839344,422.8254031535087,330.9484852291383,246.71759107426675,477.33140403196177
2026-08-04,1483.8346068230758,211.55343046629693,427.51199899675845,323.25799861831683,251.56377536353273,475.471387054735
2026-08-05,1534.8033432669517,209.2567803378064,410.2824656940798,317.6998308856063,252.88104796673872,476.1426279557595
2026-08-06,1533.1930968952774,214.5798485782199,404.98456272453313,317.2454098505956,254.02754875260948,477.0564711825827
2026-08-07,1567.9890755792496,214.6356570623672,401.07903739942105,319.8322208836851,254.7756068006225,478.83558781149134
2026-08-10,1523.111350024207,217.24138924871826,404.7241828538974,324.03868250615034,250.86926356889006,481.1161483931545
2026-08-11,1522.7612685964903,216.27550945547688,389.192698032244,317.2570379653502,248.14294962119624,484.5127290330693
2026-08-12,1568.8991590954902,211.39030200512283,388.8983931207479,311.442553868264,245.97817592800362,468.12021574577943
2026-08-13,1577.3706595948863,213.30060283643343,392.09069800944303,308.9373174383761,248.4277928400761,481.15657388752464
2026-08-14,1576.390495695191,212.66526385622475,391.56997281505636,306.0475353419568,248.97304072806014,477.0159963286346
2026-08-17,1575.3402514120403,206.2046064794436,389.41911831513465,304.4861320063058,248.69634369243886,460.1301834189578
2026-08-18,1538.4439978214723,206.7540842377976,389.6455385980252,302.31882210397936,252.30972235795744,439.6698979503065
2026-08-19,1523.1813235778093,207.90455124738511,390.23418296790214,309.7646204651797,257.8437127422325,441.5784847522711
