Date,nvda,msft,googl,amzn,aapl,meta
2023-01-03,100.0,100.0,100.0,100.0,100.0,100.0
2023-01-04,103.03177113146236,95.62568431740725,98.83301507021221,99.207643547432,101.0314236574629,102.10839463382347
2023-01-05,99.65071979617932,92.79154382532086,96.723496282324,96.85388375921303,99.96002657444258,101.76367346858189
2023-01-06,103.80020493971891,93.88512602728002,98.00267220107666,100.30296217333377,103.63795426463922,104.23281879257573
2023-01-09,109.17219082722829,94.79922051801137,98.76568320339388,101.79445458052155,104.06171728021756,103.79188962802124
2023-01-10,111.13517601920854,95.52134519050372,99.21451625301097,104.71918325117645,104.52544130338947,106.61376470977304
2023-01-11,111.77785106008933,98.40971919065545,102.69298102426315,110.80167405736483,106.73225007295555,106.53360474523296
2023-01-12,115.3405732369719,99.55340044883084,102.25536707354253,111.01141573275038,106.6682851412854,109.59598440039704
2023-01-13,118.05100684799388,99.8539160346643,103.36623059868877,114.33232707468726,107.74765455708229,109.81241383667604
2023-01-17,123.66049552893696,100.32139128636052,102.43488992932572,111.92030225275164,108.69112177676226,108.51371382004187
2023-01-18,121.39018755783417,98.42640793835756,102.24415661136574,111.23281219287841,108.10746505895428,106.63781516711428
2023-01-19,117.11489690885817,96.80691689856785,104.40977953045609,109.15870500850818,108.15542323525212,109.14703430343013
2023-01-20,124.6175307654953,100.26712496518529,109.98651808054088,113.31857416199121,110.2342773055502,111.72839247187368
2023-01-23,134.0761524587525,101.25219421265992,111.97260950712831,113.63318223007151,112.82480115735423,114.85489022675299
2023-01-24,134.57912075959763,101.02679439804088,109.62745509553507,112.23491032083194,113.96018800797233,114.75069214476773
2023-01-25,134.9842863301789,100.42991736608904,106.84467809650154,113.23700844878547,113.42448946646218,113.43596260320471
2023-01-26,138.3303976267214,103.51448095041467,109.4254767685195,115.61407780648952,115.10355960933086,118.08562308330566
2023-01-27,142.26335201231052,103.581255629089,111.50132098627886,119.13306714907341,116.6786541410805,121.64504141022306
2023-01-30,133.85959499333882,101.30645397121319,108.77468266532624,117.1638352473939,114.33596801132518,117.89320708467983
2023-01-31,136.4792365831887,103.4351651011313,110.90661374084831,120.17012074125853,115.36737925082423,119.42442776200191
2023-02-01,146.3010931297922,105.49712124024104,112.69072684042018,122.52388941947348,116.27885779568726,122.75135010802344
2023-02-02,151.6520802743551,110.44328411454347,120.8931490948286,131.56607325054435,120.588450051845,151.33078374628383
2023-02-03,147.39780839892296,107.83454343707615,117.57178625500606,120.47308291459228,123.53081207274444,149.53505739779234
2023-02-06,147.32101108847132,107.17503930354306,115.46226746711785,119.06315622061024,121.31605580632943,149.15827101274516
2023-02-07,154.8934315464683,111.6787895795013,120.78094083242432,118.9815905074045,123.65076960330813,153.61551549422023
2023-02-08,155.11699972097378,111.33233563978871,111.50132098627886,116.58122047021145,121.46800201171013,147.04985169912965
2023-02-09,156.03912830312063,110.03422276111556,106.6090511095162,114.47214893161362,120.6284607312939,142.63268719992456
2023-02-10,148.55044909600912,109.81717716428054,106.11534166431315,113.73805751276225,120.92472851226583,139.61039986692657
2023-02-13,152.20396329406378,113.24818812569679,106.16021805989911,115.98695090828643,123.19895440744581,143.84319397971026
2023-02-14,160.46802692673148,113.60295034483954,106.23875175217452,116.17338301418691,122.6784306177316,143.8832863018763
2023-02-15,159.02200474631684,112.69498534304006,108.77468266532624,117.87462598675621,124.38408762115276,142.02342951377352
2023-02-16,153.69895360826843,109.69474488857061,107.17008378481785,114.36728253891886,123.08682019409278,138.23953613837267
2023-02-17,149.40972166349837,107.98327870169287,105.86846103155251,113.26030912827456,122.15791924598123,138.59227206607866
2023-02-21,144.28920657267997,105.72788271702001,102.99593987806679,110.20741338543583,118.89877496786852,137.95094299017398
2023-02-22,144.98078297869273,105.24249150731089,102.83884658335687,111.61734007941789,119.24311268681274,137.18134069515077
2023-02-23,165.3091018300154,106.60660467526439,101.98607415314804,111.65229554364949,119.63548308983776,137.91887160042035
2023-02-24,162.66852158901125,104.28425025850167,100.01120182545708,108.94896333312265,117.48141341264274,136.59613346634097
2023-02-27,164.1704424899181,104.67759413228093,100.84154469459263,109.25192550645639,118.45033745816697,135.91468738847817
2023-02-28,162.17954799888656,104.36795650189148,101.054733483785,109.79958481940729,118.04196029976966,140.24372035031485
2023-03-01,158.5609671627066,103.0498604392809,101.39136690771751,107.39920589221823,116.36033205635272,139.02518029822073
2023-03-02,162.86412704953906,105.0751118336412,103.23157550177183,107.35259564324411,116.8407830767989,139.91504721984612
2023-03-03,166.8878868100319,106.82418840710201,105.08301183144233,110.58028648723277,120.94074768560199,148.50890866453204
2023-03-06,164.54070140608786,107.48534632137475,106.74369756971345,109.24027072171387,123.18293523410966,148.2283117689537
2023-03-07,162.7101184629561,106.34717766566486,105.31865609186706,109.00722836683929,121.39718236400779,147.91565582351777
2023-03-08,168.94939583378263,106.15888947835819,105.75627867930737,109.43835761235687,122.4141763475043,148.28443361604857
2023-03-09,163.74419137713497,105.58144437009722,103.5906384867776,107.49242639016646,120.58841279795351,145.6549745329226
2023-03-10,160.45336452943087,104.02062973345517,101.69433439824087,105.72128137912998,118.91478172324084,143.90733675921754
2023-03-13,160.4603618847911,106.25093681428804,102.23292887574955,107.702168065552,120.4923350118281,145.0216540495343
2023-03-14,168.12496315204686,109.1256474354717,105.44207481644811,110.5569769177477,122.18997001061736,155.5395274017263
2023-03-15,169.27779080137546,111.07137953926718,107.8433333592435,112.0950795739096,122.51029138752119,158.5297556848667
2023-03-16,178.45153733833556,115.57383697869483,112.56730811583915,116.56956568546892,124.80049920214582,164.28572486276803
2023-03-17,179.73711443353437,116.92542210128332,114.02601552709469,115.2994608484132,124.11983335092545,156.8142016408113
2023-03-20,180.9598088066124,113.91261422571692,113.57716520403818,113.85457869019955,126.04168710456547,158.57786893944515
2023-03-21,183.04889328612433,114.56125065724659,117.72887091299629,117.23374617585709,127.5471168592486,162.0651358943389
2023-03-22,184.9283642406564,113.93769656693493,115.98966011916947,115.00815345982198,126.38601240554586,160.18117928931085
2023-03-23,189.979867246548,116.18476458431171,118.49190782547264,115.0198082445645,127.26684341568513,163.76463573367346
2023-03-24,187.1012700934434,117.40240659223254,118.31236769625002,114.34397296943379,128.32388533252202,165.15154132705217
2023-03-27,185.3685566492336,115.64916275381269,114.9685666586345,114.23910657673902,126.74633204393476,162.61023846108665
2023-03-28,184.52310519395394,115.16795193430657,113.36398505156554,113.30691937724866,126.24185226348436,160.87863021231038
2023-03-29,188.5335779915013,117.37731112577055,113.76792443215726,116.81426282508605,128.7402969135151,164.6224559453372
2023-03-30,191.3213564159706,118.8585999092258,113.20689175685561,118.8534145452247,130.0135107446432,166.61855752538688
2023-03-31,194.07416141737042,120.63697858983954,116.39360813648089,120.356561737155,132.0474614577448,169.9054122290344
2023-04-03,195.38768787281532,120.18927651817728,117.1005063708763,119.33116292971239,133.0644678592051,170.81129633569256
2023-04-04,191.81041012848493,120.16834175405235,117.50446302490745,121.12560862023795,132.63206194080357,172.13403446977193
2023-04-05,187.81394539538965,118.97995591493058,117.22395100561647,117.80470616829706,131.13459210093322,169.5366467763996
2023-04-06,188.90386361513424,122.01784613171498,121.65616009714581,118.92332547368787,131.85526863160248,173.24034316757232
2023-04-10,192.69076823817608,121.09309394288366,119.43445895701245,119.0515014358677,129.7492564744159,172.15812194680123
2023-04-11,189.82615244206033,118.34810667043274,118.21137853274224,116.42973493854656,128.7643132555555,171.4365958866684
2023-04-12,185.1169990532872,118.62427492871024,117.41470159701583,113.99440943712192,128.2037787863924,171.55683583347854
2023-04-13,184.8934308787817,121.28141494330025,120.54530520871928,119.31950814496987,132.5759824161632,176.647450157926
2023-04-14,186.95453929058434,119.73313491464523,122.16110591468477,119.4476841071497,132.29573380852742,177.56135519699657
2023-04-17,188.6593567894745,120.84619497864917,118.90707494168056,119.71568192625588,132.31174056389975,175.45296056317312
2023-04-18,193.30561410239523,120.66631351010237,117.25760830230591,119.20298696753258,133.30471820535587,174.67532499584146
2023-04-19,195.15013834132097,120.69974350648242,116.8985366805804,121.53344607626249,134.23359431753977,172.91970330941206
2023-04-20,189.3719920302259,119.72060030665821,118.14404666592391,120.96247719382653,133.44882867556208,170.81129633569256
2023-04-21,189.47681882331324,119.57416195973542,118.27871039956057,124.63295206807533,132.14356407979784,170.66701827143726
2023-04-24,188.93882368447214,117.90455217586357,118.90707494168056,123.7590299023016,132.39181159465284,170.5868212872091
2023-04-25,183.34234153811084,115.24747778749338,116.52824595995843,119.51759503561289,131.14258926963745,166.38609856417906
2023-04-26,188.33794582351027,123.59538232916904,116.37115266524852,122.32580252883048,131.13459210093322,167.86918130713065
2023-04-27,190.224400779671,127.5538246567158,120.72483670122219,127.96550930475877,134.85819306208361,191.2457939464419
2023-04-28,193.87854260311101,128.57067668245284,120.44431604521151,122.87345295178538,135.87513737372484,192.6567376572658
2023-05-01,201.9902668656462,127.85932783525612,120.28724002394098,118.91167957894133,135.80308834760365,194.9494903376146
2023-05-02,197.09948937333408,127.79657604385721,118.17772123605278,120.75273551844101,134.9622804348771,191.7909458727737
2023-05-03,194.24884158047558,127.37390381243712,118.27871039956057,120.77604508792605,134.0894217575144,190.01924530183138
2023-05-04,192.5719867955631,127.79657604385721,117.4708230016574,121.1838736539546,132.76016565563745,187.205403492388
2023-05-05,200.38331886567798,129.9892005492652,118.45823325534374,123.11815898139848,138.99017118163135,186.61215065137375
2023-05-08,203.67411900591884,129.15228249305085,120.92681502823774,123.31624587204149,138.93411649291863,187.0049912411418
2023-05-09,199.6217288448682,128.46186840997908,120.4555437808277,124.23677828678932,137.54879328436516,187.08513886578586
2023-05-10,201.81560005627261,130.683788459918,125.39271596333539,128.39664744027235,138.98218643089092,186.85265522478602
2023-05-11,199.6706168562685,129.7632100986677,130.80114211981376,130.7154517642597,139.13431890572903,189.02518029822073
2023-05-12,198.00777013580813,129.2861862319866,131.85591015047757,128.47821315347804,138.38057333738988,187.43788713338785
2023-05-15,202.29072582672453,129.49120254272725,130.73381025299543,129.5735228893838,137.97962212136076,191.48629851985416
2023-05-16,204.1073274128674,130.44527652657746,134.100075398563,132.1370332429843,137.97962212136076,191.45423946999654
2023-05-17,210.84963985319706,131.67819631847405,135.59243146978832,134.5840135291515,138.47677530315354,194.39635449855845
2023-05-18,221.32994219770507,133.5736915509917,137.825386255697,137.6718736262178,140.36922331845247,197.89166706565663
2023-05-19,218.43736368761162,133.49819514770232,137.7468439267019,135.45793569492523,140.45744053347573,196.92161549969916
2023-05-22,217.82253117712412,134.68919291037324,140.31641486310366,134.01305353671157,139.68762611994512,199.07009011579265
2023-05-23,214.41294959427023,132.20657926479208,137.52241876517363,133.9897439672265,137.57066131866358,197.8034614889121
2023-05-24,213.36489532310256,131.61530014939154,135.65976333660666,136.04055047210767,137.79519052261,199.78358290361703
2023-05-25,265.3611346452084,136.67693235748018,138.5547313246051,134.00139875196902,138.71733609839993,202.57337425571916
2023-05-26,272.1104577946299,139.59985856237103,139.82268814446124,139.95572248597358,140.67391047889876,210.06898495470517
2023-05-30,280.250171478606,138.89534796728034,138.7679201137974,141.76183185123764,142.1734292828005,210.45371823278867
2023-05-31,264.3410697954816,137.71275036074732,137.87027128800264,140.50338179892447,142.13335651353248,212.21743489100663
2023-06-01,277.8676521008391,139.46983989564905,138.82403288171926,143.05522847778644,144.41067448170523,218.54256943289295
2023-06-02,274.772390652468,140.65243750218207,139.89001137455986,144.7797721298448,145.10030610280833,218.54256943289295
2023-06-05,273.6825392013814,140.87890046156232,141.39358654468163,146.00326671792638,144.00172609697188,217.56450927441904
2023-06-06,270.0703280951763,139.93113972005955,142.8523112293766,147.52971458934573,143.70503610522982,217.34809217803607
2023-06-07,261.859866341165,135.61177943395023,137.4550782616356,141.2607827872609,142.5904120901296,211.31955937686487
2023-06-08,269.0920604253684,136.40019971371217,137.05113024432416,144.7797721298448,144.79559410643438,212.10521587660892
2023-06-09,270.908808902559,137.04180101447636,137.15212804455166,143.8242842508654,145.10832810744023,212.40176825773995
2023-06-12,275.8840086860682,139.16371983064235,138.73427145382766,147.48310434037165,147.37763648894492,217.29197033094118
2023-06-13,286.6448462241022,140.18693759970265,138.94745160630032,147.58797962306238,146.9927292821796,217.50843678690828
2023-06-14,300.44534027211034,141.46597949889394,138.7679201137974,147.3083181292177,147.5059264732362,219.13579759411513
2023-06-15,298.04161516855714,145.97829399653966,140.3612826219699,148.11232936652823,149.15782611125255,225.93396970999763
2023-06-16,298.314138123121,143.55857652004107,138.6108354558072,146.22465428805845,148.2837753093625,225.2685778368557
2023-06-20,306.1122900601432,141.76373878349463,138.12833647278094,146.5625719256238,148.35592367919432,227.9380922224597
2023-06-21,300.7807593025266,139.88081753469592,135.2670344181917,145.4556074049755,147.51397331379573,225.78164603353787
2023-06-22,300.64102585502775,142.4598623476914,138.18444924070278,151.6546193886012,149.9516817027512,228.37907074659825
2023-06-23,294.93914270512016,140.49309704044123,137.2755554058524,150.69914039961776,149.69506448027715,231.46550085910354
2023-06-26,283.91969680085316,137.80083387299962,132.7872335464012,148.36868129088788,148.5644337098046,223.24034316757232
2023-06-27,292.61225497321345,140.30435603221775,132.7759971740653,150.52434529846784,150.80167890870933,230.11862588841083
2023-06-28,287.3086869295745,140.84116538516162,134.85185866526405,150.36121387205642,151.75590008506305,228.70773153717096
2023-06-29,285.2473247968714,140.50567102416016,133.64000597661004,149.03286178127607,152.0285737347647,225.6934651365854
2023-06-30,295.588988699872,142.8079438176557,134.3132555510357,151.89932541821432,155.54080853362476,230.06250404131598
2023-07-03,296.36454672393904,141.73856456556885,134.53767207584423,151.7361939918029,154.32994529886935,229.29291408618874
2023-07-05,295.69378878549617,141.8056870632083,136.61353356704296,151.92263498769935,153.42384373234322,235.98686344029392
2023-07-06,294.198411213075,143.11405075741845,134.77331633626895,149.5688663094844,153.8087385211447,234.07891807740472
2023-07-07,296.99350748246303,141.41568356401822,134.06640946515387,151.2234901430836,152.90261211869088,232.90845426020104
2023-07-10,294.73651318176894,139.1553327997484,130.6664870228968,148.1356300460173,151.24272772993413,235.77044634391092
2023-07-11,296.3086747109101,139.42374403884233,131.44072576083025,150.05826058871864,150.81772291797313,239.1294153998941
2023-07-12,306.7691067027921,141.40727028263638,133.44926402193036,152.41202926693362,152.17289531035595,247.98783187533346
2023-07-13,321.26840152561044,143.696969092413,139.74415445218582,156.4903327072109,152.79032888977196,251.2506237817438
2023-07-14,317.7186858833096,144.77889607773085,140.73156470587222,156.93310784747504,152.91062170535895,247.6109961307022
2023-07-17,324.65036759150826,144.98439802249825,139.86757317676688,155.62805643618373,155.5568277069609,249.01396826869777
2023-07-18,331.8685402575281,150.75475402899053,138.8689179140249,154.77744383989508,155.3483549302421,250.16034460887218
2023-07-19,328.95472931418504,148.90538090376754,136.9277115197431,157.72547319003905,156.4469225181147,253.33493093853795
2023-07-20,318.0750435648801,145.46248503394057,133.752222875734,151.43324070846512,154.86722092178547,242.52049286531894
2023-07-21,309.6130776298489,144.1624164939166,134.67231853604147,151.47984206744326,153.91297490950407,235.89870722313347
2023-07-24,311.73025836065455,144.72437381429827,136.36667020772174,150.0815701582037,154.56253376133915,233.77427072448515
2023-07-25,319.18604732682667,147.18602644526655,137.12968121003897,150.46609804474318,155.26013771521883,236.06704808462604
2023-07-26,317.59986437950187,141.64630722573557,145.05156553499728,149.3241602798713,155.96578850965807,239.3538781084815
2023-07-27,320.7302995569165,138.68985914775692,145.19743973081071,149.44069034730458,154.93938170958108,249.8877809856023
2023-07-28,326.66979900697646,141.89791815255367,148.7656832033939,154.05500720578624,157.03229291493074,260.92675580678485
2023-07-31,326.523014789191,140.87051343066838,148.9227851348235,155.7678782931101,157.52945851468735,255.41131588208782
2023-08-01,324.9717384962777,141.04662795419708,147.609934645942,153.4490828591187,156.85589573877573,258.70614215856375
2023-08-02,309.33361073485116,137.3395077981012,144.05293618241444,149.39408898832647,154.4261845185245,251.97213750198054
2023-08-03,311.0525030668514,136.98725250055585,144.13148714812925,150.20974612038353,153.29555374805193,251.07423730804675
2023-08-04,312.205464253496,137.45695248110422,143.74996869189107,162.63109743711195,145.9342717174665,249.1021244858582
2023-08-07,317.3553575538421,138.43400876713795,147.587496448149,165.71894864418226,143.41636811811966,253.7759094626765
2023-08-08,312.0936668125117,136.7314414956688,147.4416222523356,163.06222668262956,144.1781605270184,250.63330814349226
2023-08-09,297.34989187149677,135.12953172017086,145.48918812243758,160.6269011812049,142.88711449983546,244.67691437444873
2023-08-10,296.1899333294919,135.42305155097068,145.52287132928618,161.4542042080085,142.7107049057166,245.1018263539704
2023-08-11,285.4779170342003,134.61789658515278,145.37699713347274,161.27942688685053,142.75886176943567,241.81502100990696
2023-08-14,305.72791624966857,135.88853832820618,147.36307992334048,163.79632699147692,144.09984042916483,245.4625955539848
2023-08-15,307.0346590094589,134.97432571027915,145.62385185607425,160.41715061582335,142.48589008860216,242.0635218359396
2023-08-16,303.8622931148093,134.6465489927294,144.4119732572611,157.38756444246968,141.77927069298445,235.92274534057864
2023-08-17,302.87003073428093,133.16730774733276,145.78095378750388,156.117450715418,139.71566588226528,228.54736224850677
2023-08-18,302.5556304774086,132.999199622623,143.0206149862633,155.23188265489773,140.10909181221555,227.07232511775965
2023-08-21,328.18608852308864,135.26854117900916,144.04172572023765,156.93310784747504,141.19310554648354,232.40345635551537
2023-08-22,319.1091298327906,135.51225070896004,144.83841992940344,156.43206767349426,142.3092321352068,230.55957973275736
2023-08-23,329.2272255612857,137.42017554751297,148.53003894296916,157.9119141859355,145.4327474124068,235.88264067851662
2023-08-24,329.55564723634177,134.46585375905676,145.62385185607425,153.62386018027667,141.62670358941244,229.87819535437467
2023-08-25,321.5548390685051,135.73078602098516,145.73606011847852,155.27848401387584,143.41729946540667,228.87607239866355
2023-08-28,327.2637195737729,136.0333622701212,147.00399966489528,155.1386621569495,144.68599315770194,232.69198780423395
2023-08-29,340.8825494570473,138.0127278115782,150.99863798930255,157.20112344657323,147.84163370732102,238.88891082648183
2023-08-30,344.2366062238939,138.1723832791742,152.4685558627349,157.38756444246968,150.67609604053223,236.5721200286878
2023-08-31,344.8724575079253,137.73955210892484,152.7939356408921,160.81332439710937,150.85272915799996,237.20542817218004
2023-09-01,338.960920771843,138.11776913903387,152.22171841357277,160.9415003592892,152.12945727289096,237.59823174226005
2023-09-05,339.2334437264069,140.1727623362199,152.3451198647144,159.95106590607418,152.3221840714778,240.62049439546604
2023-09-06,328.86998653342937,139.89119960267263,150.8751847178427,157.72547319003905,146.87005221753788,239.83488725530603
2023-09-07,323.13971335013275,138.64308077826396,151.77288536395568,160.6269011812049,142.57420664733604,239.43406275281362
2023-09-08,318.46465203814336,140.47533858535596,153.02959717475625,161.069676321469,143.07201798121162,238.80875086194175
2023-09-11,315.7112728262846,142.01763350276272,153.63551488236357,166.74435634162086,144.01953345709904,246.5608709794768
2023-09-12,313.5589717813617,139.4247415573837,151.862655428567,164.56536498456384,141.56247788050194,241.83103819493974
2023-09-13,317.8567100531632,141.22758569274907,153.39990516881764,168.78350806175953,139.88427699510112,244.55669910743066
2023-09-14,318.5275214065325,142.33704943990645,154.9596103803007,168.63202253009464,141.1128234103454,249.89580191801474
2023-09-15,306.78040395972863,138.77337507510921,154.17408344971312,163.58657642609538,140.52663342791683,240.7487305948965
2023-09-18,307.2416151418497,138.28586413849968,155.08299455800292,163.10882804160767,142.90341928633964,242.54450630297208
2023-09-19,304.1249610154498,138.11358218620887,154.8922266931641,160.37054925684524,143.78667179942505,244.56472003984305
2023-09-20,295.1730199604235,134.80205688323232,150.0672886832198,157.64389858683734,140.91207460712667,240.23568707800644
2023-09-21,286.63354896716567,134.28093219682722,146.36443329731821,150.69914039961776,139.65944976002285,237.0770932535814
2023-09-22,290.7775323732846,133.22190876222913,146.15124450812587,150.45443437000466,140.34995063859378,239.76272354338636
2023-09-25,295.054358701395,133.44465727756713,147.1162770210572,152.9596885798845,141.38583234507038,241.16564632179785
2023-09-26,292.8809587605387,131.17532884642492,144.2661336083265,146.7956231704944,138.07761227391543,239.66652171402143
2023-09-27,296.77338457071124,131.44849142383435,146.47664155972248,146.7956231704944,136.84906585867117,238.68846155554752
2023-09-28,301.1130268522844,131.80569493835466,148.46272434959022,146.7956231704944,137.05783666652178,243.6748654581137
2023-09-29,303.97817679766433,132.692423295418,146.83566999784944,148.12398415127075,137.4753907001869,240.6686199899405
2023-10-02,312.9439523186318,135.23491430396965,150.54978766624606,150.85062593128265,139.5149046610827,245.9676674980466
2023-10-03,304.10394224190594,131.70064048565501,148.59737080978746,145.32743144279567,138.43090334477856,241.25382721875033
2023-10-04,307.7657758147496,134.0414096197013,151.7504298927233,147.9841534043484,139.4426569475403,244.9735654747479
2023-10-05,312.2870555535933,134.20950461916712,151.5596620278845,146.77231360100933,140.4463637097425,244.34025733125563
2023-10-06,319.79233344908795,137.52945632876953,154.37611359704692,149.10277270973924,142.5179905250936,252.87001301612233
2023-10-09,316.37514023922006,138.60525382515547,155.31863881842764,149.45233624205113,143.72244609051455,255.21883818398194
2023-10-10,320.04394445996076,138.00431453019632,154.9146994378359,150.87391772077572,143.24066634793894,258.00866655577215
2023-10-11,327.0879844658711,139.6979041347931,157.70869553576594,153.61221428553014,144.37286178185363,262.80261744002445
2023-10-12,328.0593616101716,139.16839241749406,155.93576698821175,154.1948290627126,145.1035347734032,259.8685356837709
2023-10-13,317.6889337692971,137.72696499996192,154.1292243275666,151.23513603783013,143.6100262639935,252.27673549531602
2023-10-16,322.11943484070036,139.79035835328588,156.08165845746458,154.45118098707226,143.50564086006818,257.45551837681995
2023-10-17,307.04598297385866,139.54660944760312,156.77731168280437,153.19273093475908,142.24499400833247,259.7402994843404
2023-10-18,294.8725609993452,138.7271085901309,154.80249117543164,149.30086849037824,141.19310554648354,254.10457025324922
2023-10-19,294.2086935864097,139.23564616757312,154.56686418844632,149.61546766846254,140.8879713393395,250.76963931471127
2023-10-20,289.21917860262147,137.28152047026174,152.15436927331504,145.8517811862615,138.81634452398842,247.43465901658928
2023-10-23,300.3163699322839,138.3951449197562,153.16422636151407,147.4714495556291,138.91268308735417,251.73160824877624
2023-10-24,305.1242207513384,138.9036037457346,155.75622685898912,149.80190866435902,139.2659865761811,250.5611691113646
2023-10-25,291.95853639629655,143.16493732827257,140.94475349506453,141.44721489316137,137.38707414145304,240.12349274340073
2023-10-26,281.8047060820305,137.79420562479706,137.2082321757538,139.326497459817,134.00658152082804,231.16087818597606
2023-10-27,283.0206434669172,138.60106687233048,137.08480481445304,148.84642078537956,135.07452640990456,237.87884097773437
2023-10-30,287.6398060584144,141.75289733197914,139.65437575085483,154.63762198296874,136.7366460321501,242.6327118797166
2023-10-31,284.97736575877536,142.08907420566678,139.2279808990307,155.08039712323284,137.12209962932377,241.51836990960777
2023-11-01,295.7740714198963,145.43425263417083,141.88731326332407,159.63644894799788,139.69155019651427,250.00002467979203
2023-11-02,304.0270781627963,146.37979520944347,143.05428091967246,160.88325310556453,142.58222865196794,249.21436818004796
2023-11-03,314.5023595042213,148.26249332909475,144.86084949047674,161.5008233469786,141.84349640189498,252.2046211429804
2023-11-06,319.7155227849047,149.83001496540317,146.15124450812587,162.82918432775494,143.91517288910137,253.16659007704536
2023-11-07,321.141113755966,151.5110043357931,146.95914054274874,166.2899175266182,145.99482170908436,255.58767767599284
2023-11-08,325.4667346193556,152.63304206666942,147.93534897097803,165.55581721777085,146.85399579031028,256.357242951328
2023-11-09,328.0943483869727,151.57820558489632,146.13999949907026,163.83128245570848,146.46857944702808,256.9745092299954
2023-11-10,337.77291939347083,155.35202823082474,148.77689366557067,167.28035197983323,149.86957412593057,263.56421114253124
2023-11-13,339.76446821735095,154.09550925027818,148.2158523535493,166.15007788969987,148.5831475812911,263.9009175453084
2023-11-14,347.00430063603153,155.6041904178894,149.93264222302255,169.89047258240782,150.70576255611368,269.6088104883193
2023-11-15,341.63738248966575,155.66734909185124,151.05472484706527,166.86086862906217,151.16405992909344,266.7227802871642
2023-11-16,345.7744219553509,158.40450059365477,153.64674261797975,166.4297393835446,152.53090520747313,267.9092612894007
2023-11-17,344.5025324350456,155.74314737575185,151.828954948279,169.168018168307,152.51482394431787,268.59071970715945
2023-11-20,352.26633857438367,158.93927553378398,152.88370570550342,170.27500046894727,153.92990059419958,272.5428922445728
2023-11-21,349.01689494091875,157.09909007933683,153.6916017401263,167.67652576111922,153.2786528992841,270.1459414822387
2023-11-22,340.43538640057307,159.1119249929058,155.39718114742277,170.95083574407798,153.8173317521126,273.7614322966669
2023-11-24,333.8665789949674,158.9350492052271,153.37744969758526,170.9857912083096,152.73996162849178,271.1480644379498
2023-11-27,337.123073398719,159.43197094175986,153.06326310816542,172.13935708793602,152.59524267805807,268.3181314040975
2023-11-28,334.1810326667662,161.1542392044212,153.94968419834402,171.32369995587894,153.08567774142074,271.75726042462077
2023-11-29,336.41019779079875,159.53302219505005,151.46990923671262,170.49639692907533,152.25753615179718,266.31398421184343
2023-11-30,326.8364802848511,159.5582751644396,148.70956179875233,170.22838132997717,152.72383069348118,262.26551112589704
2023-12-01,326.80152021551316,157.7054632252977,147.9577698953316,171.32369995587894,153.76105354005102,260.3976704250699
2023-12-04,318.0312967401471,155.44416744346233,145.05156553499728,168.771844387021,152.30574268737155,256.54964661005783
2023-12-05,325.43946629942127,156.8674557738342,146.98159601398112,171.148922634721,155.51382429822982,255.16279037626316
2023-12-06,318.0103580889929,155.30101040753095,145.89314477646872,168.39898017522003,154.62939207858088,254.48937757070885
2023-12-07,325.64914659305913,156.20635036053733,153.64674261797975,171.148922634721,156.19723451945583,261.8165857087222
2023-12-08,332.00891468414386,157.58755915875585,151.46990923671262,171.77813877088158,157.35502337681692,266.75488869660586
2023-12-11,325.8658242420572,156.35373372502562,149.5623515024006,169.99533897510258,155.32084914036645,260.7663865181206
2023-12-12,333.06426009276703,157.6507178327177,148.69836861001497,171.84804969934478,156.55099747294437,267.9333240866379
2023-12-13,336.0764079156381,157.64647837891687,148.7544554677777,173.43276260448079,159.16408476502107,268.3502151337472
2023-12-14,337.90739147071787,154.0924248179463,148.04752268650347,171.77813877088158,159.2846631937761,267.091570419591
2023-12-15,341.68142309649403,156.11369926338506,148.78812140118686,174.74947769051062,158.85050634247503,268.4945178777946
2023-12-18,349.97708165813555,156.92218804117022,152.378803071563,179.52692597540369,157.49975474521443,276.2706514329828
2023-12-19,346.67136539969357,157.17907531606244,153.33257330199933,179.20064534258887,158.34396518002941,280.87222333829726
2023-12-20,336.2371601366808,156.0673934026749,155.22886875381633,177.25471412039846,156.6475098878037,280.00643155380516
2023-12-21,342.3803039936938,157.29699250784824,157.5628040665131,179.25891037630552,156.52689420515716,283.8624763012297
2023-12-22,341.26206250921825,157.73495564848812,158.76346356642978,178.7695160970713,155.6585308306997,283.3013071898651
2023-12-26,344.40002919125726,157.76862189925956,158.7970776795207,178.75787020232474,155.21632713883903,284.45565510286787
2023-12-27,345.3644356876608,157.52016103099317,157.50668266187157,178.67629559912305,155.29670861868777,286.8606514774064
2023-12-28,346.0983033616617,158.02969612697677,157.34959800388134,178.72291473809315,155.64246198550825,287.25350440707047
2023-12-29,346.0983033616617,158.34972895058687,156.74371484315287,177.0449813350089,154.7982391327294,283.75825353945237
2024-01-02,336.63547524294944,156.17268410976587,155.0381354358564,174.70285855154052,149.25853579788523,277.60943143188695
2024-01-03,332.4492406300371,156.05896699604904,155.879680130449,173.0016333589632,148.14094388943045,276.1503868063806
2024-01-04,335.44742044965085,154.93885867603566,153.04080763693304,168.45724520893668,146.25952302600942,278.2747986252369
2024-01-05,343.12811296348883,154.85883406357817,152.30022619568905,169.23794687676218,145.67258796575126,282.1468605576942
2024-01-08,365.1846584052026,157.78127463444227,155.78991006583772,173.73573366781054,149.19419832730028,287.52606803034035
2024-01-09,371.383727690171,158.24447761922775,158.15751131194364,176.38079195462475,148.8565042190032,286.54001161924606
2024-01-10,379.84013847285524,161.18371850236767,159.64985010972953,179.1307344141257,149.70073948974587,296.9937298520348
2024-01-11,383.13883066847376,161.96698056125118,159.4254508583604,180.8203137119565,149.21831401305127,296.3524254559221
2024-01-12,382.3560616293409,163.58399749255338,160.06506904625567,180.16778800631084,149.48364864613148,300.2164911357591
2024-01-16,394.0413245913574,164.34196720631545,159.8855634639119,178.46656281373353,147.6424371495806,294.58076190466784
2024-01-17,391.7420523764067,164.0050684442097,158.74097354831855,176.77698351590274,146.87858335868665,295.3102965573171
2024-01-18,399.10815768112985,165.85791975908353,160.9963665320202,178.86273659501953,151.66255425097947,301.53120833742605
2024-01-19,415.7694483580151,167.8791942045223,164.25040614174412,181.00675470785293,154.01830407868022,307.3994705691012
2024-01-22,416.9085750787186,166.96961479771505,163.81283537462204,180.3542290022073,155.89171535543318,306.0606412106129
2024-01-23,418.43912638018327,167.97601912925558,164.99098758298808,181.79912005041695,156.92890094811153,308.80236866772066
2024-01-24,428.8454223441447,169.51727715238906,166.85363437483537,182.78955450363196,156.38216283675965,313.21148755472126
2024-01-25,430.62755794901904,170.48998898267024,170.41063283836294,183.81496220107053,156.1168157857156,315.19961756194255
2024-01-26,426.53218212593674,170.0941578751595,170.76971309680812,185.4113210009531,154.70979839435728,315.96925687665384
2024-01-29,436.5540775719604,172.53232944467356,172.25085870585664,187.9049115360944,154.15502586040967,321.48467212155884
2024-01-30,438.7135629244859,172.05644747421744,169.95057205312963,185.27149914402673,151.1881631968806,320.7151068462237
2024-01-31,429.99859719049505,167.42017817256178,157.20375835494673,180.84362328144155,148.26155957207698,312.7625374577544
2024-02-01,440.4818106484926,170.0310123264416,158.39315557236836,185.59776199684956,150.2394307605382,316.482325073336
2024-02-02,462.3776038691636,173.16398181051193,159.76207564557322,200.198086890643,149.4273580161061,380.7840177615527
2024-02-05,484.54602687425125,170.81846133815014,161.22081760370756,198.45024255909559,150.8987128780494,368.2940192472762
2024-02-06,476.79546763666394,170.75107633563138,161.69208885111763,197.09857200883417,152.2012455217718,364.5342503685927
2024-02-07,489.9063749846682,174.355662085869,163.30784637348458,198.70659448345523,152.28969867810775,376.4550588390922
2024-02-08,486.70553893424,174.38092818050254,163.72304803657133,197.9025832461447,151.41331329901837,376.78374430945695
2024-02-09,504.1215825213541,177.09281358767257,167.19025916204816,203.2742922029668,152.0331683813805,375.26857783685574
2024-02-12,504.92531691910455,174.86519718185264,165.54081843283265,200.81565713205705,150.66462184195657,375.90188598034797
2024-02-13,504.08664915947946,171.10061470767587,162.8590478707463,196.50431133690515,148.9659437342059,368.8632586506373
2024-02-14,516.4708464336222,172.75432982110556,163.75667942310167,199.23094422692108,148.24948931123762,379.413228072375
2024-02-15,507.7907072316533,171.51824684541324,160.19971550645295,197.85598188716656,148.01598191944467,388.03113997440215
2024-02-16,507.47620014492804,170.4635678665677,157.67501232891738,197.51805535960523,146.76820007823318,379.4453118020246
2024-02-20,485.38464121895004,169.92776915740922,158.348261903343,194.68655607689456,146.1643890051348,378.1866177282844
2024-02-21,471.5469169672313,169.67042249897818,159.95282623697258,196.44604630318852,146.7762345008289,375.6025447827167
2024-02-22,548.8847864741655,173.66561550962828,161.68084384206202,203.42577773463168,148.4265694754031,390.1281078645119
2024-02-23,550.8345915330532,173.11293773673017,161.5350041931274,203.90352611911936,146.9372458198029,388.4428482651834
2024-02-26,552.756567415279,171.93169203032562,154.3648685879913,203.6005550557896,145.8423787851506,386.60504287126673
2024-02-27,550.0239131948689,171.90638655996017,155.83482100830247,202.21392904129664,147.02578590188565,390.8664285231267
2024-02-28,542.7694717938141,172.00760844142192,153.02959717475625,201.77115390103245,146.05168356544579,388.43480265297893
2024-02-29,552.8963008627779,174.5051323641478,155.363532487453,205.9659696287511,145.5123217246068,393.3381837351286
2024-03-01,575.0296836761381,175.2898250746236,153.8823868784045,207.66721260132041,144.63480631080924,403.1048165575737
2024-03-04,595.7024887416358,175.0451574018632,149.62968336921892,206.92146639772653,140.96379542646395,399.8064857506285
2024-03-05,600.8115730382017,169.8687055595646,148.86669827706078,202.88976431642732,136.95463096915998,393.41042148642435
2024-03-06,619.933742789903,169.63246429343008,147.4416222523356,202.17897357706502,136.14958679225367,398.12122615129994
2024-03-07,647.6735562796691,172.60672332746984,150.7854319266708,206.03589833720628,136.05302470553903,411.0417883174749
2024-03-08,611.7425104094007,171.3748010541146,151.94116321068327,204.32300946989042,137.4456993486778,406.0340363947957
2024-03-11,599.4837847974042,170.65761147335326,154.477094123835,200.37288199179292,139.071918637501,388.0897051209088
2024-03-12,642.3898051737298,175.19699022405578,155.40840888303896,204.3696108288686,139.45834083585316,401.05839288155823
2024-03-13,635.2259020729465,175.12107381295948,156.8558712852389,205.7329272738765,137.76777165848117,397.70386618814194
2024-03-14,614.6499382690372,179.39047942053622,160.5700062270749,208.28478284273447,139.27317657723663,394.7024579592083
2024-03-15,613.9021827141686,175.67796478917052,158.41555922328251,203.2393367387352,138.9672600383715,388.4989947920703
2024-03-18,618.2214204938517,176.0576518466037,165.70913082643906,203.30924766719835,139.85280987476483,398.83543465309344
2024-03-19,624.8122348491398,177.78310954354865,164.9797425739325,204.96387150079758,141.7527335042873,398.2416141768623
2024-03-20,631.6195399011838,179.39469262384915,166.89852804386072,207.5856379981187,143.83779655649863,405.6889388627256
2024-03-21,639.0488617713178,181.14125571309057,165.61936076182778,207.5856379981187,137.96093308580194,407.486590234996
2024-03-22,658.995864816703,180.8754957732777,169.17634195191593,208.42460469966082,138.69355569767225,408.94718968740085
2024-03-25,663.9790501317112,178.39481153855948,168.39091866196483,209.40341103812128,137.54234836113923,403.6826445285642
2024-03-26,646.9186965395874,177.88435767549828,169.06413368951166,207.76043309926862,136.62459874454387,397.9607087838835
2024-03-27,630.7669308457646,177.79154907541843,169.2885502143202,209.54323289504765,139.52274039625723,396.3316203912339
2024-03-28,631.507689045273,177.49200475763843,169.3558648076991,210.18411270594677,138.04951042177612,389.6867344637007
2024-04-01,631.5566171178682,179.1162668236096,174.47260302958853,210.871593875824,136.88219698616018,394.31728044486806
2024-04-02,625.1895578893278,177.79576227873136,173.4290454611015,210.54533102300118,135.92417591287557,399.1484484555139
2024-04-03,621.7788545930193,177.37811701575004,173.83298484169325,212.54952727890824,136.57626802933123,406.66801089267295
2024-04-04,600.3991563913597,176.2939062379822,168.90706630496084,209.74131978569065,135.90809464972028,410.02256226588133
2024-04-05,615.0973416926803,179.51704614809526,171.11756561963713,215.64904216071707,136.5199153094867,423.19989298842177
2024-04-08,608.9818133526232,179.1246932302354,173.75444251269815,215.78886401764345,135.61022495141472,416.7075775352687
2024-04-09,596.5481538566211,179.83766960768384,175.7181043782123,216.34816922534088,136.5923989643418,414.8216465468775
2024-04-10,608.3248631726583,178.56360217595545,175.20197400865572,216.67443207816368,135.0708382746481,417.17303841310917
2024-04-11,633.3248648418748,180.5337537961487,178.87114618770875,220.2866508086918,140.91547712921513,419.8453169354214
2024-04-12,616.3413219139343,177.9898452612488,176.98607847150788,216.88418264354522,142.13110886207988,410.8090331987627
2024-04-15,601.070101282045,174.5051323641478,173.76567024831434,213.95944508289432,139.02363759414368,401.44364443527456
2024-04-16,610.9528241372973,174.9016984853206,173.2495226053183,213.6098904405784,136.35891640847652,401.06646317355467
2024-04-17,587.3295387814733,173.74575824928147,174.45014755835615,211.2328121928784,135.24795569270506,396.58034333539496
2024-04-18,591.7746221277877,170.5521501380907,175.05606526596347,208.83244215568536,134.47509887803696,402.70362185820073
2024-04-19,532.5699984249273,168.3794891287542,172.9016528090499,203.48404276834833,132.8328107440223,386.0673936017145
2024-04-22,555.7598216529021,169.1557554326041,175.35904139320652,206.513628941702,133.50905580012045,386.59704661864635
2024-04-23,576.0631022574684,171.9443578907523,177.5807338966202,209.20530636748632,134.3623934383479,398.1292717635044
2024-04-24,556.8710657820176,172.57292582425876,178.55697687172832,205.7678827381081,136.06910596869432,396.04269406584274
2024-04-25,577.5238936650364,168.3457703770069,175.04485480378668,202.36541457296147,136.76949154647113,354.2154318790848
2024-04-26,613.1893605211748,171.41699871346358,192.94205538382877,209.29852686543455,136.29451684807242,355.7482937625775
2024-04-29,613.3431420943205,169.69996742314447,186.43399343782036,210.85994798107745,139.67569245670788,347.1853931170034
2024-04-30,603.8727824709839,164.24930298391922,182.65257844948425,203.91517201386588,137.12371396462123,345.21922812469614
2024-05-01,580.3823400371514,166.6160338505292,183.86439659125946,208.5760902313257,136.29451684807242,352.45795920825253
2024-05-02,599.7841903435561,167.83947721628277,186.96133426955376,215.24120470469254,139.29734193484293,354.4561585706254
2024-05-03,620.5557596079932,171.56043137951826,187.65707386209058,216.97740314149345,147.62958455702017,362.706094773363
2024-05-06,643.9762819031498,174.4629478300428,188.62203728126428,219.8788133526673,146.28516612131108,373.71663847411753
2024-05-07,632.891562958805,172.69107927043595,192.15658027355946,219.94872428113047,146.84062164326915,375.77105840275345
2024-05-08,631.8991670409606,173.19733305542817,190.05832376816628,219.06315622061024,147.11435081989606,379.2700605987614
2024-05-09,620.2622980022751,173.94825451318076,190.70913514479892,220.81100055215765,148.58758079437715,381.5331728488723
2024-05-10,628.1669593025666,174.96920161503502,189.23916545104836,218.4572318739427,147.56379418466753,382.15912641433715
2024-05-13,631.8083082511305,174.53887736638305,189.78899630089293,217.39688649226449,150.1676176757297,375.5865029178918
2024-05-14,638.4968185068299,175.73702838701516,191.1354954497442,217.97950126944698,151.09465592926728,378.6681698305337
2024-05-15,661.3790785885133,178.80959549835634,193.57041128922904,216.7210512171338,152.94073526763816,386.44457486343435
2024-05-16,659.4850921277282,177.92629282996796,195.44430309013194,213.97110875763286,153.03745878788254,379.775650818456
2024-05-17,646.3456077940924,177.59663920253118,197.55382187802016,215.2178951352075,153.06166139938034,378.7163201048003
2024-05-20,662.4275067641659,179.76475887745565,198.51880257063326,213.86622458494608,154.00485542385616,376.2525858252108
2024-05-21,666.6628831093791,181.3285398192339,199.5623946859991,213.41178576994344,155.0608914856231,372.8740456941414
2024-05-22,663.6156683873172,181.95403644565243,197.91290213646536,213.38849398045036,153.89197613267353,375.40192275323807
2024-05-23,725.462408010316,180.46632941789807,194.73740485573657,210.96481437377227,150.6513097847346,373.79684779824174
2024-05-24,744.1231796276539,181.8018886176047,196.35317965154292,210.61524195146438,153.15032566110133,383.7801938745743
2024-05-28,796.0662043293198,181.8695098745148,197.93532306081892,212.2465562155785,153.15839733758855,385.1444927784461
2024-05-29,802.5241223476902,181.38345583998543,197.37428174879753,212.0950884639056,153.40024960107291,380.68246041731555
2024-05-30,772.2962950004897,175.2552138062866,193.12161278649077,208.94897222311863,154.20638655879594,374.81607384983533
2024-05-31,766.236798918241,175.4496249199032,193.55921810049168,205.59310541695015,154.98028648242547,374.639489937802
2024-06-03,803.7472707476427,174.76919914748916,194.31102727735183,207.8070344582468,156.41518220257424,383.1943943307556
2024-06-04,813.7905588716951,175.8468998042501,195.00668050269164,208.9722640126117,156.67315298310535,382.79310091221447
2024-06-05,855.7461674623376,179.2026703046343,196.82450271927118,211.2328121928784,157.89850798164625,397.29465055635654
2024-06-06,845.667892561484,179.41818681054733,198.30561378144088,215.56746755751539,156.77796059780079,396.2513617075257
2024-06-07,844.8990915256085,179.13500967199226,195.75850695299118,214.7518104254583,158.72077587437988,395.6093169176519
2024-06-10,851.2032813857594,180.83403312759077,196.60100168675137,217.96783759470847,155.6816158254531,403.3456172884905
2024-06-11,845.1223125030923,182.86692341393896,198.40963443356506,218.16592448535147,166.99173584507346,407.2538597960758
2024-06-12,875.1080099888583,186.40863924558198,199.7239531647964,217.76975070406544,171.76412077711618,408.35331985158564
2024-06-13,905.9326423088816,186.62840833053986,196.7695213616307,214.20415111250742,172.70728996566433,404.5493741451537
2024-06-14,921.7990120508748,187.04682798291515,198.60059230623733,214.00606422186442,171.29653476719423,404.999237394426
2024-06-17,915.5084429969593,189.4981116711507,199.10616860431475,214.47214893161362,174.66617408743488,406.98344331471327
2024-06-18,947.6610238025592,188.64015384885965,196.69087539199913,213.01561198865744,172.74757384031741,401.24776092586734
2024-06-20,914.1103607130011,188.36966882121922,198.05017415945287,216.8492271793136,169.0312498059693,403.0231264459273
2024-06-21,884.6839709217154,190.094037122915,201.79101383861598,220.32160627292342,167.265849978579,397.4641266882829
2024-06-24,825.5511368799553,189.20226867216894,201.3304003033216,216.23165693789957,167.78981354427313,400.7818558117702
2024-06-25,881.3287657339508,190.58850443882628,206.7338085256515,217.12887089316632,168.53953569233252,410.17259072168156
2024-06-26,883.4956490537846,191.09990331945295,206.56530612421156,225.60009473179727,171.90919984850083,412.19697534340696
2024-06-27,866.6505042001825,191.39153311512177,208.28408243921692,230.54067444310178,172.59442309244554,417.37037803024657
2024-06-28,863.5052196732248,188.89794676558552,204.62188872968534,225.18061138102618,169.7890312125521,405.04743702827665
2024-07-01,868.81733410509,193.03137484567995,205.5655021777489,229.78326456476935,174.7306729915496,405.4169428746726
2024-07-02,857.424037130852,194.10910175292884,208.09310729310525,233.0459108729896,177.56828948757274,409.2889307677538
2024-07-03,896.6364153456544,194.73882470790426,208.7446787010719,230.237703379772,178.60016019173338,409.65848597373383
2024-07-05,879.5114831074961,197.60854117375908,214.11436916967438,233.0459108729896,182.46155087950228,433.7177293209256
2024-07-08,896.0770008213213,197.05065267900667,212.35064736532547,232.21859006619403,183.65465642598585,425.2106543649421
2024-07-09,918.3042870753171,194.21897317016382,212.2944914138051,232.27685509991068,184.34792651049008,425.75691688191563
2024-07-10,942.9778167142917,197.0548658823196,214.7659060307623,232.80120484337647,187.8143266048666,429.5244845748832
2024-07-11,890.485366079532,192.17341702338894,208.4637953028336,227.27802813488148,183.4531128730822,411.8595285468687
2024-07-12,903.3462915719191,191.68736298885955,207.90213214699352,226.62550242923584,185.84734597068118,400.7497227225365
2024-07-15,897.7546034152034,191.86065558493567,209.54222794548846,224.56304113961215,188.95903934631838,398.57274294663887
2024-07-16,883.2160219140077,189.98413945519212,206.61023434011577,224.91261356192004,189.29761513004712,393.45563486543836
2024-07-17,824.7124157054038,187.44831607057498,203.3524809409188,218.98158161740855,184.5091737707768,371.1234093257036
2024-07-18,846.3803942649195,186.1170225751571,199.61165853519506,214.1109306145592,180.72029157379063,382.2574013462333
2024-07-19,824.2930551181281,184.73921321512563,199.57794078146767,213.38849398045036,180.82509918848606,383.01252894322613
2024-07-22,863.5052196732248,187.20317588903183,204.08266377163824,212.71265870531968,180.54295063238482,391.5356704438266
2024-07-23,856.864889681151,188.01041776864028,204.21744841935072,217.21044549636807,181.3893963006886,392.5719749115106
2024-07-24,798.571097303501,181.26933184370563,193.9273841880663,210.70846244941256,176.1736652241132,370.54501371949635
2024-07-25,784.8013702531073,176.83166060849155,187.9173500471133,209.5665424645327,175.32721955580942,364.2310097638193
2024-07-26,790.2532715473977,179.73517457755744,187.6028179889053,212.654393671603,175.70612888604654,374.1037656920288
2024-07-29,779.9784831322672,180.3522316721062,190.44493788903026,213.4700508036601,175.9318377965565,374.1117619446492
2024-07-30,725.0395754528233,178.74200049193414,191.29871217872483,211.7338701468512,176.3832680355402,372.0874266825078
2024-07-31,817.9324056807575,176.81051584046318,192.70290461520392,217.8746170967602,179.02740023718312,381.43800757077304
2024-08-01,763.3430452797664,176.28645109940982,191.82669212771634,214.48381260635213,176.0285613168009,399.84195061178735
2024-08-02,749.7830252304738,172.64329025715764,187.22088497012126,195.642035065878,177.23777296236736,392.1301325946507
2024-08-05,702.1134083016276,167.00531546130114,178.89672815147424,187.62526782224168,168.70075811669162,382.1610267583241
2024-08-06,728.6742475355856,168.89029737340243,177.81826096194058,188.68561320391987,167.05622233122435,396.909867918689
2024-08-07,691.3492857456193,168.39159060369036,178.5484610660994,189.66441954238033,169.14414151511576,392.75672783470856
2024-08-08,733.7067882426002,170.19201969416605,182.01966235607986,193.19506366970677,171.95756781760494,409.39335096786743
2024-08-09,732.1690793409961,171.59938710360777,183.86199558318154,194.52342465048312,174.31957629907424,415.93233590776475
2024-08-12,762.0149899643368,171.93328018484544,182.31177348993432,194.36029322407174,175.56244062661045,414.4703050274218
2024-08-13,811.7816234892674,174.9762761215324,184.41246555028428,198.35702206114735,178.58091234780233,424.58403444509213
2024-08-14,825.3415901236335,176.18079288548776,180.1548736577458,198.20555430947445,178.9440756999075,423.1541860135669
2024-08-15,858.7521458612079,178.26392660573578,181.19962309355208,206.93311229247306,181.3653054508652,431.6452191047257
2024-08-16,870.7744570088962,177.1800308338231,183.06442906532556,206.315542051059,182.43872666198925,423.68430794654756
2024-08-19,908.6585128336372,178.4756105404109,187.23211270573745,207.66721260132041,182.3095674202301,425.1785212757083
2024-08-20,889.4368844889531,179.86012690010875,187.80502087063317,208.43626837439933,182.8099616905816,423.1300491769536
2024-08-21,898.1741242472585,179.58069045608386,186.31093745546693,209.86949574787047,182.72117324922232,429.9019866738995
2024-08-22,864.9030348825509,175.94367222800753,184.00802523994966,205.23188709989574,181.21195601557213,427.3074001369235
2024-08-23,904.2549863000729,176.4687213623583,186.05256134877922,206.2922324815739,183.07628976076793,424.1502624202288
2024-08-26,883.9150096410604,175.07147351601398,186.65920454084176,204.49778679104838,183.3507019254053,418.6234697911941
2024-08-27,896.7761487931531,175.21968377087208,184.99660145079616,201.72453476206238,184.03671991903488,417.00077346468254
2024-08-28,877.9738276208184,173.84785952208887,182.9408376063504,199.0212114415315,182.793830755571,415.1371036487098
2024-08-29,821.9164647971932,174.91481060404212,181.7388307781598,200.5593052076974,185.45716112928963,416.2937467823721
2024-08-30,834.3582433620103,176.61689224148455,183.5362357893573,207.9934754541432,184.81957319458328,418.7760896251584
2024-09-03,754.8855929060171,173.3567128929009,176.77352879957368,205.37170895682212,179.7915272232812,411.10442562966784
2024-09-04,742.374001032377,173.1280973935103,175.75125210843922,201.96924079167547,178.24192677126732,411.8916369563103
2024-09-05,749.3637180581244,172.9121477545464,176.63876142530057,207.28268471478094,179.47676909417163,415.20127110800917
2024-09-06,718.7490063989078,170.07961510484577,169.5390323591977,199.70869261140876,178.2177117418057,401.87433148613314
2024-09-09,744.1912836588316,171.78165736655632,167.27807732800622,204.38125672361508,178.29035683019055,405.5053212099613
2024-09-10,755.584473803217,175.37210722904314,167.22181773584938,209.2169700422248,177.64468480103318,405.5053212099613
2024-09-11,817.1636580598083,179.11495429921305,170.03396821859883,215.00816234981795,179.70273878192194,411.1606708757229
2024-09-12,832.8218164186401,180.79162546433832,174.00473464974215,217.8979266662453,179.7915272232812,422.22232642578865
2024-09-13,832.5421892788631,182.31162059224778,177.12056947075047,217.30366599431625,179.57360437609046,421.4350904193541
2024-09-16,816.3247766404776,182.62915961950443,177.79549456879883,215.43929159533553,174.5859043692606,428.8005275552346
2024-09-17,808.0063099052574,184.24230460383683,179.21283209266855,217.75810480931895,174.96522349230398,431.2448635182821
2024-09-18,792.4879384088508,182.40477044867072,179.76402754422648,217.23373728586114,178.11279236543584,432.5555085542627
2024-09-19,823.9442022337187,185.74116808896187,182.3849610527125,221.24212979767526,184.71466623617724,449.5617609327777
2024-09-20,810.872341196923,184.29308617273924,184.01598829551747,223.25798972832084,184.17390116542592,451.37098712751407
2024-09-23,812.6897840681569,183.54793982233144,182.0587176025848,225.91471168987357,182.77766256666894,453.83146367455447
2024-09-24,844.9150091736797,181.71039254192138,182.55368800886473,226.0079321878218,183.50403894273458,452.96312987148247
2024-09-25,863.3692786855013,182.95519067960674,181.65375908906788,224.3416446794841,182.69697063772455,456.9673767700964
2024-09-26,867.0741379815714,182.6164675085898,183.04860659482642,222.7452858796015,183.62510167207884,456.5895291539915
2024-09-27,848.6198150548233,181.2234722412903,184.42092953559495,219.02820075637862,183.84299968334193,456.2035372065141
2024-09-30,848.8994956095266,182.18880768446283,186.55815492029603,217.1172249984198,188.04785883258722,460.2882895867566
2024-10-01,817.8625389570082,178.1199558046785,187.84051778861974,215.71895308918027,182.5678486498569,463.52869692178825
2024-10-02,830.7946131313786,176.61266591292767,186.56943447623044,215.2878060636707,183.0278597018447,460.58577979998506
2024-10-03,858.7557246612777,176.3628662697768,186.56943447623044,212.02517753544242,182.1320153734392,468.594322956797
2024-10-04,873.225614567105,176.15962186697146,187.91925012544834,217.32695778380932,183.04401547278292,479.18417492246846
2024-10-07,892.7983392231079,173.39906805517748,183.3298181884135,210.673506985181,178.91988550637353,470.2106518969629
2024-10-08,928.9381306258018,175.5880306175191,184.90462038594046,212.91074559596268,182.21273213831128,476.7317933472166
2024-10-09,927.2603677871406,176.75237100969613,182.0699798850798,215.76555444815838,185.2553816350733,474.81797419382224
2024-10-10,942.3593786962713,176.0664588853045,182.31743917806068,217.49008921022076,184.85182264664064,469.44666425462833
2024-10-11,942.2896188023745,176.26970328810987,183.62229206449555,220.01865298958566,183.64931670154044,474.3677654274614
2024-10-14,965.1477887522453,177.46368048116094,185.55705546587762,218.52714280240585,186.6758476812557,474.74561304356627
2024-10-15,919.9207295784554,177.29432545827447,186.11947865305174,218.70193790355583,188.7338768262168,471.40875708124935
2024-10-16,948.7205622829059,176.1850060888007,185.7820247407473,217.76975070406544,187.06322606282248,463.7859590739945
2024-10-17,957.1789227104043,176.4390714362403,183.2735758696961,218.51549690765935,187.36184083895765,463.8986470044409
2024-10-18,964.6585080262937,177.04876526892443,183.8247540478146,220.21673988022866,189.66199544260726,463.52869692178825
2024-10-21,1004.5730254488072,177.31128327347784,184.55592146458036,220.3099603781769,190.8564545471479,462.47536339759785
2024-10-22,1003.7339837846973,181.00756197805828,185.7595519960755,221.04404290703226,190.35608511272406,467.9833993846835
2024-10-23,975.5633789134029,179.7754559512875,183.10484891354383,215.22955880994604,186.2400019868742,453.2525251129224
2024-10-24,981.5051484978355,179.83049009923474,183.03736158577084,217.17549003213645,186.08667738750876,456.5412061211807
2024-10-25,989.4040409860743,181.27851951448147,185.9057543872377,218.86506932996724,186.76462370465114,460.93958929864476
2024-10-28,982.2737892889318,180.618030987651,187.5368161769215,219.51759503561289,188.37070105614782,464.8875662714116
2024-10-29,987.3769445286657,182.88743817025698,190.86639253718323,222.36075799306207,188.58861148537474,477.04537478485395
2024-10-30,974.025456352093,183.13301148485098,196.2432169362619,224.5746870343587,185.70734584650154,475.85521649360373
2024-10-31,928.0293290677953,172.0484410753985,192.4749470353164,217.19878182162952,182.32573560913215,456.3804419558439
2024-11-01,946.4836519945434,173.75047021186506,192.67740901863547,230.63387716105802,179.90450585817445,456.0427236815932
2024-11-04,951.0273392950177,172.94177143017646,190.37147395122153,228.12864073117018,179.17812948210883,450.8322766269043
2024-11-05,978.0099962028664,174.21196691493503,190.93387986495625,232.46329609580712,180.34030188070062,460.28024397455215
2024-11-06,1017.8543264120719,177.90403241620254,198.5491692771152,241.30738414623903,179.7511440049175,459.97465878953517
2024-11-07,1040.7127100216485,180.1268581079751,203.3185904527973,244.75647145035575,183.59281496613,475.77490845031144
2024-11-08,1031.9747758692995,178.90325723929394,200.61892460748268,242.5774800932987,183.37466859559038,473.87727924049415
2024-11-11,1015.408029612167,176.98527846386344,202.8686691764974,241.01607675764777,181.16894018887723,468.91604872580706
2024-11-12,1036.5884367233762,179.1107148454122,204.29723443598334,243.42811046957937,181.16894018887723,470.24278498619657
2024-11-13,1022.4680940960016,180.02949504823923,201.2151173687024,249.47565470153216,181.88802722017672,466.3671198041017
2024-11-14,1025.8931660075154,180.74505709874882,197.50307251303497,246.42274117870144,184.3926932700845,464.083548006391
2024-11-15,992.4797792788411,175.7108172748161,194.02724194129277,236.0871607210818,181.79108017658345,445.5253315853459
2024-11-18,979.6875453818222,176.03260888111757,197.18810861884168,235.02679755941162,184.23111072477445,445.7825937375521
2024-11-19,1027.6406887400733,176.89212860744047,200.3601857585674,238.4176198298117,184.44117300086305,451.16199864853456
2024-11-20,1019.8117698054368,175.91828800617833,197.9530283362137,236.4017776791581,185.02290493427793,454.7240823929921
2024-11-21,1025.2642586639179,175.15887451558007,188.5604229228905,231.15824468451584,184.63509192397723,452.7700845381596
2024-11-22,992.2700722777399,176.9110158335068,185.33208619100796,229.69004406682112,185.72581135871152,449.59404210076366
2024-11-25,950.8177391237695,177.6704161988611,188.58291294100172,234.73549017082038,188.14969855392812,454.39436037136176
2024-11-26,957.1090559866548,181.57348312211755,190.2364474753573,242.2046158814978,189.919134219562,461.1726652546535
2024-11-27,946.064344822194,179.4522599438817,190.3601943952871,239.73433491584154,189.81411549948155,457.68309073920415
2024-11-29,966.4060307588519,179.6516455249612,190.04524777453324,242.23957134572936,191.75323022284036,461.7998774895123
2024-12-02,969.0623550494164,182.84202482613645,192.90237829350508,245.5255272234347,193.5792048777762,476.6834703144057
2024-12-03,980.4565066624772,182.935332185487,192.73365133735288,248.70659892845325,196.05154696784368,493.4244642880941
2024-12-04,1014.568881118204,185.57414935950123,196.14197730788266,254.20648384745513,196.34242535251494,493.5289585275838
2024-12-05,1014.0797072221053,187.78022723997384,194.195968897445,256.9913817711877,196.3666527999404,489.6292058684597
2024-12-06,995.7640494443278,188.18327723166556,196.52446307672776,264.5420643050748,196.2050826725942,501.5617372401773
2024-12-09,970.3873657140404,189.22265217604732,197.4929330041016,263.44674567917303,199.36420025208466,493.36009939045846
2024-12-10,944.2420411926564,188.08143846373744,208.5291925444381,262.2232510910914,200.18833083939228,497.98366099047905
2024-12-11,973.8828384985678,190.48268872197661,220.0497129586206,268.3057507872758,199.1541379759961,508.72608343053054
2024-12-12,960.1110816809704,190.7244950915525,216.1757641553677,266.8026124853415,200.3418541261789,507.2063511964023
2024-12-13,938.5096581197665,189.75295140798428,213.7658084358296,265.04312225904755,200.47918438813585,498.81176673252884
2024-12-16,922.7802442490987,191.58572109959093,221.46869145923426,271.4169115638312,202.83033956922085,502.344580243629
2024-12-17,911.5251851044197,192.80332373177987,220.07223752361065,269.342804379461,204.80177825241995,498.4818472725621
2024-12-18,901.1788206878947,185.56143099809867,212.1666334152958,256.9564263069561,200.41456130438294,480.5766581488478
2024-12-19,913.5524952215342,185.4086794088285,212.2905357961803,260.18409937095277,201.82041140714156,479.27292345463786
2024-12-20,941.6553699661357,185.22627789344034,215.55637316502091,262.08342923416507,205.61783716324035,470.96817343378336
2024-12-23,976.3993225117808,184.65354474776302,219.18258630026247,262.2465606605765,206.2480239915061,482.717185871905
2024-12-24,980.2443425747609,186.38443629570963,220.8492659220087,266.8958329832897,208.61535977945698,489.0746015817772
2024-12-26,978.2170324576467,185.86686855041918,220.27495860852082,264.56537387455984,209.27783331367155,485.5337424584725
2024-12-27,957.8039841793,182.65109190217072,217.07667766121085,260.7201127891571,206.5065908343009,482.68500342308715
2024-12-30,961.1596166864759,180.23288382872818,215.36493163604518,257.86530393696137,203.7675978069876,475.78843297634836
2024-12-31,938.789231844617,178.82012194401665,213.1802215664073,255.63971122092627,202.32942374438863,471.1774087106832
2025-01-02,966.8918929295129,177.58133516806745,213.3265966919636,256.6068538846482,197.02112916545073,482.2263048082652
2025-01-03,1009.9551134342746,179.6049984079079,215.98430535295253,261.23281663787645,196.62521964273517,486.56372889939485
2025-01-06,1044.6291992561705,181.5141176436617,221.70514757131124,265.21789958020554,197.950266054875,507.1407523091647
2025-01-07,979.6850882952072,179.18923005481363,220.1510735010757,258.8091370311983,195.69607033534712,497.23453058295155
2025-01-08,979.4754881239589,180.11833982464148,218.41680291092,258.83244660068334,196.0919426041712,491.4645926427566
2025-01-10,950.1142645428981,177.73829996065052,216.26586241532775,255.11536147746043,191.36540479457585,495.6008764287748
2025-01-13,931.3789791032128,176.99165733243066,215.10591641209936,254.55605626976302,189.3858944348895,489.5412964492196
2025-01-14,921.1025882402901,176.3467747206751,213.58561191590945,253.74038135771397,188.48097257492688,478.2106558457296
2025-01-15,952.4212552147156,180.8607429990605,220.21861264916694,260.25402807940793,192.18951054595578,496.61487036445635
2025-01-16,933.7559433286326,180.12679248175525,217.2455946251966,257.1195577333675,184.4250172299248,491.931336869783
2025-01-17,962.6976460776385,182.0147144485048,220.72538081456358,263.27196835801504,185.81469914378138,493.11428866175805
2025-01-21,984.5087766399434,181.7898658941323,223.0340105385254,268.83011831073367,179.88427699510112,496.08381059937835
2025-01-22,1028.131251424259,189.29904109592636,223.3943690314869,273.84059117050936,180.84573784436566,501.7490075021632
2025-01-23,1029.179893259617,189.51539761745323,222.9551572876209,274.318339554997,180.70839516444488,512.1703458477978
2025-01-24,997.0221846210816,188.3911548455907,225.46650809649287,273.6541679546048,179.99739222759644,521.054528026125
2025-01-27,827.8458421186978,184.3607993063571,216.00681264450313,274.318339554997,185.71775210018814,531.025114649974
2025-01-28,901.7382886271542,189.72327523137835,219.93710740710992,277.49941126001556,192.5046287960163,542.6534922646127
2025-01-29,864.7570518886617,187.6571780777975,220.06099251455504,276.24097898769435,193.39338246707686,544.3916900178633
2025-01-30,871.3982899344845,176.05828185831405,226.20973237396652,273.4094619249917,191.9632676630013,552.8494053897705
2025-01-31,839.3805818180798,176.08799741065187,229.75714407862176,276.9517519470647,190.6786293051528,554.6037437270138
2025-02-03,815.5421411386607,174.33159038843635,226.61515727034748,276.64879866372695,184.2230266303234,561.2668927006554
2025-02-04,829.4537916485363,174.94675744785405,232.4148527396107,282.0554630847806,188.09315956462618,566.6827249846862
2025-02-05,872.656638770944,175.33707595289926,215.46629217850025,275.1922617207708,187.826533463308,567.2299746933413
2025-02-06,899.5709245729827,176.41040590341973,215.77033925898675,278.29177660257955,188.43249284414833,572.9595858533457
2025-02-07,907.6802718712925,173.8352330373941,208.72063407341383,267.01234527073103,183.91600489267773,574.9955699773292
2025-02-10,933.7559433286326,174.88312626510944,209.99320290159233,271.6616175934443,184.13437478656624,577.3131998880524
2025-02-11,928.3730007043425,174.55221261425197,208.69812678186324,271.2188246731882,188.15436770832687,579.244541693794
2025-02-12,916.7683942812109,173.53402181363046,206.7724146627318,266.7559933463714,191.59198296255363,583.7349311359762
2025-02-13,945.7799637539663,174.17038614205242,209.6215648526964,268.4339267494556,195.36121994076632,586.2940281320014
2025-02-14,970.6671530985965,173.27523137836326,208.59674896596871,266.46468595778015,197.84437807732667,592.8203029789989
2025-02-18,974.5118526720182,173.78858592034078,206.9525766357731,264.0992713848187,197.73923517760792,576.4843537522415
2025-02-19,973.323584219014,175.96494824847557,208.6417980959488,264.0759795953256,198.06274797121517,566.3447599125151
2025-02-20,979.4754881239589,176.89590867770255,207.8422451325607,259.70636876645705,198.83925566724824,559.158547426416
2025-02-21,939.7679001263731,173.52915234811928,202.32408945223335,252.36541901795948,198.61278926094488,550.0730768642251
2025-02-24,910.7563306536176,171.73948595769525,201.86238769025616,247.85598633216455,199.86650688886542,537.6641761465861
2025-02-25,885.2399134758315,169.14638400841275,197.54922714313722,247.96085272485934,199.81797748623157,529.1098147090573
2025-02-26,917.7469557331142,169.9243172182463,194.51989770669184,249.7669620901234,194.41485933551473,542.146519976564
2025-02-27,839.9398360976337,166.86360220220593,189.7562976800907,243.23002357893637,191.93978529340544,529.7053874505232
2025-02-28,873.2858131891735,168.75953056777442,191.76081122980844,247.35492837819183,195.6119634663504,537.7204954320173
2025-03-03,797.3661099785292,165.1462034050558,188.07832122897065,238.8953682142994,192.53025947335416,527.1382942018778
2025-03-04,810.8583464862025,165.1972081031056,192.48156276261025,237.47378673557483,190.8316434554226,515.0270811358035
2025-03-05,820.0162287900177,170.47267678587977,194.8464693521683,242.78723065868024,190.67799598899768,528.2809192136623
2025-03-06,772.9684150195562,168.71703102781424,194.09194824532082,233.8615680050467,190.3463494290841,505.31405282166526
2025-03-07,787.7888136725119,167.19518524050565,195.7924319879915,232.17198870721592,193.37145234295932,503.4873039745817
2025-03-10,747.8715186738249,161.60514383561105,187.00963080614278,226.68374968296052,183.99689550904338,481.22040584437224
2025-03-11,760.3151133461399,161.7284423774227,184.94638756243268,229.0724738254071,178.62613857205832,487.4329018153961
2025-03-12,809.1850170864335,162.92721028452118,188.4076738981921,231.75250535644483,175.50397685291543,498.5783946190156
2025-03-13,808.066401697473,161.01425847752947,183.5032435200851,225.92635758462006,169.59935923306654,475.305597524913
2025-03-14,850.6440271062056,165.17595833312552,186.58121496190773,230.65718673054306,172.6811004799543,489.3888740535917
2025-03-17,835.6823993878116,165.2354944397529,185.22827282015672,228.082039372192,173.09361282030585,487.2141894983536
2025-03-18,807.0177064471883,163.03347225966561,181.14690455647423,224.67957120704543,172.0340128029207,469.05938895796487
2025-03-19,821.6296800572769,164.86139873624901,184.77728059061346,227.84897923732547,174.09657450467847,470.4287225394124
2025-03-20,828.6910264993454,164.44481661802888,183.54839629070165,227.1614980674482,173.1745034366715,471.99115081376675
2025-03-21,822.888135723589,166.3237346674181,184.89004160307883,228.6296986851429,176.54739626343468,480.2470842059696
2025-03-24,848.8263171603396,167.0973890477189,189.05031493798404,236.8445528194222,178.53716386124168,498.450109060001
2025-03-25,843.7924410801646,167.98162360842883,192.29735880474706,239.69937945160993,180.9798766896192,504.4587993083735
2025-03-26,795.3420581719263,165.77536197454071,186.09638406456122,234.36262595901943,179.18423912031145,492.1113019133256
2025-03-27,779.0520546485442,166.03467741956655,182.91701753340467,234.63062377812562,181.06077972394868,485.3455343643892
2025-03-28,766.7471785401259,161.02700308941994,173.99891350066113,224.56304113961215,176.24812333521675,464.53281894065447
2025-03-31,757.7282818748399,159.57745114587317,174.3484242736735,221.6965686126779,179.6695579825776,464.2266908002126
2025-04-01,770.1031315368602,162.4681155010969,177.08812995153937,223.922161328713,180.52691904108485,471.99115081376675
2025-04-02,771.9907082064757,162.4468657311168,177.0542567368573,228.39663855027635,181.0931161017528,470.32393214241824
2025-04-03,711.7249435754763,158.6082043799989,169.92880751947362,207.88860906144845,164.34993822062995,428.1910847706433
2025-04-04,659.3592999760234,152.96715827705447,164.15630044384102,199.25425379640612,152.37089974356905,406.53266691313553
2025-04-07,682.6405695580188,152.12547575728064,165.45284480591994,204.2181252972037,146.77367640028066,415.81135556719346
2025-04-08,673.2721790292064,150.722636557007,163.1415722457285,198.8580800151201,139.46168126812245,411.13981645145066
2025-04-09,799.3271855868902,165.99640420816323,178.93713072625312,222.67537495113837,160.8395536983801,471.8060030138962
2025-04-10,752.0652313764352,162.1110169885283,172.2964605858978,211.16290126441527,154.02094910497524,440.0069794451884
2025-04-11,775.5564216192374,165.1292062141205,177.16701774932267,215.4159820258505,160.2733566377121,437.8162036655414
2025-04-14,774.018285398222,164.8571461572042,179.34298745861932,212.2116007513469,163.80803069720656,428.0783474806128
2025-04-15,784.4354245922455,163.9729509722262,176.2312464427511,209.26357140120297,163.50066125657378,420.0561317190117
2025-04-16,730.5316981867035,157.97055377766833,172.87145883696203,203.13447034604044,157.13502672966712,404.58345693795843
2025-04-17,709.557472691452,156.34243288997135,170.42488342587578,201.13027409013338,159.3270084504244,403.9149554110197
2025-04-21,677.5369335839473,152.6611038382676,166.4900975690225,194.96621757073927,156.2371955270494,390.36737844832226
2025-04-22,691.379839083528,155.9343428045969,170.77441147232753,201.79444569052555,161.55943547936445,402.9484207154277
2025-04-23,718.0869818009336,159.1523376190755,175.14891000278968,210.44046463030642,165.49044127234458,419.04929492302125
2025-04-24,744.0950299614337,164.6403171268946,179.57975449260567,217.36191324804093,168.53977163364524,429.42349486586284
2025-04-25,776.1157293137177,166.57454495435434,182.6013281547562,220.21673988022866,169.27583402149548,440.7963379137382
2025-04-28,760.1753264837147,166.28123512745793,181.0792444943071,218.71358379830235,169.97145110116293,442.7857759499376
2025-04-29,762.2027434306818,167.50550538358132,180.57190630540995,218.35236548124794,170.8369335080127,446.571359891093
2025-04-30,761.5035954588499,168.024123148389,179.03859490934465,214.89163228238465,171.8803280826043,442.189758972215
2025-05-01,780.3105103148563,180.83657942492007,181.8572056584333,221.6266576842147,172.5436087844676,460.884207845311
2025-05-02,800.5157211145265,185.03653936667547,184.93512527993767,221.37030575985506,166.09708364119535,480.8672873798896
2025-05-05,795.7615255890548,185.41488764922417,185.1380881929996,217.14053456790487,160.87191491211186,482.67957386883876
2025-05-06,793.8039753658372,184.19909630070248,184.03317536772994,215.5791134522619,160.56453305351522,473.04640936173615
2025-05-07,818.413674167747,184.21609349163776,170.67294728923596,219.8904770274058,158.73653427047566,480.69813208525983
2025-05-08,820.5810916368449,186.2650884523316,173.94253299442846,223.81729493601824,159.73952079077594,481.6646914606439
2025-05-09,815.5472689715964,186.50311475164546,172.21752096779625,224.95921492089815,160.58071366038112,477.218577565378
2025-05-12,859.9426577411215,190.9794135798499,178.65528001540793,243.1134935115031,170.72077587437988,515.0261926632902
2025-05-13,908.3929338195071,190.92839575655614,179.8616052034509,246.29456521652165,172.45398833953197,528.3966180787374
2025-05-14,946.2165773624738,192.54375890711867,186.44589483757352,244.9895138052303,171.9680485790745,531.0787685178649
2025-05-15,942.6508105347855,192.97816510664393,184.85620293527555,239.07014553545736,171.25531954525417,518.610488220582
2025-05-16,946.6359913646759,193.46366788092672,187.3703865882107,239.5595398146916,171.10144855548035,515.7591824868247
2025-05-19,947.8246871370916,195.42268929423724,187.7650155849607,240.22372919507578,169.09286774247627,515.8316917158329
2025-05-20,939.504778198858,195.12458875329347,184.878744773705,237.7884036936511,167.53784064027022,513.1494919171213
2025-05-21,921.4670916981387,192.73966629854732,190.04246675078832,234.35096228428088,163.67457483996347,511.8607625364706
2025-05-22,928.6681715877058,193.71493755140173,192.64685230432,236.65812960351772,163.08334316422136,512.7225808744445
2025-05-23,917.9012180405977,191.72182987951288,189.94098529425736,234.199494532608,158.15099002216607,505.06281253871646
2025-05-27,947.3350859215815,196.19778745137427,194.935583026082,240.06059776866434,162.15195862334454,517.3539906483331
2025-05-28,942.5109702574339,194.77961796614895,194.32674610721452,238.5457957919915,162.32203505591187,518.368823696944
2025-05-29,973.1334270809805,195.34179841567806,193.76304468552408,239.6877157768714,161.94134995684757,519.5527626806006
2025-05-30,944.7484146950605,196.05724233899198,193.6277591080687,238.88370453956088,162.67027201549763,521.5181132397705
2025-06-02,960.4790036941095,196.74293133423618,190.5723640515543,240.79468029751973,163.35869909410954,540.3735730761239
2025-06-03,987.3259866888668,197.16880612518386,187.3591415791551,239.69937945160993,164.63027375401256,537.1115462432667
2025-06-04,992.2199690767637,197.55208949946356,189.46748577316345,241.4705155726504,164.26581893366944,554.1063965578601
2025-06-05,978.7266108556357,199.17468465945112,189.64785502747773,242.26288091521445,162.49211148847925,551.4242954783166
2025-06-06,990.8217799629527,200.32454790753422,195.81499109986032,248.85808446011808,165.15670849450817,561.967601356204
2025-06-09,997.1839250182629,201.33389229372304,198.77248030180152,252.83150372770868,163.15623661188275,559.0277445286135
2025-06-10,1006.4825022382523,200.55452843229725,201.60580802126705,253.565604036556,164.14433399355508,565.745139685155
2025-06-11,998.6515535364119,201.2785168894327,200.19477530278178,248.4269374346085,160.99377239114102,559.0921587858332
2025-06-12,1013.8239565544355,203.94025073941063,198.3322494250104,248.47355657357863,161.33393767423956,558.4638606401247
2025-06-13,992.6385284401432,202.2750772879991,197.16957421835528,247.14519559280225,159.1066765182513,550.0147831954309
2025-06-16,1011.6563788405582,204.05525412703608,199.54007740228198,251.80611381026208,160.70222343642314,565.9547204791434
2025-06-17,1007.6709843509623,203.58678791942046,198.61444560464378,250.3146214030743,158.45064790726263,562.0130615331383
2025-06-18,1017.1800163810225,204.52370720940775,195.6456941202076,247.6345898720365,159.21196843353596,560.8362303295887
2025-06-20,1005.7831940216412,203.31422910323346,188.1052159741313,244.33698809958466,162.79176937357582,550.0187813217411
2025-06-23,1008.0206384592678,206.97676280557866,186.46841940256357,242.9154066208601,163.19673159192087,563.0609655030803
2025-06-24,1034.1002626211625,208.7271190903261,188.25198838879402,247.92589726062775,162.22482723507827,574.0799003331279
2025-06-25,1078.9182702884746,209.64701493889018,192.66561125951876,247.01701963062246,163.24531066641003,571.24251400208
2025-06-26,1083.8826535493852,211.8530928193628,195.89401708515894,252.9946351541201,162.79176937357582,585.2760854295936
2025-06-27,1102.9704775034024,211.21000836603054,201.52678203596847,260.1957630456913,162.85655389085852,591.3538790956732
2025-06-30,1104.6484540017696,211.8360562526956,198.9305149989593,255.63971122092627,166.16908299546122,594.9489844018779
2025-07-01,1071.8564965269948,209.55334007270858,198.49026684872874,256.8865153784929,168.31535419137325,579.7383843324783
2025-07-02,1099.4745773994634,209.1445018484281,201.65096079188353,256.2572814623403,172.05715988749324,575.184172948085
2025-07-03,1114.0875124782276,212.44506757269352,202.65560130138093,260.3239390078711,172.95614596074682,579.5691796782644
2025-07-07,1106.396404053739,211.9680699565003,199.56263651415082,260.3938499363343,170.04045772614666,579.0371820810889
2025-07-08,1118.7021348009796,211.49959062364073,196.8196316093577,255.6047557566947,170.08906163656346,580.9072686429915
2025-07-09,1138.8388142500608,214.43389641504962,199.37076314918983,259.31017720517906,171.00425315261057,590.6687187091086
2025-07-10,1147.3689643386595,213.56937597077587,200.49956514116286,258.98391435235624,172.0328330963572,586.2030584185486
2025-07-11,1153.1023088802249,214.35299241124645,203.40060474311375,262.19995930159837,171.02047101336794,578.3600673067289
2025-07-14,1147.1592573375583,214.22521816124257,204.94707850000907,262.98066096942387,168.96327387198323,581.1087544651914
2025-07-15,1193.5154012258859,215.41767282599363,205.44375897679052,263.74971674250276,169.3601395779134,572.6208803874135
2025-07-16,1198.19999710224,215.3325031179017,206.5387223009603,260.06758708351146,170.2105465766778,566.591508473313
2025-07-17,1209.596712631769,217.92185124741005,207.2272761427028,260.871598320822,170.0971581489783,565.3823961017774
2025-07-18,1205.471584694674,217.2191519359866,208.89792865551323,263.49336481814316,171.03665162023384,567.6958798074385
2025-07-21,1198.2698638259897,217.22339138978745,214.5871432063131,267.18714037188096,172.08952110122505,574.7004983837204
2025-07-22,1167.8550842363404,215.1834528474298,215.9868790954245,265.0547681537941,173.6445606213949,568.1230376480355
2025-07-23,1194.0748691651454,215.4389750969496,214.73388107409698,266.01024714277753,173.44207330324048,575.1922185602896
2025-07-24,1214.7709097236332,217.57261475597676,216.92375590211833,270.6012544317741,173.12620997535032,576.1756095538436
2025-07-25,1213.0927195655604,218.77786653359422,218.06387199690457,269.6807309070223,173.22339296025632,574.4667807531187
2025-07-28,1235.8163907307207,218.2625432050218,217.38659771109656,271.25378013741977,173.36110817909187,578.4568614511027
2025-07-29,1227.1462935349177,218.29236375931137,220.96492887229488,269.17967295304953,171.10954506789523,564.2458916784183
2025-07-30,1253.435945187472,218.57769343787677,221.84540789931657,268.2241939640661,169.31154808546043,560.3848369332101
2025-07-31,1243.6472326027085,227.20595319065495,216.61900061061607,272.79189168357766,168.11287929118262,623.4433344570865
2025-08-01,1214.6309626164286,223.2070063602307,213.49221442902214,250.23304679987257,163.9094482077774,604.5572223190218
2025-08-04,1258.5399550660286,228.1173701316173,220.16345855713234,246.62082806934444,164.69505827129524,625.8051411955582
2025-08-05,1246.3740645961393,224.7571764240168,219.74580406564942,249.06781724550763,164.34680889374567,615.3988081634828
2025-08-06,1254.484693852683,223.56046918022088,221.34872742253512,259.04217938607286,172.71316366255425,622.2744995061573
2025-08-07,1263.923859158994,221.8143917250062,221.83411106994276,259.9976761550483,178.20433759476458,614.0849053949532
2025-08-08,1277.4180720189447,222.32543622404583,227.36527365014547,259.484972306329,185.75270866835965,620.1062316968492
2025-08-11,1272.9432899735443,222.2104590869083,226.89118683211169,257.86530393696137,184.20400230974127,617.3414533139778
2025-08-12,1280.634398398033,225.39175571925944,229.53260663973737,258.0633908276044,186.20675909771074,636.7917454980358
2025-08-13,1269.6570968707067,221.70366716691348,227.9748533269076,261.66394588339404,189.19060953575442,628.795640956411
2025-08-14,1272.663609418841,222.51278595640898,229.08109620701183,269.14471748881795,188.744668036782,630.4480517525367
2025-08-15,1261.6863078915144,221.5290226707089,230.16472815492892,269.2029825225346,187.7797549935737,632.9468806964045
2025-08-18,1272.5936358652386,220.22156461833237,229.71321772220335,269.73899594073896,187.21219195688482,618.5505163259293
2025-08-19,1228.0554155824827,217.0999090945603,227.53462245011647,265.68398428995465,186.94460967235202,605.74214849436
2025-08-20,1226.3773322542627,215.37508140932567,224.99478773965816,260.79002371762033,183.25534438118183,602.7112725937326
2025-08-21,1223.4405796000249,215.09781063055507,225.4801713870658,258.62269603530183,182.35534003489448,595.7629733028818
2025-08-22,1244.4862742668183,216.3732824633878,232.63681643602308,266.6511269536766,184.6742954357774,608.4101820924416
2025-08-25,1257.211525846114,215.10635516437665,235.34599994645237,265.602427466745,184.18779686694774,607.2091153331105
2025-08-26,1270.9156593668715,214.15935568702383,233.82208530142586,266.4996592020037,185.93108030076309,607.8539982990687
2025-08-27,1269.7270704243087,216.16426295323765,234.20588385166607,266.97738980649945,186.88785957766504,602.4372775425245
2025-08-28,1259.7285440085911,217.40134344747136,238.901737448903,269.86717190291876,188.56627156845093,605.4438685277862
2025-08-29,1217.8470753358113,216.14292130654977,240.3353465526965,266.8375679495731,188.22572132847378,595.4406058592788
2025-09-02,1194.0748691651454,215.4731926079676,238.57440577209252,262.5728235133993,186.26353402832538,592.5468015236316
2025-09-03,1192.9560401164792,215.57131693185346,260.3717589629718,263.3302333917317,193.35827688333944,594.1105625067561
2025-09-04,1200.227627708913,216.68895770600133,262.2229880113694,274.6212928383348,194.42044741923667,603.4609953162691
2025-09-05,1167.7853243424438,211.15623424150397,265.27080002798294,270.7177844992074,194.34747946379233,606.5240043061301
2025-09-08,1176.804861986847,212.521285864401,264.4234169108699,274.80773383423127,192.87988724488844,606.4030239655589
2025-09-09,1193.9349220579409,212.61086565446536,270.73912183561384,277.6042954327023,190.01765834456123,617.2043323894136
2025-09-10,1239.8716519440663,213.4469568203099,270.2193985906601,268.38732539047754,183.887791278864,606.1451694983438
2025-09-11,1238.8226896191495,213.71998814527964,271.57519084991367,267.94453247022136,186.51487361617316,605.2746638735723
2025-09-12,1243.3678725375635,217.5122517589796,272.0610063333066,265.84711571636615,189.7906331298857,609.0550650583998
2025-09-15,1242.8782713220535,219.8413656763845,284.2743816756445,269.66906723228374,191.92310796798648,616.3982903814459
2025-09-16,1222.8104971280463,217.14538806490066,283.765972533504,272.7219807551145,193.0987911112215,627.9250366124714
2025-09-17,1190.7158181026791,217.5634402104449,281.9243475174181,269.8904636924118,193.77991642710344,625.2811398510031
2025-09-18,1232.3200633073707,216.8937246371067,284.748917603103,269.4360248774092,192.87988724488844,628.9326631618071
2025-09-19,1235.326575855505,220.9376779290885,287.78814472033,269.7273322660004,199.05838305693015,627.4252708236979
2025-09-22,1283.8531818637362,219.45318658610566,285.3138281655521,265.2412091496906,207.6369484095693,617.1853783091282
2025-09-23,1247.6330544117156,217.2264626968754,284.3308830959531,257.17782276708414,206.2990990767244,609.3129195256149
2025-09-24,1237.4242868456329,217.61889436619902,279.22409437516353,256.5952079899017,204.58013001608126,613.5556225749019
2025-09-25,1242.4588573198512,216.28795525236825,277.6987978549843,254.19482017271662,208.27750423763013,604.0779901172241
2025-09-26,1245.9549710834958,218.17770162802904,278.5461809720974,256.0941500359289,207.13424439794608,599.9158419091497
2025-09-29,1271.5467033075256,219.51713277470546,275.7329249892257,258.8790479596615,206.2990990767244,599.633603807401
2025-09-30,1304.6201574445017,220.94620933766603,274.65962255807545,255.8494617863078,206.46125284837046,592.3579023953713
2025-10-01,1309.235207086665,221.69697329249107,276.693276400077,257.08460226913587,207.1261354675674,578.6133313326249
2025-10-02,1320.7724038726622,220.00347556460204,277.5858468346854,259.15870945350616,208.48834884543982,586.4454633359477
2025-10-03,1311.8920655264938,220.6902408298514,277.201702815657,255.77953307785265,209.20998155932372,573.144486855296
2025-10-06,1297.3482493625095,225.47646604381256,282.94118307513855,257.3992014472202,208.13155590877764,577.2582133113914
2025-10-07,1293.8520287690123,223.51846839953134,277.6649246403022,258.42460914465886,207.96130562471672,575.1771638871462
2025-10-08,1322.3106469235306,223.88957154741115,276.376930630731,262.433001656473,209.24239244491082,579.016648494113
2025-10-09,1346.503976374044,222.84448712190436,272.88577851823254,265.3693851118704,205.9828756278833,591.6562065481411
2025-10-10,1280.7066153785445,217.9644164135901,267.28187748467633,252.12071298834636,198.87190249414803,568.9017344464249
2025-10-13,1316.7869025532134,219.28253216406662,275.8459278298428,256.4320765634902,200.80978783908802,577.2904451197933
2025-10-14,1258.8207039192603,219.0777914834492,277.31468838283473,252.14402255783145,200.89897365528975,571.6038755171033
2025-10-15,1257.4223011457436,219.01807162340629,283.6190964782048,251.188543568848,202.17197638103278,578.782684065591
2025-10-16,1271.2669159229697,218.2416871923607,284.1049119615977,249.90678394704977,200.63951271909946,574.3624839519653
2025-10-17,1281.1261362105995,219.08207031298193,286.18378766797343,248.24049643871206,204.5639121553239,578.2745271475244
2025-10-20,1277.0705545076958,220.45136138967982,289.85570632389255,252.2488889505262,212.6316521479973,590.5753303760362
2025-10-21,1266.722053494114,220.82249078804753,282.9750908366995,258.71591653325004,213.06138820417618,591.4626182593935
2025-10-22,1260.5687608010824,222.05106612419158,284.3647735840746,253.961777817842,209.5586034757881,591.5755036281762
2025-10-23,1273.714281021403,222.0595712822812,285.93522287487036,257.6205979073483,210.47485051876043,592.0514287378409
2025-10-24,1302.3826061770224,223.3606242156026,293.66325602605525,261.2561262073615,213.10197010996106,595.5682003841163
2025-10-27,1338.9523877373485,226.73488818473416,304.2270006313442,264.47215337661163,217.9588096139876,605.6186014554168
2025-10-28,1405.658657120707,231.23527183561526,302.19336406278205,267.12887533816433,218.1128668732188,606.1187127612789
2025-10-29,1447.6823163276008,231.01345521259879,310.2151147776865,268.3523699262459,218.6804423278715,606.3042060782379
2025-10-30,1418.6643370636762,224.2777900134219,318.0221911876094,259.683059196972,220.05883631260983,537.5810546070014
2025-10-31,1415.8674246867897,220.88646322713524,317.6945140420107,284.57236318940693,219.22370340935197,522.9652868853066
2025-11-03,1446.5635941087876,220.55376454309842,320.55295734237774,295.9683068086968,218.15337427122077,514.3830372827747
2025-11-04,1389.2967036914454,219.4020112598843,313.5706876642596,290.515041028665,218.95612112481916,506.0023228620266
2025-11-05,1364.9636407934333,216.3434356586103,321.2195393691913,291.5404309461116,219.0372352645337,512.9633569255692
2025-11-06,1315.1087123951406,212.05204526739138,321.7167035022762,283.1973830696605,218.73719242255848,499.2429226994362
2025-11-07,1315.5978862912393,211.9326055473056,315.02808229412005,284.79375964953505,217.68313081703994,501.4772336322385
2025-11-10,1391.814042343481,215.8485877106241,327.76119815485123,289.44301419225627,218.67328958070743,509.58365684427395
2025-11-11,1350.6294248006973,216.99182271050464,329.12828724347867,290.25868910430535,223.3969091688036,505.80873457327897
2025-11-12,1355.1044205058033,218.041225341276,323.93108934081965,284.5490536199219,221.9522032572319,491.23329363177453
2025-11-13,1306.5780281572777,214.69255559787717,314.7343647304005,276.83523965962337,221.53019117455312,491.9431338103773
2025-11-14,1329.7223952828745,217.63167835382143,312.2939732106228,273.4677269587084,221.09191155926163,491.59628401307236
2025-11-17,1304.7601045517063,216.48419077489604,322.0216833484908,271.34700063536803,217.0744022302663,485.58705080927507
2025-11-18,1268.1205630974835,210.64008402256178,321.18564888106977,259.32184087991754,217.05818436950892,482.1024616118175
2025-11-19,1304.2006366124467,207.79479363572668,330.8230189308259,259.484972306329,217.96717932160666,476.157741384408
2025-11-20,1263.0859926232652,204.46980183244156,327.02683515179467,253.01794472360513,216.09236481494128,475.21408485603536
2025-11-21,1250.7796208969073,201.77304983156375,338.56227981762703,257.1545131975991,220.34521939437593,479.32771259296254
2025-11-24,1276.4413266745396,202.57652476615408,359.9385065557021,263.6681421393011,223.94069180476478,494.4919640129144
2025-11-25,1243.3678725375635,203.85437226814452,365.42945656895944,267.6182696173986,224.79286215439257,513.1811314105142
2025-11-26,1260.4288136938778,207.4913642457329,361.48641400806844,267.0240089454696,225.26360232712642,511.07589579007174
2025-11-28,1237.6341006765867,210.27358783531386,361.74624108366646,271.75483809139257,226.31868220567873,522.6426726437833
2025-12-01,1258.0515289788996,208.02129597083888,355.76949286045567,272.52389386447146,229.76804485368535,516.9319168448959
2025-12-02,1268.819764484242,209.4145537430177,356.80890480348444,273.15311000063207,232.27595199215182,521.957018661378
2025-12-03,1255.7442178175233,204.17063814673656,361.12484637434824,270.77604953292405,230.62026487516843,515.9075080369743
2025-12-04,1282.3162207711018,205.499792227388,358.85390729517803,266.96574391175295,227.82021271972033,533.59645282285
2025-12-05,1275.5333797553556,206.49129940702773,362.9776991260503,267.45513819098716,226.2619072750641,543.1870200088946
2025-12-08,1297.4904398966235,209.85048247084293,354.67946973995697,264.37893287866336,225.53955431927827,537.8472508439255
2025-12-09,1293.4346445340138,210.27784041435868,358.47810634738437,265.57911789725995,224.9633111258747,529.9102297244403
2025-12-10,1285.1133468076937,204.52537411539134,362.0167776916985,270.0769046883083,226.2619072750641,524.401058466921
2025-12-11,1265.1841309328042,206.62378561961518,353.22100415685316,268.32906035676086,225.65315385236283,526.4821572507501
2025-12-12,1223.857536515612,204.51253762679315,349.6710705300441,263.5632757466063,225.85608821721502,519.6421035277789
2025-12-15,1232.7380885214861,202.9269819052762,348.46134247443746,259.31017720517906,222.47162184816554,522.7137504448533
2025-12-16,1242.737683235732,203.597970627279,346.595949205724,259.33348677466415,222.8774409060146,530.4958318299227
2025-12-17,1195.327342359699,203.48256035709062,335.45990100591877,257.8303484727298,220.6292678989426,524.3202074682038
2025-12-18,1217.703923333022,206.84174342090583,341.94932491080425,264.2274473469985,220.913341239437,536.3888232132201
2025-12-19,1265.603865424565,207.67085195696075,347.2629803419623,264.9149462968677,222.1145557162992,531.8035646504429
2025-12-22,1284.4840121446846,207.24349401344497,350.22502973190757,266.1733785691889,219.9232073116971,534.0074207198701
2025-12-23,1323.0836677385928,208.0683105947232,355.3916881936905,270.49638803907936,221.05132965347673,536.7843909200084
2025-12-24,1318.8879252687789,208.56834301407577,355.0977633486981,270.77604953292405,222.2281800853114,538.8913541258936
2025-12-26,1332.3138738527725,208.4358568014883,354.4420290418337,270.9391809593355,221.895378654762,535.4524225437067
2025-12-29,1316.1607727857893,208.17516320584608,354.4985477355816,270.41483121586964,222.1875981795265,531.7390023144709
2025-12-30,1311.4057760364215,208.3375618494309,354.8264321624532,270.95082685408204,221.63566935929518,537.5997618893664
2025-12-31,1304.1333338051652,206.68788931114256,353.8654416343437,268.95829427291346,220.64551059562763,532.8691393514843
2026-01-02,1320.5662222567046,202.1235069706858,356.29616002805204,263.92449406366075,219.95564303321183,525.0547767984287
2026-01-05,1315.461571399031,202.08506313111093,357.86766299865184,271.5683970954961,216.91209944305433,531.8197052344358
2026-01-06,1309.3080650462937,204.50400621821555,355.3803913643167,280.7387479987508,212.9351720198439,533.2969882262585
2026-01-07,1322.384252692129,206.62378561961518,364.01787110041306,281.4728483075981,211.28758141527535,523.6662916983596
2026-01-08,1293.9240320898182,204.33303679032133,367.9296141890941,286.9843791213466,210.24064772099317,521.5431879084814
2026-01-09,1292.6653627638007,204.83306920967394,371.4682855334081,288.2544928483983,210.50845352887487,527.1940705318841
2026-01-12,1293.22483070306,203.93557815255892,375.1877752414611,287.1941296867281,211.22266030039057,518.2414266104428
2026-01-13,1299.3084703320478,201.15336768822192,379.8344340832597,282.68469700093317,211.87194595702144,509.4584315794721
2026-01-14,1280.638030613029,196.32827862687898,379.68743711388464,275.75156692846815,210.98731504995126,496.8892602923371
2026-01-15,1307.979315336821,195.165815144589,376.22791266894507,277.5343667242472,209.5669731834071,501.15160845608654
2026-01-16,1302.2453298161383,196.53341306481533,373.0849758215032,278.629685350149,207.39185505752621,500.70761899731923
2026-01-20,1245.185261993871,194.25123501983092,364.0404993060396,269.168027058303,200.22529911770368,487.68641263921256
2026-01-21,1281.8968067688998,189.80223669907463,371.2534730409113,269.5292453753574,200.99634290965312,494.82267322622636
2026-01-22,1292.5255224864488,192.80669691947898,373.6954882639934,273.05988950268386,201.56446475471418,522.8105939488112
2026-01-23,1312.3147912541338,199.13614894316848,370.74470115654316,278.67630448911905,201.31286438962604,531.7955190382384
2026-01-26,1303.923626804064,200.98669021510437,376.7706095883135,277.8140282180919,207.29446096723518,542.7742751668477
2026-01-27,1318.25859060577,205.3886607867324,378.2290060776596,285.1083588276193,209.61565160160686,543.266735737178
2026-01-28,1339.2365551458704,205.83741287791187,379.87965594763386,283.1624276054289,208.13042587406946,539.8438953794
2026-01-29,1346.1593432688212,185.26777991485918,382.41208035258546,281.6709351982411,209.62379778587703,596.0136212708218
2026-01-30,1336.5095094927337,183.89590316510007,382.1294523369668,278.83943591553043,210.59773868878722,578.4071069903537
2026-02-02,1297.9098538988255,180.93845756858005,388.56235754810433,283.10418035170426,219.14405458936898,570.2617390664819
2026-02-03,1261.0584688464453,175.74154347093926,384.06269567568086,278.04707057296645,218.71389632242,558.3868596889655
2026-02-04,1218.0536842711804,177.01512526864093,376.52187206081635,271.4868402722864,224.4032857932285,540.0538710500609
2026-02-05,1201.9005832041971,168.24536226067102,374.4981504464752,259.484972306329,223.93254562049464,541.0387428311374
2026-02-06,1296.511451125309,171.4378678513687,365.0127521166441,245.07108840843205,225.72622115151776,533.975139551884
2026-02-09,1328.8874131531718,176.76297620682024,366.6634019866183,243.20671400945133,223.0941343747866,546.6976217071604
2026-02-10,1318.3984308831218,176.62194546041127,360.17394353485395,241.1559163945661,222.3304792713139,541.4503524027505
2026-02-11,1328.957493536627,172.8182891349493,351.55909200438396,237.80004958839763,223.8090117163489,539.811663570998
2026-02-12,1307.2102472263132,171.73701841182972,349.3431861031725,232.5798261632404,212.62263670625927,524.5704605594711
2026-02-13,1278.3303989620945,171.51479490625033,345.6349586776146,231.63597528901155,207.78900637662443,516.4654687753739
2026-02-17,1293.4346445340138,169.60869447660858,341.45184985581,234.3859177485125,214.36924815438013,516.0779960403742
2026-02-18,1314.4824757978638,170.77971561796406,342.9329090976614,238.62735261520123,214.7510757061165,519.2505339473007
2026-02-19,1313.9231146884572,170.68118441151526,342.39024672517183,238.70892721840292,211.68838361573853,520.509894375426
2026-02-20,1327.3491701023038,170.15431086825325,356.1039411943029,244.82638237881892,214.9378915539219,529.2929881255649
2026-02-23,1339.4463689768245,164.6885261479798,352.1582730706216,239.18667560289063,216.23767982763863,514.4312122368332
2026-02-24,1348.536948473358,166.62897534107915,351.4912764812622,243.02027301355486,221.0794687595075,516.0860910121627
2026-02-25,1367.4869619172273,171.59785145006384,353.752369699969,245.44395262023295,222.7773272816456,527.7026223266232
2026-02-26,1292.8751765947543,172.07760536748978,347.5117178694594,242.27452680996095,221.73747182674455,530.3827983823877
2026-02-27,1239.031648811281,168.2310032437728,352.46356383874553,244.69820641663907,214.61296311243845,523.2545834075784
2026-03-02,1276.0228741410128,170.71972012779787,346.5393959650973,242.82218612291183,215.05161526664472,527.5976838508768
2026-03-03,1259.0306245800668,173.02426358849945,343.2155371132801,243.21835990419785,214.26364578999983,528.8247631110162
2026-03-04,1279.938722396418,173.56827870038035,342.7068343226696,252.64508051180417,213.26439707681132,539.0366687414146
2026-03-05,1282.0364333865457,175.9156367068973,340.1630439945865,255.11536147746043,211.45281484195039,533.2566614460679
2026-03-06,1243.437098282196,175.17887738738344,337.4949194496337,248.43860110934705,209.1537778550451,520.5744567113979
2026-03-09,1277.2115699134283,175.37163472026037,346.6023058314268,248.76486396216987,211.11974021619676,522.6168575813114
2026-03-10,1292.0360281007916,173.8081556590933,347.371664822727,249.74365252063834,211.8914918320843,528.0094415012421
2026-03-11,1300.9172210857826,173.43119865240496,349.249736795967,247.7860576237094,211.8752491353993,528.6471673275092
2026-03-12,1280.7073631875144,172.137574607168,343.4231984018614,244.1505471036882,207.7727636799394,515.1819715106352
2026-03-13,1260.4973984593933,169.43466686687037,341.9863937117771,241.9832194213697,203.1909696567054,495.4280685249234
2026-03-16,1281.266831126774,171.31942564982427,345.69724670012533,246.72571224203122,205.38439186126652,506.9536301259311
2026-03-17,1272.2456910345784,171.0881063501768,351.7613294329907,250.75739654333842,206.5298248446202,503.08349321725274
2026-03-18,1261.54636078431,167.82408130511126,348.1070296852693,244.54672088497423,203.0447481326487,497.44396329818767
2026-03-19,1248.679132330606,166.63753300014463,347.47347447460675,243.25331536842944,202.2486324717336,490.18849931562943
2026-03-20,1207.6998417649572,163.57482294702152,340.5382576454402,239.30318789033197,201.46061332323336,479.6526960945216
2026-03-23,1228.259460601384,164.0588688192242,341.73751799676467,244.8613378430505,204.30392966465288,488.05547424935185
2026-03-24,1225.1824403503833,159.6639596288496,328.59115237160006,241.48217924738896,204.42577472571824,479.0548034526042
2026-03-25,1249.5182808245688,158.9357710936452,329.14549158913053,246.6907567777996,205.22190280459714,480.64650196031585
2026-03-26,1197.4901127301991,156.76402885138629,317.8206446965791,241.83173388970482,205.44125371762792,442.3896159281403
2026-03-27,1171.475868438235,152.82317435075325,310.3763105142562,232.27685509991068,202.1186412263981,424.7599520027404
2026-03-30,1155.0422321777257,153.7612617874535,309.42596042482296,234.15287539363788,200.35578708159224,433.37285390698383
2026-03-31,1219.588081447347,158.56310604173356,325.3328289489026,242.68236426598548,206.17238617383907,462.2573421147324
2026-04-01,1229.0287423715974,158.22041904703903,336.45409108457335,245.36239579702323,207.6671613155591,467.9938636165076
2026-04-02,1240.4972475622262,159.97237661155026,334.6212755225863,244.4302085975329,207.90274250731107,464.1399166514064
2026-04-06,1242.2455181037542,159.72392886852785,339.39558508162133,247.94918905012082,210.29111432598398,462.97646189514154
2026-04-07,1245.4623786321065,159.47121542121664,345.5841056719929,249.0911268149927,205.93679256412324,464.61658215483214
2026-04-08,1273.294760189348,160.34504166346193,359.0020097646753,257.80703890324475,210.32362455528167,494.8099878131187
2026-04-09,1286.0920150894497,159.80533163160172,360.3256734266272,272.2558782653733,211.6152914806559,507.71312604611467
2026-04-10,1319.0992347176725,158.86295224012477,358.9114969421694,277.76742685911375,211.6071701323134,508.90076699857696
2026-04-13,1323.854445126746,164.64569847692044,363.5161122324452,279.5269170854077,210.56733951334002,512.6740110437133
2026-04-14,1374.204423063043,168.38949056465586,376.63984965198335,290.1654686063571,210.26675028095644,535.2644612475437
2026-04-15,1390.7080328771542,176.14695600654477,381.4028623816446,289.5595442596896,216.44078804398444,542.6088712006077
2026-04-16,1387.071651516747,180.01925735794615,380.1583456190671,290.9578161689291,213.97929925430125,546.8829175857833
2026-04-17,1410.358422836163,181.1029956269312,386.5618514363297,291.95991429688263,219.52781934346226,556.3198777461822
2026-04-20,1413.0158154252558,179.08116992124593,381.7422854660417,289.3031923353299,221.8186853101697,542.0674952824578
2026-04-21,1397.771088596868,181.68983840987144,375.93840982444135,291.2025221985422,216.2295833152238,540.395044495197
2026-04-22,1416.0928356762565,185.44220128191634,383.8918613599206,297.5530197138328,221.91621599806282,545.1458057433824
2026-04-23,1396.0926847790895,178.08737894915623,383.4053722123908,297.22675686101,222.12739589089577,532.5659234265029
2026-04-24,1456.4426847490436,181.88687457228113,389.63911466713654,307.60893867760774,220.20206510738433,545.3963056325703
2026-04-27,1514.7647336227665,181.97254303964374,396.3593808162909,304.2647355461778,217.39938034360503,548.2968722312359
2026-04-28,1490.708680533137,183.87013831119586,395.72582560562836,302.6101294925706,219.91774340761347,542.4149373947715
2026-04-29,1463.2959266378034,181.81832142304947,395.9068512506402,306.5019919369514,219.47906641747954,540.6212594690193
2026-04-30,1395.6031903934322,174.67342424227311,435.3459135792553,308.8557428351744,220.43768355302782,494.3979340052489
2026-05-01,1387.770959733358,177.52624851914436,436.3528514561941,312.5844916331358,227.57845979994661,491.84480951889714
2026-05-04,1387.980666734459,177.17499074014037,433.59231401040034,317.00068604099056,224.88944907703484,493.18600813742097
2026-05-05,1374.1344495094406,176.21549603053245,439.4527428926274,318.74853037253797,230.86042829557238,488.7826396419653
2026-05-06,1453.3657713278958,177.32062844718126,450.32509476640695,320.4264637756222,233.56565687924152,495.18166548121394
2026-05-07,1479.0302546817015,180.23771391850747,450.2685069789013,315.9753139035359,233.50878260491626,498.3569181652648
2026-05-08,1504.9045518664611,177.8175239332261,453.44761440846673,317.73478634983786,238.28552624226208,492.5557849679335
2026-05-11,1534.5550706889799,176.76377684670214,439.6903563251448,313.4350864494325,237.98466381467432,483.85408517193673
2026-05-12,1543.925758059628,174.66913228749638,438.2308888825553,309.74132867568665,239.70847588120975,487.1990361060422
2026-05-13,1579.240716168638,173.5725575299131,455.50671202671856,314.7634652102008,243.017888076892,498.2115048305757
2026-05-14,1648.5418826771856,175.3802055045698,453.7531124578636,311.37264293980076,242.48123335216724,499.66583561580273
2026-05-15,1575.674308361833,180.73031744977558,448.89958690569654,307.7837515587497,244.12375742749458,496.2724135701343
2026-05-18,1554.6951686933514,181.42426222347407,449.0806125507083,308.62268270030785,242.1803709245795,493.83237189090147
2026-05-19,1542.7369554573597,178.80274412100633,438.58160879632624,302.19062836180757,243.09920090402778,486.88392452129847
2026-05-20,1562.7371063545268,180.3619312273967,439.9958198276629,308.7974955814497,245.76625666689432,488.8634412810984
2026-05-21,1535.044565074637,179.90689214435773,438.58160879632624,312.81751620801845,247.9941883929292,490.7378714863997
2026-05-22,1505.8136739140261,179.68368424548092,433.27555367850846,310.3239434528691,251.10846470504234,493.06483035851346
2026-05-26,1502.5269466619243,178.59330460304932,439.9618602457838,309.1237584342726,250.71002191770617,494.74537611756267
2026-05-27,1486.7226450644241,177.15093216795168,439.90527245827815,316.7676614661079,252.7591101287122,513.2638087138423
2026-05-28,1498.2611238086552,183.2982058054004,441.3760712771204,319.27289789599575,254.10889312479435,513.2879949100396
2026-05-29,1476.512809199813,193.27896944784462,430.30006555270256,315.35774366212183,253.74298540268353,511.04188703664306
2026-06-01,1568.9609067504248,197.6919652244036,425.80859129055915,304.4278847525812,249.06752267830643,485.1548582911021
2026-06-02,1558.1916029465542,189.4454925680931,409.38130858394936,298.90467248410226,256.296193273189,482.86027930614244
2026-06-03,1501.7576648917109,183.44846359831712,406.1456133668783,291.3306981607221,252.27935451424028,503.342038718645
2026-06-04,1530.8826876681694,183.75324488843935,421.07953814277704,295.7236007790837,253.06809390464244,507.0505723490571
2026-06-05,1435.946416015344,178.86804220973457,416.93874924752583,286.6814258380088,249.905039830619,479.1194645077443
2026-06-08,1460.7306213818483,176.75168849700992,411.2785886218127,285.7375927437719,245.1889455286017,472.97088919809926
2026-06-09,1457.5801021921018,173.17579453008082,412.3540329594498,284.5374077251754,236.25270556386872,472.3245254446188
2026-06-10,1403.180738684365,170.578636880413,403.4336142858253,277.32463393885763,237.09022271618122,461.3281973040783
2026-06-11,1434.3360628138169,167.56510711642852,405.0071209753966,281.4145832738815,240.3833673792508,459.2678789051452
2026-06-12,1436.5764984873226,167.73681155798482,407.1693064800444,277.9655137497568,236.7243398299981,458.09632917709183
2026-06-15,1487.4051809941413,171.60892915597069,418.1160723308002,286.66977994326226,241.02574864799416,479.9516670952724
2026-06-16,1452.1191737752474,169.06328808886735,422.5309907094806,286.6464703737772,243.31875050447977,485.39430163345673
2026-06-17,1432.7957899957448,162.65843153859623,411.8219764787575,276.74201916167516,240.6435733932707,459.0061743903721
2026-06-18,1475.0831052794179,162.86877669838688,416.621781634361,284.77045008004995,242.31860769789577,466.8020764589829
2026-06-22,1460.8005949354504,157.69166859389,395.8489852286183,271.25378013741977,241.50550426246608,455.9896621287111
2026-06-23,1400.52024802954,160.52491000676474,391.83028500311354,272.79189168357766,239.3019117455311,454.65532449237367
2026-06-24,1393.239045750352,156.88462359294104,390.8793821636192,272.97833267947414,238.3098902872896,450.9918561622232
2026-06-25,1370.4151681832388,151.46280843995189,389.0907520596417,264.51875473558977,223.7306295286762,439.0229961366254
2026-06-26,1347.94126521399,160.10851164196015,381.93633528436834,271.13726784997846,230.74787187144926,444.9912608856393
2026-06-29,1365.0242133199868,158.21968403337695,400.34315414730963,279.81822447399895,229.08910509943686,454.97877784682635
2026-06-30,1400.870329457257,160.1299714158437,404.5543150347153,277.7208077201436,235.28509782251007,455.53678794481004
2026-07-01,1383.2973528163388,164.96367063722798,408.9013142496375,281.63597973400954,239.36698187598176,495.66484644973787
2026-07-02,1364.0440494202912,167.62948643807917,407.4296863057036,282.7662538241429,250.95396039911338,471.3955780723009
2026-07-06,1369.0849228558263,166.01968839095798,414.8444829066362,284.5024522609438,254.23086236549796,485.4589626885968
2026-07-07,1378.7465079157248,166.92118264748245,415.4897495092184,286.6231608042922,252.60460582278324,497.8241308147441
2026-07-08,1429.0851618876222,164.56014813675347,409.70508193224146,283.8732183447912,254.82444103640324,487.7476185234673
2026-07-09,1419.7035778719855,164.99800627544167,406.2750259749345,287.8583012871203,257.12556424123136,510.6825492645669
2026-07-10,1476.9734595252069,165.31567655513797,404.33922616718786,285.8774146006983,256.3937736329374,541.1951139934914
2026-07-13,1424.9544787981802,167.8441366778905,399.05265548902406,288.17291824519657,258.01185915545426,531.1024117586376
2026-07-14,1482.8544429233802,165.24270019868993,406.97688036502234,288.3826688105781,256.01971972655645,534.5879387881926
2026-07-15,1487.755262421858,169.83599745160262,419.893371058525,297.0869350040836,266.29759650310143,550.9804540983016
2026-07-16,1452.0490933917924,172.18415609800147,401.2600974049248,291.1792126290572,270.981180575821,537.4184147774697
2026-07-17,1419.913605362645,169.05899613409062,392.5547675988278,288.07969774724836,271.37145234295934,522.4330918497948
2026-07-20,1423.2041784894486,172.69500371838163,398.4639766739474,291.2957426964905,265.5576348746096,522.3036710203465
2026-07-21,1451.2789569827564,170.74606249243658,392.98494533388265,288.45257973904125,266.4927323866705,520.653925641761
2026-07-22,1484.674716785714,167.56510711642852,387.2568655444113,285.30646349825435,264.98846992058714,507.19702223501184
2026-07-23,1461.5707313444864,163.80460659312504,359.6352886003073,272.26754194011187,261.54896713585873,490.1575508564135
2026-07-24,1448.12843779301,163.85613630093349,361.9559406380981,270.4614325748478,270.7860198563242,481.33457456234095
2026-07-27,1375.8060162166382,167.03279972216484,369.6764080228217,269.62246587330566,273.9490739303476,480.2670748375206
2026-07-28,1379.3066168341013,168.8572348838534,377.77043080821556,269.00489563189154,276.52664584588064,479.89505165233675
2026-07-29,1330.2982081896166,167.65095933720667,381.16652718364344,264.0992713848187,274.98987315049953,473.5871436052931
2026-07-30,1365.514241854908,193.6481563101054,377.71384302071,274.4115600529453,271.1193925132096,435.9175872640427
2026-07-31,1405.491147911473,199.49494061220864,403.15060625453964,316.4530267280397,251.18165618383554,450.2155286238696
2026-08-03,1446.7282189119953,209.33832232606622,422.8253301170189,330.9484852291383,246.71762171156794,477.33146293416075
2026-08-04,1483.8346068230758,211.5534172491431,427.51192515073234,323.25799861831683,251.5638066026314,475.4714457274098
2026-08-05,1534.8033432669517,209.2567620600648,410.2823948241866,317.6998308856063,252.8810793694158,476.1426867112647
2026-08-06,1533.1930968952774,214.57982287745773,404.9844927697701,317.2454098505956,254.0275802976586,477.0565300508552
2026-08-07,1567.9890755792496,214.63563141479892,401.0789681192765,319.8322208836851,254.77563843856524,478.835646899305
2026-08-10,1523.111350024207,217.24137297402018,404.7241129441109,324.03868250615034,250.8692947217445,481.1162077623869
2026-08-11,1522.7612685964903,216.27548627060108,389.1926308052791,317.2570379653502,248.14298043549798,484.5127888214363
2026-08-12,1568.8991590954902,211.39028359189624,388.8983259446196,311.442553868264,245.97820647348456,468.1202735113273
2026-08-13,1577.3706595948863,213.30058409960694,392.0906302818939,308.9373174383761,248.4278236897496,481.15663326174547
2026-08-14,1576.390495695191,212.66524354021433,391.56990517745436,306.0475353419568,248.9730716454423,477.0160551919125
2026-08-17,1575.3402514120403,206.20459157784597,389.41905104905914,304.4861320063058,248.69637457546085,460.130240198544
2026-08-18,1538.4439978214723,206.75406679121647,389.6454712928392,302.31882210397936,252.30975368968748,439.6699522051147
2026-08-19,1523.1813235778093,207.90453380052202,390.23411556103696,309.7646204651797,257.8437447611715,441.57853924259695
2026-08-20,1518.2105305257292,206.93683581343566,385.6493992729609,303.0878423170743,253.34330081896474,441.4167878855785
2026-08-21,1503.297937709783,207.83571814641104,390.347325682927,301.36332533500394,251.7563595497246,444.7082330305452
