Date,nvda,msft,googl,amzn,aapl,meta
2023-01-03,100.0,100.0,100.0,100.0,100.0,100.0
2023-01-04,103.03178796588072,95.62569059295984,98.83303387857434,99.207643547432,101.0314299304861,102.108388333789
2023-01-05,99.65072334217916,92.7915499148795,96.72351553837471,96.85388375921303,99.96003278094294,101.76366718981653
2023-01-06,103.80019260248443,93.88512562598395,98.0027015745357,100.30296217333377,103.63796690848378,104.23281236146539
2023-01-09,109.17219366636348,94.79923986457109,98.76570192973314,101.79445458052155,104.06172995037346,103.79187088422074
2023-01-10,111.13518289381925,95.52133833396411,99.21453837730954,104.71918325117645,104.52547262928482,106.6137581317596
2023-01-11,111.77784846835436,98.40971908629133,102.69301004318542,110.80167405736483,106.73224428197744,106.5335858322701
2023-01-12,115.34055994824183,99.55338729427737,102.25538262367309,111.01141573275038,106.66829176430032,109.59595295859171
2023-01-13,118.05097836300187,99.85391602507735,103.36626039341354,114.33232707468726,107.74763641118588,109.81240706130761
2023-01-17,123.66048728682564,100.32140443269707,102.43491720270366,111.92030225275164,108.69112852537476,108.51371946469781
2023-01-18,121.39017898448479,98.42640127246624,102.24417359560904,111.23281219287841,108.10747177132765,106.6378209275122
2023-01-19,117.11490381874164,96.80692325164027,104.40978892976685,109.15870500850818,108.1554423685678,109.1470275691153
2023-01-20,124.617564017733,100.26714467058294,109.98652669641338,113.31857416199121,110.23424689608319,111.72838557829037
2023-01-23,134.07614141570377,101.2521942948367,111.9726160938136,113.63318223007151,112.82483299855535,114.85489548016167
2023-01-24,134.57909766397796,101.02680102804793,109.62745753835226,112.23491032083194,113.96020750170483,114.75067272481485
2023-01-25,134.98427543157922,100.42991739430289,106.84472341701645,113.23700844878547,113.42449650896866,113.43596794416048
2023-01-26,138.33041439479982,103.5144943063016,109.42548761864761,115.61407780648952,115.10355433812592,118.08562813737981
2023-01-27,142.2633579287967,103.58125586411329,111.5013529478361,119.13306714907341,116.67866138563747,121.64504624468297
2023-01-30,133.85959563638463,101.30645405695083,108.77468125136656,117.1638352473939,114.3359751104252,117.89319981073068
2023-01-31,136.479214018231,103.43517845181304,110.90664357451325,120.17012074125853,115.367398831929,119.42442039357726
2023-02-01,146.30111186592129,105.49711503837396,112.69075440993586,122.52388941947348,116.27888985135013,122.75131785453893
2023-02-02,151.6521107431532,110.44326511202955,120.89318755547258,131.56607325054435,120.58848237508973,151.33074972946324
2023-02-03,147.39782439538334,107.83454395122764,117.57180648568017,120.47308291459228,123.53083216071528,149.5350234917671
2023-02-06,147.32099462666207,107.17505289965862,115.46229678775354,119.06315622061024,121.31607575678646,149.15826180975793
2023-02-07,154.8934794092677,111.67877065806893,120.78096764073725,118.9815905074045,123.65076486279793,153.61551835611863
2023-02-08,155.11700363634614,111.33234294610952,111.5013529478361,116.58122047021145,121.46798471770768,147.04985496612605
2023-02-09,156.03910791641397,110.03426279535819,106.60907455948174,114.47214893161362,120.62844338516447,142.63266605966723
2023-02-10,148.55044471896272,109.81721062165688,106.11535014601121,113.73805751276225,120.92472360249624,139.610391253038
2023-02-13,152.20398296911162,113.24818243250294,106.16023811190533,115.98695090828643,123.19892480295329,143.8431851046605
2023-02-14,160.4680292509258,113.60298405066187,106.23877908881059,116.17338301418691,122.67840098091986,143.88327742435288
2023-02-15,159.02199327328438,112.69494023780713,108.77468125136656,117.87462598675621,124.38407050820955,142.02340841110706
2023-02-16,153.69892155576338,109.69471271168804,107.17011363724751,114.36728253891886,123.08684025449625,138.2395276090657
2023-02-17,149.40971623184944,107.98330547609496,105.86849226041241,113.26030912827456,122.15791441278022,138.59227585490333
2023-02-21,144.28920666078133,105.7278765302969,102.9959562804694,110.20741338543583,118.89879476823701,137.95093447867305
2023-02-22,144.9807948973376,105.24251153922306,102.83886568438592,111.61734007941789,119.2431200905965,137.18134457102914
2023-02-23,165.30910680079813,106.60662479669816,101.98608939740024,111.65229554364949,119.63547810001913,137.9188630908982
2023-02-24,162.6685397070001,104.28425710228326,100.01121767033705,108.94896333312265,117.48142070704289,136.5961126985358
2023-02-27,164.17044337273728,104.6776010018762,100.84156725892164,109.25192550645639,118.45035723069206,135.91469134250843
2023-02-28,162.1795269855706,104.36794366329913,101.0547634912363,109.79958481940729,118.04195521100947,140.24371169735076
2023-03-01,158.5609478175874,103.04986063943173,101.39138866635035,107.39920589221823,116.36032686318055,139.02517172043991
2023-03-02,162.86412340569373,105.07511872932405,103.23160513800414,107.35259564324411,116.84079033142243,139.9150262472657
2023-03-03,166.88788034127816,106.82420198019256,105.08303063772198,110.58028648723277,120.9407800307208,148.5089118415054
2023-03-06,164.54070216419444,107.48535337523218,106.74370388807219,109.24027072171387,123.1829304645517,148.2283026233445
2023-03-07,162.7101563887522,106.34718464482857,105.31867949525669,109.00722836683929,121.39720231950193,147.91565903709454
2023-03-08,168.94941006381737,106.15888988254285,105.75629827249607,109.43835761235687,122.41417153021423,148.28442446697667
2023-03-09,163.74418320644568,105.58143817376393,103.59066565379227,107.49242639016646,120.58842028526672,145.65499022587747
2023-03-10,160.45336381569223,104.02063655993634,101.69433490363433,105.72128137912998,118.9147891066386,143.90731554031498
2023-03-13,160.4603422634515,106.25094378713582,102.232947282999,107.702168065552,120.49231765724666,145.02164510177423
2023-03-14,168.12496394635764,109.12562178386385,105.44210843805608,110.5569769177477,122.18995276144177,155.53953014491418
2023-03-15,169.27779816871896,111.07142620419692,107.84336398747563,112.0950795739096,122.5102989941635,158.52973356376853
2023-03-16,178.4515292325773,115.57384456336936,112.56733410940944,116.56956568546892,124.80049453302213,164.28571472642483
2023-03-17,179.73711438645105,116.92542977465727,114.02602879778205,115.2994608484132,124.11984105750393,156.81416728566666
2023-03-20,180.9598266671221,113.91260857612684,113.57720963475163,113.85457869019955,126.0416700945423,158.5778344754832
2023-03-21,183.0489092265039,114.56121879973442,117.7288884394907,117.23374617585709,127.54714961455569,162.06507653542386
2023-03-22,184.92835761095648,113.93771716948058,115.98969149678118,115.00815345982198,126.3860326707956,160.18118174611124
2023-03-23,189.97987145619015,116.18477220907913,118.49193200605306,115.0198082445645,127.26683889969632,163.76463796937645
2023-03-24,187.10127512416656,117.40247992313331,118.3123887847495,114.34397296943379,128.32388088216476,165.15150645749804
2023-03-27,185.36852119807114,115.64919659392021,114.968581016556,114.23910657673902,126.74636474952128,162.6102160882248
2023-03-28,184.5231531060075,115.16794636709957,113.36400476016397,113.30691937724866,126.24184768385402,160.87864496597365
2023-03-29,188.5335547363975,117.37730570355545,113.76795324184623,116.81426282508605,128.74029248901275,164.62243344832265
2023-03-30,191.3213510355074,118.85860770946692,113.20691416408046,118.8534145452247,130.01353123512368,166.6185842647949
2023-03-31,194.07417488377777,120.63699963203376,116.39363997846345,120.356561737155,132.04748207451289,169.9054140858547
2023-04-03,195.3877139347102,120.18927128050085,117.10054333970268,119.33116292971239,133.06446370318977,170.81129813662028
2023-04-04,191.81041723163239,120.16834964024687,117.50450046365795,121.12560862023795,132.63205775794023,172.13407320877317
2023-04-05,187.81395912808708,118.97995059789099,117.22397228250207,117.80470616829706,131.13461266102144,169.5366363160773
2023-04-06,188.903880371224,122.01784101404067,121.656196552943,118.92332547368787,131.85528923643736,173.24034481862915
2023-04-10,192.6907845118833,121.09307563927653,119.43446694028104,119.0515014358677,129.74926453052427,172.15811132473527
2023-04-11,189.82617181272602,118.3481538129066,118.21140382489719,116.42973493854656,128.7643336684735,171.43659764901548
2023-04-12,185.11698959923856,118.62426958832866,117.41471588959669,113.99440943712192,128.20378674654233,171.5568499283021
2023-04-13,184.89342526613854,121.28142290254158,120.54532742547552,119.31950814496987,132.5759906477825,176.6474145790803
2023-04-14,186.95456729713555,119.73314277227878,122.16112999447759,119.4476841071497,132.2957544407107,177.5613195617634
2023-04-17,188.6593405888246,120.84620290932864,118.90710680034535,119.71568192625588,132.31173636114767,175.45294973781733
2023-04-18,193.30562319176153,120.66629517848726,117.25763393578619,119.20298696753258,133.30471406425764,174.6753142184654
2023-04-19,195.15013923139617,120.69979080328532,116.89857341999806,121.53344607626249,134.23360265207987,172.91968030046164
2023-04-20,189.37199785539732,119.72059503822432,118.14408051832896,120.96247719382653,133.44883696137623,170.81129813662028
2023-04-21,189.4767815211773,119.57411730595686,118.27872713146539,124.63295206807533,132.14355986660374,170.66697072168583
2023-04-24,188.93881271604192,117.90455991349414,118.90710680034535,123.7590299023016,132.39181981483696,170.58681076209157
2023-04-25,183.34236498658754,115.24745910026053,116.52827794932689,119.51759503561289,131.14259741225763,166.38610063813917
2023-04-26,188.33793093168228,123.59539044026731,116.37118735324341,122.32580252883048,131.13461266102144,167.86918328958532
2023-04-27,190.2244112385896,127.5538330275917,120.72486200450608,127.96550930475877,134.85820143540494,191.24578214667656
2023-04-28,193.87853771038868,128.57067199481605,120.4443424656232,122.87345295178538,135.87518306408185,192.65671343055072
2023-05-01,201.99028805949487,127.85932310093622,120.28726051181269,118.91167957894133,135.80309677959337,194.9494906492284
2023-05-02,197.09947904283237,127.79653192968465,118.17774217161308,120.75273551844101,134.9623136505904,191.7909093595823
2023-05-03,194.24884997654132,127.37392529675029,118.27872713146539,120.77604508792605,134.08944250106748,190.01925825753398
2023-05-04,192.5719771072155,127.79653192968465,117.47083881037383,121.1838736539546,132.76016148072802,187.20539194191267
2023-05-05,200.38331998582652,129.98918282947596,118.45826171049596,123.11815898139848,138.9902046474357,186.6121638172923
2023-05-08,203.67413937657997,129.1522909688275,120.9268405664837,123.31624587204149,138.93413753727793,187.00499204292703
2023-05-09,199.62176011024343,128.46188996569126,120.45556877823323,124.23677828678932,137.54880182474537,187.08513966262603
2023-05-10,201.81562633540517,130.68378391095678,125.39272649020874,128.39664744027235,138.9822074782349,186.85266837586556
2023-05-11,199.67063598190603,129.76324486502688,130.8011732749807,130.7154517642597,139.13432754455425,189.0251686354661
2023-05-12,198.00777348279422,129.28619471655082,131.85591948167104,128.47821315347804,138.38056951145057,187.4378755685684
2023-05-15,202.29073563601165,129.4912372912356,130.7338413261395,129.5735228893838,137.97961827052646,191.4862867052498
2023-05-16,204.10732451593537,130.4452850872084,134.10010171955307,132.1370332429843,137.97961827052646,191.4542276573702
2023-05-17,210.84962801999177,131.67819183477206,135.59244941893678,134.5840135291515,138.476783901152,194.39635484430045
2023-05-18,221.3299063183494,133.57371344217356,137.8253967019358,137.6718736262178,140.3692196159881,197.8916054962634
2023-05-19,218.4373664594812,133.4982039086848,137.74687300957652,135.45793569492523,140.45743683648874,196.9216033497386
2023-05-22,217.82252777960295,134.68920174951637,140.31642818314359,134.01305353671157,139.68763479312508,199.0700654933771
2023-05-23,214.41292772152946,132.20657481576586,137.52245046465183,133.9897439672265,137.57064502447238,197.80342460475163
2023-05-24,213.36491727096973,131.61528253631707,135.65978136777798,136.04055047210767,137.795199078289,199.78355823717934
2023-05-25,265.36117110117834,136.6769413270712,138.55476133066807,134.00139875196902,138.7173571292994,202.57337409694333
2023-05-26,272.11047979034174,139.59986772378264,139.82270376967304,139.95572248597358,140.67393163128156,210.06899667334932
2023-05-30,280.2501572991589,138.8953177067231,138.76794892070973,141.76183185123764,142.17346294625276,210.45377928727603
2023-05-31,264.34103433563405,137.71275939831514,137.87027602555693,140.50338179892447,142.13334050263822,212.2173971175115
2023-06-01,277.8676724543889,139.46983592328323,138.8240631992139,143.05522847778644,144.41068344813846,218.54260530851187
2023-06-02,274.772450131003,140.65244673267046,139.89003571851427,144.7797721298448,145.10031511206066,218.54260530851187
2023-06-05,273.6825021505183,140.8788965816678,141.393627015054,146.00326671792638,144.00173503801358,217.56452053059328
2023-06-06,270.0702597339487,139.9311620284567,142.85233034569956,147.52971458934573,143.70504502785008,217.34810344756315
2023-06-07,261.8598619403681,135.61178833363928,137.4551185158106,141.2607827872609,142.59042094354302,211.31957101834922
2023-06-08,269.0920471296555,136.40016928940776,137.05117003412835,144.7797721298448,144.79561551473176,212.1052027898282
2023-06-09,270.9088231710133,137.0418100080123,137.15216363625365,143.8242842508654,145.10833711719062,212.40177983245258
2023-06-12,275.8840018884589,139.163715838187,138.73431319424458,147.48310434037165,147.37763322163167,217.29195692414044
2023-06-13,286.64487528263885,140.18698617537652,138.9474921420133,147.58797962306238,146.99275082689672,217.50844804654213
2023-06-14,300.44535731691246,141.46601503326167,138.76794892070973,147.3083181292177,147.50594804981765,219.1358087533417
2023-06-15,298.0416430180396,145.97827732605424,140.36129886449174,148.11232936652823,149.15782295447096,225.93395576999004
2023-06-16,298.31409659147613,143.55857281600356,138.61086696689924,146.22465428805845,148.28379693424048,225.26858861769296
2023-06-20,306.1122846950007,141.76376121215836,138.1283775083117,146.5625719256238,148.35594530855195,227.93810283858932
2023-06-21,300.78075060692106,139.88085296503547,135.26706784097874,145.4556074049755,147.51400730884143,225.7816814625096
2023-06-22,300.6409944903016,142.45988482203907,138.18449178681587,151.6546193886012,149.95170343118917,228.3790566557292
2023-06-23,294.93912139872157,140.4930931352279,137.27558393678007,150.69914039961776,149.69508619278182,231.46546189801285
2023-06-26,283.91969785192816,137.80084291634802,132.78726267238093,148.36868129088788,148.56445535210858,223.24035407355058
2023-06-27,292.6122502372438,140.3043783651077,132.77605364431687,150.52434529846784,150.80168827195888,230.11863637000266
2023-06-28,287.3087101522445,140.8411877532803,134.85188440441345,150.36121387205642,151.7559467614538,228.70774210581422
2023-06-29,285.2473408537917,140.505667119772,133.64004760163962,149.03286178127607,152.02854592029814,225.69345121141677
2023-06-30,295.58899937280864,142.807940064357,134.31328930959475,151.89932541821432,155.5408057731614,230.06256388595148
2023-07-03,296.36454288125805,141.73857386733567,134.53770321224644,151.7361939918029,154.32996729915294,229.29292461872652
2023-07-05,295.69380977593636,141.80568324413528,136.61355125688897,151.92263498769935,153.42384084043792,235.98687355981855
2023-07-06,294.198523603764,143.11408639994286,134.77334342750817,149.5688663094844,153.80874807110203,234.07887895506752
2023-07-07,296.99351224941506,141.41569284459558,134.06643142399597,151.2234901430836,152.9026091944224,232.90846456966187
2023-07-10,294.73647904022545,139.15534193198746,130.6665180195713,148.1356300460173,151.2427371205683,235.77040711720736
2023-07-11,296.3086618244884,139.42372693820656,131.44074468737875,150.05826058871864,150.81771986425426,239.1294006457344
2023-07-12,306.7690876421516,141.40730581315125,133.44927806772603,152.41202926693362,152.1728923407795,247.98784125440463
2023-07-13,321.2684037342182,143.69697852270252,139.7441627927678,156.4903327072109,152.790350794461,251.25058359992133
2023-07-14,317.71867323665685,144.77891870426797,140.73159433516292,156.93310784747504,152.91063119955243,247.61103021281446
2023-07-17,324.6503306373843,144.98443378776648,139.8675917355672,155.62805643618373,155.55683736545677,249.01397758445688
2023-07-18,331.86855893115313,150.7547639224558,138.86895116510803,154.77744383989508,155.34835215782934,250.16030449431943
2023-07-19,328.95469603746494,148.90537755062064,136.92773244905595,157.72547319003905,156.44694464984104,253.33496466748642
2023-07-20,318.07500186994326,145.46246832960458,133.75225023182898,151.43324070846512,154.8672181194992,242.5204285423505
2023-07-21,309.61308584620394,144.16243907999646,134.67234982538287,151.47984206744326,153.91299688389805,235.89864330872575
2023-07-24,311.7303362014264,144.7243964372573,136.36669337129018,150.0815701582037,154.5625061042057,233.7742563007351
2023-07-25,319.1860723551399,147.1860229792849,137.1297023687606,150.46609804474318,155.26012251936413,236.0670581992033
2023-07-26,317.5998792006629,141.6463296466927,145.05159869086847,149.3241602798713,155.96579819354628,239.3538633404726
2023-07-27,320.73031461101806,138.68985512420386,145.19748025888794,149.44069034730458,154.93941616566906,249.8877655676571
2023-07-28,326.6698025119337,141.89794059002307,148.76570192973313,154.05500720578624,157.03227782910884,260.9267397077407
2023-07-31,326.5229877355118,140.87050955022343,148.92278388354364,155.7678782931101,157.52945587769895,255.41125076376238
2023-08-01,324.9717670318743,141.04665033579954,147.6099534786445,153.4490828591187,156.85589305996592,258.7061015167397
2023-08-02,309.3335468756173,137.33952993641932,144.05294947813633,149.39408898832647,154.42619410681894,251.9720972756411
2023-08-03,311.052464224259,136.9872746157568,144.1315077395876,150.20974612038353,153.29553843021654,251.07424649668832
2023-08-04,312.20543213335895,137.45693525139535,143.75000324085235,162.63109743711195,145.934268360535,249.10215847596865
2023-08-07,317.35531268091574,138.4340309772841,147.58751813797045,165.71894864418226,143.4163770228166,253.77586912504526
2023-08-08,312.0936967571675,136.73145046883704,147.441636569951,163.06222668262956,144.17814464308566,250.63334203912945
2023-08-09,297.34984088270147,135.12950121247732,145.48920882583488,160.6269011812049,142.88711095370653,244.67692395780176
2023-08-10,296.1899480005377,135.42307356351907,145.52289640593793,161.4542042080085,142.710713766599,245.1018359111066
2023-08-11,285.4779504780203,134.61791854486185,145.3770148379185,161.27942688685053,142.7589078872019,241.81495673046575
2023-08-14,305.7279887959818,135.88856037130267,147.36311287759173,163.79632699147692,144.099861794263,245.46260508886175
2023-08-15,307.03464297987205,134.9743345681345,145.62389000806323,160.41715061582335,142.48589893552585,242.06348222095656
2023-08-16,303.86228340826585,134.646557829074,144.41203592074345,157.38756444246968,141.7792794960343,235.92275546405938
2023-08-17,302.8700336964109,133.16731648660033,145.78095467732777,156.117450715418,139.71567455718625,228.5473728270447
2023-08-18,302.55557574968014,132.99922147610312,143.02063861212008,155.23188265489773,140.10910051156426,227.0723357873066
2023-08-21,328.18607750207934,135.26852380568312,144.0417404500723,156.93310784747504,141.19310189517387,232.4033926567628
2023-08-22,319.1092292177447,135.51224647687258,144.8384111008268,156.43206767349426,142.30922855319724,230.559565507352
2023-08-23,329.2272832976401,137.42017144063541,148.53009628356335,157.9119141859355,145.43276886026493,235.8826508044717
2023-08-24,329.55567140254163,134.46586258354301,145.62389000806323,153.62386018027667,141.6267123829894,229.8781811710104
2023-08-25,321.5548676778687,135.73082117897383,145.7360839959796,155.27848401387584,143.41732078812598,228.87603359733922
2023-08-28,327.26377269190345,136.0333580722323,147.00407828862254,155.1386621569495,144.68601455919423,232.6920228068412
2023-08-29,340.88252097361107,138.01272374358757,150.99865785500512,157.20112344657323,147.84164288678187,238.8888714073706
2023-08-30,344.23656082308787,138.17239234690598,152.46860478280672,157.38756444246968,150.67611781394896,236.57205607273087
2023-08-31,344.8724551643087,137.73957427349637,152.79396907621881,160.81332439710937,150.8527509423838,237.20538885693884
2023-09-01,338.9608810544301,138.1178044536712,152.22174689720794,160.9415003592892,152.12949155451122,237.59816772299254
2023-09-05,339.23346831460526,140.17278466047387,152.34514127091538,159.95106590607418,152.32220594709983,240.62052890888856
2023-09-06,328.8699921198352,139.8912350336935,150.87524619675173,157.72547319003905,146.87006133667344,239.8348724576191
2023-09-07,323.13969722761107,138.64307675164102,151.7728672382666,160.6269011812049,142.57422791770787,239.43404797985735
2023-09-08,318.46459176381404,140.47534780422203,153.02966114511844,161.069676321469,143.07203928249248,238.80873612756685
2023-09-11,315.7112599059367,142.01764282284378,153.63555361968642,166.74435634162086,144.01952998128178,246.56083108700963
2023-09-12,313.5589301504838,139.42475070730305,151.86264317005487,164.56536498456384,141.56247425212655,241.83102327409136
2023-09-13,317.856637950978,141.22760808622706,153.39991340442467,168.78350806175953,139.8842732625265,244.5567580577819
2023-09-14,318.52753148038613,142.33705878094958,154.95961897946856,168.63202253009464,141.11283217201563,249.89583585915565
2023-09-15,306.7803975402442,138.773371057037,154.1741573567781,163.58657642609538,140.5266545711552,240.74876510040696
2023-09-18,307.2416167887015,138.28588633892363,155.08304792226795,163.10882804160767,142.90344057715222,242.54451601789359
2023-09-19,304.1248976377353,138.11357812483695,154.8922438192624,160.37054925684524,143.78668072711406,244.56468027053742
2023-09-20,295.1730731914173,134.8020526045375,150.06734923338718,157.64389858683734,140.91207093836783,240.23569693538084
2023-09-21,286.6335119098507,134.28094100917775,146.36446366485956,150.69914039961776,139.65944601348878,237.07710330583942
2023-09-22,290.77750669820693,133.22195688081445,146.1512587902719,150.45443437000466,140.34999660679117,239.76270875015183
2023-09-25,295.0543058927711,133.4446529097913,147.11625499199292,152.9596885798845,141.38581628776248,241.16560676221326
2023-09-26,292.880880369954,131.17535058021127,144.26618027954297,146.7956231704944,138.07760842916534,239.66650692672255
2023-09-27,296.773303453456,131.44851317554733,146.47665765277594,146.7956231704944,136.8490495196762,238.68847150838496
2023-09-28,301.11301562724447,131.80570358826475,148.46273840790317,146.7956231704944,137.0578700123478,243.6748257437116
2023-09-29,303.9781630733565,132.69240575303107,146.8357268108371,148.12398415127075,137.47541165397416,240.66862982060323
2023-10-02,312.9439978898885,135.23492317892644,150.54981276515574,150.85062593128265,139.51492574150305,245.96762764217982
2023-10-03,304.103908819762,131.70066225391562,148.5973850210396,145.32743144279567,138.43091193992885,241.25383701330603
2023-10-04,307.7657490163831,134.04139216584326,151.75044918213848,147.9841534043484,139.4426531875456,244.97355036000718
2023-10-05,312.28706125599894,134.2094871763405,151.55971421731687,146.77231360100933,140.44636001206777,244.34021757579922
2023-10-06,319.79239518976397,137.52946535430843,154.37610999193677,149.10277270973924,142.5180242099396,252.86994805459392
2023-10-09,316.37514825023777,138.60527604653976,155.3186708529837,149.45233624205113,143.72246743218037,255.2188224371133
2023-10-10,320.04396689461817,138.00431046165357,154.91473101357442,150.87391772077572,143.24067524172654,258.00865063677253
2023-10-11,327.087974630535,139.69791330263908,157.70872601661216,153.61221428553014,144.37283349204526,262.80267526461205
2023-10-12,328.05936921115534,139.16840155059018,155.93581556698064,154.1948290627126,145.10354378285598,259.86847029043736
2023-10-13,317.68894130597374,137.7269740384626,154.1293039599759,151.23513603783013,143.6100351807146,252.27674460976405
2023-10-16,322.1194535126759,139.79034127670963,156.08167985045412,154.45118098707226,143.50564977030803,257.45547781215873
2023-10-17,307.0459796153124,139.54660548027536,156.77736554135632,153.19273093475908,142.24499042233435,259.74023409891896
2023-10-18,294.8725721402051,138.7271439447569,154.80253702565804,149.30086849037824,141.19310189517387,254.10455457513032
2023-10-19,294.20876400794714,139.23565530508287,154.56687952585034,149.61546766846254,140.8879676690841,250.76962384235588
2023-10-20,289.2192005974193,137.28147697855027,152.15440630609376,145.8517811862615,138.81635314307067,247.43466842979092
2023-10-23,300.31634961408315,138.39514087686217,153.16425590461697,147.4714495556291,138.91270413038265,251.73156803727736
2023-10-24,305.1242060093927,138.9036391119433,155.75629827249605,149.80190866435902,139.26598280521696,250.5611536518717
2023-10-25,291.9584953477349,143.1649204731572,140.94481649429653,141.44721489316137,137.38709508975674,240.1235026076975
2023-10-26,281.8047736459589,137.79420154246566,137.2082692724848,139.326497459817,134.00660225923755,231.1608145638899
2023-10-27,283.02068127163096,138.60107596819518,137.08484032968542,148.84642078537956,135.074534796658,237.8788263007345
2023-10-30,287.63987894131066,141.75289350944175,139.65439550325252,154.63762198296874,136.73665452210426,242.63269690940535
2023-10-31,284.97734711634695,142.08909665568106,139.22801168089617,155.08039712323284,137.12209572524608,241.51833032826033
2023-11-01,295.77404855649405,145.43427530371653,141.8873514285245,159.63644894799788,139.6915588699379,250.00000925492145
2023-11-02,304.0270924197146,146.37983106628636,143.05430890767718,160.88325310556453,142.5822499228379,249.214352803652
2023-11-03,314.5023307280239,148.2625161842472,144.86087236831983,161.5008233469786,141.84349279096799,252.20460558208737
2023-11-06,319.7154985776734,149.82999854769164,146.1512587902719,162.82918432775494,143.91515698883978,253.16654977700887
2023-11-07,321.14116069633945,151.51098802839857,146.95917303818243,166.2899175266182,145.994830773877,255.58763722657645
2023-11-08,325.4668090252184,152.63305208339963,147.93535234114853,165.55581721777085,146.85400490844887,256.35722713422035
2023-11-09,328.0942881872994,151.57825490813607,146.1400411199349,163.83128245570848,146.46858854123624,256.97449337480276
2023-11-10,337.77286048244736,155.35202530074693,148.7769196000702,167.28035197983323,149.8695710133413,263.5642442403385
2023-11-13,339.7645255153507,154.09553248822945,148.21588052230442,166.15007788969987,148.58315680679243,263.90090126276
2023-11-14,347.00435758609075,155.60418750436006,149.93268533570478,169.89047258240782,150.7057719134078,269.60879385359686
2023-11-15,341.6373697749123,155.6673593077116,151.0547634912363,166.86086862906217,151.16406931484315,266.7227391507178
2023-11-16,345.7744128528569,158.4044978638992,153.64675400547748,166.4297393835446,152.53091467809003,267.90924475953955
2023-11-17,344.5025439583721,155.74315759658654,151.82897287449777,169.168018168307,152.5148334139363,268.5906537756717
2023-11-20,352.2664013074028,158.9392859643685,152.88376229255306,170.27500046894727,153.92991015167985,272.5429247884001
2023-11-21,349.0168510128809,157.09910038915694,153.69165925591759,167.67652576111922,153.27862516243474,270.1459248143756
2023-11-22,340.4354190447588,159.11193543482065,155.39724639898088,170.95083574407798,153.81734130260352,273.7613907259394
2023-11-24,333.86656071547003,158.9350727607791,153.3774780637506,170.9857912083096,152.73994627615977,271.14799834867523
2023-11-27,337.12303598305573,159.4319682794333,153.0632795870376,172.13935708793602,152.59522731674048,268.3180901692188
2023-11-28,334.1810186622008,161.1542366551206,153.94973481185338,171.32369995587894,153.08568724648336,271.7572436573401
2023-11-29,336.41029850443977,159.53305891508958,151.46995557007457,170.49639692907533,152.25754560544064,266.31391842082905
2023-11-30,326.8364564003763,159.55829876089157,148.70959629350196,170.22838132997717,152.723865012006,262.26547026446184
2023-12-01,326.80148394953676,157.7054867001566,147.9578049663686,171.32369995587894,153.76105066908303,260.3976790384606
2023-12-04,318.03131304374153,155.4441645194313,145.05159869086847,168.771844387021,152.30575214400815,256.549630781079
2023-12-05,325.43948345583163,156.86749231894265,146.98159109431052,171.148922634721,155.51382153609103,255.16274995306213
2023-12-06,318.010350963116,155.30099434886023,145.89318323433608,168.39898017522003,154.62941409745704,254.48933718905698
2023-12-07,325.6491577367824,156.20637373701513,153.64675400547748,171.148922634721,156.1972317997499,261.8165448749854
2023-12-08,332.00895674411834,157.58756950063236,151.46995557007457,171.77813877088158,157.35503314696246,266.7548228783879
2023-12-11,325.86578372814483,156.35374398593078,149.56238122276065,169.99533897510258,155.3208463662459,260.7664197885522
2023-12-12,333.06430659663175,157.65072817873906,148.69837862316493,171.84804969934478,156.5510071931681,267.9332828755016
2023-12-13,336.0764025059044,157.64650184990484,148.75451882848805,173.43276260448079,159.16409464749094,268.3501492170984
2023-12-14,337.90742955360594,154.09244805569514,148.04759818270284,171.77813877088158,159.28467308373266,267.091553940181
2023-12-15,341.68137944928685,156.11373575902735,148.78813727040722,174.74947769051062,158.85049136954567,268.4944519522424
2023-12-18,349.9770426447996,156.92222458987055,152.37882885101845,179.52692597540369,157.49975210638172,276.27065906701876
2023-12-19,346.6713439200307,157.17908563113164,153.33255552876452,179.20064534258887,158.34398742954278,280.87220600862815
2023-12-20,336.23712070314946,156.06741677003345,155.22889492119543,177.25471412039846,156.64750719605527,280.006463637136
2023-12-21,342.38029371912296,157.2969897054111,157.56282716404678,179.25891037630552,156.52690392388433,283.8624341072731
2023-12-22,341.2620576247329,157.73496600003767,158.7634808655755,178.7695160970713,155.65855291347492,283.3012897103228
2023-12-26,344.40003296714974,157.76865850350814,158.79711659204062,178.75787020232474,155.2163491941579,284.4556869116839
2023-12-27,345.3644758373586,157.52021074418104,157.50673881236156,178.67629559912305,155.29670584306834,286.86063377825445
2023-12-28,346.09828234599104,158.02970649786903,157.34963957400507,178.72291473809315,155.64245923135655,287.25351136347024
2023-12-29,346.09828234599104,158.3497524677265,156.7437125303452,177.0449813350089,154.79823632616007,283.7582113519262
2024-01-02,336.6354804470779,156.17268123354464,155.0381599563738,174.70285855154052,149.2585574832859,277.6094636631115
2024-01-03,332.44921391195004,156.05896411236495,155.87972721529545,173.0016333589632,148.14096550544002,276.1504191276274
2024-01-04,335.44745987509515,154.93886884408792,153.04082696181757,168.45724520893668,146.25953210723733,278.27480613561806
2024-01-05,343.1280838606217,154.8588442263787,152.30025330502124,169.23794687676218,145.67259701053646,282.1468678291712
2024-01-08,365.1846310784101,157.78128498903158,155.78995128350718,173.73573366781054,149.19419517277703,287.52607496992306
2024-01-09,371.3837386258487,158.24446175372563,158.15753653736962,176.38079195462475,148.85651346147722,286.53999393987743
2024-01-10,379.8401200186065,161.1837290802465,159.6499015212993,179.1307344141257,149.70076120260288,296.9937362074677
2024-01-11,383.13884029561615,161.9670043157774,159.4254962609206,180.8203137119565,149.21833569595458,296.3524565307137
2024-01-12,382.35610444062564,163.58400822795346,160.06505903104565,180.16778800631084,149.48367034550938,300.2164479327683
2024-01-16,394.0413681581049,164.34199111670304,159.885559021107,178.46656281373353,147.64247115260255,294.5807190493986
2024-01-17,391.7420097274482,164.00509233248792,158.74101095580946,176.77698351590274,146.8786421502103,295.31027833682646
2024-01-18,399.10820250359166,165.8579175184677,160.99640222175552,178.86273659501953,151.6625760856452,301.5311897331084
2024-01-19,415.7694203216009,167.8792052217999,164.25045998497973,181.00675470785293,154.01835089554325,307.3994022431338
2024-01-22,416.90861849661644,166.9696126300556,163.81284985001335,180.3542290022073,155.8917126167576,306.0605976470411
2024-01-23,418.43919796780114,167.97604327813227,164.99101635723008,181.79912005041695,156.92889827383462,308.80232493498573
2024-01-24,428.8454271816021,169.5172882771679,166.8536854541039,182.78955450363196,156.38217254650047,313.21149290952707
2024-01-25,430.627578357641,170.49000017128444,170.41068945461208,183.81496220107053,156.11683789694567,315.1996227940818
2024-01-26,426.5321385927746,170.09416903779683,170.76972404358125,185.4113210009531,154.70979558229666,315.96923738151617
2024-01-29,436.5540719075567,172.53232764207405,172.2509404953578,187.9049115360944,154.15501059593873,321.4846769659134
2024-01-30,438.71356727220297,172.0564981413669,169.95062669442564,185.27149914402673,151.1881974200561,320.71508705826955
2024-01-31,429.99858225213626,167.4201760344711,157.2037752905316,180.84362328144155,148.26153152371717,312.76256752005065
2024-02-01,440.4817615527233,170.03102348493496,158.39317675263135,185.59776199684956,150.23944008887787,316.4822808667518
2024-02-02,462.3776173106145,173.16398004936536,159.76213007830765,200.198086890643,149.42741696588268,380.7840436269593
2024-02-05,484.5460335913331,170.81845942307592,161.22082476668024,198.45024255909559,150.89873466528837,368.29407056309964
2024-02-06,476.79551817882293,170.75111379186944,161.69210519720372,197.09857200883417,152.20125497192018,364.5342525568109
2024-02-07,489.9063370655774,174.35571290390726,163.30791640847877,198.70659448345523,152.28970813374818,376.45503561201224
2024-02-08,486.70550221863175,174.3809658749541,163.72307391822508,197.9025832461447,151.41333511820878,376.78369638230674
2024-02-09,504.121675787333,177.09281208436042,167.19030198694497,203.2742922029668,152.0331902390576,375.26853000319045
2024-02-12,504.92524003621037,174.8652349080849,165.5408377646588,200.81565713205705,150.6646063607671,375.90186278739844
2024-02-13,504.08670333649343,171.10061281111834,162.8590540340834,196.50431133690515,148.96596540143958,368.8632605717579
2024-02-14,516.4706941623747,172.75436740880957,163.7567269292362,199.23094422692108,148.2494860980576,379.4132046627775
2024-02-15,507.79068159314755,171.51827122675297,160.19972292872805,197.85598188716656,148.01600352769537,388.031116033084
2024-02-16,507.47614343437357,170.46357905344803,157.6750384365091,197.51805535960523,146.76819677308012,379.44526371065706
2024-02-20,485.3846772404411,169.9277803091271,158.34827150219124,194.68655607689456,146.16441049842047,378.18664375394917
2024-02-21,471.54697681811786,169.6704336338074,159.95288232767524,196.44604630318852,146.7762560321039,375.6025462880269
2024-02-22,548.8848086210835,173.66561378140207,161.6808702423207,203.42577773463168,148.42657869118256,390.1281084736025
2024-02-23,550.8345494927357,173.11296222272347,161.5350232433932,203.90352611911936,146.9372425251459,388.44279961867255
2024-02-26,552.7565369974373,171.93170331355336,154.36492689069166,203.6005550557896,145.84237542251347,386.60501901793805
2024-02-27,550.0238731093604,171.90638471628242,155.8348565339473,202.21392904129664,147.02581986661988,390.8664044068728
2024-02-28,542.7694959214516,172.00761972963176,153.02966114511844,201.77115390103245,146.05169263376897,388.43480336654557
2024-02-29,552.896266376709,174.5051700667504,155.3635415343319,205.9659696287511,145.5123307594411,393.33815946636867
2024-03-01,575.0297636812836,175.28983657823292,153.88239422073923,207.66721260132041,144.63480287319413,403.1048163660082
2024-03-04,595.7024927296138,175.0451557641711,149.62970452932885,206.92146639772653,140.96381659684562,399.8064857625682
2024-03-05,600.8115720845245,169.86871670740632,148.86667824731248,202.88976431642732,136.95466430857797,393.41042189299793
2024-03-06,619.9337488629108,169.63247542576818,147.441636569951,202.17897357706502,136.149607663722,398.1211769076383
2024-03-07,647.6734262915159,172.60672152975255,150.78547026496346,206.03589833720628,136.05302073508264,411.0416889170403
2024-03-08,611.742548485005,171.37482542604053,151.94118414696013,204.32300946989042,137.44573271858613,406.0340113427083
2024-03-11,599.4835814971404,170.6576226729679,154.47712087860802,200.37288199179292,139.0719272724518,388.08970585576776
2024-03-12,642.3898590052758,175.19702797206241,155.40846406931794,204.3696108288686,139.45834949479686,401.05839281625595
2024-03-13,635.2259075274123,175.12108530549432,156.8559410873535,205.7329272738765,137.76778021245772,397.70386632981223
2024-03-14,614.6499676778888,179.3904780680112,160.57002704167218,208.28478284273447,139.27318522468352,394.7024582860638
2024-03-15,613.9021775363901,175.6779631930072,158.41562937785142,203.2393367387352,138.96729350275328,388.4989955016763
2024-03-18,618.22143563916,176.05766340060262,165.70913738880634,203.30924766719835,139.85281855820105,398.8354347249465
2024-03-19,624.8122453309405,177.78313433602767,164.97978140234707,204.96387150079758,141.75272988772483,398.24156492577276
2024-03-20,631.619627539388,179.39471752209027,166.89859070454403,207.5856379981187,143.83783032329117,405.688938511721
2024-03-21,639.0489739308855,181.1412676007072,165.61943059520198,207.5856379981187,137.96096648770103,407.4865897730773
2024-03-22,658.9958909375564,180.87548139296385,169.1764173111642,208.42460469966082,138.69356430913058,408.94711509599233
2024-03-25,663.9790908593229,178.394849496427,168.39092111938177,209.40341103812128,137.5423444831547,403.6826443013469
2024-03-26,646.9186844396056,177.88438247462184,169.06418875415585,207.76043309926862,136.62458239161182,397.96070890970674
2024-03-27,630.7669200453706,177.79157386845134,169.28859401453457,209.54323289504765,139.5227366412349,396.3315465781995
2024-03-28,631.5077050017624,177.49204265625818,169.35590003655682,210.18411270594677,138.0495314112104,389.6867104202333
2024-04-01,631.5566343481204,179.11626545308903,174.47260961210887,210.871593875824,136.88219306718696,394.31725611569834
2024-04-02,625.1895093075047,177.79577394679592,173.4291070025745,210.54533102300118,135.92420918831277,399.1483744686827
2024-04-03,621.7788397555216,177.37811553116128,173.83304684198382,212.54952727890824,136.57627650932753,406.66798580146974
2024-04-04,600.3991217583389,176.29390468224076,168.90712408489134,209.74131978569065,135.90810308822984,410.0225369677039
2024-04-05,615.097283505523,179.51704480387636,171.1175928158513,215.64904216071707,136.51992378598408,423.199916236791
2024-04-08,608.9818103818047,179.12470498551266,173.75452314962453,215.78886401764345,135.610220953465,416.7075518246294
2024-04-09,596.5480880891332,179.8376551592614,175.71815127953172,216.34816922534088,136.5923826094105,414.8216209525992
2024-04-10,608.3248202732195,178.56358764392078,175.2019828831141,216.67443207816368,135.07084666117254,417.1729633141701
2024-04-11,633.3248821033362,180.53376564389728,178.8712154406306,220.2866508086918,140.91548587863215,419.84529103118524
2024-04-12,616.3413722957094,177.98983069156063,176.98607643399075,216.88418264354522,142.13111768697527,410.8089831722699
2024-04-15,601.0701757118335,174.5051700667504,173.76568896632364,213.95944508289432,139.02363380813213,401.44361966641185
2024-04-16,610.9528341822553,174.90169683821384,173.24957242354398,213.6098904405784,136.35893729294207,401.06643842796393
2024-04-17,587.3295853364898,173.7457434010699,174.45020884052673,211.2328121928784,135.2479640902267,396.58036822617646
2024-04-18,591.774722872404,170.55216133078432,175.0560840305487,208.83244215568536,134.47510722757207,402.70352297222666
2024-04-19,532.569946405655,168.37950017886428,172.90170365127392,203.48404276834833,132.832818991588,386.06739446134907
2024-04-22,555.7598363193046,169.15574028316797,175.3590821214706,206.513628941702,133.5090392537449,386.59702276581106
2024-04-23,576.0632156460007,171.94436917481127,177.58080309185956,209.20530636748632,134.36241419884973,398.1291978395558
2024-04-24,556.8711474406309,172.5729502748131,178.55703424846362,205.7678827381081,136.0691268351656,396.0426943100064
2024-04-25,577.5238769528542,168.34574204916964,175.0449009293036,202.36541457296147,136.76948762050006,354.21541002417814
2024-04-26,613.1893063710354,171.41702308815877,192.94213220430677,209.29852686543455,136.29452531057484,355.74819777372244
2024-04-29,613.3430461205212,169.6999523094229,186.43399939331243,210.85994798107745,139.67573838304068,347.18537169584647
2024-04-30,603.8727845015894,164.24932688822562,182.6526074169715,203.91517201386588,137.12371006064373,345.2192068248506
2024-05-01,580.3823667993797,166.61603165966554,183.8644269351994,208.5760902313257,136.29452531057484,352.457937461781
2024-05-02,599.7842162350913,167.83948823095392,186.96142002915903,215.24120470469254,139.29732574786104,354.4562107402376
2024-05-03,620.5558199953517,171.5604557636264,187.65710572006122,216.97740314149345,147.62959372331497,362.7060723945869
2024-05-06,643.9762927958824,174.46295927938732,188.62208463723627,219.8788133526673,146.28517520413115,373.7165907362062
2024-05-07,632.8915231712206,172.69107747825458,192.15665329707033,219.94872428113047,146.84064317854194,375.77105989766653
2024-05-08,631.8991397726269,173.19731817122553,190.05836126948077,219.06315622061024,147.11437237216467,379.2700371979973
2024-05-09,620.2622439172033,173.9482659287479,190.70917627903478,220.81100055215765,148.58760243811832,381.53314930847534
2024-05-10,628.1668734020675,174.96921309760307,189.23924663577918,218.4572318739427,147.563815764842,382.15912751510973
2024-05-13,631.8083397397132,174.53888882071053,189.78903347411597,217.39688649226449,150.1676269996105,375.5864550646108
2024-05-14,638.496901174819,175.73703991997277,191.13556874366412,217.97950126944698,151.0946777286723,378.66814646690597
2024-05-15,661.3792046401063,178.8095941077101,193.5704773040948,216.7210512171338,152.94075718166596,386.44452634021593
2024-05-16,659.4851309264418,177.9262782561091,195.44432950221372,213.97110875763286,153.03749312588047,379.7756520662877
2024-05-17,646.3455961282182,177.59665085752803,197.5538737692323,215.2178951352075,153.06165848498722,378.71629673820166
2024-05-20,662.4275760448604,179.764770674738,198.5188181173154,213.86622458494608,154.00484015006117,376.2525379308328
2024-05-21,666.6629323504328,181.32855171914127,199.56238986503362,213.41178576994344,155.0608886953618,372.873973328427
2024-05-22,663.6156233541909,181.95402213611916,197.91294292729341,213.38849398045036,153.8919856877991,375.40187491134554
2024-05-23,725.4623171507988,180.46634126122183,194.73740885642852,210.96481437377227,150.65131913864775,373.7968494149625
2024-05-24,744.1231677313367,181.80188742333135,196.35323735224955,210.61524195146438,153.15033517017795,383.7802195551184
2024-05-28,796.0662409768971,181.8695086846792,197.93536098342153,212.2465562155785,153.15843168309553,385.1444690152325
2024-05-29,802.524219525122,181.3834808687416,197.3743046211098,212.0950884639056,153.40023428973805,380.6824369294071
2024-05-30,772.2963645161439,175.25522530762456,193.12166678333736,208.94897222311863,154.206371297514,374.81605072387987
2024-05-31,766.2367189744997,175.44963643399961,193.5592250646658,205.59310541695015,154.98027126919484,374.63949150253217
2024-06-03,803.7472392852919,174.76919749168695,194.31101639179917,207.8070344582468,156.4152167502944,383.19434600807165
2024-06-04,813.7906426903065,175.8469375949078,195.00670208270137,208.9722640126117,156.67318754684288,382.7931266536616
2024-06-05,855.7462470623175,179.20266893978408,196.82450049822705,211.2328121928784,157.89849294960746,397.29460136369414
2024-06-06,845.6678712064634,179.4182117103303,198.30568238091163,215.56746755751539,156.777957914152,396.25133725902424
2024-06-07,844.8991724590345,179.13504767843622,195.75852797892668,214.7518104254583,158.72079814728934,395.6092678289737
2024-06-10,851.2033577830781,180.83403186980073,196.60108045696882,217.96783759470847,155.68161307373248,403.34559240227713
2024-06-11,845.1222688885492,182.86693541480466,198.40970077858236,218.16592448535147,166.99172137763162,407.2538099889354
2024-06-12,875.1080439511195,186.40863835363228,199.72403493898122,217.76975070406544,171.76411902395543,408.3532946563996
2024-06-13,905.9325696121889,186.62838120252312,196.76955292657613,214.20415111250742,172.70727585310019,404.5493985442502
2024-06-14,921.7992604048555,187.04682713284737,198.6006431579557,214.00606422186442,171.29654540296576,404.9991877263946
2024-06-17,915.5084972293757,189.4981109819514,199.10616427405338,214.47214893161362,174.66618493242672,406.98341820404795
2024-06-18,947.6611204272201,188.64017935384553,196.690908242395,213.01561198865744,172.7475721482191,401.2477114893001
2024-06-20,914.1104547909217,188.36969430845414,198.05021679141788,216.8492271793136,169.03128513701887,403.023076899821
2024-06-21,884.6839180936109,190.0940495980689,201.79102465381214,220.32160627292342,167.26584794612143,397.4641021649544
2024-06-24,825.5511720416646,189.20228108879945,201.33044335724654,216.23165693789957,167.78983638027756,400.78183108373963
2024-06-25,881.3287552755293,190.58851694643016,206.73385169686708,217.12887089316632,168.53957099285165,410.172590094038
2024-06-26,883.4956034108031,191.09992898586285,206.5653792272598,225.60009473179727,171.90921052231263,412.1969499110695
2024-06-27,866.6505395897568,191.39154567542542,208.28413719435522,230.54067444310178,172.5944338088027,417.3702535595508
2024-06-28,863.5052114767124,188.89798541273416,204.62192216250412,225.18061138102618,169.78905417268757,405.04741203706186
2024-07-01,868.8172807756398,193.03136126311057,205.56555466540144,229.78326456476935,174.73070867647533,405.41694254045
2024-07-02,857.4241225821835,194.1090882410866,208.093125676798,233.0459108729896,177.56831293072096,409.28893019463163
2024-07-03,896.6364216017181,194.73882436263318,208.74466663728293,230.237703379772,178.6001464450565,409.6584360182292
2024-07-05,879.5114177498691,197.60854101681667,214.1144219658924,233.0459108729896,182.46157462647227,433.7177025607689
2024-07-08,896.0769693376765,197.05066561069697,212.35070689471897,232.21859006619403,183.65465541110635,425.2106774892484
2024-07-09,918.3043682075022,194.2189990412665,212.29451483575792,232.27685509991068,184.3479379566202,425.75684125335573
2024-07-10,942.9780204964497,197.05486568904155,214.76594564183137,232.80120484337647,187.8143258482603,429.5244580734474
2024-07-11,890.4853343308148,192.1734427602495,208.46387918793744,227.27802813488148,183.4531366816181,411.8595524949325
2024-07-12,903.3464263897088,191.6873755685774,207.90220058197067,226.62550242923584,185.84733267398082,400.7496733166979
2024-07-15,897.754684433456,191.86066817602608,209.542279295793,224.56304113961215,188.95905107875168,398.57271835490934
2024-07-16,883.2160377028688,189.98415192313385,206.61030176224585,224.91261356192004,189.29761446553795,393.45558590964123
2024-07-17,824.7123679684702,187.44834149734498,203.35251053709135,218.98158161740855,184.50917280895416,371.1234111073742
2024-07-18,846.3803680489497,186.11703478931457,199.61170267469706,214.1109306145592,180.72030279468157,382.2573777611518
2024-07-19,824.293072881264,184.73921221361783,199.57799781004803,213.38849398045036,180.82508557995527,383.01250531155364
2024-07-22,863.5052114767124,187.20320129971424,204.08271346630335,212.71265870531968,180.54296184226467,391.5356462862808
2024-07-23,856.8648842169235,188.0104301070541,204.21749835580755,217.21044549636807,181.38940756312408,392.57195069002535
2024-07-24,798.5711026622578,181.26935686497228,193.92747231663904,210.70846244941256,176.1736761627049,370.5450402166441
2024-07-25,784.8012616284902,176.83167221328574,187.91737641333572,209.5665424645327,175.32724285981004,364.23098729095676
2024-07-26,790.2532207307759,179.7351863728983,187.6028840993412,212.654393671603,175.70613979560898,374.1037672898129
2024-07-29,779.9784323184483,180.352256633187,190.4449992783702,213.4700508036601,175.93184872013316,374.11171418235887
2024-07-30,725.0395996830822,178.74201222209675,191.29873485765745,211.7338701468512,176.3832789871461,372.0874530844895
2024-07-31,817.9323648041052,176.81054056911455,192.7029486571204,217.8746170967602,179.0274113529627,381.4379840362477
2024-08-01,763.3429893036572,176.28646266842395,191.82672588352116,214.48381260635213,176.02857224638308,399.8419012619579
2024-08-02,749.782982974927,172.64331471232975,187.22091291786472,195.642035065878,177.2377963849939,392.1301330802174
2024-08-05,702.1133934928114,167.0053264212294,178.896744715034,187.62526782224168,168.70078100925642,382.1609784993984
2024-08-06,728.674167785012,168.89030845703493,177.81829275354053,188.68561320391987,167.0562575396448,396.90984342955795
2024-08-07,691.349311616903,168.3915885293498,178.54847839820656,189.66441954238033,169.14415201724557,392.7567282816147
2024-08-08,733.7067248507003,170.19201773798088,182.01971648159238,193.19506366970677,171.9575536584907,409.39335038830257
2024-08-09,732.1690599823654,171.59941149027244,183.86200709876303,194.52342465048312,174.31957470458127,415.93231024495736
2024-08-12,762.0149987162731,171.93329146817743,182.31177345491284,194.36029322407174,175.5624763631805,414.47032881440197
2024-08-13,811.781544906679,174.97628760456473,184.41248531893876,198.35702206114735,178.58091101789498,424.5840082484796
2024-08-14,825.3414442860181,176.18080444756797,180.15492138556377,198.20555430947445,178.94411164644265,423.15415990517533
2024-08-15,858.7522201189583,178.26392517927937,181.19965119786227,206.93311229247306,181.36530429384035,431.64514311286075
2024-08-16,870.7744546299627,177.18002933623472,183.06446357843683,206.315542051059,182.43870073568368,423.6842818054476
2024-08-19,908.6582817898542,178.47562225309136,187.23216515729368,207.66721260132041,182.30957873979887,425.17844568283516
2024-08-20,889.4367490272784,179.86013870364977,187.80506143359753,208.43626837439933,182.80996062325517,423.1300230700512
2024-08-21,898.1740329953576,179.58068911604167,186.31101984870838,209.86949574787047,182.72117217638305,429.90196014917206
2024-08-22,864.9030400163847,175.94371002501606,184.00809608133414,205.23188709989574,181.2119672669904,427.3072256935376
2024-08-23,904.2550684151912,176.46871981808937,186.05263317094503,206.2922324815739,183.07632596387157,424.1501868907987
2024-08-26,883.9150589220958,175.07148500529374,186.65925159644388,204.49778679104838,183.3506884736887,418.6233946027643
2024-08-27,896.7761509809899,175.21969526987832,184.9966338346716,201.72453476206238,184.03670650991305,417.00074773595315
2024-08-28,877.9738063562295,173.8478971815571,182.94087907472368,199.0212114415315,182.7938421052076,415.13712739454894
2024-08-29,821.9165504650393,174.9148352082855,181.73889446315496,200.5593052076974,185.45717264429194,416.293819816428
2024-08-30,834.3582404873363,176.6169169574291,183.5362798298855,207.9934754541432,184.81958466999785,418.77611314647396
2024-09-03,754.8854849422945,173.3567373948922,176.7735456566961,205.37170895682212,179.7915383865053,411.1044002647401
2024-09-04,742.3739569677093,173.1280956300088,175.75128575416363,201.96924079167547,178.24195025624158,411.8917102619741
2024-09-05,749.3636344130252,172.91215910211776,176.63876076719185,207.28268471478094,179.47678023785244,415.2013442094702
2024-09-06,718.7488899822979,170.07960001603905,169.53906437024187,199.70869261140876,178.21776006120567,401.8743313704879
2024-09-09,744.1912410186743,171.78168176518267,167.27809019594625,204.38125672361508,178.29035548224266,405.5053455500764
2024-09-10,755.5845061615215,175.37211873805234,167.22184628334728,209.2169700422248,177.6447206668894,405.5053455500764
2024-09-11,817.1635591072854,179.11495292860636,170.0339900596576,215.00816234981795,179.70274993963318,411.1606208275344
2024-09-12,832.8218055369973,180.79163732901006,174.00476880623418,217.8979266662453,179.7915383865053,422.22225101531114
2024-09-13,832.5421863543672,182.31163255667104,177.12060205530534,217.30366599431625,179.57360310781917,421.43501505744865
2024-09-16,816.3248085087866,182.62918473001142,177.79552900649293,215.43929159533553,174.58591520926848,428.80050109846667
2024-09-17,808.0062848809589,184.24232982020843,179.21287906089606,217.75810480931895,174.96522193789912,431.2448369106998
2024-09-18,792.4879817293008,182.4047561687174,179.76404866291074,217.23373728586114,178.1128034244276,432.5555312253954
2024-09-19,823.9442039679963,185.74118027845338,182.38499079165814,221.24212979767526,184.71465286914898,449.5618319142145
2024-09-20,810.8723681342418,184.29311139244345,184.01599511884422,223.25798972832084,184.17392501871544,451.37095927816057
2024-09-23,812.6897591345976,183.5479649931345,182.05876227094734,225.91471168987357,182.77766149733705,453.83148503297195
2024-09-24,844.9150544435901,181.71041759213315,182.55368796036308,226.0079321878218,183.50405033646786,452.96305256431356
2024-09-25,863.3693322755148,182.9551895610203,181.65383721241756,224.3416446794841,182.6969819813471,456.96734857544857
2024-09-26,867.0741126526009,182.61647949301906,183.04863093432476,222.7452858796015,183.6251130733289,456.5895009826567
2024-09-27,848.6198348206763,181.22347100905768,184.42095474646595,219.02820075637862,183.84302351608582,456.20350905899477
2024-09-30,848.8994540033061,182.1888327660712,186.5582407097726,217.1172249984198,188.04788292641007,460.28826118721025
2024-10-01,817.862633801208,178.11996749401865,187.8405466064819,215.71895308918027,182.5678599854623,463.52866832231047
2024-10-02,830.7946333062997,176.61265125286042,186.5694929492016,215.2878060636707,183.0278834839767,460.5857513820837
2024-10-03,858.7556959741642,176.3628778438058,186.5694929492016,212.02517753544242,182.1320266819838,468.5944421235158
2024-10-04,873.2256277210682,176.1596465529071,187.91927771339286,217.32695778380932,183.04401441998886,479.1841453570558
2024-10-07,892.7983288088171,173.39906630945876,183.3298504973196,210.673506985181,178.91989661547754,470.2105735256309
2024-10-08,928.938239199933,175.58804214069858,184.90466276554466,212.91074559596268,182.21274345186757,476.7317145735335
2024-10-09,927.2603102053715,176.75238260928685,182.07001451037635,215.76555444815838,185.25538071958258,474.8179942573829
2024-10-10,942.3593182698236,176.06645731463658,182.31749463963018,217.49008921022076,184.85184654202217,469.4466846495961
2024-10-11,942.2894803175355,176.26972798126974,183.6223222997434,220.01865298958566,183.6493405222586,474.3676867996377
2024-10-14,965.1477736445552,177.46370525267704,185.55708523787425,218.52714280240585,186.67587168989064,474.74558375201053
2024-10-15,919.9208013022693,177.29432396818677,186.1195070793179,218.70193790355583,188.7338761267052,471.408777355157
2024-10-16,948.7206680433281,176.18501765115738,185.7820608882701,217.76975070406544,187.0632252595805,463.78602917780574
2024-10-17,957.1789745251231,176.43906989002554,183.2736238692666,218.51549690765935,187.36186489018576,463.89861838213733
2024-10-18,964.6585871303653,177.0487900132112,183.82479347128128,220.21673988022866,189.662007218687,463.52866832231047
2024-10-21,1004.5730623761601,177.31126865925822,184.5559297659759,220.3099603781769,190.85647881535598,462.47533486311016
2024-10-22,1003.7341513535748,181.00756073165627,185.7595736939581,221.04404290703226,190.35609693189969,467.98332115077176
2024-10-23,975.563467879455,179.77545462402705,183.10487484692374,215.22955880994604,186.24002596844758,453.252595866641
2024-10-24,981.505148242885,179.8305150260756,183.03737869489578,217.17549003213645,186.08670135956223,456.54122731240847
2024-10-25,989.404109410029,181.27853141110623,185.905800952897,218.86506932996724,186.7646353008336,460.9395114993324
2024-10-28,982.2739004650092,180.61802971568554,187.53685713372104,219.51759503561289,188.3706879161221,464.88753758809224
2024-10-29,987.3768837046359,182.88746329771382,190.86641379375905,222.36075799306207,188.58861077684367,477.04534535140414
2024-10-30,974.0253217388607,183.13301037793423,196.24323850167184,224.5746870343587,185.7073573770378,475.8552364931671
2024-10-31,928.0293832756687,172.04843924104324,192.47498278027106,217.19878182162952,182.32574692970482,456.38041379740963
2024-11-01,946.4837145822887,173.75048161445235,192.67743666726298,230.63387716105802,179.90450461044875,456.0425968248339
2024-11-04,951.0274594566557,172.94176965444709,190.37148810434334,228.12864073117018,179.17812818928255,450.83229817036994
2024-11-05,978.0099351973588,174.21199147305344,190.933927230333,232.46329609580712,180.34031307799805,460.2802155755022
2024-11-06,1017.8544655414744,177.9040178408828,198.54922163368343,241.30738414623903,179.75116758359883,459.9746304093396
2024-11-07,1040.7129727672761,180.12688305426548,203.31865011152854,244.75647145035575,183.59283878333997,475.7748297356677
2024-11-08,1031.974779729374,178.9032689800392,200.61899416041612,242.5774800932987,183.37467998129108,473.87720064293325
2024-11-11,1015.4077843247886,176.98526382824934,202.86869881073684,241.01607675764777,181.16895143762466,468.9159704343513
2024-11-12,1036.5884695054199,179.11073972501694,204.29728382002295,243.42811046957937,181.16895143762466,470.2428053320441
2024-11-13,1022.4680483681293,180.02949373765037,201.21517272014677,249.47565470153216,181.88802609560753,466.36704166991365
2024-11-14,1025.8931026131947,180.74505583511962,197.503126342253,246.42274117870144,184.3927047189942,464.0835193726792
2024-11-15,992.4797599948718,175.71082880605357,194.02730785418413,236.0871607210818,181.79106662803025,445.52535345624733
2024-11-18,979.6874363943564,176.0326073082282,197.1881673455172,235.02679755941162,184.23112216365152,445.78261559258056
2024-11-19,1027.6407626106534,176.89214021620296,200.36024450718736,238.4176198298117,184.44119687074743,451.1619214524945
2024-11-20,1019.8118532945794,175.91828642578648,197.95304307395278,236.4017776791581,185.02292884028193,454.72400497717337
2024-11-21,1025.2641332450378,175.1588860105956,188.5604825153854,231.15824468451584,184.6350909699728,452.7701059620636
2024-11-22,992.2700322392254,176.91102744350877,185.33210958747839,229.69004406682112,185.72582289039426,449.5940143610467
2024-11-25,950.8177317010093,177.6704409839445,188.58295242515143,234.73549017082038,188.1497226540742,454.3943323354677
2024-11-26,957.1091365728348,181.57349503809962,190.23649580028746,242.2046158814978,189.91915842957204,461.17268616012257
2024-11-27,946.0643660203871,179.45228484590078,190.36021858036838,239.73433491584154,189.81410244907718,457.6830625003972
2024-11-29,966.406033229042,179.65165731482037,190.04525958363257,242.23957134572936,191.7532297107999,461.79989835628277
2024-12-02,969.0623352519831,182.84202370012332,192.90239503311287,245.5255272234347,193.57921689707476,476.68349026286626
2024-12-03,980.4565094646534,182.93534419084213,192.73369786440793,248.70659892845325,196.05155914064954,493.4244832036441
2024-12-04,1014.5689802515944,185.57416153803194,196.14203748499486,254.20648384745513,196.34243754338138,493.5289774366866
2024-12-05,1014.0796867880138,187.7802395632811,194.1959877383431,256.9913817711877,196.3666898282403,489.62922501817513
2024-12-06,995.7638549426694,188.18327645617865,196.52447534921265,264.5420643050748,196.20509485493304,501.56180501324286
2024-12-09,970.3873312564207,189.2226645940155,197.4929630292204,263.44674567917303,199.36421263057258,493.3601183099798
2024-12-10,944.2420553480478,188.0814508068121,208.52924934081062,262.2232510910914,200.1883184331211,497.9835315459859
2024-12-11,973.8827582007289,190.48271434788106,220.04976220785878,268.3057507872758,199.15415034144127,508.72610140197867
2024-12-12,960.1109920779244,190.7245207333258,216.1757942032818,266.8026124853415,200.34184172943998,507.20636926161706
2024-12-13,938.5095679933092,189.75297698599886,213.7658618117834,265.04312225904755,200.47919683585295,498.8117853156851
2024-12-16,922.7803071680089,191.58574679788325,221.46871972503743,271.4169115638312,202.83036458088532,502.3444998896505
2024-12-17,911.52527411296,192.80332325948916,220.0723012558087,269.342804379461,204.8017785505615,498.48186587607427
2024-12-18,901.1787761340028,185.56143005054992,212.16669561828118,256.9564263069561,200.41456133012298,480.5765791379386
2024-12-19,913.5524998183531,185.40870470174488,212.2905739592759,260.18409937095277,201.8203866842414,479.2729432433305
2024-12-20,941.6553773786129,185.22627692389676,215.55640249830827,262.08342923416507,205.61783751205084,470.96809501571266
2024-12-23,976.3994912684846,184.65355686587793,219.18263110544177,262.2465606605765,206.24804921537404,482.7171560885074
2024-12-24,980.2444288224062,186.38446165266126,220.8493280200639,266.8958329832897,208.6153478964185,489.07452204654936
2024-12-26,978.2170961676223,185.8668938734048,220.27497984189827,264.56537387455984,209.27789597955356,485.5336631417139
2024-12-27,957.803986765815,182.6510907636274,217.07671659307772,260.7201127891571,206.50659123829396,482.68502300125624
2024-12-30,961.1597378055469,180.23288253148698,215.3649588671017,257.86530393696137,203.76758562295248,475.78835426087016
2024-12-31,938.7891337012437,178.82014680455086,213.1802268250968,255.63971122092627,202.32943630698674,471.17733027970286
2025-01-02,966.8920112615035,177.58134682205994,213.32664421404144,256.6068538846482,197.0211289804932,482.22627505515476
2025-01-03,1009.9551835261575,179.60501019470578,215.98435057207527,261.23281663787645,196.62524426912486,486.56374823824854
2025-01-06,1044.62935251435,181.51412955574787,221.7052068830519,265.21789958020554,197.95027834557197,507.1407210188459
2025-01-07,979.6850835077555,179.18924181432624,220.15110150090354,258.8091370311983,195.69607006811688,497.2344505442603
2025-01-08,979.4754627015001,180.11833851988322,218.41680472697763,258.83244660068334,196.0919796154144,491.4646116792296
2025-01-10,950.1142186073625,177.73831162494403,216.2658985414436,255.11536147746043,191.36541667641995,495.60084585046036
2025-01-13,931.3789312507257,176.99165582248003,215.1059672302293,254.55605626976302,189.38590619382617,489.541315604359
2025-01-14,921.1025920722294,176.34678629364808,213.5856358509139,253.74038135771397,188.48099669564172,478.21072505954464
2025-01-15,952.4212239194719,180.86076799351298,220.21868407566137,260.25402807940793,192.18953489693305,496.61483972357894
2025-01-16,933.7558814645142,180.12681742804133,217.24565574542632,257.1195577333675,184.42502868084148,491.9313558774582
2025-01-17,962.6976700473591,182.01473951868806,220.72543239452324,263.27196835801504,185.81472309894778,493.1142582368647
2025-01-21,984.5087149382297,181.7898778243148,223.03407734661477,268.83011831073367,179.8842757461194,496.083730631686
2025-01-22,1028.1312325175345,189.2990666441525,223.39442556107798,273.84059117050936,180.8457739089747,501.74902590409323
2025-01-23,1029.1797643463751,189.51542317987798,222.95520796333602,274.318339554997,180.70841880256174,512.1703142471556
2025-01-24,997.0222214765473,188.39116720899085,225.46654878606313,273.6541679546048,179.99740340360268,521.0545452369146
2025-01-27,827.8458246991196,184.3608376557499,216.0068723354792,274.318339554997,185.7177636313705,531.0250325264213
2025-01-28,901.7381214486536,189.7233139326902,219.937153390839,277.49941126001556,192.50464074859462,542.6534587831765
2025-01-29,864.7570540977424,187.6572166435192,220.06101444728773,276.24097898769435,193.39338205687315,544.391656429181
2025-01-30,871.3983439020499,176.05828028710948,226.20980154748543,273.4094619249917,191.96327958196662,552.8493712792516
2025-01-31,839.3805838861892,176.0879827161526,229.7571780558861,276.9517519470647,190.67864114435517,554.6037095082534
2025-02-03,815.5420993911438,174.33161495440518,226.61521057330245,276.64879866372695,184.22303806869854,561.266858070782
2025-02-04,829.453701842611,174.94678205419402,232.41490169846594,282.0554630847806,188.09315882533258,566.6826900206589
2025-02-05,872.6565500118413,175.33710058485434,215.4662981601465,275.1922617207708,187.82655754338884,567.2299396955489
2025-02-06,899.5708989905113,176.41041748056855,215.7704024620107,278.29177660257955,188.43251696185305,572.9595998616204
2025-02-07,907.6802296096474,173.83525757078888,208.72067568747119,267.01234527073103,183.91601631198992,574.9955345004036
2025-02-10,933.7558814645142,174.8831377420287,209.99323310025125,271.6616175934443,184.13439863740157,577.3132136277114
2025-02-11,928.3730116687801,174.55222406945458,208.69815392406727,271.2188246731882,188.15436697283366,579.24455531429
2025-02-12,916.7682541053359,173.5340463272579,206.77244808802672,266.7559933463714,191.59198244050134,583.7349444794178
2025-02-13,945.7799875898602,174.1703844469524,209.62161536181307,268.4339267494556,195.3612320707099,586.2939919579668
2025-02-14,970.667110863137,173.27522962451758,208.59681463102245,266.46468595778015,197.84440277941366,592.8203157618777
2025-02-18,974.5119414676677,173.78858420018466,206.95260491071235,264.0992713848187,197.73923503723745,576.4842688238778
2025-02-19,973.3235198354691,175.96497292163554,208.64185815783037,264.0759795953256,198.06274785093152,566.3447743289211
2025-02-20,979.4754627015001,176.89593341195794,207.84229234562525,259.70636876645705,198.83926801314243,559.1585129266265
2025-02-21,939.7679345271872,173.5291506109375,202.32414918983014,252.36541901795948,198.61278917481323,550.0729935654233
2025-02-24,910.756201042663,171.7394841030644,201.86242711323018,247.85598633216455,199.86650688057688,537.6641429729881
2025-02-25,885.2399479771425,169.14639510885127,197.54927608000327,247.96085272485934,199.81797747492985,529.1098807824209
2025-02-26,917.7470549312794,169.92434149498246,194.51991741443933,249.7669620901234,194.41487140669895,542.1464865264078
2025-02-27,839.9398222514492,166.86362627807893,189.75631382858742,243.23002357893637,191.93978479294813,529.7053054083972
2025-02-28,873.2858402281712,168.75955476807002,191.7608371942688,247.35492837819183,195.61196319389802,537.7204622549443
2025-03-03,797.3661038744623,165.14622736822238,188.07834738999034,238.8953682142994,192.53027142752387,527.1382616777211
2025-03-04,810.8582508146368,165.19723206961945,192.4815681922871,237.47378673557483,190.83166772209017,515.0270493589023
2025-03-05,820.0162736866998,170.4727010986027,194.84652619516154,242.78723065868024,190.6780078281607,528.2809853381684
2025-03-06,772.968381014157,168.71705522532073,194.0920211943103,233.8615680050467,190.34638608358446,505.3139722844718
2025-03-07,787.788785915193,167.19519621289436,195.7924921117653,232.17198870721592,193.37146434935858,503.4872235500978
2025-03-10,747.8715299852336,161.60515444114642,187.00966119697208,226.68374968296052,183.99690693337806,481.22037615332516
2025-03-11,760.3150381471767,161.7284398658049,184.94643951316348,229.0724738254071,178.62614966292367,487.4329211006224
2025-03-12,809.1850810679725,162.92720785157394,188.4077044135224,231.75250535644483,175.5040125858555,498.5783638569897
2025-03-13,808.0664439133665,161.01426904428726,183.50330091616735,225.92635758462006,169.59939459938994,475.30556819880655
2025-03-14,850.6440124684273,165.1759822982448,186.58124644046381,230.65718673054306,172.68111120169328,489.3888438585544
2025-03-17,835.6824343713419,165.2355052835345,185.2283158889053,228.082039372192,173.09363598562223,487.21415943749327
2025-03-18,807.0177516604394,163.03348295893682,181.14695061718794,224.67957120704543,172.0340234844821,469.05936001724626
2025-03-19,821.6296587238251,164.8613964302353,184.77732751535515,227.84897923732547,174.09659773226855,470.42864415462554
2025-03-20,828.6909922610752,164.4448274099213,183.54843086570514,227.1614980674482,173.17451418904574,471.991171051741
2025-03-21,822.8881322070938,166.32374558261682,184.89009189328866,228.6296986851429,176.54740722523127,480.2471039345571
2025-03-24,848.8263006198988,167.09741313893446,189.05036111737675,236.8445528194222,178.53717494658255,498.4500289463093
2025-03-25,843.792460161519,167.9816346324285,192.29740135493557,239.69937945160993,180.97991276255692,504.4587188239488
2025-03-26,795.3420331761022,165.77537285375178,186.0964322104428,234.36262595901943,179.18426266379373,492.1112221907349
2025-03-27,779.0520366940686,166.03467519055067,182.91704368582572,234.63062377812562,181.06080338394503,485.3455044188239
2025-03-28,766.7471884174879,161.02701365701412,173.998943914241,224.56304113961215,176.2481218604669,464.5328396388039
2025-03-31,757.7282532283509,159.57746161833876,174.34845471837858,221.6965686126779,179.66956913822864,464.22671151724995
2025-04-01,770.1030464066107,162.46811303802102,177.08814167796646,223.922161328713,180.52694266793387,471.991171051741
2025-04-02,771.9907031568184,162.44687639189118,177.05431582149558,228.39663855027635,181.0931397637569,470.32390312367795
2025-04-03,711.7249352571835,158.60820166361165,169.92884816649857,207.88860906144845,164.34996084305314,428.1910583514776
2025-04-04,659.359304967993,152.9671683157115,164.15632834760606,199.25425379640612,152.37092162221583,406.53264183028284
2025-04-07,682.6405831362067,152.1254857407012,165.4528594256518,204.2181252972037,146.77368551343224,415.81132991185063
2025-04-08,673.2721908121516,150.72264644836451,163.14158722257224,198.8580800151201,139.46170234523817,411.13979108433927
2025-04-09,799.3271813815549,165.99642822712528,178.93717326806689,222.67537495113837,160.8395636848795,471.8059245441319
2025-04-10,752.0652829777277,162.11102762726222,172.29648527399894,211.16290126441527,154.02095866810873,440.0069522969882
2025-04-11,775.5564493256741,165.1292170509268,177.1670629148831,215.4159820258505,160.27336658905648,437.81612729292993
2025-04-14,774.0183031850798,164.8571569761562,179.34301440753327,212.2116007513469,163.8080532859828,428.078321068403
2025-04-15,784.4354412367574,163.97296173315183,176.23127759585793,209.26357140120297,163.5006589903363,420.05610580176835
2025-04-16,730.5317717563637,157.97056414467932,172.87147298036564,203.13447034604044,157.13503648615313,404.58345665516157
2025-04-17,709.5574989002595,156.34244315013487,170.42493192049454,201.13027409013338,159.32700592504554,403.914955169469
2025-04-21,677.5369582002343,152.6611007315946,166.49013959863558,194.96621757073927,156.23720522778925,390.36735436285943
2025-04-22,691.3798456680182,155.934353037979,170.7744427246321,201.79444569052555,161.5594330925966,402.94837117393064
2025-04-23,718.0870336764248,159.15236118888728,175.14891932697435,210.44046463030642,165.49043912965217,419.0493184274803
2025-04-24,744.0950400415178,164.64035418210662,179.57977811828334,217.36191324804093,168.539806934179,429.4234190110771
2025-04-25,776.1156876909339,166.57455588601275,182.601358738159,220.21673988022866,169.27584453180208,440.796310716835
2025-04-28,760.1753622426004,166.2812329146227,181.07926433515428,218.71358379830235,169.97146165466026,442.78574863028706
2025-04-29,762.2028553214708,167.50554262682482,180.57196291082124,218.35236548124794,170.83694411524766,446.57133233787397
2025-04-30,761.5036202034619,168.02413417517778,179.0386162683875,214.89163228238465,171.88035117258804,442.1897316893385
2025-05-01,780.3105101773375,180.8365650420523,181.857259033984,221.6266576842147,172.54360707970514,460.8841300494158
2025-05-02,800.5157634378401,185.0365646351697,184.9351699891885,221.37030575985506,166.09710637209847,480.8672083510488
2025-05-05,795.7614886873947,185.41489981730314,185.13810784346768,217.14053456790487,160.87190006469137,482.6794947281808
2025-05-06,793.8039405102035,184.19910838899366,184.03319324208823,215.5791134522619,160.56455544090323,473.04638017502043
2025-05-07,818.4136905380603,184.21610558104442,170.67298243976552,219.8904770274058,158.7365565443636,480.6981024264368
2025-05-08,820.5810199455935,186.26508755096123,173.94256172527426,223.81729493601824,159.7395307089745,481.66466174218465
2025-05-09,815.5472329619092,186.50312699114068,172.21756403708227,224.95921492089815,160.5807236308092,477.21854812124167
2025-05-12,859.9425668401943,190.97939986261807,178.65529689232505,243.1134935115031,170.72078647440264,515.0261608864438
2025-05-13,908.3930473003066,190.9284082864658,179.86165449402515,246.29456521652165,172.4539990471696,528.3965854769428
2025-05-14,946.2164480543132,192.54377154303856,186.44594301458037,244.9895138052303,171.96807167450478,531.078637031421
2025-05-15,942.650862309544,192.97817777107224,184.85624875227185,239.07014553545736,171.25534259643126,518.6104562225865
2025-05-16,946.6360105149967,193.46368057721676,187.3704588096306,239.5595398146916,171.10145917913903,515.7591506647533
2025-05-19,947.8246460459774,195.42270211909047,187.76503042512203,240.22372919507578,169.09287824142248,515.8316105297066
2025-05-20,939.5048390254585,195.12460155858344,184.87878780022174,237.7884036936511,167.5378634606297,513.1494602560664
2025-05-21,921.4670755965753,192.73967894732385,190.04249405627675,234.35096228428088,163.67459742045347,511.8607309549295
2025-05-22,928.6680850384018,193.71493713893682,192.64689487452716,236.65812960351772,163.08334087207268,512.7225985993109
2025-05-23,917.9012759530243,191.72182933624785,189.94103377141016,234.199494532608,158.15099984173304,505.06273201702436
2025-05-27,947.3351386836148,196.19780032709423,194.93562802965684,240.06059776866434,162.15196869133092,517.3539093682818
2025-05-28,942.5109725061859,194.7796307487998,194.3268144668193,238.5457957919915,162.3220451344583,518.3687917138591
2025-05-29,973.133363818366,195.3418112352227,193.76309628442758,239.6877157768714,161.94138484768652,519.5527799840482
2025-05-30,944.748353764789,196.05726833073334,193.62781014309013,238.88370453956088,162.67030695159522,521.5180810623762
2025-06-02,960.4790049321717,196.74294424573188,190.57240366674358,240.79468029751973,163.35872165498685,540.3735397353573
2025-06-03,987.3259757945455,197.1688190646281,187.3591547165637,239.69937945160993,164.6302963938417,537.1115131037656
2025-06-04,992.2198729748715,197.55208933881644,189.46752363445606,241.4705155726504,164.26581671494048,554.1064117293666
2025-06-05,978.726603066092,199.1746977305336,189.64790515623932,242.26288091521445,162.49210915962107,551.4242120961453
2025-06-06,990.8217235870264,200.3245610540779,195.81501387516929,248.85808446011808,165.15671874905894,561.9676160426783
2025-06-09,997.1839289556586,201.33391863175098,198.77250339857386,252.83150372770868,163.15623432426,559.0276606773134
2025-06-10,1006.4825368021209,200.5545415939337,201.60587259734007,253.565604036556,164.14433176728312,565.7451047789762
2025-06-11,998.651595447619,201.27854322382657,200.19483140221746,248.4269374346085,160.99376996925125,559.0921242901399
2025-06-12,1013.8239707942603,203.94026412323925,198.33226601261944,248.47355657357863,161.33394769143518,558.4638755427779
2025-06-13,992.6385798404276,202.27509056254866,197.16960374314127,247.14519559280225,159.10669881512126,550.0147492598069
2025-06-16,1011.6563205385544,204.0552675184119,199.5401273698193,251.80611381026208,160.70222099643115,565.9546855600336
2025-06-17,1007.6709584343197,203.5868012800526,198.6145053638267,250.3146214030743,158.4506577454353,562.0129774976457
2025-06-18,1017.1800426821651,204.5237337567712,195.64572903190123,247.6345898720365,159.2119907369435,560.836195726287
2025-06-20,1005.7831947347211,203.3142424459786,188.10525942807166,244.33698809958466,162.79177948128796,550.0187473858703
2025-06-23,1008.0206829427151,206.97678951392692,186.46844749343836,242.9154066208601,163.19672930681247,563.0609801220946
2025-06-24,1034.1002919250468,208.72713278829877,188.25202250793575,247.92589726062775,162.22484972555367,574.0798649126987
2025-06-25,1078.918289796353,209.64702869723214,192.66566589145478,247.01701963062246,163.24532080228246,571.2424787567161
2025-06-26,1083.8826666253128,211.85309359723652,195.8940561039078,252.9946351541201,162.79177948128796,585.2760986779468
2025-06-27,1102.9704591745099,211.21002222694588,201.52684765314754,260.1957630456913,162.85658883852233,591.3537932498675
2025-06-30,1104.6484951184623,211.8360701546961,198.9305532869589,255.63971122092627,166.1691057308348,594.948947693837
2025-07-01,1071.856528461539,209.55335382490307,198.49033318555047,256.8865153784929,168.3153646420438,579.7383979225046
2025-07-02,1099.4744974832468,209.14451557379206,201.65100254687783,256.2572814623403,172.05714573456265,575.1841374595228
2025-07-03,1114.0874205658465,212.44508151466115,202.65563221251693,260.3239390078711,172.9561442815987,579.5691932787305
2025-07-07,1106.3964759640935,211.96808386716438,199.56268370231518,260.3938499363343,170.04046828392856,579.037146354798
2025-07-08,1118.7021798358019,211.49960450356025,196.81967810990034,255.6047557566947,170.08907219736318,580.9071340821552
2025-07-09,1138.8388250620123,214.43392361278137,199.3707906729133,259.31017720517906,171.004276188199,590.668682265158
2025-07-10,1147.3690015345232,213.5693899865276,200.49960980137462,258.98391435235624,172.03285619580996,586.2030222501269
2025-07-11,1153.1023444843893,214.35299335317916,203.40066528217454,262.19995930159837,171.0204567960695,578.3600809817966
2025-07-14,1147.159273778877,214.22523222003474,204.94713089500243,262.98066096942387,168.96328436288297,581.1087186110856
2025-07-15,1193.515417790777,215.41768696304214,205.44381960810748,263.74971674250276,169.3601625114191,572.6208944165861
2025-07-16,1198.1999080636297,215.33253037460565,206.53876102646004,260.06758708351146,170.21055714502054,566.5914241553327
2025-07-17,1209.596756011074,217.9218655487983,207.22732548442102,260.871598320822,170.09716871028076,565.3823612179798
2025-07-18,1205.471611052872,217.21915306601454,208.8979632755252,263.49336481814316,171.03664982190466,567.695795421319
2025-07-21,1198.269852965309,217.22340564533843,214.5872061519156,267.18714037188096,172.08954420419752,574.7004629250006
2025-07-22,1167.855050420956,215.18345384386248,215.9869086848794,265.0547681537941,173.64455898499034,568.1229532355607
2025-07-23,1194.0747631054278,215.43898923539606,214.73395194723372,266.01024714277753,173.44209649019268,575.1922324308119
2025-07-24,1214.77086059568,217.57262903444595,216.92381749939287,270.6012544317741,173.12622072472607,576.1756233636913
2025-07-25,1213.0927177023366,218.77789401640433,218.06392343637518,269.6807309070223,173.2234161336307,574.4666959492381
2025-07-28,1235.8164686955456,218.2625575287684,217.38666307148108,271.25378013741977,173.3611189430524,578.4567764010362
2025-07-29,1227.1462954702856,218.29236495977017,220.96497891717505,269.17967295304953,171.1095556920566,564.2458075051613
2025-07-30,1253.4359530564363,218.57769465706065,221.8454709736298,268.2241939640661,169.3115461800199,560.3848023577591
2025-07-31,1243.6471961512657,227.20596810132375,216.61902181568968,272.79189168357766,168.11290214724613,623.4432959909593
2025-08-01,1214.630970792322,223.2069947579741,213.49224744901707,250.23304679987257,163.909458384886,604.5571850181578
2025-08-04,1258.5400057899726,228.11741135258865,220.1635118049128,246.62082806934444,164.69508091514686,625.8050532241277
2025-08-05,1246.3738708734495,224.75719117398162,219.7458307514543,249.06781724550763,164.34680668004538,615.3987701936987
2025-08-06,1254.4845918346682,223.56051010214003,221.34876497597878,259.04217938607286,172.713174386284,622.2745104717276
2025-08-07,1263.9238381302252,221.8144062818472,221.83414959601694,259.9976761550483,178.20436107740497,614.0848181466552
2025-08-08,1277.418070583523,222.32542456393506,227.36532529947638,259.484972306329,185.75270778374787,620.1061934366195
2025-08-11,1272.9433080663168,222.2104999202313,226.89122748795913,257.86530393696137,184.20401374693515,617.3413658647524
2025-08-12,1280.6344665668516,225.39177051086932,229.53265180368558,258.0633908276044,186.20677065925545,636.7917062083185
2025-08-13,1269.6571810800913,221.703681716488,227.97488209779075,261.66394588339404,189.19062128256587,628.7956021600494
2025-08-14,1272.6636354089915,222.51282680957257,229.08112760921023,269.14471748881795,188.74466733794043,630.447963494641
2025-08-15,1261.686349922231,221.52901095833255,230.16478221904188,269.2029825225346,187.77976665278547,632.9467922843323
2025-08-18,1272.5936905073124,220.2215790706421,229.71325802456653,269.73899594073896,187.21220358085668,618.5504781616863
2025-08-19,1228.0553652933318,217.0999102167628,227.53466199638234,265.68398428995465,186.94462127970974,605.7420617608055
2025-08-20,1226.3773293493794,215.3751086688239,224.9948362418903,260.79002371762033,183.2553557594737,602.7112847663437
2025-08-21,1223.4406060233762,215.09783787185705,225.48022086192847,258.62269603530183,182.35533893934067,595.7629365446184
2025-08-22,1244.486214123242,216.37329666314932,232.6368871224083,266.6511269536766,184.6743069021717,608.410144553852
2025-08-25,1257.2114804556338,215.1063692809945,235.3460495738063,265.602427466745,184.18780830313543,607.2091272282072
2025-08-26,1270.91565456336,214.15935661624889,233.8221575780203,266.4996592020037,185.93109184519093,607.8539607947954
2025-08-27,1269.7271259817703,216.16427713928204,234.20594363682406,266.97738980649945,186.88787118149918,602.43724037246
2025-08-28,1259.7286413209533,217.40135771470062,238.90179180245838,269.86717190291876,188.56629569446196,605.4438311722166
2025-08-29,1217.8470459274774,216.14293549119358,240.33538933007694,266.8375679495731,188.22573301537548,595.4406184804863
2025-09-02,1194.0747631054278,215.47320674865963,238.57447435535124,262.5728235133993,186.26354559339524,592.5467649638043
2025-09-03,1192.9560724761266,215.57133107898503,260.37180786844385,263.3302333917317,193.3582888889206,594.1105258504456
2025-09-04,1200.2275615665867,216.68895880123463,262.22305188042895,274.6212928383348,194.42045949076783,603.4609580830418
2025-09-05,1167.7853194180589,211.1562480988903,265.27083587200104,270.7177844992074,194.34749153079292,606.5239668839167
2025-09-08,1176.8048963035417,212.52129981137054,264.4234610056322,274.80773383423127,192.8798992207665,606.4030359103909
2025-09-09,1193.9349802514607,212.61087960731368,270.73918225084543,277.6042954327023,190.01767014272403,617.2043436678105
2025-09-10,1239.8716687520684,213.44697082802773,270.21945323795717,268.38732539047754,183.88780269642442,606.1451320995042
2025-09-11,1238.822709125664,213.7199890456707,271.57525302414734,267.94453247022136,186.51488519684864,605.2745771688615
2025-09-12,1243.3678443421131,217.51226603348735,272.06106975783484,265.84711571636615,189.7906449139525,609.0550274800212
2025-09-15,1242.8783369797507,219.84138010374323,284.2744336502455,269.66906723228374,191.9231074664937,616.3982523499942
2025-09-16,1222.8104602119188,217.14541544057738,283.7660260149701,272.7219807551145,193.09881551865584,627.9249978698256
2025-09-17,1190.7158035839677,217.563454488312,281.92442677963845,269.8904636924118,193.77991604089956,625.2811012714843
2025-09-18,1232.320079206719,216.89373887102286,284.748980859958,269.4360248774092,192.8798992207665,628.9326243569911
2025-09-19,1235.32664048501,220.93771867888373,287.78819171672706,269.7273322660004,199.05839541642993,627.4252321118873
2025-09-22,1283.85310848739,219.45320098798965,285.3138916760219,265.2412091496906,207.63696130171064,617.1853402291136
2025-09-23,1247.633093002455,217.2264638273831,284.3309368310341,257.17782276708414,206.29909946783434,609.3128325717458
2025-09-24,1237.4243458390372,217.61890864770538,279.224148584871,256.5952079899017,204.58014271842532,613.5555847188414
2025-09-25,1242.458667569676,216.2879694465301,277.6988738254071,254.19482017271662,208.27751716954356,604.0779034863474
2025-09-26,1245.9550570585027,218.17771594620777,278.54623140723,256.0941500359289,207.1342572588746,599.9158048946565
2025-09-29,1271.546655969945,219.517147180786,275.73299870452325,258.8790479596615,206.29909946783434,599.6335174507406
2025-09-30,1304.6202203732307,220.94622383753153,274.65968025318404,255.8494617863078,206.46127808547766,592.3579152067799
2025-10-01,1309.235193541968,221.6969615911367,276.6933280788313,257.08460226913587,207.1261607459571,578.6132462729042
2025-10-02,1320.7724660397248,220.00349000259948,277.58591931746787,259.15870945350616,208.48833695451526,586.4454271525698
2025-10-03,1311.8920303118637,220.69025531291862,277.20175299865264,255.77953307785265,209.20996971320523,573.1444514925813
2025-10-06,1297.3481965358155,225.4764808409817,282.94124205018915,257.3992014472202,208.13156883162912,577.2581776948618
2025-10-07,1293.8520209457708,223.5184830682045,277.6649788307523,258.42460914465886,207.96131853699737,575.1771283990164
2025-10-08,1322.31071912971,223.88955998994868,276.37698631841766,262.433001656473,209.2424302726631,579.0166127690892
2025-10-09,1346.5039547545255,222.844475495857,272.88583643806993,265.3693851118704,205.98287599935898,591.656170043263
2025-10-10,1280.7066574057408,217.9644307177717,267.28192736515246,252.12071298834636,198.87191484206926,568.9016993454858
2025-10-13,1316.7868900367084,219.282559679996,275.84598778155447,256.4320765634902,200.8098003073322,577.2904095012751
2025-10-14,1258.8207479412074,219.07780586069742,277.31474207568385,252.14402255783145,200.89898612907143,571.6038402494436
2025-10-15,1257.4222777051896,219.01808599673535,283.6191592278302,251.188543568848,202.17198893385503,578.7826483550025
2025-10-16,1271.2668763632287,218.2417146399834,284.1049586769717,249.90678394704977,200.6395251767713,574.3624485141008
2025-10-17,1281.1261129170334,219.082084690511,286.18384015943263,248.24049643871206,204.563924856661,578.2744914682889
2025-10-20,1277.0705920123376,220.45140210755994,289.8557518215751,252.2488889505262,212.63166535025894,590.5752939378475
2025-10-21,1266.7220619949524,220.8225052797938,282.97515432938985,258.71591653325004,213.06137659719084,591.4625817664597
2025-10-22,1260.568728786839,222.05105444607497,284.3648318256888,253.961777817842,209.55864132317384,591.5754671282775
2025-10-23,1273.714413175042,222.05955960472275,285.93527110378244,257.6205979073483,210.47483875117746,592.0513922085778
2025-10-24,1302.3825182664548,223.36061262342733,293.6632953159745,261.2561262073615,213.10198334142467,595.5682129974513
2025-10-27,1338.952365209176,226.73490306448875,304.22705670973113,264.47215337661163,217.9588231470115,605.6185147294851
2025-10-28,1405.658732381007,231.23526076022335,302.1934607377217,267.12887533816433,218.11288041580806,606.1186753640716
2025-10-29,1447.682249616269,231.0134441226499,310.2151493860097,268.3523699262459,218.68045590570145,606.3041686695859
2025-10-30,1418.66431306707,224.2778047319264,318.0222331114862,259.683059196972,220.05884997602402,537.5810707981129
2025-10-31,1415.8674795444251,220.88647772307976,317.6945872580056,284.57236318940693,219.2237170209129,522.9652546186223
2025-11-03,1446.5635589869673,220.55375276671958,320.55300176388795,295.9683068086968,218.15338781632514,514.3830055456107
2025-11-04,1389.2967589588666,219.40202565840985,313.57073657228443,290.515041028665,218.95615955569517,506.0022916419483
2025-11-05,1364.9636335306927,216.3434498564131,321.219632133008,291.5404309461116,219.03724886451684,512.9633252759987
2025-11-06,1315.1086401939742,212.05205918356646,321.71673567521646,283.1973830696605,218.73720600391204,499.2428918964093
2025-11-07,1315.597933657555,211.9326194556423,315.0281694888009,284.79375964953505,217.683144332947,501.47720269135584
2025-11-10,1391.8141337229677,215.84860187595189,327.76127967864574,289.44301419225627,218.6733031580933,509.5836747628103
2025-11-11,1350.6294205609001,216.99185007610345,329.1283489888109,290.25868910430535,223.39689820354894,505.808752724726
2025-11-12,1355.1045039262792,218.04122652525356,323.93116256720447,284.5490536199219,221.95221703820494,491.23326332293755
2025-11-13,1306.5780359238995,214.69258281258377,314.734435914521,276.83523965962337,221.53020492932347,491.9431034577435
2025-11-14,1329.7224188717014,217.63170576141152,312.29403086847066,273.4677269587084,221.09190045089008,491.59625368183913
2025-11-17,1304.7601101765888,216.48419185669124,322.0217733425633,271.34700063536803,217.07441570837753,485.58697148922727
2025-11-18,1268.1203183321884,210.64009784607515,321.18568528471536,259.32184087991754,217.05822268254238,482.1024812259291
2025-11-19,1304.200550963156,207.79480727251442,330.82309872154855,259.484972306329,217.96719285515022,476.15771200572476
2025-11-20,1263.0859966015494,204.46981525102262,327.0269284584,253.01794472360513,216.09237823207798,475.2140061759942
2025-11-21,1250.7795440841046,201.77306307316715,338.5623578886236,257.1545131975991,220.34520823964237,479.3277323782748
2025-11-24,1276.4413017960078,202.5765380604865,359.93857072360885,263.6681421393011,223.9407057092027,494.4919828626003
2025-11-25,1243.3678443421131,203.85438564633725,365.4295252885871,267.6182696173986,224.79290094767074,513.1810503879261
2025-11-26,1260.4288389834808,207.4913778626077,361.48650552284454,267.0240089454696,225.2636163137036,511.0758642569566
2025-11-28,1237.6341805440743,210.27360163477547,361.7463268179237,271.75483809139257,226.31872109369488,522.642640397004
2025-12-01,1258.0515679215193,208.02130962249103,355.769572803804,272.52389386447146,229.7680839558718,516.9318355908863
2025-12-02,1268.8197673489792,209.41456748610415,356.80899626048847,273.15311000063207,232.2759664141246,521.9569864569032
2025-12-03,1255.7441348118464,204.17065154568462,361.1249128210713,270.77604953292405,230.62027919433982,515.9074268461702
2025-12-04,1282.3162457394872,205.49980571356343,358.85400003284064,266.96574391175295,227.82020202910783,533.5964692598093
2025-12-05,1275.5334084162619,206.49131295827203,362.9777815803779,267.45513819098716,226.26192132362587,543.18698649454
2025-12-08,1297.4903322763837,209.85049624253773,354.679540196508,264.37893287866336,225.53956832298928,537.8472176590318
2025-12-09,1293.434704422297,210.27785421409936,358.4781994342768,265.57911789725995,224.96332509380687,529.9102463888377
2025-12-10,1285.113293160914,204.5253875376194,362.0168645315067,270.0769046883083,226.26192132362587,524.4010261116503
2025-12-11,1265.18412975314,206.62379917955408,353.2210702072331,268.32906035676086,225.6531926990564,526.4820754074957
2025-12-12,1223.8576016986772,204.51255104817875,349.6711355860282,263.5632757466063,225.85612707650876,519.6420714661332
2025-12-15,1232.7381443759293,202.9269952226078,348.46142478240915,259.31017720517906,222.47163566138917,522.7137181936886
2025-12-16,1242.7376985306557,203.59798398864507,346.5960074427255,259.33348677466415,222.87745474443548,530.4957990986077
2025-12-17,1195.3274613215858,203.48257371088275,335.459989300866,257.8303484727298,220.6292815977748,524.3201751179216
2025-12-18,1217.7039476423909,206.84175699514844,341.9494029485707,264.2274473469985,220.91337979183643,536.3887901183106
2025-12-19,1265.6037991632147,207.67086558561462,347.263052640949,264.9149462968677,222.11456950735266,531.8035318384414
2025-12-22,1284.484002944584,207.24350761405296,350.22510528449067,266.1733785691889,219.9231961307609,534.0073877718918
2025-12-23,1323.083642378081,208.06832424946074,355.39176719790714,270.49638803907936,221.05134337851467,536.7843578006925
2025-12-24,1318.8879108218546,208.5683567016286,355.09779163998365,270.77604953292405,222.22816904749058,538.8913208765792
2025-12-26,1332.3139095637289,208.43587048034658,354.442119673011,270.9391809593355,221.89539243220676,535.4523895065726
2025-12-29,1316.160808302107,208.17517686759598,354.49864013834554,270.41483121586964,222.18761197511517,531.7389695064529
2025-12-30,1311.4058383806205,208.3375755218384,354.82649340637784,270.95082685408204,221.63568312061463,537.5997287197426
2025-12-31,1304.1333867456415,206.68790287528833,353.86550721932275,268.95829427291346,220.6455242954683,532.8691064737374
2026-01-02,1320.5662676139798,202.12352023528837,356.2962329196277,263.92449406366075,219.95565669021877,525.054744402824
2026-01-05,1315.461573184098,202.0850763931906,357.86774383957174,271.5683970954961,216.91211291108817,531.8196724214384
2026-01-06,1309.3081330265936,204.50401963904136,355.38046310484026,280.7387479987508,212.93518524095103,533.2969553221135
2026-01-07,1322.3843003106813,206.62379917955408,364.0179309879933,281.4728483075981,211.28759453408387,523.6662593884237
2026-01-08,1293.923997885878,204.33305019992702,367.9297002946151,286.9843791213466,210.24063593886862,521.5431557295399
2026-01-09,1292.6654174532182,204.83308265209484,371.46836539184494,288.2544928483983,210.5084665993075,527.194038004286
2026-01-12,1293.22486971726,203.93559153608086,375.1878614090535,287.1941296867281,211.22267341516815,518.2413946352182
2026-01-13,1299.3084719224762,201.15338088915792,379.83450047230025,282.68469700093317,211.87195911211302,509.4584001461537
2026-01-14,1280.637995896753,196.3282915111626,379.6875472624304,275.75156692846815,210.98732815011633,496.88922963452995
2026-01-15,1307.9793937934728,195.16582795258452,376.2279762475769,277.5343667242472,209.56698619538338,501.15157753529473
2026-01-16,1302.245409147261,196.53342596256115,373.0850581149647,278.629685350149,207.3918679344498,500.70758810392147
2026-01-20,1245.185128393078,194.25124776780603,364.04057374321906,269.168027058303,200.22531154965705,487.68638254921626
2026-01-21,1281.8967902281945,189.80224915507878,371.25355305448176,269.5292453753574,200.99635538948047,494.8226426959265
2026-01-22,1292.52552764986,192.80670957265448,373.6955482787617,273.05988950268386,201.5644772698161,522.8105616916713
2026-01-23,1312.3148012542756,199.136162011722,370.74476515919497,278.67630448911905,201.31287688910615,531.7954862267334
2026-01-26,1303.9235520406044,200.98670340510196,376.7706764220644,277.8140282180919,207.2944738381116,542.7742416779593
2026-01-27,1318.2586206055248,205.38867426561467,378.22907727315544,285.1083588276193,209.61566461660559,543.2667022179049
2026-01-28,1339.2365297409212,205.83742638624406,379.8797168445679,283.1624276054289,208.13045121481534,539.8438620713143
2026-01-29,1346.1593638168954,185.267792073284,382.412179382475,281.6709351982411,209.62381080138152,596.0135844970935
2026-01-30,1336.5095341705644,183.89591523349384,382.12954248671036,278.83943591553043,210.59775176476353,578.4070713029381
2026-02-02,1297.9098947370674,180.93846944288782,388.56243566908046,283.10418035170426,219.14406819598454,570.2617038816313
2026-02-03,1261.0584500479836,175.7415550041932,384.06278438479546,278.04707057296645,218.71390990232712,558.3868252367887
2026-02-04,1218.0536721507863,177.01513688547521,376.52195180550046,271.4868402722864,224.40327489045958,540.05383772902
2026-02-05,1201.9005708891646,168.24537330197887,374.49820802469617,259.484972306329,223.9325843603559,541.0387094493303
2026-02-06,1296.5114245010493,171.43787910218862,365.0128294542491,245.07108840843205,225.7262103308897,533.9751066058976
2026-02-09,1328.887464976581,176.76298780710692,366.6634690256615,243.20671400945133,223.09414822666187,546.6975879762035
2026-02-10,1318.3984034594919,176.62195705144262,360.1740208088649,241.1559163945661,222.330493075774,541.4503189955474
2026-02-11,1328.9575168276513,172.81830047636106,351.5591611118457,237.80004958839763,223.8090256126108,539.8116302649012
2026-02-12,1307.2103207231758,171.7370296822818,349.34324774890393,232.5798261632404,212.62264990796115,524.5704281937485
2026-02-13,1278.330348888298,171.5148061621187,345.63502125567044,231.63597528901155,207.78901927820704,516.465436909725
2026-02-17,1293.434704422297,169.60870560738678,341.45191914635086,234.3859177485125,214.36926146452882,516.0779641986321
2026-02-18,1314.4824515099817,170.77972682559195,342.9329973217596,238.62735261520123,214.75108903997273,519.2505019098147
2026-02-19,1313.92299924594,170.68119561267693,342.390331716364,238.70892721840292,211.68839675943278,520.5098622602382
2026-02-20,1327.3491049372049,170.1543220348382,356.1040287683983,244.82638237881892,214.93790489937754,529.2929554684647
2026-02-23,1339.4463644459584,164.68853695586589,352.1583471825758,239.18667560289063,216.23769325379794,514.4311804966968
2026-02-24,1348.5369557270296,166.62898627630963,351.49137112253624,243.02027301355486,221.0794824862926,516.0860591699212
2026-02-25,1367.4869974606872,171.59786271138287,353.7524317195617,245.44395262023295,222.77734111385047,527.7025897676479
2026-02-26,1292.8752521582555,172.07761666029327,347.5118118266049,242.27452680996095,221.73748559438496,530.3827656580469
2026-02-27,1239.0315812861827,168.23101428413833,352.4636268335662,244.69820641663907,214.61297643771934,523.2545511230446
2026-03-02,1276.0227018798428,170.7197313314885,346.53945240829904,242.82218612291183,215.05162861916145,527.597651298376
2026-03-03,1259.0306895956357,173.02427494342857,343.2155996484323,243.21835990419785,214.26365909359166,528.8247304828052
2026-03-04,1279.938760778744,173.5682900910111,342.70691546042144,252.64508051180417,213.26441031835998,539.0366354831343
2026-03-05,1282.0364661327708,175.91564825157627,340.16311426035537,255.11536147746043,211.45282797101822,533.2566285444112
2026-03-06,1243.4370405980558,175.17888888371172,337.4950026056453,248.43860110934705,209.15379084136615,520.5744245922266
2026-03-09,1277.2115513096055,175.37164622923856,346.6023681556439,248.76486396216987,211.11975332458405,522.6168253361249
2026-03-10,1292.0361272368882,173.80816706546628,347.3717378660327,249.74365252063834,211.8915049883895,528.0094089233361
2026-03-11,1300.9172046610952,173.43121003403968,349.2498074933692,247.7860576237094,211.87526229069599,528.6471347102558
2026-03-12,1280.7072991020864,172.13758590390705,343.4232907528543,244.1505471036882,207.77277658051352,515.1819397241775
2026-03-13,1260.4975004924686,169.43467798622783,341.9864610151387,241.9832194213697,203.19098227279673,495.428037957271
2026-03-16,1281.266751366128,171.3194368928713,345.6973147593602,246.72571224203122,205.38440461354702,506.9535988471576
2026-03-17,1272.245784138563,171.0881175780432,351.76139029973996,250.75739654333842,206.52983766802052,503.0834621772647
2026-03-18,1261.546353169482,167.82409231877205,348.1070915899449,244.54672088497423,203.04476073966117,497.44393260615567
2026-03-19,1248.679058045913,166.63754393593672,347.47354384181875,243.25331536842944,202.2486450293154,490.18846907125567
2026-03-20,1207.6999016132447,163.57483368181954,340.5383271843561,239.30318789033197,201.46062583188723,479.65266650020146
2026-03-23,1228.259424731258,164.05887958578828,341.73756355311497,244.8613378430505,204.3039423498477,488.05544413658464
2026-03-24,1225.1824907537236,159.6639701069924,328.59121443812694,241.48217924738896,204.42578741847842,479.05477389517375
2026-03-25,1249.5182899166712,158.93578152399974,329.14556439660083,246.6907567777996,205.22191554678875,480.6464723046784
2026-03-26,1197.4900849559172,156.76403913921757,317.82072987452284,241.83173388970482,205.441266473439,442.3895886329327
2026-03-27,1171.4759290008446,152.82318437996113,310.376345061762,232.27685509991068,202.11865377590877,424.75992579527383
2026-03-30,1155.042192537379,153.7612718782245,309.42604072411876,234.15287539363788,200.35579952164758,433.3728271681057
2026-03-31,1219.5879681133065,158.56311644763147,325.3329046765932,242.68236426598548,206.17239897504604,462.2573135936965
2026-04-01,1229.028604750946,158.22042943044772,336.45416181619095,245.36239579702323,207.66717420957636,467.9938347415313
2026-04-02,1240.497322689106,159.97238710993332,334.621308561122,244.4302085975329,207.90275541595554,464.1398880142165
2026-04-06,1242.2455174335194,159.7239393506062,339.39568041911565,247.94918905012082,210.29112738292204,462.97643332973627
2026-04-07,1245.4623412144115,159.47122588671036,345.5841701214153,249.0911268149927,205.93680535070226,464.61655348823234
2026-04-08,1273.2947437649675,160.3450521863016,359.00209402274476,257.80703890324475,210.3236376142383,494.8099572836016
2026-04-09,1286.0920939868574,159.8053421190222,360.3257445534235,272.2558782653733,211.61530461981192,507.71309472048074
2026-04-10,1319.0992428183652,158.86296266570048,358.9115575709336,277.76742685911375,211.60718327096512,508.9007355996662
2026-04-13,1323.8544266386334,164.64570928199595,363.5161951874639,279.5269170854077,210.56735258742884,512.6739794119953
2026-04-14,1374.204381756653,168.38950161542232,376.6399361163181,290.1654686063571,210.26676333638173,535.2644282220068
2026-04-15,1390.708063121798,176.14696756640438,381.4029347430609,289.5595442596896,216.44080148275467,542.6088377219245
2026-04-16,1387.0716768802222,180.01926917193026,380.15841286385046,290.9578161689291,213.97931254023808,546.8828838433936
2026-04-17,1410.358409467374,181.103007512037,386.561922318065,291.95991429688263,219.5278329739057,556.319843421537
2026-04-20,1413.0157809842244,179.08118167366692,381.7423686568957,289.3031923353299,221.81869908285262,542.0674618371771
2026-04-21,1397.7711078493032,181.6898503334895,375.9384946716066,291.2025221985422,216.22959674088037,540.3950111531058
2026-04-22,1416.0928219111495,185.4422134517878,383.8919439323898,297.5530197138328,221.91622977680137,545.1457721081717
2026-04-23,1396.092644107787,178.08739063635846,383.40545310140925,297.22675686101,222.12740968274645,532.5658905674643
2026-04-24,1456.442688127488,181.88688650882992,389.63922831416045,307.60893867760774,220.2020787796916,545.3962719819037
2026-04-27,1514.764757796059,181.97255498181462,396.35949435789206,304.2647355461778,217.3993938418941,548.2968384016059
2026-04-28,1490.7086312904373,183.87015037789877,395.7259466097659,302.6101294925706,219.91775706226719,542.414903928054
2026-04-29,1463.295898149956,181.81833335509936,395.90691580611235,306.5019919369514,219.47908004489588,540.6212261129706
2026-04-30,1395.6031367454243,174.6734357054304,435.3459977201684,308.8557428351744,220.43769723996456,494.3979035011553
2026-05-01,1387.771018947622,177.52626016952172,436.35296079951394,312.5844916331358,227.57847393025287,491.8447791723299
2026-05-04,1387.9806397538773,177.17500236746605,433.5924113929356,317.00068604099056,224.88946304038092,493.18597770810266
2026-05-05,1374.134436854974,176.2155075948901,439.4528404126513,318.74853037253797,230.8604426296555,488.78260948433245
2026-05-06,1453.3657541499538,177.32064008406456,450.32520009022534,320.4264637756222,233.5656713812918,495.1816349287646
2026-05-07,1479.0302925460217,180.2377257468281,450.26861048670685,315.9753139035359,233.50879710343526,498.35688741690393
2026-05-08,1504.904558697736,177.81753560271878,453.4477224585884,317.73478634983786,238.28554103736818,492.55575457749956
2026-05-11,1534.5551008943844,176.76378844704138,439.6904683507,313.4350864494325,237.98467859109996,483.8540553183931
2026-05-12,1543.9257926303449,174.669143750372,438.23099585775856,309.74132867568665,239.70849076466658,487.1990060461168
2026-05-13,1579.2406954196983,173.57256892082464,455.50679585136334,314.7634652102008,243.01790316582967,498.2114740911868
2026-05-14,1648.5418687146762,175.38021701411049,453.7532095241305,311.37264293980076,242.4812484077841,499.66580478668243
2026-05-15,1575.6742540798018,180.7303293104239,448.8996744455766,307.7837515587497,244.1237725850955,496.27238295038626
2026-05-18,1554.695168501105,181.4242741296634,449.08071278010686,308.62268270030785,242.18038596151587,493.8323414217027
2026-05-19,1542.7369432005821,178.8027558551553,438.58169929556834,302.19062836180757,243.09921599801413,486.8838944808153
2026-05-20,1562.7371210039446,180.3619430638692,439.99592084715016,308.7974955814497,245.7662719264777,488.8634111184801
2026-05-21,1535.0446082567469,179.90690395096775,438.58169929556834,312.81751620801845,247.99420379084447,490.73784120813
2026-05-22,1505.8136285207822,179.68369603744264,433.2756548034185,310.3239434528691,251.10848029632243,493.0647999366717
2026-05-26,1502.5269667876019,178.59331632345354,439.9619739988575,309.1237584342726,250.71003748424704,494.74534559203204
2026-05-27,1486.7226274898571,177.15094379369845,439.905384395339,316.7676614661079,252.7591258224806,513.2637770457341
2026-05-28,1498.2611833803053,183.29821783456956,441.37616098134737,319.27289789599575,254.10890890237053,513.2879632404392
2026-05-29,1476.5128108325293,193.27898213201357,430.3001547831092,315.35774366212183,253.74300115754056,511.04185550562624
2026-06-01,1568.960933860692,197.69197819818083,425.8086963736158,304.4278847525812,249.0675381428648,485.1548283573014
2026-06-02,1558.1915579899317,189.44550500068547,409.3813947418683,298.90467248410226,256.2962091865743,482.8602495139161
2026-06-03,1501.757679818523,183.44847563734712,406.1456931664683,291.3306981607221,252.27937017822074,503.34200766270476
2026-06-04,1530.8826727080595,183.753256947471,421.0796100260738,295.7236007790837,253.0681096175956,507.0505410643024
2026-06-05,1435.9463720995243,178.8680539481688,416.93885505439016,286.6814258380088,249.90505534717866,479.11943494632425
2026-06-08,1460.7306100587107,176.75170009655585,411.2786847843277,285.7375927437719,245.1889607523399,472.9708600160431
2026-06-09,1457.580094900205,173.17580589495435,412.3541292348218,284.5374077251754,236.25272023275733,472.3244963024429
2026-06-10,1403.1807149927738,170.57864807484486,403.4337133340766,277.32463393885763,237.09023743707118,461.3281688403701
2026-06-11,1434.336035120041,167.5651181130938,405.0071946922616,281.4145832738815,240.38338230461153,459.26785056855755
2026-06-12,1436.5765179109817,167.73682256591843,407.1693876863166,277.9655137497568,236.72435452817044,458.0963009127882
2026-06-15,1487.4051785028782,171.60894041801674,418.11617461885413,286.66977994326226,241.02576361324023,479.9516374825059
2026-06-16,1452.11915204908,169.0632991838526,422.5310970587753,286.6464703737772,243.3187656120979,485.3942716848825
2026-06-17,1432.7957499916279,162.65844221325492,411.82207634065423,276.74201916167516,240.64358833478758,459.00614606993156
2026-06-18,1475.0831113743552,162.86878738684973,416.62185648122943,284.77045008004995,242.31862274341523,466.8020476575393
2026-06-22,1460.8005549603897,157.69167894259877,395.8490817152838,271.25378013741977,241.5055192575001,455.9896339943877
2026-06-23,1400.520241943586,160.52492054140848,391.8303556381757,272.79189168357766,239.30192660374442,454.65529644037827
2026-06-24,1393.2390204585495,156.8846338886865,390.8794636259693,272.97833267947414,238.3099050839085,450.99182833626185
2026-06-25,1370.4151648354145,151.46281837988408,389.09082423950156,264.51875473558977,223.73064342007137,439.0229690491364
2026-06-26,1347.941247619457,160.10852214927723,381.93640496999836,271.13726784997846,230.74788619854374,444.9912334299115
2026-06-29,1365.0241668859687,158.2196944167374,400.343236513949,279.81822447399895,229.08911932353882,454.978749774874
2026-06-30,1400.8702873001544,160.12998192456908,404.55440872593016,277.7208077201436,235.28511243132013,455.53675983842885
2026-07-01,1383.2973259243252,164.9636814631708,408.90140290017393,281.63597973400954,239.36699673823534,495.6648158674764
2026-07-02,1364.0440826673337,167.62949743896942,407.42976208686696,282.7662538241429,250.95397598080035,471.39554898744063
2026-07-06,1369.0849283108205,166.01969928620323,414.8445557569205,284.5024522609438,254.2308781506472,485.4589327360331
2026-07-07,1378.7465223901559,166.9211936018894,415.4898224272169,286.6231608042922,252.6046215069585,497.82410009925593
2026-07-08,1429.085140872735,164.56015893621466,409.70516885705075,283.8732183447912,254.8244568584077,487.74758842969464
2026-07-09,1419.7035402988981,164.9980171036378,406.27511984672066,287.8583012871203,257.12558020611215,510.68251775572105
2026-07-10,1476.9734418593366,165.3156874041816,404.33931983583136,285.8774146006983,256.39378955238146,541.1950806020363
2026-07-13,1424.9544345462039,167.84414769286744,399.0527377424482,288.17291824519657,258.01187517536493,531.1023789898969
2026-07-14,1482.8544819181,165.24271104294442,406.9769761205355,288.3826688105781,256.01973562277556,534.5879058043967
2026-07-15,1487.7552238594467,169.83600859729785,419.89347534316306,297.0869350040836,266.29761303747205,550.9804201030962
2026-07-16,1452.0491001980101,172.1841673977975,401.2601816778627,291.1792126290572,270.9811974009945,537.4183816190349
2026-07-17,1419.9135889027173,169.0590072287942,392.5548546672163,288.07969774724836,271.37146919236477,522.4330596159467
2026-07-20,1423.2042077633628,172.69501505170263,398.46406067567017,291.2957426964905,265.5576513630362,522.3036387944836
2026-07-21,1451.2789576338034,170.74607369785596,392.9850324474139,288.45257973904125,266.49274893315715,520.6538935176864
2026-07-22,1484.6747605520113,167.5651181130938,387.25693391167425,285.30646349825435,264.98848637367433,507.19699094122115
2026-07-23,1461.5706975245962,163.80461734300286,359.6353652181353,272.26754194011187,261.5489833753878,490.15752061394926
2026-07-24,1448.1284424752982,163.85614705419303,361.9560229296787,270.4614325748478,270.7860366693802,481.3345448642497
2026-07-27,1375.8060558354696,167.0328106838968,369.6764765107341,269.62246587330566,273.94909093979714,480.2670452052935
2026-07-28,1379.3066163505432,168.85724596531614,377.7705182684687,269.00489563189154,276.5266630153711,479.8950220430634
2026-07-29,1330.2982343925578,167.6509703395061,381.1666204305062,264.0992713848187,274.9898902245721,473.58711438521436
2026-07-30,1365.514208995286,193.64816901850273,377.71392866495034,274.4115600529453,271.1194093469647,435.9175603681559
2026-07-31,1405.4911426853937,199.49495370430833,403.15069617830045,316.4530267280397,251.1816717796601,450.21550084580724
2026-08-03,1446.7282610490251,209.3383360641499,422.82541830761824,330.9484852291383,246.7176370302214,477.3314334830594
2026-08-04,1483.8345661367348,211.5534311325951,427.5120192411566,323.25799861831683,251.5638222221836,475.47141639107053
2026-08-05,1534.8033304307714,209.256775792796,410.2824726925779,317.6998308856063,252.88109507075725,476.14265733351033
2026-08-06,1533.1931004006792,214.5798369595213,404.9845865061278,317.2454098505956,254.0275960701861,477.05650061671713
2026-08-07,1567.98908474516,214.635645500525,401.07903963605656,319.8322208836851,254.77565425753954,478.8356173553963
2026-08-10,1523.1113021643148,217.24138723075117,404.7242121055775,324.03868250615034,250.86931029817458,481.1161780777689
2026-08-11,1522.7612568077466,216.27550046394458,389.19269935347154,317.2570379653502,248.14299584265171,484.51275892725096
2026-08-12,1568.8991171127248,211.3902974646424,388.8984126737205,311.442553868264,245.97822174622786,468.1202446285516
2026-08-13,1577.370685318997,213.3005980977189,392.090730038726,308.9373174383761,248.42783911458918,481.1566035746332
2026-08-14,1576.3904941509713,212.66525749663123,391.56998123762537,306.0475353419568,248.97308710413623,477.01602576027176
2026-08-17,1575.3402511318757,206.20460511027468,389.41912690572923,304.4861320063058,248.69639001697473,460.13021180874915
2026-08-18,1538.4439946479852,206.75408035970523,389.64555445798686,302.31882210397936,252.30976935555543,439.66992507770897
2026-08-19,1523.1813540153848,207.90454744451154,390.23419695567287,309.7646204651797,257.843760770644,441.5785119974323
2026-08-20,1518.210560222968,206.93684939391886,385.6494711361046,303.0878423170743,253.3433165490054,441.41676065039394
2026-08-21,1503.2979649469362,207.83573178588446,390.34741073180174,301.36332533500394,251.75637518123244,444.70820559228014
2026-08-24,1459.6104221379358,209.5861931874598,394.0151913874564,305.3717178468181,252.56205272431828,452.0836129090853
2026-08-25,1491.6059366804793,211.47857786134767,392.7699435573151,304.19482461771463,252.20396829718476,461.00362959509164
2026-08-26,1467.8718347909978,213.48278962116015,387.15505879770427,303.2859469877093,255.09305743265162,465.92867923077785
2026-08-27,1596.13377951728,217.22025558658,385.6268283808788,298.60173698075647,256.01265738295496,461.8527624675669
2026-08-28,1523.1113021643148,220.86311478728803,392.35110443927636,310.4521016350569,260.17945573178787,467.44905304569284
2026-08-31,1545.7252161330216,218.1793566018111,384.1551875675718,302.6916685357883,257.86005314019593,462.8556010753725
2026-09-01,1522.3412665494993,215.48269630066943,379.2534631748427,297.0403158651135,264.59851261345443,467.86954731649547
2026-09-02,1571.1395999036654,213.6763344813766,381.63074505899647,297.1102267935767,264.46015165190903,479.4421478871045
2026-09-03,1599.4243983779252,219.39649993033777,387.6984503540307,301.6779245130882,267.10507876745993,493.86141421493
2026-09-04,1612.796708525544,214.91499008617447,383.3939415937907,301.22350347807753,260.39917919737604,498.7864638506162
2026-09-08,1580.3810967753623,212.44198395688198,383.28065867947794,299.42904000756005,257.34734021789427,496.12578499472437
2026-09-09,1565.9586505580385,211.4527736300181,374.54708872071024,294.1039324097161,256.63117136362723,528.6439263374889
2026-09-10,1530.49294912745,211.79254684285033,376.75598455798666,293.5096717377871,265.77042076844975,521.1148626449344
