Date,nvda,msft,googl,amzn,aapl,meta
2023-01-03,100.0,100.0,100.0,100.0,100.0,100.0
2023-01-04,103.03177760590043,95.62568403033744,98.83304931473226,99.207643547432,101.03142980240352,102.10840080377146
2023-01-05,99.65069978890423,92.79155647750193,96.72352134354229,96.85388375921303,99.960020367943,101.76366729863386
2023-01-06,103.80019800911899,93.88513875122877,98.0026889570096,100.30296217333377,103.6379478297778,104.23281879257573
2023-01-09,109.17219021481345,94.79923330194868,98.76570879374619,101.79445458052155,104.06171081904476,103.79187728812522
2023-01-10,111.13516859886248,95.52133833396411,99.21454195965667,104.71918325117645,104.52545964935025,106.6137893895651
2023-01-11,111.77784359683271,98.40972564891375,102.6930076321848,110.80167405736483,106.7322310280068,106.53360474523296
2023-01-12,115.34052547464499,99.55338729427737,102.25539356807771,111.01141573275038,106.66825368234515,109.59597206050103
2023-01-13,118.0509856121564,99.85390946245494,103.36624010760664,114.33232707468726,107.74763544908726,109.81241383667604
2023-01-17,123.6605006260229,100.32140443269707,102.43492510709751,111.92030225275164,108.69112744611364,108.51371382004187
2023-01-18,121.39015274531337,98.42641439771106,102.24418310299627,111.23281219287841,108.10745834658175,106.63781516711428
2023-01-19,117.11492915044634,96.80690356377303,104.40979794648118,109.15870500850818,108.15542893786491,109.14703430343013
2023-01-20,124.61753579868129,100.26713810796053,109.98653794150815,113.31857416199121,110.23427046112428,111.72841715166571
2023-01-23,134.07614350666833,101.25222054532637,111.97263851941712,113.63318223007151,112.82480657004623,114.85491490654502
2023-01-24,134.57908506646953,101.02680102804793,109.62747486346854,112.23491032083194,113.9601809322053,114.75070448466373
2023-01-25,134.98426396372912,100.42992395692532,106.84473169030062,113.23700844878547,113.42448242395659,113.43596260320471
2023-01-26,138.33041509804843,103.5144943063016,109.42549648412006,115.61407780648952,115.10355246257211,118.08562308330566
2023-01-27,142.26335586730877,103.58126898935811,111.50135851317795,119.13306714907341,116.67864689652441,121.64504141022306
2023-01-30,133.85957270198318,101.30646061957324,108.77468493886109,117.1638352473939,114.33594849426298,117.89323176447186
2023-01-31,136.47922747065385,103.43517845181304,110.90665111365779,120.17012074125853,115.36738450564803,119.42442776200191
2023-02-01,146.3010833614652,105.49712160099635,112.69076467549633,122.52388941947348,116.27890024780667,122.75133776812743
2023-02-02,151.6520835024806,110.44326511202955,120.89318041844399,131.56607325054435,120.58846740045652,151.33079608617984
2023-02-03,147.39782526483117,107.83456363909487,117.5718253547728,120.47308291459228,123.53082923866523,149.5350327180003
2023-02-06,147.32097454458437,107.17506602490346,115.46230602030477,119.06315622061024,121.31603585587489,149.15825867284912
2023-02-07,154.89344791190382,111.67878378331375,120.78098076368833,118.9815905074045,123.65074950789166,153.6155401740123
2023-02-08,155.11698936402055,111.3323298208647,111.50135851317795,116.58122047021145,121.46798205182128,147.04986403902566
2023-02-09,156.03910453086743,110.03423654486855,106.6090700953762,114.47214893161362,120.62842840556894,142.63266252013253
2023-02-10,148.55043917749563,109.81719749641205,106.11536052225222,113.73805751276225,120.92473342203485,139.61039986692657
2023-02-13,152.20397983907154,113.24819555774776,106.1602542029096,115.98695090828643,123.19892192211938,143.8432186595023
2023-02-14,160.4680429199588,113.60295780017222,106.23879655225514,116.17338301418691,122.67844783657662,143.88327396198028
2023-02-15,159.02199412863166,112.69494023780713,108.77468493886109,117.87462598675621,124.38407989816773,142.02340483398152
2023-02-16,153.6989032848041,109.69471927431047,107.17012018948621,114.36728253891886,123.08681255165486,138.2395484782687
2023-02-17,149.40971168761243,107.98331860133979,105.86849709896828,113.26030912827456,122.15791166121859,138.59227206607866
2023-02-21,144.28918358495324,105.72788965554174,102.99597520120756,110.20741338543583,118.8987800034286,137.95095533007
2023-02-22,144.98077329852103,105.24249841397824,102.8388645923506,111.61734007941789,119.24311770099297,137.18132835525475
2023-02-23,165.3091175000107,106.60662479669816,101.98609194118704,111.65229554364949,119.63550049761882,137.91887160042035
2023-02-24,162.66851072785312,104.28425053966083,100.0112277385253,108.94896333312265,117.48140611824347,136.596145806237
2023-02-27,164.17040482101729,104.6776075644986,100.84156218608216,109.25192550645639,118.45035493953353,135.91471206827023
2023-02-28,162.1795104629151,104.36795022592156,101.05475966723401,109.79958481940729,118.04195297056614,140.24372035031485
2023-03-01,158.5609165146122,103.04985407680934,101.39138454166687,107.39920589221823,116.36033724952426,139.02516795832472
2023-03-02,162.8641161753206,105.07511216670164,103.23160224924422,107.35259564324411,116.8407634042132,139.9150348799501
2023-03-03,166.8878756671524,106.82420854281499,105.08303905862495,110.58028648723277,120.94076501233941,148.50892100442806
2023-03-06,164.54069041992676,107.48534024998735,106.74370795373859,109.24027072171387,123.18291516774092,148.2283117689537
2023-03-07,162.7100942452899,106.34717151958375,105.31867474338357,109.00722836683929,121.3971872444422,147.9156805033098
2023-03-08,168.94938455325894,106.15888988254285,105.75628880749066,109.43835761235687,122.41416874683071,148.28440893625654
2023-03-09,163.74416709042507,105.58143817376393,103.59068260072772,107.49242639016646,120.5883928926782,145.6549621930266
2023-03-10,160.45335381617576,104.02063655993634,101.69435211068961,105.72128137912998,118.91477433984402,143.9073244193215
2023-03-13,160.46033781733806,106.25095034975824,102.23294672774902,107.702168065552,120.49232753048129,145.0216417096383
2023-03-14,168.12492521910804,109.12563490910867,105.44211941010843,110.5569769177477,122.18995000590162,155.53953974162232
2023-03-15,169.2777661451946,111.07141307895209,107.84336130163,112.0950795739096,122.51028378087983,158.52973100507467
2023-03-16,178.4515387770974,115.5738576886142,112.56733728221533,116.56956568546892,124.80047903534283,164.28572486276803
2023-03-17,179.73707572526783,116.9254035241676,114.02604507142439,115.2994608484132,124.11980080842181,156.81417696101926
2023-03-20,180.95981007790033,113.91263482661651,113.57720326879198,113.85457869019955,126.04166686069733,158.57784425965315
2023-03-21,183.0488810641962,114.56121879973442,117.72891869018585,117.23374617585709,127.54710893987166,162.06509887465083
2023-03-22,184.92836524696924,113.93774341997023,115.98969017228274,115.00815345982198,126.38599214029864,160.18119162920686
2023-03-23,189.97986791557878,116.18475908383428,118.49193852692244,115.0198082445645,127.26684793167338,163.76464807356948
2023-03-24,187.1012576009435,117.40245367264366,118.31239835118068,114.34397296943379,128.3239022008418,165.15154132705217
2023-03-27,185.36853091869395,115.64917034343057,114.96859644718079,114.23910657673902,126.7463241742784,162.61023846108665
2023-03-28,184.52310622732537,115.16794636709957,113.3640057876401,113.30691937724866,126.24185684311414,160.8786425522064
2023-03-29,188.53355204963742,117.37733195404509,113.76795390961516,116.81426282508605,128.74028892005384,164.6224559453372
2023-03-30,191.32133028797054,118.85862083471174,113.20692108894899,118.8534145452247,130.01349025416528,166.6185698652829
2023-03-31,194.07416181303068,120.63698650678893,116.39364693097973,120.356561737155,132.04746567690532,169.90539988913838
2023-04-03,195.38770153450392,120.18928440574568,117.10053671181169,119.33116292971239,133.06447201521996,170.8113210154846
2023-04-04,191.8103973215621,120.16832338975722,117.5045021072306,121.12560862023795,132.63202886977723,172.13404680966798
2023-04-05,187.8139462090361,118.97997684838064,117.2239900152585,117.80470616829706,131.13458395881062,169.5366467763996
2023-04-06,188.90387770973905,122.01784101404067,121.65620025518058,118.92332547368787,131.85527286269624,173.24034316757232
2023-04-10,192.69076872620366,121.09311501501101,119.43447262923495,119.0515014358677,129.74923600034546,172.1581096069052
2023-04-11,189.82613976762372,118.34808818668246,118.21140916150642,116.42973493854656,128.76430526060304,171.4365958866684
2023-04-12,185.11701340073586,118.62428271357348,117.41472338263779,113.99440943712192,128.2037584082804,171.55686051327058
2023-04-13,184.89339182623485,121.28140977729676,120.54535371565164,119.31950814496987,132.575986602508,176.64743781802997
2023-04-14,186.95452680788148,119.73318214801326,122.16112893010794,119.4476841071497,132.2957131763467,177.56134285710056
2023-04-17,188.65933083921254,120.84621603457346,118.9070971139789,119.71568192625588,132.31171993072513,175.45294822327708
2023-04-18,193.30558784190893,120.66628205324244,117.25763004722474,119.20298696753258,133.30468509256443,174.67533733573748
2023-04-19,195.1501386651397,120.69979080328532,116.89856696918513,121.53344607626249,134.23357356503763,172.91966628972398
2023-04-20,189.3720060935744,119.72059503822432,118.14407727724232,120.96247719382653,133.4488079717859,170.8113210154846
2023-04-21,189.47679281847044,119.57416980693618,118.27874104577056,124.63295206807533,132.14359312891753,170.66700593154124
2023-04-24,188.9388110692813,117.90458616398378,118.9070971139789,123.7590299023016,132.39177853854358,170.5868212872091
2023-04-25,183.34230258912814,115.24745910026053,116.52827615262021,119.51759503561289,131.14260596294443,166.38609856417906
2023-04-26,188.3379332484392,123.59536418977765,116.37118281720716,122.32580252883048,131.13458395881062,167.86915662733858
2023-04-27,190.22437472491313,127.55384615283651,120.72485934450563,127.96550930475877,134.85822194265248,191.2458062863379
2023-04-28,193.87851630437106,128.57067199481605,120.44434725253352,122.87345295178538,135.8751413552257,192.65676233705784
2023-05-01,201.99028008648946,127.85932310093622,120.28724528039851,118.91167957894133,135.8030674976519,194.9494903376146
2023-05-02,197.09947621326654,127.79654505492948,118.17774321937438,120.75273551844101,134.96225963713098,191.7909458727737
2023-05-03,194.24882861074195,127.37392529675029,118.27874104577056,120.77604508792605,134.0894382678531,190.0192576417274
2023-05-04,192.57197393779083,127.79654505492948,117.47083616509855,121.1838736539546,132.76014499462022,187.20541583228402
2023-05-05,200.3832921326228,129.98919595472077,118.45825531134648,123.11815898139848,138.99018738768342,186.6121753311658
2023-05-08,203.6740920531414,129.1522909688275,120.92684636057606,123.31624587204149,138.9340830305989,187.00496656134976
2023-05-09,199.62172887012483,128.46186371520162,120.45557499105884,124.23677828678932,137.54877232602294,187.08515120568188
2023-05-10,201.81559993504746,130.68379703620158,125.39273117935214,128.39664744027235,138.98216538354959,186.85265522478602
2023-05-11,199.6706435857224,129.76323173978204,130.8011587371627,130.7154517642597,139.13429784894183,189.02516795832472
2023-05-12,198.0077435613652,129.28622096704046,131.85594431456252,128.47821315347804,138.3805523274026,187.43787479349183
2023-05-15,202.29071232004512,129.4912372912356,130.73384412634246,129.5735228893838,137.97960113626846,191.48631085975018
2023-05-16,204.10728707743453,130.4452850872084,134.100101507393,132.1370332429843,137.97960113626846,191.45423946999654
2023-05-17,210.84961242131982,131.67821808526173,135.59246660201217,134.5840135291515,138.47675428719307,194.39636683845447
2023-05-18,221.32994077353354,133.5736871916839,137.82542196648313,137.6718736262178,140.36921460295332,197.8916423858646
2023-05-19,218.43734910284294,133.49821703392962,137.74687098041562,135.45793569492523,140.45740697657308,196.92161549969916
2023-05-22,217.822516633407,134.68917549902673,140.3164425825975,134.01305353671157,139.68759261084008,199.07009011579265
2023-05-23,214.41290857074486,132.20658794101067,137.5224543974604,133.9897439672265,137.5706279410005,197.80344914901607
2023-05-24,213.36489443074646,131.61528253631707,135.6597984862763,136.04055047210767,137.79515713100596,199.783558223825
2023-05-25,265.36114363486416,136.67692820182637,138.55477586108768,134.00139875196902,138.71733990342923,202.57337425571916
2023-05-26,272.110439626181,139.59988084902747,139.8227243727516,139.95572248597358,140.67391416244473,210.06898495470517
2023-05-30,280.2501260592179,138.89533083196793,138.76796470551758,141.76183185123764,142.1734577091677,210.45374291258074
2023-05-31,264.34099873086143,137.71275939831514,137.8702983736966,140.50338179892447,142.13336010646168,212.2174102112146
2023-06-01,277.86768696291296,139.46986217377287,138.8240688512564,143.05522847778644,144.4107027691623,218.54256943289295
2023-06-02,274.7724257212083,140.65244673267046,139.89003898357183,144.7797721298448,145.10030951152018,218.54256943289295
2023-06-05,273.6825209279668,140.87890970691262,141.39363181671632,146.00326671792638,144.00175440982048,217.56455863400313
2023-06-06,270.07031006294415,139.93114890321186,142.8523482426473,147.52971458934573,143.70502718261068,217.34806749824403
2023-06-07,261.8598755645957,135.61177520839442,137.4551311499182,141.2607827872609,142.59042807264336,211.31953469707284
2023-06-08,269.0920691659153,136.40016928940776,137.05118302794318,144.7797721298448,144.79556028017657,212.1051911968169
2023-06-09,270.9087908143426,137.04178375752264,137.15216358089546,143.8242842508654,145.108331515654,212.40181761732404
2023-06-12,275.88391014328016,139.1637552139215,138.73429012666355,147.48310434037165,147.37761492033164,217.29199501073327
2023-06-13,286.64480037775036,140.18695992488685,138.94751351798126,147.58797962306238,146.9927449913543,217.50843678690828
2023-06-14,300.4453736267023,141.46600190801684,138.76796470551758,147.3083181292177,147.50592973258352,219.13582227390717
2023-06-15,298.0416219761812,145.9782642008094,140.361318989811,148.11232936652823,149.15781685007065,225.9339450302056
2023-06-16,298.31414491254907,143.55859906649323,138.6108627333826,146.22465428805845,148.2837412665242,225.26860251664775
2023-06-20,306.11226962143775,141.76374808691355,138.12838953550585,146.5625719256238,148.35593930372855,227.93814158204376
2023-06-21,300.7807125123389,139.8808267145458,135.26706946610463,145.4556074049755,147.5139889906065,225.7816707133299
2023-06-22,300.6410324890927,142.45987169679424,138.18446777107886,151.6546193886012,149.95167239227897,228.37907074659825
2023-06-23,294.9391230124307,140.4931062604727,137.27559097417645,150.69914039961776,149.69506760370132,231.46547617931154
2023-06-26,283.9196778439173,137.80082979110318,132.78725931507168,148.36868129088788,148.56442448546636,223.24034316757232
2023-06-27,292.6122621433485,140.30436523986288,132.77604884999025,150.52434529846784,150.80166954546095,230.11862588841083
2023-06-28,287.3087211612832,140.84116150279064,134.85189360560426,150.36121387205642,151.75590308053032,228.70773153717096
2023-06-29,285.24730575129155,140.505667119772,133.64004060295719,149.03286178127607,152.0285518773756,225.69351449616946
2023-06-30,295.5889422563318,142.80796631484668,134.3132903518229,151.89932541821432,155.54079887612465,230.06255340090001
2023-07-03,296.36458035100014,141.73860011782534,134.53770693477816,151.7361939918029,154.32993571655155,229.29293876598078
2023-07-05,295.69376904242,141.80567011889042,136.6135603271141,151.92263498769935,153.42383420628508,235.98683876050188
2023-07-06,294.1984716922275,143.11407327469806,134.7733512562587,149.5688663094844,153.80871655322548,234.07891807740472
2023-07-07,296.99348765260646,141.41569284459558,134.06644420198285,151.2234901430836,152.90257778906982,232.90845426020104
2023-07-10,294.73644008768593,139.15531568149783,130.6665208788003,148.1356300460173,151.242693503375,235.77039698432688
2023-07-11,296.30862821931737,139.42371381296172,131.44076845406218,150.05826058871864,150.81768871780247,239.1294153998941
2023-07-12,306.7690862202319,141.40727956266159,133.44928132541207,152.41202926693362,152.17289827993204,247.98780719554142
2023-07-13,321.26832666002895,143.69697852270252,139.7441733866841,156.4903327072109,152.7903318210117,251.25064846153583
2023-07-14,317.71866466966077,144.77893182951277,140.7316098063759,156.93310784747504,152.91062462912976,247.61102081049424
2023-07-17,324.65031920757895,144.984394412032,139.86760941668703,155.62805643618373,155.5568180484662,249.01396826869777
2023-07-18,331.86851809911246,150.75473767196615,138.8689452584699,154.77744383989508,155.34834528469145,250.16034460887218
2023-07-19,328.9546806428593,148.90541692635512,136.92773836121827,157.72547319003905,156.44690038639112,253.33495561832996
2023-07-20,318.07502232743775,145.46248145484938,133.75225753115677,151.43324070846512,154.86719888814525,242.52044350573482
2023-07-21,309.6130035424777,144.16247845573093,134.67236206658447,151.47984206744326,153.91297777103895,235.8986578635494
2023-07-24,311.73026425430635,144.72438331201246,136.3666969038302,150.0815701582037,154.5624869106908,233.77427072448515
2023-07-25,319.18605272266547,147.1860361045297,137.12971674056678,150.46609804474318,155.26011565718252,236.06702340483398
2023-07-26,317.5998698812479,141.64631652144786,145.05162039154234,149.3241602798713,155.96579124373415,239.3538781084815
2023-07-27,320.7303315571091,138.68985512420386,145.19746007826424,149.44069034730458,154.93935967146044,249.88775630581026
2023-07-28,326.6697504882124,141.89794059002307,148.76573902227298,154.05500720578624,157.03229558278773,260.92675580678485
2023-07-31,326.52301969515037,140.87050955022343,148.92278917407634,155.7678782931101,157.5294363157493,255.41126652250375
2023-08-01,324.97174350581366,141.0466240853099,147.60995561847696,153.4490828591187,156.85587358165907,258.70611747877166
2023-08-02,309.33350995867823,137.33951681117452,144.0529562333252,149.39408898832647,154.42618734819428,251.97213750198054
2023-08-03,311.05248229829454,136.9872746157568,144.13151585611465,150.20974612038353,153.29551939403322,251.07423730804675
2023-08-04,312.20541670049613,137.45693525139535,143.7499973010244,162.63109743711195,145.9342750743976,249.10219852523437
2023-08-07,317.3553096569907,138.4340309772841,147.5875346883141,165.71894864418226,143.41638404934997,253.77588478288448
2023-08-08,312.0936192669763,136.7314373435922,147.44164318126053,163.06222668262956,144.17813915705997,250.63335750307633
2023-08-09,297.34984531038344,135.12952746296696,145.48920854548362,160.6269011812049,142.88711804596397,244.67693905424076
2023-08-10,296.18983343090457,135.42306043827423,145.52290903450344,161.4542042080085,142.71070846279835,245.1018263539704
2023-08-11,285.47787126576276,134.6178922943722,145.37701752744988,161.27942688685053,142.75886532352737,241.81502100990696
2023-08-14,305.72797595901153,135.88856037130267,147.36310083191498,163.79632699147692,144.09983148203236,245.46257087419278
2023-08-15,307.0346118017067,134.97434769337931,145.62387231401186,160.41715061582335,142.48583156982735,242.06354651573164
2023-08-16,303.86227282633314,134.646557829074,144.41203658480867,157.38756444246968,141.77928672586185,235.92279470016274
2023-08-17,302.8700372195182,133.1672902361107,145.78097428614686,156.117450715418,139.71563237141928,228.54738692829878
2023-08-18,302.55558356871506,132.99920835085828,143.0206520431418,155.23188265489773,140.10909553083098,227.07232511775965
2023-08-21,328.18606661054537,135.26852380568312,144.0417544049657,156.93310784747504,141.19308436186662,232.40345635551537
2023-08-22,319.1091886486879,135.51225960211738,144.8384315471124,156.43206767349426,142.3092108812898,230.55957973275736
2023-08-23,329.22720357922714,137.42019769112505,148.53007742734854,157.9119141859355,145.43273838251437,235.88269003810066
2023-08-24,329.5556252323549,134.46584945829818,145.62387231401186,153.62386018027667,141.62670721379965,229.8781459947906
2023-08-25,321.5548443061829,135.73078180323932,145.73609787893335,155.27848401387584,143.41730297861608,228.87604771887152
2023-08-28,327.26375113773787,136.03338432272193,147.00403775387537,155.1386621569495,144.6859717562123,232.692012484026
2023-08-29,340.8824732818556,138.01274999407724,150.99865983985617,157.20112344657323,147.84162452786128,238.8888861466898
2023-08-30,344.2365565322178,138.17241859739565,152.46861264103444,157.38756444246968,150.67606184915516,236.57209534889577
2023-08-31,344.87240777379424,137.73956114825154,152.7939925034981,160.81332439710937,150.852744627508,237.20537881259597
2023-09-01,338.9608714324173,138.11777820318153,152.22174058102854,160.9415003592892,152.12947266312716,237.598207062468
2023-09-05,339.23347449116943,140.17278466047387,152.3451593375876,159.95106590607418,152.32217461382155,240.62049439546604
2023-09-06,328.86996457522315,139.8912350336935,150.87524108329714,157.72547319003905,146.87004309840347,239.83491193509806
2023-09-07,323.13971848199066,138.64308987688585,151.77290741511808,160.6269011812049,142.57417295900376,239.43408743260565
2023-09-08,318.4646040672259,140.47537405471166,153.02963682497867,161.069676321469,143.07200909789645,238.80870150235768
2023-09-11,315.711251746668,142.01768219857826,153.63553741613634,166.74435634162086,144.01953693291588,246.56089565926882
2023-09-12,313.55889743052853,139.4247375820582,151.86267750298896,164.56536498456384,141.5624566729508,241.8310135151477
2023-09-13,317.85663541537576,141.22763433671673,153.39992764154357,168.78350806175953,139.88425589174912,244.55669910743066
2023-09-14,318.5275268463402,142.33704565570474,154.95965053059268,168.63202253009464,141.1128022307132,249.89585127759878
2023-09-15,306.7803834764141,138.773371057037,154.1741406699177,163.58657642609538,140.5266247026441,240.74875527468856
2023-09-18,307.2415679202793,138.28588633892363,155.08305201370786,163.10882804160767,142.9034104134927,242.544456943388
2023-09-19,304.1249140019742,138.11359125008178,154.89228409944081,160.37054925684524,143.78666287173715,244.56472003984305
2023-09-20,295.1730536670413,134.80203947929266,150.06732756590316,157.64389858683734,140.9120410219959,240.23573643759048
2023-09-21,286.6335031215681,134.2809541344226,146.3644712205856,150.69914039961776,139.65941625266728,237.07711793337344
2023-09-22,290.7775396659217,133.2219437555696,146.1512478292679,150.45443437000466,140.34996676021737,239.76272354338636
2023-09-25,295.05425887862845,133.44469228552578,147.11629786568463,152.9596885798845,141.38582356645017,241.16559696221378
2023-09-26,292.88088579034854,131.17533745496647,144.26618826136482,146.7956231704944,138.07759128273895,239.66652171402143
2023-09-27,296.7733113406291,131.4484869250577,146.4766795120632,146.7956231704944,136.84905736173795,238.68846155554752
2023-09-28,301.11300674737305,131.8056904630199,148.46278008997217,146.7956231704944,137.05785299255214,243.6747914187376
2023-09-29,303.97815650145077,132.6924320035207,146.83574259010283,148.12398415127075,137.4753697464022,240.6686199899405
2023-10-02,312.94401154616975,135.23488380319196,150.5498266739457,150.85062593128265,139.51492083455418,245.9676674980466
2023-10-03,304.1039486447566,131.70066225391562,148.59739203816878,145.32743144279567,138.43090716759238,241.2538025389583
2023-10-04,307.76572855818165,134.04140529108807,151.75045193806744,147.9841534043484,139.4426234536454,244.97349143537176
2023-10-05,312.2870614100685,134.20951342683014,151.5597012972443,146.77231360100933,140.44636740741677,244.3402326514636
2023-10-06,319.79236551190724,137.52946535430843,154.37613632271007,149.10277270973924,142.5179816761779,252.87001301612233
2023-10-09,316.3751458227394,138.60526292129492,155.31869633518843,149.45233624205113,143.72242474885135,255.218887543566
2023-10-10,320.0439497985189,138.0043235868984,154.91475684993532,150.87391772077572,143.24064503618936,258.0086912355642
2023-10-11,327.0879626266468,139.69793955312872,157.7087191249066,153.61221428553014,144.37284039980625,262.8026421198165
2023-10-12,328.0593664135512,139.168414675835,155.93582466487143,154.1948290627126,145.1035381819146,259.8685356837709
2023-10-13,317.6889125576347,137.7269609132178,154.12926426270423,151.23513603783013,143.6100421831996,252.27676017510805
2023-10-16,322.11941333321937,139.7903806524441,156.08171617192502,154.45118098707226,143.50560711390332,257.45551837681995
2023-10-17,307.04593576535035,139.54660548027536,156.7773868509536,153.19273093475908,142.24498517636707,259.74032416413246
2023-10-18,294.87256801856273,138.72713081951207,154.8025140115699,149.30086849037824,141.19308436186662,254.10457025324922
2023-10-19,294.2087273574142,139.23565530508287,154.56692151042103,149.61546766846254,140.88796259163138,250.76963931471127
2023-10-20,289.21921270676916,137.28151635428475,152.1544259702083,145.8517811862615,138.81633590490722,247.43473305596538
2023-10-23,300.3163231731028,138.395154002107,153.16426604661913,147.4714495556291,138.91266204432827,251.7315835689842
2023-10-24,305.124200378605,138.90365223718814,155.75628448912968,149.80190866435902,139.26599034714476,250.56121847094866
2023-10-25,291.95849019515674,143.16495984889167,140.9448072875278,141.44721489316137,137.38705319315193,240.12349274340073
2023-10-26,281.80471397377113,137.7942277929553,137.20825908991233,139.326497459817,134.00659803631027,231.16085350618403
2023-10-27,283.0206512774713,138.60106284295034,137.08483169663134,148.84642078537956,135.07453044111523,237.87884097773437
2023-10-30,287.6398135605533,141.75291975993142,139.6544205722571,154.63762198296874,136.736637542197,242.63268719992456
2023-10-31,284.977320023759,142.08909665568106,139.22801697323143,155.08039712323284,137.1220662795118,241.51836990960777
2023-11-01,295.7740783789212,145.4342621784717,141.8873586632842,159.63644894799788,139.6915539410548,250.0
2023-11-02,304.02708457077904,146.37980481579672,143.05431798527385,160.88325310556453,142.58224463498982,249.21439285984
2023-11-03,314.50233850532226,148.26248993375754,144.86087838744112,161.5008233469786,141.84350001282155,252.2046211429804
2023-11-06,319.7154480230069,149.83001167293648,146.1512478292679,162.82918432775494,143.91513911750877,253.16659007704536
2023-11-07,321.14109231380627,151.5110011536434,146.95916134666186,166.2899175266182,145.9948250622559,255.58762831640874
2023-11-08,325.4667395958413,152.63306520864447,147.93538730127227,165.55581721777085,146.85399909013586,256.357242951328
2023-11-09,328.0942997730934,151.57825490813607,146.14005463763036,163.83128245570848,146.46855793485798,256.9745585895795
2023-11-10,337.7728701333664,155.35203842599176,148.77693221391053,167.28035197983323,149.8695648205564,263.56421114253124
2023-11-13,339.76449894665774,154.0955062377398,148.21589075652244,166.15007788969987,148.58315077375397,263.9009175453084
2023-11-14,347.0042240520988,155.60418750436006,149.93266379737491,169.89047258240782,150.70576561678376,269.6088104883193
2023-11-15,341.6374130939205,155.6673593077116,151.05476398559497,166.86086862906217,151.164075379271,266.7227802871642
2023-11-16,345.77434545353543,158.4044978638992,153.64679970154944,166.4297393835446,152.53090815482045,267.90931064898473
2023-11-17,344.5025361405368,155.7431444713417,151.82899428741302,169.168018168307,152.51482689266368,268.5906703475754
2023-11-20,352.2663951764188,158.93927283912367,152.88374531792508,170.27500046894727,153.9298786187574,272.5429169243648
2023-11-21,349.01689834499206,157.09910038915694,153.69165883531906,167.67652576111922,153.27861854631476,270.1459414822387
2023-11-22,340.4354170850836,159.11197481055515,155.39725595797788,170.95083574407798,153.8173222016229,273.76148165625096
2023-11-24,333.8665567031455,158.93508588602393,153.37747216449293,170.9857912083096,152.73992730896967,271.1480644379498
2023-11-27,337.12299747454244,159.4319551541885,153.0633027671107,172.13935708793602,152.5952207854846,268.31815608388956
2023-11-28,334.18101035394864,161.15427603085507,153.94974136040636,171.32369995587894,153.08565581839625,271.7572851044128
2023-11-29,336.4102020366042,159.53303266459992,151.4699484828173,170.49639692907533,152.25753911611795,266.3139595320514
2023-11-30,326.83648516988086,159.55828563564677,148.7096003296464,170.22838132997717,152.72385846477593,262.26553580568907
2023-12-01,326.8015251028771,157.7054735749118,147.95780823143514,171.32369995587894,153.76104399305564,260.3976457452779
2023-12-04,318.0313022130871,155.44417764467613,145.05162039154234,168.771844387021,152.30573323073614,256.54964661005783
2023-12-05,325.43947127772765,156.86749231894265,146.9816340971564,171.148922634721,155.51380222444214,255.16276569647113
2023-12-06,318.01033685586947,155.30099434886023,145.8931825776245,168.39898017522003,154.62938247767048,254.48935289091682
2023-12-07,325.64912484990407,156.2063606117703,153.64679970154944,171.148922634721,156.1972248211984,261.8166597480983
2023-12-08,332.00891922381703,157.5875563753875,151.4699484828173,171.77813877088158,157.35502602463563,266.75488869660586
2023-12-11,325.86574906951205,156.35371773544114,149.56240752769776,169.99533897510258,155.32083949652363,260.76641119791265
2023-12-12,333.06423785451483,157.65072817873906,148.69840713800886,171.84804969934478,156.55100017068492,267.9333240866379
2023-12-13,336.0763854762688,157.64651497514964,148.75451128374766,173.43276260448079,159.16407488255246,268.3501904539551
2023-12-14,337.9073956165578,154.0924349304503,148.04756104586212,171.77813877088158,159.2846533038208,267.091570419591
2023-12-15,341.681373575424,156.11373575902735,148.78814267899196,174.74947769051062,158.85052131540255,268.4945178777946
2023-12-18,349.977058290637,156.92222458987055,152.37884255316357,179.52692597540369,157.4997573840468,276.2706514329828
2023-12-19,346.6713689603747,157.1790987563765,153.33259575727945,179.20064534258887,158.3439553484819,280.87222333829726
2023-12-20,336.2370842716555,156.06737739429897,155.22892624731753,177.25471412039846,156.64747532566264,280.00643155380516
2023-12-21,342.3802544259605,157.29700283065594,157.56284489129692,179.25891037630552,156.52685965050512,283.8624269416456
2023-12-22,341.2620130161484,157.73493974954803,158.76350470230645,178.7695160970713,155.65850874792721,283.3013071898651
2023-12-26,344.4000061961311,157.76861912777366,158.79715337099464,178.75787020232474,155.21631750148597,284.4556797826599
2023-12-27,345.36443933560383,157.52021074418104,157.5067407455581,178.67629559912305,155.2967113943069,286.8607255167825
2023-12-28,346.098280253144,158.02970649786903,157.34965604686698,178.72291473809315,155.6424523216965,287.2535290868625
2023-12-29,346.098280253144,158.34973934248166,156.74373818226542,177.0449813350089,154.79820468540922,283.75822885966033
2024-01-02,336.63542605879064,156.17266810829983,155.03810651271883,174.70285855154052,149.2585016945242,277.60945611167904
2024-01-03,332.4491917253875,156.05899036285462,155.87973779257652,173.0016333589632,148.14090985546048,276.1504361659647
2024-01-04,335.4474247597397,154.93886884408792,153.04084729006007,168.45724520893668,146.25953878070877,278.2748233050289
2024-01-05,343.1280900532867,154.85885735162356,152.30024838348635,169.23794687676218,145.6725789209672,282.1468605576942
2024-01-08,365.1846340223146,157.78127186378674,155.78995043126176,173.73573366781054,149.19420148182311,287.5260927101324
2024-01-09,371.38367618591815,158.2444880042153,158.1575350173732,176.38079195462475,148.8565073944934,286.54001161924606
2024-01-10,379.84005969651776,161.1837422054913,159.64990874871432,179.1307344141257,149.7007301948546,296.99377921161886
2024-01-11,383.13880508680995,161.96699119053255,159.42549216575907,180.8203137119565,149.21832958403985,296.3524748155062
2024-01-12,382.35603609994143,163.58400822795346,160.0650932459366,180.16778800631084,149.48365178268241,300.2164911357591
2024-01-16,394.0412715742873,164.3419648662134,159.88558761708265,178.46656281373353,147.64245281841505,294.58073722487586
2024-01-17,391.7419995128559,164.00510545773275,158.74103195181192,176.77698351590274,146.87862391087478,295.31027187752505
2024-01-18,399.1081844481384,165.85793064371254,160.99640824644575,178.86273659501953,151.6625448342795,301.5312330172181
2024-01-19,415.76942059764883,167.87919209655507,164.2504659727406,181.00675470785293,154.01831935163827,307.39944588930916
2024-01-22,416.9085739497558,166.9696257553004,163.81284327191156,180.3542290022073,155.89171809410843,306.0606165308209
2024-01-23,418.43912514902763,167.97604327813227,164.99103033242656,181.79912005041695,156.92886636849897,308.8023193081366
2024-01-24,428.8454204181748,169.51726202667825,166.8536776068887,182.78955450363196,156.3821655449831,313.2115122345133
2024-01-25,430.6275291965968,170.49001329652927,170.4106769920405,183.81496220107053,156.11681851041442,315.1996422417346
2024-01-26,426.53212693949587,170.09418216304167,170.76975734352396,185.4113210009531,154.70977637049143,315.9692321968618
2024-01-29,436.5540751312939,172.53232764207405,172.25090333633977,187.9049115360944,154.15500387098953,321.4847214811429
2024-01-30,438.71356033963343,172.0564981413669,169.95065063449246,185.27149914402673,151.18815380963548,320.7151068462237
2024-01-31,429.9985951875291,167.4202285354504,157.20381636014508,180.84362328144155,148.261525530618,312.7625621375464
2024-02-01,440.4817812381152,170.0310103596901,158.39321388574152,185.59776199684956,150.2394214321997,316.482300393544
2024-02-02,462.37767982667924,173.16398004936536,159.7621343136358,200.198086890643,149.42737357411517,380.7840671211368
2024-02-05,484.54594110684263,170.81847254832076,161.2208421028449,198.45024255909559,150.89869109081314,368.29406860686026
2024-02-06,476.79538238674974,170.75107441613497,161.69209619891822,197.09857200883417,152.2012484895876,364.5342503685927
2024-02-07,489.90639568920204,174.35569977866243,163.30792323370616,198.70659448345523,152.2896892224685,376.4550588390922
2024-02-08,486.70555985248933,174.3809658749541,163.7230731840407,197.9025832461447,151.41331631575676,376.78374430945695
2024-02-09,504.12160227675764,177.09282520960522,167.19033702820937,203.2742922029668,152.03318377759527,375.2686025166478
2024-02-12,504.9252297909981,174.86522178284008,165.5408613247332,200.81565713205705,150.66458765129192,375.90188598034797
2024-02-13,504.08656208736977,171.1005865606287,162.85909006779568,196.50431133690515,148.96594690290104,368.8632339708453
2024-02-14,516.4707585346364,172.75436740880957,163.75675639961665,199.23094422692108,148.249430434602,379.413228072375
2024-02-15,507.7906733271514,171.51825810150817,160.19975701446486,197.85598188716656,148.0159975650858,388.03113997440215
2024-02-16,507.4761128465026,170.4635659282032,157.67505318277455,197.51805535960523,146.76816612949665,379.44533648181664
2024-02-20,485.3847156403167,169.92776718388225,158.34832020508415,194.68655607689456,146.16439234777795,378.18666708786844
2024-02-21,471.5468854826786,169.6704467590522,159.952884954459,196.44604630318852,146.77622538751962,375.6025447827167
2024-02-22,548.8846964109446,173.66561378140207,161.6808684603929,203.42577773463168,148.42654784166177,390.1281325443039
2024-02-23,550.8345547545691,173.11296222272347,161.53502877367097,203.90352611911936,146.93723669649648,388.4428482651834
2024-02-26,552.7565305084673,171.9317164387982,154.36492585762863,203.6005550557896,145.84235731186118,386.60506755105877
2024-02-27,550.0238764705128,171.90639784152722,155.83482683847524,202.21392904129664,147.02578919104482,390.8664285231267
2024-02-28,542.769542383673,172.0076328548766,153.02963682497867,201.77115390103245,146.05168691508678,388.4347779731869
2024-02-29,552.8963173615592,174.50515694150556,155.36355546895803,205.9659696287511,145.51228785384754,393.33820841492064
2024-03-01,575.0296452821804,175.28983657823292,153.88239220269833,207.66721260132041,144.63478491249774,403.1048412373658
2024-03-04,595.7025023823055,175.0451557641711,149.629722138518,206.92146639772653,140.9637866740479,399.8064857506285
2024-03-05,600.8115329228218,169.86871670740632,148.8667023017814,202.88976431642732,136.95464730159836,393.4103968066323
2024-03-06,619.9337013977618,169.63247542576818,147.44164318126053,202.17897357706502,136.14959075671405,398.12122615129994
2024-03-07,647.6735130353778,172.6067084045077,150.78548826887013,206.03589833720628,136.05299142210575,411.04176363768283
2024-03-08,611.742416149254,171.3748123007957,151.9412371257784,204.32300946989042,137.44571565062583,406.0340610745878
2024-03-11,599.4835845259106,170.6576226729679,154.47713414910626,200.37288199179292,139.0719224205143,388.08975448049284
2024-03-12,642.3897088673045,175.19701484681755,155.40843187617153,204.3696108288686,139.45833217691052,401.0584422411423
2024-03-13,635.225966489614,175.12108530549432,156.85592920029913,205.7329272738765,137.7677506865426,397.703915547726
2024-03-14,614.6499506446113,179.39049119325603,160.5700305575859,208.28478284273447,139.27316792979084,394.70243327941625
2024-03-15,613.9021417247465,175.677976318252,158.4156175424605,203.2393367387352,138.96725140992,388.49904415165435
2024-03-18,618.221325801117,176.05766340060262,165.70915648850578,203.30924766719835,139.85283844521888,398.8354840126775
2024-03-19,624.8121397163453,177.78313433602767,164.97980259390124,204.96387150079758,141.75273712084933,398.24158949707027
2024-03-20,631.6195511437203,179.39471752209027,166.8985712875461,207.5856379981187,143.83777520767336,405.6889635425176
2024-03-21,639.0489259327314,181.14128072595204,165.6194036740788,207.5856379981187,137.96096177372223,407.486590234996
2024-03-22,658.9958742313593,180.87548139296385,169.17638578578666,208.42460469966082,138.69353466825194,408.94716500760876
2024-03-25,663.9790592136468,178.39483637118218,168.3909450188872,209.40341103812128,137.54233982116023,403.6826198487721
2024-03-26,646.9186533456971,177.88435622413218,169.06422931464073,207.76043309926862,136.62456542562165,397.9607087838835
2024-03-27,630.7668353153831,177.79156074320647,169.28862862415207,209.54323289504765,139.52274415127908,396.3315957114419
2024-03-28,631.5077002952777,177.49204265625818,169.3559259615284,210.18411270594677,138.0495142682706,389.68675914349274
2024-04-01,631.556628364606,179.11626545308903,174.4726482357293,210.871593875824,136.88217606920682,394.3173051246601
2024-04-02,625.1895161462628,177.79578707204072,173.42910767029866,210.54533102300118,135.9241923092947,399.1484484555139
2024-04-03,621.7787596627596,177.37814178165092,173.83304715555175,212.54952727890824,136.57627196729902,406.66803557246504
2024-04-04,600.3991163035164,176.29389155699596,168.90707552217407,209.74131978569065,135.90809862917484,410.02253758608924
2024-04-05,615.0972472085361,179.51703167863153,171.11760995648214,215.64904216071707,136.51991925095345,423.19994234800583
2024-04-08,608.9818261066504,179.12469186026786,173.7545220796501,215.78886401764345,135.6102165314009,416.7075281756846
2024-04-09,596.5480606109812,179.83768140975104,175.71814990706457,216.34816922534088,136.59237806538192,414.82159718729343
2024-04-10,608.3248759705492,178.56361389441042,175.20198485688996,216.67443207816368,135.0708298881247,417.17303841310917
2024-04-11,633.3248225556263,180.53376564389728,178.87117526007546,220.2866508086918,140.9154683797992,419.8453662950055
2024-04-12,616.3412273467312,177.9898700672951,176.98607250856267,216.88418264354522,142.13110003718558,410.8090085189706
2024-04-15,601.0700611494036,174.50515694150556,173.76571527128763,213.95944508289432,139.0236041262656,401.44364443527456
2024-04-16,610.9527833447997,174.90170996345867,173.24955022111303,213.6098904405784,136.35892035993962,401.0664384937627
2024-04-17,587.3294995662708,173.74578277680436,174.45017548523478,211.2328121928784,135.24795971314754,396.580368015187
2024-04-18,591.7745826157928,170.55216133078432,175.0560760763925,208.83244215568536,134.47509052850293,402.70359717840876
2024-04-19,532.5699094510228,168.37951330410908,172.90169760815485,203.48404276834833,132.83279007849455,386.0673936017145
2024-04-22,555.7597845455672,169.15577965890245,175.35910410246885,206.513628941702,133.5090350926048,386.5970219388543
2024-04-23,576.0630637945106,171.94436917481127,177.5808144549706,209.20530636748632,134.36237267784867,398.12924708371236
2024-04-24,556.8710286004863,172.57297652530275,178.557040409581,205.7678827381081,136.06908510222559,396.0426693860507
2024-04-25,577.5238551045437,168.34575517441448,175.04490015819886,202.36541457296147,136.7694954724417,354.2154565588769
2024-04-26,613.1893195793468,171.41700996291397,192.9421053754353,209.29852686543455,136.29450838557105,355.7482690827854
2024-04-29,613.342994312379,169.69996543466775,186.43402446973334,210.85994798107745,139.67569620223298,347.18541779679543
2024-04-30,603.8727421512112,164.24932688822562,182.65259122818244,203.91517201386588,137.1236930326721,345.2192034449041
2024-05-01,580.382301285804,166.6160447849104,183.86442695738563,208.5760902313257,136.29450838557105,352.45790984866846
2024-05-02,599.7841502967733,167.83948823095392,186.96139998498938,215.24120470469254,139.29732086793365,354.4561832504175
2024-05-03,620.5557181743206,171.5604426383816,187.65710521090574,216.97740314149345,147.6295878086896,362.706094773363
2024-05-06,643.9762923206434,174.46295927938732,188.6221034269908,219.8788133526673,146.28515703849214,373.71661379432555
2024-05-07,632.8915741164104,172.69109060349942,192.15664733509195,219.94872428113047,146.84062494392515,375.77105840275345
2024-05-08,631.8991248499041,173.19733129647034,190.05835573914925,219.06315622061024,147.1143416855932,379.2700605987614
2024-05-09,620.2622031732737,173.94827905399274,190.7091845578521,220.81100055215765,148.58758398656477,381.5331728488723
2024-05-10,628.1669173607046,174.9691868471134,189.23923175667383,218.4572318739427,147.5637601865327,382.1591510941292
2024-05-13,631.8082126512177,174.53888882071053,189.78904547553662,217.39688649226449,150.16760835185008,375.58652759768387
2024-05-14,638.4967758752568,175.73703991997277,191.13554497326805,217.97950126944698,151.09467138375413,378.6681698305337
2024-05-15,661.3791412589683,178.8095941077101,193.57046144364364,216.7210512171338,152.94075060750228,386.4445501836423
2024-05-16,659.4849946798737,177.9262913813539,195.44433645663108,213.97110875763286,153.03747412174113,379.775650818456
2024-05-17,646.3455112235436,177.5966377322832,197.55385579109912,215.2178951352075,153.06166431377312,378.7163201048003
2024-05-20,662.4274625347731,179.7647837999828,198.51885400718422,213.86622458494608,154.00483344376008,376.2525858252108
2024-05-21,666.6628385971959,181.32852546865163,199.56241184605872,213.41178576994344,155.060881857921,372.87402101434935
2024-05-22,663.6155706636697,181.95403526136397,197.91295341602648,213.38849398045036,153.8919789955122,375.40194743303016
2024-05-23,725.4623061572449,180.466328135977,194.73742076563332,210.96481437377227,150.65128801285954,373.7968724780337
2024-05-24,744.1230765286282,181.80190054857616,196.35323052697734,210.61524195146438,153.15031615202594,383.7801691947823
2024-05-28,796.0661511770512,181.8695086846792,197.93537434618935,212.2465562155785,153.158400245975,385.1445174582381
2024-05-29,802.524068764235,181.3834808687416,197.37431561535738,212.0950884639056,153.40024007647975,380.6824850971076
2024-05-30,772.296243435306,175.2552384328694,193.1216628246209,208.94897222311863,154.2063769841499,374.8160491700433
2024-05-31,766.2367477576415,175.44962330875478,193.55926825200606,205.59310541695015,154.98026444176506,374.6395392973861
2024-06-03,803.7472170825197,174.76918436644212,194.31104307677347,207.8070344582468,156.41517249078447,383.19436965096355
2024-06-04,813.790557950918,175.84691134441817,195.00673102924594,208.9722640126117,156.67315567326128,382.79310091221447
2024-06-05,855.7461103253182,179.20266893978408,196.82455371682624,211.2328121928784,157.898485759794,397.2946258765645
2024-06-06,845.6678360973775,179.41819858508546,198.30566516275428,215.56746755751539,156.7779384455231,396.25133702773365
2024-06-07,844.8990885277565,179.13504767843622,195.75855767434498,214.7518104254583,158.72075360147318,395.6093415974439
2024-06-10,851.2032779669854,180.83404499504553,196.6010698998408,217.96783759470847,155.68160615921033,403.3455926086984
2024-06-11,845.1223094903362,182.86692228955982,198.40970311527423,218.16592448535147,166.99172547658745,407.2538597960758
2024-06-12,875.1079515590748,186.40865147887712,199.72402218704772,217.76975070406544,171.76408527638753,408.35329517179355
2024-06-13,905.9326886508245,186.6284205782576,196.76958961838383,214.20415111250742,172.70726682433755,404.5493741451537
2024-06-14,921.7990573334416,187.04682713284737,198.60067831086792,214.00606422186442,171.29653654938707,404.9992620742181
2024-06-17,915.5083818696932,189.49812410719625,199.10616837272153,214.47214893161362,174.6661880783705,406.98344331471327
2024-06-18,947.6609605285086,188.64015310335586,196.6909263549311,213.01561198865744,172.7475755324155,401.24773624607525
2024-06-20,914.1104065089289,188.36969430845414,198.0502254745814,216.8492271793136,169.0312765647394,403.0231017661353
2024-06-21,884.6838584376349,190.0940364728241,201.79103157611453,220.32160627292342,167.26583959307328,397.4641513680749
2024-06-24,825.5510817590174,189.20228108879945,201.33045246836215,216.23165693789957,167.78982796216073,400.7818558117702
2024-06-25,881.3287603037386,190.588530071675,206.7338620907241,217.12887089316632,168.5395252277439,410.17259072168156
2024-06-26,883.4955900639696,191.09992898586285,206.56537691906883,225.60009473179727,171.90917675672733,412.19700002319894
2024-06-27,866.6504997500182,191.39153255018059,208.28415367941196,230.54067444310178,172.59442479405274,417.3703286706625
2024-06-28,863.5051620181439,188.89797228748932,204.62194174755606,225.18061138102618,169.78903308834555,405.0474617080686
2024-07-01,868.8172760953264,193.03137438835537,205.56557271355524,229.78326456476935,174.73067456051743,405.4169675544646
2024-07-02,857.4240332967262,194.1091013663314,208.09314393693052,233.0459108729896,177.5682908803535,409.2889554475458
2024-07-03,896.6363554784481,194.73881123738838,208.74471551372045,230.237703379772,178.60013668451936,409.65846129394174
2024-07-05,879.5114243836986,197.60854101681667,214.1144246470625,233.0459108729896,182.46152713253525,433.7177293209256
2024-07-08,896.0769409914665,197.05065248545216,212.35071965917422,232.21859006619403,183.65464502290214,425.21060500535793
2024-07-09,918.304332591222,194.21898591602167,212.29456369310378,232.27685509991068,184.3479026463983,425.75691688191563
2024-07-10,942.9777537529326,197.05487881428638,214.76596167696465,232.80120484337647,187.81429010758364,429.5244845748832
2024-07-11,890.485360037946,192.17342963500465,208.46388386303641,227.27802813488148,183.4531014825123,411.8595779064527
2024-07-12,903.3463380865493,191.6873755685774,207.90216874133685,226.62550242923584,185.84732201349075,400.7496980427444
2024-07-15,897.7545434733374,191.86066817602608,209.54228223822722,224.56304113961215,188.95901519592348,398.57274294663887
2024-07-16,883.2159629428631,189.98413879788902,206.61032242005786,224.91261356192004,189.2976157945562,393.4556101856463
2024-07-17,824.7123072255433,187.4483021216105,203.35253362988382,218.98158161740855,184.5091374787102,371.12345868528774
2024-07-18,846.3802843383172,186.11702166406974,199.6117102549068,214.1109306145592,180.72028035290114,382.2574260260253
2024-07-19,824.2930534961137,184.739199088373,199.57800976588697,213.38849398045036,180.82507554312602,383.0125042634341
2024-07-22,863.5051620181439,187.20320129971424,204.08271664979486,212.71265870531968,180.54293942250635,391.5356704438266
2024-07-23,856.8649392992818,188.01041698180927,204.21751860587415,217.21044549636807,181.3893726202914,392.5719749115106
2024-07-24,798.5709905690612,181.2693306144826,193.927451708417,210.70846244941256,176.17366670348594,370.5450630790805
2024-07-25,784.8013178529765,176.83168533853058,187.91741601025421,209.5665424645327,175.32722108773783,364.2310097638193
2024-07-26,790.2532187832508,179.7351863728983,187.6028838705504,212.654393671603,175.7061055585224,374.1037410122367
2024-07-29,779.9784310541542,180.35221725745254,190.44498723362946,213.4700508036601,175.9318268729812,374.1118113042332
2024-07-30,725.0395270429071,178.7419990968519,191.2987444710945,211.7338701468512,176.38325708393566,372.0874266825078
2024-07-31,817.9322976535893,176.81054056911455,192.70295454484605,217.8746170967602,179.02740153936796,381.437982890981
2024-08-01,763.3428874825333,176.2864364179343,191.8267245568865,214.48381260635213,176.02855038722004,399.8419752915794
2024-08-02,749.7829217535478,172.6433409628194,187.22093347936303,195.642035065878,177.23776195770677,392.13015727444275
2024-08-05,702.1133614224608,167.0053264212294,178.8967399570254,187.62526782224168,168.7007724780188,382.16097739874004
2024-08-06,728.6741454680642,168.89029533179013,177.81828976150297,188.68561320391987,167.0562367946605,396.909867918689
2024-08-07,691.3492930000812,168.3915885293498,178.54849005485787,189.66441954238033,169.14413101298726,392.75672783470856
2024-08-08,733.706685839063,170.19201773798088,182.0197095176762,193.19506366970677,171.95755714079132,409.3933756476594
2024-08-09,732.1690304550524,171.5993852397828,183.8620432221295,194.52342465048312,174.3195530576409,415.93238526734876
2024-08-12,762.014939085622,171.93329146817743,182.31180345377328,194.36029322407174,175.562442143934,414.47040374658985
2024-08-13,811.7815158727785,174.97630072980954,184.4125306053038,198.35702206114735,178.58087642382037,424.58413316426027
2024-08-14,825.341481601764,176.18080444756797,180.1549203361723,198.20555430947445,178.94407700726595,423.1540872943988
2024-08-15,858.7521419384062,178.26392517927937,181.19963549578713,206.93311229247306,181.3652941899269,431.64526846430977
2024-08-16,870.7743988684582,177.18004246147953,183.0644764976227,206.315542051059,182.43870291643933,423.68435730613163
2024-08-19,908.658345333886,178.4756091278465,187.23216121788835,207.66721260132041,182.30956851862578,425.1785212757083
2024-08-20,889.4368785173727,179.86013870364977,187.8050695312255,208.43626837439933,182.80992550401874,423.13014789612174
2024-08-21,898.1739574475359,179.58071536653134,186.31100300238364,209.86949574787047,182.72116190409844,429.90193731431543
2024-08-22,864.9029771341399,175.9436837745264,184.00809019017802,205.23188709989574,181.21193234619219,427.30730141775535
2024-08-23,904.254925924185,176.46871981808937,186.05260955530642,206.2922324815739,183.07626597563186,424.15031177981285
2024-08-26,883.9149506232452,175.07148500529374,186.65925290455118,204.49778679104838,183.35069054119407,418.6234697911941
2024-08-27,896.7761957464628,175.21969526987832,184.9966666571663,201.72453476206238,184.03669607426588,417.00072410509836
2024-08-28,877.973768999688,173.84787093106746,182.9408850066248,199.0212114415315,182.79380698797277,415.1371036487098
2024-08-29,821.9164633338604,174.9148352082855,181.73886059354837,200.5593052076974,185.4571371963257,416.2937961419562
2024-08-30,834.3581876530336,176.61690383218428,183.53628334390035,207.9934754541432,184.81956171917014,418.77604026557435
2024-09-03,754.8854890883996,173.3567242696474,176.77359187533204,205.37170895682212,179.79150364209545,411.10445030945993
2024-09-04,742.3739514650645,173.12808250476397,175.75129764588007,201.96924079167547,178.24192812222205,411.8916369563103
2024-09-05,749.3636680241179,172.91215910211776,176.63875537236493,207.28268471478094,179.47673311456606,415.20141918676137
2024-09-06,718.7489049940816,170.0796131412839,169.53907628704215,199.70869261140876,178.21772551222702,401.87433148613314
2024-09-09,744.1912339701817,171.78168176518267,167.27810339658956,204.38125672361508,178.29034576017523,405.5053212099613
2024-09-10,755.5843165240132,175.37211873805234,167.22184378985577,209.2169700422248,177.64468618907057,405.5053212099613
2024-09-11,817.1634966690455,179.11495292860636,170.03401227468197,215.00816234981795,179.70272762421206,411.1606708757229
2024-09-12,832.8218142271716,180.7916110785204,174.00477973465743,217.8979266662453,179.79150364209545,422.22232642578865
2024-09-13,832.5420802762192,182.3116194314262,177.12063263642762,217.30366599431625,179.57359322639851,421.43504105977
2024-09-16,816.3247221355714,182.62917160476658,177.7955406359063,215.43929159533553,174.585893529254,428.80042883606643
2024-09-17,808.0062559557639,184.24232982020843,179.21289580045442,217.75810480931895,174.96521262874555,431.2448635182821
2024-09-18,792.4878854954982,182.40478241920707,179.76405684794022,217.23373728586114,178.1127937244085,432.5555579138468
2024-09-19,823.9441472200738,185.74115402796372,182.38497376207056,221.24212979767526,184.71462993135162,449.56181029236177
2024-09-20,810.8722870560686,184.2931376429331,184.01605324780905,223.25798972832084,184.17388973010242,451.37093776793
2024-09-23,812.6897298059542,183.5479649931345,182.05878204774433,225.91471168987357,182.77767605396375,453.83146367455447
2024-09-24,844.9149527598422,181.71040446688832,182.55371803538415,226.0079321878218,183.50403996696573,452.96317923106653
2024-09-25,863.3692210394971,182.95517643577546,181.65382342930198,224.3416446794841,182.69694687614032,456.9673767700964
2024-09-26,867.0740800881987,182.61647949301906,183.04865402302394,222.7452858796015,183.62510268879325,456.5895785135756
2024-09-27,848.619758393621,181.22349725954732,184.4209773193636,219.02820075637862,183.842975850601,456.2035372065141
2024-09-30,848.8994389296504,182.1888327660712,186.55822053126724,217.1172249984198,188.04785957469346,460.2882895867566
2024-10-01,817.8624843494276,178.11995436877385,187.8405664584094,215.71895308918027,182.56783731425287,463.5286475622042
2024-10-02,830.7945576603408,176.61266437810522,186.56944826979253,215.2878060636707,183.02784833767868,460.58577979998506
2024-10-03,858.7556673233141,176.3628778438058,186.56944826979253,212.02517753544242,182.13199164693296,468.59442167596524
2024-10-04,873.2255562630065,176.15960717717263,187.9192815421938,217.32695778380932,183.04401652557686,479.18412556288433
2024-10-07,892.7982796121648,173.39905318421393,183.3298656894734,210.673506985181,178.91986197930783,470.2106518969629
2024-10-08,928.9380686018537,175.58802901545374,184.9046855684781,212.91074559596268,182.2127208247564,476.7317439876325
2024-10-09,927.2603058752142,176.7523957345317,182.0700270597135,215.76555444815838,185.25538255056392,474.81797419382224
2024-10-10,942.3593157762044,176.06649669037108,182.3174864168115,217.49008921022076,184.85183600515123,469.44676297379647
2024-10-11,942.2895558869654,176.26972798126974,183.62232236789205,220.01865298958566,183.64930529878828,474.3677654274614
2024-10-14,965.1476174807814,177.4637315031667,185.5570862705745,218.52714280240585,186.6758112546607,474.74561304356627
2024-10-15,919.9207749864327,177.29433709343158,186.11954415036118,218.70193790355583,188.73386510776527,471.40875708124935
2024-10-16,948.720605767957,176.1850307764022,185.78209015062183,217.76975070406544,187.06320203013826,463.7860577931626
2024-10-17,957.1788588008565,176.43906989002554,183.27362335618352,218.51549690765935,187.36182920569556,463.8985976448568
2024-10-18,964.6584436173441,177.0487768879664,183.82480167711321,220.21673988022866,189.66197124856598,463.5286475622042
2024-10-21,1004.5729583748189,177.31126865925822,184.55598655676957,220.3099603781769,190.85645511486894,462.4753140380138
2024-10-22,1003.7340235965763,181.00754760641144,185.75956557979566,221.04404290703226,190.35608571151297,467.98330066551523
2024-10-23,975.5634206061952,179.77545462402705,183.10487908286996,215.22955880994604,186.23999042326687,453.25257447250647
2024-10-24,981.5050829640581,179.8305150260756,183.03742628449865,217.17549003213645,186.08666583342136,456.54115676159665
2024-10-25,989.4039749248985,181.27853141110623,185.90580255572692,218.86506932996724,186.76461210847015,460.93958929864476
2024-10-28,982.2737237038335,180.61802971568554,187.53684749457764,219.51759503561289,188.37066452431966,464.88761563099564
2024-10-29,987.3768786028367,182.88746329771382,190.86640744409428,222.36075799306207,188.58857494001657,477.04537478485395
2024-10-30,974.025284487879,183.13301037793423,196.2432677832048,224.5746870343587,185.70735915189286,475.8552658531878
2024-10-31,928.0292671045266,172.04842611579838,192.47497963245047,217.19878182162952,182.3256994526348,456.3804419558439
2024-11-01,946.4835887991044,173.75048161445235,192.67742439478386,230.63387716105802,179.9044946879369,456.0427236815932
2024-11-04,951.0273826260485,172.94178277969192,190.37150600334223,228.12864073117018,179.17811835697185,450.83232598648834
2024-11-05,978.0098240726101,174.2119783478086,190.93392933624114,232.46329609580712,180.3402906834046,460.2801946149681
2024-11-06,1017.8542584513091,177.90404409137244,198.5492379949781,241.30738414623903,179.75114526216524,459.97465878953517
2024-11-07,1040.7127473645078,180.12686992902064,203.31866040642512,244.75647145035575,183.59279114892297,475.7748590907274
2024-11-08,1031.9747069657333,178.9032689800392,200.61897658817873,242.5774800932987,183.37465720989107,473.8772298809101
2024-11-11,1015.4079618147399,176.98527695349418,202.8687044666621,241.01607675764777,181.1689289401312,468.9159993662229
2024-11-12,1036.5883675117618,179.1107265997721,204.29730464317944,243.42811046957937,181.1689289401312,470.24278498619657
2024-11-13,1022.4679189973377,180.0295068628952,201.215169503873,249.47565470153216,181.8879910908566,466.3670704445176
2024-11-14,1025.89309751001,180.74504270987478,197.50310641296468,246.42274117870144,184.39269423913927,464.083548006391
2024-11-15,992.4797130123025,175.71082880605357,194.0272922140729,236.0871607210818,181.79106888920887,445.5253315853459
2024-11-18,979.687479969404,176.03262043347303,197.18817698405152,235.02679755941162,184.23108686793577,445.7825937375521
2024-11-19,1027.6406201258883,176.89212709095813,200.3602549456677,238.4176198298117,184.44116154894468,451.1619492889505
2024-11-20,1019.8117017139781,175.91828642578648,197.9530623527277,236.4017776791581,185.02288102827688,454.72403303340803
2024-11-21,1025.2641902084038,175.15889913584044,188.56045450576488,231.15824468451584,184.63509287798152,452.7700845381596
2024-11-22,992.2698991953575,176.91102744350877,185.33211693741492,229.69004406682112,185.72581224499325,449.59399274117953
2024-11-25,950.8176756389494,177.6704541091893,188.58297907659104,234.73549017082038,188.14969928971115,454.3944097309458
2024-11-26,957.1089920817718,181.5735212885893,190.2364967659363,242.2046158814978,189.9191348454811,461.1727146142376
2024-11-27,946.0642816547515,179.45227172065594,190.36026099137305,239.73433491584154,189.81409129599513,457.6831400987882
2024-11-29,966.4059662332224,179.65165731482037,190.0452970155721,242.23957134572936,191.75321831691772,461.7999268490964
2024-12-02,969.0622903464279,182.84199744963368,192.9024455482751,245.5255272234347,193.5791928584791,476.6834703144057
2024-12-03,980.4564411987163,182.93535731608694,192.73371854840542,248.70659892845325,196.0515472130024,493.42451364767817
2024-12-04,1014.5689202066517,185.57416153803194,196.14202812859423,254.20648384745513,196.34241316165003,493.5290078871679
2024-12-05,1014.0796395133688,187.7802395632811,194.19603648738646,256.9913817711877,196.3666654434973,489.6292058684597
2024-12-06,995.763982958503,188.18327645617865,196.52449672309814,264.5420643050748,196.20505807229378,501.5617865997614
2024-12-09,970.3873009225825,189.22267771926033,197.49294962796026,263.44674567917303,199.3641878735983,493.3601981096267
2024-12-10,944.2419781468867,188.08143768156725,208.52924657469768,262.2232510910914,200.18830599177272,497.9835622713109
2024-12-11,973.882773473722,190.48270122263625,220.04976997386615,268.3057507872758,199.15412561055243,508.7261327901147
2024-12-12,960.1110175756462,190.72450760808098,216.17582016686666,266.8026124853415,200.34184168699022,507.20640055598636
2024-12-13,938.5095954567403,189.7530032364885,213.76584654946117,265.04312225904755,200.47918435838338,498.81176673252884
2024-12-16,922.7801826363042,191.58572054739358,221.4687142952517,271.4169115638312,202.8303269755225,502.344580243629
2024-12-17,911.5251242431106,192.803336384734,220.07227727124845,269.342804379461,204.8017531183523,498.4818472725621
2024-12-18,901.1787605173984,185.56144317579475,212.16668838802235,256.9564263069561,200.41453644271678,480.5766581488478
2024-12-19,913.552434224864,185.40870470174488,212.2905908010102,260.18409937095277,201.82037404022338,479.2729728142219
2024-12-20,941.6553070930744,185.22629004914157,215.55642901603468,262.08342923416507,205.61781197850374,470.9681240741993
2024-12-23,976.3992573189128,184.6535437406331,219.18266036427792,262.2465606605765,206.24799876764132,482.717185871905
2024-12-24,980.244277125166,186.38446165266126,220.84932314441974,266.8958329832897,208.61534682656782,489.0745522221931
2024-12-26,978.2169671434126,185.86686762291512,220.27501568212787,264.56537387455984,209.27782031964958,485.5337424584725
2024-12-27,957.8039202280177,182.6510907636274,217.07675117958186,260.7201127891571,206.50654075845566,482.68500342308715
2024-12-30,961.1595525111424,180.23288253148698,215.36498743745608,257.86530393696137,203.767572737132,475.78838361676435
2024-12-31,938.789169162924,178.82013367930602,213.18025952831232,255.63971122092627,202.329386345866,471.1774087106832
2025-01-02,966.8918283714431,177.5813336968151,213.3266519652386,256.6068538846482,197.02112935040827,482.2263048082652
2025-01-03,1009.9550460009315,179.60501019470578,215.9843440414003,261.23281663787645,196.62520743431162,486.563827618563
2025-01-06,1044.629236337531,181.51412955574787,221.70518774203876,265.21789958020554,197.95026618214257,507.14070294958066
2025-01-07,979.6850228829529,179.18922868908138,220.15113054258393,258.8091370311983,195.6960457666512,497.23453058295155
2025-01-08,979.4755295555451,180.11835164512803,218.41684222963192,258.83244660068334,196.09194284682175,491.4645926427566
2025-01-10,950.114201105048,177.73832475018884,216.26590117672743,255.11536147746043,191.3653929127332,495.6009257883589
2025-01-13,931.3788100864467,176.9916426972352,215.10595487295512,254.55605626976302,189.38590751188042,489.5413458088036
2025-01-14,921.1025267395105,176.34678629364808,213.5856672562957,253.74038135771397,188.48097329014118,478.2106558457296
2025-01-15,952.4211916228309,180.8607811187578,220.21868698161856,260.25402807940793,192.18951103090762,496.61487036445635
2025-01-16,933.7558809830055,180.12681742804133,217.24565091389044,257.1195577333675,184.4249933610465,491.9313862293671
2025-01-17,962.697581799613,182.01471326819842,220.72545527831969,263.27196835801504,185.8147000245441,493.1143380213421
2025-01-21,984.508710905618,181.7898778243148,223.0340683270074,268.83011831073367,179.88427824408265,496.08381059937835
2025-01-22,1028.1311827773197,189.29905351890767,223.39440963989446,273.84059117050936,180.84573903365026,501.7490075021632
2025-01-23,1029.1798245426614,189.51541005463318,222.95523232911577,274.318339554997,180.70839636225708,512.1702964882137
2025-01-24,997.0221180512526,188.39116720899085,225.466566515239,273.6541679546048,179.99739346955465,521.054528026125
2025-01-27,827.8457868445455,184.36078515477058,216.00686861222647,274.318339554997,185.71775298697025,531.025114649974
2025-01-28,901.7381215894571,189.7233139326902,219.93716439317916,277.49941126001556,192.5046044254764,542.6534922646127
2025-01-29,864.7570475649205,187.6572166435192,220.0610495327231,276.24097898769435,193.39335804135442,544.3916900178633
2025-01-30,871.398231752394,176.05829341235432,226.20980825872715,273.4094619249917,191.96328057996357,552.8494053897705
2025-01-31,839.3805257737686,176.08800896664226,229.75720360907883,276.9517519470647,190.67862988391502,554.6037437270138
2025-02-03,815.54208668601,174.33162807965002,226.61525053359827,276.64879866372695,184.2230151919497,561.2669420602394
2025-02-04,829.4536828521005,174.94676892894918,232.41491295868443,282.0554630847806,188.09316030391972,566.6827249846862
2025-02-05,872.656580504835,175.3370743343647,215.46636527961778,275.1922617207708,187.82652180119325,567.2299253337573
2025-02-06,899.5708645098434,176.41041748056855,215.77037789199554,278.29177660257955,188.4324935623727,572.9595858533457
2025-02-07,907.6802112667028,173.83524444554405,208.72067087983237,267.01234527073103,183.91599347336697,574.9955206177451
2025-02-10,933.7558809830055,174.8831377420287,209.99324003773557,271.6616175934443,184.13437577166,577.3131998880524
2025-02-11,928.3729387181273,174.55223719469944,208.69818085589395,271.2188246731882,188.15435602585694,579.244541693794
2025-02-12,916.7683330698198,173.53402007676823,206.7724682378073,266.7559933463714,191.5919710666428,583.7349311359762
2025-02-13,945.7799006055116,174.17041069744204,209.62161916599152,268.4339267494556,195.36118297489816,586.2939787724173
2025-02-14,970.6670882884576,173.2752427497624,208.5968030137323,266.46468595778015,197.84436579320578,592.820352338583
2025-02-18,974.511787605174,173.78855794969502,206.95264753097277,264.0992713848187,197.73922290001533,576.4843537522415
2025-02-19,973.3235192315088,175.9649597963907,208.64186942882853,264.0759795953256,198.0627356735357,566.344710552931
2025-02-20,979.4755295555451,176.89593341195794,207.8422817113872,259.70636876645705,198.8392681572817,559.1585967860001
2025-02-21,939.7678373793357,173.5291506109375,202.32415914818432,252.36541901795948,198.61278934707653,550.073027504641
2025-02-24,910.7562698436438,171.73949722830923,201.86243999313552,247.85598633216455,199.86648206122788,537.664126787002
2025-02-25,885.2398543695542,169.14639510885127,197.54927832846957,247.96085272485934,199.81795266160722,529.1098640686414
2025-02-26,917.7468944563856,169.9243152444928,194.519930833676,249.7669620901234,194.41484726433205,542.14647061698
2025-02-27,839.9397800159818,166.86362627807893,189.75631229937434,243.23002357893637,191.93977337589962,529.7053874505232
2025-02-28,873.2857548810557,168.75955476807002,191.7608609153526,247.35492837819183,195.6119389028767,537.7204954320173
2025-03-03,797.3660567394677,165.14622736822238,188.07833541348782,238.8953682142994,192.53022268325978,527.1382448422937
2025-03-04,810.8582389313597,165.19723206961945,192.4815953614585,237.47378673557483,190.83164402468418,515.0270811358035
2025-03-05,820.0161740386383,170.4727010986027,194.8465543840994,242.78723065868024,190.67797173187307,528.2809685732464
2025-03-06,772.968363409496,168.71705522532073,194.09201580831038,233.8615680050467,190.34635002847747,505.31405282166526
2025-03-07,787.7887610729135,167.19519621289436,195.7924999915792,232.17198870721592,193.37144033656156,503.4872546149977
2025-03-10,747.8714687394506,161.6051413159016,187.00966198720434,226.68374968296052,183.99687166674707,481.22040584437224
2025-03-11,760.3150625809236,161.7284529910497,184.9464182089045,229.0724738254071,178.6261274811944,487.43300053456426
2025-03-12,809.1850164731621,162.92722097681877,188.40770544148893,231.75250535644483,175.50395353794286,498.5784439785997
2025-03-13,808.0663477439673,161.01426904428726,183.5033256129676,225.92635758462006,169.59936112063673,475.305597524913
2025-03-14,850.6439703098494,165.1759822982448,186.58126330540995,230.65718673054306,172.6810773402536,489.3888740535917
2025-03-17,835.6823435904229,165.2355052835345,185.2283035396655,228.082039372192,173.0936020729554,487.2142388579377
2025-03-18,807.0176525637028,163.03349608418165,181.14693421849367,224.67957120704543,172.03400212136063,469.05938895796487
2025-03-19,821.6296251981694,164.86140955548012,184.77732846671324,227.84897923732547,174.0965636950543,470.4286731798283
2025-03-20,828.6909711687612,164.44481428467645,183.54840930150772,227.1614980674482,173.1744802663355,471.9912001733508
2025-03-21,822.8880807804561,166.32375870786166,184.8900895083952,228.6296986851429,176.54738530163948,480.2470842059696
2025-03-24,848.8262604853494,167.09741313893446,189.05036392123412,236.8445528194222,178.53714035793908,498.450109060001
2025-03-25,843.7923847412795,167.9816346324285,192.29740862931163,239.69937945160993,180.97986545261207,504.45874994878943
2025-03-26,795.3420050680079,165.77537285375178,186.09643228244292,234.36262595901943,179.1842155768321,492.11125255374145
2025-03-27,779.0520026322873,166.03467519055067,182.91704765406337,234.63062377812562,181.0607684819183,485.3455343643892
2025-03-28,766.7471273454493,161.02702678225896,173.99894131062428,224.56304113961215,176.2480875560772,464.5327695810704
2025-03-31,757.7282312823427,159.57744849309393,174.3484694476393,221.6965686126779,179.66954682692793,464.2267401597967
2025-04-01,770.103080118111,162.46808678753135,177.08815856192362,223.922161328713,180.52692025016484,471.9912001733508
2025-04-02,771.9906566616955,162.44686326664637,177.0543026119088,228.39663855027635,181.0931172756777,470.32393214241824
2025-04-03,711.7248960545601,158.60822791410132,169.92886882175335,207.88860906144845,164.3499404341357,428.19113413022734
2025-04-04,659.3592559514907,152.96718144095632,164.1563429770107,199.25425379640612,152.37090270085108,406.53266691313553
2025-04-07,682.6405239790272,152.12547261545637,165.4529049484703,204.2181252972037,146.77365486916713,415.81135556719346
2025-04-08,673.2721340757295,150.72265957360935,163.1416145159804,198.8580800151201,139.46166019100937,411.13981645145066
2025-04-09,799.3271322168903,165.9964019766356,178.93715981571654,222.67537495113837,160.8395437118819,471.80595365431213
2025-04-10,752.0651811620523,162.11102762726222,172.29650522819645,211.16290126441527,154.02095195980604,440.0069794451884
2025-04-11,775.5563698363794,165.12923017617163,177.16708092703465,215.4159820258505,160.27333426840596,437.8162530251255
2025-04-14,774.0182337180631,164.8571569761562,179.34306847357254,212.2116007513469,163.8080205263962,428.0783474806128
2025-04-15,784.4353722165483,163.972948607907,176.23127483111537,209.26357140120297,163.50063868688486,420.0560823594276
2025-04-16,730.5317028250084,157.97056414467932,172.87148635479983,203.13447034604044,157.1350045552193,404.58345693795843
2025-04-17,709.5574253152549,156.34244315013487,170.4249275832457,201.13027409013338,159.32698613987682,403.9149554110197
2025-04-21,677.5368883457185,152.66108760634975,166.49014070688287,194.96621757073927,156.23721066223692,390.36737844832226
2025-04-22,691.3797929210272,155.93436616322384,170.77445572026073,201.79444569052555,161.55942544816895,402.9484207154277
2025-04-23,718.0869872701555,159.15234806364248,175.14892083727491,210.44046463030642,165.4904185791106,419.04929492302125
2025-04-24,744.0949802792104,164.64035418210662,179.57981829546173,217.36191324804093,168.53977358700502,429.4235442254469
2025-04-25,776.1156774935154,166.57456901125758,182.60135819361923,220.21673988022866,169.27582351119023,440.7963379137382
2025-04-28,760.1752757278317,166.28124603986754,181.0793259591274,218.71358379830235,169.97144054766696,442.7857759499376
2025-04-29,762.2027459543538,167.50552950157999,180.57193581844643,218.35236548124794,170.83693531874212,446.5714092506771
2025-04-30,761.5035446142801,168.0241473004226,179.03862402509762,214.89163228238465,171.88031741058646,442.189758972215
2025-05-01,780.3104582145742,180.83659129254195,181.85725277793682,221.6266576842147,172.5435980712668,460.8841584857269
2025-05-02,800.5156676651696,185.0365646351697,184.9351731969353,221.37030575985506,166.09706091029506,480.86733673947367
2025-05-05,795.7615258720521,185.41488669205833,185.13813616258525,217.14053456790487,160.87189250564134,482.67957386883876
2025-05-06,793.8039223646146,184.19910838899366,184.03320577758697,215.5791134522619,160.56453550205606,473.04640936173615
2025-05-07,818.4136195233681,184.21611870628925,170.67297423743574,219.8904770274058,158.73652441455357,480.69813208525983
2025-05-08,820.5810368477504,186.26508755096123,173.94256078978333,223.81729493601824,159.7395108725786,481.6646914606439
2025-05-09,815.5472145186034,186.50314011638548,172.2175655896415,224.95921492089815,160.5807161079173,477.218577565378
2025-05-12,859.9426003239081,190.9794129878629,178.65530903184336,243.1134935115031,170.7207776923215,515.0261433037061
2025-05-13,908.3928731673341,190.92842141171064,179.86165180589106,246.29456521652165,172.4539776318957,528.3965687191534
2025-05-14,946.2165141848668,192.5437846682834,186.44596041945795,244.9895138052303,171.96802548364707,531.0787191582808
2025-05-15,942.6507475952601,192.97817777107224,184.85626810526816,239.07014553545736,171.25532133000607,518.610438860998
2025-05-16,946.6359281590653,193.46366745197196,187.37046968307635,239.5595398146916,171.10142551385997,515.7591824868247
2025-05-19,947.8246238521134,195.4227152443353,187.7650469617437,240.22372919507578,169.09285724353134,515.8316423562488
2025-05-20,939.504715469389,195.12460155858344,184.87879267609435,237.7884036936511,167.53783023787662,513.1494919171213
2025-05-21,921.4670301730216,192.7396920725687,190.04248144421882,234.35096228428088,163.67456467743938,511.8607625364706
2025-05-22,928.6681095817825,193.71493713893682,192.64691949288277,236.65812960351772,163.08333303840672,512.7226302340285
2025-05-23,917.9011567535692,191.72181621100302,189.9410345082816,234.199494532608,158.15099262056336,505.0628618983005
2025-05-27,947.3350226692933,196.19781345233903,194.93563353421484,240.06059776866434,162.15193613739632,517.3539412887491
2025-05-28,942.5109073272454,194.77961762355497,194.32679645759669,238.5457957919915,162.3220249773667,518.368823696944
2025-05-29,973.1333621061717,195.34179810997787,193.76311216329415,239.6877157768714,161.9413523199021,519.5527626806006
2025-05-30,944.7483516154809,196.0572552054885,193.62782655078604,238.88370453956088,162.67027433329352,521.5181132397705
2025-06-02,960.4789395642197,196.74293112048707,190.57239615572595,240.79468029751973,163.3586889511981,540.373622435708
2025-06-03,987.32592076644,197.1688190646281,187.3591728507755,239.69937945160993,164.63025111418622,537.1115462432667
2025-06-04,992.2199028275724,197.55210246406128,189.46751759105933,241.4705155726504,164.26580873443507,554.1063965578601
2025-06-05,978.7265455073778,199.17471085577841,189.64790416555144,242.26288091521445,162.4921138173371,551.4242954783166
2025-06-06,990.8217138071166,200.32458730456756,195.81502456240537,248.85808446011808,165.15668582199558,561.967601356204
2025-06-09,997.1838584376349,201.33390550650617,198.7725318040808,252.83150372770868,163.15621406357909,559.0276951690294
2025-06-10,1006.4824350367708,200.5545415939337,201.60586025766625,253.565604036556,164.14431138390063,565.745139685155
2025-06-11,998.6514868577924,201.27854322382657,200.19484444702394,248.4269374346085,160.99376239506745,559.0921587858332
2025-06-12,1013.8238888627749,203.94027724848405,198.33230081322512,248.47355657357863,161.33392765704517,558.4638606401247
2025-06-13,992.6384621630053,202.2751036877935,197.16962530531893,247.14519559280225,159.1066790573102,550.0147338358469
2025-06-16,1011.656311293624,204.0552543931671,199.54012910344693,251.80611381026208,160.70220104048872,565.9547204791434
2025-06-17,1007.6709170701274,203.5868012800526,198.61447979253214,250.3146214030743,158.4506629050173,562.0130615331383
2025-06-18,1017.1799484652825,204.52372063152643,195.64572753888748,247.6345898720365,159.21195854809426,560.8362303295887
2025-06-20,1005.7831268668515,203.31422932073383,188.1052647125047,244.33698809958466,162.791771683828,550.0187813217411
2025-06-23,1008.020571155087,206.97678951392692,186.4684849902841,242.9154066208601,163.1967090411029,563.0609655030803
2025-06-24,1034.1001935756804,208.72713278829877,188.25200261830864,247.92589726062775,162.22482958053178,574.0798509735438
2025-06-25,1078.9181982505545,209.647041822477,192.6656611794981,247.01701963062246,163.24531294850192,571.24251400208
2025-06-26,1083.8825811799998,211.85310672248133,195.8940678416236,252.9946351541201,162.791771683828,585.2761841487619
2025-06-27,1102.9704038595487,211.21000910170102,201.5268342518919,260.1957630456913,162.85655619708822,591.3538297360891
2025-06-30,1104.6483802458797,211.83604390420646,198.93058381562946,255.63971122092627,166.16907267805357,594.9489844018779
2025-07-01,1071.8564249605797,209.55335382490307,198.4903528247738,256.8865153784929,168.31535615866704,579.7384336920624
2025-07-02,1099.4745039890263,209.14450244854726,201.650995766538,256.2572814623403,172.05712436856984,575.1842223076691
2025-07-03,1114.0874380921043,212.4450683894163,202.65565380978327,260.3239390078711,172.9561228039686,579.5692290378485
2025-07-07,1106.3963301811407,211.96807074191955,199.56270549460478,260.3938499363343,170.04044716836603,579.0371327215048
2025-07-08,1118.7020601067443,211.49960450356025,196.81969987909454,255.6047557566947,170.08905107576504,580.9072686429915
2025-07-09,1138.8387382113265,214.43392361278137,199.3707975330413,259.31017720517906,171.00425495295113,590.6687187091086
2025-07-10,1147.3688877303787,213.5693899865276,200.4995998174888,258.98391435235624,172.0328099969073,586.2031077781327
2025-07-11,1153.1022318891364,214.35300647842394,203.4006747179916,262.19995930159837,171.02043555881238,578.3601166663129
2025-07-14,1147.1591807432792,214.22524534527957,204.94713160213695,262.98066096942387,168.96326338108474,581.1087544651914
2025-07-15,1193.5153215364696,215.41770008828695,205.44381220760917,263.74971674250276,169.36012906237363,572.6208803874135
2025-07-16,1198.1999171000398,215.3325172493608,206.53877581548574,260.06758708351146,170.21054842629948,566.5914591137289
2025-07-17,1209.5966318686249,217.9218655487983,207.22734710907758,260.871598320822,170.09714758767717,565.3823961017774
2025-07-18,1205.4715042069595,217.21915306601454,208.89796550786906,263.49336481814316,171.03662858263667,567.6958304478543
2025-07-21,1198.2697838191243,217.22340564533843,214.58719880619776,267.18714037188096,172.0895228341815,574.7004983837204
2025-07-22,1167.855006260229,215.18345384386248,215.98691778453917,265.0547681537941,173.6445498398362,568.1230376480355
2025-07-23,1194.0747894383742,215.43897611015126,214.7339194385578,266.01024714277753,173.4420501162911,575.1922679198736
2025-07-24,1214.7708286150153,217.57264215969076,216.92384665431098,270.6012544317741,173.12619922597594,576.1756589134277
2025-07-25,1213.092638568993,218.7778677659147,218.06392849761545,269.6807309070223,173.2233946228109,574.4667807531187
2025-07-28,1235.8163082169244,218.2625575287684,217.3866540363245,271.25378013741977,173.36108499716966,578.4568120915186
2025-07-29,1227.1462116000118,218.29236495977017,220.96496885123048,269.17967295304953,171.10954686169825,564.2458916784183
2025-07-30,1253.4358614972416,218.5777077823055,221.84546537982962,268.2241939640661,169.31154999090074,560.3848369332101
2025-07-31,1243.6471495660571,227.2059943518134,216.6190394635145,272.79189168357766,168.11286885308502,623.4433344570865
2025-08-01,1214.6308815171546,223.2069947579741,213.49223519832114,250.23304679987257,163.90945044863307,604.5572223190218
2025-08-04,1258.5398710350103,228.117385102099,220.16351560184955,246.62082806934444,164.69506046337256,625.8050918359742
2025-08-05,1246.3739813774214,224.75719117398162,219.74586100215166,249.06781724550763,164.34678627151965,615.3988575230669
2025-08-06,1254.4846100924292,223.56048385165033,221.34876750091354,259.04217938607286,172.71314052086277,622.2744995061573
2025-08-07,1263.9237747684997,221.8144062818472,221.83416854752878,259.9976761550483,178.20432653009019,614.0849053949532
2025-08-08,1277.41798672746,222.32542456393506,227.3653498343088,259.484972306329,185.75269713500828,620.1062316968492
2025-08-11,1272.9432049808347,222.21044741925203,226.89124561999444,257.86530393696137,184.2039908725488,617.3414039543937
2025-08-12,1280.6343128917983,225.39174426037965,229.53266611201636,258.0633908276044,186.20674753616748,636.7917454980358
2025-08-13,1269.6570120974118,221.70365546599834,227.97491239557016,261.66394588339404,189.19061020690748,628.7955422372429
2025-08-14,1272.6635244448053,222.51280055908293,229.08113828885982,269.14471748881795,188.74465631766043,630.4480023929526
2025-08-15,1261.6862236504187,221.5290372088222,230.16480506443554,269.2029825225346,187.77976817028951,632.9468313368204
2025-08-18,1272.593550895875,220.22160532113176,229.71325996783514,269.73899594073896,187.21216791495138,618.5505163259293
2025-08-19,1228.0553335868763,217.0999102167628,227.53468140471446,265.68398428995465,186.9446104829588,605.7420497751917
2025-08-20,1226.3772503706996,215.3751217940687,224.99484603618077,260.79002371762033,183.25532058492828,602.7112725937326
2025-08-21,1223.440497912545,215.09783787185705,225.48022980935212,258.62269603530183,182.35531629452203,595.7630226624658
2025-08-22,1244.4861911741455,216.37330978839415,232.63689398605186,266.6511269536766,184.67429638734757,608.4101820924416
2025-08-25,1257.2114419037932,215.10635615574967,235.34604365154732,265.602427466745,184.1877978487245,607.2091646926946
2025-08-26,1270.9155745095443,214.15935661624889,233.82216315855976,266.4996592020037,185.9310563383736,607.8539982990687
2025-08-27,1269.726985646342,216.16429026452684,234.20594453479896,266.97738980649945,186.88786039179544,602.4373269021086
2025-08-28,1259.7284598982123,217.40135771470062,238.90179934873936,269.86717190291876,188.56625986040595,605.4438685277862
2025-08-29,1217.846994021802,216.1429486164384,240.33542609742722,266.8375679495731,188.2257096415735,595.4405564996947
2025-09-02,1194.0747894383742,215.47321987390444,238.5744675871167,262.5728235133993,186.26351004529388,592.5468015236316
2025-09-03,1192.9559604644107,215.57133107898503,260.3718264257263,263.3302333917317,193.3582524597967,594.1105625067561
2025-09-04,1200.2275475713302,216.68897192647947,262.22309050066815,274.6212928383348,194.420435347707,603.460945956685
2025-09-05,1167.7852463709903,211.1562480988903,265.2708687600871,270.7177844992074,194.34746739679323,606.5240536657142
2025-09-08,1176.804783413171,212.52131293661537,264.42348542341574,274.80773383423127,192.8798752690119,606.4030733251429
2025-09-09,1193.9348423405138,212.61087960731368,270.73920925801315,277.6042954327023,190.01764654639993,617.2043817489977
2025-09-10,1239.8715691595055,213.44697082802773,270.21946860495433,268.38732539047754,183.88776744334197,606.1451694983438
2025-09-11,1238.8226069046266,213.7199890456707,271.57526121549597,267.94453247022136,186.51487445346214,605.2746638735723
2025-09-12,1243.367789519565,217.51225290824254,272.06109409820834,265.84711571636615,189.79062134582034,609.0550650583998
2025-09-15,1242.8781883367446,219.84138010374323,284.27445533160824,269.66906723228374,191.92309605151615,616.3982903814459
2025-09-16,1222.8104154826358,217.14540231533257,283.7660287842942,272.7219807551145,193.09879153971627,627.9250366124714
2025-09-17,1190.7157386001873,217.56344136306717,281.9244205644841,269.8904636924118,193.77990439534423,625.2811398510031
2025-09-18,1232.3199810270194,216.89373887102286,284.74897410857585,269.4360248774092,192.8798752690119,628.9326631618071
2025-09-19,1235.326493374413,220.93766617790442,287.7882020132717,269.7273322660004,199.05838311539497,627.4252708236979
2025-09-22,1283.853096142588,219.45322723847934,285.3139020908381,265.2412091496906,207.6369355174295,617.1853783091282
2025-09-23,1247.6329711089365,217.2264638273831,284.33095676655637,257.17782276708414,206.29907384968837,609.3128701660308
2025-09-24,1237.4242042244796,217.61890864770538,279.2241321757017,256.5952079899017,204.58012973170185,613.5556225749019
2025-09-25,1242.4587743625461,216.2879825717749,277.6988870806472,254.19482017271662,208.27749130571837,604.07794075764
2025-09-26,1245.9548878927599,218.17771594620777,278.54625314387476,256.0941500359289,207.13423153701908,599.9158912687337
2025-09-29,1271.5466184080644,219.5171603060308,275.7330137055277,258.8790479596615,206.29907384968837,599.6335544478168
2025-09-30,1304.6200703367704,220.94622383753153,274.65967644939525,255.8494617863078,206.46125244719244,592.3579517549554
2025-10-01,1309.235119670793,221.697014092116,276.6933480917638,257.08460226913587,207.1261226071439,578.6132819730408
2025-10-02,1320.7723156864672,220.00349000259948,277.5859014841948,259.15870945350616,208.48831106451064,586.4454633359477
2025-10-03,1311.891977933227,220.69025531291862,277.2017746390778,255.77953307785265,209.2099437335885,573.144486855296
2025-10-06,1297.3481627403137,225.4764808409817,282.9412736591122,257.3992014472202,208.13155540389084,577.2582133113914
2025-10-07,1293.8519423802545,223.51845681771482,277.66497931030074,258.42460914465886,207.9613051304007,575.1771638871462
2025-10-08,1322.3105586346292,223.88958624043832,276.37700224045204,262.433001656473,209.2423794530893,579.016648494113
2025-10-09,1346.5038864697863,222.84450174634665,272.88584922339027,265.3693851118704,205.98283800251852,591.6562065481411
2025-10-10,1280.7065298674881,217.9644307177717,267.2819640112979,252.12071298834636,198.87189014622834,568.9017344464249
2025-10-13,1316.786814633125,219.282559679996,275.8459647550924,256.4320765634902,200.80977537084541,577.2904451197933
2025-10-14,1258.8206198694966,219.0778189859423,277.3147429620864,252.14402255783145,200.89896118150955,571.6038755171033
2025-10-15,1257.4222171893496,219.01808599673535,283.61915269093913,251.188543568848,202.17196382821214,578.782684065591
2025-10-16,1271.266831042189,218.24170151473857,284.1049855736515,249.90678394704977,200.6395002614292,574.3624839519653
2025-10-17,1281.1260506715325,219.08205844002134,286.18386181866737,248.24049643871206,204.56391187195143,578.2745271475244
2025-10-20,1277.0704692394143,220.45140210755994,289.85574687909894,252.2488889505262,212.63163894573728,590.5753303760362
2025-10-21,1266.7219689167882,220.8225052797938,282.9751641560148,258.71591653325004,213.06137497523392,591.4626182593935
2025-10-22,1260.5686766346034,222.05105444607497,284.3648645369028,253.961777817842,209.55864013618532,591.5755036281762
2025-10-23,1273.7141959772152,222.05955960472275,285.93529696116076,257.6205979073483,210.474862286342,592.0514287378409
2025-10-24,1302.3825192186894,223.36066512440667,293.6632975678041,261.2561262073615,213.10193204257303,595.5682003841163
2025-10-27,1338.9522983373001,226.73487681399908,304.22711400395235,264.47215337661163,217.95879608096539,605.6186014554168
2025-10-28,1405.6585632667711,231.23526076022335,302.1934423615838,267.12887533816433,218.11285333063117,606.1187127612789
2025-10-29,1447.682219667802,231.0134441226499,310.2151606080494,268.3523699262459,218.68042875004323,606.3042060782379
2025-10-30,1418.6642423413684,224.27777848143674,318.0222735876865,259.683059196972,220.05884748512347,537.5810546070014
2025-10-31,1415.8673301512283,220.8865039735694,317.69459635718613,284.57236318940693,219.22366496186663,522.9652868853066
2025-11-03,1446.5634975236842,220.55377901720922,320.55304039818054,295.9683068086968,218.15338556204415,514.3829879231905
2025-11-04,1389.296610929975,219.4019994079202,313.57073436405705,290.515041028665,218.95613236580016,506.0023228620266
2025-11-05,1364.9635496566489,216.34343673116828,321.2196225977066,291.5404309461116,219.03719682862607,512.9633569255692
2025-11-06,1315.1086245871027,212.05205918356646,321.7167523127198,283.1973830696605,218.7371788412066,499.2429226994362
2025-11-07,1315.59779845054,211.9326194556423,315.02819846530633,284.79375964953505,217.68309246520846,501.4772336322385
2025-11-10,1391.8139494139314,215.84861500119666,327.7612830783211,289.44301419225627,218.67325116739718,509.583706203858
2025-11-11,1350.629334620989,216.99183695085864,329.12837252116367,290.25868910430535,223.39687046220465,505.80873457327897
2025-11-12,1355.1043300273059,218.04122652525356,323.93120781878986,284.5490536199219,221.95223914811285,491.23329363177453
2025-11-13,1306.5779409188222,214.69258281258377,314.73448082548407,276.83523965962337,221.53015258385835,491.9431338103773
2025-11-14,1329.7223064991006,217.6316926361667,312.2940541265092,273.4677269587084,221.09189783170567,491.59628401307236
2025-11-17,1304.760017434631,216.48421810718088,322.02180133173067,271.34700063536803,217.07438875215678,485.58705080927507
2025-11-18,1268.120478426781,210.6400847208303,321.18573210080405,259.32184087991754,217.05814605648027,482.10251097140156
2025-11-19,1304.2005495327264,207.79480727251442,330.8231391945065,259.484972306329,217.96719062399083,476.157741384408
2025-11-20,1263.0859082887139,204.46981525102262,327.02691988499,253.01794472360513,216.09235139780628,475.2140354964513
2025-11-21,1250.7795373840363,201.77306307316715,338.5624366334507,257.1545131975991,220.3451808772558,479.3277619525467
2025-11-24,1276.4412414482708,202.5765380604865,359.938599816366,263.6681421393011,223.94067790032858,494.4919640129144
2025-11-25,1243.367789519565,203.85439877158208,365.42955125233766,267.6182696173986,224.79284819704523,513.1811314105142
2025-11-26,1260.428729536743,207.4913778626077,361.48650766979773,267.0240089454696,225.2636131764771,511.07589579007174
2025-11-28,1237.6340180414243,210.27360163477547,361.7463693596052,271.75483809139257,226.31869298951966,522.6426726437833
2025-12-01,1258.0514449804928,208.02130962249103,355.76961958780896,272.52389386447146,229.768055423356,516.9318674853118
2025-12-02,1268.8196797668545,209.41456748610415,356.8089972532633,273.15311000063207,232.27593757018087,521.957068020962
2025-12-03,1255.744133973173,204.17065154568462,361.124905395507,270.77604953292405,230.62025055599875,515.9075080369743
2025-12-04,1282.3161351525744,205.49980571356343,358.85400027482046,266.96574391175295,227.8201737384793,533.59645282285
2025-12-05,1275.5332945897094,206.49131295827203,362.9777931741741,267.45513819098716,226.26186839057797,543.1870200088946
2025-12-08,1297.4903532649337,209.8504831172929,354.6795616379958,264.37893287866336,225.539540315569,537.8472508439255
2025-12-09,1293.434558173124,210.27786733934423,358.47819922965624,265.57911789725995,224.96329715794428,529.9102297244403
2025-12-10,1285.1132610024058,204.5253744123746,362.0168714908459,270.0769046883083,226.26186839057797,524.401058466921
2025-12-11,1265.1840464581633,206.6238123047989,353.22109567700113,268.32906035676086,225.6531646775263,526.4821572507501
2025-12-12,1223.8574548002923,204.5125641734236,349.67116113039833,263.5632757466063,225.8560493579261,519.6420541681948
2025-12-15,1232.7380062132238,202.9269952226078,348.46143276134916,259.31017720517906,222.47160803494364,522.7137504448533
2025-12-16,1242.7376002598103,203.59798398864507,346.59603900930927,259.33348677466415,222.8774270675955,530.4957824703386
2025-12-17,1195.3272625493018,203.48257371088275,335.45998792413536,257.8303484727298,220.62925420011211,524.3202074682038
2025-12-18,1217.7038420285705,206.84177012039328,341.9494135104414,264.2274473469985,220.9133523588945,536.3888725728042
2025-12-19,1265.6037809218988,207.67087871085948,347.2630703183763,264.9149462968677,222.11454192524744,531.8035646504429
2025-12-22,1284.4839263814167,207.24349448880815,350.2251204757936,266.1733785691889,219.92316882077967,534.007371360286
2025-12-23,1323.083579398078,208.06832424946074,355.3917802762663,270.49638803907936,221.0513159284405,536.7843909200084
2025-12-24,1318.887837208408,208.5683567016286,355.0978553551174,270.77604953292405,222.22814145127865,538.8914034854777
2025-12-26,1332.313784895969,208.43588360559139,354.44212087835115,270.9391809593355,221.8954145491711,535.4523731841226
2025-12-29,1316.1606849075067,208.17517686759598,354.49863958674325,270.41483121586964,222.1875843839396,531.7390023144709
2025-12-30,1311.4056884756235,208.33758864708324,354.82652409857025,270.95082685408204,221.6356555979774,537.5997618893664
2025-12-31,1304.1332467299385,206.68790287528833,353.86553332146644,268.95829427291346,220.64549689578863,532.8691887110683
2026-01-02,1320.566134084276,202.12352023528837,356.296252344978,263.92449406366075,219.9556542121327,525.0548261580128
2026-01-05,1315.461483567433,202.08506326794574,357.8677557227567,271.5683970954961,216.91211081094823,531.8197052344358
2026-01-06,1309.3079776255572,204.5040065137965,355.38048344396543,280.7387479987508,212.9351836346645,533.2970375858425
2026-01-07,1322.384164398313,206.6238123047989,364.01796541804714,281.4728483075981,211.28759313239453,523.6663410579437
2026-01-08,1293.923945696253,204.33306332517182,367.92970952026724,286.9843791213466,210.2406098312641,521.5431879084814
2026-01-09,1292.6652764542746,204.83309577733965,371.4683817814569,288.2544928483983,210.50844045844386,527.1940211723
2026-01-12,1293.2247443561791,203.93559153608086,375.1878724532358,287.1941296867281,211.2226471856146,518.2414759700268
2026-01-13,1299.3083835789707,201.15338088915792,379.83453249899145,282.68469700093317,211.87195763785755,509.4584315794721
2026-01-14,1280.637945106552,196.32830463640744,379.6875354915292,275.75156692846815,210.98727711386172,496.8892602923371
2026-01-15,1307.979228004803,195.16582795258452,376.2280101502211,277.5343667242472,209.56698500735857,501.15160845608654
2026-01-16,1302.2452428669712,196.53342596256115,373.0850724884391,278.629685350149,207.39182976264118,500.70761899731923
2026-01-20,1245.1851788545277,194.2512346425612,364.0405936295366,269.168027058303,200.22528668575183,487.68641263921256
2026-01-21,1281.8967211783759,189.80223602983395,371.2535692333018,269.5292453753574,200.99631801186428,494.82267322622636
2026-01-22,1292.5254361862599,192.80672269789932,373.6955850891141,273.05988950268386,201.5644522396138,522.8105939488112
2026-01-23,1312.314703632642,199.136162011722,370.74479721711003,278.67630448911905,201.3128394721844,531.7955190382384
2026-01-26,1303.9235397428392,200.98670340510196,376.7707072102032,277.8140282180919,207.29446051432348,542.7743245264318
2026-01-27,1318.258502587419,205.38867426561467,378.22910407742233,285.1083588276193,209.6156634225359,543.266735737178
2026-01-28,1339.236465726849,205.83742638624406,379.87975437508265,283.1624276054289,208.1304129512897,539.8439447389841
2026-01-29,1346.1592533875746,185.267792073284,382.4121794361896,281.6709351982411,209.6237847703742,596.0136212708218
2026-01-30,1336.5094202557934,183.89591523349384,382.1295513473416,278.83943591553043,210.59775044873862,578.4071069903537
2026-02-02,1297.9097672391322,180.93845631764302,388.56245822525557,283.10418035170426,219.144016146829,570.2617390664819
2026-02-03,1261.0583846472693,175.741568129438,384.06279518696215,278.04707057296645,218.71388274251458,558.3868596889655
2026-02-04,1218.0536029433758,177.01515001072005,376.52196961825774,271.4868402722864,224.4032470241438,540.0538216904769
2026-02-05,1201.9005029549135,168.2453864272237,374.498247479567,259.484972306329,223.93255655249033,541.0386934715533
2026-02-06,1296.511364558985,171.43789222743345,365.0128466920534,245.07108840843205,225.7261823002923,533.975139551884
2026-02-09,1328.8873244251486,176.7630009323518,366.66349698971374,243.20671400945133,223.094120522913,546.6976217071604
2026-02-10,1318.3983428554336,176.6219439261978,360.17403685652,241.1559163945661,222.33046546685551,541.4504017623346
2026-02-11,1328.9574048039246,172.81830047636106,351.5591830939277,237.80004958839763,223.8089978200887,539.811663570998
2026-02-12,1307.2101599456448,171.73705593277145,349.34327661857134,232.5798261632404,212.62264834048517,524.5704605594711
2026-02-13,1278.3303136096952,171.5148061621187,345.6350482322055,231.63597528901155,207.78899347504338,516.465518134958
2026-02-17,1293.434558173124,169.60870560738678,341.4519383265505,234.3859177485125,214.36923484423312,516.0779466807901
2026-02-18,1314.4823880316387,170.77971370034712,342.9329979521468,238.62735261520123,214.75106237226186,519.2505339473007
2026-02-19,1313.92302695958,170.68119561267693,342.3903354390525,238.70892721840292,211.6883704720459,520.509894375426
2026-02-20,1327.3490814769866,170.1543220348382,356.10403346142454,244.82638237881892,214.93787820846794,529.2929387659808
2026-02-23,1339.446279543794,164.68855008111075,352.15836431541413,239.18667560289063,216.23766640148108,514.4311628772491
2026-02-24,1348.5368584333617,166.62897315106483,351.4913675532348,243.02027301355486,221.07945503272416,516.0860416525786
2026-02-25,1367.4868706119642,171.59786271138287,353.75246135779463,245.44395262023295,222.77731344944254,527.7026716862073
2026-02-26,1292.8750902712195,172.07761666029327,347.5118079103218,242.27452680996095,221.7374580591059,530.3827983823877
2026-02-27,1239.031566082806,168.23101428413833,352.4636551626394,244.69820641663907,214.61292495123308,523.2546327671624
2026-03-02,1276.0227889426837,170.7197313314885,346.53948575402944,242.82218612291183,215.05160191412966,527.5976838508768
2026-03-03,1259.0305405162874,173.02427494342857,343.2156260409949,243.21835990419785,214.26363248640962,528.8247631110162
2026-03-04,1279.9386369366327,173.5682900910111,342.70692311857863,252.64508051180417,213.2643838352643,539.0366687414146
2026-03-05,1282.0363477866993,175.91564825157627,340.1631321313953,255.11536147746043,211.45280171288414,533.2566614460679
2026-03-06,1243.4370152595752,175.17888888371172,337.49500689512695,248.43860110934705,209.15376486872566,520.5744567113979
2026-03-09,1277.2114846357315,175.37164622923856,346.60239563665897,248.76486396216987,211.1197271078111,522.6169069408954
2026-03-10,1292.0359418332855,173.80816706546628,347.3717548273014,249.74365252063834,211.89147867578072,528.009392141658
2026-03-11,1300.9171342252912,173.43121003403968,349.249827287153,247.7860576237094,211.87521114417808,528.6471179679252
2026-03-12,1280.707277676408,172.13757277866225,343.4232873833816,244.1505471036882,207.7727383614038,515.1819221510511
2026-03-13,1260.4973142976792,169.43467798622783,341.98648232101885,241.9832194213697,203.19095704061561,495.4280685249234
2026-03-16,1281.2667455783126,171.3194368928713,345.6973362708552,246.72571224203122,205.38437910898756,506.9536301259311
2026-03-17,1272.2456060884465,171.08813070328804,351.76142057493445,250.75739654333842,206.52981202122157,503.08349321725274
2026-03-18,1261.546276552558,167.8240791935272,348.1071198803779,244.54672088497423,203.04473552563778,497.44396329818767
2026-03-19,1248.6790489579816,166.63754393593672,347.47356450556015,243.25331536842944,202.24861991415338,490.18849931562943
2026-03-20,1207.699761128465,163.57482055657468,340.5383458794675,239.30318789033197,201.4606008145811,479.6526960945216
2026-03-23,1228.2593785921536,164.05887958578828,341.7376065415223,244.8613378430505,204.30391697945964,488.05547424935185
2026-03-24,1225.1823585466013,159.6639701069924,328.59123751011253,241.48217924738896,204.42576203295963,479.0548034526042
2026-03-25,1249.5181973959156,158.93578152399974,329.1455768712732,246.6907567777996,205.22189006240708,480.64650196031585
2026-03-26,1197.4900327753967,156.76402601397274,317.82072704443516,241.83173388970482,205.44124096181844,442.3896159281403
2026-03-27,1171.4757902203687,152.82319750520597,310.37639093327294,232.27685509991068,202.11862867688902,424.7599520027404
2026-03-30,1155.0421550571111,153.76128500346934,309.4260405976024,234.15287539363788,200.35577464153843,433.37285390698383
2026-03-31,1219.5880000170928,158.56311644763147,325.33291324317804,242.68236426598548,206.17236095467067,462.2573421147324
2026-04-01,1229.028660311003,158.22042943044772,336.4541782603863,245.36239579702323,207.66713600358037,467.9938636165076
2026-04-02,1240.4971647358952,159.97238710993332,334.6213622235137,244.4302085975329,207.90272959866817,464.1399166514064
2026-04-06,1242.2454351606934,159.72395247585104,339.3956730195802,247.94918905012082,210.2910764331214,462.97646189514154
2026-04-07,1245.4622954742604,159.47122588671036,345.5841952134078,249.0911268149927,205.93677977754587,464.61658215483214
2026-04-08,1273.294675173171,160.34503906105672,359.00210278269134,257.80703890324475,210.32358666040057,494.8099878131187
2026-04-09,1286.0919292188175,159.8053289937774,360.3257667876067,272.2558782653733,211.61525350557545,507.71312604611467
2026-04-10,1319.0991466431926,158.86294954045565,358.9115899367334,277.76742685911375,211.6071569936633,508.90076699857696
2026-04-13,1323.8543567347672,164.64570928199595,363.5162064200727,279.5269170854077,210.56732643925278,512.6740110437133
2026-04-14,1374.2043313092638,168.38950161542232,376.63994723999303,290.1654686063571,210.26671238960665,535.2644612475437
2026-04-15,1390.7079400214513,176.14696756640438,381.40296120375865,289.5595442596896,216.4407746052159,542.6088712006077
2026-04-16,1387.0715589038402,180.01926917193026,380.15844411872484,290.9578161689291,213.97926113244,546.8829175857833
2026-04-17,1410.35832866843,181.103007512037,386.5619515951464,291.95991429688263,219.5278057130205,556.3198777461822
2026-04-20,1413.0157210800924,179.08118167366692,381.7423843761009,289.3031923353299,221.81867153748848,542.0674952824578
2026-04-21,1397.7709952695743,181.68983720824468,375.93850723070676,291.2025221985422,216.22956988956892,540.395044495197
2026-04-22,1416.0927411256446,185.4422134517878,383.8919608269385,297.5530197138328,221.91620221932595,545.1458057433824
2026-04-23,1396.0925915638609,178.08740376160327,383.4054715533585,297.22675686101,222.1273820990468,532.5659234265029
2026-04-24,1456.4425875043266,181.88688650882992,389.63921562327727,307.60893867760774,220.20205143507877,545.3963056325703
2026-04-27,1514.7646324839648,181.97255498181462,396.35948351366375,304.2647355461778,217.3993668453177,548.2968722312359
2026-04-28,1490.7085810005256,183.87015037789877,395.72592813884603,302.6101294925706,219.9177297529614,542.4149373947715
2026-04-29,1463.2958289355047,181.8183464803442,395.9069538307619,306.5019919369514,219.47905279006483,540.6212594690193
2026-04-30,1395.6030972108865,174.6734357054304,435.34602637810343,308.8557428351744,220.43766986609276,494.3979340052489
2026-05-01,1387.7708670737595,177.52626016952172,436.35296451594155,312.5844916331358,227.57842083371597,491.84480951889714
2026-05-04,1387.980574060859,177.17500236746605,433.5924263548879,317.00068604099056,224.8894599496166,493.18600813742097
2026-05-05,1374.1343577603336,176.21549446964528,439.45285675556187,318.74853037253797,230.86041396149102,488.7826396419653
2026-05-06,1453.36567428862,177.32064008406456,450.32521144638577,320.4264637756222,233.5656175412669,495.18166548121394
2026-05-07,1479.0301559288428,180.2377257468281,450.2686236442182,315.9753139035359,233.508743270473,498.3569181652648
2026-05-08,1504.9044513860106,177.81753560271878,453.44773189749554,317.73478634983786,238.28551144715772,492.5557849679335
2026-05-11,1534.554968228804,176.76378844704138,439.69047024964533,313.4350864494325,237.9846490382505,483.85408517193673
2026-05-12,1543.925654973784,174.669143750372,438.2310024289053,309.74132867568665,239.70846099775477,487.1990361060422
2026-05-13,1579.2406107248619,173.57256892082464,455.50683004926304,314.7634652102008,243.01787298795628,498.2115048305757
2026-05-14,1648.5417726062635,175.38020388886565,453.7532300260475,311.37264293980076,242.48121829655224,499.66583561580273
2026-05-15,1575.674203156181,180.7303293104239,448.89970321632387,307.7837515587497,244.1237422698956,496.2724135701343
2026-05-18,1554.6950648884483,181.4242741296634,449.08072890823973,308.62268270030785,242.18035588764502,493.83237189090147
2026-05-19,1542.7368524508904,178.8027558551553,438.5817224335484,302.19062836180757,243.0991858100433,486.88392452129847
2026-05-20,1562.7370020126743,180.3619430638692,439.99593383130946,308.7974955814497,245.76624140731286,488.8634412810984
2026-05-21,1535.0444625817784,179.90690395096775,438.5817224335484,312.81751620801845,247.99417299501587,490.7378714863997
2026-05-22,1505.8135733728745,179.68369603744264,433.2756659409229,310.3239434528691,251.1084491137641,493.06483035851346
2026-05-26,1502.526846340223,178.59331632345354,439.9619742406314,309.1237584342726,250.71000635116724,494.74537611756267
2026-05-27,1486.7225457979548,177.15094379369845,439.9053864384637,316.7676614661079,252.75909443494572,513.2638087138423
2026-05-28,1498.2610237717772,183.29821783456956,441.37618563839237,319.27289789599575,254.10887734722007,513.2879949100396
2026-05-29,1476.5127106150408,193.27898213201357,430.30017704416304,315.35774366212183,253.74296964782843,511.04188703664306
2026-06-01,1568.9608019930176,197.69197819818083,425.80870161827124,304.4278847525812,249.06750721374996,485.1548582911021
2026-06-02,1558.1914989081988,189.44550500068547,409.3814146553252,298.90467248410226,256.29617735980565,482.86027930614244
2026-06-03,1501.7575646213736,183.44847563734712,406.1457185998803,291.3306981607221,252.27933885026178,503.342038718645
2026-06-04,1530.8825854531935,183.753256947471,421.0796472451837,295.7236007790837,253.06807819169123,507.0505723490571
2026-06-05,1435.9463201391352,178.8680539481688,416.93885727704713,286.6814258380088,249.90502431406122,479.1194645077443
2026-06-08,1460.7305238508313,176.75170009655585,411.278695184777,285.7375927437719,245.18893030486532,472.97088919809926
2026-06-09,1457.580004871441,173.17580589495435,412.35413980106347,284.5374077251754,236.25269089498184,472.3245254446188
2026-06-10,1403.1806449958763,170.57864807484486,403.4337188161438,277.32463393885763,237.0902079952931,461.3281973040783
2026-06-11,1434.335967045129,167.5651181130938,405.0072259134132,281.4145832738815,240.38335245389194,459.2678789051452
2026-06-12,1436.5764025690441,167.73682256591843,407.169411978287,277.9655137497568,236.72432513182753,458.09632917709183
2026-06-15,1487.4050816821,171.60894041801674,418.11618066536784,286.66977994326226,241.02573368274997,479.9516670952724
2026-06-16,1452.1190768192055,169.0632991838526,422.531100187961,286.6464703737772,243.3187353968635,485.39430163345673
2026-06-17,1432.795694329899,162.65844221325492,411.8220831825146,276.74201916167516,240.64355845175567,459.0061743903721
2026-06-18,1475.0830067901052,162.86878738684973,416.6218895817555,284.77045008004995,242.3185926523782,466.8020764589829
2026-06-22,1460.8004973997615,157.69167894259877,395.8490877937468,271.25378013741977,241.50548926743394,455.9896621287111
2026-06-23,1400.520154518689,160.52492054140848,391.83038652699014,272.79189168357766,239.3018968873196,454.65532449237367
2026-06-24,1393.2389527256566,156.8846338886865,390.87948344111527,272.97833267947414,238.3098754906725,450.9918561622232
2026-06-25,1370.4150766824632,151.46281837988408,389.0908528737008,264.51875473558977,223.73061563728274,439.0229961366254
2026-06-26,1347.9411752137664,160.10852214927723,381.93643424470616,271.13726784997846,230.7478575443565,444.9912608856393
2026-06-29,1365.024122179158,158.2196944167374,400.3432578768847,279.81822447399895,229.08909087533664,454.97877784682635
2026-06-30,1400.8702359230313,160.12998192456908,404.5544198554092,277.7208077201436,235.28508321370177,455.53678794481004
2026-07-01,1383.297260455437,164.9636814631708,408.9014201966461,281.63597973400954,239.36696701373012,495.66484644973787
2026-07-02,1364.0439583449065,167.62949743896942,407.429791871411,282.7662538241429,250.95394481742832,471.3955780723009
2026-07-06,1369.0848314438695,166.01969928620323,414.8445903935296,284.5024522609438,254.23084658035066,485.4589626885968
2026-07-07,1378.7464158586768,166.9211936018894,415.4898571633015,286.6231608042922,252.60459013860995,497.8241308147441
2026-07-08,1429.0850664695301,164.56015893621466,409.7051880875076,283.8732183447912,254.82442521440078,487.7476185234673
2026-07-09,1419.703483080289,164.9980171036378,406.2751312414675,287.8583012871203,257.12554827635256,510.6825492645669
2026-07-10,1476.9733609096775,165.3156874041816,404.3393309321519,285.8774146006983,256.39375771349535,541.1951139934914
2026-07-13,1424.9543836558883,167.84414769286744,399.0527588842288,288.17291824519657,258.0118431355456,531.1024117586376
2026-07-14,1482.8543439151856,165.24271104294442,406.9769858134069,288.3826688105781,256.0197038303393,534.5879387881926
2026-07-15,1487.7551630864425,169.83600859729785,419.8934798535937,297.0869350040836,266.2975799687328,550.9804540983016
2026-07-16,1452.0489964404294,172.1841673977975,401.2602013720815,291.1792126290572,270.98116375064956,537.4184147774697
2026-07-17,1419.9135105569253,169.0590072287942,392.55486931041906,288.07969774724836,271.37143549355596,522.4330918497948
2026-07-20,1423.2040834640218,172.69501505170263,398.46407991662454,291.2957426964905,265.5576183861851,522.3036710203465
2026-07-21,1451.2788600828144,170.74607369785596,392.98504715693366,288.45257973904125,266.492715840186,520.653925641761
2026-07-22,1484.6746176559823,167.5651181130938,387.2569658833073,285.30646349825435,264.988453467502,507.19702223501184
2026-07-23,1461.5706337573765,163.80461734300286,359.63538178240697,272.26754194011187,261.5489508963317,490.1575508564135
2026-07-24,1448.1283411034242,163.85614705419303,361.95603442148257,270.4614325748478,270.78600304327017,481.33457456234095
2026-07-27,1375.8059243559228,167.0328106838968,369.67650380659205,269.62246587330566,273.94905692090026,480.2670748375206
2026-07-28,1379.3065247396557,168.85724596531614,377.77052868916064,269.00489563189154,276.5266286763923,479.89505165233675
2026-07-29,1330.2981193673963,167.6509703395061,381.1666259445227,264.0992713848187,274.9898560764291,473.5871436052931
2026-07-30,1365.514150681361,193.64816901850273,377.7139408869931,274.4115600529453,271.11937567945665,435.9175872640427
2026-07-31,1405.4910540687215,199.49495370430833,403.1507107115303,316.4530267280397,251.1816405880129,450.2155286238696
2026-08-03,1446.7281223159,209.3383360641499,422.8254396717631,330.9484852291383,246.7176063929164,477.33146293416075
2026-08-04,1483.834507749437,211.5534311325951,427.5120359197811,323.25799861831683,251.5637909830811,475.4714457274098
2026-08-05,1534.803240790199,209.256775792796,410.28250112903544,317.6998308856063,252.88106366807628,476.1426867112647
2026-08-06,1533.1929945260388,214.5798369595213,404.98459770192375,317.2454098505956,254.02756452513304,477.0565300508552
2026-08-07,1567.9889708867304,214.635645500525,401.0790720395023,319.8322208836851,254.77562261959287,478.835646899305
2026-08-10,1523.1112483281129,217.24138723075117,404.7242178087997,324.03868250615034,250.86927914531628,481.1162077623869
2026-08-11,1522.7611669237706,216.27550046394458,389.19273164573514,317.2570379653502,248.14296502834617,484.5127888214363
2026-08-12,1568.899054342206,211.3902974646424,388.89842670882075,311.442553868264,245.97819120074314,468.1202735113273
2026-08-13,1577.3705542759715,213.3005980977189,392.0907318732264,308.9373174383761,248.42780826491193,481.15663326174547
2026-08-14,1576.39039044172,212.66525749663123,391.5700066338661,306.0475353419568,248.97305618675026,477.0160551919125
2026-08-17,1575.3401462286927,206.20460511027468,389.4191519481811,304.4861320063058,248.69635913394893,460.130240198544
2026-08-18,1538.443895101638,206.75408035970523,389.64557225062697,302.31882210397936,252.3097380238215,439.6699522051147
2026-08-19,1523.181221877043,207.90454744451154,390.23421667134346,309.7646204651797,257.843728751701,441.57853924259695
2026-08-20,1518.2104291568562,206.93684939391886,385.6494991953598,303.0878423170743,253.343285088926,441.4167878855785
2026-08-21,1503.2978373366036,207.83573178588446,390.3474268225664,301.36332533500394,251.7563439182188,444.7082330305452
2026-08-24,1459.6103060888738,209.5861931874598,394.0152008033533,305.3717178468181,252.56202136125586,452.0836408024091
2026-08-25,1491.6058448745177,211.47857786134767,392.7699582336764,304.19482461771463,252.20393697858913,461.00365803877594
2026-08-26,1467.871778546003,213.48278962116015,387.155087111273,303.2859469877093,255.09302575529,465.92870797833507
2026-08-27,1596.1337210544534,217.22025558658,385.62683643698256,298.60173698075647,256.01262559139775,461.85279096364224
2026-08-28,1523.1112483281129,220.86311478728803,392.3511117663504,310.4521016350569,260.1794234227992,467.44908188705637
