Date,nvda,msft,googl,amzn,aapl,meta
2023-01-03,100.0,100.0,100.0,100.0,100.0,100.0
2023-01-04,103.03179824378374,95.62569621402368,98.83304077879733,99.207643547432,101.03143613946838,102.108388333789
2023-01-05,99.65071974953737,92.79153608116282,96.72352162652261,96.85388375921303,99.96002657196065,101.76366718981653
2023-01-06,103.80021212405485,93.88512021552029,98.00268049279059,100.30296217333377,103.63796690848378,104.23280002157014
2023-01-09,109.17221208265828,94.79922638446617,98.76570026362728,101.79445458052155,104.06174236833807,103.79189556401127
2023-01-10,111.13519085990364,95.52132388187519,99.21453339077328,104.71918325117645,104.52547262928482,106.61377047165486
2023-01-11,111.77785930973884,98.40971387151133,102.69297285271246,110.80167405736483,106.73225669994204,106.53359817216534
2023-01-12,115.34060199297794,99.55337497833492,102.25539337328567,111.01141573275038,106.66829176430032,109.59596529848695
2023-01-13,118.05102261221059,99.8539088663294,103.36623118015267,114.33232707468726,107.74766124711508,109.81240706130761
2023-01-17,123.66051204222985,100.3213965639009,102.43491626007861,111.92030225275164,108.69115336130398,108.51370712480255
2023-01-18,121.39016370675601,98.42641711281789,102.24415699900884,111.23281219287841,108.10749660725685,106.63780858761693
2023-01-19,117.11491254806927,96.8069035871881,104.40978029217682,109.15870500850818,108.1554423685678,109.1470275691153
2023-01-20,124.61758746778828,100.2671405059628,109.98653707899871,113.31857416199121,110.23429656794157,111.72838557829037
2023-01-23,134.07614365545766,101.2521797729905,111.9726288486525,113.63318223007151,112.82484541651996,114.8549201599522
2023-01-24,134.57912537720125,101.02679737029409,109.62746539524919,112.23491032083194,113.96020750170483,114.75068506471011
2023-01-25,134.984317709354,100.42990867977713,106.84471382569785,113.23700844878547,113.42448409100405,113.43595560426523
2023-01-26,138.33044280646067,103.51447332584067,109.42549567006618,115.61407780648952,115.1035791740551,118.08562813737981
2023-01-27,142.26338436351267,103.58126008990405,111.50134024639529,119.13306714907341,116.67867380360207,121.64504624468297
2023-01-30,133.85961286859225,101.30644893151003,108.77468418101601,117.1638352473939,114.3359751104252,117.89319981073068
2023-01-31,136.47922810079532,103.43516240594275,110.90663289823834,120.17012074125853,115.367398831929,119.424408053682
2023-02-01,146.30109931271673,105.4971153174749,112.69074630598799,122.52388941947348,116.27890226931473,122.75131785453893
2023-02-02,151.65212723303634,110.4432725828805,120.89316997723705,131.56607325054435,120.58849479305431,151.33074972946324
2023-02-03,147.3978547895001,107.83454725504174,117.57181520042201,120.47308291459228,123.53084457867989,149.53503583166236
2023-02-06,147.3210040538596,107.17505088593337,115.46230468486849,119.06315622061024,121.31608817475106,149.15824946986268
2023-02-07,154.89349229172433,111.67876221514588,120.78097033217175,118.9815905074045,123.65076486279793,153.61551835611863
2023-02-08,155.11703378861773,111.33230423899442,111.50134024639529,116.58122047021145,121.46799713567229,147.0498426262308
2023-02-09,156.0391491401698,110.03423312930052,106.60906088784803,114.47214893161362,120.62844338516447,142.63266605966723
2023-02-10,148.5505089942402,109.8171564952224,106.11534272064318,113.73805751276225,120.92474843842542,139.610391253038
2023-02-13,152.20398361897526,113.2481725671467,106.16023639742322,115.98695090828643,123.19893722091788,143.8431851046605
2023-02-14,160.46804835520396,113.60294941249786,106.23877873998528,116.17338301418691,122.67843823481365,143.88326508445763
2023-02-15,159.022012627958,112.69494811449228,108.77468418101601,117.87462598675621,124.38409534413874,142.0234207510023
2023-02-16,153.69893407161675,109.69472501159075,107.17009366005934,114.36728253891886,123.08684025449625,138.23956462875145
2023-02-17,149.4097282615409,107.98328470615854,105.86848795540136,113.26030912827456,122.15793924870941,138.59227585490333
2023-02-21,144.28922584067593,105.72786895855224,102.99596630573234,110.20741338543583,118.89879476823701,137.95095915846355
2023-02-22,144.98081569277332,105.24247931647454,102.83886434716578,111.61734007941789,119.24310767263191,137.18134457102914
2023-02-23,165.30912390495214,106.60662320854462,101.9860831329326,111.65229554364949,119.63549051798373,137.9188630908982
2023-02-24,162.66855666506532,104.28426348989794,100.0112277375556,108.94896333312265,117.4814331250075,136.59612503843107
2023-02-27,164.17047776653467,104.67758879606836,100.84157075011997,109.25192550645639,118.45036964865668,135.91471602229893
2023-02-28,162.17954294844424,104.36793690340771,101.05476821285855,109.79958481940729,118.04198004693866,140.24369935745548
2023-03-01,158.56093492158186,103.04985465559946,101.39138442149687,107.39920589221823,116.36032686318055,139.02518406033516
2023-03-02,162.864135444247,105.07509318771075,103.23158469669735,107.35259564324411,116.84080274938704,139.9150262472657
2023-03-03,166.88786903459518,106.82419766471656,105.08302998289585,110.58028648723277,120.94075519479162,148.50888716171488
2023-03-06,164.54069667094765,107.48535125737415,106.74370737130336,109.24027072171387,123.1829428825163,148.22832730313502
2023-03-07,162.7101668982983,106.34717929416426,105.31866564730325,109.00722836683929,121.39722715543112,147.91568371688504
2023-03-08,168.9494317485679,106.15887808716839,105.75627967361486,109.43835761235687,122.41419636614343,148.2844491467672
2023-03-09,163.7442132430977,105.5814306594741,103.59065638044689,107.49242639016646,120.58842028526672,145.65496554608694
2023-03-10,160.45337260221197,104.02064049004558,101.69433469091076,105.72128137912998,118.91481394256778,143.9073278802102
2023-03-13,160.46034325103983,106.25092277220357,102.23294653489563,107.702168065552,120.49233007521127,145.02164510177423
2023-03-14,168.12495889553944,109.12562265425902,105.44210166664536,110.5569769177477,122.18997759737096,155.5395178050189
2023-03-15,169.27780005254692,111.07139305949538,107.84335198749955,112.0950795739096,122.51026174026971,158.5297459036638
2023-03-16,178.45154781454468,115.5738139814383,112.56732756008827,116.56956568546892,124.80049453302213,164.28571472642483
2023-03-17,179.7371517888828,116.92541406680171,114.0260265865916,115.2994608484132,124.11982863953935,156.8141549457714
2023-03-20,180.9598329715028,113.91260785544924,113.57720209616677,113.85457869019955,126.0416700945423,158.57782213558792
2023-03-21,183.0489177299855,114.56120454081872,117.72890852226736,117.23374617585709,127.54712477862651,162.06511355510963
2023-03-22,184.92837558176373,113.93772167002543,115.98968879129778,115.00815345982198,126.3860078348664,160.18118174611124
2023-03-23,189.97990596968634,116.18475959581562,118.49191101966167,115.0198082445645,127.2668637356255,163.7646256294812
2023-03-24,187.10132178591493,117.40240623619115,118.3123881328687,114.34397296943379,128.32390571809395,165.15150645749804
2023-03-27,185.36855469538966,115.6491423245855,114.96857788094246,114.23910657673902,126.74637716748587,162.61024076801533
2023-03-28,184.52315654214422,115.16795796914263,113.36399599670699,113.30691937724866,126.2418725197832,160.8786326260784
2023-03-29,188.53361652150602,117.37733172335922,113.76795272051537,116.81426282508605,128.74029248901275,164.62243344832265
2023-03-30,191.32136861078106,118.85857516242429,113.20690267486164,118.8534145452247,130.01355607105288,166.6185595850044
2023-03-31,194.07422739471667,120.63697908976899,116.39364551510613,120.356561737155,132.04750691044208,169.9054140858547
2023-04-03,195.38771396436624,120.18925361926487,117.100535234886,119.33116292971239,133.06446370318977,170.81129813662028
2023-04-04,191.81043574233573,120.16829268899782,117.50449195869437,121.12560862023795,132.63205775794023,172.13403618908742
2023-04-05,187.8139571218298,118.97995204925189,117.22396261750691,117.80470616829706,131.13461266102144,169.5366363160773
2023-04-06,188.90390219458592,122.01784587401774,121.65618974807376,118.92332547368787,131.85531407236655,173.2403571585244
2023-04-10,192.69079396958756,121.09310203296133,119.43447095073371,119.0515014358677,129.74925211255965,172.15808664494475
2023-04-11,189.826191144672,118.34808480635179,118.2114075886378,116.42973493854656,128.7643336684735,171.43658530912026
2023-04-12,185.1170371270511,118.62427126378296,117.41472187857669,113.99440943712192,128.20377432857774,171.55683758840686
2023-04-13,184.89344221522413,121.2813966896665,120.54531739432196,119.31950814496987,132.5760030657471,176.64743925887083
2023-04-14,186.95459096346184,119.73314377665396,122.16113565283422,119.4476841071497,132.2957296047815,177.5613319016587
2023-04-17,188.6593686288086,120.84619537499694,118.90709548102565,119.71568192625588,132.31173636114767,175.45296207771258
2023-04-18,193.30565326964492,120.66627198981719,117.25762855673135,119.20298696753258,133.30471406425764,174.67532655836064
2023-04-19,195.15016440115016,120.69978327708162,116.89857414642421,121.53344607626249,134.23360265207987,172.91969264035689
2023-04-20,189.3720440259236,119.72059341965655,118.14406707346774,120.96247719382653,133.448812125447,170.81129813662028
2023-04-21,189.47681741807568,119.57415512057841,118.27873083036546,124.63295206807533,132.14355986660374,170.66698306158108
2023-04-24,188.93884891485894,117.90456462248251,118.90709548102565,123.7590299023016,132.3917949789078,170.58682310198682
2023-04-25,183.34237937489172,115.24746539776183,116.52828336184027,119.51759503561289,131.1426098302222,166.38608829824392
2023-04-26,188.33797097365743,123.59535238533421,116.37118140327374,122.32580252883048,131.13461266102144,167.86915860979482
2023-04-27,190.2244395354637,127.5538371668473,120.7248748279997,127.96550930475877,134.85821385336953,191.2458068264671
2023-04-28,193.87858184686806,128.5706387935203,120.44433685009103,122.87345295178538,135.87515822815266,192.65673811034125
2023-05-01,201.99032054635464,127.85930342374525,120.28724352824571,118.91167957894133,135.80309677959337,194.9494906492284
2023-05-02,197.099502339741,127.79656473933969,118.17773301269219,120.75273551844101,134.9622763966966,191.7909216994775
2023-05-03,194.24888087368134,127.37390068108611,118.27873083036546,120.77604508792605,134.08944250106748,190.01923357774345
2023-05-04,192.5720125111128,127.79656473933969,117.47081738274873,121.1838736539546,132.76017389869264,187.20540428180792
2023-05-05,200.38335897806547,129.9891435481798,118.45827099060082,123.11815898139848,138.9902046474357,186.61215147739705
2023-05-08,203.67411949655087,129.1522915078494,120.92684455318268,123.31624587204149,138.93412511931336,187.00497970303178
2023-05-09,199.6217555018216,128.46185156543433,120.45556458764666,124.23677828678932,137.54880182474537,187.08515200252128
2023-05-10,201.81566706738994,130.68380187781113,125.39272034953157,128.39664744027235,138.98218264230567,186.8526560359703
2023-05-11,199.6706969346839,129.76319782048247,130.8011647136737,130.7154517642597,139.13431512658968,189.02518097536137
2023-05-12,198.00776986977104,129.28617944993016,131.85593292653226,128.47821315347804,138.38055709348598,187.43786322867314
2023-05-15,202.29073948635533,129.49121664968612,130.73383283522483,129.5735228893838,137.97961827052646,191.4862867052498
2023-05-16,204.10734131508232,130.44527959195358,134.1000985622623,132.1370332429843,137.97961827052646,191.45423999726546
2023-05-17,210.84964130202906,131.67818840967982,135.59246352799005,134.5840135291515,138.476783901152,194.3963425044052
2023-05-18,221.32997175351545,133.5736853337288,137.82540142616452,137.6718736262178,140.3692444519173,197.8916054962634
2023-05-19,218.4373928571548,133.4981997836046,137.74686772032362,135.45793569492523,140.45742441852417,196.92161568963385
2023-05-22,217.82256026456417,134.68917364021533,140.31643046385759,134.01305353671157,139.68762237516052,199.07007783327236
2023-05-23,214.41296487267047,132.2065741599678,137.52244252002944,133.9897439672265,137.57065744243698,197.80344928454213
2023-05-24,213.36491046154845,131.61529251829725,135.65979540643892,136.04055047210767,137.79517424235982,199.78355823717934
2023-05-25,265.36119678829357,136.67693795918356,138.55475525777678,134.00139875196902,138.7173571292994,202.57336175704808
2023-05-26,272.11049413153495,139.59986108143465,139.82270365993153,139.95572248597358,140.67393163128156,210.0689473137683
2023-05-30,280.2502089024667,138.89531181283357,138.76793544707294,141.76183185123764,142.17345052828816,210.453729927695
2023-05-31,264.3411050948833,137.7127485294925,137.87026919278094,140.50338179892447,142.13337775653204,212.21742179730202
2023-06-01,277.86766249907777,139.46986401203472,138.82405686140862,143.05522847778644,144.41069586610305,218.54255594893087
2023-06-02,274.77250746724076,140.6524403959572,139.890018264938,144.7797721298448,145.10031511206066,218.54255594893087
2023-06-05,273.682575748218,140.87891014691124,141.39361960494256,146.00326671792638,144.00177229190737,217.5645452103838
2023-06-06,270.0703641596479,139.93113548372392,142.8523359048883,147.52971458934573,143.70503260988548,217.34807876777262
2023-06-07,261.8599013092334,135.61175588533794,137.45511927830177,141.2607827872609,142.59044577947222,211.31957101834922
2023-06-08,269.092069651738,136.40017507617006,137.0511711912146,144.7797721298448,144.7956279326964,212.10517811003768
2023-06-09,270.90884507899904,137.0417629504815,137.1521603721667,143.8242842508654,145.10833711719062,212.40182919203363
2023-06-12,275.88401881941644,139.16370342432168,138.7342867812909,147.48310434037165,147.37764563959627,217.29198160393094
2023-06-13,286.6448845018907,140.1869767382146,138.9474842440295,147.58797962306238,146.99273840893215,217.5084233667516
2023-06-14,300.44538039278,141.46598650194696,138.76793544707294,147.3083181292177,147.50596046778224,219.1358087533417
2023-06-15,298.04168167570657,145.97828526227823,140.36130686719522,148.11232936652823,149.15781053650636,225.93390641040898
2023-06-16,298.3141512517289,143.55856857283183,138.61084212522763,146.22465428805845,148.2837596803467,225.26856393790246
2023-06-20,306.11233093756226,141.76373651639034,138.12836896902076,146.5625719256238,148.35593289058738,227.93805347900826
2023-06-21,300.7808261754541,139.88081615050157,135.26705778346496,145.4556074049755,147.51397005494763,225.78165678271907
2023-06-22,300.64103929436203,142.45984901055894,138.18445583647164,151.6546193886012,149.95167859525998,228.3790319759387
2023-06-23,294.93915538304014,140.49307182302059,137.2755704813452,150.69914039961776,149.69507377481725,231.46546189801285
2023-06-26,283.9197614221993,137.8007975371955,132.7872478466063,148.36868129088788,148.5644305161794,223.24032939376005
2023-06-27,292.6122940478738,140.3043579477101,132.7760373824931,150.52434529846784,150.80168827195888,230.11863637000266
2023-06-28,287.308671881077,140.84118047243055,134.8518819588222,150.36121387205642,151.75590950756,228.70771742602375
2023-06-29,285.24736288803865,140.50566148176222,133.64002906083948,149.03286178127607,152.02855833826274,225.69345121141677
2023-06-30,295.58902817203744,142.80793145880608,134.3132787515585,151.89932541821432,155.54079335519683,230.06253920616095
2023-07-03,296.3646130071373,141.73857029948846,134.53769531513151,151.7361939918029,154.32996729915294,229.29289993893605
2023-07-05,295.6938282716563,141.80567147750585,136.61354852818178,151.92263498769935,153.42382842247332,235.98684888002802
2023-07-06,294.19853062194676,143.11405274477488,134.77333961626013,149.5688663094844,153.80871081720824,234.07885427527702
2023-07-07,296.9934670197839,141.41568026930602,134.06642398631666,151.2234901430836,152.902621612387,232.90846456966187
2023-07-10,294.7365525400971,139.1553452533777,130.66650959349718,148.1356300460173,151.2427122846391,235.77040711720736
2023-07-11,296.30874098664725,139.42369756312155,131.44074846516827,150.05826058871864,150.81774470018345,239.1294253255249
2023-07-12,306.7691209604539,141.4072958971992,133.4492784364909,152.41202926693362,152.1729171767087,247.98784125440463
2023-07-13,321.26839101200267,143.69697621550142,139.74415268064826,156.4903327072109,152.7903259585318,251.25060827971186
2023-07-14,317.7186748956823,144.77891393297926,140.73159765177914,156.93310784747504,152.91063119955243,247.61105489260498
2023-07-17,324.6504109444528,144.9843965525034,139.86758006326914,155.62805643618373,155.5568497834214,249.01397758445688
2023-07-18,331.86855786690137,150.75474414629994,138.86894190146745,154.77744383989508,155.34835215782934,250.16030449431943
2023-07-19,328.9547465344558,148.90534816825704,136.92774380859368,157.72547319003905,156.44691981391185,253.3349399876959
2023-07-20,318.0750326248399,145.46244986898765,133.7522287059048,151.43324070846512,154.86720570153457,242.5204285423505
2023-07-21,309.61309226728696,144.16245297382545,134.67233316186562,151.47984206744326,153.91299688389805,235.89866798851625
2023-07-24,311.73035340321564,144.72436311195926,136.36669376293997,150.0815701582037,154.5625185221703,233.77423162094456
2023-07-25,319.1861166575472,147.1860278631026,137.12971353377665,150.46609804474318,155.26012251936413,236.06703351941277
2023-07-26,317.5998800834742,141.64631600515062,145.05160786383829,149.3241602798713,155.96578577558168,239.35388802026313
2023-07-27,320.73039580131916,138.68984229389085,145.1974993582916,149.44069034730458,154.93937891177526,249.8877655676571
2023-07-28,326.66984262959045,141.89791267126225,148.76572617379088,154.05500720578624,157.0322902470734,260.9267397077407
2023-07-31,326.5230850996706,140.870512674223,148.92279358547262,155.7678782931101,157.52948071362815,255.41122608397185
2023-08-01,324.97183530707076,141.0465975890476,147.60996014325903,153.4490828591187,156.85590547793052,258.7060768369492
2023-08-02,309.3335986275033,137.33952606550633,144.05295242859418,149.39408898832647,154.42620652478357,251.97212195543162
2023-08-03,311.05254460397333,136.98725143120575,144.13149477115624,150.20974612038353,153.29557568411033,251.07424649668832
2023-08-04,312.2054525296478,137.45694657674602,143.7500021591803,162.63109743711195,145.9342559425704,249.10213379617812
2023-08-07,317.35537322516365,138.43401413998154,147.58748739470542,165.71894864418226,143.4163770228166,253.77586912504526
2023-08-08,312.09376190360143,136.73143637787788,147.44164772057925,163.06222668262956,144.17815706105026,250.63331735933892
2023-08-09,297.3498514564082,135.1295103828003,145.4892305268711,160.6269011812049,142.8871357896357,244.67692395780176
2023-08-10,296.18997288190593,135.42304201002744,145.52289646609552,161.4542042080085,142.71070134863442,245.1018112313161
2023-08-11,285.47795515616025,134.61788027614455,145.37702224508456,161.27942688685053,142.75889546923733,241.81498141025628
2023-08-14,305.72798378322614,135.88851876835147,147.3630881045748,163.79632699147692,144.0998369583338,245.46258040907122
2023-08-15,307.0346198876484,134.9742946941728,145.6238942837688,160.41715061582335,142.48586168163206,242.0635069007471
2023-08-16,303.86228027683626,134.6465312477033,144.4120327490649,157.38756444246968,141.7792670780697,235.92275546405938
2023-08-17,302.87007117873736,133.1672790970136,145.78096169545057,156.117450715418,139.71567455718625,228.54739750683524
2023-08-18,302.5556441724141,132.99921173801613,143.02063969084685,155.23188265489773,140.10911292952886,227.0723357873066
2023-08-21,328.18610564071713,135.26850755163363,144.04173332775977,156.93310784747504,141.19312673110306,232.40341733655333
2023-08-22,319.10922586070654,135.51225696947654,144.8384276745421,156.43206767349426,142.30922855319724,230.55959018714253
2023-08-23,329.2272962328784,137.42017324470876,148.53004732577745,157.9119141859355,145.43274402433573,235.88260144489067
2023-08-24,329.5556912443243,134.46582182763854,145.6238942837688,153.62386018027667,141.6267123829894,229.87815649121987
2023-08-25,321.55490871554775,135.73080086867336,145.7361025655553,155.27848401387584,143.41732078812598,228.87608295692024
2023-08-28,327.26376327569756,136.03334569591533,147.00400778410406,155.1386621569495,144.68602697715883,232.69204748663174
2023-08-29,340.8825949775941,138.01272564277676,150.99866407196532,157.20112344657323,147.84164288678187,238.8888714073706
2023-08-30,344.23659877739897,138.17242173024883,152.46856492586065,157.38756444246968,150.67611781394896,236.57208075252137
2023-08-31,344.8725035612738,137.73953921849005,152.79397930710695,160.81332439710937,150.8527509423838,237.20541353672937
2023-09-01,338.96099274324746,138.1177792051589,152.22172743406122,160.9415003592892,152.12946671858202,237.59819240278307
2023-09-05,339.2334890267365,140.1727888085401,152.34516345340333,159.95106590607418,152.32219352913526,240.62050422909803
2023-09-06,328.8700571573173,139.8912180121466,150.87522805262319,157.72547319003905,146.87007375463804,239.83484777782857
2023-09-07,323.13978320881535,138.6430601176511,151.77289430691522,160.6269011812049,142.57420308177868,239.43407265964788
2023-09-08,318.4646945650639,140.47533363578208,153.02962360823557,161.069676321469,143.07203928249248,238.80871144777637
2023-09-11,315.711341692993,142.0176650859942,153.6355241470633,166.74435634162086,144.01952998128178,246.56083108700963
2023-09-12,313.5589869457241,139.42473250905348,151.8626471135905,164.56536498456384,141.56248667009112,241.83102327409136
2023-09-13,317.8567257914341,141.22759522190353,153.3998971193771,168.78350806175953,139.8842856804911,244.55665933861988
2023-09-14,318.5275906493153,142.33701795919404,154.95958532683255,168.63202253009464,141.11281975405103,249.89581117936513
2023-09-15,306.7804449263659,138.7733585004236,154.174127354327,163.58657642609538,140.5266545711552,240.74876510040696
2023-09-18,307.2416828775426,138.28585966473779,155.08305589305942,163.10882804160767,142.90340332325843,242.54449133810306
2023-09-19,304.1249215050859,138.11357391852408,154.89228799526848,160.37054925684524,143.78668072711406,244.5647049503279
2023-09-20,295.1731127919752,134.80204824970338,150.06733187844884,157.64389858683734,140.91207093836783,240.2357462949619
2023-09-21,286.63358724344556,134.28092022152038,146.36444130605187,150.69914039961776,139.65945843145334,237.07710330583942
2023-09-22,290.7775444954742,133.22193472268492,146.1512352065921,150.45443437000466,140.34999660679117,239.76268407036133
2023-09-25,295.0542912723003,133.4446577073537,147.1162506127754,152.9596885798845,141.38582870572708,241.16563144200373
2023-09-26,292.88099787108104,131.17533569257338,144.26616716477517,146.7956231704944,138.07760842916534,239.66648224693205
2023-09-27,296.77339749357105,131.4484828151158,146.476632314396,146.7956231704944,136.84908677357,238.6884468285945
2023-09-28,301.113093769582,131.80570946919195,148.4627499942134,146.7956231704944,137.05784517641862,243.6748504235021
2023-09-29,303.9781906826328,132.69239612123224,146.8357299083091,148.12398415127075,137.47539923600957,240.6685804610222
2023-10-02,312.9440208157996,135.23487835913645,150.54983094481932,150.85062593128265,139.51491332353845,245.96760296238932
2023-10-03,304.10392943620207,131.7006428062284,148.59739647766872,145.32743144279567,138.43091193992885,241.25381233351555
2023-10-04,307.7658169129707,134.04136298973083,151.75047337868878,147.9841534043484,139.4426656055102,244.97350100042615
2023-10-05,312.28712396304087,134.2094958516354,151.55968820745542,146.77231360100933,140.44634759410317,244.34021757579922
2023-10-06,319.7924295682371,137.52943209372575,154.37612298967358,149.10277270973924,142.5179869560458,252.86994805459392
2023-10-09,316.3752091945796,138.6052649402633,155.31866564730325,149.45233624205113,143.72244259625117,255.21884711690376
2023-10-10,320.04393378284226,138.0043281700885,154.91474347037968,150.87391772077572,143.24066282376197,258.00867531656303
2023-10-11,327.0880548517952,139.69789273217734,157.70870550404425,153.61221428553014,144.37285832797446,262.80262590503105
2023-10-12,328.0594321258109,139.16840653305033,155.9358457440138,154.1948290627126,145.10354378285598,259.86856900959936
2023-10-13,317.68897619263026,137.726936459167,154.12925095098936,151.23513603783013,143.6100475986792,252.27674460976405
2023-10-16,322.11950456313764,139.79035663581786,156.08166814469755,154.45118098707226,143.50562493437883,257.4555024919493
2023-10-17,307.04597056102705,139.54660721797495,156.77739058397017,153.19273093475908,142.24500284029895,259.74025877870946
2023-10-18,294.87262708330763,138.72711344802192,154.8025006417084,149.30086849037824,141.19312673110306,254.10455457513032
2023-10-19,294.20875958172104,139.23563871688188,154.56687361402217,149.61546766846254,140.88798008704867,250.76959916256536
2023-10-20,289.2191905167127,137.281477389248,152.15439555561235,145.8517811862615,138.81631588917688,247.43466842979092
2023-10-23,300.31643674319804,138.39513161433618,153.16428736513328,147.4714495556291,138.91270413038265,251.73159271706785
2023-10-24,305.12423478934653,138.9036306820333,155.75628831033606,149.80190866435902,139.26599522318156,250.56112897208118
2023-10-25,291.95852196872755,143.1649223024167,140.94478647779653,141.44721489316137,137.38709508975674,240.12347792790698
2023-10-26,281.8047704209464,137.7942079447428,137.20825587633874,139.326497459817,134.00657742330836,231.1608392436804
2023-10-27,283.02068126073937,138.60103345246566,137.08482849371782,148.84642078537956,135.074534796658,237.87877694115343
2023-10-30,287.63987117653403,141.7528761343957,139.65439987397298,154.63762198296874,136.73667935803343,242.63269690940535
2023-10-31,284.9773771064263,142.08908945587916,139.2280049484958,155.08039712323284,137.12207088931686,241.51833032826033
2023-11-01,295.7741643317108,145.43423121661561,141.8873464088686,159.63644894799788,139.6915588699379,250.00000925492145
2023-11-02,304.0271187617617,146.3798049821249,143.05432290351365,160.88325310556453,142.58223750487326,249.214352803652
2023-11-03,314.50240150202796,148.2625026381296,144.8608658762109,161.5008233469786,141.84350520893256,252.20458090229684
2023-11-06,319.7155654788632,149.83000030524354,146.1512352065921,162.82918432775494,143.91515698883978,253.16659913658987
2023-11-07,321.14118334776094,151.5110014097536,146.95914865420883,166.2899175266182,145.994830773877,255.58761254678592
2023-11-08,325.4668314962491,152.63305310752997,147.93535725106292,165.55581721777085,146.85401732641344,256.35720245442985
2023-11-09,328.0943654923505,151.57824669416652,146.14004201592127,163.83128245570848,146.46857612327165,256.97449337480276
2023-11-10,337.77293779129917,155.3520394788641,148.7769193644617,167.28035197983323,149.8695834313059,263.56421956054794
2023-11-13,339.7645670035257,154.09548411168038,148.21587795552918,166.15007788969987,148.58316922475703,263.90090126276
2023-11-14,347.00432026659394,155.60417326881384,149.93265084810875,169.89047258240782,150.7057719134078,269.60876917380637
2023-11-15,341.63742811101093,155.66734427240615,151.05476821285856,166.86086862906217,151.16406931484315,266.7227885102988
2023-11-16,345.77441471421173,158.40448804958413,153.6467864315037,166.4297393835446,152.53090226012546,267.90924475953955
2023-11-17,344.5026051464621,155.74315733706578,151.82899844780846,169.168018168307,152.5148085780071,268.5906784554622
2023-11-20,352.26638561509134,158.93927998418496,152.88376666066702,170.27500046894727,153.92988531575065,272.54290010860956
2023-11-21,349.0169148402376,157.09908061429672,153.69164556139896,167.67652576111922,153.27863758039933,270.1459248143756
2023-11-22,340.4354318614069,159.11193254667836,155.39722526330772,170.95083574407798,153.81734130260352,273.7614154057299
2023-11-24,333.86657016368673,158.9350353958059,153.37749346459307,170.9857912083096,152.73995869412437,271.1479736688847
2023-11-27,337.12306500230187,159.4319666501119,153.06328954746,172.13935708793602,152.5952148987759,268.31806548942836
2023-11-28,334.18107729241035,161.154260787248,153.949710790754,171.32369995587894,153.0856748285188,271.75726833713065
2023-11-29,336.41029612905317,159.5330245351619,151.46991812733773,170.49639692907533,152.25752076951147,266.31394310061955
2023-11-30,326.8364972222565,159.55830865729652,148.70960475945523,170.22838132997717,152.7238774299706,262.2655196240429
2023-12-01,326.8015638557169,157.70545412575956,147.95781272617415,171.32369995587894,153.76107550501223,260.39760499908897
2023-12-04,318.03144603906566,155.44414966680634,145.05160786383829,168.771844387021,152.30576456197275,256.549630781079
2023-12-05,325.43956317267345,156.8674754354273,146.98162140276244,171.148922634721,155.51384637202023,255.1627252732716
2023-12-06,318.0104539701818,155.3009603119196,145.89315270379467,168.39898017522003,154.62942651542164,254.4893618688475
2023-12-07,325.64913666444437,156.20636769480467,153.6467864315037,171.148922634721,156.19725663567908,261.816569554776
2023-12-08,332.0089590197291,157.5875488930074,151.46991812733773,171.77813877088158,157.35502072899786,266.7548228783879
2023-12-11,325.8658410498438,156.353723034582,149.5623600635248,169.99533897510258,155.3208587842105,260.7664197885522
2023-12-12,333.0642511543468,157.6507067960183,148.69835974845722,171.84804969934478,156.5509947752035,267.9333075552921
2023-12-13,336.07645279438555,157.64650150938348,148.75449843623525,173.43276260448079,159.16406981156172,268.3501492170984
2023-12-14,337.90751671637037,154.09244477679164,148.0476000797342,171.77813877088158,159.28468550169725,267.09157861997153
2023-12-15,341.6814687237203,156.1137072824429,148.7881471020173,174.74947769051062,158.85051620547483,268.4944766320329
2023-12-18,349.97710168567517,156.92222276516853,152.37881211918537,179.52692597540369,157.49976452434632,276.27065906701876
2023-12-19,346.6714116932634,157.17908586500977,153.33259978781305,179.20064534258887,158.34398742954278,280.8722306884187
2023-12-20,336.23717832942793,156.06739672713414,155.22887829374318,177.25471412039846,156.64749477809065,280.0063895977645
2023-12-21,342.38032300678003,157.29699109776192,157.5628312830333,179.25891037630552,156.52689150591974,283.86240942748253
2023-12-22,341.26210808044425,157.73490423278474,158.7634909903452,178.7695160970713,155.65856533143952,283.3012897103228
2023-12-26,344.4000484740522,157.76861202877043,158.79713965612723,178.75787020232474,155.21632435822872,284.45563755210287
2023-12-27,345.3644818067067,157.5201726027803,157.50672714214005,178.67629559912305,155.29673067899753,286.86068313783545
2023-12-28,346.0984029936399,158.02970661640933,157.3496079101311,178.72291473809315,155.64247164932115,287.2534866836797
2023-12-29,346.0984029936399,158.3497538204243,156.74372464474575,177.0449813350089,154.7982611620893,283.7582113519262
2024-01-02,336.6355201963533,156.17265989881898,155.0381622162794,174.70285855154052,149.2585326473567,277.60943898332096
2024-01-03,332.44925831695554,156.05897305328307,155.87972432967817,173.0016333589632,148.14097792340465,276.1504191276274
2024-01-04,335.4474385369383,154.93883404039354,153.0408340723488,168.45724520893668,146.25953210723733,278.274756776037
2024-01-05,343.12810536896865,154.8588287896805,152.3002697766233,169.23794687676218,145.67259701053646,282.1468678291712
2024-01-08,365.184733878455,157.78124098925633,155.78995424956048,173.73573366781054,149.19420759074166,287.52605029013256
2024-01-09,371.383750576297,158.24445134699522,158.15752135774787,176.38079195462475,148.8565382974064,286.54001861966793
2024-01-10,379.84016248822786,161.1837239948546,159.6498776867544,179.1307344141257,149.70073636667368,296.9937362074677
2024-01-11,383.13885512434496,161.96695535544563,159.4255129435086,180.8203137119565,149.21833569595458,296.35240717113265
2024-01-12,382.35611268814995,163.58397322031547,160.06509669500318,180.16778800631084,149.48368276347398,300.2164232529778
2024-01-16,394.0413772105854,164.34195976051612,159.8855565347678,178.46656281373353,147.64243389870876,294.5807190493986
2024-01-17,391.742104688596,164.00509140996186,158.74101824179155,176.77698351590274,146.87861731428112,295.31022897724546
2024-01-18,399.10823768443595,165.857919740336,160.99641161507722,178.86273659501953,151.66256366768062,301.5311650533179
2024-01-19,415.76950387875877,167.87918224598727,164.2504517868858,181.00675470785293,154.01835089554325,307.39945160271486
2024-01-22,416.9086841665117,166.96962197879304,163.81286367073778,180.3542290022073,155.891700198793,306.06057296725055
2024-01-23,418.43926237982896,167.97603484440242,164.99099880916887,181.79912005041695,156.92891069179922,308.80232493498573
2024-01-24,428.8455063184859,169.5172658457755,166.85368046964416,182.78955450363196,156.38216012853587,313.21154226910807
2024-01-25,430.62764216134184,170.48999711656202,170.41066227414544,183.81496220107053,156.11683789694567,315.19959811429123
2024-01-26,426.5321856689736,170.09416304905028,170.76974259461616,185.4113210009531,154.7098080002613,315.96921270172567
2024-01-29,436.55413586822806,172.53231225655026,172.2508884595095,187.9049115360944,154.15502301390333,321.484701645704
2024-01-30,438.7136482165922,172.05647293832547,169.9506014094438,185.27149914402673,151.1881850020915,320.71511173806005
2024-01-31,429.99868131882806,167.4201771748832,157.20376823600498,180.84362328144155,148.26154394168177,312.76256752005065
2024-02-01,440.48184276179245,170.0310051460394,158.39320020576125,185.59776199684956,150.23944008887787,316.4823055465423
2024-02-02,462.3777190287696,173.16396989014768,159.7621032419833,200.198086890643,149.42739212995352,380.7840436269593
2024-02-05,484.54609157923585,170.8184417932652,161.22084545209262,198.45024255909559,150.89874708325294,368.29404588330914
2024-02-06,476.7955313066595,170.7510655030381,161.69208223402268,197.09857200883417,152.2012425539556,364.53420319722983
2024-02-07,489.906493820393,174.35569047989918,163.30789185581375,198.70659448345523,152.28970813374818,376.45503561201224
2024-02-08,486.7056039276001,174.38092219970815,163.7230763171777,197.9025832461447,151.41334753617338,376.78374574188774
2024-02-09,504.12170325533975,177.09280805591433,167.19032258844607,203.2742922029668,152.0332026570222,375.268554682981
2024-02-12,504.9253309305516,174.86523759410966,165.5408297539882,200.81565713205705,150.6646063607671,375.9019121469795
2024-02-13,504.0867164738666,171.10058901524107,162.8590760021101,196.50431133690515,148.96595298347498,368.8632605717579
2024-02-14,516.4709154017621,172.75431470924113,163.75672498295975,199.23094422692108,148.249473680093,379.413229342568
2024-02-15,507.79077504067044,171.5182486513934,160.1997604519009,197.85598188716656,148.01600352769537,388.031116033084
2024-02-16,507.47621449701325,170.46356014326273,157.6750395648198,197.51805535960523,146.76817193715095,379.4452883904476
2024-02-20,485.38470603592083,169.9277856650556,158.34830652898123,194.68655607689456,146.16439808045587,378.18661907415867
2024-02-21,471.54697993634943,169.6704116425391,159.9528711397743,196.44604630318852,146.77624361413933,375.6025216082363
2024-02-22,548.8848597707765,173.6656173537638,161.68087176990946,203.42577773463168,148.42655385525333,390.1281084736025
2024-02-23,550.8346650900359,173.11294312552886,161.5350320957833,203.90352611911936,146.93725494311053,388.4428242984631
2024-02-26,552.7565343990502,171.93168990032947,154.36491252556038,203.6005550557896,145.84238784047807,386.60499433814755
2024-02-27,550.0239332286623,171.9063664764506,155.83484792634053,202.21392904129664,147.02580744865529,390.8664044068728
2024-02-28,542.7695976887359,172.00762087022184,153.02962360823557,201.77115390103245,146.05169263376897,388.4347540069645
2024-02-29,552.8963746950758,174.50512881212182,155.3635420506409,205.9659696287511,145.51231834147652,393.3381841461591
2024-03-01,575.0298138790025,175.28982743783152,153.88243073263232,207.66721260132041,144.63479045522953,403.1048163660082
2024-03-04,595.7026217050915,175.045147878708,149.62972648885847,206.92146639772653,140.96381659684562,399.8064857625682
2024-03-05,600.8116532689772,169.86870204286538,148.86668944457938,202.88976431642732,136.95466430857797,393.41037253341693
2024-03-06,619.9338255742023,169.63248545933718,147.44164772057925,202.17897357706502,136.149607663722,398.1212015874288
2024-03-07,647.6735893533355,172.60668425725402,150.7854579725055,206.03589833720628,136.05299589915344,411.0416889170403
2024-03-08,611.7425920998645,171.3747972848783,151.94122400303735,204.32300946989042,137.44573271858613,406.03403602249887
2024-03-11,599.4837046060699,170.65763215637273,154.47708626046207,200.37288199179292,139.0719272724518,388.0896564961867
2024-03-12,642.389837541818,175.19700981849275,155.40843572742094,204.3696108288686,139.45832465886764,401.0583681364654
2024-03-13,635.2259868993199,175.12106574801896,156.85591565308985,205.7329272738765,137.76776779449312,397.7038910096027
2024-03-14,614.6500737626848,179.39047972888085,160.57001668960004,208.28478284273447,139.27318522468352,394.7024582860638
2024-03-15,613.9022646930295,175.67795836347014,158.41562113398768,203.2393367387352,138.96729350275328,388.4990201814668
2024-03-18,618.221503049492,176.05765251467625,165.7091421766679,203.30924766719835,139.85285581209484,398.83541004515604
2024-03-19,624.8122648699664,177.78310389193385,164.97980561849806,204.96387150079758,141.75274230568945,398.24154024598226
2024-03-20,631.6196242459731,179.39467191493426,166.8985568729818,207.5856379981187,143.83781790532655,405.6889138319305
2024-03-21,639.0490005231326,181.1412414294359,165.61938936999266,207.5856379981187,137.96095406973643,407.4865897730773
2024-03-22,658.9959528172539,180.87546993423115,169.1764057213787,208.42460469966082,138.69356430913058,408.9471397757829
2024-03-25,663.9791387977033,178.39483554119616,168.39093047543076,209.40341103812128,137.5423569011193,403.6826443013469
2024-03-26,646.918836342319,177.88435828570508,169.0641974395922,207.76043309926862,136.62461964550562,397.9606842299162
2024-03-27,630.7669616617653,177.79155376694774,169.288562182838,209.54323289504765,139.52276147716407,396.331521898409
2024-03-28,631.5078267900597,177.49200897285021,169.35592860817167,210.18411270594677,138.0495189932458,389.6867351000238
2024-04-01,631.556701454255,179.1162452580808,174.4726331670131,210.871593875824,136.88220548515156,394.31723143590784
2024-04-02,625.1896947904082,177.79577215416398,173.42909269171017,210.54533102300118,135.92420918831277,399.1483991484732
2024-04-03,621.7789910386433,177.37812561859306,173.83303214207612,212.54952727890824,136.57627650932753,406.6679364418887
2024-04-04,600.3992365670623,176.2939083999487,168.90707820758323,209.74131978569065,135.90810308822984,410.02251228791346
2024-04-05,615.0973704162058,179.51701824478673,171.11759517753126,215.64904216071707,136.51993620394867,423.19986687720996
2024-04-08,608.9818412594974,179.1246951330947,173.75448979951406,215.78886401764345,135.610220953465,416.7075024650483
2024-04-09,596.5481801031376,179.83765497496543,175.71815200422026,216.34816922534088,136.5923826094105,414.82167031218023
2024-04-10,608.3249444067387,178.5635972310087,175.20196972518298,216.67443207816368,135.07085907913714,417.1730620333322
2024-04-11,633.3248959994552,180.53375436855262,178.87117708491314,220.2866508086918,140.91548587863215,419.84534039076624
2024-04-12,616.3414042185112,177.98983106669257,176.9860917696538,216.88418264354522,142.13113010493987,410.8089831722699
2024-04-15,601.0701815473439,174.50512881212182,173.76571753706966,213.95944508289432,139.02360897220294,401.4436443462024
2024-04-16,610.9527988924414,174.90167031103007,173.2495352580324,213.6098904405784,136.3589248749775,401.0664631077545
2024-04-17,587.3296706268276,173.745753610291,174.4502122387867,211.2328121928784,135.2479765081913,396.5803188665954
2024-04-18,591.7746477368594,170.55214627480382,175.05609550417205,208.83244215568536,134.47509480960747,402.70354765201716
2024-04-19,532.5700161279715,168.3794803497174,172.9016999485597,203.48404276834833,132.832818991588,386.06739446134907
2024-04-22,555.7598424526535,169.1557291004132,175.35903713686474,206.513628941702,133.5090640896741,386.59704744560156
2024-04-23,576.0632325983328,171.94431886081537,177.58076457092596,209.20530636748632,134.36240178088514,398.1291978395558
2024-04-24,556.8711401450951,172.57291095836123,178.55699044122244,205.7678827381081,136.0691268351656,396.0426696302159
2024-04-25,577.5239707860375,168.34572015140603,175.04488504005883,202.36541457296147,136.76948762050006,354.2154347039687
2024-04-26,613.1894424048471,171.41699425762215,192.94212325844836,209.29852686543455,136.29452531057484,355.748222453513
2024-04-29,613.3431171686614,169.6999403530528,186.43399109450405,210.85994798107745,139.6757135471115,347.18537169584647
2024-04-30,603.8729165254788,164.24929934815438,182.65257545298738,203.91517201386588,137.12373489657296,345.2192068248506
2024-05-01,580.3824175398618,166.61605038693222,183.86446289785488,208.5760902313257,136.29452531057484,352.4579127819905
2024-05-02,599.7842170222042,167.83947438371263,186.9613665642121,215.24120470469254,139.29733816582566,354.4561860604471
2024-05-03,620.5558424753549,171.560406322393,187.65710627692712,216.97740314149345,147.62959372331497,362.7060723945869
2024-05-06,643.9763678980255,174.46293183937794,188.62206986278323,219.8788133526673,146.28515036820195,373.7165907362062
2024-05-07,632.8917008883905,172.6910651021603,192.15661346561566,219.94872428113047,146.84064317854194,375.771084577457
2024-05-08,631.8993048380241,173.1972977692723,190.05833932433893,219.06315622061024,147.11435995420007,379.2700125182067
2024-05-09,620.2623808304486,173.94826239783347,190.70915081338913,220.81100055215765,148.58761485608295,381.5330999488943
2024-05-10,628.1670431863076,174.96920380823423,189.23921541260898,218.4572318739427,147.5638033468774,382.15912751510973
2024-05-13,631.8083926211275,174.53888901043317,189.7890290839859,217.39688649226449,150.1676269996105,375.5864797444013
2024-05-14,638.4969571849263,175.73702888507893,191.13552846542393,217.97950126944698,151.0946653107077,378.66814646690597
2024-05-15,661.3792737371791,178.8095868482739,193.57046199894495,216.7210512171338,152.94075718166596,386.4445510200065
2024-05-16,659.4851801936092,177.92626704565774,195.44435412353346,213.97110875763286,153.03746828995128,379.77562738649715
2024-05-17,646.3456406904281,177.5966171154642,197.55385600236576,215.2178951352075,153.0616709029518,378.71632141799216
2024-05-20,662.4276486379025,179.76475023938036,198.51883686166425,213.86622458494608,154.00485256802577,376.25256261062333
2024-05-21,666.6630789636301,181.32852734137194,199.5623773369672,213.41178576994344,155.0608886953618,372.873973328427
2024-05-22,663.6157570047843,181.95401460112203,197.91290177595172,213.38849398045036,153.8919856877991,375.4018995911361
2024-05-23,725.4623980567648,180.4663125754184,194.73747304047478,210.96481437377227,150.65131913864775,373.7968494149625
2024-05-24,744.123332410813,181.8018644485461,196.35323084193868,210.61524195146438,153.15032275221336,383.7802195551184
2024-05-28,796.0662572189448,181.86950275040158,197.93535725106292,212.2465562155785,153.15841926513093,385.144444335442
2024-05-29,802.5242829295554,181.38347117983443,197.37429856868803,212.0950884639056,153.40024670770265,380.6824616091976
2024-05-30,772.2963447159443,175.2552288023095,193.1216634186837,208.94897222311863,154.2063837154786,374.81605072387987
2024-05-31,766.2367944095931,175.4496152293735,193.55925153483173,205.59310541695015,154.98027126919484,374.63949150253217
2024-06-03,803.7472712480433,174.7691448294167,194.3110435681128,207.8070344582468,156.4152167502944,383.19434600807165
2024-06-04,813.7907209580502,175.84690346142253,195.00674873394303,208.9722640126117,156.67318754684288,382.79310197387116
2024-06-05,855.7464419812,179.20264359252528,196.8245367176383,211.2328121928784,157.89851778553665,397.29460136369414
2024-06-06,845.6680589046533,179.41817435799618,198.30564803564684,215.56746755751539,156.777957914152,396.2513125792337
2024-06-07,844.899257766114,179.13501839125124,195.75854076722413,214.7518104254583,158.72077331136018,395.6092678289737
2024-06-10,851.2033950531762,180.83401969462807,196.60105291995453,217.96783759470847,155.68162549169705,403.34556772248663
2024-06-11,845.1224787734061,182.86690241599612,198.40966870573897,218.16592448535147,166.99174621356082,407.2538346687259
2024-06-12,875.1080734335153,186.40860530031182,199.72398766399837,217.76975070406544,171.76409418802623,408.35324529681856
2024-06-13,905.9326564548442,186.62840685532464,196.76958989738537,214.20415111250742,172.70727585310019,404.54937386445965
2024-06-14,921.7992419753242,187.04682632519913,198.60062661139625,214.00606422186442,171.29654540296576,404.9991877263946
2024-06-17,915.508565251516,189.49810231527886,199.10615117647689,214.47214893161362,174.6662097683559,406.9833935242574
2024-06-18,947.6611503506857,188.64014523828584,196.69092664072656,213.01561198865744,172.7475845661837,401.2477114893001
2024-06-20,914.1104827808615,188.36967063435242,198.0502083695356,216.8492271793136,169.0312975549835,403.02310157961153
2024-06-21,884.683982230187,190.094021562771,201.79103142142813,220.32160627292342,167.26583552815683,397.46415152453545
2024-06-24,825.5512471218532,189.2022518851409,201.3304350800123,216.23165693789957,167.78983638027756,400.7818064039491
2024-06-25,881.328936839178,190.58851610893345,206.73382696225443,217.12887089316632,168.53954615692246,410.172590094038
2024-06-26,883.4958204483715,191.09989730454225,206.5653245317083,225.60009473179727,171.90921052231263,412.19692523127895
2024-06-27,866.6506199303803,191.39151624688256,208.2841184170479,230.54067444310178,172.5944338088027,417.3702535595508
2024-06-28,863.5052815684761,188.8979646805705,204.62192407492944,225.18061138102618,169.78906659065217,405.04741203706186
2024-07-01,868.8174501246405,193.03134222399925,205.56555495942987,229.78326456476935,174.73070867647533,405.41694254045
2024-07-02,857.424258458839,194.10908775542367,208.09312596450584,233.0459108729896,177.56831293072096,409.28893019463163
2024-07-03,896.6363214203565,194.73879340239,208.74469748502133,230.237703379772,178.60017128098568,409.6584606980198
2024-07-05,879.5117607999152,197.60851506350704,214.1143888811542,233.0459108729896,182.4615622085077,433.71765320118783
2024-07-08,896.0771204810549,197.05062680386817,212.3506840455922,232.21859006619403,183.65464299314175,425.2105787700863
2024-07-09,918.3044097032233,194.21897543234869,212.29454535781417,232.27685509991068,184.3479379566202,425.75684125335573
2024-07-10,942.9780494669023,197.05484519108444,214.76594312822735,232.80120484337647,187.8143134302957,429.52440871386636
2024-07-11,890.48543157764,192.17341134816903,208.4638485851496,227.27802813488148,183.4531242636535,411.8595031353515
2024-07-12,903.3465190322415,191.68735357643908,207.90216805884856,226.62550242923584,185.84735750990998,400.74964863690735
2024-07-15,897.7547232989597,191.8606480674219,209.5422641406445,224.56304113961215,188.95905107875168,398.57271835490934
2024-07-16,883.2161932712542,189.98412078526457,206.61027002881553,224.91261356192004,189.29763930146714,393.45558590964123
2024-07-17,824.712419005434,187.44829364272016,203.35249879345002,218.98158161740855,184.50916039098954,371.12343578716474
2024-07-18,846.3805072883007,186.11699945855298,199.6116930149999,214.1109306145592,180.72030279468157,382.2573777611518
2024-07-19,824.2932186069586,184.7391982103558,199.5779579820059,213.38849398045036,180.82511041588447,383.0125299913442
2024-07-22,863.5052815684761,187.2031817644099,204.0826817502972,212.71265870531968,180.54296184226467,391.5356462862808
2024-07-23,856.8650575195373,188.01041339015669,204.21750096817647,217.21044549636807,181.38939514515948,392.57192601023485
2024-07-24,798.5710971126891,181.2693651156932,193.9274176860013,210.70846244941256,176.17368858066948,370.5450402166441
2024-07-25,784.8014216384564,176.83166106594976,187.9173997803509,209.5665424645327,175.32724285981004,364.23098729095676
2024-07-26,790.2533770757127,179.735169126541,187.60285039436997,212.654393671603,175.7061149596798,374.1037426100223
2024-07-29,779.9785338735809,180.35223271244,190.44497078542688,213.4700508036601,175.93182388420396,374.11173886214937
2024-07-30,725.0396722726753,178.74197474758125,191.29872794915528,211.7338701468512,176.3832914051107,372.0874037249084
2024-07-31,817.9325149052703,176.81052982812432,192.7029551750715,217.8746170967602,179.0274113529627,381.4380087160382
2024-08-01,763.3430937996278,176.28644106854105,191.82672526278952,214.48381260635213,176.02859708231227,399.8419012619579
2024-08-02,749.7831253544999,172.64330038231427,187.22090003617058,195.642035065878,177.2377963849939,392.1301330802174
2024-08-05,702.1135020599803,167.0053210631541,178.89675905309753,187.62526782224168,168.70078100925642,382.1609784993984
2024-08-06,728.6743982557354,168.8902720191625,177.81829167727543,188.68561320391987,167.0562575396448,396.90984342955795
2024-08-07,691.3494848964268,168.39155908578377,178.54850918100738,189.66441954238033,169.14417685317477,392.75667892203364
2024-08-08,733.7068862198486,170.19199819107172,182.01969379714137,193.19506366970677,171.9575660764553,409.39335038830257
2024-08-09,732.1691771129027,171.59938055210827,183.8620446159198,194.52342465048312,174.31957470458127,415.9322608853763
2024-08-12,762.0150917217869,171.9332750706809,182.31175316112632,194.36029322407174,175.5624639452159,414.47023009523997
2024-08-13,811.7815716476204,174.97627812219935,184.41248013122288,198.35702206114735,178.58091101789498,424.5840082484796
2024-08-14,825.3416469226155,176.18079797999516,180.1549047766941,198.20555430947445,178.94409922847808,423.15420926475633
2024-08-15,858.7522605366798,178.26392143109703,181.1996371195222,206.93311229247306,181.36530429384035,431.64519247244175
2024-08-16,870.7745732897956,177.18001862640668,183.06442613996947,206.315542051059,182.43871315364828,423.68423244586654
2024-08-19,908.6585273436052,178.4756137262128,187.2321277737262,207.66721260132041,182.30957873979887,425.1784950424162
2024-08-20,889.4370566769167,179.86012247209544,187.80505331102526,208.43626837439933,182.80994820529054,423.1300230700512
2024-08-21,898.1741373571692,179.58067396989145,186.31098691122176,209.86949574787047,182.72119701231222,429.90191078959106
2024-08-22,864.9032037943298,175.9436774563492,184.0080570244699,205.23188709989574,181.2119672669904,427.3072256935376
2024-08-23,904.2550002220057,176.46869635721302,186.05261075990364,206.2922324815739,183.07630112794234,424.15023625037963
2024-08-26,883.9151276767142,175.07148004735598,186.65921950986953,204.49778679104838,183.35071330961793,418.6233946027643
2024-08-27,896.7762685462491,175.2196607237626,184.99663340607754,201.72453476206238,184.03673134584224,417.0007970955342
2024-08-28,877.9739448631025,173.84787264243576,182.9409037534154,199.0212114415315,182.7938421052076,415.1370780349679
2024-08-29,821.91662796866,174.91483639535406,181.73886217071205,200.5593052076974,185.45714780836272,416.29377045684697
2024-08-30,834.358301365052,176.61689013420104,183.53626749238327,207.9934754541432,184.81958466999785,418.776063786893
2024-09-03,754.8855868815594,173.3567187445346,176.77355933444736,205.37170895682212,179.7915383865053,411.1044249445306
2024-09-04,742.3740467520882,173.12807429706538,175.75129974017287,201.96924079167547,178.2419626742062,411.8916362226026
2024-09-05,749.3637647112238,172.91213741357055,176.6387746634529,207.28268471478094,179.47676781988787,415.20124549030817
2024-09-06,718.7489421339333,170.0796083030961,169.5390616444248,199.70869261140876,178.21776006120567,401.87435605027844
2024-09-09,744.1914364510851,171.7816751425245,167.27808894924613,204.38125672361508,178.29035548224266,405.50529619049536
2024-09-10,755.584467872086,175.37209908912968,167.22186389425613,209.2169700422248,177.64469583096022,405.50529619049536
2024-09-11,817.1637137667309,179.1149220993577,170.03398031587597,215.00816234981795,179.70274993963318,411.16064550732483
2024-09-12,832.821927631445,180.79158691141873,174.00476470634976,217.8979266662453,179.7915383865053,422.22225101531114
2024-09-13,832.5422470393938,182.31160807147782,177.12063461245478,217.30366599431625,179.57360310781917,421.4350644170297
2024-09-16,816.3248322353783,182.62915306444216,177.79552528020116,215.43929159533553,174.58590279130388,428.80040237930456
2024-09-17,808.0064178042657,184.24230625779404,179.21289759577866,217.75810480931895,174.96520951993452,431.2448369106998
2024-09-18,792.4879908206437,182.40475320535202,179.76405859566222,217.23373728586114,178.1128158423922,432.5555312253954
2024-09-19,823.9442588460972,185.74115687828342,182.38497528343126,221.24212979767526,184.71465286914898,449.5618319142145
2024-09-20,810.87239606372,184.29312341311018,184.0160200814132,223.25798972832084,184.17392501871544,451.3710086377416
2024-09-23,812.689892592584,183.5479623421167,182.05878359727728,225.91471168987357,182.77768633326625,453.8314356733909
2024-09-24,844.9150685864438,181.71039618909327,182.5536849952861,226.0079321878218,183.50406275443245,452.96305256431356
2024-09-25,863.3695008074002,182.95518723416464,181.6538077403677,224.3416446794841,182.6969571454179,456.96734857544857
2024-09-26,867.0743071832737,182.61645860104917,183.04860366673725,222.7452858796015,183.6251130733289,456.5895009826567
2024-09-27,848.6199283772511,181.22346067840837,184.42096139143797,219.02820075637862,183.84299868015663,456.20350905899477
2024-09-30,848.8995555543685,182.18881632185716,186.55818714531145,217.1172249984198,188.0478705084455,460.28826118721025
2024-10-01,817.8627550020581,178.1199591419067,187.84055023514335,215.71895308918027,182.5678599854623,463.52866832231047
2024-10-02,830.7947240734762,176.61264554582198,186.56946670319422,215.2878060636707,183.0278710660121,460.5857513820837
2024-10-03,858.7558393372275,176.36284365936444,186.56946670319422,212.02517753544242,182.1320266819838,468.59439276393476
2024-10-04,873.225677760392,176.1596012392626,187.91929985901416,217.32695778380932,183.04402683795345,479.18409599747474
2024-10-07,892.7985118599514,173.39905982367404,183.32984985578403,210.673506985181,178.91988419751294,470.21067224479293
2024-10-08,928.9382546737233,175.5880228720431,184.90468687221832,212.91074559596268,182.21274345186757,476.73166521395245
2024-10-09,927.2605984408848,176.75236324663325,182.07001133483288,215.76555444815838,185.25536830161795,474.8179942573829
2024-10-10,942.3596113662973,176.06648230655125,182.3174706705585,217.49008921022076,184.85187137795137,469.4466846495961
2024-10-11,942.2897446332181,176.26971162607168,183.62232378238642,220.01865298958566,183.6493405222586,474.36773615921874
2024-10-14,965.1480244653749,177.4637117169897,185.55708751796868,218.52714280240585,186.67584685396145,474.7456331115916
2024-10-15,919.9207455923499,177.29433429985056,186.11949352885026,218.70193790355583,188.7339009626344,471.4086786359949
2024-10-16,948.7206889725204,176.18502946779282,185.78205683169827,217.76975070406544,187.0632500955097,463.78602917780574
2024-10-17,957.1790505295256,176.439062842048,183.27357298046684,218.51549690765935,187.36185247222116,463.8985690225563
2024-10-18,964.658636844219,177.0487639011907,183.82482034756237,220.21673988022866,189.6620196366516,463.52866832231047
2024-10-21,1004.5731595968107,177.3112471504598,184.55597061718356,220.3099603781769,190.8564663973914,462.47533486311016
2024-10-22,1003.7343314803916,181.00753689549495,185.75956680970228,221.04404290703226,190.3560720959705,467.98332115077176
2024-10-23,975.5634023576685,179.775453414398,183.10488054205445,215.22955880994604,186.24001355048296,453.25254650705995
2024-10-24,981.505172735549,179.8305020575118,183.03739320262403,217.17549003213645,186.08667652363303,456.54122731240847
2024-10-25,989.404173108452,181.2785224221036,185.9057864995611,218.86506932996724,186.7646353008336,460.9394621397514
2024-10-28,982.274240948756,180.61800420764473,187.536831297543,219.51759503561289,188.3707003340867,464.88763630725424
2024-10-29,987.3769695504834,182.88743102707642,190.86639095949482,222.36075799306207,188.58861077684367,477.0453947109852
2024-10-30,974.0255864208557,183.13300142573627,196.2432681076633,224.5746870343587,185.70738221296696,475.8552364931671
2024-10-31,928.0295598242247,172.04840298017265,192.4749630089231,217.19878182162952,182.32572209377562,456.38051251657174
2024-11-01,946.4837783854468,173.75046981960108,192.6774250272143,230.63387716105802,179.90451702841338,456.04264618441493
2024-11-04,951.0276799524073,172.9417709287356,190.37147228804363,228.12864073117018,179.17812818928255,450.83229817036994
2024-11-05,978.0100199738466,174.21196400117432,190.9339473926948,232.46329609580712,180.34032549596265,460.28016621592116
2024-11-06,1017.8547828232263,177.90400915783042,198.54920357339157,241.30738414623903,179.75116758359883,459.97458104975857
2024-11-07,1040.712848995649,180.12686341032503,203.31864284635927,244.75647145035575,183.59283878333997,475.77487909524876
2024-11-08,1031.9749136764597,178.9032691059862,200.61897653471945,242.5774800932987,183.3746923992557,473.87720064293325
2024-11-11,1015.4079515473137,176.9852391819001,202.8686869454577,241.01607675764777,181.16895143762466,468.9160197939324
2024-11-12,1036.588361486898,179.11070371214143,204.29725245170602,243.42811046957937,181.16895143762466,470.24275597246304
2024-11-13,1022.4681238037975,180.02948678865317,201.2151348520374,249.47565470153216,181.88803851357213,466.36714038907564
2024-11-14,1025.8934098324207,180.74504054564446,197.50308935517202,246.42274117870144,184.3927047189942,464.0835193726792
2024-11-15,992.4798049820776,175.7108146216637,194.027292729919,236.0871607210818,181.79107904599482,445.5253040966663
2024-11-18,979.687569376818,176.03260420300714,197.18814268001606,235.02679755941162,184.23112216365152,445.78261559258056
2024-11-19,1027.6410396282054,176.89208094744453,200.36023764111107,238.4176198298117,184.44119687074743,451.1619214524945
2024-11-20,1019.8119059883816,175.91827542898181,197.95302798263123,236.4017776791581,185.02291642231734,454.72400497717337
2024-11-21,1025.2643955749734,175.15887402598815,188.56047276720892,231.15824468451584,184.6351033879374,452.77005660248255
2024-11-22,992.27020478284,176.91101128759195,185.3321009307967,229.69004406682112,185.72586014428805,449.5940143610467
2024-11-25,950.8178660934353,177.6704126905856,188.58294551576253,234.73549017082038,188.14971023610957,454.3943323354677
2024-11-26,957.1091837964464,181.5734689121238,190.23648033574045,242.2046158814978,189.91917084753663,461.1727355197036
2024-11-27,946.0643643272373,179.45224897026156,190.36022727704562,239.73433491584154,189.81411486704178,457.6830131408162
2024-11-29,966.4062666400037,179.6516267188454,190.04526332844725,242.23957134572936,191.7532297107999,461.79989835628277
2024-12-02,969.0623776255526,182.8419982107226,192.9024116143863,245.5255272234347,193.57921689707476,476.6834409032852
2024-12-03,980.4566375900251,182.9353136521552,192.73365008220432,248.70659892845325,196.05155914064954,493.42443384406306
2024-12-04,1014.5691234308947,185.5741375657993,196.14199391491172,254.20648384745513,196.34244996134598,493.5289280771056
2024-12-05,1014.0799494694729,187.7802099734988,194.1960197152162,256.9913817711877,196.3666774102757,489.6291262990131
2024-12-06,995.7640755861371,188.18323626020847,196.52447974982528,264.5420643050748,196.20508243696844,501.56175565366186
2024-12-09,970.3876021268492,189.22266259098845,197.4929671179296,263.44674567917303,199.36420021260795,493.3600689503987
2024-12-10,944.2421672842212,188.0814316420177,208.52921129116564,262.2232510910914,200.18834326905028,497.98363026514795
2024-12-11,973.8829685482856,190.48268961224767,220.049750968781,268.3057507872758,199.15415034144127,508.7261507615597
2024-12-12,960.1111030617775,190.7245001440409,216.17578422292135,266.8026124853415,200.3418541474046,507.206319902036
2024-12-13,938.5096766159769,189.7529610261633,213.76584536054338,265.04312225904755,200.47919683585295,498.8117853156851
2024-12-16,922.7804743045792,191.58573236638816,221.46869516761632,271.4169115638312,202.83035216292072,502.34459860881253
2024-12-17,911.5254136569298,192.80331350385663,220.07225826421944,269.342804379461,204.8017785505615,498.4818165164932
2024-12-18,901.179047858779,185.5614169012435,212.1667046106618,256.9564263069561,200.41457374808758,480.57662849751966
2024-12-19,913.5526172148988,185.40866412192238,212.29055519262135,260.18409937095277,201.82041152017058,479.2728938837494
2024-12-20,941.6554957122833,185.226238525692,215.55642767246928,262.08342923416507,205.61782509408627,470.9681443752937
2024-12-23,976.3996665572772,184.65352040788923,219.18264143408263,262.2465606605765,206.24802437944481,482.7171067289264
2024-12-24,980.2446871337113,186.3844609287605,220.84932134372178,266.8958329832897,208.6153478964185,489.0745714061304
2024-12-26,978.2172699160084,185.86687005756002,220.2749966575889,264.56537387455984,209.27787114362437,485.5336631417139
2024-12-27,957.8040052520233,182.65107033715265,217.07671515782573,260.7201127891571,206.5065788203294,482.68507236083724
2024-12-30,961.1596382073013,180.2328602145692,215.36498611042498,257.86530393696137,203.76759804091708,475.7884036204512
2024-12-31,938.7892503781611,178.8201197157331,213.1802411165277,255.63971122092627,202.32942388902214,471.17733027970286
2025-01-02,966.8921288755456,177.58131563636925,213.3266508142528,256.6068538846482,197.0211289804932,482.22627505515476
2025-01-03,1009.955355130855,179.60497554841982,215.9843253874347,261.23281663787645,196.62524426912486,486.56374823824854
2025-01-06,1044.6294455830357,181.5140970771424,221.70518586742222,265.21789958020554,197.95027834557197,507.1407210188459
2025-01-07,979.685219119742,179.18921549657296,220.1511115287446,258.8091370311983,195.69608248608148,497.2345986230034
2025-01-08,979.4755120906372,180.1183218312412,218.41684063902065,258.83244660068334,196.09196719744978,491.46456231964856
2025-01-10,950.1143914186239,177.7382868029066,216.2658824984445,255.11536147746043,191.36539184049076,495.60089521004136
2025-01-13,931.3789966472115,176.99161916505017,215.10593629485354,254.55605626976302,189.38589377586158,489.541315604359
2025-01-14,921.1026044120068,176.3467692459659,213.5856315360547,253.74038135771397,188.48099669564172,478.21072505954464
2025-01-15,952.4213823985108,180.86075798129997,220.21866796194453,260.25402807940793,192.18952247896848,496.61483972357894
2025-01-16,933.7559611900448,180.12679790741794,217.2456494244316,257.1195577333675,184.42501626287688,491.9312571582961
2025-01-17,962.6978814635825,182.01470959482654,220.72543621487748,263.27196835801504,185.81472309894778,493.11430759644566
2025-01-21,984.5089081086206,181.7898643159682,223.0340490641767,268.83011831073367,179.88430058204864,496.0837799912671
2025-01-22,1028.1313887181652,189.29902588006757,223.3944076193845,273.84059117050936,180.8457614910101,501.7490752636743
2025-01-23,1029.179923863689,189.51538198216775,222.95523034653635,274.318339554997,180.70841880256174,512.1702648875746
2025-01-24,997.0223177607659,188.39114248729473,225.46652976887788,273.6541679546048,179.99740340360268,521.0544958773335
2025-01-27,827.8459526670243,184.36080101670993,216.00686722975783,274.318339554997,185.7177636313705,531.0250818860025
2025-01-28,901.7384090428811,189.723288209254,219.93712812437707,277.49941126001556,192.50462833063006,542.6534587831765
2025-01-29,864.7571673660128,187.6571824134127,220.06101325322143,276.24097898769435,193.39340689280235,544.391656429181
2025-01-30,871.398406298689,176.05828134258425,226.2097887216167,273.4094619249917,191.96330441789578,552.8493712792516
2025-01-31,839.3806939067249,176.0879934612378,229.7571664921473,276.9517519470647,190.6786287263906,554.6036601486722
2025-02-03,815.5422500439838,174.3315985106735,226.6151964145861,276.64879866372695,184.22303806869854,561.266858070782
2025-02-04,829.4537955817169,174.94673631110422,232.41489288565637,282.0554630847806,188.09317124329715,566.6826406610778
2025-02-05,872.6567553031849,175.33705503383945,215.46631212350374,275.1922617207708,187.82654512542422,567.2299396955489
2025-02-06,899.5710446992856,176.4103856693264,215.77039380339437,278.29177660257955,188.4324921259239,572.9595505020394
2025-02-07,907.6804999103631,173.83523058136842,208.72065285320994,267.01234527073103,183.91601631198992,574.9955345004036
2025-02-10,933.7559611900448,174.88311988774373,209.9932219012049,271.6616175934443,184.13439863740157,577.3131642681304
2025-02-11,928.3732315066651,174.55219920115275,208.69816283121395,271.2188246731882,188.15436697283366,579.244505954709
2025-02-12,916.7685167040181,173.53402201343098,206.77243310600332,266.7559933463714,191.59197002253674,583.7349444794178
2025-02-13,945.780090050901,174.1703827557571,209.62160106155667,268.4339267494556,195.36120723478066,586.2939425983858
2025-02-14,970.6673895487673,173.27522002754003,208.59678499780802,266.46468595778015,197.8443903614491,592.8203157618777
2025-02-18,974.512303295334,173.7885663103614,206.95262965704964,264.0992713848187,197.73923503723745,576.4842688238778
2025-02-19,973.3236073641833,175.96493969998883,208.64186868245434,264.0759795953256,198.0627726868607,566.3447743289211
2025-02-20,979.4755120906372,176.8959325183811,207.8422637606288,259.70636876645705,198.83926801314243,559.1585129266265
2025-02-21,939.7680256204728,173.52913549656247,202.32414167401075,252.36541901795948,198.6128015927778,550.0730429250043
2025-02-24,910.7563454437228,171.73947816978065,201.86243983228178,247.85598633216455,199.86651929854148,537.664093613407
2025-02-25,885.2400316884093,169.14637528528152,197.54927854013155,247.96085272485934,199.81796505696522,529.1098314228399
2025-02-26,917.7471851164629,169.9243140109801,194.5199140335319,249.7669620901234,194.41485898873435,542.1464865264078
2025-02-27,839.9399482609599,166.86359897338602,189.7563131840931,243.23002357893637,191.93979721091273,529.7053547679782
2025-02-28,873.2858763904993,168.7595282166218,191.76084435350168,247.35492837819183,195.61196319389802,537.7204128953633
2025-03-03,797.3662164566737,165.14620445369985,188.07833644312873,238.8953682142994,192.5302465915947,527.1382616777211
2025-03-04,810.8583479361972,165.19720501715588,192.48157873735974,237.47378673557483,190.83165530412558,515.0270493589023
2025-03-05,820.0162848778651,170.47266504734745,194.84652028230332,242.78723065868024,190.6779829922315,528.2810346977493
2025-03-06,772.9684648247639,168.71702993050533,194.0919990451241,233.8615680050467,190.34636124765524,505.3139722844718
2025-03-07,787.7889188717297,167.1951746890479,195.79248308152685,232.17198870721592,193.37146434935858,503.4872235500978
2025-03-10,747.871671957527,161.60514349787357,187.00966310914362,226.68374968296052,183.99689451541346,481.22037615332516
2025-03-11,760.3152148765931,161.72843306958805,184.9464195090404,229.0724738254071,178.62614966292367,487.4329704602034
2025-03-12,809.1851785577768,162.92718867156043,188.4077064426831,231.75250535644483,175.5039753319617,498.5783638569897
2025-03-13,808.0665096045058,161.01425487364557,183.50329249085456,225.92635758462006,169.59938218142534,475.3056175583876
2025-03-14,850.6441406989412,165.17596897467905,186.58122991746404,230.65718673054306,172.68112361965785,489.3888438585544
2025-03-17,835.6825643975446,165.23548491605607,185.22828754201333,228.082039372192,173.09361114969303,487.21420879707426
2025-03-18,807.0177607992478,163.03347368859576,181.14695312022283,224.67957120704543,172.0340234844821,469.0594093768273
2025-03-19,821.6297897755137,164.86139781369639,184.77732978145295,227.84897923732547,174.09659773226855,470.42864415462554
2025-03-20,828.691083745602,164.4447862240574,183.54839344894333,227.1614980674482,173.17450177108117,471.9912697709031
2025-03-21,822.8882456098767,166.32373711377684,184.89007353995365,228.6296986851429,176.54741964319587,480.247005215395
2025-03-24,848.826430510343,167.0974050499335,189.05034759348126,236.8445528194222,178.53716252861798,498.4500783058904
2025-03-25,843.7926071728912,167.98161569208602,192.29740929456298,239.69937945160993,180.97988792662773,504.45876818352974
2025-03-26,795.3421643797842,165.77533367508383,186.0964334832553,234.36262595901943,179.18425024582913,492.11127155031596
2025-03-27,779.052212096012,166.03465968423146,182.91703185602793,234.63062377812562,181.06080338394503,485.3455044188239
2025-03-28,766.7473343444335,161.02701483994562,173.99890900937845,224.56304113961215,176.2481218604669,464.53279027922287
2025-03-31,757.7283830598544,159.5774355061652,174.3484371162057,221.6965686126779,179.66956913822864,464.22671151724995
2025-04-01,770.1031809594457,162.46810499696787,177.0881432673131,223.922161328713,180.5269302499693,471.9912697709031
2025-04-02,771.9908112960567,162.44685585390965,177.05428732022233,228.39663855027635,181.09312734579234,470.32400184283995
2025-04-03,711.7249852023942,158.608202090617,169.92881959858593,207.88860906144845,164.34996084305314,428.19110771105863
2025-04-04,659.3593346101728,152.96714413482385,164.156328799285,199.25425379640612,152.37092162221583,406.5326171504924
2025-04-07,682.6406607160205,152.12544487936918,165.45289065876418,204.2181252972037,146.77367309546761,415.81132991185063
2025-04-08,673.2722689361782,150.72263462124712,163.141600425894,198.8580800151201,139.46167750930897,411.13979108433927
2025-04-09,799.3272389119778,165.99640598649407,178.9371616348553,222.67537495113837,160.8395636848795,471.8060232632939
2025-04-10,752.0653318052211,162.1110093487059,172.29647307398525,211.16290126441527,154.02095866810873,440.0069522969882
2025-04-11,775.5564717700407,165.12921299960212,177.16703107872303,215.4159820258505,160.27335417109185,437.81612729292993
2025-04-14,774.0183353436266,164.85714012473588,179.34301843732695,212.2116007513469,163.80804086801822,428.07827170882194
2025-04-15,784.4355293436606,163.97294258316478,176.23125961051153,209.26357140120297,163.50067140830086,420.0561551613494
2025-04-16,730.5318491548923,157.9705443907306,172.8714886978139,203.13447034604044,157.13502406818853,404.58343197537107
2025-04-17,709.5576208587986,156.3424303334006,170.42491286411985,201.13027409013338,159.32700592504554,403.914955169469
2025-04-21,677.5370774753565,152.66108835176212,166.4901263275936,194.96621757073927,156.23723006371844,390.36730500327843
2025-04-22,691.379984823482,155.93434722226408,170.77444097094713,201.79444569052555,161.5594455105612,402.94839585372114
2025-04-23,718.0871311072882,159.1523478403495,175.14890571015093,210.44046463030642,165.49045154761677,419.0493184274803
2025-04-24,744.0950759109667,164.64033860286753,179.5798027856535,217.36191324804093,168.5397945162144,429.42346837065816
2025-04-25,776.115832954143,166.57454774500346,182.60134242284903,220.21673988022866,169.27585694976665,440.796310716835
2025-04-28,760.1753745805676,166.281225727079,181.07929304636846,218.71358379830235,169.97146165466026,442.78574863028706
2025-04-29,762.2028986281376,167.5055012616515,180.57195476983657,218.35236548124794,170.83693169728303,446.571381697455
2025-04-30,761.5036971480098,168.0241270787839,179.03862583547323,214.89163228238465,171.88033875462344,442.1897316893385
2025-05-01,780.3106145154414,180.83656120742296,181.85723707143293,221.6266576842147,172.54360707970514,460.8841300494158
2025-05-02,800.5158280132615,185.03652900619383,184.9351572246,221.37030575985506,166.0970815361693,480.8672577106298
2025-05-05,795.7616852678608,185.414873797514,185.13808562583583,217.14053456790487,160.8719249006206,482.6795440877619
2025-05-06,793.8040813683036,184.19908743969967,184.03320715659447,215.5791134522619,160.56455544090323,473.0463308154394
2025-05-07,818.413783456527,184.21610509496023,170.67295949688682,219.8904770274058,158.736544126399,480.6981024264368
2025-05-08,820.5811478001227,186.2650622297268,173.9425457668493,223.81729493601824,159.7395431269391,481.66466174218465
2025-05-09,815.5473244626709,186.50311289465338,172.21756798913293,224.95921492089815,160.5807236308092,477.21849876166067
2025-05-12,859.9427725755713,190.979411257251,178.6552936018824,243.1134935115031,170.72078647440264,515.0261608864438
2025-05-13,908.3931619537447,190.9283975932136,179.86165354518405,246.29456521652165,172.4539990471696,528.3965854769428
2025-05-14,946.2165968878458,192.5437647848249,186.44594431664018,244.9895138052303,171.9680468385756,531.0786863910021
2025-05-15,942.6509364138616,192.9781538634466,184.85625213974768,239.07014553545736,171.25533017846664,518.6104068630054
2025-05-16,946.6361177759223,193.46364831017567,187.3704535004113,239.5595398146916,171.10144676117443,515.7591506647533
2025-05-19,947.8247068772062,195.42269615467805,187.7650480184425,240.22372919507578,169.0928658234579,515.8315611701257
2025-05-20,939.5049036578213,195.12457932395498,184.87877670862846,237.7884036936511,167.53785104266507,513.1495096156474
2025-05-21,921.4671079185302,192.7396708793333,190.04249957766433,234.35096228428088,163.67458500248887,511.8607309549295
2025-05-22,928.6682955995776,193.71493056233328,192.64688558106306,236.65812960351772,163.08335329003728,512.7226479588918
2025-05-23,917.901340614679,191.72182120614696,189.94101810360405,234.199494532608,158.15101225969764,505.06283073618647
2025-05-27,947.3352124261831,196.19779205420915,194.93561669816765,240.06059776866434,162.15196869133092,517.3539093682818
2025-05-28,942.5113097775702,194.77961481408505,194.32677967413306,238.5457957919915,162.3220451344583,518.3687917138591
2025-05-29,973.1335570306237,195.34177386326584,193.76307815507198,239.6877157768714,161.94136001175733,519.5527799840482
2025-05-30,944.748434024378,196.05724901676862,193.62777528080574,238.88370453956088,162.670282115666,521.518031702795
2025-06-02,960.4792387837821,196.74290724696652,190.57237969651942,240.79468029751973,163.35870923702225,540.3735397353573
2025-06-03,987.3261185337467,197.16879404824866,187.3591739425285,239.69937945160993,164.63027155791252,537.1115131037656
2025-06-04,992.2199947453059,197.55209085934442,189.46751850072047,241.4705155726504,164.26582913290505,554.1064610889476
2025-06-05,978.7267415521778,199.17467647131647,189.6478877861907,242.26288091521445,162.4921215775857,551.4242120961453
2025-06-06,990.8218054447846,200.32455380402237,195.81504219729243,248.85808446011808,165.15671874905894,561.9675666830973
2025-06-09,997.1840581795457,201.33388809928775,198.7725146366514,252.83150372770868,163.1562467422246,559.0276606773134
2025-06-10,1006.4826366412423,200.55453451079615,201.60586011897257,253.565604036556,164.14433176728312,565.7451047789762
2025-06-11,998.6515800638108,201.2785250422199,200.19482715675338,248.4269374346085,160.99378238721584,559.0921242901399
2025-06-12,1013.8240919377836,203.94024877218078,198.33230095725963,248.47355657357863,161.33396010939978,558.463924902359
2025-06-13,992.6385541645787,202.27507317002238,197.1696082763281,247.14519559280225,159.10669881512126,550.0146999002258
2025-06-16,1011.6565139344539,204.05524567585834,199.5401291431647,251.80611381026208,160.70222099643115,565.9546855600336
2025-06-17,1007.6711189126589,203.58678198497125,198.61449718563804,250.3146214030743,158.45068258136453,562.0130268572267
2025-06-18,1017.1800453826629,204.5237093667454,195.64572791495388,247.6345898720365,159.21197831897888,560.8361463667061
2025-06-20,1005.7833283312474,203.31421128801117,188.10524846637742,244.33698809958466,162.79177948128796,550.0187473858703
2025-06-23,1008.0207730676565,206.97676703589784,186.46846888552096,242.9154066208601,163.19674172477704,563.0610294816756
2025-06-24,1034.1004007121546,208.7271095178475,188.2520036329504,247.92589726062775,162.22484972555367,574.0798649126987
2025-06-25,1078.918628024078,209.64701924436108,192.66564453950213,247.01701963062246,163.24532080228246,571.2425281162971
2025-06-26,1083.8826914583178,211.8530654508978,195.89403364935671,252.9946351541201,162.79177948128796,585.2761480375278
2025-06-27,1102.9705179612722,211.2099841103048,201.52683412002347,260.1957630456913,162.8565764205577,591.3537932498675
2025-06-30,1104.648815173313,211.83604779563723,198.93056663454956,255.63971122092627,166.1691057308348,594.9488983342561
2025-07-01,1071.8567464897208,209.5533238860674,198.490318408273,256.8865153784929,168.3153770600084,579.7383485629235
2025-07-02,1099.4746173905003,209.14448094120863,201.6509956239461,256.2572814623403,172.05715815252725,575.1841868191038
2025-07-03,1114.0877680803708,212.44504142338343,202.6556363069795,260.3239390078711,172.9561318636341,579.5691932787305
2025-07-07,1106.396765458699,211.96806235457535,199.56268825893028,260.3938499363343,170.04048070189316,579.037146354798
2025-07-08,1118.7022841894802,211.4995986636883,196.8196828803258,255.6047557566947,170.08904736143398,580.9071834417363
2025-07-09,1138.8390731574268,214.43390619119066,199.37079758738378,259.31017720517906,171.00425135226976,590.668682265158
2025-07-10,1147.369117555252,213.56935952174493,200.49959977433974,258.98391435235624,172.03285619580996,586.2030716097079
2025-07-11,1153.1023560325657,214.35297079919704,203.4006571508424,262.19995930159837,171.0204567960695,578.3600316222156
2025-07-14,1147.15930369628,214.2252139292194,204.9471139014246,262.98066096942387,168.96328436288297,581.1087679706666
2025-07-15,1193.5155606047506,215.41766815153025,205.44379446399992,263.74971674250276,169.36015009345448,572.6208944165861
2025-07-16,1198.2001571066735,215.33248817115754,206.53874070386516,260.06758708351146,170.21055714502054,566.5914241553327
2025-07-17,1209.596980987956,217.92183118879,207.22732921142938,260.871598320822,170.09718112824535,565.3823612179798
2025-07-18,1205.4717456701355,217.2191291021687,208.89794746593418,263.49336481814316,171.03664982190466,567.695795421319
2025-07-21,1198.2701306696197,217.22339989171059,214.58718027289967,267.18714037188096,172.08954420419752,574.7004629250006
2025-07-22,1167.855453848329,215.18344285637744,215.98689913035125,265.0547681537941,173.64455898499034,568.1230025951417
2025-07-23,1194.0749217888526,215.4389565963327,214.73391816603024,266.01024714277753,173.44207165426351,575.1922817903929
2025-07-24,1214.7709651110347,217.572622090541,216.92382791920312,270.6012544317741,173.12622072472607,576.1755740041103
2025-07-25,1213.092988388595,218.7778493797333,218.06389239059953,269.6807309070223,173.2234285515953,574.4666959492381
2025-07-28,1235.8165557583468,218.26255111028084,217.3866352612453,271.25378013741977,173.3610941071232,578.4567764010362
2025-07-29,1227.146457404762,218.29234183242286,220.96494976710218,269.17967295304953,171.10956811002117,564.2458075051613
2025-07-30,1253.436005738099,218.57768559626444,221.84542894621293,268.2241939640661,169.3115461800199,560.3848023577591
2025-07-31,1243.647398676044,227.20597742848426,216.61902075473196,272.79189168357766,168.11287731131694,623.4432959909593
2025-08-01,1214.6311248150091,223.2069725486487,213.49223403303444,250.23304679987257,163.9094708028506,604.5571850181578
2025-08-04,1258.5402299579657,228.11738487765828,220.16351386038292,246.62082806934444,164.69506849718226,625.8050532241277
2025-08-05,1246.3743378634763,224.75716434771093,219.74585929675672,249.06781724550763,164.34680668004538,615.3987701936987
2025-08-06,1254.4848613732245,223.5604524364396,221.34874838363766,259.04217938607286,172.713174386284,622.2745104717276
2025-08-07,1263.9240279400165,221.8143807440318,221.8341666617725,259.9976761550483,178.20436107740497,614.0848181466552
2025-08-08,1277.4182426019484,222.32538202277956,227.36531292395506,259.484972306329,185.75272020171246,620.1061934366195
2025-08-11,1272.9434599589974,222.21043752142765,226.89122602403012,257.86530393696137,184.20402616489977,617.3413658647524
2025-08-12,1280.6345694105362,225.3917303103829,229.53264628791996,258.0633908276044,186.20675824129086,636.7917062083185
2025-08-13,1269.6572664173302,221.70365462989614,227.97489270601255,261.66394588339404,189.19062128256587,628.7956021600494
2025-08-14,1272.6637793669463,222.51279894052976,229.0811185037606,269.14471748881795,188.74466733794043,630.447963494641
2025-08-15,1261.6864763737403,221.52902387960881,230.16476791230068,269.2029825225346,187.77977907075007,632.9467429247514
2025-08-18,1272.5936989741328,220.22158585420178,229.7132574015837,269.73899594073896,187.21220358085668,618.5504781616863
2025-08-19,1228.0554727438616,217.0998745095306,227.53466175317837,265.68398428995465,186.94463369767433,605.7420617608055
2025-08-20,1226.377496021422,215.37509126192532,224.9948266040032,260.79002371762033,183.2553557594737,602.7112847663437
2025-08-21,1223.4408498048851,215.09780435565511,225.48022760869574,258.62269603530183,182.35532652137607,595.7629365446184
2025-08-22,1244.4865472820645,216.37329006298626,232.6368738938519,266.6511269536766,184.6743069021717,608.410144553852
2025-08-25,1257.2115869009224,215.10634593473893,235.34604059880806,265.602427466745,184.18782072110002,607.2091272282072
2025-08-26,1270.9158290815603,214.15933110527376,233.8221429639914,266.4996592020037,185.93107942722636,607.8539607947954
2025-08-27,1269.7272399802764,216.16425718589815,234.2059070336421,266.97738980649945,186.88788359946378,602.43724037246
2025-08-28,1259.7288190592496,217.40133198851498,238.9017959888994,269.86717190291876,188.56628327649733,605.4438805317977
2025-08-29,1217.84734479373,216.14292943935146,240.33537079344174,266.8375679495731,188.22572059741088,595.4405691209053
2025-09-02,1194.0749217888526,215.47318841557507,238.57444698210503,262.5728235133993,186.26353317543064,592.5467649638043
2025-09-03,1192.9561994206483,215.57129866980625,260.3717866646952,263.3302333917317,193.3582888889206,594.1105258504456
2025-09-04,1200.2277879841104,216.6889485722266,262.22305057974853,274.6212928383348,194.42045949076783,603.4609580830418
2025-09-05,1167.7855871152497,211.15623242475127,265.27084584938183,270.7177844992074,194.34749153079292,606.5240162434977
2025-09-08,1176.8050191342309,212.52128680722979,264.4234625858965,274.80773383423127,192.8798992207665,606.4030852699719
2025-09-09,1193.935081492827,212.61085548237716,270.7391686015801,277.6042954327023,190.01767014272403,617.2043930273915
2025-09-10,1239.871817513221,213.4469476889854,270.21942799340985,268.38732539047754,183.887815114389,606.1451320995042
2025-09-11,1238.8230687079629,213.7199638057137,271.5752204868554,267.94453247022136,186.51489761481324,605.2745771688615
2025-09-12,1243.367931743727,217.5122415107905,272.0610706010501,265.84711571636615,189.79063249598792,609.0550768396023
2025-09-15,1242.8785441225714,219.84135457915758,284.2744307796161,269.66906723228374,191.9231198844583,616.3983017095752
2025-09-16,1222.8106604189,217.1453859293729,283.7660042762134,272.7219807551145,193.09881551865584,627.9250472294066
2025-09-17,1190.715977107695,217.56342548238635,281.9243962154579,269.8904636924118,193.77992845886416,625.2811012714843
2025-09-18,1232.3202278681065,216.8936975591914,284.7489495156009,269.4360248774092,192.8798992207665,628.9325749974101
2025-09-19,1235.3267408177226,220.9376636344498,287.78817715780707,269.7273322660004,199.05840783439453,627.4252321118873
2025-09-22,1283.8532464762002,219.45318435177472,285.31387744907187,265.2412091496906,207.63696130171064,617.1853402291136
2025-09-23,1247.6332210173075,217.22643922659933,284.3309322096844,257.17782276708414,206.29909946783434,609.3128325717458
2025-09-24,1237.4244520879731,217.61888024352407,279.22412533333426,256.5952079899017,204.58014271842532,613.5555847188414
2025-09-25,1242.4590232344945,216.28796597621798,277.69884582312613,254.19482017271662,208.27751716954356,604.0779034863474
2025-09-26,1245.9551374650007,218.17769864444352,278.54622908661145,256.0941500359289,207.1342572588746,599.9158048946565
2025-09-29,1271.5469799363495,219.51715449083346,275.73298989123606,258.8790479596615,206.29909946783434,599.6335174507406
2025-09-30,1304.6203316599992,220.94620521353357,274.65965272780477,255.8494617863078,206.46126566751312,592.3579152067799
2025-10-01,1309.235275088577,221.69697333337353,276.6933069210884,257.08460226913587,207.12614832799247,578.6132462729042
2025-10-02,1320.7725802450877,220.00346117361036,277.58587750987436,259.15870945350616,208.48833695451526,586.4454271525698
2025-10-03,1311.8923475429299,220.6902198526473,277.20176797137583,255.77953307785265,209.20996971320523,573.1444514925813
2025-10-06,1297.3483157770688,225.47646487098746,282.94124922226325,257.3992014472202,208.13158124959367,577.2581776948618
2025-10-07,1293.8522015465626,223.51845197241698,277.664972602593,258.42460914465886,207.96131853699737,575.1771283990164
2025-10-08,1322.3108235013688,223.88959144395787,276.3769610970985,262.433001656473,209.24240543673395,579.0166127690892
2025-10-09,1346.504156182595,222.84447946084293,272.8858256550003,265.3693851118704,205.98287599935898,591.656170043263
2025-10-10,1280.7067864006915,217.96440807839494,267.2819236534574,252.12071298834636,198.87191484206926,568.9016993454858
2025-10-13,1316.7869715635586,219.28254927881957,275.84595820448783,256.4320765634902,200.8098003073322,577.2904095012751
2025-10-14,1258.8207651889536,219.07777409069192,277.31473628462766,252.14402255783145,200.89898612907143,571.6038402494436
2025-10-15,1257.4224690585652,219.0180747411751,283.6191281955437,251.188543568848,202.17198893385503,578.7826483550025
2025-10-16,1271.2671925144311,218.24168188408368,284.104961036296,249.90678394704977,200.6395251767713,574.3624485141008
2025-10-17,1281.1263072887682,219.08205798081525,286.1838371017651,248.24049643871206,204.56393727462557,578.2744914682889
2025-10-20,1277.0707250442927,220.4513700522543,289.855756391951,252.2488889505262,212.63166535025894,590.5752939378475
2025-10-21,1266.7221158189327,220.82248332263234,282.9751397162388,258.71591653325004,213.06142626904924,591.4625817664597
2025-10-22,1260.5689291340739,222.05100344558392,284.36483997710235,253.961777817842,209.55866615910307,591.5754671282775
2025-10-23,1273.714451109812,222.05957122583055,285.9352722657263,257.6205979073483,210.47486358710663,592.0513922085778
2025-10-24,1302.382673263856,223.36064236866898,293.6632722049238,261.2561262073615,213.1019585054955,595.5682129974513
2025-10-27,1338.9524597076133,226.73488052073242,304.2270877287047,264.47215337661163,217.9588479829407,605.6185147294851
2025-10-28,1405.6589516584836,231.23524465139286,302.1933817150939,267.12887533816433,218.11288041580806,606.1186753640716
2025-10-29,1447.6825096472378,231.01342560684185,310.2151338156309,268.3523699262459,218.68045590570145,606.3041686695859
2025-10-30,1418.6645265083293,224.27778787250355,318.0222461209894,259.683059196972,220.05887481195322,537.5810707981129
2025-10-31,1415.867613757951,220.88646656227252,317.6945689187896,284.57236318940693,219.2237170209129,522.9652546186223
2025-11-03,1446.5636804491662,220.553737995446,320.5530127129081,295.9683068086968,218.15338781632514,514.3830055456107
2025-11-04,1389.2968892144231,219.40197417901604,313.5707072818269,290.515041028665,218.95615955569517,506.0022916419483
2025-11-05,1364.9638230670387,216.34342073735576,321.2195948548633,291.5404309461116,219.03724886451684,512.9633252759987
2025-11-06,1315.1087811813848,212.0520370814577,321.7167245269409,283.1973830696605,218.73720600391204,499.2428918964093
2025-11-07,1315.5982756324076,211.93259908067978,315.0281712571991,284.79375964953505,217.68311949701777,501.47720269135584
2025-11-10,1391.8142282026176,215.8485986766579,327.76125477049294,289.44301419225627,218.6733031580933,509.5836747628103
2025-11-11,1350.6296051601498,216.99180781342258,329.12834409526374,290.25868910430535,223.39692303947817,505.808752724726
2025-11-12,1355.1047082927018,218.04119058607938,323.9311798417545,284.5490536199219,221.95221703820494,491.23326332293755
2025-11-13,1306.5780958043572,214.69256407068605,314.7344536427445,276.83523965962337,221.53020492932347,491.9431034577435
2025-11-14,1329.722572850458,217.6316795115684,312.29399260765763,273.4677269587084,221.09192528681928,491.59625368183913
2025-11-17,1304.7601719560248,216.4841864846804,322.0217735196056,271.34700063536803,217.07441570837753,485.58697148922727
2025-11-18,1268.1206256090554,210.64006951692522,321.1857043608878,259.32184087991754,217.0581978466132,482.1024812259291
2025-11-19,1304.2008107719225,207.79479354073214,330.82307607534955,259.484972306329,217.96719285515022,476.15771200572476
2025-11-20,1263.086161292401,204.46980047421482,327.02689164058665,253.01794472360513,216.09237823207798,475.2140061759942
2025-11-21,1250.7797879226832,201.7730457895452,338.5623728458722,257.1545131975991,220.34523307557157,479.3277323782748
2025-11-24,1276.4414971271112,202.57653064900674,359.93856872947265,263.6681421393011,223.9407057092027,494.4919828626003
2025-11-25,1243.367931743727,203.85436136041153,365.4295196912061,267.6182696173986,224.79287611174158,513.1810503879261
2025-11-26,1260.4290888380483,207.4913447733724,361.4864764492159,267.0240089454696,225.2636163137036,511.0758642569566
2025-11-28,1237.6342659469449,210.27358075178734,361.74630356969504,271.75483809139257,226.31869625776565,522.642640397004
2025-12-01,1258.0518038056136,208.021289492849,355.76958886097884,272.52389386447146,229.76805911994256,516.9318355908863
2025-12-02,1268.8198270891833,209.41454942711815,356.8090009835498,273.15311000063207,232.2759664141246,521.9569864569032
2025-12-03,1255.7442786763913,204.17063559697843,361.12490875304053,270.77604953292405,230.62027919433982,515.9074268461702
2025-12-04,1282.3164988380584,205.4997681852118,358.85393473471623,266.96574391175295,227.82022686503703,533.5964692598093
2025-12-05,1275.5335500866825,206.49128568975019,362.9777963716789,267.45513819098716,226.26192132362587,543.18698649454
2025-12-08,1297.4906131600374,209.8504712737656,354.6794964584261,264.37893287866336,225.53956832298928,537.8472176590318
2025-12-09,1293.434817255828,210.27783844074784,358.4781682688936,265.57911789725995,224.96332509380687,529.9102463888377
2025-12-10,1285.1135184183036,204.5253469394225,362.01684022445806,270.0769046883083,226.26192132362587,524.4010261116503
2025-12-11,1265.1842998821198,206.62377186961933,353.2210997171647,268.32906035676086,225.65316786312718,526.4820754074957
2025-12-12,1223.8576999462846,204.51253457079676,349.67113093027507,263.5632757466063,225.85610224057956,519.6420714661332
2025-12-15,1232.738359967911,202.9269712019089,348.46143721259153,259.31017720517906,222.47163566138917,522.7137181936886
2025-12-16,1242.737956017476,203.5979567809199,346.5960090747757,259.33348677466415,222.87745474443548,530.4957990986077
2025-12-17,1195.3276088103926,203.48255375921838,335.4599589513915,257.8303484727298,220.6292815977748,524.3201751179216
2025-12-18,1217.7040859419574,206.8417393432338,341.94938397722393,264.2274473469985,220.9133549559072,536.3887901183106
2025-12-19,1265.6039276000638,207.6708489399468,347.2630403262332,264.9149462968677,222.11456950735266,531.8035318384414
2025-12-22,1284.484183671255,207.24348177296457,350.22512477471116,266.1733785691889,219.9232209666901,534.0073877718918
2025-12-23,1323.0837375897913,208.06832058013563,355.39174958206905,270.49638803907936,221.05134337851467,536.7843578006925
2025-12-24,1318.8881013895561,208.56833047107463,355.09779013942085,270.77604953292405,222.22819388341978,538.8913208765792
2025-12-26,1332.314051766415,208.43585739178693,354.4421248130582,270.9391809593355,221.89539243220676,535.4523895065726
2025-12-29,1316.1609485423899,208.17515582159052,354.49864351656885,270.41483121586964,222.18761197511517,531.7389695064529
2025-12-30,1311.4059511580524,208.33756372941585,354.8264934531926,270.95082685408204,221.63568312061463,537.5997287197426
2025-12-31,1304.1336147855206,206.6878861150737,353.86550275908695,268.95829427291346,220.6455242954683,532.8691064737374
2026-01-02,1320.566398601597,202.12349944302878,356.2961870257792,263.92449406366075,219.95565669021877,525.054744402824
2026-01-05,1315.4617470622622,202.08503613598876,357.8676902678316,271.5683970954961,216.91211291108817,531.8196724214384
2026-01-06,1309.3082398878018,204.50399299171295,355.3804527507439,280.7387479987508,212.93518524095103,533.2969553221135
2026-01-07,1322.3844292797964,206.62377186961933,364.0179685257151,281.4728483075981,211.28759453408387,523.6662593884237
2026-01-08,1293.9243117068509,204.33303040422234,367.929677743204,286.9843791213466,210.2406607747978,521.5431557295399
2026-01-09,1292.6655353828864,204.8330664963242,371.4683496987684,288.2544928483983,210.5084665993075,527.194038004286
2026-01-12,1293.225003396856,203.93557186461493,375.1878745961901,287.1941296867281,211.22267341516815,518.2413946352182
2026-01-13,1299.3086438382368,201.1533620873628,379.8344651468571,282.68469700093317,211.87195911211302,509.4584001461537
2026-01-14,1280.6380947961502,196.32828694570296,379.6875026989754,275.75156692846815,210.98732815011633,496.88922963452995
2026-01-15,1307.9795968307585,195.1658199542554,376.22801220334156,277.5343667242472,209.56698619538338,501.15157753529473
2026-01-16,1302.2455037145078,196.5334158495288,373.08504026612155,278.629685350149,207.3918679344498,500.70758810392147
2026-01-20,1245.185321442724,194.25121596321566,364.0405621883655,269.168027058303,200.22531154965705,487.68638254921626
2026-01-21,1281.8969779499816,189.80221921229085,371.25353716916607,269.5292453753574,200.99635538948047,494.8226426959265
2026-01-22,1292.5256950868609,192.80669345386215,373.69551826718356,273.05988950268386,201.5644772698161,522.8105616916713
2026-01-23,1312.314966497152,199.13613456078792,370.7447651969155,278.67630448911905,201.31287688910615,531.7954862267334
2026-01-26,1303.9238009265487,200.98667028941412,376.7706746695677,277.8140282180919,207.2944738381116,542.7742416779593
2026-01-27,1318.2587666425075,205.38866215421504,378.22907141082914,285.1083588276193,209.61566461660559,543.2667022179049
2026-01-28,1339.2368408138166,205.83739636948826,379.8796870190426,283.1624276054289,208.13043879685074,539.8438620713143
2026-01-29,1346.159523031351,185.26776736878358,382.4121809552006,281.6709351982411,209.62381080138152,596.0135844970935
2026-01-30,1336.5096879666505,183.89588758338684,382.12951834387763,278.83943591553043,210.59775176476353,578.4070713029381
2026-02-02,1297.9101340481143,180.93844442910222,388.56239011931456,283.10418035170426,219.14406819598454,570.2617038816313
2026-02-03,1261.058637244831,175.74153548508636,384.0627620165293,278.04707057296645,218.71390990232712,558.3868252367887
2026-02-04,1218.053740096955,177.0151347086935,376.52197164598977,271.4868402722864,224.40329972638878,540.05383772902
2026-02-05,1201.9006368729295,168.24535659717114,374.4982496820823,259.484972306329,223.93255952442672,541.0387094493303
2026-02-06,1296.5115174281245,171.43786348381929,365.01281516691154,245.07108840843205,225.72623516681892,533.9751066058976
2026-02-09,1328.887590609254,176.76297471758093,366.66346532200976,243.20671400945133,223.09414822666187,546.6975879762035
2026-02-10,1318.398606938533,176.62193385804656,360.1740057492925,241.1559163945661,222.330493075774,541.4503189955474
2026-02-11,1328.9575641722004,172.81827174771846,351.5591181838564,237.80004958839763,223.8090256126108,539.8116302649012
2026-02-12,1307.2104217876843,171.73701526047427,349.3432809936513,232.5798261632404,212.62264990796115,524.5704281937485
2026-02-13,1278.330676496795,171.51479009789935,345.63501838067003,231.63597528901155,207.78901927820704,516.465436909725
2026-02-17,1293.434817255828,169.60868170290266,341.45190883629857,234.3859177485125,214.36926146452882,516.0779641986321
2026-02-18,1314.482651330349,170.77969027343403,342.93296833397994,238.62735261520123,214.75108903997273,519.2505019098147
2026-02-19,1313.9232901462467,170.6811739011789,342.39030586775385,238.70892721840292,211.68839675943278,520.5098622602382
2026-02-20,1327.349347352973,170.1543078183353,356.1040372525968,244.82638237881892,214.93790489937754,529.2929554684647
2026-02-23,1339.4466546727883,164.68852254131892,352.15833390047806,239.18667560289063,216.23769325379794,514.4311804966968
2026-02-24,1348.5371285533868,166.62896756020928,351.4913371959054,243.02027301355486,221.0794824862926,516.0860591699212
2026-02-25,1367.4871445277904,171.59784778408252,353.75246535206554,245.44395262023295,222.77734111385047,527.7025897676479
2026-02-26,1292.8753492418584,172.07760417615094,347.511743349811,242.27452680996095,221.73748559438496,530.3827656580469
2026-02-27,1239.0318142682638,168.2309983599382,352.4636247213362,244.69820641663907,214.61297643771934,523.2545511230446
2026-03-02,1276.0230445377053,170.71971581170743,346.53945582438024,242.82218612291183,215.05162861916145,527.597651298376
2026-03-03,1259.0307927076599,173.0242521893364,343.21559639841814,243.21835990419785,214.26365909359166,528.8247304828052
2026-03-04,1279.9388933160226,173.56826693325476,342.7068935199372,252.64508051180417,213.26441031835998,539.0366354831343
2026-03-05,1282.0367114161402,175.9156291115356,340.16313729933876,255.11536147746043,211.45282797101822,533.2566285444112
2026-03-06,1243.437157497604,175.17886551323033,337.49497774662416,248.43860110934705,209.15379084136615,520.5744245922266
2026-03-09,1277.2117404688563,175.37162746819868,346.6023657015764,248.76486396216987,211.11975332458405,522.6168253361249
2026-03-10,1292.036307465705,173.80815167957968,347.3717248257714,249.74365252063834,211.8915049883895,528.0094089233361
2026-03-11,1300.9173948067998,173.4311955498897,349.2497971234191,247.7860576237094,211.87526229069599,528.6471347102558
2026-03-12,1280.7075342097612,172.1375655372961,343.4232577228697,244.1505471036882,207.77277658051352,515.1819397241775
2026-03-13,1260.4975667828553,169.43466667994193,341.98645278459986,241.9832194213697,203.19098227279673,495.428037957271
2026-03-16,1281.2670022237305,171.31942112722905,345.6973064139401,246.72571224203122,205.38440461354702,506.9535988471576
2026-03-17,1272.245860926876,171.08810416115077,351.7613901942813,250.75739654333842,206.52983766802052,503.0834621772647
2026-03-18,1261.5465292478475,167.82406809996635,348.1070898153365,244.54672088497423,203.04476073966117,497.44393260615567
2026-03-19,1248.6792990758881,166.63752223987453,347.4735344952372,243.25331536842944,202.2486450293154,490.18846907125567
2026-03-20,1207.7000030379743,163.57481591390507,340.53831646812,239.30318789033197,201.46062583188723,479.65266650020146
2026-03-23,1228.2596246198777,164.05885619609683,341.737577026598,244.8613378430505,204.3039423498477,488.05544413658464
2026-03-24,1225.1826039579798,159.66395174584244,328.59120913060343,241.48217924738896,204.42578741847842,479.05477389517375
2026-03-25,1249.5184476819088,158.93576902836523,329.1455484438874,246.6907567777996,205.22191554678875,480.6464723046784
2026-03-26,1197.4902726398361,156.764020143978,317.8206995951451,241.83173388970482,205.441266473439,442.3895886329327
2026-03-27,1171.4760248739992,152.82316874505207,310.3763641269294,232.27685509991068,202.11865377590877,424.75992579527383
2026-03-30,1155.042386418986,153.76126207857232,309.42601387333804,234.15287539363788,200.35579952164758,433.3728271681057
2026-03-31,1219.5882443078879,158.5630967887986,325.3328851450814,242.68236426598548,206.17239897504604,462.2573135936965
2026-04-01,1229.0289064928188,158.22041178009522,336.45414920177694,245.36239579702323,207.66717420957636,467.9938347415313
2026-04-02,1240.4974132149214,159.97236563355918,334.62133332319956,244.4302085975329,207.90275541595554,464.1398880142165
2026-04-06,1242.2456839899087,159.723926207569,339.3956437069222,247.94918905012082,210.29112738292204,462.97643332973627
2026-04-07,1245.462544947832,159.47120289145553,345.58416536626436,249.0911268149927,205.93680535070226,464.61655348823234
2026-04-08,1273.2949302217355,160.34503787312585,359.0020717766806,257.80703890324475,210.3236376142383,494.8099572836016
2026-04-09,1286.0921868307485,159.80532011991224,360.3257356672748,272.2558782653733,211.61530461981192,507.71309472048074
2026-04-10,1319.0994108666673,158.8629428962687,358.91155893854005,277.76742685911375,211.60718327096512,508.9007355996662
2026-04-13,1323.8546219107388,164.64569674066703,363.51617502419145,279.5269170854077,210.56735258742884,512.6739794119953
2026-04-14,1374.2046065706377,168.38948919391993,376.6399147106509,290.1654686063571,210.26676333638173,535.2644282220068
2026-04-15,1390.7082185885972,176.14694607761388,381.4029282630483,289.5595442596896,216.44080148275467,542.6088377219245
2026-04-16,1387.071836742597,180.01925523456657,380.15841128549994,290.9578161689291,213.97931254023808,546.8828838433936
2026-04-17,1410.3586111716666,181.10298773169853,386.5619182088684,291.95991429688263,219.5278329739057,556.319843421537
2026-04-20,1413.0160041156205,179.08116190104633,381.74235140607544,289.3031923353299,221.81869908285262,542.0674618371771
2026-04-21,1397.7712752514926,181.68982827626874,375.93847476194605,291.2025221985422,216.22959674088037,540.3950111531058
2026-04-22,1416.0930247775184,185.44218850976824,383.89192767126013,297.5530197138328,221.91622977680137,545.1457721081717
2026-04-23,1396.0928712095845,178.08737799592285,383.40543843969687,297.22675686101,222.12740968274645,532.5658905674643
2026-04-24,1456.4428792385168,181.88686102077895,389.6391819712245,307.60893867760774,220.2020787796916,545.3962719819037
2026-04-27,1514.7649359004106,181.97253882324551,396.3594492812002,304.2647355461778,217.3993938418941,548.2968384016059
2026-04-28,1490.7088795983998,183.87013184032122,395.7258939611009,302.6101294925706,219.91775706226719,542.414903928054
2026-04-29,1463.2961220424402,181.81831877880572,395.9069196373821,306.5019919369514,219.47908004489588,540.6212261129706
2026-04-30,1395.6033767585614,174.67341888100336,435.34598877848094,308.8557428351744,220.43769723996456,494.3979035011553
2026-05-01,1387.771145052592,177.5262407920926,436.35292682935255,312.5844916331358,227.57847393025287,491.8447791723299
2026-05-04,1387.9808520816969,177.17498800314257,433.5923889067189,317.00068604099056,224.88946304038092,493.18597770810266
2026-05-05,1374.1346330076913,176.2154883195871,439.4528188012438,318.74853037253797,230.8604426296555,488.78260948433245
2026-05-06,1453.3659654064859,177.3206271667543,450.32517255305277,320.4264637756222,233.5656713812918,495.1816349287646
2026-05-07,1479.0304521874584,180.23770742969342,450.2685847557725,315.9753139035359,233.50879710343526,498.35688741690393
2026-05-08,1504.9047528274027,177.81751911931602,453.4476927344792,317.73478634983786,238.28554103736818,492.55575457749956
2026-05-11,1534.5552756093725,176.76377385304738,439.69043227480523,313.4350864494325,237.98467859109996,483.8540553183931
2026-05-12,1543.9259642313575,174.6691218902986,438.2309645801154,309.74132867568665,239.70849076466658,487.1990060461168
2026-05-13,1579.240927056233,173.5725508233781,455.5067907084081,314.7634652102008,243.01790316582967,498.2114740911868
2026-05-14,1648.5421028190733,175.38019524844532,453.75319083664607,311.37264293980076,242.4812484077841,499.66580478668243
2026-05-15,1575.6745187731792,180.73031549213187,448.89966444610803,307.7837515587497,244.1237725850955,496.27238295038626
2026-05-18,1554.695376303199,181.42425328978527,449.0806901223893,308.62268270030785,242.18038596151587,493.8323414217027
2026-05-19,1542.7371614703395,178.8027352441929,438.5816845544678,302.19062836180757,243.09921599801413,486.8838944808153
2026-05-20,1562.7373150382734,180.36192714268853,439.9958958300874,308.7974955814497,245.7662719264777,488.8634111184801
2026-05-21,1535.0447700603956,179.9068915477538,438.5816845544678,312.81751620801845,247.99420379084447,490.73784120813
2026-05-22,1505.8138749963693,179.68367074099118,433.2756285201117,310.3239434528691,251.10848029632243,493.0647999366717
2026-05-26,1502.527147305367,178.59329624908082,439.96193624234223,309.1237584342726,250.71003748424704,494.74534559203204
2026-05-27,1486.7228435974023,177.15092223507972,439.905348445062,316.7676614661079,252.7591258224806,513.2637770457341
2026-05-28,1498.261323882451,183.29819975740344,441.3761475179617,319.27289789599575,254.10890890237053,513.2879632404392
2026-05-29,1476.513006369397,193.27895631336014,430.3001398803365,315.35774366212183,253.74300115754056,511.04185550562624
2026-06-01,1568.9611162652814,197.6919526665513,425.8086648423609,304.4278847525812,249.0675381428648,485.1548283573014
2026-06-02,1558.1918110233066,189.44549038030857,409.38137929819385,298.90467248410226,256.2962091865743,482.8602495139161
2026-06-03,1501.7578654324257,183.4484503256739,406.1456835222069,291.3306981607221,252.27937017822074,503.34200766270476
2026-06-04,1530.882892098162,183.75323535233815,421.07961087770855,295.7236007790837,253.0681096175956,507.0505410643024
2026-06-05,1435.9466077677998,178.86804164255614,416.9388212672005,286.6814258380088,249.90505534717866,479.11943494632425
2026-06-08,1460.730816443921,176.75168201639957,411.2786596637828,285.7375927437719,245.1889607523399,472.9708600160431
2026-06-09,1457.5802968334626,173.17578661458575,412.3541041871861,284.5374077251754,236.25272023275733,472.3244963024429
2026-06-10,1403.1809260613798,170.57863565042882,403.4336839726983,277.32463393885763,237.09023743707118,461.3281688403701
2026-06-11,1434.3362543512305,167.565095806517,405.00719093406826,281.4145832738815,240.38338230461153,459.26785056855755
2026-06-12,1436.5766903239182,167.73680512714836,407.1693768122,277.9655137497568,236.72435452817044,458.0963009127882
2026-06-15,1487.4053796182634,171.60891777537978,418.11614455383904,286.66977994326226,241.02576361324023,479.9516374825059
2026-06-16,1452.1193676873704,169.06327829735412,422.5310636951279,286.6464703737772,243.3187656120979,485.3942716848825
2026-06-17,1432.7959813274745,162.65843024379265,411.82204761458945,276.74201916167516,240.64358833478758,459.00614606993156
2026-06-18,1475.083302258083,162.86877317902247,416.62185359928446,284.77045008004995,242.31862274341523,466.8020476575393
2026-06-22,1460.8007900068671,157.69165921352754,395.8490536053647,271.25378013741977,241.5055192575001,455.9896339943877
2026-06-23,1400.52043505128,160.52490885597993,391.8303526856921,272.79189168357766,239.30192660374442,454.65529644037827
2026-06-24,1393.2392317997796,156.8846109959206,390.8794496819441,272.97833267947414,238.3099050839085,450.99182833626185
2026-06-25,1370.4153511848267,151.46280437072076,389.09081926900865,264.51875473558977,223.73064342007137,439.0229690491364
2026-06-26,1347.9414452144727,160.10850687564363,381.93640125792115,271.13726784997846,230.74788619854374,444.9912334299115
2026-06-29,1365.024395601681,158.21967814753586,400.34322330035377,279.81822447399895,229.08911932353882,454.978749774874
2026-06-30,1400.8705165257459,160.12996562800456,404.5543849151718,277.7208077201436,235.28511243132013,455.53675983842885
2026-07-01,1383.297537538179,164.96366095223672,408.90138488097045,281.63597973400954,239.36699673823534,495.6648158674764
2026-07-02,1364.0442315710968,167.6294851641811,407.4297566828357,282.7662538241429,250.95397598080035,471.39554898744063
2026-07-06,1369.085105679777,166.0196857196719,414.84455456455896,284.5024522609438,254.2308781506472,485.4589327360331
2026-07-07,1378.7466920298575,166.92117602871332,415.48982127860097,286.6231608042922,252.6046215069585,497.82410009925593
2026-07-08,1429.0853527238446,164.56013684343324,409.70515270241276,283.8732183447912,254.8244568584077,487.74758842969464
2026-07-09,1419.703767455416,164.99799757613042,406.2750961526171,287.8583012871203,257.12558020611215,510.68251775572105
2026-07-10,1476.9736567563048,165.31567357490894,404.3392960104912,285.8774146006983,256.39378955238146,541.1950806020363
2026-07-13,1424.9546690828022,167.84412509011563,399.0527244191546,288.17291824519657,258.01187517536493,531.1023789898969
2026-07-14,1482.854640939809,165.24269023583537,406.97695066393925,288.3826688105781,256.01973562277556,534.5879058043967
2026-07-15,1487.7554610927293,169.83598989106736,419.89344358856454,297.0869350040836,266.29761303747205,550.9804201030962
2026-07-16,1452.049287294557,172.18415120481464,401.26016671635665,291.1792126290572,270.9811974009945,537.4183816190349
2026-07-17,1419.913794974122,169.05899440723078,392.5548354065495,288.07969774724836,271.37146919236477,522.4330596159467
2026-07-20,1423.20436854034,172.69499527658536,398.4640455023929,291.2957426964905,265.5576513630362,522.3036387944836
2026-07-21,1451.2791507826792,170.74606108093684,392.9850132159108,288.45257973904125,266.49274893315715,520.6538935176864
2026-07-22,1484.6749150452174,167.565095806517,387.2569324370029,285.30646349825435,264.98848637367433,507.19699094122115
2026-07-23,1461.5709265187452,163.80460011195757,359.6353507217017,272.26754194011187,261.5489833753878,490.15752061394926
2026-07-24,1448.1286311722208,163.85612469867027,361.95600316034904,270.4614325748478,270.7860366693802,481.3345448642497
2026-07-27,1375.8061999381055,167.03279298238536,369.67647187866305,269.62246587330566,273.94909093979714,480.2670452052935
2026-07-28,1379.3068010230295,168.85723235282904,377.7704960621733,269.00489563189154,276.5266630153711,479.8950220430634
2026-07-29,1330.2983858340924,167.65095701712337,381.1665930242239,264.0992713848187,274.9898902245721,473.58711438521436
2026-07-30,1365.5144242020392,193.6481437982699,377.71390826489306,274.4115600529453,271.1194093469647,435.9175603681559
2026-07-31,1405.4913355970139,199.4949332846341,403.1506758925274,316.4530267280397,251.1816717796601,450.21550084580724
2026-08-03,1446.7284121042246,209.33831714385315,422.8254031535087,330.9484852291383,246.7176370302214,477.3314334830594
2026-08-04,1483.8348049703932,211.55340275156755,427.51199899675845,323.25799861831683,251.5638222221836,475.47141639107053
2026-08-05,1534.8035482204982,209.25675292395152,410.2824656940798,317.6998308856063,252.88109507075725,476.14265733351033
2026-08-06,1533.193301633796,214.57982046701213,404.98456272453313,317.2454098505956,254.0275960701861,477.05650061671713
2026-08-07,1567.9892849643306,214.63562894384816,401.07903739942105,319.8322208836851,254.77565425753954,478.8356173553963
2026-08-10,1523.1115534164358,217.2413607888332,404.7241828538974,324.03868250615034,250.86931029817458,481.1161780777689
2026-08-11,1522.76147194197,216.2754811221277,389.192698032244,317.2570379653502,248.14299584265171,484.51275892725096
2026-08-12,1568.899368602101,211.39027431176424,388.8983931207479,311.442553868264,245.97822174622786,468.1202446285516
2026-08-13,1577.370870232759,213.30057489281432,392.09069800944303,308.9373174383761,248.42783911458918,481.1566035746332
