Date,nvda,msft,googl,amzn,aapl,meta
2023-01-03,100.0,100.0,100.0,100.0,100.0,100.0
2023-01-04,103.03178489005036,95.62567775478527,98.83304262169897,99.207643547432,101.03141744848097,102.10837586380804
2023-01-05,99.65073978013746,92.79154382532086,96.72349853699295,96.85388375921303,99.96001415647876,101.7636670809992
2023-01-06,103.80021212405485,93.88512602728002,98.00269310487543,100.30296217333377,103.63796047362115,104.23280593035587
2023-01-09,109.17221208265828,94.79922051801137,98.76570203640453,101.79445458052155,104.0617296981814,103.79188916010607
2023-01-10,111.13520421363702,95.52133862788175,99.21452980291903,104.71918325117645,104.52545372135332,106.61376389364146
2023-01-11,111.77785930973884,98.40971919065545,102.6929752413592,110.80167405736483,106.73225007295555,106.53360393899305
2023-01-12,115.340535224311,99.55337419834291,102.25537378648455,111.01141573275038,106.6682851412854,109.59594619657922
2023-01-13,118.05103596594397,99.85390290942033,103.36624281794768,114.33232707468726,107.74764213911845,109.81241262583453
2023-01-17,123.66051204222985,100.3214044116045,102.43491699227147,111.92030225275164,108.69114661268992,108.51371276945856
2023-01-18,121.3901770604894,98.42640793835756,102.24416475938921,111.23281219287841,108.1074774769181,106.63780200812039
2023-01-19,117.11491254806927,96.80692346118983,104.40978854866087,109.15870500850818,108.15544807117976,109.14703317469576
2023-01-20,124.61754740658813,100.26713152780727,109.98650854880607,113.31857416199121,110.23426488758639,111.72837868470793
2023-01-23,134.07617036292442,101.25219421265992,111.97261505910751,113.63318223007151,112.82482599328188,114.85488839367521
2023-01-24,134.57912537720125,101.0267878354189,109.6274653485934,112.23491032083194,113.96018800797233,114.75066564475887
2023-01-25,134.98426429442046,100.42992392871102,106.84471418320459,113.23700844878547,113.42446463053453,113.43592392553762
2023-01-26,138.3304160989939,103.51448095041467,109.42548680407131,115.61407780648952,115.10354719136704,118.08563319145333
2023-01-27,142.26335765604588,103.58126875433298,111.50134331158563,119.13306714907341,116.6786541410805,121.6450140594588
2023-01-30,133.85962622232563,101.30646053383516,108.77468049303471,117.1638352473939,114.33598042928901,117.89321721657144
2023-01-31,136.47925480826208,103.43517822637529,110.90663398965917,120.17012074125853,115.36739166878806,119.42438834536453
2023-02-01,146.30109931271673,105.49711467761907,112.69074467089406,122.52388941947348,116.27887021365106,122.75133496063634
2023-02-02,151.65211387930296,110.44324473881157,120.89318574982644,131.56607325054435,120.58847488777265,151.3307774121193
2023-02-03,147.39786814323347,107.83454999969813,117.5717963248046,120.47308291459228,123.53082449070827,149.53503894532403
2023-02-06,147.3210307613264,107.17505242878703,115.46230409373202,119.06315622061024,121.31605580632943,149.15825260677187
2023-02-07,154.89349229172433,111.6787895795013,120.78094856024497,118.9815905074045,123.65075718534433,153.6155088781222
2023-02-08,155.11700708115097,111.33233563978871,111.50134331158563,116.58122047021145,121.46798959374632,147.0498335533331
2023-02-09,156.03912243270304,110.0342096358716,106.6090653460353,114.47214893161362,120.62843589536622,142.63265725930697
2023-02-10,148.55048228677344,109.8171902895245,106.11533233296151,113.73805751276225,120.92474093022967,139.61037029925603
2023-02-13,152.20398361897526,113.24818812569679,106.16022893724855,115.98695090828643,123.19894198948198,143.84320090940085
2023-02-14,160.46806170893734,113.60297659532748,106.23876990736608,116.17338301418691,122.67840578180396,143.88326854683058
2023-02-15,159.02202598169137,112.69497221779609,108.77468049303471,117.87462598675621,124.38406278522511,142.0234119882322
2023-02-16,153.69893407161675,109.69471863808269,107.17009573304227,114.36728253891886,123.08682019409278,138.23954375954878
2023-02-17,149.4097149078075,107.98327870169287,105.86849175324136,113.26030912827456,122.15795649987271,138.59227964372752
2023-02-21,144.28922584067593,105.72786959177604,102.99596466382295,110.20741338543583,118.89878738583235,137.95095064696216
2023-02-22,144.98080233903994,105.24248494468891,102.83887408131567,111.61734007941789,119.24312510477657,137.18132376711804
2023-02-23,165.30913725868552,106.60660467526439,101.98608922575698,111.65229554364949,119.63550792576541,137.9188669212716
2023-02-24,162.66855666506532,104.28425682112365,100.01120902709535,108.94896333312265,117.48142583060654,136.5961289504167
2023-02-27,164.17047776653467,104.67759413228093,100.84154990164662,109.25192550645639,118.45036229409465,135.91468295664367
2023-02-28,162.17954294844424,104.36793681402554,101.05475475780854,109.79958481940729,118.04194788180583,140.2437030443877
2023-03-01,158.56096162904865,103.04985387665893,101.39137126155828,107.39920589221823,116.36031963838889,139.02515080276567
2023-03-02,162.8641487979804,105.0751183962632,103.23159621644777,107.35259564324411,116.84080791272655,139.91499293479342
2023-03-03,166.88790909579535,106.82418840710201,105.08303884070487,110.58028648723277,120.94076010356582,148.50887799879487
2023-03-06,164.54071002468106,107.48533319613078,106.74371194753517,109.24027072171387,123.18293523410966,148.22831815752542
2023-03-07,162.71015354456492,106.34717766566486,105.3186703933297,109.00722836683929,121.39720719993544,147.9156375708819
2023-03-08,168.94940504110113,106.15887635311421,105.75627184820438,109.43835761235687,122.41418876546813,148.28442765780042
2023-03-09,163.74419988936432,105.58143780747524,103.5906480589327,107.49242639016646,120.58841279795351,145.6549565592524
2023-03-10,160.45339930967876,104.02064285869915,101.69433475720531,105.72128137912998,118.91478172324084,143.907319001204
2023-03-13,160.46039666597338,106.25093025166605,102.23294709002163,107.702168065552,120.49232259386429,145.02163615401523
2023-03-14,168.12494554180603,109.12565399809368,105.442099325462,110.5569769177477,122.18995759265354,155.53950820831272
2023-03-15,169.27780005254692,111.07139266451117,107.84335466735851,112.0950795739096,122.51026655159353,158.5297361224621
2023-03-16,178.45158787574485,115.57386322918278,112.56731573876174,116.56956568546892,124.80049920214582,164.2857045900829
2023-03-17,179.73712508141602,116.92539585079538,114.02602758561446,115.2994608484132,124.11983335092545,156.81418229010427
2023-03-20,180.95984632523619,113.91262735096089,113.57719981909995,113.85457869019955,126.04167468660164,158.57782469131445
2023-03-21,183.0489177299855,114.56121128151469,117.72889554958412,117.23374617585709,127.5471168592486,162.06509121588311
2023-03-22,184.9283889354971,113.93772281742287,115.98966418809181,115.00815345982198,126.38599998758204,160.1811718630168
2023-03-23,189.97989261595296,116.18475145906774,118.49190448111322,115.0198082445645,127.26686825161278,163.76464020507916
2023-03-24,187.10130843218155,117.40244596796443,118.31237855987075,114.34397296943379,128.3239101684497,165.1515086076317
2023-03-27,185.36855469538966,115.64914962856872,114.96857108065824,114.23910657673902,126.7463568798624,162.61023073504924
2023-03-28,184.52314318841084,115.16796505955054,113.36400360521029,113.30691937724866,126.24185226348436,160.87861036005714
2023-03-29,188.53360316777264,117.37732425101453,113.76794340971,116.81426282508605,128.74028449555126,164.62242329120537
2023-03-30,191.32135525704768,118.85862615971374,113.20691302270298,118.8534145452247,130.01349832667935,166.61856164462165
2023-03-31,194.0741873335165,120.63696546459556,116.39362127713598,120.356561737155,132.04749871163625,169.90540360278027
2023-04-03,195.38772731809962,120.18927651817728,117.10053321955493,119.33116292971239,133.06444302327748,170.8112752577588
2023-04-04,191.8104624498025,120.16831550356441,117.50447302405465,121.12560862023795,132.63207435876737,172.1340379084027
2023-04-05,187.81399718302993,118.97992966444264,117.22395350941501,117.80470616829706,131.13461693686085,169.53663819565074
2023-04-06,188.9039289020527,122.01780675598309,121.65619468135553,118.92332547368787,131.85530588549395,173.24033412979125
2023-04-10,192.69082067705432,121.09310706812764,119.4344652607015,119.0515014358677,129.7492564744159,172.15806368298712
2023-04-11,189.82616443720525,118.34810667043274,118.21139360874584,116.42973493854656,128.76430083759166,171.43657473157336
2023-04-12,185.1170371270511,118.62427492871024,117.41471438456954,113.99440943712192,128.20376636842857,171.55683934333499
2023-04-13,184.89342886149075,121.2814018180563,120.5453256498924,119.31950814496987,132.57599483412704,176.647428359817
2023-04-14,186.95456425599508,119.73314803988919,122.1611280792524,119.4476841071497,132.29570897259975,177.56133328611267
2023-04-17,188.65935527507523,120.84619497864917,118.90708788179722,119.71568192625588,132.31174056389975,175.4529512523574
2023-04-18,193.30562656217816,120.6662610091265,117.25761515978999,119.20298696753258,133.3046933694282,174.67531578098513
2023-04-19,195.15016440115016,120.69978288221432,116.89854603276059,121.53344607626249,134.23360673550357,172.91968197130308
2023-04-20,189.3720440259236,119.72061343190217,118.14407895026812,120.96247719382653,133.4487914216706,170.8112752577588
2023-04-21,189.47683077180906,119.57414883449147,118.27873419404027,124.63295206807533,132.143551661834,170.66697253151827
2023-04-24,188.93884891485894,117.90455217586357,118.90708788179722,123.7590299023016,132.39181159465284,170.58682491676433
2023-04-25,183.34233931369155,115.24745153700545,116.52826787863589,119.51759503561289,131.14263894149275,166.38607803231005
2023-04-26,188.33795761992405,123.59538232916904,116.37117729612858,122.32580252883048,131.13461693686085,167.86917293214526
2023-04-27,190.2244395354637,127.55383778195977,120.72484292886261,127.96550930475877,134.85819306208361,191.2457826868072
2023-04-28,193.8785551394013,128.5706504319649,120.44433205649523,122.87345295178538,135.87514979168867,192.65672622352213
2023-05-01,201.99032054635464,127.85931471001217,120.28724147398793,118.91167957894133,135.80310076556748,194.9494786209477
2023-05-02,197.09948898600763,127.79653666812531,118.17772331609862,120.75273551844101,134.9622804348771,191.79093454586783
2023-05-03,194.24885416621458,127.37391693768107,118.27873419404027,120.77604508792605,134.08944659344206,190.019221853657
2023-05-04,192.57199915737942,127.79653666812531,117.4708200159519,121.1838736539546,132.76016565563745,187.20538039143872
2023-05-05,200.38333227059871,129.98918742402122,118.45826011528273,123.11815898139848,138.99020843552285,186.61213996352575
2023-05-08,203.67411949655087,129.1522956182948,120.92682147338469,123.31624587204149,138.93414132884632,187.0049558250287
2023-05-09,199.6217555018216,128.46186840997908,120.45555836813504,124.23677828678932,137.54879328436516,187.0851281195716
2023-05-10,201.81564035992318,130.68377533467404,125.39272429570019,128.39664744027235,138.98218643089092,186.85264450726
2023-05-11,199.67065687348372,129.76322322391167,130.80114468624274,130.7154517642597,139.1343064877652,189.02515697271292
2023-05-12,198.00780993097123,129.28619935723054,131.85591672859576,128.47821315347804,138.38054850146221,187.43786400375032
2023-05-15,202.29075284008871,129.49122879321519,130.733830027765,129.5735228893838,137.97962212136076,191.48627489064694
2023-05-16,204.10732796134897,130.44527652657746,134.1000901302572,132.1370332429843,137.97962212136076,191.4542158447454
2023-05-17,210.84965465576246,131.67820944371803,135.5924463429404,134.5840135291515,138.47677530315354,194.3963428501479
2023-05-18,221.32995839978204,133.57367842574774,137.82539343296202,137.6718736262178,140.3692357364163,197.8915932864557
2023-05-19,218.4373928571548,133.49820827294627,137.74686110511675,135.45793569492523,140.4574281155119,196.92157885988507
2023-05-22,217.82256026456417,134.68917978512926,140.3164246988881,134.01305353671157,139.68760128401746,199.07007789064807
2023-05-23,214.41296487267047,132.20660551528002,137.52243857958723,133.9897439672265,137.5706240647721,197.80343708017364
2023-05-24,213.3649371690152,131.61528702414756,135.65977828596257,136.04055047210767,137.7951532687185,199.78353357074468
2023-05-25,265.3611700808268,136.67693235748018,138.55474071411612,134.00139875196902,138.71733609839993,202.5733492583785
2023-05-26,272.1105475464685,139.59984543712707,139.8227003280866,139.95572248597358,140.67391047889876,210.0689096728361
2023-05-30,280.25023560993344,138.8953348420364,138.7679369280058,141.76183185123764,142.17345411872816,210.4537169428109
2023-05-31,264.34113180235005,137.71273723550337,137.87028139497681,140.50338179892447,142.13334409556865,212.21740870359906
2023-06-01,277.86771591401134,139.46985302089303,138.8240512016604,143.05522847778644,144.41068689966906,218.54256714475943
2023-06-02,274.772480759774,140.65246375267,139.89002362883653,144.7797721298448,145.10026884891684,218.54256714475943
2023-06-05,273.68254904075127,140.87888733631837,141.39362343770404,146.00326671792638,144.00175093289954,217.56453178676614
2023-06-06,270.0703641596479,139.93113972005955,142.85231800001227,147.52971458934573,143.70502368726602,217.3480900372998
2023-06-07,261.85987460176665,135.61177943395023,137.4551152788373,141.2607827872609,142.5904245080934,211.31953330025416
2023-06-08,269.09209635920473,136.40018658846822,137.05116683206535,144.7797721298448,144.795618942362,212.1051897030491
2023-06-09,270.90884507899904,137.04177476398843,137.15215178319028,143.8242842508654,145.1083156894764,212.40176672737485
2023-06-12,275.8840455268832,139.1637329558863,138.73427527763081,147.48310434037165,147.37764890690875,217.29196819713033
2023-06-13,286.6449379168243,140.18697697543453,138.9474714915205,147.58797962306238,146.9927292821796,217.50843462638562
2023-06-14,300.4454071002468,141.4659926241379,138.7679369280058,147.3083181292177,147.50595130916383,219.1358199125669
2023-06-15,298.04168167570657,145.9782808712957,140.36128673408618,148.11232936652823,149.15781369328872,225.93389247040614
2023-06-16,298.3142046666624,143.55856339479712,138.61084634549852,146.22465428805845,148.28378772732634,225.26850067937286
2023-06-20,306.11233093756226,141.76372565825068,138.12835692860904,146.5625719256238,148.35593609715815,227.9380887749286
2023-06-21,300.78079946798726,139.88081753469592,135.26705615083046,145.4556074049755,147.5139608958319,225.78161817232095
2023-06-22,300.6410125868952,142.45987547293535,138.1844625599914,151.6546193886012,149.95166928478739,228.37901788507287
2023-06-23,294.9391286755734,140.49309704044123,137.27557207305037,150.69914039961776,149.69508931620484,231.46542293692698
2023-06-26,283.91973471473256,137.80082074775567,132.7872511965442,148.36868129088788,148.56444612776843,223.2403402997385
2023-06-27,292.612267340407,140.30439540794964,132.7760248849044,150.52434529846784,150.80165407278167,230.11864685159313
2023-06-28,287.30872529601055,140.84117851040557,134.85187275014647,150.36121387205642,151.7559249209907,228.7077279946672
2023-06-29,285.24736288803865,140.50567102416016,133.64002740983062,149.03286178127607,152.0285737347647,225.6934372862499
2023-06-30,295.5890014645707,142.8079438176557,134.31326041733013,151.89932541821432,155.5407836976971,230.06252501142365
2023-07-03,296.36463971460404,141.7385776908128,134.5377002274041,151.7361939918029,154.32995771683318,229.29288579168508
2023-07-05,295.6938816865899,141.80566081272033,136.6135480926462,151.92263498769935,153.42383131437938,235.98680963997495
2023-07-06,294.19850391448,143.1140638826624,134.7733231377567,149.5688663094844,153.8087385211447,234.07881515294622
2023-07-07,296.9935204347174,141.41567043877427,134.06641119533774,151.2234901430836,152.90257486479942,232.9084255195435
2023-07-10,294.7365525400971,139.1553065492605,130.66648944247058,148.1356300460173,151.2427153119703,235.7703925702976
2023-07-11,296.30874098664725,139.42374403884233,131.44074197018398,150.05826058871864,150.81772291797313,239.12938589157648
2023-07-12,306.7691743753875,141.4072965331243,133.44927517694836,152.41202926693362,152.17290772831979,247.98782595368567
2023-07-13,321.2684444269362,143.696969092413,139.74415935796904,156.4903327072109,152.79032888977196,251.2505927776819
2023-07-14,317.71872831061586,144.7789092029748,140.7315821727554,156.93310784747504,152.91062170535895,247.61101493534449
2023-07-17,324.6503575295192,144.98438489725427,139.86758829010137,155.62805643618373,155.55685254288852,249.01393754063685
2023-07-18,331.8685845743681,150.7547671542345,138.86893052140297,154.77744383989508,155.34834251227826,250.16028905956057
2023-07-19,328.95471982698905,148.90536777852358,136.92772061538855,157.72547319003905,156.4469225181147,253.33494903685275
2023-07-20,318.07505933230664,145.4624719086966,133.75223003032315,151.43324070846512,154.86722092178547,242.52041357896798
2023-07-21,309.6131189747538,144.16245586964848,134.67233818663178,151.47984206744326,153.91297490950407,235.89867811348188
2023-07-24,311.73035340321564,144.7244000647862,136.36669022838154,150.0815701582037,154.56249650744766,233.77419251740884
2023-07-25,319.1861166575472,147.18602644526655,137.12970780218288,150.46609804474318,155.26013771521883,236.06696959462337
2023-07-26,317.59990679094096,141.64632035097952,145.05158615511445,149.3241602798713,155.96578850965807,239.35379921288748
2023-07-27,320.7303423863856,138.68985914775692,145.19748499507088,149.44069034730458,154.93936929161725,249.88772546992476
2023-07-28,326.66984262959045,141.89791815255367,148.76570635754064,154.05500720578624,157.0322804969669,260.9267482884875
2023-07-31,326.5229782698035,140.87051343066838,148.92278829777572,155.7678782931101,157.52944609672352,255.41121032523395
2023-08-01,324.97180859960395,141.04664107944106,147.60994072179048,153.4490828591187,156.85588332081187,258.7061349142877
2023-08-02,309.3336520424368,137.33952092334516,144.05295431323276,149.39408898832647,154.4261845185245,251.97210640888463
2023-08-03,311.05257131144015,136.9872393753119,144.1314952833503,150.20974612038353,153.29551649416044,251.07423100553973
2023-08-04,312.20547923711456,137.45693935586027,143.74999081758574,162.63109743711195,145.93424688153885,249.10211842670788
2023-08-07,317.35537322516365,138.4340350176259,147.58750538305532,165.71894864418226,143.41635570015586,253.77580410763002
2023-08-08,312.0937351961346,136.73142837042485,147.44164111218785,163.06222668262956,144.17814810905455,250.63330189539545
2023-08-09,297.3499315788086,135.12951859492688,145.48921353680583,160.6269011812049,142.88712691779926,244.67688418157562
2023-08-10,296.1899995893727,135.4230909267026,145.52290111399753,161.4542042080085,142.7107049057166,245.10177142887463
2023-08-11,285.47800857109377,134.61790971039673,145.3770022740411,161.27942688685053,142.7588866053633,241.81499117018848
2023-08-14,305.72801049069295,135.88855145345013,147.3631174266148,163.79632699147692,144.099828011201,245.4625652641595
2023-08-15,307.0347267175154,134.9743125850352,145.6238774228502,160.41715061582335,142.48587767063833,242.06346728576742
2023-08-16,303.862306984303,134.6465489927294,144.4120147979899,157.38756444246968,141.77928311094828,235.92271622796082
2023-08-17,302.8700978862041,133.16728149684482,145.78097664762976,156.117450715418,139.71566588226528,228.54740808537036
2023-08-18,302.5556174649473,132.99921274786695,143.02065217870387,155.23188265489773,140.10910423017938,227.07232177706328
2023-08-21,328.1861590556507,135.26851492852123,144.0417193593207,156.93310784747504,141.19311796444737,232.40337831759607
2023-08-22,319.1092525681733,135.51225070896004,144.8384158680415,156.43206767349426,142.3092321352068,230.55957596173747
2023-08-23,329.2272962328784,137.42017554751297,148.53008344718808,157.9119141859355,145.4327598303706,235.88258689105862
2023-08-24,329.5556912443243,134.46585375905676,145.6238774228502,153.62386018027667,141.62670358941244,229.8781176280699
2023-08-25,321.55490871554775,135.73078602098516,145.73608868561496,155.27848401387584,143.41729946540667,228.87601947580868
2023-08-28,327.26376327569756,136.0333622701212,147.0040310150409,155.1386621569495,144.68601799362958,232.69200844986617
2023-08-29,340.88256827012736,138.0127278115782,150.99864480529004,157.20112344657323,147.84163370732102,238.88888134784224
2023-08-30,344.23659877739897,138.17240952966213,152.46855703696585,157.38756444246968,150.6761208764599,236.57211551572678
2023-08-31,344.8725035612738,137.73957835941275,152.7939731558925,160.81332439710937,150.85276641189145,237.20537422149147
2023-09-01,338.96099274324746,138.11778226427785,152.22169917270122,160.9415003592892,152.12948210881862,237.59817774309994
2023-09-05,339.23354244167007,140.1727623362199,152.345145389378,159.95106590607418,152.32217165351398,240.62053874251785
2023-09-06,328.87003044985056,139.89122585316053,150.8752158731577,157.72547319003905,146.87005221753788,239.834832980145
2023-09-07,323.13972979388177,138.6431070287519,151.7728714061867,160.6269011812049,142.5741942293722,239.43408256648087
2023-09-08,318.46466785759714,140.47533858535596,153.0295960662451,161.069676321469,143.07204281713928,238.80869671340483
2023-09-11,315.7113149855262,142.01767287849464,153.63555762662807,166.74435634162086,144.01953345709904,246.5608158743364
2023-09-12,313.5589602382573,139.4247415573837,151.86266461476077,164.56536498456384,141.5624654625381,241.8310083532448
2023-09-13,317.85669908396727,141.22759881799303,153.39990014718654,168.78350806175953,139.88428941306495,244.55664424960298
2023-09-14,318.5275906493153,142.33704943990645,154.95958830289194,168.63202253009464,141.1128234103454,249.8957957609254
2023-09-15,306.78041821889906,138.77334882462128,154.17410946353874,163.58657642609538,140.52664584588067,240.74872556654614
2023-09-18,307.2416561700758,138.28587726374363,155.08303451956874,163.10882804160767,142.90340686837578,242.54447637323588
2023-09-19,304.12494821255274,138.11358218620887,154.89229957123095,160.37054925684524,143.7866966353527,244.56471454060363
2023-09-20,295.173139499442,134.80204375798834,150.06735354870278,157.64389858683734,140.91207460712667,240.23568211296507
2023-09-21,286.6335605359788,134.28091907158324,146.3644337310997,150.69914039961776,139.65944976002285,237.07711335809623
2023-09-22,290.77757120294103,133.22190876222913,146.15124615948224,150.45443437000466,140.3499630565576,239.7626939569192
2023-09-25,295.0543179797671,133.44464415232318,147.11624227780567,152.9596885798845,141.38580750914272,241.16561656221154
2023-09-26,292.88099787108104,131.17532884642492,144.26615052712245,146.7956231704944,138.07761227391543,239.6665168192145
2023-09-27,296.77337078610424,131.44849142383435,146.4766622784089,146.7956231704944,136.84905344070734,238.68848146122122
2023-09-28,301.1130136471817,131.8057211888426,148.46270829280468,146.7956231704944,137.05783666652178,243.67486006868137
2023-09-29,303.9782173900996,132.6923970449301,146.8357141208938,148.12398415127075,137.4753907001869,240.66859029168674
2023-10-02,312.9440208157996,135.23490117872566,150.54983432332003,150.85062593128265,139.51491707904654,245.96761246610694
2023-10-03,304.1039561436688,131.700653610899,148.59737217884904,145.32743144279567,138.43090334477856,241.2537974482826
2023-10-04,307.7658169129707,134.04139649445733,151.75043606745155,147.9841534043484,139.4426569475403,244.9735105654794
2023-10-05,312.28715067050763,134.20950461916712,151.55968383456928,146.77231360100933,140.44633887381485,244.34022717992568
2023-10-06,319.79240286077027,137.52946945401348,154.37609665033304,149.10277270973924,142.5179905250936,252.8699571324405
2023-10-09,316.37518248711285,138.60524069991152,155.3186747144658,149.45233624205113,143.72245850847835,255.21878201045757
2023-10-10,320.0440139052426,138.00430140495237,154.91471762542162,150.87391772077572,143.24067876590277,258.0086347177749
2023-10-11,327.0880548517952,139.6979041347931,157.70871238699473,153.61221428553014,144.3728493638898,262.80260969024766
2023-10-12,328.05935200341054,139.1683792922501,155.93578480603847,154.1948290627126,145.10355960933086,259.8685036162678
2023-10-13,317.6889494851635,137.72695187471797,154.12927335515738,151.23513603783013,143.61001384602966,252.276729044422
2023-10-16,322.11950456313764,139.79034522804193,156.0816836459949,154.45118098707226,143.50562844210435,257.4555112868696
2023-10-17,307.0460239759606,139.54660944760312,156.77736927677404,153.19273093475908,142.2449691724048,259.74026743266154
2023-10-18,294.8726003758408,138.7271217153749,154.80250636265689,149.30086849037824,141.19311796444737,254.10456357680232
2023-10-19,294.2087862891878,139.23564616757312,154.56690073684877,149.61546766846254,140.8879713393395,250.76955901042436
2023-10-20,289.2191905167127,137.2814942197738,152.15439315649573,145.8517811862615,138.8163321060246,247.43467784299136
2023-10-23,300.3164100357313,138.39513179451222,153.16422538320052,147.4714495556291,138.912695505318,251.73160186515037
2023-10-24,305.1242614968133,138.9036168709786,155.75626752706825,149.80190866435902,139.2659865761811,250.56118755195865
2023-10-25,291.9586020911279,143.16493732827257,140.94477838664505,141.44721489316137,137.38707414145304,240.1234631124151
2023-10-26,281.80474371347964,137.7941924995531,137.20826605684488,139.326497459817,134.00658152082804,231.16082498117856
2023-10-27,283.0207079682061,138.60107999757446,137.08481119789585,148.84642078537956,135.07452640990456,237.8788116237364
2023-10-30,287.6398444690672,141.75291045722312,139.65438343393944,154.63762198296874,136.7366460321501,242.63268193909596
2023-10-31,284.97740381389303,142.0891135813987,139.22799964843236,155.08039712323284,137.12208721135994,241.51834010649574
2023-11-01,295.77413762424396,145.43423950892688,141.88733916623332,159.63644894799788,139.6915626144781,249.99996915026378
2023-11-02,304.02709205429494,146.37979520944347,143.05429654453437,160.88325310556453,142.58222865196794,249.21436210704684
2023-11-03,314.5023747945612,148.26249332909475,144.86085120677666,161.5008233469786,141.84348398393115,252.20454066161824
2023-11-06,319.71559218633,149.83001496540317,146.15124615948224,162.82918432775494,143.9151356352099,253.16650947697727
2023-11-07,321.1411566402941,151.51099121054912,146.9591776221151,166.2899175266182,145.9948341270482,255.5875720973761
2023-11-08,325.46685820371584,152.63305519191337,147.93533955617266,165.55581721777085,146.85399579031028,256.35721131711466
2023-11-09,328.09433878488375,151.57823183538423,146.14004577465914,163.83128245570848,146.46857944702808,256.9744775196121
2023-11-10,337.77299120623275,155.35202823082474,148.77690674236374,167.28035197983323,149.8695865438944,263.56420329877466
2023-11-13,339.76459371099253,154.09552237552217,148.21590228217346,166.15007788969987,148.5831475812911,263.9009096600026
2023-11-14,347.0043736815275,155.60417729264543,149.93265509356945,169.89047258240782,150.70576255611368,269.60872785929854
2023-11-15,341.6374548184777,155.66736221709522,151.05473315212794,166.86086862906217,151.16404751112958,266.7227473738545
2023-11-16,345.77444142167855,158.40451371889876,153.64675801145117,166.4297393835446,152.53090520747313,267.9092282296805
2023-11-17,344.50263185392885,155.74314737575185,151.82899432211357,169.168018168307,152.51479910839018,268.59066188355905
2023-11-20,352.26643903002486,158.93928865902797,152.88374907992207,170.27500046894727,153.92988817623575,272.54288329285646
2023-11-21,349.0169148402376,157.09909007933683,153.6916286889215,167.67652576111922,153.27862806335645,270.1459328263035
2023-11-22,340.4354318614069,159.1119249929058,155.39721568458333,170.95083574407798,153.81730691618495,273.76144787437295
2023-11-24,333.86659687115355,158.9350492052271,153.3774475239069,170.9857912083096,152.73994921052795,271.14798161898676
2023-11-27,337.12306500230187,159.4319578165159,153.06328364343676,172.13935708793602,152.5952054241666,268.3181229737122
2023-11-28,334.1810505849436,161.1542785801531,153.9497387916427,171.32369995587894,153.08567774142074,271.75720221027257
2023-11-29,336.41029612905317,159.533035320294,151.4699251950842,170.49639692907533,152.25751131586952,266.3139513489788
2023-11-30,326.8364972222565,159.55830141492754,148.7096007261583,170.22838132997717,152.72386794737267,262.2655281221876
2023-12-01,326.80153714825013,157.70545010005375,147.95780946399677,171.32369995587894,153.76105354005102,260.39758893269413
2023-12-04,318.03139262413214,155.44415431821838,145.05158615511445,168.771844387021,152.3057675232992,256.5495902723131
2023-12-05,325.43956317267345,156.86748202432213,146.9815783917613,171.148922634721,155.513811880266,255.16275888944406
2023-12-06,318.0104539701818,155.30098415704302,145.8931879103945,168.39898017522003,154.62941691450854,254.48934616698816
2023-12-07,325.64916337191113,156.20633723529335,153.64675801145117,171.148922634721,156.19724693741966,261.81652872104274
2023-12-08,332.0089857271959,157.58757228399983,151.4699251950842,171.77813877088158,157.35503579478075,266.75485577933404
2023-12-11,325.8658677573106,156.35372059978167,149.562351012628,169.99533897510258,155.32086155833028,260.7664036994016
2023-12-12,333.06430456928035,157.65073095796168,148.6984003413352,171.84804969934478,156.55099747294437,267.93329102394836
2023-12-13,336.0764795018523,157.64649150416085,148.75452325726204,173.43276260448079,159.16408476502107,268.35015733982476
2023-12-14,337.9074633014368,154.09241169270234,148.04758538802636,171.77813877088158,159.28467561173994,267.091537460773
2023-12-15,341.6814153087867,156.11373863911695,148.7881416962758,174.74947769051062,158.85051876043886,268.4944847458543
2023-12-18,349.9771283931419,156.92220116641417,152.37881568202522,179.52692597540369,157.49975474521443,276.27064202126485
2023-12-19,346.67138498579664,157.17906219081848,153.3325768464366,179.20064534258887,158.34397759799324,280.87216399917224
2023-12-20,336.2371516219612,156.06736715218693,155.22888150589174,177.25471412039846,156.64748505187603,280.00642168109596
2023-12-21,342.38032300678003,157.29699250784824,157.5628135470383,179.25891037630552,156.52689420515716,283.8624165931106
2023-12-22,341.262134787911,157.73494252324417,158.76346714480326,178.7695160970713,155.65855566662734,283.3012722307827
2023-12-26,344.4000484740522,157.7686350245035,158.7971028683615,178.75787020232474,155.21632713883903,284.4556693609181
2023-12-27,345.36453522164027,157.52016103099317,157.50672520020038,178.67629559912305,155.29672103665163,286.8606407588937
2023-12-28,346.0983495787064,158.02969612697677,157.34960869087638,178.72291473809315,155.6424371495806,287.2534936400801
2023-12-29,346.0983495787064,158.34974207583085,156.7437162686713,177.0449813350089,154.7982391327294,283.75819384419424
2024-01-02,336.63554690382006,156.17267098452191,155.03812927300947,174.70285855154052,149.25853579788523,277.60942185496503
2024-01-03,332.4492316094888,156.05895387080508,155.87969645920057,173.0016333589632,148.14095630739428,276.1503527297142
2024-01-04,335.4474919518718,154.93887180127962,153.0408655892461,168.45724520893668,146.25951060804562,278.2747889662093
2024-01-05,343.12813207643546,154.85883406357817,152.30024014281872,169.23794687676218,145.67258796575126,282.14689978043623
2024-01-08,365.1847071709882,157.78126150919832,155.78995510425995,173.73573366781054,149.19422316322792,287.5260325499269
2024-01-09,371.3838039912306,158.24443824349586,158.15752286896475,176.38079195462475,148.85652905493086,286.53997626051097
2024-01-10,379.8401891956946,161.18371850236767,159.6498877239202,179.1307344141257,149.70072707178204,296.99371788311083
2024-01-11,383.1388818318117,161.96696743600722,159.42549976747966,180.8203137119565,149.21831401305127,296.3524135661345
2024-01-12,382.35611268814995,163.58399749255338,160.06506248233197,180.16778800631084,149.48364864613148,300.21642940957184
2024-01-16,394.0413772105854,164.34196720631545,159.88554520336174,178.46656281373353,147.64246198550822,294.58070087392366
2024-01-17,391.74207798112917,164.0050815694537,158.74101452152362,176.77698351590274,146.87860819461434,295.3101860769711
2024-01-18,399.10829109936947,165.85791975908353,160.9963710234637,178.86273659501953,151.66254183301564,301.5311464490041
2024-01-19,415.76950387875877,167.8792204550102,164.25042850546333,181.00675470785293,154.01832891460788,307.3993585969639
2024-01-22,416.9086841665117,166.96961479771505,163.81281840831642,180.3542290022073,155.89170293746935,306.06057876326366
2024-01-23,418.43923567236214,167.97605850498746,164.99103666734624,181.79912005041695,156.92890094811153,308.80228120225615
2024-01-24,428.84553302595265,169.51727715238906,166.8536537496097,182.78955450363196,156.38216283675965,313.21144890475415
2024-01-25,430.6275887464083,170.48997585742626,170.41065744271188,183.81496220107053,156.1168157857156,315.19960334643133
2024-01-26,426.53223908390714,170.09417100040346,170.76976113883023,185.4113210009531,154.70979839435728,315.9692425661699
2024-01-29,436.55410916076124,172.53232944467356,172.25087375532914,187.9049115360944,154.15502586040967,321.48465713047847
2024-01-30,438.7136482165922,172.05647372470537,169.95059472228533,185.27149914402673,151.18818803280826,320.71504259052887
2024-01-31,429.9986011964277,167.42016504731782,157.2037617045534,180.84362328144155,148.26153473614931,312.7625482227652
2024-02-01,440.48181605432563,170.0310123264416,158.3931630638618,185.59776199684956,150.23941834257437,316.48231069954
2024-02-02,462.3776656138361,173.16398181051193,159.76211627122942,200.198086890643,149.42737043406993,380.78397077320665
2024-02-05,484.54609157923585,170.81843508766218,161.22079354899316,198.45024255909559,150.8987252960132,368.29404783954976
2024-02-06,476.7955313066595,170.75108946087536,161.69210850787627,197.09857200883417,152.20123310380797,364.5341807056618
2024-02-07,489.9063869905259,174.355662085869,163.30788501041954,198.70659448345523,152.28968626014392,376.4550123849351
2024-02-08,486.70549709773303,174.38096755623445,163.7230770533758,197.9025832461447,151.41330088105454,376.7836731349514
2024-02-09,504.12170325533975,177.09278733718463,167.1903048224484,203.2742922029668,152.03319321730814,375.26853152910917
2024-02-12,504.9254377604187,174.8652103070966,165.5408407427134,200.81565713205705,150.66460942399274,375.9018395944518
2024-02-13,504.0867698888001,171.10058845718794,162.85909181299402,196.50431133690515,148.9659437342059,368.86321313330035
2024-02-14,516.4709688166956,172.75434294634954,163.75669549238958,199.23094422692108,148.24946447531,379.4131812531829
2024-02-15,507.7907216257369,171.51827309590118,160.19972636837633,197.85598188716656,148.01599433740847,388.03111677155783
2024-02-16,507.4761610820797,170.46355474132375,157.67502480980303,197.51805535960523,146.76817524230552,379.4452402990845
2024-02-20,485.3846526209873,169.92779540789715,158.348275101847,194.68655607689456,146.1643890051348,378.1865957402438
2024-02-21,471.54697993634943,169.67040937373423,159.9528685041117,196.44604630318852,146.7762345008289,375.6025231135479
2024-02-22,548.8848597707765,173.6656023843843,161.68085626941973,203.42577773463168,148.4265570574393,390.128084402904
2024-02-23,550.8346116751023,173.11295086197416,161.53499199855224,203.90352611911936,146.9372458198029,388.44277565195677
2024-02-26,552.7565878139839,171.93167890508164,154.3648789809655,203.6005550557896,145.8423787851506,386.60504452419036
2024-02-27,550.0239866435959,171.90637343471622,155.83482578173025,202.21392904129664,147.02579831984949,390.86640497041077
2024-02-28,542.7695442738024,172.00760844142192,153.0295960662451,201.77115390103245,146.05168356544579,388.43477940032307
2024-02-29,552.8963212801423,174.50515861463575,155.36354539193613,205.9659696287511,145.51230930664298,393.33818455718966
2024-03-01,575.0298138790025,175.2898513251115,153.8823636372593,207.66721260132041,144.63479389284538,403.10476681486466
2024-03-04,595.702568290158,175.04513115137527,149.62970888246693,206.92146639772653,140.96379542646395,399.8064857745079
2024-03-05,600.8115998540437,169.8687055595646,148.86666538184886,202.88976431642732,136.9546433871238,393.41037293999347
2024-03-06,619.9338255742023,169.63246429343008,147.44164111218785,202.17897357706502,136.1495992102175,398.1211770235607
2024-03-07,647.6735893533355,172.60671020222588,150.78545723367262,206.03589833720628,136.05298745164757,411.04168823577396
2024-03-08,611.742645514798,171.3748010541146,151.9412055848783,204.32300946989042,137.44572418460547,406.033961610835
2024-03-11,599.4837580210034,170.6575983481093,154.47714209736367,200.37288199179292,139.07193105546483,388.0896819108376
2024-03-12,642.3898909567516,175.19700334929976,155.40839878486196,204.3696108288686,139.45832841788933,401.05839275095366
2024-03-13,635.2259334843862,175.12108693820346,156.85591024689157,205.7329272738765,137.7677468225535,397.70386647148246
2024-03-14,614.6500203477513,179.39049254578018,160.57003044931778,208.28478284273447,139.27318899520046,394.7024092533414
2024-03-15,613.9022112780958,175.67795166392654,158.41563297168594,203.2393367387352,138.96727245633534,388.4989715314932
2024-03-18,618.2214496345584,176.0576518466037,165.70914035231604,203.30924766719835,139.85282229272866,398.8354347967996
2024-03-19,624.8123182848999,177.7831226687926,164.97980171343417,204.96387150079758,141.75274592225114,398.2415156746893
2024-03-20,631.6196242459731,179.39469262384915,166.89855899616896,207.5856379981187,143.83779655649863,405.68893816071653
2024-03-21,639.0491073529996,181.14125571309057,165.6194162819199,207.5856379981187,137.96095792172957,407.4865646313697
2024-03-22,658.9959528172539,180.87548264803374,169.17638540593313,208.42460469966082,138.69355569767225,408.9471392237491
2024-03-25,663.9791922126369,178.39483778904741,168.3909411356689,209.40341103812128,137.5423359431754,403.6825947145517
2024-03-26,646.9187829273853,177.8843839259862,169.06420871225737,207.76043309926862,136.62461116250768,397.96068435574085
2024-03-27,630.7669616617653,177.79154907541843,169.2885793841534,209.54323289504765,139.52275281422106,396.33152212475215
2024-03-28,631.507773375126,177.4920178828824,169.35593725399232,210.18411270594677,138.04952283973998,389.68663701719083
2024-04-01,631.5566480393213,179.11625369836563,174.47261181825544,210.871593875824,136.88219698616018,394.3172317865317
2024-04-02,625.1895879605411,177.79577540397534,173.4290747298145,210.54533102300118,135.92420074880323,399.1483992010165
2024-04-03,621.7789910386433,177.378130140994,173.83303181885867,212.54952727890824,136.5762556113674,406.66798539005856
2024-04-04,600.3991831521288,176.29387998749425,168.90707491838884,209.74131978569065,135.90809464972028,410.0225116695297
2024-04-05,615.0974238311394,179.51701989760736,171.11757802740308,215.64904216071707,136.51992772745055,423.1998407660014
2024-04-08,608.9818412594974,179.12471948072334,173.75447356419667,215.78886401764345,135.61023736937855,416.7074273948373
2024-04-09,596.5481801031376,179.83765648243988,175.71811880894623,216.34816922534088,136.59237412841415,414.82159535832403
2024-04-10,608.3248909918051,178.56357592546752,175.20196774168178,216.67443207816368,135.0708382746481,417.17293757481826
2024-04-11,633.3249494143887,180.5337537961487,178.87118269754873,220.2866508086918,140.9154647112513,419.84526512695226
2024-04-12,616.3414576334447,177.98983213600482,176.98609570746115,216.88418264354522,142.13110886207988,410.8089578255724
2024-04-15,601.0703417921444,174.50515861463575,173.7657085181087,213.95944508289432,139.02361275821605,401.4435702177633
2024-04-16,610.9528523073749,174.9016984853206,173.2495401662998,213.6098904405784,136.35891640847652,401.06638900258724
2024-04-17,587.3296172118941,173.74575824928147,174.45017647952028,211.2328121928784,135.24795569270506,396.58031907758794
2024-04-18,591.7747545667264,170.55216326333468,175.05608618626982,208.83244215568536,134.47509887803696,402.70352280542073
2024-04-19,532.5700161279715,168.3794891287542,172.9016714240935,203.48404276834833,132.83279832605848,386.0673212816165
2024-04-22,555.7598424526535,169.15574230736016,175.35903239737237,206.513628941702,133.50905580012045,386.5969989129787
2024-04-23,576.0631791833991,171.9443578907523,177.58075317575418,209.20530636748632,134.3623934383479,398.12914859540535
2024-04-24,556.8711401450951,172.5729389495027,178.5570188170786,205.7678827381081,136.06911838665815,396.0426451945921
2024-04-25,577.523917371104,168.34574412651895,175.04486851690226,202.36541457296147,136.76949154647113,354.2154128490632
2024-04-26,613.1893889899136,171.41699871346358,192.9420809606335,209.29852686543455,136.29452926603625,355.7482005040353
2024-04-29,613.3432239985284,169.6999542979005,186.43400056572315,210.85994798107745,139.67569245670788,347.1853502746922
2024-04-30,603.8728631105453,164.24928985867524,182.65257434709144,203.91517201386588,137.12372638258506,345.2192348845856
2024-05-01,580.3824709547953,166.6160338505292,183.86446289876847,208.5760902313257,136.29452926603625,352.4579157153122
2024-05-02,599.7842170222042,167.83947721628277,186.96136930235517,215.24120470469254,139.29735435280676,354.4561395108984
2024-05-03,620.5557890604214,171.5604576300062,187.65710678676774,216.97740314149345,147.62957213905636,362.7060500158136
2024-05-06,643.9763678980255,174.4629478300428,188.62210290509117,219.8788133526673,146.28515370334728,373.71659235787865
2024-05-07,632.8915940585234,172.691066145192,192.15663669036925,219.94872428113047,146.8406464791968,375.7710367127903
2024-05-08,631.8991980081571,173.19733305542817,190.05836212866424,219.06315622061024,147.11435081989606,379.270038477025
2024-05-09,620.2624342453822,173.94826763842474,190.7091425128841,220.81100055215765,148.5876056303048,381.53312576808133
2024-05-10,628.1669363564405,174.96920161503502,189.2392129966638,218.4572318739427,147.56379418466753,382.1590792563042
2024-05-13,631.8084460360611,174.53887736638305,189.78903435657548,217.39688649226449,150.16763009369353,375.5864318911246
2024-05-14,638.4970105998598,175.73702838701516,191.13555222520793,217.97950126944698,151.0946683472311,378.6680984234921
2024-05-15,661.3792737371791,178.80959549835634,193.57046057520716,216.7210512171338,152.94073526763816,386.44455185637054
2024-05-16,659.4852336085427,177.926279704724,195.44432989592718,213.97110875763286,153.0374463699187,379.77560395454134
2024-05-17,646.3456406904281,177.59662607728723,197.55383941154423,215.2178951352075,153.06163656345268,378.71627337160595
2024-05-20,662.4276486379025,179.76478512794355,198.51885281441213,213.86622458494608,154.0048305879285,376.25256407582765
2024-05-21,666.6630255486965,181.32852669398994,199.56240718739758,213.41178576994344,155.06090390358693,372.87395032229955
2024-05-22,663.6157570047843,181.9540101951645,197.91292582311812,213.38849398045036,153.89197613267353,375.4018764290369
2024-05-23,725.4624514716983,180.46634254314202,194.73744388032492,210.96481437377227,150.65132220269842,373.79680167210506
2024-05-24,744.1232789958793,181.80187549236072,196.35325495195715,210.61524195146438,153.15033807906516,383.7801465165033
2024-05-28,796.0663640488119,181.8694967492708,197.93537844639772,212.2465562155785,153.15838491962472,385.14444525202197
2024-05-29,802.5242829295554,181.38346896522938,197.37428756348504,212.0950884639056,153.40022476514525,380.68243812129055
2024-05-30,772.2963447159443,175.2552269315306,193.12161552414818,208.94897222311863,154.2063617228683,374.81602759792725
2024-05-31,766.2369012394602,175.44963804514717,193.5592429058396,205.59310541695015,154.98028648242547,374.63949306726215
2024-06-03,803.7473780779104,174.76917289700123,194.3110341680011,207.8070344582468,156.41519462053807,383.19432236518264
2024-06-04,813.7908277879174,175.84691292949407,195.00671979878024,208.9722640126117,156.67316540106918,382.7930536759497
2024-06-05,855.7463351513329,179.20265717939031,196.82450077266236,211.2328121928784,157.89849556368242,397.2945521710379
2024-06-06,845.6680054897198,179.41818681054733,198.30563067370574,215.56746755751539,156.77794817983695,396.2512881307367
2024-06-07,844.8993111810476,179.1350359224802,195.7584937763973,214.7518104254583,158.72076345641605,395.6093174594576
2024-06-10,851.2033950531762,180.8340200023468,196.60102889707926,217.96783759470847,155.6816158254531,403.3455428362778
2024-06-11,845.1223719435391,182.86692341393896,198.4096836314759,218.16592448535147,166.99174826303732,407.2538095413792
2024-06-12,875.1081802633823,186.40862612033803,199.72398310919743,217.76975070406544,171.76408352322468,408.35326946121677
2024-06-13,905.9325496249771,186.62839520529587,196.76955320576016,214.20415111250742,172.7072775477005,404.5493735837657
2024-06-14,921.7992419753242,187.04681485767117,198.60060870980297,214.00606422186442,171.29654718515806,404.99921209773635
2024-06-17,915.508565251516,189.4980985459067,199.10612978221215,214.47214893161362,174.6661865053987,406.9833930933857
2024-06-18,947.6609366909516,188.64016697410364,196.69089124383126,213.01561198865744,172.74757384031741,401.247736092106
2024-06-20,914.1105896107285,188.36966882121922,198.0501823908345,216.8492271793136,169.03127464189697,403.0230520335097
2024-06-21,884.6840356451205,190.09402399767106,201.79102449902692,220.32160627292342,167.26582514265135,397.464077641629
2024-06-24,825.5512471218532,189.202255546925,201.3304259577215,216.23165693789957,167.78982596223696,400.78175699613405
2024-06-25,881.328936839178,190.58853068931418,206.73385111490927,217.12887089316632,168.53954811029635,410.17254010681665
2024-06-26,883.4958738633052,191.099890194209,206.5653268062284,225.60009473179727,171.90919984850083,412.1968751191571
2024-06-27,866.6506199303803,191.3915199898778,208.28410190932857,230.54067444310178,172.59442309244554,417.3701784484483
2024-06-28,863.5053349834097,188.89797301607342,204.62190447852055,225.18061138102618,169.78906846644355,405.0473870458502
2024-07-01,868.8173967097068,193.03136172043597,205.56553689986657,229.78326456476935,174.7306729915496,405.4169175264385
2024-07-02,857.424258458839,194.10908862768488,208.0931076928236,233.0459108729896,177.56828948757274,409.2888802619315
2024-07-03,896.6363214203565,194.73879845741632,208.74464859700055,230.237703379772,178.60017260969718,409.65838606273087
2024-07-05,879.5117073849818,197.60854117375908,214.11440346154114,233.0459108729896,182.4615632974661,433.71767580061544
2024-07-08,896.0770136511877,197.05062642851874,212.35070582733724,232.21859006619403,183.65463159005816,425.21060189439595
2024-07-09,918.3045165330905,194.21898629540777,212.29454834232143,232.27685509991068,184.34790167456242,425.75681498438325
2024-07-10,942.9780494669023,197.0548921328075,214.7659097966292,232.80120484337647,187.81431418690278,429.5244809315929
2024-07-11,890.4855384075072,192.17340389814495,208.46382660283257,227.27802813488148,183.45312529104604,411.8595024036264
2024-07-12,903.3466258621086,191.6873761141035,207.90214804540753,226.62550242923584,185.84734597068118,400.7496239108655
2024-07-15,897.7547232989597,191.86062933444776,209.5422611865788,224.56304113961215,188.95903934631838,398.57266908339386
2024-07-16,883.2161398563205,189.98413945519212,206.61026662187666,224.91261356192004,189.29762754801095,393.45556163363915
2024-07-17,824.7124724203675,187.44831607057498,203.3524756782693,218.98158161740855,184.50914893484915,371.1233882092555
2024-07-18,846.3805607032343,186.11699632466917,199.6116854237103,214.1109306145592,180.72029157379063,382.25735417607325
2024-07-19,824.2932186069586,184.73918696463772,199.5779978465186,213.38849398045036,180.82509918848606,383.0125063596731
2024-07-22,863.5053349834097,187.2031890142758,204.08266125983067,212.71265870531968,180.54293821442099,391.5356468085269
2024-07-23,856.8651643494045,188.01043089388426,204.21749799131987,217.21044549636807,181.38938388272473,392.5719264685431
2024-07-24,798.5710971126891,181.2693580941936,193.92742098781,210.70846244941256,176.1736528061494,370.5449926744216
2024-07-25,784.8014216384564,176.83166060849155,187.91737745754895,209.5665424645327,175.32721955580942,364.23094013830803
2024-07-26,790.2532702458456,179.73517457755744,187.60283331710025,212.654393671603,175.7061164680827,374.1037442078078
2024-07-29,779.9785872885144,180.35224479735018,190.44496553505041,213.4700508036601,175.93182537859266,374.1117404594414
2024-07-30,725.0396188577417,178.74196111620225,191.2987183251,211.7338701468512,176.38328045350406,372.08740544710093
2024-07-31,817.9324614903367,176.81054209095112,192.702932003207,217.8746170967602,179.02738781921929,381.4379851815143
2024-08-01,763.3431472145614,176.28643797416586,191.8267093053333,214.48381260635213,176.02858615272854,399.8419259515015
2024-08-02,749.7830185246328,172.64329025715764,187.2208967377237,195.642035065878,177.2377853803312,392.13008420620605
2024-08-05,702.1135554749138,167.00532858654512,178.8967292542903,187.62526782224168,168.70078295261925,382.1609549202676
2024-08-06,728.6742914258682,168.89029737340243,177.81829467054405,188.68561320391987,167.05623474918818,396.90981894043
2024-08-07,691.3494314814932,168.39156435320243,178.5484456830165,189.66441954238033,169.14414151511576,392.75667936894274
2024-08-08,733.7068862198486,170.19201969416605,182.01968346640848,193.19506366970677,171.95755539964114,409.3933498087378
2024-08-09,732.1691771129027,171.59937397836381,183.8620257779968,194.52342465048312,174.3195638811104,415.93233394173126
2024-08-12,762.0151451367205,171.9332670596015,182.31175769903305,194.36029322407174,175.56245304457428,414.4703032418014
2024-08-13,811.781625062554,174.97628924677636,184.41246938150974,198.35702206114735,178.58091234780233,424.5840314114482
2024-08-14,825.3417003375491,176.18079288548776,180.15488853154054,198.20555430947445,178.9440756999075,423.1541337967869
2024-08-15,858.7523673665469,178.26391348049182,181.19965282263956,206.93311229247306,181.36529303290138,431.6451658401611
2024-08-16,870.7744664599286,177.18001770857916,183.06443047296304,206.315542051059,182.4387018260616,423.6843543835069
2024-08-19,908.6587410033394,178.4756105404109,187.23213169163577,207.66721260132041,182.30957983819394,425.17846880912737
2024-08-20,889.4369498470496,179.8601137748648,187.80504520297282,208.43626837439933,182.80997410854542,423.12994760357395
2024-08-21,898.1740305273022,179.58069045608386,186.31096917811385,209.86949574787047,182.72117324922232,429.9019336244479
2024-08-22,864.9032037943298,175.9436853532515,184.0080456097646,205.23188709989574,181.2119808514998,427.3072486884852
2024-08-23,904.2550002220057,176.4687213623583,186.052582522681,206.2922324815739,183.07628976076793,424.1502594401118
2024-08-26,883.9150742617805,175.07148664125793,186.65920089575422,204.49778679104838,183.3507019254053,418.6234181334997
2024-08-27,896.776161716382,175.21969689611606,184.99663513130332,201.72453476206238,184.03671991903488,417.000672647649
2024-08-28,877.9739448631025,173.84787264733285,182.94086326447487,199.0212114415315,182.79381833760718,415.13700306165117
2024-08-29,821.91662796866,174.91482372928607,181.73884418769597,200.5593052076974,185.45714871132583,416.29374477174093
2024-08-30,834.358301365052,176.61687911624057,183.53626396818055,207.9934754541432,184.81957319458328,418.77598858905276
2024-09-03,754.8855868815594,173.3567128929009,176.773564948534,205.37170895682212,179.79151480531738,411.10437489981547
2024-09-04,742.3741001670219,173.12807114302237,175.751305134348,201.96924079167547,178.24193918923115,411.8916354888949
2024-09-05,749.3638715410909,172.91213462930241,176.63874550158926,207.28268471478094,179.4767566762078,415.20126923218834
2024-09-06,718.7489955488668,170.07962823008972,169.53901514912545,199.70869261140876,178.2177117418057,401.8742572154757
2024-09-09,744.1914364510851,171.78168361704422,167.2780930238628,204.38125672361508,178.29036924815438,405.5052958508216
2024-09-10,755.5845212870195,175.37210722904314,167.22184911612456,209.2169700422248,177.644697218997,405.5052958508216
2024-09-11,817.1636603517975,179.11495429921305,170.03400993394624,215.00816234981795,179.70273878192194,411.16059545914095
2024-09-12,832.8218742165114,180.79162546433832,174.00477105281286,217.8979266662453,179.79151480531738,422.222274323999
2024-09-13,832.5423004543273,182.31162059224778,177.1206213171497,217.30366599431625,179.57359195812663,421.4350384147085
2024-09-16,816.3248322353783,182.6291727447484,177.7955136409193,215.43929159533553,174.5858795333329,428.8004746417019
2024-09-17,808.0064178042657,184.24233085432476,179.21286357283114,217.75810480931895,174.96521107434012,431.24485966269884
2024-09-18,792.4879908206437,182.40474419818278,179.7640158426678,217.23373728586114,178.11280478339967,432.5554551773693
2024-09-19,823.9442588460972,185.7411549637179,182.38497502945071,221.24212979767526,184.7146414002496,449.56180417648665
2024-09-20,810.8724494786536,184.29312554847112,184.01599650022544,223.25798972832084,184.17391358338972,451.37098078838847
2024-09-23,812.6899460075174,183.54795294757542,182.05874653693348,225.91471168987357,182.7776874025966,453.8313583126527
2024-09-24,844.915175416311,181.71039254192138,182.55368946812087,226.0079321878218,183.50403894273458,452.9630246167321
2024-09-25,863.3694473924666,182.95516442911884,181.65380422885394,224.3416446794841,182.69695821976072,456.9673697403822
2024-09-26,867.0742537683401,182.6164806338338,183.04861511476375,222.7452858796015,183.62512650800647,456.5894234517474
2024-09-27,848.6199817921845,181.22348536653425,184.42095609284945,219.02820075637862,183.84299968334193,456.2035302710568
2024-09-30,848.8995555543685,182.18882080970678,186.5581900178126,217.1172249984198,188.0478464146234,460.2882821472453
2024-10-01,817.8627015871247,178.1199689299225,187.84053037279048,215.71895308918027,182.56783623189307,463.5285903632581
2024-10-02,830.7947774884099,176.61266591292767,186.5694768253581,215.2878060636707,183.0278597018447,460.5857229641858
2024-10-03,858.7558927521611,176.36284001928885,186.5694768253581,212.02517753544242,182.1320153734392,468.59441321148597
2024-10-04,873.2257311753254,176.15962186697146,187.91927875744173,217.32695778380932,183.0440030548191,479.18411579164683
2024-10-07,892.798565274885,173.39906805517748,183.32983465345484,210.673506985181,178.91988550637353,470.2105938734645
2024-10-08,928.9382546737233,175.5880306175191,184.90466407012477,212.91074559596268,182.21273213831128,476.73168515943826
2024-10-09,927.2605984408848,176.7523841349401,182.07001605993452,215.76555444815838,185.2553816350733,474.81791560178516
2024-10-10,942.3596113662973,176.0664720105485,182.31746159871147,217.49008921022076,184.8518599005321,469.44670504456127
2024-10-11,942.2897446332181,176.26971641335382,183.6223237151469,220.01865298958566,183.64931670154044,474.3677068909796
2024-10-14,965.1479176355078,177.46369360640492,185.55706920152576,218.52714280240585,186.67582284532804,474.7456038200364
2024-10-15,919.920852422217,177.2942992077865,186.11950827890792,218.70193790355583,188.7338768262168,471.4086495503281
2024-10-16,948.7207958023876,176.18503233928863,185.78204483247862,217.76975070406544,187.0632384807863,463.7859018432964
2024-10-17,957.1788368697914,176.4390845614843,183.27357346117213,218.51549690765935,187.36182842099382,463.89844168110335
2024-10-18,964.658636844219,177.0487390184365,183.8247775846422,220.21673988022866,189.66198302464346,463.5285903632581
2024-10-21,1004.5730527669436,177.3112701482339,184.5559311006945,220.3099603781769,190.85647938307554,462.475306328626
2024-10-22,1003.7342246505245,181.00756197805828,185.75957492465452,221.04404290703226,190.35610994865172,467.9832922764477
2024-10-23,975.5634023576685,179.77544282604353,183.10484173795749,215.22955880994604,186.24001440483804,453.252518541617
2024-10-24,981.505172735549,179.8305032244787,183.03739744539618,217.17549003213645,186.08666496954493,456.5411497844775
2024-10-25,989.404173108452,181.27851951448147,185.9057848864116,218.86506932996724,186.76461128668734,460.93953241918575
2024-10-28,982.274240948756,180.618030987651,187.53682364173082,219.51759503561289,188.37067622022016,464.88755826435437
2024-10-29,987.3769695504834,182.88745129550094,190.86643186765292,222.36075799306207,188.58858664944708,477.04526655838004
2024-10-30,974.0255864208557,183.13301148485098,196.24325611088588,224.5746870343587,185.70734584650154,475.8552071331501
2024-10-31,928.0294529943577,172.04842795015452,192.47496614605905,217.19878182162952,182.32571077320452,456.38038563897885
2024-11-01,946.483885215314,173.75048333710902,192.67742001555436,230.63387716105802,179.90450585817445,456.0426674064022
2024-11-04,951.0276799524073,172.94177143017646,190.37148893646557,228.12864073117018,179.17815431803646,450.8322209946769
2024-11-05,978.0100199738466,174.21196691493503,190.93389344475872,232.46329609580712,180.34031429866445,460.2801871764557
2024-11-06,1017.8547828232263,177.9040455414465,198.54920447451917,241.30738414623903,179.75116884084517,459.97455266956956
2024-11-07,1040.712955825516,180.1268581079751,203.3186152556328,244.75647145035575,183.59282738409382,475.77484974018967
2024-11-08,1031.9747000167256,178.90325723929394,200.61895953783204,242.5774800932987,183.37466859559038,473.8772207645379
2024-11-11,1015.4079515473137,176.98527846386344,202.86868127827157,241.01607675764777,181.16894018887723,468.91599086206134
2024-11-12,1036.588468316765,179.1107148454122,204.297248879551,243.42811046957937,181.16894018887723,470.24272695873304
2024-11-13,1022.4682306336647,180.02949504823923,201.21513804603927,249.47565470153216,181.8880148022129,466.3671116144691
2024-11-14,1025.8935166622878,180.74501772301693,197.50309198895067,246.42274117870144,184.3926932700845,464.0834907389709
2024-11-15,992.4796981522105,175.7108041495721,194.02727380127146,236.0871607210818,181.79106775861962,445.5253259675681
2024-11-18,979.6876762066852,176.03260888111757,197.18811573489,235.02679755941162,184.23111072477445,445.7825880880284
2024-11-19,1027.6410396282054,176.89210235695256,200.36024447605402,238.4176198298117,184.44117300086305,451.1619429756199
2024-11-20,1019.8119059883816,175.91827488093435,197.95304325085638,236.4017776791581,185.02290493427793,454.7239769209421
2024-11-21,1025.2643955749734,175.15886139033609,188.5604489349307,231.15824468451584,184.63510434194106,452.7700780263869
2024-11-22,992.27020478284,176.9110158335068,185.33207628602844,229.69004406682112,185.72583619463916,449.59388790217724
2024-11-25,950.8178660934353,177.6704161988611,188.5829361272993,234.73549017082038,188.14969855392812,454.3943536591551
2024-11-26,957.1089701367122,181.57348312211755,190.2364793595316,242.2046158814978,189.91914663752584,461.1727070655891
2024-11-27,946.0643643272373,179.45228619436963,190.36021941346456,239.73433491584154,189.81411549948155,457.6829849020156
2024-11-29,966.4062666400037,179.6516455249612,190.04524315940387,242.23957134572936,191.75323022284036,461.7998698634726
2024-12-02,969.0624844554197,182.8420117008925,192.90243021559615,245.5255272234347,193.57919245981236,476.6834608517464
2024-12-03,980.4566375900251,182.935332185487,192.73368120783704,248.70659892845325,196.0515593858075,493.42440340003577
2024-12-04,1014.5691234308947,185.57414935950123,196.1420032493215,254.20648384745513,196.34243777047877,493.52894698620906
2024-12-05,1014.0799494694729,187.7802403652178,194.1959882399416,256.9913817711877,196.36666521790423,489.6290960891543
2024-12-06,995.7640755861371,188.18326410642157,196.52445836503247,264.5420643050748,196.20505783666653,501.56177406714403
2024-12-09,970.3876021268492,189.22267842653525,197.49294596134087,263.44674567917303,199.3642126700485,493.3600878699207
2024-12-10,944.2421672842212,188.08143846373744,208.52923131914517,262.2232510910914,200.18833083939228,497.9835501802427
2024-12-11,973.8829685482856,190.48268872197661,220.0497259060148,268.3057507872758,199.1541379759961,508.7260700138466
2024-12-12,960.1109962319103,190.72450821679647,216.17579280532567,266.8026124853415,200.34186654414276,507.2062886076736
2024-12-13,938.5096766159769,189.75296453322827,213.76584333755565,265.04312225904755,200.47918438813585,498.811754539261
2024-12-16,922.7804743045792,191.58572109959093,221.46868330056327,271.4169115638312,202.83033956922085,502.3445182548378
2024-12-17,911.5254136569298,192.80331060653592,220.0722476674723,269.342804379461,204.80175341649232,498.48183512000605
2024-12-18,901.179047858779,185.56141787285472,212.1666945668022,256.9564263069561,200.41456130438294,480.5765494866172
2024-12-19,913.5525103850315,185.40866628358455,212.29053832800204,260.18409937095277,201.82039898917776,479.27296303202064
2024-12-20,941.6554957122833,185.22626476819636,215.55638386933714,262.08342923416507,205.61783716324035,470.9681153168076
2024-12-23,976.3995597274102,184.65353162251904,219.18261216308207,262.2465606605765,206.24803640946996,482.71717566469147
2024-12-24,980.2445803038441,186.3844625461976,220.84930893366374,266.8958329832897,208.6153846153846,489.0745412304874
2024-12-26,978.2172699160084,185.86688167566314,220.27497808967928,264.56537387455984,209.27785814959924,485.533682544121
2024-12-27,957.8042189117575,182.65107877692677,217.0766805481724,260.7201127891571,206.50657841633708,482.684894500689
2024-12-30,961.1596382073013,180.23288382872818,215.3649748237646,257.86530393696137,203.76758538902376,475.7883742645578
2024-12-31,938.7893572080282,178.8201350692606,213.18024297057022,255.63971122092627,202.3294113264248,471.1773505678881
2025-01-02,966.8921288755456,177.58132204282347,213.32662577777208,256.6068538846482,197.02112916545073,482.2261959424699
2025-01-03,1009.955355130855,179.60498528266393,215.9843319061197,261.23281663787645,196.62521964273517,486.56376757709995
2025-01-06,1044.6294455830357,181.51410451841775,221.70518772268431,265.21789958020554,197.950266054875,507.14068972853096
2025-01-07,979.6853259496091,179.18921692956968,220.151082474846,258.8091370311983,195.69607033534712,497.23446922473505
2025-01-08,979.4755120906372,180.11833982464148,218.41680313534724,258.83244660068334,196.0919426041712,491.46453199654434
2025-01-10,950.1143914186239,177.7383130858945,216.2658452820669,255.11536147746043,191.36539237661202,495.6008152721496
2025-01-13,931.3792103069457,176.99164420718668,215.1059313556415,254.55605626976302,189.3858944348895,489.5412853999181
2025-01-14,921.1026044120068,176.3467747206751,213.58565196135072,253.74038135771397,188.48097257492688,478.2106461946172
2025-01-15,952.4213823985108,180.86076924954844,220.21868232830766,260.25402807940793,192.18951054595578,496.6148090827053
2025-01-16,933.7559611900448,180.12679248175525,217.2456369704653,257.1195577333675,184.42502964788864,491.931276165975
2025-01-17,962.6977746337154,182.0147144485048,220.72543060337492,263.27196835801504,185.81471156174524,493.114277171553
2025-01-21,984.5089081086206,181.7898658941323,223.03404078685816,268.83011831073367,179.88428941306495,496.0837493831595
2025-01-22,1028.131281888298,189.29904109592636,223.39438897017905,273.84059117050936,180.84576268029332,501.748994946443
2025-01-23,1029.179923863689,189.51541074269718,222.95522326402892,274.318339554997,180.70839516444488,512.1702332869394
2025-01-24,997.022424590633,188.3911548455907,225.46652930063016,273.6541679546048,179.99739222759644,521.0545130881239
2025-01-27,827.8458992520907,184.36081243160106,216.00685366757725,274.318339554997,185.71775210018814,531.025098481613
2025-01-28,901.738302213014,189.72328835662233,219.937117098727,277.49941126001556,192.5046163780525,542.6534746613223
2025-01-29,864.7571673660128,187.65720432828545,220.06102999810474,276.24097898769435,193.39337004911306,544.391622840503
2025-01-30,871.398406298689,176.05828185831405,226.20979928236298,273.4094619249917,191.96329249892895,552.8493371687371
2025-01-31,839.3806939067249,176.0879842854079,229.75712363055635,276.9517519470647,190.6786293051528,554.603625929919
2025-02-03,815.5423034589174,174.33161663892426,226.6152082731435,276.64879866372695,184.2230266303234,561.266823440913
2025-02-04,829.4537955817169,174.94675744785405,232.41488161253736,282.0554630847806,188.09314714666237,566.6826550566358
2025-02-05,872.6567018882513,175.33708907814324,215.46631410805136,275.1922617207708,187.826533463308,567.2298059786049
2025-02-06,899.5711515291526,176.41040590341973,215.77038381454514,278.29177660257955,188.43249284414833,572.9595645103154
2025-02-07,907.6803930804961,173.8352199121501,208.7206749338067,267.01234527073103,183.9160297286054,574.9954990234825
2025-02-10,933.7559611900448,174.88312626510944,209.99323223660883,271.6616175934443,184.13438720453007,577.3131286482127
2025-02-11,928.3732315066651,174.55222573949592,208.69813588780465,271.2188246731882,188.15436770832687,579.2445195752065
2025-02-12,916.7684098741511,173.53400868838648,206.77243021818884,266.7559933463714,191.5919705445898,583.7349084632797
2025-02-13,945.779983221034,174.17037301680844,209.62159724574238,268.4339267494556,195.36121994076632,586.2938570647809
2025-02-14,970.6671758890332,173.27523137836326,208.5967793189734,266.46468595778015,197.84436565936284,592.8202298255991
2025-02-18,974.5120896356,173.78855966985287,206.9526043098493,264.0992713848187,197.73923517760792,576.4842332551025
2025-02-19,973.3237141940505,175.9649351232316,208.64184012643298,264.0759795953256,198.06276038917898,566.3446406665912
2025-02-20,979.4755120906372,176.89590867770255,207.8422743833285,259.70636876645705,198.83925566724824,559.1584784268412
2025-02-21,939.7679187906057,173.5291392228753,202.32416627351532,252.36541901795948,198.61277684298108,550.0730089857877
2025-02-24,910.75645227359,171.73947283245127,201.86240966772968,247.85598633216455,199.86650688886542,537.6641591589721
2025-02-25,885.2401385182765,169.14638400841275,197.549259007257,247.96085272485934,199.81796506826777,529.1097494174644
2025-02-26,917.7471851164629,169.9243172182463,194.51991788804298,249.7669620901234,194.41485933551473,542.1464530762555
2025-02-27,839.9400016758935,166.86360220220593,189.75631471387467,243.23002357893637,191.93978529340544,529.7053220854372
2025-02-28,873.2858763904993,168.75951744253047,191.7608379063197,247.35492837819183,195.6119634663504,537.7204784374535
2025-03-03,797.3662164566737,165.14621653029974,188.07834842029203,238.8953682142994,192.53024705539033,527.1381797939904
2025-03-04,810.8584013511309,165.19719497786164,192.48160341113942,237.47378673557483,190.8316434554226,515.027066941583
2025-03-05,820.0163382927987,170.47267678587977,194.8465093559943,242.78723065868024,190.67798357103385,528.2809527435102
2025-03-06,772.9685182396975,168.71703102781424,194.09198713580494,233.8615680050467,190.3463494290841,505.3139411068663
2025-03-07,787.7889188717297,167.19519836574963,195.79245790630065,232.17198870721592,193.3714399249955,503.48724184477965
2025-03-10,747.87156512766,161.60514383561105,187.00964503508806,226.68374968296052,183.99688309107955,481.22029710270385
2025-03-11,760.3152148765931,161.7284423774227,184.9464062450442,229.0724738254071,178.62612615409452,487.4328416666903
2025-03-12,809.1851785577768,162.9271971592772,188.40768813081564,231.75250535644483,175.50397685291543,498.5783330949677
2025-03-13,808.0665096045058,161.01425847752947,183.50328505731252,225.92635758462006,169.5993840689942,475.3054895131258
2025-03-14,850.6441406989412,165.17595833312552,186.58124760014903,230.65718673054306,172.68108806199047,489.38876430394293
2025-03-17,835.6825643975446,165.23550756499688,185.2282825964255,228.082039372192,173.09361282030585,487.21412937663666
2025-03-18,807.0178142141812,163.03347225966561,181.1469349619753,224.67957120704543,172.0340003849569,469.0593804361091
2025-03-19,821.6297897755137,164.86139873624901,184.77731154639548,227.84897923732547,174.0965869226423,470.4286151294264
2025-03-20,828.691083745602,164.44480349278493,183.54838043386107,227.1614980674482,173.17449101870764,471.99119128971273
2025-03-21,822.8882456098767,166.3237477926621,184.89007591458358,228.6296986851429,176.54739626343468,480.2469755844082
2025-03-24,848.826430510343,167.09741529820684,189.0503447791299,236.8445528194222,178.53716386124168,498.44999819220544
2025-03-25,843.7926071728912,167.98162360842883,192.2974020206151,239.69937945160993,180.97988910758303,504.4587370586899
2025-03-26,795.3421643797842,165.77534884929673,186.09639884293802,234.36262595901943,179.18423912031145,492.11119182773217
2025-03-27,779.0521586810785,166.03463804383466,182.91701059309236,234.63062377812562,181.06077972394868,485.34547447326236
2025-03-28,766.7472809295,161.0270162146639,173.9989115922341,224.56304113961215,176.2481109172529,464.5327616177947
2025-03-31,757.7283830598544,159.57743802062922,174.3484050816215,221.6965686126779,179.66954556461377,464.22668287470674
2025-04-01,770.1032343743792,162.4681155010969,177.08812637352713,223.922161328713,180.52691904108485,471.99119128971273
2025-04-02,771.9908112960567,162.4468657311168,177.0543005199796,228.39663855027635,181.0931161017528,470.3238741049412
2025-04-03,711.7249852023942,158.60819125475493,169.92885076532937,207.88860906144845,164.3499630565576,428.1910812918932
2025-04-04,659.3593346101728,152.9671451518105,164.15631416076926,199.25425379640612,152.37091216153286,406.53264142722236
2025-04-07,682.6406607160205,152.12547575728064,165.45286241130975,204.2181252972037,146.77367640028066,415.8113536160888
2025-04-08,673.2722155212447,150.722636557007,163.14157312343212,198.8580800151201,139.46168126812245,411.13976571723106
2025-04-09,799.3272923269113,165.99641733340718,178.93714051928475,222.67537495113837,160.83954128041626,471.80589543395524
2025-04-10,752.0653318052211,162.1110169885283,172.2964876682121,211.16290126441527,154.0209615229391,440.0069251487913
2025-04-11,775.5565251849742,165.12921933936445,177.16703031907875,215.4159820258505,160.27334421974828,437.81614963948385
2025-04-14,774.0183887585601,164.8571461572042,179.3430334773107,212.2116007513469,163.80803069720656,428.0782452966184
2025-04-15,784.4355293436606,163.97293784698223,176.23126236547114,209.26357140120297,163.50066125657378,420.05603052495024
2025-04-16,730.5318491548923,157.97055377766833,172.87147532488677,203.13447034604044,157.13502672966712,404.5834070127867
2025-04-17,709.5575674438651,156.34243288997135,170.42491719190795,201.13027409013338,159.3270084504244,403.91493024812934
2025-04-21,677.5370240604229,152.66107758777966,166.49012521010445,194.96621757073927,156.2372203629771,390.3673302773996
2025-04-22,691.3799314085485,155.93435592984085,170.77439339675092,201.79444569052555,161.55943547936445,402.94837099201766
2025-04-23,718.0871311072882,159.1523376190755,175.1489214746724,210.44046463030642,165.49044127234458,419.04924321278037
2025-04-24,744.0950759109667,164.64034337738255,179.57979716759897,217.36191324804093,168.53977163364524,429.42339251587873
2025-04-25,776.115832954143,166.57455807959832,182.601325672708,220.21673988022866,169.27584643945931,440.7962835199352
2025-04-28,760.1754279955011,166.28122200221395,181.07928325488024,218.71358379830235,169.97145110116293,442.7857706702179
2025-04-29,762.2028986281376,167.50550538358132,180.57193002075616,218.35236548124794,170.8369335080127,446.5713541442363
2025-04-30,761.5036971480098,168.024136273633,179.03860079538288,214.89163228238465,171.8803280826043,442.1897044064653
2025-05-01,780.3106145154414,180.8365662996761,181.8572433173846,221.6266576842147,172.5436087844676,460.88410161310804
2025-05-02,800.5158280132615,185.03653936667547,184.93515400658765,221.37030575985506,166.09707122323152,480.8672280413737
2025-05-05,795.7616852678608,185.41488764922417,185.13810912787287,217.14053456790487,160.87191491211186,482.6794649471106
2025-05-06,793.8040813683036,184.19909630070248,184.03319462198314,215.5791134522619,160.56453305351522,473.04635098830835
2025-05-07,818.413783456527,184.21610661688175,170.67293312065277,219.8904770274058,158.73654668843952,480.69802340803943
2025-05-08,820.5811478001227,186.26507532708766,173.94254669268452,223.81729493601824,159.73953320873977,481.6645826641511
2025-05-09,815.5473244626709,186.50311475164546,172.21756643811602,224.95921492089815,160.58071366038112,477.21851867710905
2025-05-12,859.9427725755713,190.9794135798499,178.65526416790345,243.1134935115031,170.72077587437988,515.0261291096014
2025-05-13,908.3931619537447,190.9284088818001,179.86163894989133,246.29456521652165,172.4540007574958,528.3965528751522
2025-05-14,946.2165968878458,192.54375890711867,186.44590961686993,244.9895138052303,171.96803616111066,531.0786536237273
2025-05-15,942.6511500735958,192.97816510664393,184.85625006103606,239.07014553545736,171.25531954525417,518.610374865017
2025-05-16,946.6361177759223,193.46365475568277,187.37042533202097,239.5595398146916,171.10143613751654,515.7590694831077
2025-05-19,947.8246000473391,195.42271554472518,187.76504876704593,240.22372919507578,169.09286774247627,515.8315787031685
2025-05-20,939.5049036578213,195.12460187853742,184.87875453794913,237.7884036936511,167.53784064027022,513.1494779545934
2025-05-21,921.4671079185302,192.7396794237913,190.04247763228705,234.35096228428088,163.67457483996347,511.8606993733925
2025-05-22,928.6681887697105,193.71492442615775,192.6468955100025,236.65812960351772,163.08334316422136,512.722616324175
2025-05-23,917.9014474445461,191.7218167542689,189.94100007164442,234.199494532608,158.15099002216607,505.0627995740762
2025-05-27,947.3352124261831,196.19780057661822,194.9355938982447,240.06059776866434,162.15195862334454,517.3538280882406
2025-05-28,942.511202947703,194.77960484090497,194.32679767256695,238.5457957919915,162.32202263794807,518.368759730778
2025-05-29,973.1335570306237,195.34178529043407,193.7630622543488,239.6877157768714,161.9413623748114,519.5527479279158
2025-05-30,944.748540854245,196.05724233899198,193.62777612470313,238.88370453956088,162.67028443346146,521.5179995254076
2025-06-02,960.4791319539149,196.74293133423618,190.57238719695764,240.79468029751973,163.35871151207337,540.373555754173
2025-06-03,987.3260117038797,197.16880612518386,187.35915580901997,239.69937945160993,164.63028617197637,537.1114306046907
2025-06-04,992.220101575173,197.55208949946356,189.46748997561238,241.4705155726504,164.26581893366944,554.1063775412933
2025-06-05,978.7267415521778,199.17468465945112,189.64790605089553,242.26288091521445,162.49211148847925,551.4242767927183
2025-06-06,990.8216986149174,200.32454790753422,195.81501423684716,248.85808446011808,165.15670849450817,561.9674826504169
2025-06-09,997.1840581795457,201.33389229372304,198.77248622011297,252.83150372770868,163.15622419391894,559.0275768260237
2025-06-10,1006.4825298113751,200.5545415575412,201.6058378894672,253.565604036556,164.14430915762745,565.7450698728015
2025-06-11,998.6515800638108,201.27853001467665,200.1948313853796,248.4269374346085,160.99378480910485,559.0920897944507
2025-06-12,1013.8239851079165,203.94025073941063,198.3322488722051,248.47355657357863,161.33395009220337,558.4637917262735
2025-06-13,992.6385541645787,202.2750772879991,197.16958670320736,247.14519559280225,159.10668893621514,550.0147153241869
2025-06-16,1011.6565139344539,204.05525412703608,199.54009284047376,251.80611381026208,160.70222343642314,565.954650640928
2025-06-17,1007.6710120827919,203.58678791942046,198.614470914476,250.3146214030743,158.4506727431903,562.0129428217415
2025-06-18,1017.1800453826629,204.52373345989568,195.64571212366468,247.6345898720365,159.21196843353596,560.8362104825676
2025-06-20,1005.7833283312474,203.31421597798948,188.10524317150305,244.33698809958466,162.79176937357582,550.0187628095817
2025-06-23,1008.0207730676565,206.9767759308226,186.46844866287196,242.9154066208601,163.19671917395704,563.0608960219512
2025-06-24,1034.1002938822876,208.7271190903261,188.251988954139,247.92589726062775,162.22482723507827,574.0797801326959
2025-06-25,1078.918521194211,209.64702806413413,192.66561467167446,247.01701963062246,163.24532308437384,571.2424435113564
2025-06-26,1083.8826914583178,211.85310594460677,195.89402188966568,252.9946351541201,162.79176937357582,585.2761119262983
2025-06-27,1102.9706247911392,211.21000836603054,201.52681295210425,260.1957630456913,162.85657872678615,591.3538061232284
2025-06-30,1104.648708343446,211.8360431274516,198.93051881029444,255.63971122092627,166.16909541342505,594.9488616262229
2025-07-01,1071.8567464897208,209.55332694746463,198.49031603147552,256.8865153784929,168.31536660933705,579.7383621529513
2025-07-02,1099.4746173905003,209.14448872318414,201.65098511964925,256.2572814623403,172.0571474695294,575.184151330543
2025-07-03,1114.0876612505037,212.44505444744954,202.65563198301,260.3239390078711,172.956133542783,579.569108160039
2025-07-07,1106.396658628832,211.9680699565003,199.56270102465373,260.3938499363343,170.04045772614666,579.0370612689336
2025-07-08,1118.7023910193473,211.49959062364073,196.81966110020792,255.6047557566947,170.08904921859963,580.9071969596474
2025-07-09,1138.8389663275598,214.43389641504962,199.37079072729128,259.31017720517906,171.00424073464674,590.668596461634
2025-07-10,1147.369117555252,213.56936284553188,200.4995924736525,258.98391435235624,172.0328330963572,586.2029860817097
2025-07-11,1153.1024628624327,214.35299241124645,203.40063041919083,262.19995930159837,171.02044617744028,578.3600452972847
2025-07-14,1147.159410526147,214.2252050359986,204.94709589836896,262.98066096942387,168.96327387198323,581.1086827569842
2025-07-15,1193.5155606047506,215.41768595123762,205.44378456854884,263.74971674250276,169.3601395779134,572.620809726601
2025-07-16,1198.2001571066735,215.3325031179017,206.53872589227356,260.06758708351146,170.21053415871398,566.5914385565186
2025-07-17,1209.596980987956,217.9218381221661,207.2273075752714,260.871598320822,170.09717056694214,565.3823263341862
2025-07-18,1205.4718525000026,217.21913881074263,208.897962506539,263.49336481814316,171.03663920227,567.6957603947878
2025-07-21,1198.2701306696197,217.2234045150314,214.5871703221606,267.18714037188096,172.08952110122505,574.7004768258632
2025-07-22,1167.855453848329,215.18343972218585,215.98690730324722,265.0547681537941,173.6445482034311,568.1229181826741
2025-07-23,1194.0749217888526,215.4389750969496,214.73393338934105,266.01024714277753,173.44206088527665,575.1921475821766
2025-07-24,1214.7709651110347,217.57262788122077,216.923798752246,270.6012544317741,173.12620997535032,576.1755878139593
2025-07-25,1213.0928815587279,218.77786653359422,218.06390459069723,269.6807309070223,173.22341779618395,574.466660504946
2025-07-28,1235.8164489284798,218.2625432050218,217.3866097152449,271.25378013741977,173.3610833431642,578.4566913509802
2025-07-29,1227.146564234629,218.2923506340674,220.96492525169106,269.17967295304953,171.10955748585906,564.2458220510706
2025-07-30,1253.4361125679663,218.57769343787677,221.8454345165958,268.2241939640661,169.31154808546043,560.3847677823123
2025-07-31,1243.647398676044,227.20597944114286,216.61902037942858,272.79189168357766,168.1128668732188,623.4432575248368
2025-08-01,1214.6311248150091,223.2069801097428,213.49222899843582,250.23304679987257,163.9094606257412,604.5571477172984
2025-08-04,1258.5402299579657,228.1173701316173,220.16349277778272,246.62082806934444,164.69507068925907,625.8050146122861
2025-08-05,1246.374231033609,224.7571764240168,219.74584632951033,249.06781724550763,164.34679647578187,615.3987322239193
2025-08-06,1254.4848613732245,223.56046918022088,221.34874584641594,259.04217938607286,172.71316366255425,622.2744227181406
2025-08-07,1263.9240279400165,221.81436547451824,221.83413042450582,259.9976761550483,178.20436243069224,614.0848296175237
2025-08-08,1277.4182426019484,222.32540997355787,227.36532293449042,259.484972306329,185.75270866835965,620.1061058168165
2025-08-11,1272.9433531291302,222.2104590869083,226.8912078794016,257.86530393696137,184.2040147277051,617.3413277751158
2025-08-12,1280.6345694105362,225.3917294687715,229.53264925139342,258.0633908276044,186.2067466797469,636.7916669186061
2025-08-13,1269.6572664173302,221.70366716691348,227.9748796801253,261.66394588339404,189.19062195371825,628.7955140041144
2025-08-14,1272.6636725370793,222.51281220689688,229.08112509594,269.14471748881795,188.744668036782,630.4479245963342
2025-08-15,1261.6864763737403,221.5290226707089,230.16476232757478,269.2029825225346,187.77976741153753,632.9467532318492
2025-08-18,1272.5938058039999,220.22159086882027,229.7132381721214,269.73899594073896,187.212179538921,618.550439997448
2025-08-19,1228.0554727438616,217.09988284407237,227.53462504767293,265.68398428995465,186.94462209031585,605.7420243868398
2025-08-20,1226.377389191555,215.37509453456966,224.9948340817685,260.79002371762033,183.25534438118183,602.7111982197974
2025-08-21,1223.440742975018,215.09781063055507,225.48018409076943,258.62269603530183,182.35531519896682,595.7629491459373
2025-08-22,1244.4865472820645,216.37329558863178,232.63686701729517,266.6511269536766,184.6742954357774,608.410107015267
2025-08-25,1257.2116937307894,215.10635516437665,235.3460119500155,265.602427466745,184.18780928491157,607.2091391233023
2025-08-26,1270.9158290815603,214.15934256177985,233.8221373704729,266.4996592020037,185.93106788279925,607.8539232905267
2025-08-27,1269.7271331504094,216.16426295323765,234.20592339610877,266.97738980649945,186.88787199562887,602.4372032024
2025-08-28,1259.7288190592496,217.40134344747136,238.90177115591516,269.86717190291876,188.56627156845093,605.4437938166516
2025-08-29,1217.8472379638627,216.14293443179372,240.33536855963828,266.8375679495731,188.22572132847378,595.4405323825363
2025-09-02,1194.0749217888526,215.4731926079676,238.5744364525512,262.5728235133993,186.26352161036155,592.5467777635595
2025-09-03,1192.9563062505154,215.5713038066095,260.3717853664034,263.3302333917317,193.35827688333944,594.1104891941395
2025-09-04,1200.2278948139774,216.68895770600133,262.22302921839895,274.6212928383348,194.4204598372005,603.4609208498189
2025-09-05,1167.7855871152497,211.15623424150397,265.2708302311177,270.7177844992074,194.34747946379233,606.5239294617079
2025-09-08,1176.8049123043636,212.52129898964495,264.4234208688923,274.80773383423127,192.87988724488844,606.4029984956435
2025-09-09,1193.93497466296,212.61086565446536,270.73915885282827,277.6042954327023,190.01764592659742,617.204305586628
2025-09-10,1239.871817513221,213.4469568203099,270.2194471694009,268.38732539047754,183.88780369682783,606.1450453410913
2025-09-11,1238.8230687079629,213.7199750200357,271.57521226933017,267.94453247022136,186.51488603413696,605.2745398237394
2025-09-12,1243.367931743727,217.5122517589796,272.06104624557656,265.84711571636615,189.7906331298857,609.0549899016473
2025-09-15,1242.8784372927043,219.8413656763845,284.27442636701954,269.66906723228374,191.92309555002268,616.3982636781252
2025-09-16,1222.8106604189,217.14538806490066,283.76601877568214,272.7219807551145,193.09881594714915,627.9249591271845
2025-09-17,1190.715977107695,217.5634402104449,281.924402414962,269.8904636924118,193.7799040091396,625.2811120515481
2025-09-18,1232.3202278681065,216.8937115118627,284.74893896663144,269.4360248774092,192.87988724488844,628.9325855521801
2025-09-19,1235.3267408177226,220.9376779290885,287.78818412983253,269.7273322660004,199.05839547489398,627.4251934000815
2025-09-22,1283.8532464762002,219.45318658610566,285.3138324493297,265.2412091496906,207.6369484095693,617.1852527895256
2025-09-23,1247.6332210173075,217.2264495716314,284.33091225838047,257.17782276708414,206.29907424079673,609.3128443370434
2025-09-24,1237.4244520879731,217.61889436619902,279.2241244535599,256.5952079899017,204.5801424340451,613.5554975032074
2025-09-25,1242.4590232344945,216.28796837761223,277.6988671104589,254.19482017271662,208.27750423763013,604.0778662150594
2025-09-26,1245.9551374650007,218.17770162802904,278.54619004996187,256.0941500359289,207.13424439794608,599.9158172397458
2025-09-29,1271.5469799363495,219.51715902519337,275.73297487492687,258.8790479596615,206.29907424079673,599.6335298132468
2025-09-30,1304.6203316599992,220.94620933766603,274.65965651634673,255.8494617863078,206.4612652663343,592.357878658609
2025-10-01,1309.235275088577,221.69697329249107,276.6933041662407,257.08460226913587,207.1261478855312,578.6132599323503
2025-10-02,1320.7725802450877,220.00347556460204,277.585895327737,259.15870945350616,208.4882991735845,586.4454403287743
2025-10-03,1311.8922407130628,220.6902408298514,277.2017290421225,255.77953307785265,209.2099567233961,573.144416129871
2025-10-06,1297.3483157770688,225.47646604381256,282.9412003130922,257.3992014472202,208.13156832674147,577.2581420783368
2025-10-07,1293.8522015465626,223.51846839953134,277.6649548341889,258.42460914465886,207.96130562471672,575.177092910891
2025-10-08,1322.3108235013688,223.88959779789906,276.37696243316606,262.433001656473,209.24239244491082,579.0166264036476
2025-10-09,1346.504156182595,222.84448712190436,272.885812854533,265.3693851118704,205.9828632099195,591.6561335383894
2025-10-10,1280.7067864006915,217.9644164135901,267.2819215504651,252.12071298834636,198.87190249414803,568.9016642445511
2025-10-13,1316.7869715635586,219.28255841455453,275.8459639421932,256.4320765634902,200.80978783908802,577.2903738827614
2025-10-14,1258.8207651889536,219.07777835820522,277.3147181093889,252.14402255783145,200.89897365528975,571.6038049817881
2025-10-15,1257.4224690585652,219.01808474865027,283.61911743214586,251.188543568848,202.17197638103278,578.7826126444184
2025-10-16,1271.2671925144311,218.2416871923607,284.1049514083922,249.90678394704977,200.63951271909946,574.3624130762407
2025-10-17,1281.1263072887682,219.08207031298193,286.18381542664605,248.24049643871206,204.5639121553239,578.2744557890579
2025-10-20,1277.0707250442927,220.45138764016775,289.85572677145194,252.2488889505262,212.6316521479973,590.5752081400855
2025-10-21,1266.7221158189327,220.82249078804753,282.97512987390667,258.71591653325004,213.0614130401038,591.4625946331083
2025-10-22,1260.5689291340739,222.0510136232157,284.36478996556144,253.961777817842,209.55865314764338,591.5754799879612
2025-10-23,1273.714451109812,222.0595712822812,285.9352636770224,257.6205979073483,210.47485051876043,592.0513556793192
2025-10-24,1302.382673263856,223.36065046609056,293.66323536770403,261.2561262073615,213.10194527403343,595.5681268916287
2025-10-27,1338.9524597076133,226.73488818473416,304.22703041760064,264.47215337661163,217.95883444991526,605.6185267227203
2025-10-28,1405.6589516584836,231.2352455851273,302.19343462134015,267.12887533816433,218.11289170914648,606.1185886072911
2025-10-29,1447.6825096472378,231.01342896211082,310.215157145461,268.3523699262459,218.6804423278715,606.3040819013605
2025-10-30,1418.6645265083293,224.2777900134219,318.02220562713904,259.683059196972,220.05886114853746,537.5809882700664
2025-10-31,1415.867613757951,220.88646322713524,317.69455980197444,284.57236318940693,219.22370340935197,522.9652717115199
2025-11-03,1446.5636804491662,220.55373829261052,320.55297406082485,295.9683068086968,218.15337427122077,514.3829244488726
2025-11-04,1389.2968892144231,219.40198500939636,313.5707094726477,290.515041028665,218.9561459607468,506.0022604218738
2025-11-05,1364.9638230670387,216.3434356586103,321.2196043723329,291.5404309461116,219.0372352645337,512.9632936264321
2025-11-06,1315.1087811813848,212.05204526739138,321.7167078715803,283.1973830696605,218.73719242255848,499.2428610933862
2025-11-07,1315.5982756324076,211.9326055473056,315.02817683229785,284.79375964953505,217.68310598111228,501.4772211100549
2025-11-10,1391.8142282026176,215.84860083586804,327.7612513526236,289.44301419225627,218.67328958070743,509.5836433217663
2025-11-11,1350.6296051601498,216.99182271050464,329.1283205446429,290.25868910430535,223.3968843328759,505.80867215701477
2025-11-12,1355.1047082927018,218.0411990907881,323.9311345721915,284.5490536199219,221.9522032572319,491.23323301410437
2025-11-13,1306.5780958043572,214.69256872312116,314.7344087143142,276.83523965962337,221.53019117455312,491.9430731051135
2025-11-14,1329.722679680325,217.63169147906538,312.2940038791703,273.4677269587084,221.09188672333397,491.5962233506096
2025-11-17,1304.7601719560248,216.48419077489604,322.02174551256496,271.34700063536803,217.0744022302663,485.5869908883453
2025-11-18,1268.1206256090554,210.64008402256178,321.185657526974,259.32184087991754,217.05820920543658,482.1024514804603
2025-11-19,1304.2007039420555,207.7948067609707,330.82307013091577,259.484972306329,217.96717932160666,476.15773198662305
2025-11-20,1263.086161292401,204.46981495768551,327.02686562675353,253.01794472360513,216.09236481494128,475.21397685554064
2025-11-21,1250.7797879226832,201.77304983156375,338.5623631982319,257.1545131975991,220.34519455844824,479.3277028040066
2025-11-24,1276.4414971271112,202.57653789139803,359.93853961673767,263.6681421393011,223.94069180476478,494.4919029931277
2025-11-25,1243.367931743727,203.85437226814452,365.42949370717264,267.6182696173986,224.7928869903202,513.1810187249262
2025-11-26,1260.4290888380483,207.49135112048896,361.4864397131077,267.0240089454696,225.26360232712642,511.0758327238454
2025-11-28,1237.6342659469449,210.27358783531386,361.74629555482136,271.75483809139257,226.3187070416064,522.6426081502289
2025-12-01,1258.0518038056136,208.02129597083888,355.769542057229,272.52389386447146,229.768069689613,516.9317543368868
2025-12-02,1268.8198270891833,209.4145537430177,356.8089654240836,273.15311000063207,232.27595199215182,521.9569542524325
2025-12-03,1255.7442786763913,204.17063814673656,361.1248816116731,270.77604953292405,230.62026487516843,515.9073950149541
2025-12-04,1282.3164988380584,205.49977910214406,358.85393445061203,266.96574391175295,227.8201878837927,533.5963869776106
2025-12-05,1275.5335500866825,206.49129940702773,362.97778477993876,267.45513819098716,226.2619072750641,543.1869529801894
2025-12-08,1297.4906131600374,209.85048247084293,354.6795095441365,264.37893287866336,225.53955431927827,537.8471844741422
2025-12-09,1293.434817255828,210.27784041435868,358.4781684536149,265.57911789725995,224.9633111258747,529.910164334077
2025-12-10,1285.1135184183036,204.5253609901474,362.0168332450237,270.0769046883083,226.2619072750641,524.4010431159616
2025-12-11,1265.1842998821198,206.62378561961518,353.2210742499955,268.32906035676086,225.6531786882905,526.4820922834074
2025-12-12,1223.8576999462846,204.51253762679315,349.67110536649676,263.5632757466063,225.85611305314268,519.6419406853355
2025-12-15,1232.738359967911,202.9269819052762,348.4613946674242,259.31017720517906,222.47162184816554,522.713685942528
2025-12-16,1242.737956017476,203.597970627279,346.595977488955,259.33348677466415,222.8774409060146,530.4957170077187
2025-12-17,1195.3276088103926,203.48256035709062,335.4599603095005,257.8303484727298,220.6292678989426,524.3201427676433
2025-12-18,1217.7040859419574,206.84174342090583,341.9494079654613,264.2274473469985,220.9133660753646,536.3888063829833
2025-12-19,1265.6039276000638,207.67085195696075,347.26302262953055,264.9149462968677,222.1145557162992,531.803499026444
2025-12-22,1284.484183671255,207.24349401344497,350.2250750170836,266.1733785691889,219.92318247576944,534.0073054643398
2025-12-23,1323.0837375897913,208.06832371996714,355.39173648398315,270.49638803907936,221.05132965347673,536.7843246813808
2025-12-24,1318.8881013895561,208.56834301407577,355.0977955205547,270.77604953292405,222.22815524938375,538.891336986847
2025-12-26,1332.314051766415,208.43586992673227,354.44208904115806,270.9391809593355,221.895378654762,535.4523071098646
2025-12-29,1316.1609485423899,208.17516320584608,354.4986095016079,270.41483121586964,222.1875981795265,531.738936698439
2025-12-30,1311.4059511580524,208.33757497467485,354.8264627413063,270.95082685408204,221.63566935929518,537.599695550123
2025-12-31,1304.1336147855206,206.68788931114256,353.8655112063912,268.95829427291346,220.64551059562763,532.8691229555726
2026-01-02,1320.566398601597,202.1235069706858,356.29616755844836,263.92449406366075,219.95564303321183,525.0547613668012
2026-01-05,1315.4617470622622,202.08505000586698,357.86767834257813,271.5683970954961,216.91209944305433,531.8196396084453
2026-01-06,1309.3082398878018,204.50400621821555,355.3804669609821,280.7387479987508,212.9351720198439,533.2969717775507
2026-01-07,1322.3844292797964,206.62378561961518,364.0179340976617,281.4728483075981,211.28758141527535,523.6662764380698
2026-01-08,1293.9243117068509,204.33303679032133,367.9296684971287,286.9843791213466,210.24062288506556,521.5431235506022
2026-01-09,1292.6655353828864,204.83306920967394,371.46833328853756,288.2544928483983,210.50845352887487,527.193956117114
2026-01-12,1293.225003396856,203.93557815255892,375.1878289842971,287.1941296867281,211.22266030039057,518.2414120195755
2026-01-13,1299.3086438382368,201.15336768822192,379.83446764596863,282.68469700093317,211.87194595702144,509.45836871283916
2026-01-14,1280.6380947961502,196.32829175212294,379.68751444879894,275.75156692846815,210.98731504995126,496.88919897672656
2026-01-15,1307.9795968307585,195.16582826983299,376.22794373293095,277.5343667242472,209.5669731834071,501.15154661450674
2026-01-16,1302.2455037145078,196.53342619005932,373.0850258719383,278.629685350149,207.39185505752621,500.7075572105274
2026-01-20,1245.185321442724,194.25122189458696,364.0405077127526,269.168027058303,200.22529911770368,487.6863524592237
2026-01-21,1281.8969779499816,189.80222357383067,371.25348640065005,269.5292453753574,200.99634290965312,494.8226121656306
2026-01-22,1292.5256950868609,192.80669691947898,373.69555055206405,273.05988950268386,201.56446475471418,522.8105294345355
2026-01-23,1312.314966497152,199.13614894316848,370.7447331184231,278.67630448911905,201.31286438962604,531.7954534152324
2026-01-26,1303.9238009265487,200.98667708986042,376.7706438605168,277.8140282180919,207.29446096723518,542.7742575486528
2026-01-27,1318.2587666425075,205.38867391197635,378.2290445855689,285.1083588276193,209.61565160160686,543.266668698636
2026-01-28,1339.2368408138166,205.8373997526679,379.8796840143285,283.1624276054289,208.13043829203326,539.8438781228108
2026-01-29,1346.159523031351,185.26777991485918,382.4121463333734,281.6709351982411,209.62379778587703,596.0135477233697
2026-01-30,1336.5096879666505,183.8958900398561,382.129474892946,278.83943591553043,210.59773868878722,578.4070356155269
2026-02-02,1297.9101340481143,180.93845756858005,388.56240208845696,283.10418035170426,219.14405458936898,570.2616686967849
2026-02-03,1261.058637244831,175.74154347093926,384.06275119304405,278.04707057296645,218.71389632242,558.3867907846161
2026-02-04,1218.053740096955,177.0151383938849,376.52191926544833,271.4868402722864,224.40326095730083,540.0537550484052
2026-02-05,1201.9006368729295,168.24536226067102,374.49821022863046,259.484972306329,223.93257045642224,541.0386267079493
2026-02-06,1296.5115174281245,171.4378678513687,365.01279790884666,245.07108840843205,225.72619631559013,533.9750736599152
2026-02-09,1328.887590609254,176.76297620682024,366.6634373376063,243.20671400945133,223.0941343747866,546.6975542452508
2026-02-10,1318.398606938533,176.62194546041127,360.1739896816455,241.1559163945661,222.3304792713139,541.4503349479262
2026-02-11,1328.9575641722004,172.81827600970533,351.55916529823486,237.80004958839763,223.8090117163489,539.8115969588083
2026-02-12,1307.2104217876843,171.73701841182972,349.34325212679835,232.5798261632404,212.62263670625927,524.5703958280297
2026-02-13,1278.330676496795,171.51479490625033,345.6349913849509,231.63597528901155,207.78900637662443,516.4654544036579
2026-02-17,1293.434817255828,169.60869447660858,341.4519242062354,234.3859177485125,214.36924815438013,516.0778829973159
2026-02-18,1314.482651330349,170.77970249272008,342.9329331154674,238.62735261520123,214.7510757061165,519.2504698723327
2026-02-19,1313.9232901462467,170.68118441151526,342.39030212605945,238.70892721840292,211.68838361573853,520.5098301450543
2026-02-20,1327.349347352973,170.15431086825325,356.10399799291866,244.82638237881892,214.9378915539219,529.2928734517906
2026-02-23,1339.4466546727883,164.6885261479798,352.15835131718165,239.18667560289063,216.23767982763863,514.4310993969864
2026-02-24,1348.5371285533868,166.62897534107915,351.49130617660603,243.02027301355486,221.0794687595075,516.0859779681056
2026-02-25,1367.4871445277904,171.59785145006384,353.75243571640243,245.44395262023295,222.7773272816456,527.7026065682544
2026-02-26,1292.8753492418584,172.07760536748978,347.51174722459905,242.27452680996095,221.73747182674455,530.38273293371
2026-02-27,1239.0318142682638,168.2310032437728,352.46359637270007,244.69820641663907,214.61296311243845,523.2545681980929
2026-03-02,1276.0230445377053,170.71972012779787,346.5394224594161,242.82218612291183,215.05161526664472,527.5976187458792
2026-03-03,1259.0307927076599,173.02426358849945,343.2156045558948,243.21835990419785,214.26364578999983,528.8246978545983
2026-03-04,1279.9388933160226,173.56827870038035,342.70685127366784,252.64508051180417,213.26439707681132,539.0366022248583
2026-03-05,1282.0367114161402,175.9156367068973,340.16311943162196,255.11536147746043,211.45281484195039,533.2565956427586
2026-03-06,1243.437157497604,175.17887738738344,337.49497343840835,248.43860110934705,209.1537778550451,520.5743924730592
2026-03-09,1277.2117404688563,175.37163472026037,346.6023382013236,248.76486396216987,211.11974021619676,522.6168424505204
2026-03-10,1292.036307465705,173.8081556590933,347.37170784522135,249.74365252063834,211.8914918320843,528.0093269858561
2026-03-11,1300.9173948067998,173.43119865240496,349.24977731025007,247.7860576237094,211.8752491353993,528.6470527334285
2026-03-12,1280.7075342097612,172.137574607168,343.4232610732786,244.1505471036882,207.7727636799394,515.1818585781455
2026-03-13,1260.4975667828553,169.43466686687037,341.98643145973773,241.9832194213697,203.1909696567054,495.4280073896224
2026-03-16,1281.2670022237305,171.31942564982427,345.69728488325717,246.72571224203122,205.38439186126652,506.95356756838794
2026-03-17,1272.245860926876,171.0881063501768,351.761359899563,250.75739654333842,206.5298248446202,503.08343113728046
2026-03-18,1261.5465292478475,167.82408130511126,348.10706150558235,244.54672088497423,203.0447481326487,497.44390191412737
2026-03-19,1248.6792990758881,166.63753300014463,347.47351381220915,243.25331536842944,202.2486324717336,490.1884388268857
2026-03-20,1207.7000030379743,163.57482294702152,340.5382977541068,239.30318789033197,201.46061332323336,479.652636905885
2026-03-23,1228.2596246198777,164.0588688192242,341.7375340192244,244.8613378430505,204.30392966465288,488.05541402382124
2026-03-24,1225.1826039579798,159.6639596288496,328.5911860403796,241.48217924738896,204.42577472571824,479.0547443377468
2026-03-25,1249.5184476819088,158.9357710936452,329.1455359509451,246.6907567777996,205.22190280459714,480.6464426490447
2026-03-26,1197.4902726398361,156.76402885138629,317.82070240759015,241.83173388970482,205.44125371762792,442.3895613377285
2026-03-27,1171.4760248739992,152.82317435075325,310.3763182381933,232.27685509991068,202.1186412263981,424.75989958781054
2026-03-30,1155.042386418986,153.7612617874535,309.42601398267794,234.15287539363788,200.35578708159224,433.37280042923084
2026-03-31,1219.5882443078879,158.56310604173356,325.33287656043785,242.68236426598548,206.17238617383907,462.2572850726641
2026-04-01,1229.0289064928188,158.22041904703903,336.45413273890637,245.36239579702323,207.6671613155591,467.9938058665586
2026-04-02,1240.4974132149214,159.97237661155026,334.6212796422376,244.4302085975329,207.90274250731107,464.1398593770303
2026-04-06,1242.2456839899087,159.72392886852785,339.395651087617,247.94918905012082,210.29111432598398,462.9764047643345
2026-04-07,1245.462544947832,159.47121542121664,345.5841402550905,249.0911268149927,205.93679256412324,464.6165248216361
2026-04-08,1273.2949302217355,160.34504166346193,359.00206299680644,257.80703890324475,210.32362455528167,494.8099267540883
2026-04-09,1286.0921868307485,159.80533163160172,360.3257134130917,272.2558782653733,211.6152914806559,507.71306339485056
2026-04-10,1319.0994108666673,158.86295224012477,358.91152655281974,277.76742685911375,211.6071701323134,508.90070420075926
2026-04-13,1323.8546219107388,164.64569847692044,363.51616377140465,279.5269170854077,210.56733951334002,512.6739477802813
2026-04-14,1374.2046065706377,168.38949056465586,376.63990356606945,290.1654686063571,210.26675028095644,535.264395196474
2026-04-15,1390.7082185885972,176.14695600654477,381.40290178118096,289.5595442596896,216.44078804398444,542.6088042432455
2026-04-16,1387.071836742597,180.01925735794615,380.15838000952556,290.9578161689291,213.97929925430125,546.8828501010082
2026-04-17,1410.3586111716666,181.1029956269312,386.56188891033133,291.95991429688263,219.52781934346226,556.3198090968962
2026-04-20,1413.0160041156205,179.08116992124593,381.74233566568097,289.3031923353299,221.8186853101697,542.0674283919008
2026-04-21,1397.7712752514926,181.68983840987144,375.9384621819784,291.2025221985422,216.2295833152238,540.3949778110186
2026-04-22,1416.0930247775184,185.44220128191634,383.8919107554029,297.5530197138328,221.91621599806282,545.1457384729653
2026-04-23,1396.0928712095845,178.08737894915623,383.40541996646624,297.22675686101,222.12739589089577,532.5658577084298
2026-04-24,1456.4428792385168,181.88687457228113,389.63919464047757,307.60893867760774,220.20206510738433,545.3962383312415
2026-04-27,1514.7649359004106,181.97254303964374,396.35946010342553,304.2647355461778,217.39938034360503,548.2968045719803
2026-04-28,1490.7088795983998,183.87013831119586,395.72591241005233,302.6101294925706,219.91774340761347,542.4148704613406
2026-04-29,1463.2961220424402,181.81832142304947,395.9068815907588,306.5019919369514,219.47906641747954,540.6211927569261
2026-04-30,1395.6033767585614,174.67342424227311,435.3459600963821,308.8557428351744,220.43768355302782,494.3978729970654
2026-05-01,1387.771145052592,177.52624851914436,436.35292308870316,312.5844916331358,227.57845979994661,491.8447488257665
2026-05-04,1387.9808520816969,177.17499074014037,433.592373920699,317.00068604099056,224.88944907703484,493.1859472787879
2026-05-05,1374.1346330076913,176.21549603053245,439.45280243394046,318.74853037253797,230.86042829557238,488.7825793267033
2026-05-06,1453.3659654064859,177.32062844718126,450.3251611718956,320.4264637756222,233.56565687924152,495.1816043763189
2026-05-07,1479.0304521874584,180.23771391850747,450.2685715732677,315.9753139035359,233.50878260491626,498.3568566685468
2026-05-08,1504.9047528274027,177.8175239332261,453.44768327040174,317.73478634983786,238.28552624226208,492.55572418706936
2026-05-11,1534.5552756093725,176.76377684670214,439.6904303514527,313.4350864494325,237.98466381467432,483.85402546485307
2026-05-12,1543.9259642313575,174.66913228749638,438.2309579846429,309.74132867568665,239.70847588120975,487.19897598619514
2026-05-13,1579.240927056233,173.5725575299131,455.50675648522594,314.7634652102008,243.017888076892,498.2114433518016
2026-05-14,1648.5421028190733,175.3802055045698,453.75317030954284,311.37264293980076,242.48123335216724,499.6657739575658
2026-05-15,1575.6745187731792,180.73031744977558,448.8996356504447,307.7837515587497,244.12375742749458,496.2723523306421
2026-05-18,1554.695376303199,181.42426222347407,449.08067396932904,308.62268270030785,242.1803709245795,493.83231095250784
2026-05-19,1542.7371614703395,178.80274412100633,438.58166139214393,302.19062836180757,243.09920090402778,486.88386444033586
2026-05-20,1562.7373150382734,180.3619312273967,439.99588282150484,308.7974955814497,245.76625666689432,488.8633809558655
2026-05-21,1535.0447700603956,179.90689214435773,438.58166139214393,312.81751620801845,247.9941883929292,490.73781092986405
2026-05-22,1505.8138749963693,179.68368424548092,433.2756173585569,310.3239434528691,251.10846470504234,493.0647695148336
2026-05-26,1502.527147305367,178.59330460304932,439.9619359761459,309.1237584342726,250.71002191770617,494.7453150665052
2026-05-27,1486.7228435974023,177.15093216795168,439.90534637751813,316.7676614661079,252.7591101287122,513.2637453776297
2026-05-28,1498.261323882451,183.2982058054004,441.3761228364179,319.27289789599575,254.10889312479435,513.2879315708426
2026-05-29,1476.513006369397,193.27896944784462,430.3001175953984,315.35774366212183,253.74298540268353,511.0418239746134
2026-06-01,1568.9611162652814,197.6919652244036,425.8086595740691,304.4278847525812,249.06752267830643,485.1547984235045
2026-06-02,1558.1918110233066,189.4454925680931,409.3813593620136,298.90467248410226,256.296193273189,482.86021972169345
2026-06-03,1501.7578654324257,183.44846359831712,406.1456580662519,291.3306981607221,252.27935451424028,503.3419766067684
2026-06-04,1530.882892098162,183.75324488843935,421.0795736352275,295.7236007790837,253.06809390464244,507.0505097795515
2026-06-05,1435.9466077677998,178.86804220973457,416.9388190213992,286.6814258380088,249.905039830619,479.1194053849078
2026-06-08,1460.730816443921,176.75168849700992,411.2786492405042,285.7375927437719,245.1889455286017,472.97083083399053
2026-06-09,1457.5802968334626,173.17579453008082,412.3540935980554,284.5374077251754,236.25270556386872,472.32446716027073
2026-06-10,1403.1809260613798,170.578636880413,403.4336784682368,277.32463393885763,237.09022271618122,461.3281403766654
2026-06-11,1434.3362543512305,167.56510711642852,405.0071596904373,281.4145832738815,240.3833673792508,459.26782223197347
2026-06-12,1436.5766903239182,167.73681155798482,407.1693524976296,277.9655137497568,236.7243398299981,458.0962726484881
2026-06-15,1487.4053796182634,171.60892915597069,418.1161384841161,286.66977994326226,241.02574864799416,479.95160786974304
2026-06-16,1452.1193676873704,169.06328808886735,422.5310605424875,286.6464703737772,243.31875050447977,485.394241736312
2026-06-17,1432.7959813274745,162.65843153859623,411.82204074986925,276.74201916167516,240.6435733932707,459.0061177494944
2026-06-18,1475.083302258083,162.86877669838688,416.6218204756344,284.77045008004995,242.31860769789577,466.8020188560992
2026-06-22,1460.8007900068671,157.69166859389,395.8490475049285,271.25378013741977,241.50550426246608,455.98960586006785
2026-06-23,1400.52043505128,160.52491000676474,391.8303217751296,272.79189168357766,239.3019117455311,454.65526838838633
2026-06-24,1393.2392317997796,156.88462359294104,390.879429845102,272.97833267947414,238.3098902872896,450.99180051030396
2026-06-25,1370.4153511848267,151.46280843995189,389.0907906132133,264.51875473558977,223.7306295286762,439.0229419616508
2026-06-26,1347.9414452144727,160.10851164196015,381.93637196201445,271.13726784997846,230.74787187144926,444.99120597418715
2026-06-29,1365.024395601681,158.21968403337695,400.34320191519663,279.81822447399895,229.08910509943686,454.97872170292516
2026-06-30,1400.8705165257459,160.1299714158437,404.5543737632368,277.7208077201436,235.28509782251007,455.53673173205107
2026-07-01,1383.297537538179,164.96367063722798,408.9013675618015,281.63597973400954,239.36698187598176,495.6647852852187
2026-07-02,1364.0442315710968,167.62948643807917,407.4297268756777,282.7662538241429,250.95396039911338,471.39551990258394
2026-07-06,1369.085105679777,166.01968839095798,414.8445199049246,284.5024522609438,254.23086236549796,485.458902783473
2026-07-07,1378.7466920298575,166.92118264748245,415.4897865194553,286.6231608042922,252.60460582278324,497.8240693837716
2026-07-08,1429.0853527238446,164.56014813675347,409.70513344921466,283.8732183447912,254.82444103640324,487.74755833592576
2026-07-09,1419.703767455416,164.99800627544167,406.2750847353187,287.8583012871203,257.12556424123136,510.6824862468791
2026-07-10,1476.9736567563048,165.31567655513797,404.3392848917266,285.8774146006983,256.3937736329374,541.1950472105854
2026-07-13,1424.9546690828022,167.8441366778905,399.0527032552242,288.17291824519657,258.01185915545426,531.1023462211602
2026-07-14,1482.854640939809,165.24270019868993,406.9769409484773,288.3826688105781,256.01971972655645,534.587872820605
2026-07-15,1487.7554610927293,169.83599745160262,419.8934390548258,297.0869350040836,266.29759650310143,550.9803861078948
2026-07-16,1452.049287294557,172.18415609800147,401.2601469998654,291.1792126290572,270.981180575821,537.4183484606044
2026-07-17,1419.913794974122,169.05899613409062,392.5548207415571,288.07969774724836,271.37145234295934,522.4330273821024
2026-07-20,1423.20436854034,172.69500371838163,398.46402623932124,291.2957426964905,265.5576348746096,522.3036065686246
2026-07-21,1451.2791507826792,170.74606249243658,392.98499848457755,288.45257973904125,266.4927323866705,520.6538613936159
2026-07-22,1484.6749150452174,167.56510711642852,387.25690044387574,285.30646349825435,264.98846992058714,507.19695964743437
2026-07-23,1461.5709265187452,163.80460659312504,359.63533413746796,272.26754194011187,261.54896713585873,490.1574903714888
2026-07-24,1448.1286311722208,163.85613630093349,361.9559916484538,270.4614325748478,270.7860198563242,481.3345151661622
2026-07-27,1375.8061999381055,167.03279972216484,369.67644456228663,269.62246587330566,273.9490739303476,480.26701557307024
2026-07-28,1379.3068010230295,168.8572348838534,377.77048562051215,269.00489563189154,276.52664584588064,479.89499243379373
2026-07-29,1330.2983858340924,167.65095933720667,381.16658748904916,264.0992713848187,274.98987315049953,473.58708516513923
2026-07-30,1365.5144242020392,193.6481563101054,377.7138960218843,274.4115600529453,271.1193925132096,435.9175334722723
2026-07-31,1405.4913355970139,199.49494061220864,403.15066133691977,316.4530267280397,251.18165618383554,450.2154730677484
2026-08-03,1446.7284121042246,209.33832232606622,422.82538176589446,330.9484852291383,246.71762171156794,477.33140403196177
2026-08-04,1483.8348049703932,211.5534172491431,427.511982294404,323.25799861831683,251.5638066026314,475.471387054735
2026-08-05,1534.8035482204982,209.2567620600648,410.2824372348497,317.6998308856063,252.8810793694158,476.1426279557595
2026-08-06,1533.193301633796,214.57982287745773,404.98455150625733,317.2454098505956,254.0275802976586,477.0564711825827
2026-08-07,1567.9892849643306,214.63563141479892,401.07900497371406,319.8322208836851,254.77563843856524,478.83558781149134
2026-08-10,1523.1115534164358,217.24137297402018,404.7241771282092,324.03868250615034,250.8692947217445,481.1161483931545
2026-08-11,1522.76147194197,216.27548627060108,389.1926657183789,317.2570379653502,248.14298043549798,484.5127290330693
2026-08-12,1568.899368602101,211.39028359189624,388.898379064061,311.442553868264,245.97820647348456,468.12021574577943
2026-08-13,1577.370870232759,213.30058409960694,392.0906961531777,308.9373174383761,248.4278236897496,481.15657388752464
2026-08-14,1576.390706202175,212.66524354021433,391.56994739708153,306.0475353419568,248.9730716454423,477.0159963286346
2026-08-17,1575.3404617787774,206.20459157784597,389.4190932510681,304.4861320063058,248.69637457546085,460.1301834189578
2026-08-18,1538.444203261182,206.75406679121647,389.6455207837573,302.31882210397936,252.30975368968748,439.6698979503065
2026-08-19,1523.1815269793822,207.90453380052202,390.23416323057126,309.7646204651797,257.8437447611715,441.5784847522711
2026-08-20,1518.2107332635155,206.93683581343566,385.64943780722734,303.0878423170743,253.34330081896474,441.41673341521266
2026-08-21,1503.2981384561815,207.83571814641104,390.34737699691584,301.36332533500394,251.7563595497246,444.70817815401847
2026-08-24,1459.610598457577,209.5861794331102,394.0151573355909,305.3717178468181,252.56203704278607,452.0835850157648
2026-08-25,1491.6061436521193,211.47856398280803,392.76990961306734,304.19482461771463,252.20395263788595,461.00360115141086
2026-08-26,1467.8720725695287,213.48277561109165,387.1550253387101,303.2859469877093,255.09304159396984,465.9286504832241
2026-08-27,1596.1340407696157,217.22024133123577,385.62679505395846,298.60173698075647,256.0126414871753,461.85273397149507
2026-08-28,1523.1115534164358,220.8631002928767,392.3510705312258,310.4521016350569,260.1794395772925,467.4490242043329
2026-08-31,1545.7254065126826,218.1793422835247,384.15515436783465,302.6916685357883,257.8600371297119,462.8555725174261
2026-09-01,1522.341416904558,215.48268215935465,379.2534303987259,297.0403158651135,264.5984961845806,467.86951844919116
2026-09-02,1571.1398045747887,213.6763204586065,381.63071207742854,297.1102267935767,264.46013523162605,479.4421183057769
2026-09-03,1599.4246143358337,219.39648553217484,387.69841684807517,301.6779245130882,267.1050621829539,493.8613837439413
2026-09-04,1612.7969361194118,214.91497598211606,383.3939084598425,301.22350347807753,260.39916302923814,498.7864330757545
2026-09-08,1580.3813358874575,212.44197001511768,383.28062555532,299.42904000756005,257.34732423924453,496.1257543840252
2026-09-09,1565.958876510349,211.4527597531719,374.54705635133115,294.1039324097161,256.6311554294442,528.6438937204375
