Date,nvda,msft,googl,amzn,aapl,meta
2023-01-03,100.0,100.0,100.0,100.0,100.0,100.0
2023-01-04,103.0317812815438,95.62567804185548,98.8330253371545,99.207643547432,101.0314298664448,102.10838508035785
2023-01-05,99.65071665784222,92.79154429838455,96.72349853699295,96.85388375921303,99.96001415647876,101.76367592288199
2023-01-06,103.80021265549522,93.88513299119762,98.00268446260321,100.30296217333377,103.63796047362115,104.23282468484352
2023-01-09,109.17220703503736,94.7992142966973,98.7656933941323,101.79445458052155,104.0617234891995,103.79188100485513
2023-01-10,111.13516284080845,95.52132579655623,99.21452980291903,104.71918325117645,104.52546613931715,106.61374766190555
2023-01-11,111.77784846835436,98.40970616977647,102.69299252590369,110.80167405736483,106.7322376549917,106.53359853760576
2023-01-12,115.34055994824183,99.55337422765326,102.25537378648455,111.01141573275038,106.6682478873939,109.5959743157253
2023-01-13,118.05097836300187,99.85390291900814,103.36625146021991,114.33232707468726,107.74765455708229,109.81238930096873
2023-01-17,123.66050065549949,100.32139126526884,102.43490834999925,111.92030225275164,108.69113419472609,108.51371414499901
2023-01-18,121.39012550978931,98.42640804162644,102.24415611711697,111.23281219287841,108.10746505895428,106.63780474882944
2023-01-19,117.11490381874164,96.80691054549627,104.40977990638865,109.15870500850818,108.15544807117976,109.14701572330694
2023-01-20,124.61753728038528,100.26714463551956,109.9865171910783,113.31857416199121,110.23426488758639,111.72839795855612
2023-01-23,134.07616815305153,101.25218756786161,111.97261505910751,113.63318223007151,112.82481357531806,114.85493008501734
2023-01-24,134.5790842953041,101.0267877680347,109.62745670632114,112.23491032083194,113.9602128439,114.75067447525788
2023-01-25,134.9842888002531,100.4299304631183,106.84469689866012,113.23700844878547,113.42451430238984,113.43593244552639
2023-01-26,138.33041439479982,103.51447415715103,109.42547816179906,115.61407780648952,115.10354719136704,118.0856190241665
2023-01-27,142.26334456012285,103.58125539406475,111.50135195385786,119.13306714907341,116.6786665590443,121.64503051965036
2023-01-30,133.85958226771078,101.30644732285401,108.77468049303471,117.1638352473939,114.33599284725284,117.89319937767723
2023-01-31,136.47920064955713,103.43516487569444,110.90663398965917,120.17012074125853,115.36739166878806,119.424393441554
2023-02-01,146.3010984972474,105.49709462899959,112.6907533131663,122.52388941947348,116.27887021365106,122.75132307803264
2023-02-02,151.65209737447935,110.44326374132561,120.89316846528195,131.56607325054435,120.58846246980883,151.3307595049575
2023-02-03,147.3978110267095,107.8345429229247,117.5717963248046,120.47308291459228,123.53083690867209,149.53503628198956
2023-02-06,147.32100799533595,107.17505195791549,115.46229545145977,119.06315622061024,121.31606822429326,149.15823660070893
2023-02-07,154.89345267192,111.6787691252019,120.78097448706168,118.9815905074045,123.65076960330813,153.61549118322583
2023-02-08,155.11703037369386,111.33235458395505,111.50135195385786,116.58122047021145,121.46796475781866,147.04988239443594
2023-02-09,156.0390945477401,110.03424835309372,106.60905670376304,114.47214893161362,120.6284607312939,142.6326653251671
2023-02-10,148.55044471896272,109.8171568321517,106.11533233296151,113.73805751276225,120.92471609430203,139.61037645883138
2023-02-13,152.20395623176387,113.24816756840367,106.16022893724855,115.98695090828643,123.19892957151816,143.84318879404097
2023-02-14,160.46805598827353,113.60295601475094,106.23876990736608,116.17338301418691,122.67841819976779,143.88326335619087
2023-02-15,159.0220200106321,112.69496482205157,108.77468049303471,117.87462598675621,124.38407520318893,142.02342083378306
2023-02-16,153.69894829311113,109.694718001855,107.17010437531454,114.36728253891886,123.08682019409278,138.23955474135792
2023-02-17,149.40971623184944,107.9832913030236,105.86847446869687,113.26030912827456,122.15790682801742,138.59227263644678
2023-02-21,144.28920666078133,105.72786921587762,102.99595602155071,110.20741338543583,118.89877496786852,137.95094379607494
2023-02-22,144.9807948973376,105.24248460064447,102.83887408131567,111.61734007941789,119.24311268681274,137.18132695828763
2023-02-23,165.309120169472,106.6066108043195,101.98608058348472,111.65229554364949,119.63548308983776,137.91887179672108
2023-02-24,162.66848623230464,104.28423685209944,100.01120902709535,108.94896333312265,117.48141341264274,136.59613955382747
2023-02-27,164.17044337273728,104.67758070006504,100.84155854391885,109.25192550645639,118.45032504020317,135.91468675276997
2023-02-28,162.1795269855706,104.36793652737437,101.05475475780854,109.79958481940729,118.04194788180583,140.2437027364072
2023-03-01,158.5609344489135,103.04984055126548,101.39137126155828,107.39920589221823,116.36033205635272,139.02517670473728
2023-03-02,162.86412340569373,105.07509837533773,103.23158757417555,107.35259564324411,116.8407830767989,139.91500487934036
2023-03-03,166.88786697260431,106.82418795925636,105.08303019843261,110.58028648723277,120.94077252152964,148.50890519754103
2023-03-06,164.54071553286832,107.48533270489669,106.74368602071847,109.24027072171387,123.18292281614585,148.2282968150541
2023-03-07,162.7101162827306,106.34717068650205,105.3186703933297,109.00722836683929,121.39721961789924,147.9156658317491
2023-03-08,168.94938332646961,106.15886938630892,105.75627184820438,109.43835761235687,122.41416392954048,148.2844629502337
2023-03-09,163.74422331246728,105.58142431594351,103.59067398574942,107.49242639016646,120.58838796202586,145.65496654113673
2023-03-10,160.45336381569223,104.02063603221801,101.69432611493305,105.72128137912998,118.91479414120467,143.90732044311474
2023-03-13,160.4603422634515,106.25093640406271,102.23294709002163,107.702168065552,120.49232259386429,145.02161556429306
2023-03-14,168.12496394635764,109.12564027396844,105.44209068318978,110.5569769177477,122.18995759265354,155.5395394525111
2023-03-15,169.27778480004508,111.0713985005591,107.84334602508628,112.0950795739096,122.51027896955735,158.52976866912687
2023-03-16,178.45154260125116,115.5738162687782,112.56731573876174,116.56956568546892,124.80048678418201,164.28571075724744
2023-03-17,179.7371010177772,116.92541442791035,114.02602758561446,115.2994608484132,124.1198085149978,156.81416987119087
2023-03-20,180.95979992977436,113.91261987530625,113.57719117682772,113.85457869019955,126.04164985067399,158.5778457940728
2023-03-21,183.0489092265039,114.56120376329595,117.72887826503965,117.23374617585709,127.5471292772124,162.06509837841895
2023-03-22,184.92835761095648,113.93771534012131,115.98967283036403,115.00815345982198,126.38599998758204,160.1811740698194
2023-03-23,189.9798580875163,116.1847438343022,118.49191312338544,115.0198082445645,127.26685583364896,163.76463030259322
2023-03-24,187.10127512416656,117.40245138852931,118.31238720214301,114.34397296943379,128.32388533252202,165.15150654419452
2023-03-27,185.3685479354189,115.64914203895272,114.96857108065824,114.23910657673902,126.74636929782623,162.61022357036313
2023-03-28,184.52312636865977,115.16791812578353,113.3639863206658,113.30691937724866,126.24187709941201,160.87861964683506
2023-03-29,188.53356810507137,117.37732967322805,113.76794340971,116.81426282508605,128.74028449555126,164.62244822601212
2023-03-30,191.32136440418125,118.85857898374262,113.20691302270298,118.8534145452247,130.0135107446432,166.61856895899749
2023-03-31,194.07417488377777,120.6369969233774,116.39362991940823,120.356561737155,132.0474614577448,169.90539933405836
2023-04-03,195.38770056603633,120.18925550536682,117.10054186182717,119.33116292971239,133.06444302327748,170.8113190816911
2023-04-04,191.81044396898014,120.16832074261576,117.50447302405465,121.12560862023795,132.63204952283974,172.1340266253168
2023-04-05,187.81393239073932,118.97993498148323,117.22397943623176,117.80470616829706,131.1345796829694,169.5366269148416
2023-04-06,188.90389373989788,122.0178118736593,121.65618603908331,118.92332547368787,131.85530588549395,173.2403562326009
2023-04-10,192.6907845118833,121.09309912124529,119.43447390297372,119.0515014358677,129.7492564744159,172.15809606187463
2023-04-11,189.82615844405214,118.34807265320816,118.21139360874584,116.42973493854656,128.7643132555555,171.43658104830115
2023-04-12,185.11701633658632,118.62426714384799,117.41470574229729,113.99440943712192,128.20376636842857,171.55685413328663
2023-04-13,184.8934386348124,121.28136760833068,120.54531700762014,119.31950814496987,132.5759824161632,176.64745969264726
2023-04-14,186.95456729713555,119.73315330749892,122.16111943698016,119.4476841071497,132.29573380852742,177.56133260454027
2023-04-17,188.6593405888246,120.84618704797072,118.90708788179722,119.71568192625588,132.31171572797209,175.45291665009756
2023-04-18,193.30559645441377,120.66630559122886,117.25761515978999,119.20298696753258,133.3046809514644,174.67533429841606
2023-04-19,195.15015260007004,120.69974871065816,116.89856331730508,121.53344607626249,134.23356948161208,172.91967328796406
2023-04-20,189.37199785539732,119.72061870033448,118.14406166572364,120.96247719382653,133.4487914216706,170.8113190816911
2023-04-21,189.47679488985113,119.57412786204948,118.27873419404027,124.63295206807533,132.14356407979784,170.66698890978174
2023-04-24,188.93883945338968,117.90454443823401,118.90708788179722,123.7590299023016,132.391799176689,170.5868027365801
2023-04-25,183.3423516179137,115.24744397375134,116.52825923636362,119.51759503561289,131.14261410556512,166.38607475035832
2023-04-26,188.33794430035613,123.59536109282874,116.37117729612858,122.32580252883048,131.1345796829694,167.8691793396552
2023-04-27,190.22438450124184,127.55382941108412,120.72485157113483,127.96550930475877,134.85820548004745,191.24578908356577
2023-04-28,193.87855107906253,128.57066824484588,120.44433205649523,122.87345295178538,135.87516220965247,192.65673476172495
2023-05-01,201.99028805949487,127.85929319384613,120.28724147398793,118.91167957894133,135.8031256014951,194.94948135242322
2023-05-02,197.0995057801801,127.79654140656535,118.17773195837087,120.75273551844101,134.9622804348771,191.7909266251439
2023-05-03,194.2488232391936,127.37388232812674,118.27873419404027,120.77604508792605,134.08944659344206,190.0192481394659
2023-05-04,192.57200384456323,127.79654140656535,117.47083730049638,121.1838736539546,132.76016565563745,187.2054087444794
2023-05-05,200.38330661715267,129.98917889332282,118.45824283073824,123.11815898139848,138.99018359959518,186.61214467941954
2023-05-08,203.67411263923225,129.15230026776152,120.92683875792918,123.31624587204149,138.93415374681013,187.00498653519412
2023-05-09,199.62170663554798,128.4618599795128,120.45554972586281,124.23677828678932,137.54878086640133,187.08514800912786
2023-05-10,201.81562633540517,130.68379300887864,125.39270701115571,128.39664744027235,138.9821615949633,186.8526538004887
2023-05-11,199.67062261323215,129.76320158279933,130.8011619707872,130.7154517642597,139.1343064877652,189.02517670473728
2023-05-12,198.00777348279422,129.28619087266657,131.85591672859576,128.47821315347804,138.38056091942605,187.43787825385067
2023-05-15,202.29073563601165,129.4912071699528,130.73383867003727,129.5735228893838,137.97960970339693,191.48628585500097
2023-05-16,204.1073111472615,130.4452810911907,134.1000901302572,132.1370332429843,137.97960970339693,191.45423855491498
2023-05-17,210.84964138866567,131.6782008021755,135.59243770066814,134.5840135291515,138.47677530315354,194.396353597683
2023-05-18,221.3299196870233,133.5736696598127,137.82540207523425,137.6718736262178,140.36922331845247,197.8916334440931
2023-05-19,218.43735309080733,133.4981995119641,137.74683517830002,135.45793569492523,140.45740327958424,196.92161909628837
2023-05-22,217.82252777960295,134.689157820745,140.3164246988881,134.01305353671157,139.6876137019813,199.07007256397912
2023-05-23,214.41291435285558,132.2065574633315,137.522429937315,133.9897439672265,137.57064890069975,197.8034447080954
2023-05-24,213.3649306396436,131.6153046372206,135.65977828596257,136.04055047210767,137.79519052261,199.7835603154887
2023-05-25,265.36117110117834,136.67694963837658,138.55474071411612,134.00139875196902,138.71734851636376,202.57336732281917
2023-05-26,272.11047979034174,139.59986252620374,139.82270897035883,139.95572248597358,140.67391047889876,210.0689776454336
2023-05-30,280.2501572991589,138.89532572686122,138.76794557027804,141.76183185123764,142.1734292828005,210.45371814134057
2023-05-31,264.3410878103295,137.7127281979376,137.87028139497681,140.50338179892447,142.13334409556865,212.2174434627583
2023-06-01,277.86764571704117,139.4698438680144,138.82403391711594,143.05522847778644,144.41068689966906,218.54255548011304
2023-06-02,274.7724233936553,140.65242827169487,139.89002362883653,144.7797721298448,145.10030610280833,218.54255548011304
2023-06-05,273.682528887866,140.87889121621325,141.3936407222485,146.00326671792638,144.0017385149357,217.56453856951228
2023-06-06,270.0703666833396,139.93114366215153,142.8523266422845,147.52971458934573,143.70503610522982,217.34809888500095
2023-06-07,261.8598619403681,135.61175740901925,137.4550979942928,141.2607827872609,142.5904120901296,211.3195262779216
2023-06-08,269.0920471296555,136.40013826131084,137.0511581897931,144.7797721298448,144.795618942362,212.10516059093493
2023-06-09,270.9088231710133,137.04175264521228,137.15215178319028,143.8242842508654,145.10832810744023,212.4018481968176
2023-06-12,275.88392167641564,139.1637106978541,138.73428391990308,147.48310434037165,147.37764890690875,217.2919080505535
2023-06-13,286.64487528263885,140.18694152500757,138.94749741833724,147.58797962306238,146.9927292821796,217.50844653213633
2023-06-14,300.4453840542602,141.46598334026018,138.76794557027804,147.3083181292177,147.50596372712766,219.1358318948068
2023-06-15,298.0416697553874,145.9782844165367,140.36130401863068,148.11232936652823,149.15783852921635,225.93391019296797
2023-06-16,298.3141233288239,143.558567098835,138.610863630043,146.22465428805845,148.2837753093625,225.2685613145741
2023-06-20,306.1122846950007,141.76372948007696,138.1283482863368,146.5625719256238,148.35594851512198,227.93810758655303
2023-06-21,300.78075060692106,139.88083460533346,135.26704750855822,145.4556074049755,147.51394847786807,225.7816392064323
2023-06-22,300.64102122764933,142.45985299858975,138.18447120226364,151.6546193886012,149.95169412071502,228.37903891690746
2023-06-23,294.9391481360693,140.49307469516788,137.27557207305037,150.69914039961776,149.69507689824098,231.46545943231698
2023-06-26,283.91969785192816,137.80079857916618,132.78724255427196,148.36868129088788,148.56442129184077,223.2403562326009
2023-06-27,292.6122234998961,140.30435994981693,132.77601624263212,150.52434529846784,150.8016664907455,230.11863305359768
2023-06-28,287.30868341489673,140.84115614228892,134.8518813924187,150.36121387205642,151.75591250302688,228.7077120747064
2023-06-29,285.24736759113944,140.50567492854782,133.6400187675584,149.03286178127607,152.0285364808732,225.69341342153274
2023-06-30,295.58899937280864,142.8079344457108,134.3132949864191,151.89932541821432,155.54080853362476,230.06254101622173
2023-07-03,296.36454288125805,141.73856838904638,134.53768294285965,151.7361939918029,154.32994529886935,229.29296122733626
2023-07-05,295.69380977593636,141.8056646317946,136.61353945037396,151.92263498769935,153.42383131437938,235.98685801354162
2023-07-06,294.1984433917208,143.11406761587114,134.77333178002894,149.5688663094844,153.80876335707234,234.07891366692
2023-07-07,296.9934855120673,141.41562178246969,134.0664284798822,151.2234901430836,152.90262453665474,232.90841536166025
2023-07-10,294.73645230287775,139.15532366751054,130.66651536928734,148.1356300460173,151.2427153119703,235.7704183290303
2023-07-11,296.30868856183616,139.42372176374653,131.44075061245624,150.05826058871864,150.81772291797313,239.12944466413074
2023-07-12,306.7690876421516,141.4072872530986,133.44927517694836,152.41202926693362,152.17290772831979,247.98781239325285
2023-07-13,321.2684037342182,143.69697278736783,139.7441507156968,156.4903327072109,152.7903537256996,251.2505856813898
2023-07-14,317.7186999740046,144.77891282692602,140.73159081502763,156.93310784747504,152.91062170535895,247.61102506160614
2023-07-17,324.65030390003653,144.984401632964,139.86758829010137,155.62805643618373,155.5568277069609,249.01394347770136
2023-07-18,331.8685321938054,150.75471788504032,138.8689391636752,154.77744383989508,155.3483549302421,250.16031059823356
2023-07-19,328.95469603746494,148.90535800642783,136.92772061538855,157.72547319003905,156.4469225181147,253.3349321992747
2023-07-20,318.07508208198647,145.46244923730197,133.75223003032315,151.43324070846512,154.86722092178547,242.52045655114736
2023-07-21,309.6130323715085,144.16243328356896,134.67233818663178,151.47984206744326,153.91299974543173,235.89870632644576
2023-07-24,311.7302827267309,144.7243774418284,136.3666815861093,150.0815701582037,154.56249650744766,233.7742481975092
2023-07-25,319.1860188804444,147.18602991124777,137.12969915991064,150.46609804474318,155.26013771521883,236.06698243857355
2023-07-26,317.5998524633152,141.64631105526757,145.05162072420342,149.3241602798713,155.96578850965807,239.35386221217016
2023-07-27,320.7303680857135,138.6898237955801,145.19746771052638,149.44069034730458,154.93936929161725,249.88770477854266
2023-07-28,326.66974903723826,141.89793509081653,148.76568907299617,154.05500720578624,157.03230533289457,260.92677086958463
2023-07-31,326.5230412102072,140.87049106062662,148.92278829777572,155.7678782931101,157.5294336787597,255.41127615436352
2023-08-01,324.9717402945266,141.0466318230838,147.60995800633495,153.4490828591187,156.85587090284804,258.7060843929525
2023-08-02,309.33362708766043,137.33951191027217,144.05295431323276,149.39408898832647,154.4261969364883,251.9721006949633
2023-08-03,311.05249096160674,136.9872697610871,144.1314952833503,150.20974612038353,153.29554133008813,251.07423290866237
2023-08-04,312.2054856080544,137.45690408459535,143.74999081758574,162.63109743711195,145.9342717174665,249.102144563333
2023-08-07,317.3553661556112,138.4340390579672,147.5875226675998,165.71894864418226,143.41635570015586,253.77581413109334
2023-08-08,312.09367001981974,136.73144564774486,147.44162382764335,163.06222668262956,144.17813569109072,250.6333015783079
2023-08-09,297.34984088270147,135.129509726888,145.48921353680583,160.6269011812049,142.88711449983546,244.6769002320002
2023-08-10,296.1899480005377,135.42305578891146,145.52290111399753,161.4542042080085,142.7107049057166,245.1018264367626
2023-08-11,285.4779237406726,134.6179008759328,145.3769849894966,161.27942688685053,142.75889902332716,241.81499606170172
2023-08-14,305.72793532128634,135.88854253559876,147.3631001420703,163.79632699147692,144.09985284712866,245.46253454501357
2023-08-15,307.03472319191525,134.97432997766805,145.6238255692168,160.41715061582335,142.48586525267453,242.06352009520086
2023-08-16,303.8622299335704,134.64655328162905,144.41200615571768,157.38756444246968,141.77929552891214,235.9227634133697
2023-08-17,302.8700069590632,133.16727275758012,145.7809420785408,156.117450715418,139.71566588226528,228.5473891268389
2023-08-18,302.5556292243756,132.99919089438885,143.0206348941594,155.23188265489773,140.1091166481432,227.072299449972
2023-08-21,328.18607750207934,135.2685060513605,144.04172800159293,156.93310784747504,141.1930931285197,232.40341413040176
2023-08-22,319.10914900570157,135.5122418158039,144.8384158680415,156.43206767349426,142.30921971724297,230.5595643839521
2023-08-23,329.22725656029235,137.42019277963314,148.5300661626436,157.9119141859355,145.43273499444297,235.88260240378216
2023-08-24,329.5556179278462,134.46583180932853,145.6238255692168,153.62386018027667,141.6266911714486,229.87811158289455
2023-08-25,321.5548676778687,135.73079023873044,145.73610597015946,155.27848401387584,143.41731188337047,228.8760869839057
2023-08-28,327.26366574251256,136.03335334276645,147.0040310150409,155.1386621569495,144.68599315770194,232.69200037641684
2023-08-29,340.88252097361107,138.01271875432516,150.9986620898345,157.20112344657323,147.8416212893572,238.88889849415972
2023-08-30,344.23656082308787,138.1724135871729,152.46855703696585,157.38756444246968,150.67609604053223,236.5721071661715
2023-08-31,344.87242842696094,137.7395561948424,152.7939731558925,160.81332439710937,150.85275399392762,237.20539639484545
2023-09-01,338.9609612664733,138.1177469496443,152.2217164572457,160.9415003592892,152.12948210881862,237.5982629498879
2023-09-05,339.23346831460526,140.17277938769823,152.345145389378,159.95106590607418,152.32217165351398,240.62049006805387
2023-09-06,328.8699386451397,139.89119042214259,150.8752158731577,157.72547319003905,146.8700646355017,239.83483105577267
2023-09-07,323.13975070230657,138.64307167964327,151.77288869073118,160.6269011812049,142.57421906529984,239.43403603573788
2023-09-08,318.4646185011618,140.4753687422204,153.02964791987853,161.069676321469,143.07203039917545,238.80872467059203
2023-09-11,315.71128664328444,142.0176504331691,153.6355403420836,166.74435634162086,144.01954587506287,246.5608368902337
2023-09-12,313.5589568878315,139.42470615697934,151.8626473302163,164.56536498456384,141.5624654625381,241.83105058582956
2023-09-13,317.85666468832574,141.22757642451708,153.39990014718654,168.78350806175953,139.88427699510112,244.55668889518444
2023-09-14,318.52753148038613,142.33704009886458,154.9596055874364,168.63202253009464,141.11281099238158,249.89575673987449
2023-09-15,306.78037080289647,138.77335284269466,154.17414403262768,163.58657642609538,140.52664584588067,240.7487286669336
2023-09-18,307.24159005135374,138.28586818856485,155.08303451956874,163.10882804160767,142.90341928633964,242.54448893880337
2023-09-19,304.1249511124307,138.1135862475803,154.89226500214198,160.37054925684524,143.78665938146122,244.56469145798047
2023-09-20,295.1730731914173,134.8020480366835,150.06730169506935,157.64389858683734,140.91207460712667,240.23570017361115
2023-09-21,286.6335119098507,134.2809233844778,146.36446830018863,150.69914039961776,139.65943734205902,237.07715779596577
2023-09-22,290.7775601729024,133.22192626986563,146.15124615948224,150.45443437000466,140.34998789248527,239.7627091935368
2023-09-25,295.05427915542333,133.44466164534242,147.11620770871673,152.9596885798845,141.38583234507038,241.16560291036416
2023-09-26,292.88096058199716,131.17535961361384,144.26615916939468,146.7956231704944,138.07763710984312,239.66650554510915
2023-09-27,296.7733569281515,131.44849592261042,146.47662770931993,146.7956231704944,136.84905344070734,238.6884639352405
2023-09-28,301.11301562724447,131.8056994136888,148.46274286189364,146.7956231704944,137.05786150244944,243.67482623447557
2023-09-29,303.9781630733565,132.69240146207332,146.8357141208938,148.12398415127075,137.47540311815072,240.66860424190168
2023-10-02,312.943944415193,135.2348791785278,150.54979975423106,150.85062593128265,139.5148922431189,245.96763457334362
2023-10-03,304.10396229445746,131.7006318426404,148.59737217884904,145.32743144279567,138.43090334477856,241.25377929672786
2023-10-04,307.7657490163831,134.0414008230709,151.75048792108498,147.9841534043484,139.4426569475403,244.973563138615
2023-10-05,312.2870879933467,134.20948268626213,151.55968383456928,146.77231360100933,140.44633887381485,244.34019981213737
2023-10-06,319.79236845241627,137.52942105274556,154.376131219422,149.10277270973924,142.51800294305744,252.86996848126427
2023-10-09,316.37514825023777,138.60524472901722,155.31864014537683,149.45233624205113,143.72243367255072,255.2188688575082
2023-10-10,320.04396689461817,138.00430547349544,154.91471762542162,150.87391772077572,143.24069118386657,258.00862646630287
2023-10-11,327.087974630535,139.69790809219145,157.70867781790577,153.61221428553014,144.3728493638898,262.80263086721845
2023-10-12,328.05939594850304,139.16839640964224,155.93578480603847,154.1948290627126,145.10354719136703,259.8685060376126
2023-10-13,317.68894130597374,137.72692971097624,154.12925607061288,151.23513603783013,143.61003868195732,252.27674146510623
2023-10-16,322.11940003798037,139.7903491793737,156.0816836459949,154.45118098707226,143.50561602414052,257.4555357604645
2023-10-17,307.04600635266013,139.54661341493036,156.777403845863,153.19273093475908,142.24499400833247,259.740242739465
2023-10-18,294.8725454028573,138.7270994859958,154.80250636265689,149.30086849037824,141.1930931285197,254.10456138669593
2023-10-19,294.2087372705994,139.23562390482152,154.5668661677598,149.61546766846254,140.88798375730332,250.76956743925152
2023-10-20,289.2191738600716,137.281498335752,152.15437587195126,145.8517811862615,138.81635694195222,247.43469698814658
2023-10-23,300.31634961408315,138.39512271216347,153.16425995228946,147.4714495556291,138.91268308735417,251.7316533220639
2023-10-24,305.12423274674046,138.90364713098919,155.75626752706825,149.80190866435902,139.2659865761811,250.56115501680415
2023-10-25,291.9585488224304,143.16494105814266,140.94479567118952,141.44721489316137,137.3870617234892,240.12349139959142
2023-10-26,281.80469343391565,137.79418345664172,137.20825741457264,139.326497459817,134.00658152082804,231.16076926363826
2023-10-27,283.02062779693546,138.6010446512239,137.08481984016808,148.84642078537956,135.0745388278684,237.87879723457115
2023-10-30,287.63979872926745,141.75290115451605,139.65438343393944,154.63762198296874,136.73663361418627,242.63269002443496
2023-10-31,284.9773738536947,142.0891042566279,139.22800829070462,155.08039712323284,137.12209962932377,241.51833315508694
2023-11-01,295.77404855649405,145.43424308987122,141.8873305239611,159.63644894799788,139.6915626144781,249.99996295109818
2023-11-02,304.0270924197146,146.37978560309145,143.0543051868066,160.88325310556453,142.58222865196794,249.2144027358885
2023-11-03,314.5023307280239,148.2624835991884,144.86085120677666,161.5008233469786,141.8435088198588,252.20461960287034
2023-11-06,319.7154985776734,149.83001825786943,146.15124615948224,162.82918432775494,143.9151480531737,253.16658198934326
2023-11-07,321.141107221644,151.51098126745617,146.9591603375706,166.2899175266182,145.9948341270482,255.587628927091
2023-11-08,325.466755550523,152.6330320499405,147.93533955617266,165.55581721777085,146.85399579031028,256.35725811451226
2023-11-09,328.0943416619949,151.57823501312166,146.14002849011467,163.83128245570848,146.46857944702808,256.97454221759415
2023-11-10,337.77294069449056,155.35204428614526,148.7769413114527,167.28035197983323,149.86957412593057,263.56418339404
2023-11-13,339.7644987780029,154.09552538805931,148.2158677130845,166.15007788969987,148.58313516332726,263.90093321243864
2023-11-14,347.00427737404755,155.60416708093214,149.93263780902498,169.89047258240782,150.7057749740775,269.60878582597934
2023-11-15,341.6373697749123,155.66735200123534,151.05473315212794,166.86086862906217,151.16403509316578,266.7227998694891
2023-11-16,345.7743593781615,158.40449019816688,153.6467407269067,166.4297393835446,152.53091762543696,267.90922920253723
2023-11-17,344.5025439583721,155.74312402967539,151.82899432211357,169.168018168307,152.514811526354,268.59065730432684
2023-11-20,352.26634783270737,158.93926510320085,152.88374907992207,170.27500046894727,153.92988817623575,272.5428859563174
2023-11-21,349.0169312249241,157.099066644275,153.691645973466,167.67652576111922,153.27861564539262,270.14592080476143
2023-11-22,340.4354190447588,159.1119145509923,155.39719840003886,170.95083574407798,153.81731933414878,273.76142433762124
2023-11-24,333.86656071547003,158.9350519001644,153.3774475239069,170.9857912083096,152.73993679256412,271.14799480228606
2023-11-27,337.12303598305573,159.43193422835677,153.06328364343676,172.13935708793602,152.5952054241666,268.3181502817075
2023-11-28,334.1810186622008,161.15425487896457,153.94970422255372,171.32369995587894,153.08567774142074,271.7572763425719
2023-11-29,336.4101915550488,159.53301172550155,151.4699079105397,170.49639692907533,152.25751131586952,266.31395288812246
2023-11-30,326.836483137724,159.55826469323387,148.7095661570693,170.22838132997717,152.72385552940884,262.26554528697216
2023-12-01,326.8015374242322,157.70545287568498,147.9577748949078,171.32369995587894,153.76105354005102,260.39761375433073
2023-12-04,318.03131304374153,155.4441572422499,145.05162072420342,168.771844387021,152.30577994126304,256.5495913135639
2023-12-05,325.43942998113613,156.86745860445984,146.98159567630577,171.148922634721,155.513811880266,255.16275212086435
2023-12-06,318.010350963116,155.30098709047027,145.89315334130555,168.39898017522003,154.6294044965447,254.4893265818708
2023-12-07,325.6491309994347,156.20636635979193,153.6467407269067,171.148922634721,156.19722210149203,261.8165619952859
2023-12-08,332.0089300067706,157.58754881688074,151.4699079105397,171.77813877088158,157.35504821274455,266.7548842184769
2023-12-11,325.8658372028403,156.3536972136356,149.5623682971725,169.99533897510258,155.32084914036645,260.76639852318135
2023-12-12,333.06430659663175,157.65070748669774,148.69834848770174,171.84804969934478,156.55099747294437,267.9332862894611
2023-12-13,336.0763757685567,157.64648115841823,148.75448868817307,173.43276260448079,159.16408476502107,268.3502346306953
2023-12-14,337.90740281625824,154.09244095592982,148.04756810348186,171.77813877088158,159.28467561173994,267.09155993907183
2023-12-15,341.68137944928685,156.1136890182338,148.78812441173133,174.74947769051062,158.85050634247503,268.4944536558992
2023-12-18,349.97706938214736,156.92221711869018,152.37881568202522,179.52692597540369,157.4997423272506,276.27067236100055
2023-12-19,346.6713706573785,157.17907812623767,153.33252499280314,179.20064534258887,158.3439527620656,280.8721953672571
2023-12-20,336.2371741778449,156.06738316056249,155.2289160749807,177.25471412039846,156.6474726339122,280.00643662921186
2023-12-21,342.38029371912296,157.2969821850419,157.56283083158277,179.25891037630552,156.52686936922953,283.86243693350684
2023-12-22,341.2620576247329,157.7349321716968,158.76346714480326,178.7695160970713,155.65855566662734,283.3012695670688
2023-12-26,344.4000597044975,157.76859842025885,158.7971374374505,178.75787020232474,155.21631472087523,284.455639250397
2023-12-27,345.36452931205406,157.52016381878423,157.50672520020038,178.67629559912305,155.29672103665163,286.86063166401686
2023-12-28,346.09828234599104,158.02968575608588,157.34964325996535,178.72291473809315,155.64242473161676,287.2535229183272
2023-12-29,346.09828234599104,158.34973168393654,156.74368169958234,177.0449813350089,154.7982391327294,283.75820602301525
2024-01-02,336.63553392177334,156.17266073550056,155.03812927300947,174.70285855154052,149.25849854399374,277.6094220791201
2024-01-03,332.44921391195004,156.05894362924653,155.87969645920057,173.0016333589632,148.14095630739428,276.15036222711325
2024-01-04,335.44740640039964,154.93883538274162,153.0408655892461,168.45724520893668,146.25953544397325,278.2748450553177
2024-01-05,343.1280838606217,154.85882390077893,152.30025742736322,169.23794687676218,145.67257554778743,282.14689988374056
2024-01-08,365.1846578157579,157.78123802936813,155.78992053517098,173.73573366781054,149.19418590933645,287.5260299409465
2024-01-09,371.3837386258487,158.24446723424154,158.15754015350922,176.38079195462475,148.8565042190032,286.5400598660855
2024-01-10,379.8401200186065,161.18372104973332,159.64992229300915,179.1307344141257,149.70073948974587,296.9937780074261
2024-01-11,383.13884029561615,161.96696993197122,159.42548248293517,180.8203137119565,149.2183264310151,296.3524615166882
2024-01-12,382.3560777032779,163.5839605066685,160.06506248233197,180.16778800631084,149.48364864613148,300.216513782315
2024-01-16,394.0413414207572,164.34195642117407,159.88552791881725,178.46656281373353,147.64246198550822,294.5807336324744
2024-01-17,391.7420364647959,164.00507080642083,158.74103180606812,176.77698351590274,146.87862061257815,295.310226509576
2024-01-18,399.10814902889615,165.85789574921284,160.99638830800816,178.86273659501953,151.66255425097947,301.5311817142428
2024-01-19,415.7694470589486,167.8791831872461,164.25044579000783,181.00675470785293,154.01831649664405,307.3994066741868
2024-01-22,416.90856502192094,166.96960384013113,163.81280112377195,180.3542290022073,155.89170293746935,306.0606322567993
2024-01-23,418.4391444931057,167.97602123086824,164.99100209825727,181.79912005041695,156.9288761121839,308.802325090282
2024-01-24,428.8454271816021,169.5172529023686,166.8536710341542,182.78955450363196,156.38215041879585,313.2115148974869
2024-01-25,430.62755162029333,170.48999091930054,170.41065744271188,183.81496220107053,156.1168157857156,315.19960836840835
2024-01-26,426.5321385927746,170.09415983776674,170.76976113883023,185.4113210009531,154.7098108123211,315.9692622550975
2024-01-29,436.55404517020895,172.53231812202972,172.25087375532914,187.9049115360944,154.15501344244583,321.48470757178285
2024-01-30,438.7136474842462,172.05646243329014,169.95059472228533,185.27149914402673,151.18818803280826,320.71512778289735
2024-01-31,429.99855551478856,167.4201803106522,157.20377898909786,180.84362328144155,148.26154715411315,312.76253160580063
2024-02-01,440.4817615527233,170.03100116794977,158.39318034840628,185.59776199684956,150.23944317850203,316.48226604915203
2024-02-02,462.3776173106145,173.163957321172,159.76209898668495,200.198086890643,149.42738285203373,380.7840189808934
2024-02-05,484.5460335913331,170.81845012798095,161.22079354899316,198.45024255909559,150.8987252960132,368.2940684955157
2024-02-06,476.79546470412754,170.75106512988444,161.6920912233318,197.09857200883417,152.2012455217718,364.5342718396484
2024-02-07,489.90639054027287,174.35566376880988,163.30788501041954,198.70659448345523,152.28968626014392,376.45507709505983
2024-02-08,486.70550221863175,174.3809298617853,163.72304248428685,197.9025832461447,151.41330088105454,376.783700854323
2024-02-09,504.1217292620285,177.09280196574142,167.19032210699288,203.2742922029668,152.03319321730814,375.2685489649401
2024-02-12,504.9252935109059,174.8652250818408,165.5408407427134,200.81565713205705,150.6645970060289,375.901862892882
2024-02-13,504.08670333649343,171.10057722850385,162.8590226748161,196.50431133690515,148.9659437342059,368.86323842474985
2024-02-14,516.4708011117656,172.7543316091358,163.75671277693405,199.23094422692108,148.24946447531,379.4132096130538
2024-02-15,507.790735067843,171.5182224640767,160.19972636837633,197.85598188716656,148.01599433740847,388.0311299692766
2024-02-16,507.476196909069,170.46354355444578,157.6750420943475,197.51805535960523,146.76818766026935,379.44529396204166
2024-02-20,485.384784189832,169.92777113093592,158.34825781730254,194.68655607689456,146.16440142309867,378.1866192704182
2024-02-21,471.54692334342246,169.67041136415048,159.9528685041117,196.44604630318852,146.7762345008289,375.60255716460307
2024-02-22,548.8848086210835,173.66557786212496,161.68085626941973,203.42577773463168,148.4265570574393,390.1280978130527
2024-02-23,550.8346029674311,173.11292637598322,161.53499199855224,203.90352611911936,146.9372458198029,388.4428173664504
2024-02-26,552.7565904721328,171.93168074709934,154.36489626550994,203.6005550557896,145.84236636718677,386.60504363990145
2024-02-27,550.0238731093604,171.90636215315152,155.83484306627474,202.21392904129664,147.02579831984949,390.8664083287907
2024-02-28,542.769549396147,172.00761027845664,153.02964791987853,201.77115390103245,146.0516959834096,388.43479010438654
2024-02-29,552.8963198514045,174.5051340372795,155.36354539193613,205.9659696287511,145.51230930664298,393.3381628635145
2024-03-01,575.0297636812836,175.28981357101574,153.88241549089273,207.66721260132041,144.63481872877304,403.1048214699868
2024-03-04,595.7024927296138,175.04513278906887,149.62974345155587,206.92146639772653,140.96379542646395,399.80650593535756
2024-03-05,600.8115720845245,169.86866816123808,148.86668266639333,202.88976431642732,136.95463096915998,393.4104082220899
2024-03-06,619.9337488629108,169.6324662863365,147.44162382764335,202.17897357706502,136.1495992102175,398.1212007894874
2024-03-07,647.6735332409067,172.60667262421453,150.78545723367262,206.03589833720628,136.05298745164757,411.041733611974
2024-03-08,611.7424950103095,171.37480293267805,151.94118830033383,204.32300946989042,137.4457117666416,406.0340064460149
2024-03-11,599.4836349718358,170.6576133989832,154.4771248128192,200.37288199179292,139.07193105546483,388.0896919334414
2024-03-12,642.3897520558847,175.19699185178345,155.40843335395093,204.3696108288686,139.45835325381697,401.05843772684733
2024-03-13,635.2259075274123,175.12106232042618,156.85591024689157,205.7329272738765,137.76777165848117,397.7039066585027
2024-03-14,614.6499676778888,179.39045452257486,160.56997859568435,208.28478284273447,139.27318899520046,394.7024269253635
2024-03-15,613.9022310110855,175.67795326009053,158.41561568714144,203.2393367387352,138.9672600383715,388.49898350163
2024-03-18,618.22143563916,176.0576665430925,165.70914035231604,203.30924766719835,139.85282229272866,398.8354542183015
2024-03-19,624.812191856245,177.7831110015591,164.9797844288897,204.96387150079758,141.75274592225114,398.24156032191047
2024-03-20,631.6195740646924,179.3947071013406,166.89855899616896,207.5856379981187,143.8378213924263,405.6889329743377
2024-03-21,639.0488669814945,181.14124382547547,165.6194162819199,207.5856379981187,137.96094550376574,407.48659508983496
2024-03-22,658.9958909375564,180.8754445273741,169.17638540593313,208.42460469966082,138.69355569767225,408.9471368979152
2024-03-25,663.9790373846275,178.39479983118312,168.39090656657993,209.40341103812128,137.54234836113923,403.68263614298206
2024-03-26,646.9186844396056,177.8843460016211,169.0641741431684,207.76043309926862,136.62458632658004,397.9606802474768
2024-03-27,630.7668665706751,177.79155053287502,169.28856209960892,209.54323289504765,139.52276523218487,396.3315659360541
2024-03-28,631.5077050017624,177.49200623475298,169.35590268490336,210.18411270594677,138.04951042177612,389.6867218958763
2024-04-01,631.5566343481204,179.11625506888686,174.4726291027999,210.871593875824,136.88218456819635,394.3172912411703
2024-04-02,625.1896162568956,177.79576373591144,173.42904016072552,210.54533102300118,135.9241883308394,399.1483939424552
2024-04-03,621.7789467049126,177.3781185003386,173.8329799652252,212.54952727890824,136.57626802933123,406.6679625549219
2024-04-04,600.3991752330344,176.2938815432372,168.90707491838884,209.74131978569065,135.90809464972028,410.0225430218023
2024-04-05,615.0973369802184,179.51704749231402,171.11759531194758,215.64904216071707,136.51994014541435,423.19987413253085
2024-04-08,608.9818103818047,179.12468147495971,173.75447356419667,215.78886401764345,135.61022495141472,416.70747397376397
2024-04-09,596.5480880891332,179.83763155513196,175.71813609349073,216.34816922534088,136.59237412841415,414.8215366748314
2024-04-10,608.324873747915,178.56359045750202,175.20196774168178,216.67443207816368,135.0708382746481,417.17300577493586
2024-04-11,633.3249355780317,180.53374194840166,178.87114812845977,220.2866508086918,140.91547712921513,419.8454171619899
2024-04-12,616.3413722957094,177.98983358044885,176.98609570746115,216.88418264354522,142.13110886207988,410.80901710992384
2024-04-15,601.0701222371379,174.5051340372795,173.7657085181087,213.95944508289432,139.02363759414368,401.44362280957625
2024-04-16,610.9527807075598,174.90168700718402,173.24948831266636,213.6098904405784,136.35892882644032,401.0664155903755
2024-04-17,587.3295853364898,173.74574684700488,174.45017647952028,211.2328121928784,135.24795569270506,396.5803863607679
2024-04-18,591.7745624483175,170.55212582015542,175.05608618626982,208.83244215568536,134.47512371396462,402.70358186313
2024-04-19,532.569946405655,168.37947807864552,172.90170599318247,203.48404276834833,132.8328107440223,386.0673899764937
2024-04-22,555.7597828446092,169.15571808106586,175.35903239737237,206.513628941702,133.50905580012045,386.5970410771054
2024-04-23,576.0631086966098,171.9443466066948,177.58078774484315,209.20530636748632,134.3623934383479,398.1292527508192
2024-04-24,556.8711474406309,172.57290137370762,178.55700153253414,205.7678827381081,136.06910596869432,396.04268329882433
2024-04-25,577.5238769528542,168.34574620386798,175.0448512323578,202.36541457296147,136.76949154647113,354.2154117009818
2024-04-26,613.1893598457308,171.41700058925778,192.94206367608902,209.29852686543455,136.29451684807242,355.7482482661731
2024-04-29,613.3431530699121,169.69994316113474,186.43400056572315,210.85994798107745,139.67572971059937,347.1853578788071
2024-04-30,603.8727845015894,164.24929220485907,182.6526089161804,203.91517201386588,137.12372638258506,345.2191973577711
2024-05-01,580.3823133246842,166.61602291614946,183.86446289876847,208.5760902313257,136.29451684807242,352.45793529433996
2024-05-02,599.7842162350913,167.83945307636995,186.96138658689964,215.24120470469254,139.29734193484293,354.45618016436373
2024-05-03,620.5557665206562,171.56042012065643,187.65708950222327,216.97740314149345,147.62958455702017,362.70608142904035
2024-05-06,643.9762927958824,174.46294950594287,188.62205105145773,219.8788133526673,146.28516612131108,373.71661986567057
2024-05-07,632.8915766459161,172.69104168688773,192.15663669036925,219.94872428113047,146.84062164326915,375.77105557014187
2024-05-08,631.8991932473225,173.19732168914265,190.05834484411977,219.06315622061024,147.1143632378599,379.2700526563692
2024-05-09,620.2622973918988,173.94825622285822,190.70915979742858,220.81100055215765,148.58759321234095,381.53312307669887
2024-05-10,628.166926876763,174.9691770072254,189.23919571211934,218.4572318739427,147.56379418466753,382.15910132207773
2024-05-13,631.8083397397132,174.53889216254328,189.78903435657548,217.39688649226449,150.1676176757297,375.58647794120736
2024-05-14,638.4968477001236,175.73699060357285,191.13553494066346,217.97950126944698,151.0946807651949,378.66815619718216
2024-05-15,661.3792046401063,178.8095837637593,193.5704432906627,216.7210512171338,152.940747685602,386.44454779715875
2024-05-16,659.4851844011372,177.92626802809565,195.44432989592718,213.97110875763286,153.03745878788254,379.7755972715213
2024-05-17,646.3455961282182,177.59661442229276,197.55383941154423,215.2178951352075,153.0616489814165,378.7163197695657
2024-05-20,662.427522570165,179.76477333066103,198.51881824532316,213.86622458494608,154.0048305879285,376.25254309837004
2024-05-21,666.6629323504328,181.32850166884185,199.56237261830861,213.41178576994344,155.0608914856231,372.8740290409052
2024-05-22,663.6156233541909,181.9539982542114,197.91292582311812,213.38849398045036,153.89195129674587,375.40194971080865
2024-05-23,725.4623171507988,180.46631757457584,194.73740931123598,210.96481437377227,150.65129736677076,373.79684308777405
2024-05-24,744.1232212060322,181.80183731090546,196.35322038286822,210.61524195146438,153.15032566110133,383.78023776997225
2024-05-28,796.0662409768971,181.86948481386403,197.93536116185325,212.2465562155785,153.15839733758855,385.1445018318212
2024-05-29,802.524219525122,181.38344393647566,197.37430484802954,212.0950884639056,153.40023718310908,380.68245559133385
2024-05-30,772.2963110414485,175.2552154301933,193.12163280869268,208.94897222311863,154.2063617228683,374.81603367794577
2024-05-31,766.2367189744997,175.4496396562945,193.5592256212951,205.59310541695015,154.980249228534,374.6394833110752
2024-06-03,803.7472927599875,174.7691614275618,194.3110341680011,207.8070344582468,156.4152070385019,383.19434643637726
2024-06-04,813.7904822662202,175.84690138932666,195.00671979878024,208.9722640126117,156.67316540106918,382.79308213025257
2024-06-05,855.7462470623175,179.20264541899812,196.82448348811786,211.2328121928784,157.89849556368242,397.29456569177836
2024-06-06,845.6678712064634,179.41818816125385,198.30564795825023,215.56746755751539,156.77796059780079,396.2513427139506
2024-06-07,844.89922593373,179.1350110412826,195.7584937763973,214.7518104254583,158.72076345641605,395.60930994444396
2024-06-10,851.2033577830781,180.83402126013752,196.60104618162376,217.96783759470847,155.6816158254531,403.34561463263674
2024-06-11,845.1222688885492,182.8668982878317,198.4096490623869,218.16592448535147,166.99176068100115,407.253829189249
2024-06-12,875.1079904764241,186.40862701228843,199.72400039374193,217.76975070406544,171.76408352322468,408.35326770079206
2024-06-13,905.9325696121889,186.62838295758058,196.76953592121566,214.20415111250742,172.7072775477005,404.5493334532071
2024-06-14,921.7990465060736,187.04680258249658,198.6006605634364,214.00606422186442,171.29653476719423,404.99920591853737
2024-06-17,915.5083902799848,189.49808610986366,199.1061816358456,214.47214893161362,174.6661865053987,406.98342160440023
2024-06-18,947.6609065284382,188.64012834387717,196.69089124383126,213.01561198865744,172.74757384031741,401.2477329159486
2024-06-20,914.1103478415307,188.36965645923073,198.050199675379,216.8492271793136,169.0312870598608,403.02309159254213
2024-06-21,884.6838646189155,190.09401152251968,201.79102449902692,220.32160627292342,167.26583756061518,397.4641508651042
2024-06-24,825.5511720416646,189.20225625554008,201.330408673177,216.23165693789957,167.78983838020082,400.7818553250263
2024-06-25,881.3288087502249,190.58849193122398,206.7338338303648,217.12887089316632,168.53953569233252,410.1725416756922
2024-06-26,883.4956568854986,191.0998907782895,206.56536137531737,225.60009473179727,171.90919984850083,412.1968689726068
2024-06-27,866.6505395897568,191.39152055481978,208.28410190932857,230.54067444310178,172.59442309244554,417.37025412829735
2024-06-28,863.5052649514078,188.89794749417123,204.62186990943158,225.18061138102618,169.7890312125521,405.0474435887246
2024-07-01,868.8173342503353,193.03136217776134,205.5655196153221,229.78326456476935,174.7306729915496,405.41689523780826
2024-07-02,857.4241225821835,194.10906276379686,208.0931422619125,233.0459108729896,177.56831432350037,409.2889500662311
2024-07-03,896.6363681270227,194.73878567744597,208.74464859700055,230.237703379772,178.60014777376955,409.65845111385056
2024-07-05,879.5114712245645,197.60851508021523,214.1144207460856,233.0459108729896,182.4615632974661,433.7176621747755
2024-07-08,896.0768623882855,197.050626622075,212.35068854279277,232.21859006619403,183.65465642598585,425.21059213283866
2024-07-09,918.3044751568931,194.21898667479383,212.294531057777,232.27685509991068,184.34793892845389,425.7568905400075
2024-07-10,942.9779135470587,197.0548529503545,214.76592708117366,232.80120484337647,187.8143266048666,429.5244180667241
2024-07-11,890.4852808561192,192.17340441177484,208.46386117192148,227.27802813488148,183.4531128730822,411.8595263717788
2024-07-12,903.3463194403178,191.68735040914336,207.90213076086306,226.62550242923584,185.84733355271737,400.74969687823483
2024-07-15,897.7545774840652,191.86062986860384,209.5422611865788,224.56304113961215,188.9590517642822,398.5726787072304
2024-07-16,883.2160377028688,189.98411386200894,206.61024933733216,224.91261356192004,189.29762754801095,393.4556078823268
2024-07-17,824.7124214431658,187.44830376905136,203.35249296281378,218.98158161740855,184.5091737707768,371.1234190307365
2024-07-18,846.3803145742542,186.11698411051506,199.61166813916583,214.1109306145592,180.72029157379063,382.25737970900803
2024-07-19,824.293072881264,184.7391879661471,199.57798056197413,213.38849398045036,180.82509918848606,383.0125104261785
2024-07-22,863.5052649514078,187.2031898540821,204.0826439752862,212.71265870531968,180.54295063238482,391.53565969151106
2024-07-23,856.8649376916192,188.01040543022808,204.21744613768644,217.21044549636807,181.3893963006886,392.57194217506196
2024-07-24,798.5711026622578,181.2693199476854,193.92742098781,210.70846244941256,176.17367764207702,370.5450362745798
2024-07-25,784.8013151031859,176.83163587845578,187.91739474209342,209.5665424645327,175.32724439173708,364.23098952923937
2024-07-26,790.2532742054713,179.73516278221814,187.60281603255578,212.654393671603,175.7061040501189,374.10373149129487
2024-07-29,779.9784857931437,180.3522329615149,190.44496553505041,213.4700508036601,175.93182537859266,374.1117834526267
2024-07-30,725.0395996830822,178.74197563653001,191.29873560964447,211.7338701468512,176.38328045350406,372.08743145644416
2024-07-31,817.9324182788006,176.81050423705818,192.70294928775144,217.8746170967602,179.02742507311075,381.4380061960583
2024-08-01,763.3429893036572,176.28642640515406,191.8267093053333,214.48381260635213,176.0285613168009,399.84197408404617
2024-08-02,749.7830364496225,172.64327892723188,187.2209140222682,195.642035065878,177.2377853803312,392.13014637033143
2024-08-05,702.1133934928114,167.00530450137433,178.8967119697458,187.62526782224168,168.70075811669162,382.16097846643726
2024-08-06,728.6742747344028,168.89028628977135,177.81829467054405,188.68561320391987,167.05623474918818,396.90984989513925
2024-08-07,691.349311616903,168.3915533023013,178.54846296756097,189.66441954238033,169.14414151511576,392.7566926988717
2024-08-08,733.7067248507003,170.19202165035102,182.01968346640848,193.19506366970677,171.95756781760494,409.3933538715979
2024-08-09,732.1690065076699,171.59937584218943,183.8620257779968,194.52342465048312,174.31955146314658,415.9323615488713
2024-08-12,762.0149987162731,171.93328202675804,182.31177498357752,194.36029322407174,175.56245304457428,414.47031308544985
2024-08-13,811.7815983813744,174.9762646385016,184.4124866660542,198.35702206114735,178.5808999298385,424.58407050356624
2024-08-14,825.3414442860181,176.18079444865216,180.15488853154054,198.20555430947445,178.9440881178713,423.1541310884004
2024-08-15,858.7522201189583,178.2639017817058,181.19961825355063,206.93311229247306,181.36528061493757,431.64519600474523
2024-08-16,870.7744011552674,177.18000608092512,183.06441318841854,206.315542051059,182.4387018260616,423.6842761743699
2024-08-19,908.6586026380271,178.47561195297516,187.23214897618027,207.66721260132041,182.3095674202301,425.17853248311866
2024-08-20,889.4368559766696,179.8601282218124,187.80506248751732,208.43626837439933,182.8099616905816,423.13002460294075
2024-08-21,898.1740329953576,179.58067867088278,186.31098646265832,209.86949574787047,182.7211608312585,429.90197107567536
2024-08-22,864.9030934910801,175.94367380673327,184.00808017885356,205.23188709989574,181.21196843353596,427.3073129839358
2024-08-23,904.2550684151912,176.46868353089778,186.05261709176995,206.2922324815739,183.07628976076793,424.1502525623638
2024-08-26,883.9150054474004,175.07147515197883,186.65921818029872,204.49778679104838,183.3507019254053,418.6233961839137
2024-08-27,896.7761509809899,175.21964602138115,184.99663513130332,201.72453476206238,184.03671991903488,417.0006542836064
2024-08-28,877.9738063562295,173.84786123835488,182.94086326447487,199.0212114415315,182.793830755571,415.13704512284556
2024-08-29,821.9165504650393,174.91481225028815,181.73884418769597,200.5593052076974,185.45716112928963,416.2938600336948
2024-08-30,834.3582404873363,176.6168937760294,183.53624668363605,207.9934754541432,184.81956077661945,418.7761364565393
2024-09-03,754.8855384169899,173.3567015161559,176.7735476639895,205.37170895682212,179.79150238735355,411.1044203538763
2024-09-04,742.3740104424048,173.12807290652538,175.75128784980353,201.96924079167547,178.24192677126732,411.8916601193024
2024-09-05,749.3636878877207,172.91213640697651,176.63876278613375,207.28268471478094,179.4767566762078,415.201263219357
2024-09-06,718.7489434569933,170.0795908179212,169.53903243366992,199.70869261140876,178.21772415976952,401.87432864302474
2024-09-09,744.1913479680652,171.78165921841935,167.27805845477383,204.38125672361508,178.29036924815438,405.5053433161188
2024-09-10,755.584452686826,175.37209572003542,167.2218318315801,209.2169700422248,177.64468480103318,405.5053433161188
2024-09-11,817.1636660566763,179.11492941933332,170.03399264940177,215.00816234981795,179.7027263639581,411.1606111883238
2024-09-12,832.8218590116927,180.79160047442505,174.0047364837239,217.8979266662453,179.79150238735355,422.22232650802
2024-09-13,832.5421863543672,182.31160862782605,177.1206040326052,217.30366599431625,179.57360437609046,421.435062043326
2024-09-16,816.324755034091,182.62914763424382,177.7955136409193,215.43929159533553,174.5858795333329,428.80053192343325
2024-09-17,808.0063383556544,184.24233188844096,179.21286357283114,217.75810480931895,174.96522349230398,431.2448702708003
2024-09-18,792.4879282546053,182.40475847813593,179.76403312721226,217.23373728586114,178.11280478339967,432.55551222206225
2024-09-19,823.9442039679963,185.74115589947192,182.38495774490622,221.24212979767526,184.7146414002496,449.5617485402115
2024-09-20,810.8723681342418,184.29311345401075,184.01599650022544,223.25798972832084,184.17390116542592,451.3709699130808
2024-09-23,812.6898126092931,183.547954027261,182.05874653693348,225.91471168987357,182.77767498463277,453.8314615816472
2024-09-24,844.9150544435901,181.71036749171287,182.55368946812087,226.0079321878218,183.50403894273458,452.9630847212058
2024-09-25,863.3693322755148,182.95516554770688,181.65380422885394,224.3416446794841,182.69695821976072,456.96747822697785
2024-09-26,867.0741126526009,182.61645552416218,183.04861511476375,222.7452858796015,183.62510167207884,456.5895794282762
2024-09-27,848.6198348206763,181.22344722303654,184.42095609284945,219.02820075637862,183.84301210130576,456.2035298711711
2024-09-30,848.8995609526972,182.18882197858707,186.55820730235706,217.1172249984198,188.0478464146234,460.28824539611827
2024-10-01,817.8625268518169,178.1199441153399,187.84054765733492,215.71895308918027,182.56783623189307,463.5286905460835
2024-10-02,830.7945798316041,176.61264119726368,186.5694595408136,215.2878060636707,183.0278721198085,460.58577277710907
2024-10-03,858.7557494488598,176.36285469574932,186.5694595408136,212.02517753544242,182.1320153734392,468.594411593046
2024-10-04,873.2255742463728,176.15959718103903,187.91927875744173,217.32695778380932,183.0440030548191,479.18422270045494
2024-10-07,892.7983822835125,173.39905667565287,183.3298519379993,210.673506985181,178.91987308840967,470.2106328866306
2024-10-08,928.938132250542,175.58803221958428,184.9046467855803,212.91074559596268,182.21271972034745,476.7317335946845
2024-10-09,927.2605241041534,176.75235941010695,182.06999877539002,215.76555444815838,185.2553692171095,474.81798492010904
2024-10-10,942.3595321686055,176.06646045597225,182.31749616780044,217.49008921022076,184.85184748256827,469.44673392935965
2024-10-11,942.2895872669263,176.26970484543943,183.6223237151469,220.01865298958566,183.64932911950427,474.3677666650282
2024-10-14,965.1476666951643,177.46368196013432,185.55706920152576,218.52714280240585,186.67583526329187,474.7455172681226
2024-10-15,919.9209082516601,177.29432694836197,186.11950827890792,218.70193790355583,188.7338768262168,471.40869557485445
2024-10-16,948.7206680433281,176.1850076516886,185.78206211702312,217.76975070406544,187.06322606282248,463.7860075189511
2024-10-17,957.1787606263412,176.4390729824549,183.2735907457166,218.51549690765935,187.36184083895765,463.89858678198925
2024-10-18,964.6585871303653,177.04875364988402,183.8247775846422,220.21673988022866,189.66199544260726,463.5286905460835
2024-10-21,1004.5730623761601,177.31127163720936,184.55594838523896,220.3099603781769,190.85647938307554,462.4753161691534
2024-10-22,1003.7341513535748,181.00755009921699,185.75954035556555,221.04404290703226,190.35608511272406,467.98330230693625
2024-10-23,975.5632539806732,179.77544415330468,183.10485902250198,215.22955880994604,186.2400019868742,453.2526095394006
2024-10-24,981.5050412934941,179.8304914228833,183.03736287630724,217.17549003213645,186.08666496954493,456.5412676602853
2024-10-25,989.404109410029,181.27850761785828,185.9057676018671,218.86506932996724,186.76462370465114,460.93961448888695
2024-10-28,982.2739004650092,180.61800600913006,187.53682364173082,219.51759503561289,188.370688638184,464.88759486680055
2024-10-29,987.3768837046359,182.88742616804657,190.86639729856398,222.36075799306207,188.5885990674109,477.045364898339
2024-10-30,974.0255356376426,183.1330125917676,196.24325611088588,224.5746870343587,185.70735826446537,475.8553047729112
2024-10-31,928.0292763262777,172.0484035340242,192.47496614605905,217.19878182162952,182.32571077320452,456.3803766292564
2024-11-01,946.4837145822887,173.75044568403615,192.67742001555436,230.63387716105802,179.90450585817445,456.04268823867795
2024-11-04,951.0274594566557,172.9417732059056,190.37148893646557,228.12864073117018,179.17814190007263,450.8322788804217
2024-11-05,978.0100421467497,174.21196860730606,190.93392801384766,232.46329609580712,180.34030188070062,460.28019343478644
2024-11-06,1017.8545724908654,177.90399449054794,198.54922175906364,241.30738414623903,179.75115642288134,459.9746140924637
2024-11-07,1040.7127588684941,180.12683316168795,203.3186152556328,244.75647145035575,183.59282738409382,475.7748345581288
2024-11-08,1031.974672779983,178.9032454985502,200.61895953783204,242.5774800932987,183.37466859559038,473.87723920475275
2024-11-11,1015.4079982235705,176.9852274732601,202.86869856281604,241.01607675764777,181.1689277709134,468.91604545949656
2024-11-12,1036.5882556066379,179.11071621629694,204.297248879551,243.42811046957937,181.1689277709134,470.2426925363505
2024-11-13,1022.4680483681293,180.02947010834168,201.21513804603927,249.47565470153216,181.8880148022129,466.36708101335165
2024-11-14,1025.8934234613675,180.74504523713475,197.5030747044062,246.42274117870144,184.3926932700845,464.0834855014062
2024-11-15,992.4796530454807,175.71080574358012,194.027256516727,236.0871607210818,181.79106775861962,445.52524598618373
2024-11-18,979.6874363943564,176.03258420352054,197.18813301943447,235.02679755941162,184.23109830681062,445.78261235758714
2024-11-19,1027.6409765094352,176.8920907481933,200.36022719150958,238.4176198298117,184.44116058289924,451.1619647082041
2024-11-20,1019.8117463451883,175.91825021084063,197.95300868176741,236.4017776791581,185.02291735224173,454.72404372461995
2024-11-21,1025.2641332450378,175.15887614580913,188.5604489349307,231.15824468451584,184.63509192397723,452.77018343899266
2024-11-22,992.2701391886164,176.91100422350635,185.33207628602844,229.69004406682112,185.72583619463916,449.59400578407457
2024-11-25,950.8177317010093,177.67041766426718,188.58290155821032,234.73549017082038,188.14969855392812,454.3943578968376
2024-11-26,957.1090296234439,181.5734843313801,190.23649664407606,242.2046158814978,189.91914663752584,461.1726767806876
2024-11-27,946.0642590709961,179.45224816710902,190.36021941346456,239.73433491584154,189.81411549948155,457.68306541625805
2024-11-29,966.406033229042,179.6516468603467,190.04527772849283,242.23957134572936,191.75321780487653,461.79998878653237
2024-12-02,969.0623352519831,182.8419865764201,192.90243021559615,245.5255272234347,193.5792048777762,476.68347122522937
2024-12-03,980.4565094646534,182.93530705489036,192.73366392329257,248.70659892845325,196.05157180377134,493.42438800771504
2024-12-04,1014.5689802515944,185.5741503062152,196.14198596477704,254.20648384745513,196.34243777047877,493.5289153094213
2024-12-05,1014.0797937374045,187.78022804191124,194.1960055244861,256.9913817711877,196.36667763586803,489.6290985038912
2024-12-06,995.7639618920604,188.18325175666612,196.5244929341214,264.5420643050748,196.2050826725942,501.5618088064252
2024-12-09,970.3875451552026,189.222666008567,197.49296324588533,263.44674567917303,199.36420025208466,493.3600711141321
2024-12-10,944.2420553480478,188.08143924590752,208.52921403460073,262.2232510910914,200.18833083939228,497.98357646880993
2024-12-11,973.8827582007289,190.48266309607553,220.04974319055924,268.3057507872758,199.1541379759961,508.7260784503086
2024-12-12,960.1110990273153,190.7244825750257,216.17579280532567,266.8026124853415,200.34182929025127,507.20638189563425
2024-12-13,938.5095679933092,189.75296520570242,213.76586062210015,265.04312225904755,200.4791968060997,498.8117923196638
2024-12-16,922.7803071680089,191.58572165178822,221.46868330056327,271.4169115638312,202.830327151257,502.34452860582763
2024-12-17,911.52527411296,192.8032979535843,220.07228223656128,269.342804379461,204.80177825241995,498.4818594992026
2024-12-18,901.1790969821757,185.5614056951611,212.16665999771328,256.9564263069561,200.41456130438294,480.5766192284294
2024-12-19,913.5524998183531,185.40866724115855,212.29055561254654,260.18409937095277,201.82039898917776,479.2729424707122
2024-12-20,941.6553773786129,185.2262526124976,215.5564011538816,262.08342923416507,205.6178247452765,470.96811003425046
2024-12-23,976.3994912684846,184.65353262964967,219.18261216308207,262.2465606605765,206.2480239915061,482.71715658076175
2024-12-24,980.2444288224062,186.38443718924756,220.84930893366374,266.8958329832897,208.61533494352932,489.07455054124745
2024-12-26,978.2170961676223,185.8668694779231,220.27497808967928,264.56537387455984,209.2778084777439,485.53371289521607
2024-12-27,957.803986765815,182.6510799154708,217.0766978327169,260.7201127891571,206.50657841633708,482.68494873543455
2024-12-30,961.159523906765,180.232858875483,215.36495753922017,257.86530393696137,203.76758538902376,475.78841915546786
2024-12-31,938.7891337012437,178.82013645921498,213.18024297057022,255.63971122092627,202.32942374438863,471.1773622318061
2025-01-02,966.8919043121125,177.58132351407647,213.3266084932276,256.6068538846482,197.02111674748693,482.2262833307358
2025-01-03,1009.9551835261575,179.60498662111158,215.98436647520867,261.23281663787645,196.62521964273517,486.563771163259
2025-01-06,1044.62935251435,181.514092606334,221.70518772268431,265.21789958020554,197.95027847283882,507.14068184304944
2025-01-07,979.6850835077555,179.18921829530262,220.15111704393496,258.8091370311983,195.69607033534712,497.23449707227235
2025-01-08,979.4754627015001,180.1183411293996,218.4168204198917,258.83244660068334,196.091955022135,491.4645998977944
2025-01-10,950.1143255567534,177.73830142160165,216.2658625666114,255.11536147746043,191.36540479457585,495.6008874940938
2025-01-13,931.3790382001166,176.99160634140873,215.1059313556415,254.55605626976302,189.38590685285334,489.5413173058137
2025-01-14,921.1024851228384,176.34677627294678,213.58561739226175,253.74038135771397,188.48097257492688,478.2106763573421
2025-01-15,952.4214378182538,180.8607442550975,220.2186477592187,260.25402807940793,192.18951054595578,496.61489123800885
2025-01-16,933.7558814645142,180.12678066071555,217.2456196859208,257.1195577333675,184.42502964788864,491.931317263825
2025-01-17,962.6976700473591,182.01470250356792,220.72541331883048,263.27196835801504,185.81469914378138,493.11431339863657
2025-01-21,984.5088218876207,181.78984083870827,223.03402350231366,268.83011831073367,179.88428941306495,496.083708782788
2025-01-22,1028.1310186187527,189.2990286729467,223.39440625472355,273.84059117050936,180.84577509825715,501.7490786555595
2025-01-23,1029.1797643463751,189.51538518027488,222.95520597948445,274.318339554997,180.70839516444488,512.1702925603582
2025-01-24,997.0223284259383,188.39112935694905,225.46652930063016,273.6541679546048,179.99739222759644,521.0544710244244
2025-01-27,827.8458246991196,184.36078720745556,216.00685366757725,274.318339554997,185.71776451815197,531.0251702829277
2025-01-28,901.7382283980446,189.7232759058009,219.93713438327146,277.49941126001556,192.5046163780525,542.6535362065333
2025-01-29,864.7570540977424,187.6571657625671,220.0609954290158,276.24097898769435,193.39337004911306,544.3917224849538
2025-01-30,871.3982369526589,176.0582703042753,226.20976471327404,273.4094619249917,191.96329249892895,552.8493939911127
2025-01-31,839.3806373608846,176.0879464789337,229.7571754841898,276.9517519470647,190.6786293051528,554.6036841921969
2025-02-03,815.5422063405348,174.33161832344314,226.6152082731435,276.64879866372695,184.2230266303234,561.2669044876841
2025-02-04,829.453701842611,174.94675909200356,232.4148643279929,282.0554630847806,188.09315956462618,566.6826635591694
2025-02-05,872.6566034865367,175.33706444619054,215.4663313925959,275.1922617207708,187.826533463308,567.2299499370539
2025-02-06,899.5711128892932,176.4104205767586,215.77038381454514,278.29177660257955,188.43249284414833,572.9595873048727
2025-02-07,907.6803365590384,173.8352347544887,208.7206749338067,267.01234527073103,183.91600489267773,574.995547956963
2025-02-10,933.7558814645142,174.8831016629486,209.99321495206433,271.6616175934443,184.13438720453007,577.3131790600595
2025-02-11,928.3729047193892,174.55221428429394,208.69815317234912,271.2188246731882,188.15438012629068,579.244513613372
2025-02-12,916.7684680041178,173.53402355049246,206.77243021818884,266.7559933463714,191.5919705445898,583.7348899141281
2025-02-13,945.7798806404691,174.17038783715222,209.62159724574238,268.4339267494556,195.3612075228025,586.2939316615716
2025-02-14,970.667110863137,173.27520688172245,208.5967620344289,266.46468595778015,197.84436565936284,592.8203180129537
2025-02-18,974.5119414676677,173.7885613900105,206.9526215943938,264.0992713848187,197.7392227596441,576.4842716297046
2025-02-19,973.3235198354691,175.96494982580506,208.64184012643298,264.0759795953256,198.06276038917898,566.3447281759121
2025-02-20,979.4754627015001,176.89592331917973,207.8422743833285,259.70636876645705,198.83925566724824,559.1584761836075
2025-02-21,939.7679345271872,173.5291147095715,202.32413170442635,252.36541901795948,198.61278926094488,550.0730974833175
2025-02-24,910.7564149414449,171.73946156183962,201.86240966772968,247.85598633216455,199.86650688886542,537.6641358973478
2025-02-25,885.2399479771425,169.1463729079757,197.549259007257,247.96085272485934,199.81796506826777,529.109890253743
2025-02-26,917.7469479818884,169.92430606675643,194.5199006034985,249.7669620901234,194.41484691755093,542.1465590338437
2025-02-27,839.9398757261446,166.86360437682234,189.75631471387467,243.23002357893637,191.93978529340544,529.705340204011
2025-02-28,873.2857332787802,168.7595326179682,191.7608379063197,247.35492837819183,195.6119634663504,537.7204502281348
2025-03-03,797.3661573491578,165.14620569237857,188.07833113574753,238.8953682142994,192.53024705539033,527.1382464952356
2025-03-04,810.8583042893324,165.19719726183803,192.48158612659495,237.47378673557483,190.8316434554226,515.0270592829359
2025-03-05,820.0162202120044,170.47269184888933,194.84649207144983,242.78723065868024,190.67798357103385,528.2808840263166
2025-03-06,772.968381014157,168.71701995555398,194.09196985126044,233.8615680050467,190.3463494290841,505.31402278705053
2025-03-07,787.788785915193,167.1951873933615,195.79247519084512,232.17198870721592,193.37145234295932,503.48726493398004
2025-03-10,747.8715299852336,161.60513323007703,187.00966231963255,226.68374968296052,183.99688309107955,481.2203809466884
2025-03-11,760.3151450965676,161.72843176379706,184.94644081413315,229.0724738254071,178.62613857205832,487.43293840027286
2025-03-12,809.185027593277,162.92719959222495,188.40770541536014,231.75250535644483,175.5039644349516,498.57833483957705
2025-03-13,808.0664439133665,161.01426103601614,183.50330234185702,225.92635758462006,169.5993840689942,475.3055978667736
2025-03-14,850.6440124684273,165.17596061849557,186.58123031560453,230.65718673054306,172.6811004799543,489.38877462733126
2025-03-17,835.6824343713419,165.23548359597274,185.22826531188105,228.082039372192,173.09361282030585,487.2141522853121
2025-03-18,807.0176981857439,163.03346156039584,181.14691767743082,224.67957120704543,172.03402522088453,469.05935061178855
2025-03-19,821.6296587238251,164.86138791701933,184.77731154639548,227.84897923732547,174.09659934060613,470.428628625019
2025-03-20,828.6909922610752,164.44480582613792,183.54839771840557,227.1614980674482,173.17447860074384,471.99115371021287
2025-03-21,822.8881322070938,166.32372375222087,184.89007591458358,228.6296986851429,176.54739626343468,480.24698279918283
2025-03-24,848.8263540945942,167.09739120699277,189.0503447791299,236.8445528194222,178.53715144327785,498.4500468421616
2025-03-25,843.7924066868234,167.9816125844306,192.2974020206151,239.69937945160993,180.97988910758303,504.45868714005445
2025-03-26,795.3420331761022,165.77535109533105,186.0964161274825,234.36262595901943,179.18425153827528,492.1112267311285
2025-03-27,779.0520901687642,166.03464027285278,182.91701059309236,234.63062377812562,181.0607921419125,485.3455044739019
2025-03-28,766.7472418921834,161.0270056470702,173.99892887677856,224.56304113961215,176.24812333521675,464.53281458284295
2025-03-31,757.7281997536555,159.57742754816587,174.3484050816215,221.6965686126779,179.6695579825776,464.22674125516244
2025-04-01,770.1030464066107,162.4680785884431,177.08814365807163,223.922161328713,180.52691904108485,471.99115371021287
2025-04-02,771.9907031568184,162.44682881985756,177.0542832354351,228.39663855027635,181.09310368378897,470.32395312770535
2025-04-03,711.7248817824881,158.60819397114273,169.9288334807849,207.88860906144845,164.34995063859378,428.19110218754
2025-04-04,659.3592514932975,152.96714823839878,164.15629687622476,199.25425379640612,152.37091216153286,406.5326599654259
2025-04-07,682.6405831362067,152.12547889910448,165.45286241130975,204.2181252972037,146.77367640028066,415.81143393328676
2025-04-08,673.2721373374561,150.72263979089388,163.1416076925211,198.8580800151201,139.46168126812245,411.1397650062255
2025-04-09,799.3271813815549,165.99639331444743,178.93714051928475,222.67537495113837,160.8395536983801,471.8059585995811
2025-04-10,752.0652295030322,162.11101947503883,172.2964703836676,211.16290126441527,154.0209615229391,440.00693555442325
2025-04-11,775.5563423762832,165.12920850255875,177.1670648881677,215.4159820258505,160.2733566377121,437.8162092897404
2025-04-14,774.0183031850798,164.85713533825358,179.3430161927662,212.2116007513469,163.80803069720656,428.0782759318231
2025-04-15,784.4354412367574,163.972940211302,176.23126236547114,209.26357140120297,163.50066125657378,420.0561513156188
2025-04-16,730.5317717563637,157.97055653590184,172.87147532488677,203.13447034604044,157.13501431170332,404.58346784142975
2025-04-17,709.5574989002595,156.34242262980916,170.42489990736348,201.13027409013338,159.32699603246056,403.91493275747814
2025-04-21,677.5369582002343,152.661080694454,166.49010792555995,194.96621757073927,156.23720794501327,390.3673596210935
2025-04-22,691.3798456680182,155.9343456964592,170.77441068129536,201.79444569052555,161.55942306140062,402.94842570571365
2025-04-23,718.0870336764248,159.15234029975298,175.14893875921686,210.44046463030642,165.49044127234458,419.0492609608558
2025-04-24,744.0950400415178,164.64033257265987,179.5797798830545,217.36191324804093,168.53978405160905,429.4234968581296
2025-04-25,776.1157411656294,166.57454714794048,182.60134295725248,220.21673988022866,169.27583402149548,440.7963241561557
2025-04-28,760.1753087679049,166.28121108980665,181.07928325488024,218.71358379830235,169.97145110116293,442.7857019890073
2025-04-29,762.2027483720799,167.50549439082891,180.57194730530063,218.35236548124794,170.83692109004886,446.57130937981873
2025-04-30,761.5035667287664,168.02411212160172,179.03861807992735,214.89163228238465,171.8803280826043,442.1897086548458
2025-05-01,780.3105636520329,180.83656755729973,181.85722603284012,221.6266576842147,172.54359636650378,460.8841399332082
2025-05-02,800.5157099631444,185.03652722342767,184.93513672204318,221.37030575985506,166.09707122323152,480.8671814158757
2025-05-05,795.7615956367856,185.4148623559037,185.13810912787287,217.14053456790487,160.87190249414803,482.6795148964989
2025-05-06,793.8039939848989,184.19908421241288,184.03319462198314,215.5791134522619,160.56455788944285,473.0463558329667
2025-05-07,818.4136905380603,184.21609452747583,170.67295040519724,219.8904770274058,158.73652185251183,480.6980902279076
2025-05-08,820.5810199455935,186.26506310321565,173.94254669268452,223.81729493601824,159.7395083728121,481.66462197894
2025-05-09,815.5472864366047,186.50312876263806,172.21753186902706,224.95921492089815,160.5807012424173,477.2185561647767
2025-05-12,859.9425668401943,190.97938792135065,178.65528145244792,243.1134935115031,170.72077587437988,515.0261701092918
2025-05-13,908.3929403509156,190.9283963518912,179.86163894989133,246.29456521652165,172.45398833953197,528.3965753971087
2025-05-14,946.216555003704,192.54373314595736,186.44594418595887,244.9895138052303,171.9680485790745,531.078718295711
2025-05-15,942.6509692589351,192.97815244221727,184.85623277649157,239.07014553545736,171.25533196321797,518.610429068272
2025-05-16,946.6360105149967,193.46365518463838,187.37042533202097,239.5595398146916,171.10143613751654,515.7591455831658
2025-05-19,947.8246460459774,195.42268959462882,187.76504876704593,240.22372919507578,169.09286774247627,515.8316132351521
2025-05-20,939.5047320760675,195.12457594800514,184.8787718224936,237.7884036936511,167.53784064027022,513.1494703365497
2025-05-21,921.4669686471846,192.73966677501556,190.04249491683152,234.35096228428088,163.67456242199967,511.86076133517327
2025-05-22,928.6680850384018,193.7149117133804,192.64687822545804,236.65812960351772,163.08334316422136,512.722617588892
2025-05-23,917.9012759530243,191.72179104704853,189.94101735618892,234.199494532608,158.1510024401299,505.06278183408364
2025-05-27,947.3351386836148,196.19780082614218,194.9355938982447,240.06059776866434,162.15197104130837,517.353878513687
2025-05-28,942.5110794555769,194.77961830874287,194.32679767256695,238.5457957919915,162.32203505591187,518.3687714312459
2025-05-29,973.1334707677569,195.34178559613508,193.7630795388933,239.6877157768714,161.94134995684757,519.5527555367731
2025-05-30,944.7484607141799,196.05722947249714,193.62775884015866,238.88370453956088,162.67027201549763,521.5180268841651
2025-06-02,960.4790049321717,196.74291842274215,190.57238719695764,240.79468029751973,163.35869909410954,540.3735961862354
2025-06-03,987.3259757945455,197.1687800604982,187.35915580901997,239.69937945160993,164.63027375401256,537.1114650790636
2025-06-04,992.2199799242625,197.55207653486758,189.46750726015685,241.4705155726504,164.26581893366944,554.1064385310556
2025-06-05,978.726603066092,199.17468471361343,189.6478887663511,242.26288091521445,162.49211148847925,551.4242956324532
2025-06-06,990.8217235870264,200.32456101147847,195.8149969523027,248.85808446011808,165.15669607654434,561.9675733191593
2025-06-09,997.1839289556586,201.33387908094159,198.77250350465744,252.83150372770868,163.15623661188275,559.0276688608673
2025-06-10,1006.4824298527301,200.55452839590563,201.6058378894672,253.565604036556,164.14432157559125,565.7451287486388
2025-06-11,998.6514884982281,201.27851680552845,200.1948313853796,248.4269374346085,160.99377239114102,559.0921339500576
2025-06-12,1013.8238638448694,203.94025048082688,198.33226615674954,248.47355657357863,161.33393767423956,558.463883372033
2025-06-13,992.6384728910366,202.27505088820817,197.16960398775183,247.14519559280225,159.10668893621514,550.0147084140278
2025-06-16,1011.6564274879453,204.05524073566198,199.54011012501823,251.80611381026208,160.7022110184593,565.9546279388733
2025-06-17,1007.6708514849289,203.58677455879004,198.614470914476,250.3146214030743,158.45066032522647,562.0129705735392
2025-06-18,1017.1799357327741,204.52370691253398,195.64572940820918,247.6345898720365,159.2119808514998,560.8361986542357
2025-06-20,1005.7831947347211,203.31420263524694,188.10522588695858,244.33698809958466,162.79176937357582,550.0187590939616
2025-06-23,1008.0206829427151,206.97677547296323,186.46846594741643,242.9154066208601,163.19673159192087,563.0609605100695
2025-06-24,1034.100184975656,208.72710539235518,188.25200623868346,247.92589726062775,162.2248396530421,574.0798472992462
2025-06-25,1078.918396745744,209.64701430579308,192.66563195621893,247.01701963062246,163.24531066641003,571.2424942012293
2025-06-26,1083.882559675922,211.85307891624606,195.89403917421015,252.9946351541201,162.79176937357582,585.2760748318659
2025-06-27,1102.9704591745099,211.20999450511698,201.52681295210425,260.1957630456913,162.85656630882235,591.3538236813123
2025-06-30,1104.648602067853,211.8360423506969,198.9305360948389,255.63971122092627,166.16910783138889,594.9489009196278
2025-07-01,1071.8566354109298,209.55331319527284,198.49029874693102,256.8865153784929,168.31536660933705,579.7384001740804
2025-07-02,1099.4744974832468,209.14447499782284,201.65095055056028,256.2572814623403,172.0571474695294,575.1842009650992
2025-07-03,1114.0875275152375,212.44505363072773,202.65561469846548,260.3239390078711,172.95612112481916,579.5691607905051
2025-07-07,1106.3964759640935,211.96804292059497,199.56266645556477,260.3938499363343,170.04045772614666,579.037138560176
2025-07-08,1118.7022867851929,211.49957674372303,196.81966110020792,255.6047557566947,170.08904921859963,580.907169530588
2025-07-09,1138.8388250620123,214.43390859305072,199.3707734427468,259.31017720517906,171.00425315261057,590.6687647871429
2025-07-10,1147.3690015345232,213.56936195502598,200.49957518910807,258.98391435235624,172.032845514321,586.2030383557401
2025-07-11,1153.1023444843893,214.35296521882768,203.4006477037353,262.19995930159837,171.02043375947648,578.3600822288026
2025-07-14,1147.159273778877,214.22520410245224,204.94711318291343,262.98066096942387,168.96328628994704,581.1087155565622
2025-07-15,1193.515417790777,215.4176718141901,205.4438018530933,263.74971674250276,169.3601395779134,572.6208615450429
2025-07-16,1198.200015013021,215.33250211168755,206.53872589227356,260.06758708351146,170.21055899464164,566.5914738621233
2025-07-17,1209.5968629604647,217.92183694602366,207.2272902907269,260.871598320822,170.09717056694214,565.3823459018852
2025-07-18,1205.471718002263,217.2191245554726,208.89794522199446,263.49336481814316,171.03663920227,567.6958275279762
2025-07-21,1198.2699599147,217.22339025948148,214.5871703221606,267.18714037188096,172.08953351918885,574.700490502761
2025-07-22,1167.855264319738,215.18343872575417,215.98689001870275,265.0547681537941,173.6445482034311,568.1230754639203
2025-07-23,1194.0747631054278,215.43896095850502,214.73391610479652,266.01024714277753,173.44206088527665,575.1923023249668
2025-07-24,1214.770753646289,217.57261360275257,216.923798752246,270.6012544317741,173.12620997535032,576.1756295781637
2025-07-25,1213.0927177023366,218.77785217603076,218.06390459069723,269.6807309070223,173.22341779618395,574.4667366314595
2025-07-28,1235.8162547967638,218.26251575603402,217.3866097152449,271.25378013741977,173.3610833431642,578.4567551633202
2025-07-29,1227.1464024196766,218.29234943360967,220.96495982078,269.17967295304953,171.10955748585906,564.2458831877765
2025-07-30,1253.4359530564363,218.57767909344994,221.8454345165958,268.2241939640661,169.3115356674966,560.3847454357606
2025-07-31,1243.6471961512657,227.2059645304743,216.61903766397307,272.79189168357766,168.11287929118262,623.4433101168448
2025-08-01,1214.630970792322,223.2069392110272,213.49222899843582,250.23304679987257,163.9094606257412,604.5571631211279
2025-08-04,1258.5401127393636,228.11732891065142,220.16347549323822,246.62082806934444,164.69505827129524,625.8051035109269
2025-08-05,1246.3740847722315,224.7571616740539,219.74582904496583,249.06781724550763,164.34680889374567,615.3988573624689
2025-08-06,1254.484698784059,223.56048075927956,221.34874584641594,259.04217938607286,172.71315124459045,622.2744913618016
2025-08-07,1263.9237311808342,221.81437716816708,221.83414770905028,259.9976761550483,178.2043500127284,614.0848563107741
2025-08-08,1277.418070583523,222.3253953831826,227.36532293449042,259.484972306329,185.75270866835965,620.1061426338262
2025-08-11,1272.943201116926,222.21041825359057,226.89122516394607,257.86530393696137,184.2040147277051,617.3414053834031
2025-08-12,1280.6343596174606,225.3917146771653,229.53264925139342,258.0633908276044,186.2067466797469,636.7917330562404
2025-08-13,1269.6569671813095,221.70362636685462,227.9748796801253,261.66394588339404,189.19060953575442,628.7956414683913
2025-08-14,1272.6635284596005,222.51277135373692,229.08112509594,269.14471748881795,188.7446556188182,630.4480224901654
2025-08-15,1261.686349922231,221.52900813259754,230.16476232757478,269.2029825225346,187.77976741153753,632.9468474224956
2025-08-18,1272.5936905073124,220.22155016602449,229.7132381721214,269.73899594073896,187.21219195688482,618.5504839451054
2025-08-19,1228.055258343941,217.09989484711488,227.53462504767293,265.68398428995465,186.94462209031585,605.7420857988349
2025-08-20,1226.3772223999886,215.3750804003173,224.99481679722405,260.79002371762033,183.25534438118183,602.7112880347113
2025-08-21,1223.4406060233762,215.09779651449983,225.4802186598584,258.62269603530183,182.35531519896682,595.7629887892492
2025-08-22,1244.4864280220238,216.37326826362812,232.63686701729517,266.6511269536766,184.6742954357774,608.4101007162046
2025-08-25,1257.2114804556338,215.1063410477606,235.3460119500155,265.602427466745,184.18780928491157,607.2091729129057
2025-08-26,1270.91565456336,214.15932850731272,233.82210280138392,266.4996592020037,185.93106788279925,607.853972000416
2025-08-27,1269.7269120829885,216.16423564195202,234.20592339610877,266.97738980649945,186.88787199562887,602.437224958215
2025-08-28,1259.7286413209533,217.4013160550008,238.90177115591516,269.86717190291876,188.56627156845093,605.4438668383431
2025-08-29,1217.8470459274774,216.14290712190785,240.33536855963828,266.8375679495731,188.22570891050992,595.440613944762
2025-09-02,1194.0747631054278,215.47319159252055,238.5744364525512,262.5728235133993,186.26352161036155,592.546798320351
2025-09-03,1192.9561794255173,215.57131590996684,260.37180265094787,263.3302333917317,193.35827688333944,594.1106077674751
2025-09-04,1200.2277754653685,216.68894348552513,262.2230465029434,274.6212928383348,194.42044741923667,603.4609602136783
2025-09-05,1167.7854263674499,211.15622038411942,265.2708302311177,270.7177844992074,194.34747946379233,606.5240152216649
2025-09-08,1176.8047893541507,212.5212719174333,264.4234381534368,274.80773383423127,192.87988724488844,606.403137004616
2025-09-09,1193.934766352679,212.61085170161886,270.73915885282827,277.6042954327023,190.01765834456123,617.2043738451548
2025-09-10,1239.8716687520684,213.44694281259387,270.2194471694009,268.38732539047754,183.88780369682783,606.1451778507833
2025-09-11,1238.8229230244458,213.71996099440253,271.57521226933017,267.94453247022136,186.51488603413696,605.2746274547676
2025-09-12,1243.3677373927223,217.51223748447364,272.06106353012103,265.84711571636615,189.7906207119219,609.0550479993223
2025-09-15,1242.8782300303596,219.84133812378457,284.274409082475,269.66906723228374,191.92310796798648,616.3982885383294
2025-09-16,1222.8104602119188,217.14538693971372,283.7660014911377,272.7219807551145,193.09880352918532,627.9250416738398
2025-09-17,1190.7158035839677,217.5634128073366,281.9243851304175,269.8904636924118,193.77991642710344,625.2811332419296
2025-09-18,1232.320079206719,216.89369727794926,284.7489216820869,269.4360248774092,192.87988724488844,628.9325742095679
2025-09-19,1235.326533535619,220.93763717929863,287.78814956074353,269.7273322660004,199.05839547489398,627.425227288838
2025-09-22,1283.85310848739,219.45317218422355,285.3138497338742,265.2412091496906,207.6369484095693,617.1853554088802
2025-09-23,1247.633093002455,217.22643531588162,284.33091225838047,257.17782276708414,206.2990866587606,609.3129083560834
2025-09-24,1237.424238889646,217.61888008469458,279.2241244535599,256.5952079899017,204.58013001608126,613.5556003984486
2025-09-25,1242.458881468458,216.28794105820828,277.6988325413699,254.19482017271662,208.27750423763013,604.0779479255456
2025-09-26,1245.954950109112,218.17768730985216,278.54620733450633,256.0941500359289,207.13424439794608,599.9158248950342
2025-09-29,1271.546762919336,219.5171314938699,275.7329575903824,258.8790479596615,206.2990866587606,599.6335616615988
2025-09-30,1304.6201134238397,220.94619483780252,274.65965651634673,255.8494617863078,206.46125284837046,592.3578489210001
2025-10-01,1309.235086592577,221.69698499384393,276.6933041662407,257.08460226913587,207.1261354675674,578.6132991232007
2025-10-02,1320.772359090334,220.00346112660654,277.5858780431925,259.15870945350616,208.48832400951216,586.4454369708027
2025-10-03,1311.8920303118637,220.69022634678612,277.201746326667,255.77953307785265,209.2099567233961,573.144436625754
2025-10-06,1297.3481965358155,225.47645124664544,282.9412348821812,257.3992014472202,208.13156832674147,577.2581984897386
2025-10-07,1293.8520209457708,223.51842748037402,277.66497211873343,258.42460914465886,207.96130562471672,575.1771369744829
2025-10-08,1322.3106121803191,223.8895831048721,276.37696243316606,262.433001656473,209.24239244491082,579.016638167828
2025-10-09,1346.5039547545255,222.84447249746404,272.885812854533,265.3693851118704,205.9828632099195,591.6561921188095
2025-10-10,1280.7066574057408,217.96440210941032,267.2819042659206,252.12071298834636,198.87190249414803,568.901695184853
2025-10-13,1316.7867830873174,219.28250464814076,275.8459639421932,256.4320765634902,200.80978783908802,577.2904063350659
2025-10-14,1258.8206409918166,219.07777710620283,277.3147181093889,252.14402255783145,200.89897365528975,571.6038444904455
2025-10-15,1257.4222777051896,219.01804412483602,283.61911743214586,251.188543568848,202.17197638103278,578.7826373038477
2025-10-16,1271.2669833126197,218.2416728699847,284.1049514083922,249.90678394704977,200.63951271909946,574.3624563224322
2025-10-17,1281.1261129170334,219.0820559354548,286.1838327111906,248.24049643871206,204.56392457328772,578.2744745662993
2025-10-20,1277.0705920123376,220.45132067180506,289.8557440559964,252.2488889505262,212.6316521479973,590.5753027574509
2025-10-21,1266.7219550455616,220.82250254678937,282.97514715845114,258.71591653325004,213.0614130401038,591.4625992570955
2025-10-22,1260.568728786839,222.05102530133428,284.3648245346503,253.961777817842,209.55865314764338,591.5754749113481
2025-10-23,1273.7143062256512,222.05953045886574,285.9352636770224,257.6205979073483,210.47485051876043,592.0513804050335
2025-10-24,1302.3825182664548,223.36063580777633,293.66323536770403,261.2561262073615,213.10194527403343,595.5681609641408
2025-10-27,1338.9522582597851,226.7348995554677,304.2270649866896,264.47215337661163,217.95883444991526,605.6185894593899
2025-10-28,1405.658732381007,231.23525666051944,302.1933654831622,267.12887533816433,218.1128668732188,606.1187002356063
2025-10-29,1447.6823565656598,231.01344005205993,310.215122576372,268.3523699262459,218.6804423278715,606.3041917374527
2025-10-30,1418.66431306707,224.2777752949193,318.02220562713904,259.683059196972,220.05886114853746,537.5810475601693
2025-10-31,1415.8674795444251,220.88644873119262,317.69455980197444,284.57236318940693,219.22370340935197,522.9652557868533
2025-11-03,1446.5634520375763,220.55375006898953,320.55297406082485,295.9683068086968,218.15337427122077,514.3830011734623
2025-11-04,1389.2966520094753,219.4019837361175,313.5707094726477,290.515041028665,218.9561459607468,506.0022925860455
2025-11-05,1364.9636335306927,216.34339521032317,321.2196043723329,291.5404309461116,219.0372352645337,512.9633366537382
2025-11-06,1315.1086401939742,212.05204447646128,321.7167078715803,283.1973830696605,218.73719242255848,499.2428933413985
2025-11-07,1315.5981475563367,211.93259163897076,315.02814226320885,284.79375964953505,217.68310598111228,501.47718911463744
2025-11-10,1391.8140267735769,215.84857354529814,327.7612513526236,289.44301419225627,218.67328958070743,509.58363703141475
2025-11-11,1350.6294205609001,216.99180847015248,329.1283551137319,290.25868910430535,223.3969091688036,505.8086997243315
2025-11-12,1355.1045039262792,218.04119790681247,323.9311691412805,284.5490536199219,221.9522032572319,491.2332665547461
2025-11-13,1306.5779289745085,214.69254150841724,314.7344087143142,276.83523965962337,221.53019117455312,491.94312351387595
2025-11-14,1329.7225258210922,217.63166407147799,312.2940038791703,273.4677269587084,221.09191155926163,491.5962469956428
2025-11-17,1304.7600032271978,216.48417656785787,322.02171094347597,271.34700063536803,217.0744022302663,485.5870139153206
2025-11-18,1268.1204252815794,210.6400701990502,321.185692096063,259.32184087991754,217.05818436950892,482.10244120154033
2025-11-19,1304.200550963156,207.7947799989408,330.82303556182677,259.484972306329,217.96717932160666,476.15772260894414
2025-11-20,1263.0859966015494,204.4697884138623,327.02690019584253,253.01794472360513,216.09236481494128,475.214062379977
2025-11-21,1250.7796510334954,201.77303658996212,338.5623286291429,257.1545131975991,220.34521939437593,479.32767604835425
2025-11-24,1276.4413017960078,202.57651147182344,359.93850504764873,263.6681421393011,223.94069180476478,494.4919397644134
2025-11-25,1243.3677373927223,203.85437201519667,365.42952827626164,267.6182696173986,224.79286215439257,513.1810853994476
2025-11-26,1260.4289459328718,207.49135062885995,361.4864397131077,267.0240089454696,225.26360232712642,511.07586800019664
2025-11-28,1237.6340735946833,210.27357403585412,361.74629555482136,271.75483809139257,226.31868220567873,522.642633949687
2025-12-01,1258.0516748709106,208.02129544443156,355.769542057229,272.52389386447146,229.76804485368535,516.9318668225355
2025-12-02,1268.8196603995884,209.41453999993308,356.8089999931726,273.15311000063207,232.27595199215182,521.9569822730884
2025-12-03,1255.7441348118464,204.17063787303334,361.1248816116731,270.77604953292405,230.62026487516843,515.907489386107
2025-12-04,1282.3163526888782,205.49977874121436,358.8538998815231,266.96574391175295,227.82021271972033,533.5964134687083
2025-12-05,1275.5334084162619,206.4912989810283,362.97778477993876,267.45513819098716,226.2619072750641,543.1869909943999
2025-12-08,1297.4904392257747,209.85045557390683,354.67947497504764,264.37893287866336,225.53955431927827,537.8472068709411
2025-12-09,1293.4345974729063,210.2778266146198,358.4781684536149,265.57911789725995,224.9633111258747,529.9101959318824
2025-12-10,1285.113400110305,204.52534756792198,362.0168332450237,270.0769046883083,226.2619072750641,524.4010242292409
2025-12-11,1265.18412975314,206.62378518492122,353.2210742499955,268.32906035676086,225.65315385236283,526.4821351430322
2025-12-12,1223.8574947492862,204.51253733065235,349.67110536649676,263.5632757466063,225.85608821721502,519.6420680894597
2025-12-15,1232.7381443759293,202.9269554627032,348.4613946674242,259.31017720517906,222.47162184816554,522.7137184426716
2025-12-16,1242.7378054800467,203.59795726591474,346.595977488955,259.33348677466415,222.8774409060146,530.4958155735305
2025-12-17,1195.3274613215858,203.48254700330028,335.4599603095005,257.8303484727298,220.6292678989426,524.3201588261722
2025-12-18,1217.7039476423909,206.8417429719081,341.9493733963724,264.2274473469985,220.913341239437,536.3888138991672
2025-12-19,1265.6037991632147,207.67085145355176,347.26302262953055,264.9149462968677,222.1145557162992,531.8035430111817
2025-12-22,1284.484002944584,207.24346728759565,350.2250750170836,266.1733785691889,219.9232073116971,534.0074092863813
2025-12-23,1323.0835354286903,208.06829693998742,355.39173648398315,270.49638803907936,221.05132965347673,536.7843479751417
2025-12-24,1318.8879108218546,208.56831620128165,355.0977955205547,270.77604953292405,222.2281800853114,538.8913437216808
2025-12-26,1332.3139095637289,208.43584312263187,354.44208904115806,270.9391809593355,221.895378654762,535.4524152549594
2025-12-29,1316.160808302107,208.17514954409796,354.4986095016079,270.41483121586964,222.1875981795265,531.7389791249198
2025-12-30,1311.4057314312295,208.33756130226826,354.8264627413063,270.95082685408204,221.63566935929518,537.5997202066934
2025-12-31,1304.1334936950327,206.68786262175553,353.8655112063912,268.95829427291346,220.64551059562763,532.8691188264488
2026-01-02,1320.5662676139798,202.12349370608501,356.29616755844836,263.92449406366075,219.95564303321183,525.0547644517269
2026-01-05,1315.461573184098,202.08502361854684,357.86767834257813,271.5683970954961,216.91209944305433,531.819696332381
2026-01-06,1309.3080260772026,204.5039796721485,355.3803978228042,280.7387479987508,212.9351720198439,533.2969595448221
2026-01-07,1322.3843003106813,206.62378518492122,364.0179340976617,281.4728483075981,211.28758141527535,523.6662704080788
2026-01-08,1293.9241048352687,204.33303650596054,367.9296684971287,286.9843791213466,210.24064772099317,521.5431707388761
2026-01-09,1292.6654174532182,204.8330688924979,371.46833328853756,288.2544928483983,210.50845352887487,527.1940668406648
2026-01-12,1293.22486971726,203.9355647690387,375.187863553386,287.1941296867281,211.22266030039057,518.2414220060103
2026-01-13,1299.3084719224762,201.15336761253073,379.83443307687963,282.68469700093317,211.87194595702144,509.45841174321754
2026-01-14,1280.6378889473622,196.32827886784014,379.68747987970994,275.75156692846815,210.98731504995126,496.88925070571986
2026-01-15,1307.9793937934728,195.16580233659516,376.2280128711089,277.5343667242472,209.5669731834071,501.15160336532466
2026-01-16,1302.2453021978702,196.53340016707122,373.0850258719383,278.629685350149,207.39185505752621,500.70760932575195
2026-01-20,1245.185128393078,194.25120914661443,364.0405422818416,269.168027058303,200.22529911770368,487.6864022873498
2026-01-21,1281.8967902281945,189.80222424307215,371.253520969739,269.5292453753574,200.99634290965312,494.8226629614472
2026-01-22,1292.52552764986,192.80668426630513,373.69551598297505,273.05988950268386,201.56446475471418,522.8105889713323
2026-01-23,1312.3148012542756,199.13613587461666,370.744767687512,278.67630448911905,201.31286438962604,531.7954910498498
2026-01-26,1303.9236589899954,200.98667702510852,376.7706438605168,277.8140282180919,207.29446096723518,542.7742662279747
2026-01-27,1318.2586206055248,205.38864730785184,378.2290445855689,285.1083588276193,209.61565160160686,543.2667202311455
2026-01-28,1339.236636690312,205.83739936958145,379.8796840143285,283.1624276054289,208.13042587406946,539.8438462885522
2026-01-29,1346.1593638168954,185.26775463119282,382.4121463333734,281.6709351982411,209.62379778587703,596.013587561251
2026-01-30,1336.5095341705644,183.89589109670789,382.129509462035,278.83943591553043,210.59773868878722,578.4070602363275
2026-02-02,1297.9100016864581,180.93843256903074,388.56236751936797,283.10418035170426,219.14405458936898,570.2616862733572
2026-02-03,1261.0584500479836,175.74154506292996,384.06275119304405,278.04707057296645,218.71389632242,558.3868216562192
2026-02-04,1218.0535652013955,177.01511365180818,376.52195383453727,271.4868402722864,224.4032857932285,540.0538394641444
2026-02-05,1201.9004639397735,168.2453512193646,374.49824479771945,259.484972306329,223.93254562049464,541.0386980719504
2026-02-06,1296.5113175516583,171.43785660055022,365.01279790884666,245.07108840843205,225.72622115151776,533.9751026439825
2026-02-09,1328.887464976581,176.7629777317782,366.6634373376063,243.20671400945133,223.0941343747866,546.6975967365352
2026-02-10,1318.3984034594919,176.6219338693814,360.1739896816455,241.1559163945661,222.3304792713139,541.4503360705885
2026-02-11,1328.9574098782603,172.818277793539,351.5591307291459,237.80004958839763,223.8090117163489,539.8116384432249
2026-02-12,1307.210213773785,171.73702026662227,349.34325212679835,232.5798261632404,212.62263670625927,524.5704118084236
2026-02-13,1278.3304558376888,171.51479677562654,345.6350259540399,231.63597528901155,207.78900637662443,516.4654458477196
2026-02-17,1293.4345974729063,169.60867022058875,341.4519242062354,234.3859177485125,214.36924815438013,516.077963733077
2026-02-18,1314.4824515099817,170.77970441033762,342.9329676845564,238.62735261520123,214.7510757061165,519.2504858963475
2026-02-19,1313.9231061953308,170.68117321035504,342.39030212605945,238.70892721840292,211.68838361573853,520.5098521674719
2026-02-20,1327.349211886596,170.1542997016698,356.10399799291866,244.82638237881892,214.9378915539219,529.2929612273363
2026-02-23,1339.4464713953494,164.68852846533818,352.1583167480927,239.18667560289063,216.23767982763863,514.4311647458458
2026-02-24,1348.5369557270296,166.628951280607,351.49130617660603,243.02027301355486,221.0794687595075,516.0860650929446
2026-02-25,1367.4869974606872,171.59784018874623,353.75243571640243,245.44395262023295,222.7773272816456,527.7025753679635
2026-02-26,1292.8751452088643,172.07759407468774,347.5117126555101,242.27452680996095,221.73747182674455,530.3827917236705
2026-02-27,1239.0316882355737,168.2309922034087,352.463630941789,244.69820641663907,214.61296311243845,523.2545336123692
2026-03-02,1276.0229157786248,170.71970892410872,346.5394224594161,242.82218612291183,215.05161526664472,527.5976528779711
2026-03-03,1259.0305826462447,173.02425223357181,343.2156045558948,243.21835990419785,214.26364578999983,528.8247125066965
2026-03-04,1279.938760778744,173.5682673097511,342.70685127366784,252.64508051180417,213.26439707681132,539.0366248154039
2026-03-05,1282.0365730821618,175.91562516221978,340.16311943162196,255.11536147746043,211.45281484195039,533.2566503396273
2026-03-06,1243.4370405980558,175.17886589105666,337.4949388693194,248.43860110934705,209.1537778550451,520.5744160537338
2026-03-09,1277.2115513096055,175.37162321128366,346.6023382013236,248.76486396216987,211.11974021619676,522.616847914011
2026-03-10,1292.0361272368882,173.80814425272183,347.37170784522135,249.74365252063834,211.8914918320843,528.0094390722165
2026-03-11,1300.9172046610952,173.43118727077174,349.24977731025007,247.7860576237094,211.8752491353993,528.6471247705747
2026-03-12,1280.7074060514774,172.13755018518734,343.42322650418964,244.1505471036882,207.7727636799394,515.1819236925999
2026-03-13,1260.4973935430776,169.43465574751443,341.98643145973773,241.9832194213697,203.1909696567054,495.4280420174066
2026-03-16,1281.2668583155191,171.31941440677872,345.69728488325717,246.72571224203122,205.38439186126652,506.9536095880582
2026-03-17,1272.245677189172,171.08810824755494,351.761359899563,250.75739654333842,206.5298248446202,503.0834813025307
2026-03-18,1261.546353169482,167.82405716620883,348.10706150558235,244.54672088497423,203.0447481326487,497.44394686397106
2026-03-19,1248.6791649953038,166.637522064354,347.47351381220915,243.25331536842944,202.2486324717336,490.1884875230413
2026-03-20,1207.6997946638537,163.57479908698184,340.5382977541068,239.30318789033197,201.46061332323336,479.65266901523773
2026-03-23,1228.259424731258,164.0588580526615,341.73756858831337,244.8613378430505,204.30392966465288,488.05545874814726
2026-03-24,1225.1824907537236,159.6639491507082,328.5911860403796,241.48217924738896,204.42577472571824,479.0547985367166
2026-03-25,1249.5182899166712,158.93576066329203,329.1455359509451,246.6907567777996,205.22190280459714,480.6464687580195
2026-03-26,1197.4900849559172,156.76400543831323,317.82066783850115,241.83173388970482,205.44125371762792,442.3895751306036
2026-03-27,1171.4758220514539,152.82317744678977,310.3763528072823,232.27685509991068,202.1186412263981,424.75992929093593
2026-03-30,1155.042192537379,153.76126482192686,309.42601398267794,234.15287539363788,200.35578708159224,433.37281099650926
2026-03-31,1219.5880750626975,158.56309563583696,325.33287656043785,242.68236426598548,206.17238617383907,462.2573204307651
2026-04-01,1229.028711700337,158.22040866363173,336.45413273890637,245.36239579702323,207.6671613155591,467.9938241950571
2026-04-02,1240.497215739715,159.97236611316862,334.62131421132653,244.4302085975329,207.90274250731107,464.13989862926474
2026-04-06,1242.2455174335194,159.72393151169396,339.395616518528,247.94918905012082,210.29111432598398,462.9764149160855
2026-04-07,1245.4623412144115,159.4712049557243,345.5841402550905,249.0911268149927,205.93679256412324,464.6165451009867
2026-04-08,1273.2947437649675,160.34501801538056,359.00206299680644,257.80703890324475,210.32362455528167,494.8099675377522
2026-04-09,1286.0919870374664,159.80530801893946,360.3257134130917,272.2558782653733,211.6152914806559,507.713112075645
2026-04-10,1319.0992428183652,158.86292868930732,358.91152655281974,277.76742685911375,211.6071701323134,508.9007516728197
2026-04-13,1323.8544266386334,164.64568767184636,363.51616377140465,279.5269170854077,210.56733951334002,512.6740094296865
2026-04-14,1374.204381756653,168.38947951389088,376.63990356606945,290.1654686063571,210.26675028095644,535.2644538263241
2026-04-15,1390.708063121798,176.1469444466867,381.40290178118096,289.5595442596896,216.44078804398444,542.6088305316542
2026-04-16,1387.0716768802222,180.01924554396356,380.15838000952556,290.9578161689291,213.97929925430125,546.8828906442385
2026-04-17,1410.358409467374,181.102983741827,386.56188891033133,291.95991429688263,219.52781934346226,556.3198387236604
2026-04-20,1413.0157809842244,179.08115816882645,381.74233566568097,289.3031923353299,221.8186853101697,542.067471978063
2026-04-21,1397.7711078493032,181.68981336101183,375.9384621819784,291.2025221985422,216.2295833152238,540.3950351507631
2026-04-22,1416.0928219111495,185.44218911204646,383.8919107554029,297.5530197138328,221.91621599806282,545.1457911336049
2026-04-23,1396.092644107787,178.0873803871986,383.40541996646624,297.22675686101,222.12739589089577,532.5659106138435
2026-04-24,1456.442688127488,181.88686263573388,389.63916007138863,307.60893867760774,220.20206510738433,545.3962911085353
2026-04-27,1514.764757796059,181.97253109747442,396.35942553433654,304.2647355461778,217.39938034360503,548.2968249338121
2026-04-28,1490.7086312904373,183.87012624449451,395.72587784096334,302.6101294925706,219.91774340761347,542.4148918801898
2026-04-29,1463.295898149956,181.8183226162442,395.9069161598478,306.5019919369514,219.47906641747954,540.6212310460905
2026-04-30,1395.6032436948155,174.6734127791173,435.3459600963821,308.8557428351744,220.43768355302782,494.3978849522921
2026-05-01,1387.770911998231,177.5262368687685,436.35292308870316,312.5844916331358,227.57845979994661,491.8447710291419
2026-05-04,1387.9806397538773,177.17497911281626,433.592373920699,317.00068604099056,224.88944907703484,493.1859906740504
2026-05-05,1374.134436854974,176.21547134093325,439.45280243394046,318.74853037253797,230.86042829557238,488.7826051947994
2026-05-06,1453.3657541499538,177.3206168102995,450.3251611718956,320.4264637756222,233.56565687924152,495.1816421209459
2026-05-07,1479.0302925460217,180.2377020901884,450.2685715732677,315.9753139035359,233.50878260491626,498.3568812036842
2026-05-08,1504.904558697736,177.81751226373495,453.44768327040174,317.73478634983786,238.28552624226208,492.55576415459467
2026-05-11,1534.5551008943844,176.76376524636441,439.69039578236374,313.4350864494325,237.98466381467432,483.85406388169247
2026-05-12,1543.9257926303449,174.66912082462227,438.2309579846429,309.74132867568665,239.70847588120975,487.19903633336406
2026-05-13,1579.2406954196983,173.572546139003,455.50675648522594,314.7634652102008,243.017888076892,498.21150131288954
2026-05-14,1648.5418687146762,175.38018086978755,453.75317030954284,311.37264293980076,242.48123335216724,499.66579420619394
2026-05-15,1575.6743610291928,180.73030558912885,448.8996356504447,307.7837515587497,244.12375742749458,496.2724111894599
2026-05-18,1554.695168501105,181.42425031728635,449.08067396932904,308.62268270030785,242.1803709245795,493.8323705147056
2026-05-19,1542.7369432005821,178.80273238685893,438.58166139214393,302.19062836180757,243.09920090402778,486.8839230736362
2026-05-20,1562.7371210039446,180.36191939092572,439.99588282150484,308.7974955814497,245.76625666689432,488.8634211993322
2026-05-21,1535.0446082567469,179.90688033774927,438.58166139214393,312.81751620801845,247.9941883929292,490.7378486394284
2026-05-22,1505.8136285207822,179.68367245352073,433.2756173585569,310.3239434528691,251.10846470504234,493.064816065787
2026-05-26,1502.5269667876019,178.5932928826466,439.961901407057,309.1237584342726,250.71002191770617,494.7453542529546
2026-05-27,1486.7226274898571,177.15092054220642,439.9053118084292,316.7676614661079,252.7591101287122,513.26377854834
2026-05-28,1498.2610764309143,183.29819377623284,441.3761228364179,319.27289789599575,254.10889312479435,513.2879838308713
2026-05-29,1476.5128108325293,193.27895676367731,430.3001175953984,315.35774366212183,253.74298540268353,511.0418818075813
2026-06-01,1568.960933860692,197.6919522506281,425.8086595740691,304.4278847525812,249.06752267830643,485.15482612579876
2026-06-02,1558.1915579899317,189.44548013550238,409.3813593620136,298.90467248410226,256.296193273189,482.8602641389106
2026-06-03,1501.757679818523,183.44845155928874,406.1456580662519,291.3306981607221,252.27935451424028,503.34203323879274
2026-06-04,1530.8826727080595,183.7532328294093,421.07960820431646,295.7236007790837,253.06809390464244,507.05052951525465
2026-06-05,1435.9463720995243,178.8680304713019,416.9388190213992,286.6814258380088,249.905039830619,479.11946122005
2026-06-08,1460.7306100587107,176.75167689746553,411.2786492405042,285.7375927437719,245.1889455286017,472.970874870298
2026-06-09,1457.580094900205,173.1757831652088,412.3540935980554,284.5374077251754,236.25270556386872,472.32449502964283
2026-06-10,1403.1807149927738,170.57862568598264,403.4336784682368,277.32463393885763,237.09022271618122,461.32818337131664
2026-06-11,1434.336035120041,167.5650961197647,405.0071596904373,281.4145832738815,240.3833673792508,459.26786924108785
2026-06-12,1436.5765179109817,167.7368005500527,407.1693524976296,277.9655137497568,236.7243398299981,458.09628416804094
2026-06-15,1487.4051785028782,171.6089178939261,418.1161384841161,286.66977994326226,241.02574864799416,479.9516289537662
2026-06-16,1452.11915204908,169.06327699388356,422.5310605424875,286.6464703737772,243.31875050447977,485.3942608287148
2026-06-17,1432.7957499916279,162.65842086393894,411.82204074986925,276.74201916167516,240.6435733932707,459.006155798536
2026-06-18,1475.0831113743552,162.86876600992542,416.6218204756344,284.77045008004995,242.31860769789577,466.802035120877
2026-06-22,1460.8005549603897,157.69165824518257,395.8490475049285,271.25378013741977,241.50550426246608,455.98963421125234
2026-06-23,1400.520241943586,160.5248994721224,391.8303217751296,272.79189168357766,239.3019117455311,454.655280962817
2026-06-24,1393.2390204585495,156.88461329719692,390.879429845102,272.97833267947414,238.3098902872896,450.9918361509847
2026-06-25,1370.4151648354145,151.46279850002097,389.0907906132133,264.51875473558977,223.7306295286762,439.02296612026123
2026-06-26,1347.941247619457,160.10850113464446,381.93637196201445,271.13726784997846,230.74787187144926,444.99124781442356
2026-06-29,1365.0241668859687,158.21967365001788,400.34320191519663,279.81822447399895,229.08910509943686,454.9787425750913
2026-06-30,1400.8702873001544,160.12996090711968,404.5543737632368,277.7208077201436,235.28509782251007,455.5367484352396
2026-07-01,1383.2973259243252,164.9636598112866,408.9013675618015,281.63597973400954,239.36698187598176,495.66480919939056
2026-07-02,1364.0440826673337,167.62947543719037,407.4297268756777,282.7662538241429,250.95396039911338,471.39555556433754
2026-07-06,1369.0849283108205,166.01967749571412,414.8445199049246,284.5024522609438,254.23086236549796,485.4589235120482
2026-07-07,1378.7465223901559,166.92117169307693,415.4897865194553,286.6231608042922,252.60460582278324,497.82411799531855
2026-07-08,1429.085140872735,164.56013733729375,409.70513344921466,283.8732183447912,254.82444103640324,487.7476070731787
2026-07-09,1419.7035402988981,164.99799544724692,406.2750847353187,287.8583012871203,257.12556424123136,510.6825074597964
2026-07-10,1476.9734418593366,165.31566570609576,404.3392848917266,285.8774146006983,256.3937736329374,541.1950938362236
2026-07-13,1424.9544345462039,167.84412566291502,399.0527032552242,288.17291824519657,258.01185915545426,531.1023801943486
2026-07-14,1482.8544819181,165.2426893544369,406.9769409484773,288.3826688105781,256.01971972655645,534.5878914803086
2026-07-15,1487.7552238594467,169.83598630590885,419.8934390548258,297.0869350040836,266.29759650310143,550.9804497884878
2026-07-16,1452.0491001980101,172.18414479820694,401.2601469998654,291.1792126290572,270.981180575821,537.4183781818523
2026-07-17,1419.9135889027173,169.05898503938852,392.5548207415571,288.07969774724836,271.37145234295934,522.4330853609168
2026-07-20,1423.2042077633628,172.69499238506208,398.46402623932124,291.2957426964905,265.5576348746096,522.3036611971785
2026-07-21,1451.2789576338034,170.74605128701867,392.98499848457755,288.45257973904125,266.4927323866705,520.6538982978005
2026-07-22,1484.6747605520113,167.5650961197647,387.25690044387574,285.30646349825435,264.98846992058714,507.1969961738364
2026-07-23,1461.5706975245962,163.80459584324862,359.63533413746796,272.26754194011187,261.54896713585873,490.15751464110855
2026-07-24,1448.1284424752982,163.85612554767536,361.9559916484538,270.4614325748478,270.7860198563242,481.3345409628713
2026-07-27,1375.8060558354696,167.03278876043433,369.67644456228663,269.62246587330566,273.9490739303476,480.26703860470866
2026-07-28,1379.3066163505432,168.85722380239213,377.77048562051215,269.00489563189154,276.52664584588064,479.8950182317646
2026-07-29,1330.2982343925578,167.6509483349087,381.16658748904916,264.0992713848187,274.98987315049953,473.5871216041286
2026-07-30,1365.514208995286,193.64814360170976,377.7138960218843,274.4115600529453,271.1193925132096,435.917576567113
2026-07-31,1405.4911426853937,199.49492752011068,403.15066133691977,316.4530267280397,251.18165618383554,450.21548876269753
2026-08-03,1446.7282610490251,209.3383085879844,422.82538176589446,330.9484852291383,246.71762171156794,477.3314318190295
2026-08-04,1483.8345661367348,211.55340336569296,427.511982294404,323.25799861831683,251.5638066026314,475.47142875138036
2026-08-05,1534.8033304307714,209.2567483273354,410.2824372348497,317.6998308856063,252.8810793694158,476.14265605553186
2026-08-06,1533.1931004006792,214.57980879539602,404.98455150625733,317.2454098505956,254.0275802976586,477.05652896742487
2026-08-07,1567.98908474516,214.6356173290747,401.07900497371406,319.8322208836851,254.77563843856524,478.83561723346963
2026-08-10,1523.1113021643148,217.241358717291,404.7241771282092,324.03868250615034,250.8692947217445,481.11619943473255
2026-08-11,1522.7612568077466,216.27547207725937,389.1926657183789,317.2570379653502,248.14298043549798,484.51274395775636
2026-08-12,1568.8991171127248,211.39026971915195,388.898379064061,311.442553868264,245.97820647348456,468.12023504811293
2026-08-13,1577.370685318997,213.30057010149685,392.0906961531777,308.9373174383761,248.4278236897496,481.1566074369989
2026-08-14,1576.3904941509713,212.66522958379917,391.56994739708153,306.0475353419568,248.9730716454423,477.0160221680869
2026-08-17,1575.3402511318757,206.204578045419,389.4190932510681,304.4861320063058,248.69637457546085,460.1302194801644
2026-08-18,1538.4439946479852,206.75405322272954,389.6455207837573,302.31882210397936,252.30975368968748,439.66993874334565
2026-08-19,1523.1813540153848,207.9045201565343,390.23416323057126,309.7646204651797,257.8437447611715,441.57850057166456
2026-08-20,1518.210560222968,206.9368222329543,385.64943780722734,303.0878423170743,253.34330081896474,441.4167697655274
2026-08-21,1503.2979649469362,207.8357045069394,390.34737699691584,301.36332533500394,251.7563595497246,444.70819420441563
2026-08-24,1459.6104221379358,209.58616567876246,394.0151573355909,305.3717178468181,252.56203704278607,452.08364258875
2026-08-25,1491.6059366804793,211.4785501042702,392.76990961306734,304.19482461771463,252.20395263788595,461.00363499125524
2026-08-26,1467.8718347909978,213.48276160102503,387.1550253387101,303.2859469877093,255.09304159396984,465.9286690083219
2026-08-27,1596.13377951728,217.22022707589338,385.62679505395846,298.60173698075647,256.0126414871753,461.8527464227433
2026-08-28,1523.1113021643148,220.86308579846724,392.3510705312258,310.4521016350569,260.1794395772925,467.4490571424973
2026-08-31,1545.7252161330216,218.17932796524016,384.15515436783465,302.6916685357883,257.8600371297119,462.8555860975725
2026-09-01,1522.3412665494993,215.4826680180417,379.2534303987259,297.0403158651135,264.5984961845806,467.86953747903954
2026-09-02,1571.1395999036654,213.67630643583828,381.63071207742854,297.1102267935767,264.46013523162605,479.44213245575185
2026-09-03,1599.4243983779252,219.39647113401378,387.69841684807517,301.6779245130882,267.1050621829539,493.86141685374304
2026-09-04,1612.796708525544,214.91496187805953,383.3939084598425,301.22350347807753,260.39916302923814,498.7864508708097
2026-09-08,1580.3810967753623,212.44195607335516,383.28062555532,299.42904000756005,257.34732423924453,496.1257963352709
2026-09-09,1565.9586505580385,211.45274587632753,374.54705635133115,294.1039324097161,256.6311554294442,528.6439138657491
2026-09-10,1530.49294912745,211.79251904456368,376.75595199770873,293.5096717377871,265.77040426681236,521.1148854336809
2026-09-11,1530.002265321787,213.1645007062365,383.4392285354693,299.207643547432,270.40918432604605,524.0666949390953
2026-09-14,1478.6261307976347,217.37076048905442,395.77500051637577,295.4322933904924,271.06837951781046,538.2756403717437
2026-09-15,1487.1070036009191,213.80532757555167,390.779525178007,289.46632376174136,269.6523342667503,542.0280519465123
2026-09-16,1499.2326046982735,210.8721244971309,388.3893837982112,286.5998690147991,270.5231315621178,544.5107729561788
2026-09-17,1537.3617737609964,214.076285094193,393.44148330429675,292.69401460573,274.2585792607586,551.7891532177094
2026-09-18,1557.898302759956,212.36883534402216,395.944907588615,295.63039806112744,273.55055663522853,538.3969631756145
2026-09-21,1593.7144773446767,215.73641834297348,402.0957855872998,301.1535925496144,275.8699590828092,599.927433550942
2026-09-22,1604.1578714718316,214.1838070857019,397.77997310697725,297.1102267935767,276.4965943734206,596.1639567041593
2026-09-23,1580.6075086359963,215.29773334270476,382.6802641873486,290.4567759949484,274.2748467933713,602.2340487805601
2026-09-24,1574.089157156582,214.15369777802104,387.8116651835087,290.58495195712817,273.3796606170486,629.339074760485
2026-09-25,1577.5236229480506,221.99849807843162,389.57880244206416,290.92286070469754,277.57084758812096,608.3526996176307
2026-09-28,1604.0878196207614,219.0093945896304,388.2534581404198,286.82124769493515,275.39792744183734,579.1839016099724
2026-09-29,1592.5229541801405,218.8975675183834,386.1805227209226,287.4271720416027,268.0735143458527,597.9364255664099
2026-09-30,1600.7235126297537,220.592128279826,389.7600136063934,290.31693635803003,271.0195520840448,586.9212436674164
2026-10-01,1618.1058901909162,220.54910373293072,383.1446998975286,289.2449273016133,268.822243056806,587.5282528750565
2026-10-02,1639.7637835539508,222.58343766260947,389.1030280707052,293.0785424922695,271.5648248756652,589.2683656963724
