Date,nvda,msft,googl,amzn,aapl,meta
2023-01-03,100.0,100.0,100.0,100.0,100.0,100.0
2023-01-04,103.03180194252218,95.62568460447703,98.8330167957361,99.207643547432,101.0314236574629,102.10839769037116
2023-01-05,99.65074332515348,92.79154429838455,96.72349882015709,96.85388375921303,99.96002036546068,101.76368849032498
2023-01-06,103.80023347056726,93.88512642857607,98.00266735067365,100.30296217333377,103.63795426463922,104.23282520758193
2023-01-09,109.17222224301794,94.79920773407575,98.76569350080442,101.79445458052155,104.0617296981814,103.79188147313863
2023-01-10,111.13519849543567,95.52131923393469,99.2145298708015,104.71918325117645,104.52546613931715,106.61378552758569
2023-01-11,111.7778708831829,98.40970616977647,102.6929663663535,110.80167405736483,106.73222523702788,106.53362404375228
2023-01-12,115.34055634014832,99.55336766503173,102.25537359156903,111.01141573275038,106.66827272332155,109.5960002000641
2023-01-13,118.05100203578208,99.85390291900814,103.36623388475634,114.33232707468726,107.7476669750461,109.81243991130492
2023-01-17,123.66051208448148,100.32139126526884,102.43489085502486,111.92030225275164,108.69112177676226,108.51371519641168
2023-01-18,121.39018995819882,98.4264014790049,102.24414728089941,111.23281219287841,108.10746505895428,106.63783026784508
2023-01-19,117.11492730381066,96.80689742025315,104.4097622407405,109.15870500850818,108.15544807117976,109.14705390183646
2023-01-20,124.6175622699585,100.26713151027644,109.98651632801636,113.31857416199121,110.2342773055502,111.72842410624145
2023-01-23,134.07618167068887,101.25218756786161,111.97259673985864,113.63318223007151,112.82482599328188,114.8548825210052
2023-01-24,134.57911128246784,101.0268008932778,109.62744723201871,112.23491032083194,113.96018800797233,114.75068864654787
2023-01-25,134.98428913131943,100.4299042126321,106.84469630712283,113.23700844878547,113.42450188442601,113.43594645445052
2023-01-26,138.3304421342183,103.51446759452946,109.42547734722365,115.61407780648952,115.10354719136704,118.08564595694546
2023-01-27,142.26338645688895,103.58125539406475,111.50133367533684,119.13306714907341,116.6786541410805,121.64503319273274
2023-01-30,133.8596224792692,101.30644076023245,108.7746710924315,117.1638352473939,114.33595559336136,117.89322628669308
2023-01-31,136.47922801775144,103.43517143831598,110.90663304707826,120.17012074125853,115.3674040867519,119.42442053966673
2023-02-01,146.3010743603222,105.49711431686424,112.69073493185395,122.52388941947348,116.27887021365106,122.75132588773812
2023-02-02,151.65215452265002,110.4432374908394,120.89314937509464,131.56607325054435,120.58848730573648,151.33077819375467
2023-02-03,147.39788069044403,107.8345429229247,117.57178616393075,120.47308291459228,123.53082449070827,149.53506709865692
2023-02-06,147.32099743160987,107.17503227005083,115.46227683062322,119.06315622061024,121.31606822429326,149.15827972047836
2023-02-07,154.893483732727,111.67875599995878,120.78095540657048,118.9815905074045,123.65074476738049,153.61553485344996
2023-02-08,155.11707484801153,111.33236770919817,111.50133367533684,116.58122047021145,121.46795233985483,147.04987585528943
2023-02-09,156.03915257563597,110.0342089773644,106.60905613259042,114.47214893161362,120.62844831333007,142.63270763905226
2023-02-10,148.55050124515853,109.81719620788101,106.1153318044579,113.73805751276225,120.92472851226583,139.61039370020396
2023-02-13,152.2040134905989,113.24816756840367,106.16023704713633,115.98695090828643,123.19892957151816,143.84320655815043
2023-02-14,160.46807479828004,113.60296913999403,106.23875208365166,116.17338301418691,122.67845545365927,143.88330582452033
2023-02-15,159.02203853066482,112.69495169680846,108.7746710924315,117.87462598675621,124.38408762115276,142.02343837315783
2023-02-16,153.6989523770309,109.69470487661188,107.17008647111166,114.36728253891886,123.08682019409278,138.23958416307448
2023-02-17,149.40973282432543,107.98329786564516,105.86848260379887,113.26030912827456,122.15793166394506,138.59227740245177
2023-02-21,144.28924896379388,105.72786921587762,102.99595576263205,110.20741338543583,118.89875013194087,137.95096083251363
2023-02-22,144.9808239703579,105.24247803802291,102.83885655142946,111.61734007941789,119.24312510477657,137.1813685989524
2023-02-23,165.3091800562875,106.6066108043195,101.98607176957077,111.65229554364949,119.63548308983776,137.91888882919898
2023-02-24,162.66853222091683,104.28424997734255,100.01119174158364,108.94896333312265,117.48142583060654,136.5961440733173
2023-02-27,164.17046292518407,104.67758726268659,100.8415411866461,109.25192550645639,118.45034987613082,135.9147158873738
2023-02-28,162.17954613877862,104.36792340213125,101.05475466665376,109.79958481940729,118.04194788180583,140.24370770635778
2023-03-01,158.56097961383776,103.04986023913013,101.3913711413122,107.39920589221823,116.36033205635272,139.02519387383984
2023-03-02,162.864142696184,105.07510493795927,103.23157865262147,107.35259564324411,116.84079549476272,139.91505920723986
2023-03-03,166.88787370129992,106.82420108449946,105.08302975914334,110.58028648723277,120.94074768560199,148.50892353784948
2023-03-06,164.54076189691895,107.48532614227516,106.7436940801823,109.24027072171387,123.18292281614585,148.22833981997937
2023-03-07,162.71016227969088,106.3471641238805,105.31864400686126,109.00722836683929,121.39718236400779,147.91569644843008
2023-03-08,168.9494439432676,106.15886938630892,105.7562799930032,109.43835761235687,122.4141763475043,148.2844565635534
2023-03-09,163.74422941076756,105.58143087856506,103.59064774861915,107.49242639016646,120.58841279795351,145.65498452899416
2023-03-10,160.45339599142906,104.02063603221801,101.69432596850481,105.72128137912998,118.91481897713231,143.90736291441516
2023-03-13,160.4603878092643,106.25091671619806,102.23293825477278,107.702168065552,120.4923350118281,145.02167052284034
2023-03-14,168.1249709231285,109.12562714872533,105.44209885514103,110.5569769177477,122.18994517468971,155.53952161217083
2023-03-15,169.2778053766678,111.071385375316,107.843345347243,112.0950795739096,122.51027896955735,158.52977589733993
2023-03-16,178.45155164881234,115.5738293940213,112.5673060103887,116.56956568546892,124.80048678418201,164.28571869629837
2023-03-17,179.7371370604847,116.92541442791035,114.02601773117557,115.2994608484132,124.11982093296163,156.8141892371692
2023-03-20,180.9598763236995,113.91260675006313,113.57717271890702,113.85457869019955,126.04168710456547,158.5778406785878
2023-03-21,183.0489459333288,114.56120376329595,117.72888537513336,117.23374617585709,127.54714169517625,162.06511839286784
2023-03-22,184.92839469466745,113.93772846536443,115.9896628062216,115.00815345982198,126.38599998758204,160.1811938516105
2023-03-23,189.97990955288194,116.18477008478843,118.49189424072112,115.0198082445645,127.26684341568513,163.76467522619902
2023-03-24,187.10129927493645,117.4024382632862,118.3123683349938,114.34397296943379,128.32389775048586,165.15153928943903
2023-03-27,185.36861184475438,115.64916828943892,114.96856114476219,114.23910657673902,126.7463568798624,162.610243652133
2023-03-28,184.52315000243308,115.16794437626973,113.36398516571381,113.30691937724866,126.24183984552053,160.8786518643936
2023-03-29,188.53360591173572,117.37729029749873,113.76795086211844,116.81426282508605,128.74028449555126,164.62245620664893
2023-03-30,191.32140276988284,118.85861835947193,113.20689459678273,118.8534145452247,130.0135107446432,166.61860188541883
2023-03-31,194.07420043282426,120.63697067289118,116.39361986035472,120.356561737155,132.04747387570862,169.9054203167558
2023-04-03,195.3877397471609,120.18926863060993,117.10054038395192,119.33116292971239,133.06444302327748,170.81131547699542
2023-04-04,191.81046906408034,120.16832074261576,117.50446286899907,121.12560862023795,132.63206194080357,172.134084932148
2023-04-05,187.81398342177158,118.97993498148323,117.2239520208742,117.80470616829706,131.13460451889705,169.53664785199703
2023-04-06,188.90394498950025,122.01786437463171,121.65617552522541,118.92332547368787,131.85530588549395,173.24036527751792
2023-04-10,192.6907964148418,121.09309912124529,119.43446358112224,119.0515014358677,129.74924405645208,172.15811732277194
2023-04-11,189.82618314124326,118.34809890369438,118.21137475032477,116.42973493854656,128.76430083759166,171.4366269193649
2023-04-12,185.11705345812902,118.62428026909112,117.41470423727114,113.99440943712192,128.2037787863924,171.55687531993274
2023-04-13,184.89343560549142,121.28138073357377,120.54531523203809,119.31950814496987,132.57599483412704,176.64745680869365
2023-04-14,186.95457804980956,119.73315330749892,122.16111752175604,119.4476841071497,132.29572139056359,177.5613421830821
2023-04-17,188.65936505203356,120.84620017321383,118.90707760552385,119.71568192625588,132.31174056389975,175.4529753667996
2023-04-18,193.30567532404334,120.66627934074265,117.25761366834004,119.20298696753258,133.3046933694282,174.67536821981858
2023-04-19,195.15017836488252,120.69974871065816,116.89855321461387,121.53344607626249,134.23358189957594,172.9196822932779
2023-04-20,189.3720491988687,119.72056619936207,118.14405145539308,120.96247719382653,133.44882867556208,170.81131547699542
2023-04-21,189.47684625433746,119.5741409872926,118.27870668752796,124.63295206807533,132.14357649776167,170.6670223361682
2023-04-24,188.9388639726466,117.90454443823401,118.90707760552385,123.7590299023016,132.39178675872517,170.58684850269933
2023-04-25,183.34236164622953,115.24744397375134,116.5282578079466,119.51759503561289,131.14261410556512,166.38613234733845
2023-04-26,188.33796869911546,123.59538734331494,116.371175881287,122.32580252883048,131.13460451889705,167.86918772125142
2023-04-27,190.22444938431897,127.55381628584101,120.72484113776541,127.96550930475877,134.85821789801128,191.2458127017236
2023-04-28,193.87857658888058,128.57064199435968,120.44431300509754,122.87345295178538,135.87513737372484,192.65675855412937
2023-05-01,201.99031519596073,127.85928006860303,120.28722243616645,118.91167957894133,135.80311318353128,194.949517777609
2023-05-02,197.09951856722012,127.79650203083605,118.17772174513041,120.75273551844101,134.9622928528409,191.79096266025968
2023-05-03,194.248888929292,127.37389545336985,118.27870668752796,120.77604508792605,134.08944659344206,190.01927160615037
2023-05-04,192.57202909237915,127.79650203083605,117.47081850607621,121.1838736539546,132.76015323767362,187.2054195140295
2023-05-05,200.38333343137032,129.98916576807972,118.4582412355268,123.11815898139848,138.99017118163135,186.61218007497465
2023-05-08,203.67414011335566,129.15230026776152,120.92682830710346,123.31624587204149,138.93410407495483,187.00502197926372
2023-05-09,199.62177340307147,128.4618599795128,120.45553931576715,124.23677828678932,137.54879328436516,187.0851587638262
2023-05-10,201.81565343684608,130.68379300887864,125.39269617437753,128.39664744027235,138.9821740129271,186.8526892257458
2023-05-11,199.67067602188826,129.76321470804243,130.8011420243242,130.7154517642597,139.13429406980137,189.0251876990221
2023-05-12,198.00783992667547,129.28619087266657,131.85590533324944,128.47821315347804,138.38054850146221,187.4378890521099
2023-05-15,202.2907895700794,129.491233420439,130.73382737166398,129.5735228893838,137.9795972854331,191.4863218524947
2023-05-16,204.10735207693085,130.4452679659476,134.10008718323482,132.1370332429843,137.9795972854331,191.45424984918006
2023-05-17,210.8496569330224,131.6782008021755,135.59242598240158,134.5840135291515,138.47676288518971,194.3963899545595
2023-05-18,221.32996407034491,133.57368278505584,137.82539016398883,137.6718736262178,140.36921090048864,197.8916702326239
2023-05-19,218.43741026275865,133.498186386721,137.74683191611604,135.45793569492523,140.45745295143954,196.92161871611955
2023-05-22,217.8225580909102,134.68918407123124,140.31641257236174,134.01305353671157,139.6876137019813,199.07009714840743
2023-05-23,214.41301082381528,132.2065574633315,137.52241805225324,133.9897439672265,137.57066131866358,197.80349383537072
2023-05-24,213.36494668839165,131.6152915119775,135.65977520414773,136.04055047210767,137.79516568668237,199.7835849880301
2023-05-25,265.3611975767402,136.67692338789038,138.55473738211077,134.00139875196902,138.71734851636376,202.57339233989163
2023-05-26,272.11053435669663,139.5998494009606,139.8226968865007,139.95572248597358,140.67391047889876,210.06900358818658
2023-05-30,280.2502669724707,138.89532572686122,138.76793357757543,141.76183185123764,142.1734292828005,210.45379353014945
2023-05-31,264.34114081868705,137.7127281979376,137.8702694798528,140.50338179892447,142.13334409556865,212.21744497156806
2023-06-01,277.86772817523445,139.46981761752818,138.82403056183753,143.05522847778644,144.4106993176329,218.54255777005102
2023-06-02,274.7725319685162,140.65242827169487,139.8900288237039,144.7797721298448,145.10030610280833,218.54255777005102
2023-06-05,273.68261050681724,140.87889121621325,141.39361121808324,146.00326671792638,144.00172609697188,217.5645160393978
2023-06-06,270.0703138911779,139.9311174116653,142.85230565432713,147.52971458934573,143.70502368726602,217.348076328157
2023-06-07,261.859914451165,135.61175740901925,137.45509475732155,141.2607827872609,142.59043692605724,211.3195770743837
2023-06-08,269.0920476160174,136.40013826131084,137.05114634545993,144.7797721298448,144.79559410643438,212.10521148442
2023-06-09,270.90885075904674,137.04176577045536,137.152122645586,143.8242842508654,145.1083156894764,212.4018250291297
2023-06-12,275.8840037368125,139.1637106978541,138.7342719301096,147.48310434037165,147.37766132487255,217.29198428385394
2023-06-13,286.6449595009313,140.18695465025067,138.9474681255743,147.58797962306238,146.99275411810726,217.50842399509472
2023-06-14,300.44536409055837,141.46599646550328,138.76793357757543,147.3083181292177,147.5059388912,219.13585895728323
2023-06-15,298.0417027843745,145.97829754177977,140.3612832459542,148.11232936652823,149.15783852921635,225.9339380949823
2023-06-16,298.31420988715234,143.558567098835,138.61085165091583,146.22465428805845,148.2837753093625,225.26856443514927
2023-06-20,306.11234607974257,141.76372948007696,138.12834499118142,146.5625719256238,148.35592367919432,227.93811103680747
2023-06-21,300.7807574478234,139.88080835484723,135.26703581841272,145.4556074049755,147.51397331379573,225.78166708964167
2023-06-22,300.6411349899441,142.45986612383285,138.18445061771502,151.6546193886012,149.95166928478739,228.37909182015719
2023-06-23,294.9392072802604,140.49306156992475,137.27556020932272,150.69914039961776,149.69507689824098,231.46546331818652
2023-06-26,283.9197280490342,137.80079857916618,132.78722243616645,148.36868129088788,148.56442129184077,223.24040850124206
2023-06-27,292.6123089148217,140.30437307506006,132.77601341003984,150.52434529846784,150.8016664907455,230.11868617168093
2023-06-28,287.3087142915965,140.84114301704582,134.8518610958815,150.36121387205642,151.7559249209907,228.7077156200042
2023-06-29,285.24737131713016,140.5056355528185,133.63999857575365,149.03286178127607,152.0285613168009,225.69344129384663
2023-06-30,295.5890586473145,142.8079213204677,134.3132660941565,151.89932541821432,155.5407836976971,230.06259412737785
2023-07-03,296.36465578598995,141.73858151428948,134.53766267347632,151.7361939918029,154.32995771683318,229.29294014563925
2023-07-05,295.69386907145986,141.8056777570377,136.61351900158948,151.92263498769935,153.42381889641555,235.98688715705833
2023-07-06,294.19844891267206,143.1140151148987,134.7733201325517,149.5688663094844,153.8087385211447,234.0788931762707
2023-07-07,296.9935183308619,141.41567428344212,134.066408251226,151.2234901430836,152.90257486479942,232.9084935235424
2023-07-10,294.7365114064222,139.15532366751054,130.6664954344608,148.1356300460173,151.24272772993413,235.77047214508843
2023-07-11,296.3087747180145,139.42369551326033,131.44072196844672,150.05826058871864,150.81773533593696,239.1294494964745
2023-07-12,306.7692026333084,141.40724787736926,133.4492636438997,152.41202926693362,152.17289531035595,247.98786771811464
2023-07-13,321.2684948955719,143.69697278736783,139.7441559231709,156.4903327072109,152.7903537256996,251.2506908077341
2023-07-14,317.7187904235357,144.77889970168292,140.73158729489296,156.93310784747504,152.9106341233228,247.61100624212324
2023-07-17,324.65042247691633,144.984401632964,139.86756756009316,155.62805643618373,155.55684012492472,249.01394953074472
2023-07-18,331.86859874345134,150.75473101028342,138.8689271622445,154.77744383989508,155.34834251227826,250.16036619139092
2023-07-19,328.9547620027989,148.90539738215713,136.92771742399466,157.72547319003905,156.4469225181147,253.3349387859444
2023-07-20,318.07509239092366,145.46246236254507,133.75221847109228,151.43324070846512,154.86719608585778,242.52051120081063
2023-07-21,309.61312119560887,144.1624595340552,134.67230926333968,151.47984206744326,153.91297490950407,235.89873545907608
2023-07-24,311.73034523805063,144.72441681755774,136.36666980093045,150.0815701582037,154.56249650744766,233.77427706777664
2023-07-25,319.18613636157033,147.18604303649087,137.12968730878973,150.46609804474318,155.260125297255,236.06706099052724
2023-07-26,317.5999428890138,141.64631105526757,145.05157361936256,149.3241602798713,155.96581334558573,239.35389177149963
2023-07-27,320.730485876528,138.6898369208232,145.19747244671,149.44069034730458,154.93936929161725,249.88778503730518
2023-07-28,326.6698412817246,141.8979482160596,148.76569350080442,154.05500720578624,157.0322804969669,260.9267783938188
2023-07-31,326.5231066879211,140.87050418586972,148.92277542746405,155.7678782931101,157.529483350615,255.41125829818316
2023-08-01,324.9718856732172,141.0466186978407,147.60994524948163,153.4490828591187,156.85588332081187,258.70616574075274
2023-08-02,309.3336623810254,137.33951191027217,144.05295914832834,149.39408898832647,154.4261845185245,251.97215651187017
2023-08-03,311.0525533370088,136.987256635844,144.13149146938667,150.20974612038353,153.29552891212427,251.07426391541486
2023-08-04,312.20560168937294,137.45691720983842,143.74996975204976,162.63109743711195,145.9342717174665,249.1021753265398
2023-08-07,317.3554030575767,138.43402593272407,147.5874926281424,165.71894864418226,143.41635570015586,253.77591956929413
2023-08-08,312.09370586665653,136.73144564774486,147.44159380079495,163.06222668262956,144.1781605270184,250.63335722987796
2023-08-09,297.3499272476622,135.129509726888,145.48925281686198,160.6269011812049,142.88712691779926,244.67695514797643
2023-08-10,296.18992718349256,135.42304266366833,145.52287125297033,161.4542042080085,142.71071732368043,245.1018073074028
2023-08-11,285.47800772495606,134.6179008759328,145.3769551410799,161.27942688685053,142.75884935147184,241.8150012257013
2023-08-14,305.7280233663076,135.8885556608419,147.3631046910941,163.79632699147692,144.09984042916483,245.46261425728363
2023-08-15,307.0346510748683,134.97430372718185,145.6238648376394,160.41715061582335,142.48584041674687,242.06352528989225
2023-08-16,303.8623443418146,134.64655328162905,144.41201960205453,157.38756444246968,141.77928311094828,235.92276784970002
2023-08-17,302.87012116833677,133.1672858828232,145.780929479756,156.117450715418,139.71565346430145,228.54736795306644
2023-08-18,302.5556898959008,132.99917776914575,143.02062253392782,155.23188265489773,140.1091166481432,227.0723768911151
2023-08-21,328.18614331328206,135.2685060513605,144.04172419538725,156.93310784747504,141.1930931285197,232.40344283137625
2023-08-22,319.1092397340596,135.512254941047,144.8383860661694,156.43206767349426,142.3092321352068,230.55959285721787
2023-08-23,329.22726910557674,137.42015340390384,148.530070610815,157.9119141859355,145.4327598303706,235.8826315344237
2023-08-24,329.5556840136831,134.46584493457166,145.6238648376394,153.62386018027667,141.62671600737627,229.8782140698162
2023-08-25,321.554932159314,135.73077711348736,145.7360933752495,155.27848401387584,143.4173243013343,228.87609054999717
2023-08-28,327.26378484345014,136.03335334276645,147.00403559509644,155.1386621569495,144.68599315770194,232.6920538123016
2023-08-29,340.8825893308335,138.01270562908206,150.99861447103422,157.20112344657323,147.8416212893572,238.88895269533884
2023-08-30,344.2366031155433,138.1724135871729,152.46854386021923,157.38756444246968,150.67610845849606,236.57211168269342
2023-08-31,344.87252432163325,137.7395693200855,152.79395995102252,160.81332439710937,150.85276641189145,237.20545038811815
2023-09-01,338.9609757636589,138.1177863253736,152.22172058637466,160.9415003592892,152.1294696908548,237.59826759313634
2023-09-05,339.23350960378986,140.172753137212,152.34511493875397,159.95106590607418,152.32214681758632,240.6205197838073
2023-09-06,328.8700580681835,139.89121667262881,150.87520283411195,157.72547319003905,146.8700646355017,239.83491007304193
2023-09-07,323.13976202686246,138.64308480488637,151.7728755741061,160.6269011812049,142.5741942293722,239.43409030423942
2023-09-08,318.4646823629189,140.47535561697734,153.0296346946409,161.069676321469,143.07201798121162,238.80877886186994
2023-09-11,315.7113766902686,142.0176504331691,153.63552706448309,166.74435634162086,144.0195210391352,246.5608673395983
2023-09-12,313.55896629114943,139.42470615697934,151.862634205834,164.56536498456384,141.5624654625381,241.83108045108276
2023-09-13,317.85672842816984,141.22760267500328,153.3998868899507,168.78350806175953,139.88428941306495,244.55671909704404
2023-09-14,318.5275953547592,142.33704009886458,154.9596094799496,168.63202253009464,141.11281099238158,249.89583699963137
2023-09-15,306.780512533669,138.77335284269466,154.1741307084796,163.58657642609538,140.52663342791683,240.74880779706587
2023-09-18,307.2417051372616,138.28588131380798,155.08302111687186,163.10882804160767,142.90343170430344,242.54454359143455
2023-09-19,304.1250120986523,138.1135862475803,154.89223433138895,160.37054925684524,143.78668421738888,244.56477105937026
2023-09-20,295.1731056451643,134.80202178619726,150.0672887258457,157.64389858683734,140.91207460712667,240.23575454111534
2023-09-21,286.63359612586447,134.2809233844778,146.36442108188794,150.69914039961776,139.65944976002285,237.07713767558863
2023-09-22,290.7775115331573,133.22192626986563,146.15123352869477,150.45443437000466,140.34997547452144,239.76273880335737
2023-09-25,295.0543383227017,133.4446353948562,147.11621227907762,152.9596885798845,141.38584476303419,241.16565739270789
2023-09-26,292.8810193134596,131.17533336312763,144.266155343793,146.7956231704944,138.07762469187927,239.66653514304892
2023-09-27,296.7734431775098,131.44850904785352,146.4766323349551,146.7956231704944,136.84907827663497,238.68851811166664
2023-09-28,301.11307600948214,131.8056731632026,148.46271274679734,146.7956231704944,137.05783666652178,243.67485632742833
2023-09-29,303.9782240301426,132.69241458731645,146.83571871549572,148.12398415127075,137.4753907001869,240.66863396359696
2023-10-02,312.9440071698886,135.2348791785278,150.54978674330863,150.85062593128265,139.5148922431189,245.96764025017893
2023-10-03,304.1040232764701,131.7006318426404,148.59734205211774,145.32743144279567,138.43090334477856,241.2538337899611
2023-10-04,307.7657839953413,134.04137457258466,151.75044023730985,147.9841534043484,139.4426569475403,244.97359339195705
2023-10-05,312.2871238789696,134.20946956101903,151.55967073636992,146.77231360100933,140.44635129177868,244.34022998726138
2023-10-06,319.7924325804273,137.52943417798866,154.37611787781765,149.10277270973924,142.5179905250936,252.8699997097836
2023-10-09,316.37523843034626,138.60527097950342,155.31864400686126,149.45233624205113,143.72245850847835,255.2188756768372
2023-10-10,320.0440043357292,138.00431859873854,154.91472152181413,150.87391772077572,143.24066634793894,258.00870772796964
2023-10-11,327.08809369624123,139.69792121743453,157.70871604192263,153.61221428553014,144.3728493638898,262.80268802165637
2023-10-12,328.0594617343024,139.16839640964224,155.93577132964458,154.1948290627126,145.1035347734032,259.8685875289676
2023-10-13,317.6890050121842,137.72694283621934,154.12922546580114,151.23513603783013,143.6100262639935,252.27674792109323
2023-10-16,322.1195181073376,139.7903491793737,156.08167015699203,154.45118098707226,143.50562844210435,257.4555181567428
2023-10-17,307.0460144499351,139.54661341493036,156.77737301219113,153.19273093475908,142.24499400833247,259.7403489142509
2023-10-18,294.8726847457519,138.727125736482,154.802492984204,149.30086849037824,141.1930931285197,254.10456806841205
2023-10-19,294.20874279361493,139.2356107795784,154.5668528096716,149.61546766846254,140.88798375730332,250.76962310764995
2023-10-20,289.2191516451761,137.281498335752,152.15438000689997,145.8517811862615,138.8163321060246,247.43467814688782
2023-10-23,300.3164633112715,138.39514896264967,153.1642639999613,147.4714495556291,138.91268308735417,251.7316597107345
2023-10-24,305.12421372128875,138.9036340057461,155.75627135073174,149.80190866435902,139.2659865761811,250.5611859601934
2023-10-25,291.95858063156834,143.16492793289956,140.94477484808613,141.44721489316137,137.38708655941684,240.12354575323823
2023-10-26,281.80477668160574,137.7941703313986,137.20823691439102,139.326497459817,134.0065691028642,231.16084720969246
2023-10-27,283.0206845511039,138.6010315259808,137.0847993506543,148.84642078537956,135.07452640990456,237.87880191246455
2023-10-30,287.63988314707206,141.75287490402985,139.65438000689997,154.63762198296874,136.73665845011394,242.63271998868774
2023-10-31,284.97740426289664,142.0890780061417,139.22799625824214,155.08039712323284,137.1220623754323,241.51836298172066
2023-11-01,295.7741078681079,145.43425621511435,141.8873182616728,159.63644894799788,139.6915626144781,250.0000679229951
2023-11-02,304.0271533863125,146.37979872833458,143.05428418139368,160.88325310556453,142.58224106993177,249.21435941514596
2023-11-03,314.5024472699291,148.26249672443151,144.86083868750862,161.5008233469786,141.8435088198588,252.20462604995055
2023-11-06,319.7155894276228,149.83000513262633,146.15123352869477,162.82918432775494,143.9151480531737,253.16663795376422
2023-11-07,321.1411448827647,151.51098126745617,146.95914763696098,166.2899175266182,145.99482170908436,255.58768519050238
2023-11-08,325.4668208164197,152.6330320499405,147.935309486656,165.55581721777085,146.85399579031028,256.3572897736991
2023-11-09,328.09438071744876,151.57826126360786,146.13999857575365,163.83128245570848,146.46857944702808,256.97452455447143
2023-11-10,337.77298169079535,155.35203116090216,148.77691116920252,167.28035197983323,149.86959896185823,263.5642900410687
2023-11-13,339.7645936483813,154.09548601232999,148.21588947295282,166.15007788969987,148.5831475812911,263.90099050251285
2023-11-14,347.00429348416054,155.60419333141834,149.93264213598235,169.89047258240782,150.70578739204132,269.60879442241065
2023-11-15,341.6374115461516,155.66733887599224,151.05473738211077,166.86086862906217,151.16407234705724,266.7228328087825
2023-11-16,345.7744821910512,158.40446394768068,153.64672744833823,166.4297393835446,152.53091762543696,267.9093116868923
2023-11-17,344.5025863041652,155.74312402967539,151.82898120063965,169.168018168307,152.51479910839018,268.5906904742939
2023-11-20,352.2664719474365,158.93925197795772,152.88371858275045,170.27500046894727,153.92990059419958,272.5429443136412
2023-11-21,349.0169477386349,157.099066644275,153.69164997555967,167.67652576111922,153.27862806335645,270.1459294675269
2023-11-22,340.4354873123238,159.1119145509923,155.3971849701911,170.95083574407798,153.8173317521126,273.7614334468882
2023-11-24,333.8666276657809,158.9350650254075,153.37743426861147,170.9857912083096,152.73994921052795,271.148028288075
2023-11-27,337.1231035863881,159.4319473535999,153.06325313074927,172.13935708793602,152.5952178421304,268.3181340194791
2023-11-28,334.1810322008638,161.15425487896457,153.9497082023453,171.32369995587894,153.08569015938457,271.7572605050631
2023-11-29,336.4102857527875,159.53298547501535,151.469929389185,170.49639692907533,152.25749889790572,266.3139857769248
2023-11-30,326.83654867829244,159.55827781847697,148.70957058972786,170.22838132997717,152.72386794737267,262.26557767581096
2023-12-01,326.8015494830868,157.70545287568498,147.9577621079952,171.32369995587894,153.76105354005102,260.3976706117577
2023-12-04,318.03143029331414,155.4441572422499,145.05157361936256,168.771844387021,152.30577994126304,256.5496229965032
2023-12-05,325.4395487162595,156.86747172970294,146.98158297375724,171.148922634721,155.51382429822982,255.16275893326318
2023-12-06,318.01044147113197,155.30094771474094,145.8931753019091,168.39898017522003,154.62941691450854,254.48938270964584
2023-12-07,325.6492230392563,156.2063532345488,153.64672744833823,171.148922634721,156.19723451945583,261.8166437272188
2023-12-08,332.0090233219236,157.58756194212384,151.469929389185,171.77813877088158,157.35501095885306,266.7549171617327
2023-12-11,325.86584907405876,156.3537234641218,149.56238994067252,169.99533897510258,155.32083672240262,260.76645542615194
2023-12-12,333.0643199113603,157.65070748669774,148.69837020587272,171.84804969934478,156.551022308872,267.93331937824524
2023-12-13,336.07646989935523,157.6464942836613,148.7544758324063,173.43276260448079,159.16407234705724,268.3501936731583
2023-12-14,337.9075507889391,154.09244095592982,148.0475553088091,171.77813877088158,159.28467561173994,267.0915682246349
2023-12-15,341.6814747040576,156.1136890182338,148.78812883760065,174.74947769051062,158.8505311784027,268.4945609117983
2023-12-18,349.97716630045403,156.92220399344708,152.3788025130343,179.52692597540369,157.49975474521443,276.2707064794215
2023-12-19,346.67146691279294,157.17907812623767,153.332546310476,179.20064534258887,158.34397759799324,280.87223005394935
2023-12-20,336.2372148661822,156.06738316056249,155.2289199442193,177.25471412039846,156.6474726339122,280.0064218104442
2023-12-21,342.3803356393409,157.29696905979878,157.56279993003218,179.25891037630552,156.52688178719336,283.8624719894831
2023-12-22,341.26212605806387,157.7349190464537,158.7634361394904,178.7695160970713,155.6585432486635,283.30132925301376
2023-12-26,344.40012876709255,157.76859842025885,158.79710642922774,178.75787020232474,155.21632713883903,284.45572377817336
2023-12-27,345.36457183070127,157.52017694402733,157.50671158804158,178.67629559912305,155.29672103665163,286.860716488801
2023-12-28,346.09837848648397,158.02967263084275,157.34964694592497,178.72291473809315,155.64246198550825,287.25353369381924
2023-12-29,346.09837848648397,158.3497185586934,156.74366815336782,177.0449813350089,154.7982391327294,283.75826576539026
2024-01-02,336.63557468999375,156.17266073550056,155.0381331587364,174.70285855154052,149.25851096195757,277.6094810621427
2024-01-03,332.4492805780402,156.05894362924653,155.879682987654,173.0016333589632,148.14095630739428,276.15042102994727
2024-01-04,335.4474736677178,154.93882225749852,153.04083507849603,168.45724520893668,146.25953544397325,278.2748547219757
2024-01-05,343.1281259307941,154.85882390077893,152.3002096960755,169.23794687676218,145.67258796575126,282.14691002858325
2024-01-08,365.18470430893836,157.78127740509746,155.78990707138308,173.73573366781054,149.19419832730028,287.526114847905
2024-01-09,371.3837863621318,158.24444098375534,158.15756105419118,176.38079195462475,148.85652905493086,286.54007055346744
2024-01-10,379.8402229253552,161.18372104973332,159.64989121108644,179.1307344141257,149.70073948974587,296.9937899858041
2024-01-11,383.13891712650457,161.96696993197122,159.42546870495215,180.8203137119565,149.21831401305127,296.3524981151369
2024-01-12,382.35615437719883,163.58398675715472,160.0650313645317,180.16778800631084,149.48364864613148,300.2164767601472
2024-01-16,394.04139370057266,164.34195642117407,159.88553138561886,178.46656281373353,147.64241231365293,294.580819410663
2024-01-17,391.7420882835315,164.00508393166396,158.74101808723717,176.77698351590274,146.87863303054198,295.3102382800416
2024-01-18,399.10828253681865,165.85790887445592,160.9963743942632,178.86273659501953,151.66255425097947,301.5312189522446
2024-01-19,415.76950369590435,167.8791831872461,164.2504143104954,181.00675470785293,154.0183413325717,307.39944463689295
2024-01-22,416.9087288367166,166.96963009061733,163.8128215357109,180.3542290022073,155.89169051950552,306.0606206556298
2024-01-23,418.43922840276934,167.97604748135444,164.99100512382992,181.79912005041695,156.92890094811153,308.8023632262435
2024-01-24,428.8455399153923,169.5172397771255,166.85365661420693,182.78955450363196,156.38217525472348,313.2115041794254
2024-01-25,430.6276914488063,170.48997779405747,170.41062543081725,183.81496220107053,156.1168157857156,315.19967199368193
2024-01-26,426.53225086268066,170.09413358728054,170.76971181135787,185.4113210009531,154.70979839435728,315.9692518776077
2024-01-29,436.55415944980945,172.53231812202972,172.25087615348397,187.9049115360944,154.15502586040967,321.48472257470144
2024-01-30,438.71368198485277,172.05646243329014,169.9506146037795,185.27149914402673,151.18817561484443,320.7151179915047
2024-01-31,429.99866847981576,167.4201803106522,157.2037481185775,180.84362328144155,148.26152231818548,312.76264432864605
2024-02-01,440.48179640789004,170.03101429319287,158.39314937509462,185.59776199684956,150.23944317850203,316.4823051335582
2024-02-02,462.37765655656045,173.1639835716582,159.76208517961058,200.198086890643,149.42738285203373,380.7840413070607
2024-02-05,484.5460772827149,170.81842387749475,161.22077961585447,198.45024255909559,150.8987252960132,368.2940892792197
2024-02-06,476.7955068412865,170.75107825512757,161.69209453400526,197.09857200883417,152.2012455217718,364.53431685830213
2024-02-07,489.9064353065678,174.35566376880988,163.30785361236576,198.70659448345523,152.28968626014392,376.4550247888058
2024-02-08,486.7056532924644,174.38091673654216,163.72304561944,197.9025832461447,151.41331329901837,376.7837967842784
2024-02-09,504.12161645480876,177.09278884049832,167.19029037340835,203.2742922029668,152.03318079934434,375.268570609967
2024-02-12,504.9253947636498,174.8651988313546,165.54080915168154,200.81565713205705,150.66460942399274,375.9019093153918
2024-02-13,504.08675094636857,171.10055097801765,162.85902588464018,196.50431133690515,148.9659437342059,368.8632839780152
2024-02-14,516.4708512050257,172.75434473437886,163.75671590917733,199.23094422692108,148.24946447531,379.41325646920217
2024-02-15,507.7906764710758,171.5182224640767,160.19972980802405,197.85598188716656,148.01601917333616,388.0311778897066
2024-02-16,507.476298673346,170.46355667968888,157.6750457521853,197.51805535960523,146.76818766026935,379.4453408221523
2024-02-20,485.38472109999606,169.92775800569282,158.34827870150215,194.68655607689456,146.164376587171,378.18669067435803
2024-02-21,471.54696442809063,169.67042448939358,159.95287196509352,196.44604630318852,146.7762345008289,375.60262824942066
2024-02-22,548.8848117396232,173.66559098736806,161.68084229652118,203.42577773463168,148.4265694754031,390.1281706917216
2024-02-23,550.8346599516696,173.11293950122632,161.53497803825968,203.90352611911936,146.93725823776674,388.44284063845146
2024-02-26,552.7565943670813,171.93169387234244,154.36486564033356,203.6005550557896,145.8423787851506,386.6050666849441
2024-02-27,550.023929931023,171.90636215315152,155.8348295986045,202.21392904129664,147.02581073781332,390.86648129863823
2024-02-28,542.7696582378053,172.00761027845664,153.0296346946409,201.77115390103245,146.0516959834096,388.43486277393805
2024-02-29,552.8963772490794,174.50512091203638,155.36354924953972,205.9659696287511,145.5123217246068,393.3382608378857
2024-03-01,575.0299324667935,175.28982669625884,153.8824021919566,207.66721260132041,144.63480631080924,403.10487125196283
2024-03-04,595.7027191353353,175.04514591431197,149.62969595106125,206.92146639772653,140.96379542646395,399.8065059114618
2024-03-05,600.8116390906519,169.8686944117243,148.86665251638746,202.88976431642732,136.95463096915998,393.41048150611215
2024-03-06,619.9339266530235,169.6324531610934,147.44159380079495,202.17897357706502,136.14961162818133,398.12122525673345
2024-03-07,647.6736631189764,172.60669887470073,150.785444202384,206.03589833720628,136.0529998696114,411.0417349755879
2024-03-08,611.7426176831228,171.37480293267805,151.94115788462085,204.32300946989042,137.44573660256927,406.0340565897346
2024-03-11,599.4838086610843,170.6576396494694,154.4770768934007,200.37288199179292,139.071918637501,388.08978925964556
2024-03-12,642.389880874397,175.19701810226965,155.40845449221817,204.3696108288686,139.45834083585316,401.0584131582896
2024-03-13,635.2260349093577,175.12106232042618,156.85589669097794,205.7329272738765,137.7677468225535,397.7039804727564
2024-03-14,614.6501978831503,179.39045452257486,160.56998200333382,208.28478284273447,139.27318899520046,394.7025003689454
2024-03-15,613.9023541169909,175.67794013484743,158.41556742734787,203.2393367387352,138.9672600383715,388.49905617910923
2024-03-18,618.2215596111961,176.0576140421201,165.70912603128224,203.30924766719835,139.85282229272866,398.8354787737553
2024-03-19,624.8122102005141,177.78308475107286,164.97977017088883,204.96387150079758,141.7527335042873,398.2416095032915
2024-03-20,631.6197541981655,179.39466772561127,166.8985445723424,207.5856379981187,143.8377841385348,405.6889830754421
2024-03-21,639.0489951300585,181.14124382547547,165.61938468409733,207.5856379981187,137.9609703396934,407.4866207136731
2024-03-22,658.9961300355126,180.8754707778603,169.17640535433657,208.42460469966082,138.69356811563608,408.94716270212496
2024-03-25,663.9792240071486,178.39483920691242,168.3909092983236,209.40341103812128,137.5423359431754,403.68271069558705
2024-03-26,646.9188141663053,177.88433287637798,169.06415953218348,207.76043309926862,136.62459874454387,397.9607293941701
2024-03-27,630.7670465331546,177.79153740763192,169.2885474692318,209.54323289504765,139.52275281422106,396.33161488155775
2024-03-28,631.5079385875084,177.49199310950988,169.35588804870645,210.18411270594677,138.04949800381232,389.686745321495
2024-04-01,631.5567609942659,179.11625506888686,174.47257945531564,210.871593875824,136.88219698616018,394.31731523864744
2024-04-02,625.1897951009684,177.79576373591144,173.42900788797405,210.54533102300118,135.9241883308394,399.1484432358268
2024-04-03,621.7789644409247,177.3780922498524,173.83296494210717,212.54952727890824,136.57626802933123,406.66803747620384
2024-04-04,600.3993491058762,176.2938815432372,168.90709489006684,209.74131978569065,135.90809464972028,410.02264305663357
2024-04-05,615.0974068510724,179.51702124182782,171.1175805235004,215.64904216071707,136.5199153094867,423.19992639617266
2024-04-08,608.9820929251359,179.12465522447349,173.75445854786332,215.78886401764345,135.61022495141472,416.7076242327017
2024-04-09,596.548261189716,179.83765780561816,175.71810362290933,216.34816922534088,136.592386546378,414.82178549794656
2024-04-10,608.3249957353922,178.5635773322589,175.2019526002521,216.67443207816368,135.07085069261194,417.17300789573943
2024-04-11,633.3249556293625,180.53372882315855,178.87114995447251,220.2866508086918,140.91547712921513,419.8453702142847
2024-04-12,616.34144241603,177.98983358044885,176.98608041184227,216.88418264354522,142.13110886207988,410.809043144069
2024-04-15,601.0702962445248,174.50512091203638,173.7657107853474,213.95944508289432,139.02363759414368,401.44364768712944
2024-04-16,610.9529032220115,174.90166075669782,173.24950790906118,213.6098904405784,136.35890399051266,401.0664898198867
2024-04-17,587.3297031137787,173.74573372176178,174.4501614030624,211.2328121928784,135.24795569270506,396.580410637729
2024-04-18,591.7747345916645,170.55213894539853,175.05605377290462,208.83244215568536,134.47508646007313,402.7036068962834
2024-04-19,532.569999727279,168.37947807864552,172.90165648146163,203.48404276834833,132.8328107440223,386.06743765440905
2024-04-22,555.7598408164946,169.15573120630893,175.3590172423687,206.513628941702,133.50904338215662,386.5970641211598
2024-04-23,576.0631707399241,171.9443334814517,177.58077239782935,209.20530636748632,134.36240585631174,398.12930191833067
2024-04-24,556.8711521606723,172.57294074943695,178.55698610115329,205.7678827381081,136.06910596869432,396.042732208652
2024-04-25,577.5240997132152,168.34573307862485,175.0448361045065,202.36541457296147,136.76950396443493,354.2154801445649
2024-04-26,613.1893223845655,171.41700058925778,192.94208157059802,209.29852686543455,136.2945044301086,355.7483168990559
2024-04-29,613.3432225889993,169.69995628637784,186.43398445359065,210.85994798107745,139.67570487467168,347.18542545420416
2024-04-30,603.8728521215822,164.24930533010215,182.65259313084607,203.91517201386588,137.12371396462123,345.2192646903545
2024-05-01,580.382536658248,166.61603604139253,183.86446429324542,208.5760902313257,136.2945044301086,352.45792942306826
2024-05-02,599.7842295604968,167.83945307636995,186.961387713732,215.24120470469254,139.29734193484293,354.456199239139
2024-05-03,620.5560513849147,171.56042012065643,187.6570559998451,216.97740314149345,147.62958455702017,362.7060768233774
2024-05-06,643.9764219325438,174.462962631186,188.62205203477095,219.8788133526673,146.28514128538345,373.71669071758174
2024-05-07,632.8917035597577,172.69106793737393,192.15662008367102,219.94872428113047,146.84062164326915,375.7710772772265
2024-05-08,631.8992130127489,173.19729543865645,190.0583457033046,219.06315622061024,147.1143632378599,379.2701241941091
2024-05-09,620.262368298483,173.94824309761512,190.70912603128224,220.81100055215765,148.58759321234095,381.53321959319067
2024-05-10,628.1671063178761,174.96919013246847,189.23917935755426,218.4572318739427,147.56379418466753,382.1591238180627
2024-05-13,631.8083060122146,174.53886591205708,189.78901795449187,217.39688649226449,150.1676176757297,375.5865243247682
2024-05-14,638.4969757379911,175.73700372881592,191.13551842221162,217.97950126944698,151.0946807651949,378.6682029613191
2024-05-15,661.37928379187,178.8095837637593,193.57044384632243,216.7210512171338,152.940747685602,386.44457082238074
2024-05-16,659.4852631730928,177.92628115333872,195.44431300509754,213.97110875763286,153.03745878788254,379.7756688716941
2024-05-17,646.3457257399964,177.59661442229276,197.55382233840507,215.2178951352075,153.0616489814165,378.71636653965066
2024-05-20,662.427601932148,179.76476020541793,198.51883565787392,213.86622458494608,154.00484300589233,376.25258956418753
2024-05-21,666.6630660364494,181.32851479408495,199.56233808704357,213.41178576994344,155.06090390358693,372.87400099167576
2024-05-22,663.6157564291302,181.95401137945453,197.91289143440275,213.38849398045036,153.89197613267353,375.40197137231
2024-05-23,725.4624091531584,180.46631757457584,194.73740976604336,210.96481437377227,150.6513097847346,373.79693864886343
2024-05-24,744.1233169504659,181.80186356139166,196.35320341348984,210.61524195146438,153.15032566110133,383.7802110676198
2024-05-28,796.0664006121784,181.86947168862093,197.935326771199,212.2465562155785,153.15839733758855,385.1445246964923
2024-05-29,802.5243269807165,181.38345706171876,197.37428779040624,212.0950884639056,153.40023718310908,380.6825026042294
2024-05-30,772.2964659101422,175.2552416806795,193.12159883405386,208.94897222311863,154.2063617228683,374.81607996635955
2024-05-31,766.2369261027687,175.4496134058083,193.5592261779243,205.59310541695015,154.98028648242547,374.6395295776857
2024-06-03,803.7474539355512,174.7691614275618,194.31098280602802,207.8070344582468,156.4152070385019,383.1943937594822
2024-06-04,813.7907524051586,175.84691451456976,195.0067029457701,208.9722640126117,156.67317781903301,382.7931294038028
2024-06-05,855.7464186652393,179.20264541899812,196.82448376255465,211.2328121928784,157.89849556368242,397.2946394554799
2024-06-06,845.6680407883669,179.41818816125385,198.30563082013774,215.56746755751539,156.77794817983695,396.2513422510051
2024-06-07,844.8993418867909,179.13502416652574,195.75849414295976,214.7518104254583,158.72077587437988,395.60933410148067
2024-06-10,851.2034750003074,180.83402126013752,196.60099462174162,217.96783759470847,155.68162824341692,403.3456150458079
2024-06-11,845.1224918357493,182.8668982878317,198.4096146307434,218.16592448535147,166.99173584507346,407.2539041828833
2024-06-12,875.1082194366653,186.40861388704536,199.72398313305158,217.76975070406544,171.76409594118854,408.353342830203
2024-06-13,905.9326443295688,186.62838295758058,196.76953620040115,214.20415111250742,172.7072775477005,404.549432812117
2024-06-14,921.7992313545731,187.04678945725348,198.60062611528514,214.00606422186442,171.29654718515806,404.99925593446295
2024-06-17,915.5085738670181,189.49807298462056,199.10614714400583,214.47214893161362,174.66619892336251,406.98342246682734
2024-06-18,947.6609896136079,188.6401545943634,196.69087424527044,213.01561198865744,172.74756142235356,401.247782468581
2024-06-20,914.1106380976266,188.36965645923073,198.050182559343,216.8492271793136,169.0312870598608,403.02314136442476
2024-06-21,884.6840954994083,190.09399839727655,201.79100705969876,220.32160627292342,167.26583756061518,397.464175251207
2024-06-24,825.5513375895636,189.2022693807832,201.33040855819945,216.23165693789957,167.78983838020082,400.7818554215826
2024-06-25,881.3289854832215,190.58850505646708,206.7338332484086,217.12887089316632,168.53954811029635,410.1726170297768
2024-06-26,883.4957805783075,191.0999039035326,206.56532623883504,225.60009473179727,171.9091750125732,412.19696927595936
2024-06-27,866.6506599046118,191.39150742957668,208.28410119339398,230.54067444310178,172.59443551040937,417.3703056720023
2024-06-28,863.5053311608342,188.89794749417123,204.621869509997,225.18061138102618,169.78905604847972,405.0474689113364
2024-07-01,868.8175619491103,193.03134905251824,205.56550184979181,229.78326456476935,174.73066057358574,405.4169453053169
2024-07-02,857.4242945215698,194.1090890142831,208.09308970885226,233.0459108729896,177.56828948757274,409.2889512133826
2024-07-03,896.6363340308218,194.73879880268908,208.74464784126428,230.237703379772,178.60016019173338,409.6585017051759
2024-07-05,879.5116475931302,197.60851508021523,214.11440224173612,233.0459108729896,182.4615632974661,433.7177157373257
2024-07-08,896.0772559775364,197.05063974731806,212.3506874754127,232.21859006619403,183.65466884394965,425.21069404333855
2024-07-09,918.3045523552133,194.21898667479383,212.2945127107072,232.27685509991068,184.34790167456242,425.7569431194315
2024-07-10,942.9779956931471,197.0548660755976,214.76592580506218,232.80120484337647,187.8143266048666,429.52447111142396
2024-07-11,890.4855663746769,192.17340441177484,208.46382587136566,227.27802813488148,183.4531128730822,411.85960193419993
2024-07-12,903.3466075379016,191.68736353438646,207.90214736248242,226.62550242923584,185.84732113475354,400.7497216700906
2024-07-15,897.7549714097484,191.86062986860384,209.5422257928247,224.56304113961215,188.95903934631838,398.5727773280452
2024-07-16,883.216268289018,189.98411386200894,206.61024876605646,224.91261356192004,189.29763996597478,393.45563177338914
2024-07-17,824.7125333481636,187.4483168942945,203.35245810399627,218.98158161740855,184.50914893484915,371.1234648631259
2024-07-18,846.3805377737303,186.11698411051506,199.61168545726952,214.1109306145592,180.72029157379063,382.25740221713005
2024-07-19,824.2932381768762,184.7391879661471,199.5779633139032,213.38849398045036,180.82509918848606,383.0125577268273
2024-07-22,863.5053311608342,187.2031898540821,204.08266090699604,212.71265870531968,180.54295063238482,391.53575744327964
2024-07-23,856.865056044166,188.01041855547118,204.21746305774627,217.21044549636807,181.38938388272473,392.57196595699486
2024-07-24,798.5712093251332,181.26933307292853,193.92742151261874,210.70846244941256,176.17367764207702,370.54510673481195
2024-07-25,784.8014724795098,176.83164900369889,187.917378501762,209.5665424645327,175.32724439173708,364.23108390898074
2024-07-26,790.2534861497837,179.73514965697507,187.60281710395407,212.654393671603,175.7061164680827,374.103777691742
2024-07-29,779.9785887276389,180.3522329615149,190.44494907627944,213.4700508036601,175.9318377965565,374.11180495479726
2024-07-30,725.0396916006745,178.74196251128689,191.2987017925454,211.7338701468512,176.38329287146786,372.08745270861465
2024-07-31,817.9325288242035,176.81051736230125,192.7029326338394,217.8746170967602,179.02741265514695,381.4380286029907
2024-08-01,763.34314237694,176.2864395303972,191.82669272714827,214.48381260635213,176.02858615272854,399.8419740645306
2024-08-02,749.7830798543135,172.64330517771808,187.22088055758553,195.642035065878,177.23777296236736,392.13017009770414
2024-08-05,702.1135877624205,167.00530450137433,178.8966792244633,187.62526782224168,168.70077053465545,382.161025661925
2024-08-06,728.674367380857,168.89028628977135,177.8182447339183,188.68561320391987,167.05623474918818,396.90987421278794
2024-08-07,691.3495572026953,168.39156642754443,178.54846482146104,189.66441954238033,169.14416635104342,392.75676590216244
2024-08-08,733.7069254557248,170.1920085251079,182.01966773577328,193.19506366970677,171.95758023556877,409.3934291294556
2024-08-09,732.1693137537479,171.59937584218943,183.86200988814133,194.52342465048312,174.3195638811104,415.9323635164599
2024-08-12,762.0150980485475,171.93326890151494,182.31177651224195,194.36029322407174,175.56245304457428,414.4703642710226
2024-08-13,811.7817076933525,174.9762646385016,184.41243615954048,198.35702206114735,178.5808999298385,424.5840241410674
2024-08-14,825.3416632665666,176.18078132340906,180.15487296206595,198.20555430947445,178.9440756999075,423.1541833463931
2024-08-15,858.7523388499623,178.2638886564627,181.19961987833065,206.93311229247306,181.36529303290138,431.6451999128116
2024-08-16,870.7746292464933,177.18001920616823,183.06441465203795,206.315542051059,182.4387018260616,423.6843284978336
2024-08-19,908.6587848514713,178.47561195297516,187.23213279506962,207.66721260132041,182.3095674202301,425.17858499111753
2024-08-20,889.4370878102803,179.8601150965693,187.80501168780796,208.43626837439933,182.80994927261779,423.13007685795634
2024-08-21,898.173999207505,179.58069179612585,186.31097036115708,209.86949574787047,182.72118566718615,429.9020241670016
2024-08-22,864.9031599808133,175.94364755624707,184.0080469918327,205.23188709989574,181.21196843353596,427.3073163562895
2024-08-23,904.2551427961816,176.46870978138398,186.05260101259768,206.2922324815739,183.07630217873174,424.15030494337384
2024-08-26,883.9152361737137,175.07146202673573,186.65920204870233,204.49778679104838,183.3507019254053,418.623497280919
2024-08-27,896.7762773369383,175.21967227186735,184.9966018588489,201.72453476206238,184.03671991903488,417.00075518020896
2024-08-28,877.9739824164471,173.84786123835488,182.94084745422882,199.0212114415315,182.793830755571,415.1371457892991
2024-08-29,821.9166083346746,174.91481225028815,181.73882848133164,200.5593052076974,185.45714871132583,416.29381264738515
2024-08-30,834.3583543266117,176.6168937760294,183.53623082193533,207.9934754541432,184.81956077661945,418.77618817386553
2024-09-03,754.8856897942989,173.35671464139898,176.77354967128255,205.37170895682212,179.79151480531738,411.1044711237736
2024-09-04,742.3741593107752,173.12805978128225,175.7512726609001,201.96924079167547,178.24192677126732,411.8916615878791
2024-09-05,749.3638381577323,172.9121232817334,176.6387648050753,207.28268471478094,179.4767566762078,415.20136389374125
2024-09-06,718.7489806384132,170.0795908179212,169.53901778164644,199.70869261140876,178.2177117418057,401.8743782730393
2024-09-09,744.1914437261604,171.78164609317622,167.27804399814988,204.38125672361508,178.29035683019055,405.5053686952795
2024-09-10,755.5845507295822,175.37208259479232,167.22181737981538,209.2169700422248,177.644697218997,405.5053686952795
2024-09-11,817.1637764479212,179.11494254457645,170.03397795460248,215.00816234981795,179.70275119988574,411.16068666443135
2024-09-12,832.8219725428773,180.79161359966812,174.00472144576213,217.8979266662453,179.79151480531738,422.2222798538544
2024-09-13,832.5423533041753,182.31160862782605,177.12058872536173,217.30366599431625,179.57360437609046,421.435064690478
2024-09-16,816.3249722065215,182.62914763424382,177.79551555989127,215.43929159533553,174.58589195129676,428.80048608165214
2024-09-17,808.006446910579,184.24231876319783,179.21283080022593,217.75810480931895,174.96521107434012,431.2448741294279
2024-09-18,792.488087172327,182.40475847813593,179.7639830224305,217.23373728586114,178.1128172013635,432.55556564109116
2024-09-19,823.9443691936495,185.74115589947192,182.38492469816003,221.24212979767526,184.71465381821343,449.56185345799054
2024-09-20,810.8725307385979,184.29311345401075,184.01598059706345,223.25798972832084,184.17391358338972,451.3709762572083
2024-09-23,812.6899221033956,183.5479409020179,182.05871351837934,225.91471168987357,182.77767498463277,453.83151762817835
2024-09-24,844.915170399825,181.710380616956,182.5536909758784,226.0079321878218,183.50402652477072,452.96309126195365
2024-09-25,863.369505407095,182.95515242246378,181.653788529839,224.3416446794841,182.6969458017969,456.9674852622538
2024-09-26,867.0743400018074,182.61644239891905,183.04863386429145,222.7452858796015,183.62511409004264,456.5895864168829
2024-09-27,848.6200049945376,181.22347347352274,184.42094015468976,219.02820075637862,183.84301210130576,456.203586210644
2024-09-30,848.8996777079457,182.188808853344,186.5581911794903,217.1172249984198,188.04785883258722,460.2882528414968
2024-10-01,817.8626908579108,178.1199441153399,187.84051413910186,215.71895308918027,182.5678486498569,463.5287477901871
2024-10-02,830.7947999056706,176.61265432250678,186.5694434169744,215.2878060636707,183.0278597018447,460.5858296577731
2024-10-03,858.7558681805712,176.36282844526312,186.5694434169744,212.02517753544242,182.1320153734392,468.59451886128954
2024-10-04,873.2258028291328,176.15959718103903,187.91922794786151,217.32695778380932,183.0440030548191,479.1842324794178
2024-10-07,892.7985078417983,173.39905667565287,183.32981880959278,210.673506985181,178.91988550637353,470.2106909559297
2024-10-08,928.938211581231,175.58801909434118,184.90463080561872,212.91074559596268,182.21273213831128,476.73184186785767
2024-10-09,927.2607100478439,176.75237253535005,182.0700003249494,215.76555444815838,185.2553816350733,474.81809295694114
2024-10-10,942.3597211401022,176.06648670645845,182.31746312688443,217.49008921022076,184.85183506460444,469.4468413028618
2024-10-11,942.289776224397,176.26970484543943,183.62230784600717,220.01865298958566,183.64931670154044,474.3677758491764
2024-10-14,965.1478602363688,177.46368196013432,185.55707044972308,218.52714280240585,186.67582284532804,474.74567469454723
2024-10-15,919.920985774124,177.29431382311884,186.1195094784977,218.70193790355583,188.73386440825297,471.40880319065184
2024-10-16,948.7209652398367,176.1850207769317,185.78201149214695,217.76975070406544,187.06322606282248,463.78601539629057
2024-10-17,957.1790595189523,176.4390598572118,183.2735749067153,218.51549690765935,187.36184083895765,463.89859467323174
2024-10-18,964.65856667467,177.04875364988402,183.82476169800586,220.21673988022866,189.66199544260726,463.5287477901871
2024-10-21,1004.5732638233453,177.31125851196626,184.55593243541284,220.3099603781769,190.8564545471479,462.4753732831691
2024-10-22,1003.7342456831207,181.00755009921699,185.75954158626473,221.04404290703226,190.3560975306879,467.9833107026264
2024-10-23,975.563449610517,179.77545727854778,183.10486048262592,215.22955880994604,186.2400019868742,453.2525667173619
2024-10-24,981.5052381148455,179.8304914228833,183.03734705772138,217.17549003213645,186.08667738750876,456.5412746429257
2024-10-25,989.4039869671445,181.27849449261518,185.90576881992894,218.86506932996724,186.76462370465114,460.93962201470714
2024-10-28,982.2742043899526,180.61799288388693,187.53682471883232,219.51759503561289,188.370688638184,464.88770167726574
2024-10-29,987.3770817034689,182.88742616804657,190.8664153724577,222.36075799306207,188.5885990674109,477.0454238117027
2024-10-30,974.0254101108904,183.1330125917676,196.2432564355539,224.5746870343587,185.70735826446537,475.8553635393067
2024-10-31,928.0295693735385,172.0484035340242,192.47494951184993,217.19878182162952,182.32571077320452,456.380531787653
2024-11-01,946.483797431396,173.75045880927925,192.6774206483916,230.63387716105802,179.90450585817445,456.04274455828755
2024-11-04,951.027650166333,172.9417863311487,190.37147248404466,228.12864073117018,179.17814190007263,450.83228515802284
2024-11-05,978.0102382672484,174.21196860730606,190.93389422827627,232.46329609580712,180.34031429866445,460.28025027771247
2024-11-06,1017.8546696519813,177.90400761579107,198.54920459990086,241.30738414623903,179.7511440049175,459.9746214991099
2024-11-07,1040.7128606133656,180.12687253741728,203.3185803997431,244.75647145035575,183.59283980205765,475.77494271312844
2024-11-08,1031.9752005702542,178.9032323733071,200.6189249152539,242.5774800932987,183.37466859559038,473.8772483283225
2024-11-11,1015.4082018434871,176.9852274732601,202.86866374580933,241.01607675764777,181.16894018887723,468.91610336891875
2024-11-12,1036.5885704232471,179.11071621629694,204.2972312236281,243.42811046957937,181.16894018887723,470.24284940669264
2024-11-13,1022.4683603532112,180.02948323358476,201.21510337193777,249.47565470153216,181.8880148022129,466.367188006528
2024-11-14,1025.8935222345156,180.74503211189165,197.50305763565427,246.42274117870144,184.3926932700845,464.08354281402495
2024-11-15,992.4798520675728,175.71080574358012,194.0272570329077,236.0871607210818,181.79109259454725,445.5253504054694
2024-11-18,979.6877398006355,176.03262357924984,197.1880986933577,235.02679755941162,184.23109830681062,445.7827168086566
2024-11-19,1027.6410756330201,176.89210387343644,200.36020987583476,238.4176198298117,184.44117300086305,451.16202042506205
2024-11-20,1019.8120577976015,175.91826333608373,197.95300885867397,236.4017776791581,185.02288009835027,454.72400108429804
2024-11-21,1025.2642318919939,175.15887614580913,188.5604153544818,231.15824468451584,184.63510434194106,452.77014055737607
2024-11-22,992.2702312192822,176.91101734874945,185.33204298458426,229.69004406682112,185.72583619463916,449.5940613072953
2024-11-25,950.81792236863,177.67041766426718,188.58291982944993,234.73549017082038,188.14971097189195,454.39441401288434
2024-11-26,957.109114603247,181.57347120613701,190.23649748786454,242.2046158814978,189.919134219562,461.17283253091574
2024-11-27,946.0644487854022,179.45223504186592,190.36020296201755,239.73433491584154,189.81410308151771,457.6830725399063
2024-11-29,966.4061200731747,179.6516468603467,190.04520945063499,242.23957134572936,191.75321780487653,461.7999470200639
2024-12-02,969.0626365276092,182.8419865764201,192.90241354444444,245.5255272234347,193.57918004184853,476.68353009390046
2024-12-03,980.4567060757427,182.93532018013346,192.73366455126904,248.70659892845325,196.05154696784368,493.4245477409121
2024-12-04,1014.5691837032624,185.57413718097212,196.14198629819708,254.20648384745513,196.34243777047877,493.5290750555271
2024-12-05,1014.0798901415635,187.78021491666817,194.19598874154008,256.9913817711877,196.3666527999404,489.62925776838387
2024-12-06,995.7641615727553,188.18326488190925,196.5244759499412,264.5420643050748,196.20505783666653,501.56182134893834
2024-12-09,970.3876327977484,189.222666008567,197.4929461780073,263.44674567917303,199.36420025208466,493.3601814408443
2024-12-10,944.242244697047,188.08143924590752,208.52919601293988,262.2232510910914,200.18833083939228,497.9835885694244
2024-12-11,973.8828465441704,190.48264997083243,220.04972417326303,268.3057507872758,199.1541503939599,508.72624007320866
2024-12-12,960.1111846091239,190.7244957002688,216.17577412282674,266.8026124853415,200.3418417082151,507.2063951352316
2024-12-13,938.509756192772,189.75297833094552,213.76582486333115,265.04312225904755,200.47918438813585,498.81180452256
2024-12-16,922.7804922132807,191.58570852654512,221.4686468760954,271.4169115638312,202.83033956922085,502.3445906435457
2024-12-17,911.525349951846,192.8033110788274,220.0722459327742,269.342804379461,204.80176583445612,498.4818222628114
2024-12-18,901.1791707463411,185.5614188204042,212.16667623078047,256.9564263069561,200.41454888641908,480.5766291793482
2024-12-19,913.5526830131713,185.40868036640165,212.29051998127738,260.18409937095277,201.82039898917776,479.2730016591735
2024-12-20,941.6554592594929,185.2262657377407,215.55638252491224,262.08342923416507,205.61783716324035,470.9682175956371
2024-12-23,976.3996870660194,184.65350637916347,219.1825759361827,262.2465606605765,206.2480239915061,482.717216194571
2024-12-24,980.244625390967,186.38443718924756,220.84928984726687,266.8958329832897,208.61535977945698,489.0746603387135
2024-12-26,978.2172923296416,185.8668432274369,220.27495905291767,264.56537387455984,209.27783331367155,485.5337234583178
2024-12-27,957.8041788343904,182.6510799154708,217.07666178781633,260.7201127891571,206.50655358040942,482.6850577438081
2024-12-30,961.1599305470517,180.23284575023987,215.3649216422528,257.86530393696137,203.7675978069876,475.78852731214505
2024-12-31,938.7894289061803,178.82013645921498,213.18022454695483,255.63971122092627,202.3294113264248,471.17742042049275
2025-01-02,966.8923121019143,177.58132351407647,213.32657277241998,256.6068538846482,197.02112916545073,482.2263428839239
2025-01-03,1009.9552791032078,179.60496037062538,215.98433052471032,261.23281663787645,196.625232060699,486.563831252111
2025-01-06,1044.629561994029,181.51407948109087,221.70515127777713,265.21789958020554,197.95027847283882,507.14074447307496
2025-01-07,979.6852799641506,179.18920517005952,220.15108073333477,258.8091370311983,195.69607033534712,497.23455847892006
2025-01-08,979.4757660652723,180.1183148789134,218.41678425917414,258.83244660068334,196.091955022135,491.4645617947972
2025-01-10,950.1144091339077,177.73831454684475,216.2658438763284,255.11536147746043,191.36541721253965,495.60089930045484
2025-01-13,931.3791180202808,176.9915932161656,215.10591276560294,254.55605626976302,189.3858944348895,489.5413777623819
2025-01-14,921.1027767810688,176.34677627294678,213.58561621815585,253.74038135771397,188.4809849928907,478.21078481315925
2025-01-15,952.4214149086412,180.8607442550975,220.21864601186826,260.25402807940793,192.18949812799195,496.61490316959566
2025-01-16,933.7561756601319,180.12680691120175,217.24561819550755,257.1195577333675,184.4250172299248,491.9314274140913
2025-01-17,962.6978630972657,182.01470250356792,220.72539424314098,263.27196835801504,185.81469914378138,493.1143248979148
2025-01-21,984.5090193113206,181.7898539639514,223.0340387961938,268.83011831073367,179.88427699510112,496.08386884440137
2025-01-22,1028.1315456382554,189.2990286729467,223.39438694837247,273.84059117050936,180.84573784436566,501.7490912211999
2025-01-23,1029.1799707279458,189.51539830551798,222.95518671109025,274.318339554997,180.7084075824087,512.1703558115223
2025-01-24,997.0223144601487,188.39114248219215,225.46650981520057,273.6541679546048,179.99740464556027,521.054584771294
2025-01-27,827.8460441818718,184.36078720745556,216.00683499967852,274.318339554997,185.71776451815197,531.0251370655167
2025-01-28,901.7383022743328,189.72328903104403,219.93713266025017,277.49941126001556,192.50460396008867,542.6536032222668
2025-01-29,864.7572275076028,187.6571788878102,220.06097641074712,276.24097898769435,193.39337004911306,544.3916909182633
2025-01-30,871.3984651689827,176.0582703042753,226.20976244815503,273.4094619249917,191.96328008096512,552.8494128674556
2025-01-31,839.3807522073022,176.0879727294199,229.7571556279509,276.9517519470647,190.67864172311667,554.6037526837301
2025-02-03,815.5422629319219,174.3315920729569,226.61517140389898,276.64879866372695,184.2230266303234,561.266924403559
2025-02-04,829.4538681730847,174.94674596676046,232.41484424206936,282.0554630847806,188.09315956462618,566.6827829409546
2025-02-05,872.656831955201,175.33705132094744,215.4662782023246,275.1922617207708,187.82654588127187,567.2299211908013
2025-02-06,899.5712932804219,176.4104074515155,215.77034788253977,278.29177660257955,188.43250526211216,572.959707461835
2025-02-07,907.680304677486,173.8352347544887,208.7206223265133,267.01234527073103,183.91601731064156,574.9956189668172
2025-02-10,933.7561756601319,174.8830885377055,209.99319680388058,271.6616175934443,184.13437478656624,577.3132997546745
2025-02-11,928.3731978355578,174.55218803380774,208.6981351360881,271.2188246731882,188.15438012629068,579.2446345464998
2025-02-12,916.7686518438346,173.53401042524933,206.77241234835404,266.7559933463714,191.59195812662597,583.7350114018009
2025-02-13,945.7801772472612,174.17036158666602,209.62159641421783,268.4339267494556,195.36121994076632,586.2940040667349
2025-02-14,970.667412460569,173.27519375647935,208.59676129147337,266.46468595778015,197.84436565936284,592.8203912241021
2025-02-18,974.5122438361044,173.7885613900105,206.95258642444338,264.0992713848187,197.73923517760792,576.4842440263269
2025-02-19,973.3237150161788,175.96492357531886,208.64183937958168,264.0759795953256,198.06276038917898,566.3447487188796
2025-02-20,979.4757660652723,176.8958970686935,207.84225642103488,259.70636876645705,198.83925566724824,559.158545237641
2025-02-21,939.768016029578,173.52912783481463,202.32413150356857,252.36541901795948,198.61278926094488,550.0731654153399
2025-02-24,910.7564906261514,171.73946156183962,201.8623922222322,247.85598633216455,199.86650688886542,537.6642022969088
2025-02-25,885.2400720197343,169.1463597827326,197.5492419345137,247.96085272485934,199.81796506826777,529.109856799802
2025-02-26,917.7471320178199,169.92430606675643,194.51990107710358,249.7669620901234,194.41484691755093,542.1466259869674
2025-02-27,839.9400441594123,166.86360437682234,189.7562810300758,243.23002357893637,191.9397728754416,529.7053562221478
2025-02-28,873.2860153483102,168.7595326179682,191.76082133382744,247.35492837819183,195.6119634663504,537.7205166346503
2025-03-03,797.3663172451115,165.14620569237857,188.07829759696455,238.8953682142994,192.5302346374265,527.1382621963456
2025-03-04,810.8584668908684,165.19719726183803,192.4815694918137,237.47378673557483,190.83165587338644,515.0271228869002
2025-03-05,820.0164381246848,170.47266559840313,194.84647523228696,242.78723065868024,190.67798357103385,528.2810480641638
2025-03-06,772.968536017621,168.71703308079708,194.09195307730548,233.8615680050467,190.34636184704794,505.3140357929485
2025-03-07,787.7889973653012,167.19517426811842,195.79244098538487,232.17198870721592,193.37145234295932,503.4872283157382
2025-03-10,747.8717334307287,161.60513323007703,187.00962887320682,226.68374968296052,183.99688309107955,481.22039097710933
2025-03-11,760.315190613264,161.72843176379706,184.94640754601664,229.0724738254071,178.62613857205832,487.432949197922
2025-03-12,809.1851898592706,162.92717334173875,188.40767184811173,231.75250535644483,175.5039644349516,498.57854460780953
2025-03-13,808.066552480344,161.01426103601614,183.50326919846043,225.92635758462006,169.5993840689942,475.3057059638242
2025-03-14,850.6441830481973,165.17596061849557,186.58119690620507,230.65718673054306,172.6811004799543,489.38888446360284
2025-03-17,835.6826019508642,165.23548359597274,185.22826658849445,228.082039372192,173.09361282030585,487.21421245448386
2025-03-18,807.0178600171226,163.03346156039584,181.14688473767941,224.67957120704543,172.0340003849569,469.0594579374503
2025-03-19,821.6298234853424,164.86140104226243,184.77729557743857,227.84897923732547,174.09657450467847,470.42868672123967
2025-03-20,828.691211913309,164.44480582613792,183.5483991401977,227.1614980674482,173.17449101870764,471.99121199939975
2025-03-21,822.888297220973,166.32373687746397,184.89005993588125,228.6296986851429,176.54738384547088,480.24709150647647
2025-03-24,848.8264708351626,167.09740433223587,189.05031115634284,236.8445528194222,178.53716386124168,498.45010839892535
2025-03-25,843.7925758926399,167.98158633394436,192.29736811720858,239.69937945160993,180.97988910758303,504.45879883740525
2025-03-26,795.3422461408642,165.77535109533105,186.09641732906798,234.36262595901943,179.18422670234762,492.1112875050711
2025-03-27,779.052192917489,166.03464027285278,182.9170120694507,234.63062377812562,181.06076730598483,485.3456138108443
2025-03-28,766.7473421734153,161.0270187723133,173.99891383931873,224.56304113961215,176.2481109172529,464.53287195095226
2025-03-31,757.7284586504161,159.57742754816587,174.34839001395898,221.6965686126779,179.66954556461377,464.22684798401457
2025-04-01,770.1033077849013,162.4680785884431,177.08812835363346,223.922161328713,180.52691904108485,471.99121199939975
2025-04-02,771.9908579642287,162.44682881985756,177.05426793392326,228.39663855027635,181.0931161017528,470.3239618124572
2025-04-03,711.7250779794903,158.6081808458996,169.92881879507377,207.88860906144845,164.3499630565576,428.19115506758027
2025-04-04,659.3594371894122,152.96714823839878,164.15628268939193,199.25425379640612,152.37091216153286,406.53271017072757
2025-04-07,682.640720026224,152.12545264861828,165.45286539696718,204.2181252972037,146.77367640028066,415.8113370888575
2025-04-08,673.2723258235238,150.72265291613698,163.14159359338043,198.8580800151201,139.46168126812245,411.1398651790296
2025-04-09,799.327341670753,165.99639331444743,178.93712505505127,222.67537495113837,160.83954128041626,471.8059674673553
2025-04-10,752.0653803147842,162.11100634979573,172.29647277788186,211.16290126441527,154.0209739409029,440.00694049513396
2025-04-11,775.5565513734176,165.12920850255875,177.16704957690897,215.4159820258505,160.27334421974828,437.81616456136254
2025-04-14,774.0184583990849,164.85713533825358,179.34301797799884,212.2116007513469,163.80804311517042,428.0783781964716
2025-04-15,784.4355985397127,163.9729533365451,176.231247135087,209.26357140120297,163.50066125657378,420.0561537924805
2025-04-16,730.531864775302,157.97054341065873,172.87146038486455,203.13447034604044,157.13501431170332,404.58349310674225
2025-04-17,709.5576411879299,156.34242262980916,170.42488517878093,201.13027409013338,159.3270084504244,403.91498263949995
2025-04-21,677.5370940668209,152.661080694454,166.49009353703283,194.96621757073927,156.23720794501327,390.3674078300394
2025-04-22,691.3799843105212,155.9343325712161,170.77441320705015,201.79444569052555,161.55943547936445,402.94847546837536
2025-04-23,718.087177674524,159.15234029975298,175.14892362237006,210.44046463030642,165.49045369030839,419.04936211045396
2025-04-24,744.0951892550064,164.64034569790297,179.57976436328238,217.36191324804093,168.53977163364524,429.42350049182426
2025-04-25,776.1158433255277,166.57453402269735,182.60132717634866,220.21673988022866,169.27584643945931,440.79637859289494
2025-04-28,760.1754612059723,166.28121108980665,181.07926760551695,218.71358379830235,169.97145110116293,442.7858060699693
2025-04-29,762.2028477420038,167.50550751607202,180.57193169978268,218.35236548124794,170.8369335080127,446.57141392828936
2025-04-30,761.5037729078957,168.0240989963586,179.03860260692392,214.89163228238465,171.8803280826043,442.1897632636629
2025-05-01,780.3106666531197,180.83656755729973,181.8572103162449,221.6266576842147,172.5436087844676,460.88419685071943
2025-05-02,800.5158170159724,185.03652722342767,184.93513802398957,221.37030575985506,166.09707122323152,480.8673395983034
2025-05-05,795.7617017362702,185.41487548114682,185.13807584319187,217.14053456790487,160.87191491211186,482.67957450565956
2025-05-06,793.8040996918253,184.19908421241288,184.0331960018778,215.5791134522619,160.56453305351522,473.04641425246734
2025-05-07,818.4138546546791,184.2160814022327,170.67295293972052,219.8904770274058,158.73653427047566,480.6981001938276
2025-05-08,820.5811844968271,186.26506310321565,173.9425316600974,223.81729493601824,159.73952079077594,481.6646814627649
2025-05-09,815.547449978423,186.50311563739496,172.2175342700634,224.95921492089815,160.58072607834492,477.2186150995288
2025-05-12,859.9427927593108,190.97938792135065,178.65526601257346,243.1134935115031,170.72077587437988,515.0262831116883
2025-05-13,908.3931225110866,190.9283963518912,179.86162340576018,246.29456521652165,172.45398833953197,528.3966900507014
2025-05-14,946.2167447486502,192.54375939644356,186.4459280727942,244.9895138052303,171.96803616111066,531.0787838819967
2025-05-15,942.6510513394612,192.97815244221727,184.85621680071407,239.07014553545736,171.25533196321797,518.6104437162277
2025-05-16,946.6360933946438,193.46364205939528,187.3704264235031,239.5595398146916,171.10143613751654,515.7591598789983
2025-05-19,947.8247291639818,195.42270271987195,187.76501525533763,240.22372919507578,169.09285532451244,515.8316275399341
2025-05-20,939.5051343739156,195.12457594800514,184.8787731293112,237.7884036936511,167.53784064027022,513.1495337086387
2025-05-21,921.4672603785048,192.73966677501556,190.04246120830018,234.35096228428088,163.67457483996347,511.8608245481114
2025-05-22,928.6683782137629,193.7149117133804,192.64686157639179,236.65812960351772,163.08334316422136,512.7226809082663
2025-05-23,917.9013530704909,191.72180417229166,189.94100094097053,234.199494532608,158.15099002216607,505.062893606038
2025-05-27,947.3354356022829,196.19778770089906,194.9355943359244,240.06059776866434,162.15195862334454,517.3539918035469
2025-05-28,942.5112684574632,194.77961830874287,194.32678087831752,238.5457957919915,162.32202263794807,518.3689342449834
2025-05-29,973.1335589609437,195.34177247089198,193.76304550881892,239.6877157768714,161.9413623748114,519.5529184967282
2025-05-30,944.7485432153165,196.05724259774024,193.62774210632205,238.88370453956088,162.67028443346146,521.5181406882822
2025-06-02,960.4793044865813,196.74291842274215,190.57235344263157,240.79468029751973,163.35871151207337,540.3736629204047
2025-06-03,987.3261737831697,197.1687800604982,187.35913961693305,239.69937945160993,164.63027375401256,537.1115314103716
2025-06-04,992.2201788942822,197.55207653486758,189.46750817040348,241.4705155726504,164.26581893366944,554.1065563597226
2025-06-05,978.7267993302828,199.17468471361343,189.64785509192265,242.26288091521445,162.49211148847925,551.4242649342598
2025-06-06,990.8220292260659,200.32453476099226,195.81498002943903,248.85808446011808,165.15670849450817,561.9675933215642
2025-06-09,997.1840219716872,201.33387908094159,198.77248632619805,252.83150372770868,163.15622419391894,559.0276885002047
2025-06-10,1006.482631682801,200.55451527066253,201.60582046614337,253.565604036556,164.14430915762745,565.7451986160999
2025-06-11,998.651688757959,201.27851680552845,200.19481408399872,248.4269374346085,160.99377239114102,559.0921535973562
2025-06-12,1013.8240671471191,203.94025048082688,198.33224901633665,248.47355657357863,161.33395009220337,558.4639523402868
2025-06-13,992.638778894389,202.27506401345127,197.16958694781934,247.14519559280225,159.10668893621514,550.0148751359231
2025-06-16,1011.6566303555587,204.05522761041888,199.5400928802202,251.80611381026208,160.7022110184593,565.9547966292905
2025-06-17,1007.6711605027264,203.58677455879004,198.6144537496742,250.3146214030743,158.4506727431903,562.0130399800923
2025-06-18,1017.1801397080174,204.52369378729088,195.64571249997408,247.6345898720365,159.21196843353596,560.8362679154618
2025-06-20,1005.7833964245741,203.31421576049004,188.10520963039426,244.33698809958466,162.79176937357582,550.0189258163572
2025-06-23,1008.0208850812521,206.97676234772013,186.46844983230537,242.9154066208601,163.19671917395704,563.0610300460456
2025-06-24,1034.100606242744,208.72710539235518,188.25198996943402,247.92589726062775,162.22482723507827,574.0798687974727
2025-06-25,1078.9185061519977,209.64701430579308,192.66561530553196,247.01701963062246,163.24532308437384,571.2425153490532
2025-06-26,1083.8828839764647,211.85306579100293,195.89402224451544,252.9946351541201,162.79176937357582,585.2762459084114
2025-06-27,1102.9706803533395,211.20998137987388,201.52679553560998,260.1957630456913,162.85657872678615,591.3539461098958
2025-06-30,1104.648823583201,211.83602922545379,198.9305189027219,255.63971122092627,166.16908299546122,594.9489743936484
2025-07-01,1071.8568503504998,209.55331319527284,198.4902815928605,256.8865153784929,168.31535419137325,579.7384717696596
2025-07-02,1099.4748249104432,209.14450124830907,201.65093312333764,256.2572814623403,172.05713505156558,575.1842225997094
2025-07-03,1114.0877509233744,212.4450405054846,202.6555971844171,260.3239390078711,172.956133542783,579.5692323651837
2025-07-07,1106.396697829943,211.96805604583807,199.56264920881733,260.3938499363343,170.04045772614666,579.0371606706099
2025-07-08,1118.7025111187284,211.4995898689661,196.81964409051847,255.6047557566947,170.08904921859963,580.9072906690477
2025-07-09,1138.8391603829432,214.4338954678076,199.3707562125833,259.31017720517906,171.00425315261057,590.6686895369565
2025-07-10,1147.3692316165993,213.56936195502598,200.4995578613904,258.98391435235624,172.03282067839336,586.2031107496784
2025-07-11,1153.1025757161733,214.35297834407078,203.40063012529913,262.19995930159837,171.02044617744028,578.3601536541645
2025-07-14,1147.1595038188962,214.22520410245224,204.9470954708275,262.98066096942387,168.96327387198323,581.1087873213703
2025-07-15,1193.515764076013,215.4176718141901,205.4437840980822,263.74971674250276,169.3601395779134,572.6209322616319
2025-07-16,1198.2002552882473,215.33250211168755,206.53870804263613,260.06758708351146,170.2105465766778,566.5915438341049
2025-07-17,1209.5969985716906,217.92183694602366,207.22727238158188,260.871598320822,170.09717056694214,565.3824157245438
2025-07-18,1205.4717458368605,217.2191245554726,208.8979271684669,263.49336481814316,171.03665162023384,567.6958976363414
2025-07-21,1198.2702002039525,217.22339025948148,214.58715177695473,267.18714037188096,172.08952110122505,574.7005614761766
2025-07-22,1167.855391560515,215.18342560051104,215.9868713525293,265.0547681537941,173.6445606213949,568.1230962265072
2025-07-23,1194.075002553417,215.4389478332619,214.7338975469085,266.01024714277753,173.44206088527665,575.1923239605775
2025-07-24,1214.7711041938608,217.57261360275257,216.9237800051024,270.6012544317741,173.12620997535032,576.1757007337536
2025-07-25,1213.092854014587,218.7778653012739,218.06388574502256,269.6807309070223,173.22340537822015,574.4668075760073
2025-07-28,1235.816609564593,218.26252888127712,217.3865909281039,271.25378013741977,173.36109576112804,578.4568759991627
2025-07-29,1227.1466484995265,218.29234943360967,220.96494072438827,269.17967295304953,171.10955748585906,564.2459528700862
2025-07-30,1253.436204408134,218.57767909344994,221.84541534411105,268.2241939640661,169.31154808546043,560.3849134383177
2025-07-31,1243.647552489435,227.2059907809605,216.61901894316773,272.79189168357766,168.11287929118262,623.443387109821
2025-08-01,1214.6312143624505,223.20696546151342,213.49221054785778,250.23304679987257,163.9094606257412,604.5572871802756
2025-08-04,1258.5401512157741,228.11735516113765,220.16345646611296,246.62082806934444,164.69507068925907,625.805081998492
2025-08-05,1246.3743347078114,224.75718792454006,219.7458100539347,249.06781724550763,164.34678405781804,615.3988345649008
2025-08-06,1254.485057295474,223.56045450879333,221.3487267168564,259.04217938607286,172.71316366255425,622.2746176089747
2025-08-07,1263.9240915850598,221.8143509176809,221.834128537541,259.9976761550483,178.2043500127284,614.0849321480152
2025-08-08,1277.418219794946,222.32536913269644,227.36530328496198,259.484972306329,185.75270866835965,620.1062686132162
2025-08-11,1272.9435633298272,222.210470754563,226.8912055553904,257.86530393696137,184.2040147277051,617.3414322242743
2025-08-12,1280.6346164232589,225.3917146771653,229.53262941455873,258.0633908276044,186.2067466797469,636.7918116976982
2025-08-13,1269.6573287352217,221.70365261734082,227.97485997791728,261.66394588339404,189.19062195371825,628.795669723819
2025-08-14,1272.663890616419,222.51277135373692,229.08110529812723,269.14471748881795,188.744668036782,630.4480509496561
2025-08-15,1261.6864959789696,221.52900813259754,230.16474243611117,269.2029825225346,187.77976741153753,632.9468761905821
2025-08-18,1272.5938387513015,220.22155016602449,229.71321831967967,269.73899594073896,187.212179538921,618.5505603338354
2025-08-19,1228.0556115554562,217.09988172187175,227.5346053835129,265.68398428995465,186.94462209031585,605.7422100043162
2025-08-20,1226.3774683255947,215.3750804003173,224.99479735256114,260.79002371762033,183.25534438118183,602.7113624673584
2025-08-21,1223.4409583095148,215.09779651449983,225.48019917324575,258.62269603530183,182.35531519896682,595.7630623638066
2025-08-22,1244.4865706296594,216.37328138887125,232.63684691218552,266.6511269536766,184.6742954357774,608.4101758526342
2025-08-25,1257.2117325644383,215.10632792251747,235.3459916107742,265.602427466745,184.18780928491157,607.2091985024832
2025-08-26,1270.9159094202646,214.1593153820696,233.822082593843,266.4996592020037,185.93106788279925,607.8540470681656
2025-08-27,1269.7272736509267,216.16424876719515,234.20590315539704,266.97738980649945,186.88787199562887,602.4372499584744
2025-08-28,1259.728786985112,217.4013160550008,238.9017505093755,269.86717190291876,188.56627156845093,605.4438922099117
2025-08-29,1217.8473970919385,216.14292024715093,240.3353477892032,266.8375679495731,188.22572132847378,595.4406380809654
2025-09-02,1194.075002553417,215.47317846727742,238.5744158343007,262.5728235133993,186.26352161036155,592.5468714977205
2025-09-03,1192.9563116997845,215.5713027847238,260.3717801489098,263.3302333917317,193.35827688333944,594.1105823408858
2025-09-04,1200.2280161472222,216.68894348552513,262.2230238409158,274.6212928383348,194.4204598372005,603.4610347389071
2025-09-05,1167.7855535942222,211.15622038411942,265.27080730569236,270.7177844992074,194.34747946379233,606.5240407266278
2025-09-08,1176.8050253389895,212.5212719174333,264.42341530124537,274.80773383423127,192.87988724488844,606.4031130961092
2025-09-09,1193.9350057725946,212.61083857637578,270.7391354548151,277.6042954327023,190.01764592659742,617.2044500676451
2025-09-10,1239.871917383718,213.446955937837,270.21942381630265,268.38732539047754,183.88780369682783,606.1451539104194
2025-09-11,1238.8229575469654,213.71994786915943,271.575188799063,267.94453247022136,186.51488603413696,605.274603406894
2025-09-12,1243.3682006242639,217.51222435923054,272.0610400178653,265.84711571636615,189.7906331298857,609.0551232154005
2025-09-15,1242.8785862143277,219.8413512490277,284.2743845147088,269.66906723228374,191.92309555002268,616.3983152627292
2025-09-16,1222.810705422282,217.14538693971372,283.7659769673094,272.7219807551145,193.09881594714915,627.9250698217515
2025-09-17,1190.7160423583844,217.5634128073366,281.9243607657467,269.8904636924118,193.7799040091396,625.2811610633283
2025-09-18,1232.3201124252223,216.89369727794926,284.74889707331204,269.4360248774092,192.87988724488844,628.93270127899
2025-09-19,1235.3268882052446,220.93766342978483,287.78812468931034,269.7273322660004,199.05839547489398,627.4253047735664
2025-09-22,1283.8533659386442,219.45318530946665,285.3138250762767,265.2412091496906,207.6369484095693,617.18538223048
2025-09-23,1247.633236241092,217.22643531588162,284.33088768573106,257.17782276708414,206.29907424079673,609.3129342054647
2025-09-24,1237.4245939799246,217.61886695945148,279.224100322253,256.5952079899017,204.5801424340451,613.5556761703286
2025-09-25,1242.4590236695092,216.2879541834514,277.69880854188284,254.19482017271662,208.27750423763013,604.07802252697
2025-09-26,1245.9550930112302,218.17768730985216,278.54618326178684,256.0941500359289,207.13424439794608,599.9159483809937
2025-09-29,1271.5470179027968,219.51710524338367,275.73293376079164,258.8790479596615,206.29907424079673,599.633586315616
2025-09-30,1304.6204819889167,220.94622108828875,274.6596327795135,255.8494617863078,206.4612652663343,592.357971473577
2025-10-01,1309.235349133683,221.6969587433577,276.69328025365417,257.08460226913587,207.1261478855312,578.6133705798339
2025-10-02,1320.7726239450108,220.00343487612037,277.5858540534673,259.15870945350616,208.4882991735845,586.4455587932183
2025-10-03,1311.8924003351794,220.69022634678612,277.2017223701395,255.77953307785265,209.2099567233961,573.1445074070026
2025-10-06,1297.3484566932418,225.47645124664544,282.9412104296315,257.3992014472202,208.13156832674147,577.2582697790218
2025-10-07,1293.8522804021084,223.51842748037402,277.6649481221727,258.42460914465886,207.96130562471672,575.1772080067626
2025-10-08,1322.3109842928745,223.88955685438586,276.3769385479186,262.433001656473,209.24239244491082,579.016759072814
2025-10-09,1346.5043317185755,222.8444462469778,272.8857892710002,265.3693851118704,205.9828632099195,591.6562157876505
2025-10-10,1280.7068072766242,217.96441523465342,267.2818811666928,252.12071298834636,198.87190249414803,568.9017654421385
2025-10-13,1316.7871540921785,219.282530898627,275.8459401028361,256.4320765634902,200.80978783908802,577.2904776283266
2025-10-14,1258.8210003727188,219.07779023144593,277.31469414309805,252.14402255783145,200.89897365528975,571.6039150814365
2025-10-15,1257.4225298562653,219.01805725007915,283.6190929210117,251.188543568848,202.17197638103278,578.7827581799354
2025-10-16,1271.2672382399762,218.24168599522778,284.104926855271,249.90678394704977,200.63951271909946,574.3625272541018
2025-10-17,1281.126476770855,219.0820559354548,286.1838079784067,248.24049643871206,204.5639121553239,578.274545981089
2025-10-20,1277.0708481034928,220.4513469222913,289.85571900587604,252.2488889505262,212.6316521479973,590.5753262928062
2025-10-21,1266.7223160109152,220.82247629630314,282.9751227029706,258.71591653325004,213.0614130401038,591.4627216991122
2025-10-22,1260.5690885182855,222.05099905084805,284.3647999590702,253.961777817842,209.55865314764338,591.5755973673047
2025-10-23,1273.7144546943573,222.0595567093519,285.9352389657206,257.6205979073483,210.47485051876043,592.0514535212207
2025-10-24,1302.3828863828267,223.36060955729016,293.66320998853,261.2561262073615,213.10194527403343,595.5682839131796
2025-10-27,1338.9526337094924,226.73487330498148,304.2270386945607,264.47215337661163,217.95883444991526,605.618664251078
2025-10-28,1405.6590142579607,231.23525666051944,302.1933393667911,267.12887533816433,218.11289170914648,606.1187256905145
2025-10-29,1447.6824329707927,231.01341380157376,310.2150957667389,268.3523699262459,218.6804423278715,606.3042666138102
2025-10-30,1418.664597552035,224.27774904443308,318.0221781427966,259.683059196972,220.05886114853746,537.581113949469
2025-10-31,1415.867656519128,220.8864749816788,317.69453234594806,284.57236318940693,219.22370340935197,522.9653697696979
2025-11-03,1446.5639560159848,220.55375006898953,320.55294635776653,295.9683068086968,218.15337427122077,514.3830646978878
2025-11-04,1389.2970375547516,219.4019968613606,313.57068237301564,290.515041028665,218.9561459607468,506.0023550754841
2025-11-05,1364.9639072470527,216.34340833556624,321.21957661166266,291.5404309461116,219.0372352645337,512.9634000028404
2025-11-06,1315.1087969634923,212.0520313512182,321.716680067949,283.1973830696605,218.73719242255848,499.2429549960759
2025-11-07,1315.5981974746035,211.93259163897076,315.0281150376215,284.79375964953505,217.68310598111228,501.4773004437841
2025-11-10,1391.8143058742498,215.84858667054127,327.76122302660644,289.44301419225627,218.67328958070743,509.5836999631364
2025-11-11,1350.629691402818,216.99180847015248,329.12832666956587,290.25868910430535,223.3968843328759,505.8087621898621
2025-11-12,1355.1047756655864,218.04119790681247,323.9311411462694,284.5490536199219,221.9522032572319,491.23332722026373
2025-11-13,1306.5782979321866,214.69255463366034,314.73438151411216,276.83523965962337,221.53019117455312,491.9431842670584
2025-11-14,1329.7226855211352,217.63166407147799,312.29397688987467,273.4677269587084,221.09188672333397,491.5963077059873
2025-11-17,1304.7603718203272,216.48416344261477,322.0216831134855,271.34700063536803,217.0744022302663,485.58702448500475
2025-11-18,1268.1207865273686,210.64005707380713,321.18566433832353,259.32184087991754,217.05820920543658,482.1025501379763
2025-11-19,1304.2009194440982,207.7947799989408,330.8230069712019,259.484972306329,217.96717932160666,476.157830811229
2025-11-20,1263.0862498883716,204.4697884138623,327.02687193328995,253.01794472360513,216.09236481494128,475.2140716686395
2025-11-21,1250.7799018525243,201.77303658996212,338.5622993696673,257.1545131975991,220.34519455844824,479.32778464211685
2025-11-24,1276.4415577609714,202.57651147182344,359.9384739407859,263.6681421393011,223.94069180476478,494.4920502309073
2025-11-25,1243.3682006242639,203.85435888995355,365.4294966948497,267.6182696173986,224.7928869903202,513.1810993768992
2025-11-26,1260.4290917374626,207.49135062885995,361.48640847246816,267.0240089454696,225.26360232712642,511.0758817176614
2025-11-28,1237.63442872704,210.27357403585412,361.74626429172434,271.75483809139257,226.3187070416064,522.6426984941472
2025-12-01,1258.0517132493744,208.02128231918843,355.76951131065925,272.52389386447146,229.768069689613,516.931831864653
2025-12-02,1268.8200217855954,209.41453999993308,356.8089691567701,273.15311000063207,232.27595199215182,521.9570467328731
2025-12-03,1255.7443866264039,204.17062474779027,361.12485040228046,270.77604953292405,230.62026487516843,515.9075037002596
2025-12-04,1282.316502882554,205.49977874121436,358.8538688683948,266.96574391175295,227.8201878837927,533.5964793659203
2025-12-05,1275.5335572497531,206.4912858557852,362.9777534104132,267.45513819098716,226.2619072750641,543.1870580760133
2025-12-08,1297.4905924623124,209.85046869914993,354.67944432268445,264.37893287866336,225.53955431927827,537.8472732931106
2025-12-09,1293.4348568455378,210.2778266146198,358.47813747295834,265.57911789725995,224.9633111258747,529.91026137386
2025-12-10,1285.1136578142855,204.52536069316508,362.0168019585461,270.0769046883083,226.2619072750641,524.4011383893976
2025-12-11,1265.1843834607012,206.6237720596781,353.2210437236713,268.32906035676086,225.6531786882905,526.4822001616567
2025-12-12,1223.8578471190233,204.51252420540928,349.6710751469705,263.5632757466063,225.85611305314268,519.642082864819
2025-12-15,1232.7383915770922,202.92696858794633,348.4613645524444,259.31017720517906,222.47162184816554,522.7137829959104
2025-12-16,1242.7379477370307,203.59795726591474,346.59594753518957,259.33348677466415,222.8774409060146,530.4958316892881
2025-12-17,1195.3275940713663,203.48254700330028,335.45993131814,257.8303484727298,220.6292678989426,524.3202235778006
2025-12-18,1217.704191828744,206.84172984666503,341.94934384417917,264.2274473469985,220.9133660753646,536.3889295397723
2025-12-19,1265.6041599043444,207.67083832830866,347.2629926181174,264.9149462968677,222.1145557162992,531.8036086869806
2025-12-22,1284.4842605223516,207.24348041283878,350.2250447496818,266.1733785691889,219.92318247576944,534.0074258358078
2025-12-23,1323.0839076962402,208.06829693998742,355.3917057700644,270.49638803907936,221.05132965347673,536.7844142660518
2025-12-24,1318.8881752986429,208.56832932652475,355.09776483203916,270.77604953292405,222.22815524938375,538.8914596713391
2025-12-26,1332.3141767328345,208.43584312263187,354.44205840931045,270.9391809593355,221.895378654762,535.4524319828389
2025-12-29,1316.1610722320288,208.17514954409796,354.49857886487564,270.41483121586964,222.1875981795265,531.7390447927453
2025-12-30,1311.4059944076153,208.33754817702516,354.82643207624005,270.95082685408204,221.63566935929518,537.5997865982991
2025-12-31,1304.133648263703,206.68787574699857,353.865480624373,268.95829427291346,220.64551059562763,532.8692340323845
2026-01-02,1320.5665324273293,202.12349370608501,356.2961367663662,263.92449406366075,219.95564303321183,525.0548786926182
2026-01-05,1315.4617300243897,202.08504986903307,357.86764741468176,271.5683970954961,216.91209944305433,531.8197620101748
2026-01-06,1309.3082886329353,204.5039927973916,355.3803671098654,280.7387479987508,212.9351720198439,533.2970748035945
2026-01-07,1322.384565488601,206.6237720596781,364.0179026382435,281.4728483075981,211.28758141527535,523.6663844774962
2026-01-08,1293.9243643060613,204.3330233807174,367.9296366996479,286.9843791213466,210.24062288506556,521.5432351475565
2026-01-09,1292.665676671606,204.83305576725476,371.4683011852357,288.2544928483983,210.50845352887487,527.1940825486683
2026-01-12,1293.2251290478348,203.9355647690387,375.18783112863224,287.1941296867281,211.22266030039057,518.2415354054787
2026-01-13,1299.3086255235844,201.15335448728766,379.83440025055677,282.68469700093317,211.87194595702144,509.4584746594743
2026-01-14,1280.6383596526923,196.32826574259704,379.6874470660871,275.75156692846815,210.98731504995126,496.889312069731
2026-01-15,1307.9796560827745,195.16580233659516,376.2279803564626,277.5343667242472,209.5669731834071,501.15166525572084
2026-01-16,1302.245670286726,196.53340016707122,373.08499362891746,278.629685350149,207.39185505752621,500.7076711613165
2026-01-20,1245.185591989061,194.25122227185753,364.04051082046965,269.168027058303,200.22529911770368,487.68646251484273
2026-01-21,1281.8969403377355,189.80222424307215,371.2534888850018,269.5292453753574,200.99634290965312,494.82272407024226
2026-01-22,1292.5257868401957,192.80668426630513,373.695483687194,273.05988950268386,201.56446475471418,522.8106535365342
2026-01-23,1312.3150644129573,199.13613587461666,370.74473564674264,278.67630448911905,201.31286438962604,531.7955567246544
2026-01-26,1303.923920466,200.98667702510852,376.77061129897487,277.8140282180919,207.29446096723518,542.7743826571599
2026-01-27,1318.2588849561214,205.38864730785184,378.229011897988,285.1083588276193,209.61565160160686,543.2667873226052
2026-01-28,1339.236798298221,205.83739936958145,379.8796511840949,283.1624276054289,208.13043829203326,539.8439623558412
2026-01-29,1346.1596337624321,185.26776775643592,382.4121132842775,281.6709351982411,209.62379778587703,596.0136611667565
2026-01-30,1336.5098021810195,183.89589109670789,382.1294764373653,278.83943591553043,210.59773868878722,578.4071316674911
2026-02-02,1297.910155007131,180.93844569427384,388.5623339387533,283.10418035170426,219.14405458936898,570.2617566985966
2026-02-03,1261.0587029282215,175.74153193768686,384.06271800129844,278.04707057296645,218.71389632242,558.3868906149562
2026-02-04,1218.0539164072698,177.01511365180818,376.5219212944878,271.4868402722864,224.40326095730083,540.0538567602831
2026-02-05,1201.9008119064642,168.2453512193646,374.49821243256434,259.484972306329,223.93257045642224,541.0387154897155
2026-02-06,1296.5117914400898,171.43785660055022,365.0127663634497,245.07108840843205,225.72619631559013,533.9751685879612
2026-02-09,1328.8876245091692,176.76296460653506,366.6634056495566,243.20671400945133,223.0941343747866,546.6976642516954
2026-02-10,1318.3987747875315,176.6219338693814,360.17395855443147,241.1559163945661,222.3304792713139,541.4504523362732
2026-02-11,1328.9576763742866,172.818277793539,351.5591003464514,237.80004958839763,223.8090117163489,539.8117051079945
2026-02-12,1307.2104759088427,171.73700714137914,349.3432219356061,232.5798261632404,212.62263670625927,524.5704765909572
2026-02-13,1278.3307121814846,171.5147836503834,345.63499608332256,231.63597528901155,207.78900637662443,516.4655590278614
2026-02-17,1293.4348568455378,169.60868334583185,341.4518946970331,234.3859177485125,214.36924815438013,516.0779780682824
2026-02-18,1314.4827151033426,170.77970441033762,342.9329380473582,238.62735261520123,214.7510757061165,519.2505500218897
2026-02-19,1313.9233696765261,170.68117321035504,342.39027253576,238.70892721840292,211.68838361573853,520.5099164485413
2026-02-20,1327.3493711107176,170.1542997016698,356.1039672174444,244.82638237881892,214.9378915539219,529.2929771945456
2026-02-23,1339.4466330453363,164.68851534009505,352.1582863136149,239.18667560289063,216.23767982763863,514.4311788776774
2026-02-24,1348.5372261493453,166.6289644058501,351.4912757997731,243.02027301355486,221.0794687595075,516.0860794291505
2026-02-25,1367.4872716830575,171.59784018874623,353.75240514415657,245.44395262023295,222.7773272816456,527.7026899358498
2026-02-26,1292.8755114187213,172.07759407468774,347.51168262260444,242.27452680996095,221.73747182674455,530.3828572240119
2026-02-27,1239.0319366987817,168.2309922034087,352.46360048092515,244.69820641663907,214.61296311243845,523.2546476309386
2026-03-02,1276.0230647102767,170.71970892410872,346.5393925105384,242.82218612291183,215.05161526664472,527.597718034358
2026-03-03,1259.0309420692465,173.02425223357181,343.21557489427045,243.21835990419785,214.26364578999983,528.8247778146209
2026-03-04,1279.938910495641,173.5682673097511,342.7068216560113,252.64508051180417,213.26439707681132,539.0366913844621
2026-03-05,1282.0367232197334,175.91562516221978,340.16309003380167,255.11536147746043,211.45281484195039,533.2567161948798
2026-03-06,1243.4373968940822,175.17886589105666,337.4949097020905,248.43860110934705,209.1537778550451,520.5744803427765
2026-03-09,1277.211807429027,175.37162321128366,346.6023082470086,248.76486396216987,211.11974021619676,522.6169618538285
2026-03-10,1292.036279379672,173.80814425272183,347.3716778244153,249.74365252063834,211.8914918320843,528.0094548809155
2026-03-11,1300.917465534215,173.43118727077174,349.2497471271361,247.7860576237094,211.8752491353993,528.6471406580256
2026-03-12,1280.7076628719233,172.13756331043044,343.42319682462204,244.1505471036882,207.7727636799394,515.1819379171475
2026-03-13,1260.4976463108069,169.43465574751443,341.9864019043418,241.9832194213697,203.1909696567054,495.42810320096373
2026-03-16,1281.267115248152,171.31941440677872,345.69725500715924,246.72571224203122,205.38439186126652,506.953672194981
2026-03-17,1272.2459323127864,171.08809512231184,351.76132949939125,250.75739654333842,206.5298248446202,503.0835434315067
2026-03-18,1261.5466061475593,167.82407029145193,348.107031421225,244.54672088497423,203.0447481326487,497.44400829648515
2026-03-19,1248.6794153931219,166.637522064354,347.4734837826047,243.25331536842944,202.2486324717336,490.18854805953265
2026-03-20,1207.7000368440724,163.57481221222494,340.53826832386255,239.30318789033197,201.46061332323336,479.6527282505939
2026-03-23,1228.2596710343023,164.0588580526615,341.7375390544249,244.8613378430505,204.30392966465288,488.0555190212173
2026-03-24,1225.1827364397502,159.6639491507082,328.59115764263726,241.48217924738896,204.42577472571824,479.05485769823787
2026-03-25,1249.518540482759,158.93576066329203,329.14550750529423,246.6907567777996,205.22190280459714,480.64652811610637
2026-03-26,1197.4903250887812,156.76401856355633,317.8206403715762,241.83173388970482,205.44125371762792,442.38962976410346
2026-03-27,1171.476056967674,152.82316432154667,310.3763259837152,232.27685509991068,202.1186412263981,424.7599817472388
2026-03-30,1155.042424158161,153.7612516966838,309.4259872412417,234.15287539363788,200.35578708159224,433.3728645164716
2026-03-31,1219.5883196268749,158.56309563583696,325.3328484442874,242.68236426598548,206.17238617383907,462.25737751785914
2026-04-01,1229.0289581576467,158.22040866363173,336.45410366162673,245.36239579702323,207.6671613155591,467.99388199058836
2026-04-02,1240.4974644968056,159.97236611316862,334.6212852924441,244.4302085975329,207.90274250731107,464.13995594885023
2026-04-06,1242.2457665411973,159.72391838645086,339.3955871870374,247.94918905012082,210.29111432598398,462.976472091985
2026-04-07,1245.4625909671595,159.4712049557243,345.58411038877085,249.0911268149927,205.93679256412324,464.6166024794363
2026-04-08,1273.2949990989512,160.34503114062366,359.0020319708735,257.80703890324475,210.32362455528167,494.81002864497947
2026-04-09,1286.0922449376833,159.80532114418259,360.32568227276533,272.2558782653733,211.6152914806559,507.71317477636353
2026-04-10,1319.0995073375318,158.86294181455042,358.91149553471115,277.76742685911375,211.6071701323134,508.9008145202074
2026-04-13,1323.854692111358,164.64568767184636,363.51613235535086,279.5269170854077,210.56733951334002,512.6740727430578
2026-04-14,1374.2046573260614,168.38947951389088,376.63987101582643,290.1654686063571,210.26675028095644,535.264519929533
2026-04-15,1390.708342000692,176.1469444466867,381.4028688193067,289.5595442596896,216.44078804398444,542.6088975418668
2026-04-16,1387.0719550299111,180.01924554396356,380.15834715520623,290.9578161689291,213.97929925430125,546.8829581822819
2026-04-17,1410.3586922867548,181.102983741827,386.5618555026034,291.95991429688263,219.52781934346226,556.3199074271325
2026-04-20,1413.0160643364884,179.08115816882645,381.7423026744719,289.3031923353299,221.8186853101697,542.0675389214199
2026-04-21,1397.7713881445507,181.68982648625496,375.9384296923559,291.2025221985422,216.2295833152238,540.39510188758
2026-04-22,1416.093105880453,185.44218911204646,383.8918775784217,297.5530197138328,221.91621599806282,545.145858457123
2026-04-23,1396.092924066452,178.0873672619555,383.4053868315289,297.22675686101,222.12739589089577,532.5659763837921
2026-04-24,1456.442980188156,181.88686263573388,389.63912639771456,307.60893867760774,220.20206510738433,545.3963584629892
2026-04-27,1514.7650615520606,181.97253109747442,396.35939127987893,304.2647355461778,217.39938034360503,548.2968926464713
2026-04-28,1490.7089302224601,183.87012624449451,395.7258436412586,302.6101294925706,219.91774340761347,542.4149588664517
2026-04-29,1463.2961915848994,181.81830949100112,395.9068819444973,306.5019919369514,219.47906641747954,540.6212978108418
2026-04-30,1395.6035235553409,174.6734127791173,435.34592247260224,308.8557428351744,220.43768355302782,494.3979460086287
2026-05-01,1387.7711902881379,177.5262368687685,436.3528853778989,312.5844916331358,227.57845979994661,491.8448317701782
2026-05-04,1387.9809180858408,177.17497911281626,433.59233644846887,317.00068604099056,224.88944907703484,493.1860515807225
2026-05-05,1374.1347124103563,176.21548446617635,439.4527644552362,318.74853037253797,230.86042829557238,488.78266555766936
2026-05-06,1453.366045593604,177.3206168102995,450.32512225357254,320.4264637756222,233.56565687924152,495.18170327407364
2026-05-07,1479.0305891361857,180.2377020901884,450.26853265983533,315.9753139035359,233.50878260491626,498.35694274894246
2026-05-08,1504.9048604764703,177.81751226373495,453.44764408222187,317.73478634983786,238.28552624226208,492.5558249834361
2026-05-11,1534.5554086189463,176.76376524636441,439.69035778312605,313.4350864494325,237.98466381467432,483.8541236359056
2026-05-12,1543.926102234013,174.66912082462227,438.2309201115337,309.74132867568665,239.70847588120975,487.1990965006691
2026-05-13,1579.241012105069,173.572546139003,455.5067171190953,314.7634652102008,243.017888076892,498.2115628401939
2026-05-14,1648.5421992970216,175.38019399503065,453.75313109496193,311.37264293980076,242.48123335216724,499.6658559130981
2026-05-15,1575.6746769994058,180.73030558912885,448.89959685531943,307.7837515587497,244.12375742749458,496.27247247729366
2026-05-18,1554.6954802643577,181.42425031728635,449.08063515855804,308.62268270030785,242.1803709245795,493.83243150120313
2026-05-19,1542.7372525658502,178.80273238685893,438.581623488726,302.19062836180757,243.09920090402778,486.88398320202583
2026-05-20,1562.737434379851,180.36191939092572,439.9958447958661,308.7974955814497,245.76625666689432,488.86348157218265
2026-05-21,1535.0449160794699,179.90688033774927,438.581623488726,312.81751620801845,247.9941883929292,490.73790924376385
2026-05-22,1505.8139304818126,179.68367245352073,433.27557991370173,310.3239434528691,251.10846470504234,493.0648769574944
2026-05-26,1502.5272680895573,178.5932928826466,439.961863384355,309.1237584342726,250.71002191770617,494.7454153522023
2026-05-27,1486.722925622566,177.15092054220642,439.9052737906178,316.7676614661079,252.7591101287122,513.2638419345457
2026-05-28,1498.2613768774302,183.29819377623284,441.3760846914951,319.27289789599575,254.10889312479435,513.2880472200662
2026-05-29,1476.5131069178624,193.27895676367731,430.300080407694,315.35774366212183,253.74298540268353,511.0419449193908
2026-06-01,1568.9612484846607,197.6919522506281,425.8086227745287,304.4278847525812,249.06752267830643,485.1548860406513
2026-06-02,1558.191870454316,189.44548013550238,409.38132398216516,298.90467248410226,256.296193273189,482.86032377039317
2026-06-03,1501.7579809662132,183.44845155928874,406.1456229660414,291.3306981607221,252.27935451424028,503.342095399699
2026-06-04,1530.8829796961888,183.7532328294093,421.0795718134735,295.7236007790837,253.06809390464244,507.0505921341467
2026-06-05,1435.946660050063,178.8680304713019,416.9387829884145,286.6814258380088,249.905039830619,479.1195203895569
2026-06-08,1460.7309029792364,176.75167689746553,411.2786136966867,285.7375927437719,245.1889455286017,472.9709332804769
2026-06-09,1457.5803871889575,173.1757831652088,412.3540579612951,284.5374077251754,236.25270556386872,472.3245533599962
2026-06-10,1403.1809963728106,170.57862568598264,403.433643602403,277.32463393885763,237.09022271618122,461.32824034366564
2026-06-11,1434.3363227476586,167.5650961197647,405.00712468861894,281.4145832738815,240.3833673792508,459.26792595899553
2026-06-12,1436.5768059878837,167.7368005500527,407.16931730894873,277.9655137497568,236.7243398299981,458.09634074126217
2026-06-15,1487.4054767724592,171.6089178939261,418.11610234938416,286.66977994326226,241.02574864799416,479.9516882260428
2026-06-16,1452.119443242749,169.06327699388356,422.5310240262061,286.6464703737772,243.31875050447977,485.39432077313654
2026-06-17,1432.796037310372,162.65842086393894,411.8220051590904,276.74201916167516,240.6435733932707,459.006212484123
2026-06-18,1475.08340717299,162.86876600992542,416.6217844700455,284.77045008004995,242.31860769789577,466.8020927692267
2026-06-22,1460.8008478949414,157.69165824518257,395.8490132945791,271.25378013741977,241.50550426246608,455.98969052430994
2026-06-23,1400.5205227901176,160.5248994721224,391.83028791208943,272.79189168357766,239.3019117455311,454.65533711108685
2026-06-24,1393.2392998449768,156.88461329719692,390.8793960642404,272.97833267947414,238.3098902872896,450.99189184683246
2026-06-25,1370.4154396449708,151.46279850002097,389.0907569869308,264.51875473558977,223.7306295286762,439.02302033799714
2026-06-26,1347.9415179223151,160.10850113464446,381.9363389540363,271.13726784997846,230.74787187144926,444.99130276922057
2026-06-29,1365.0244406144673,158.21967365001788,400.34316731645026,279.81822447399895,229.08910509943686,454.9787987633075
2026-06-30,1400.8705682168807,160.12996090711968,404.5543388005495,277.7208077201436,235.28509782251007,455.5368046923675
2026-07-01,1383.297603317143,164.9636598112866,408.90133222343525,281.63597973400954,239.36698187598176,495.6648704121876
2026-07-02,1364.044356199296,167.62947543719037,407.4296916644946,282.7662538241429,250.95396039911338,471.3956137799703
2026-07-06,1369.0852028536242,166.01967749571412,414.84448405293494,284.5024522609438,254.23086236549796,485.45898346445557
2026-07-07,1378.7467988704004,166.92117169307693,415.4897506117,286.6231608042922,252.60460582278324,497.82417947478234
2026-07-08,1429.0854274473902,164.56013733729375,409.70509804138476,283.8732183447912,254.82444103640324,487.74766730823023
2026-07-09,1419.7038249922596,164.99799544724692,406.27504962392294,287.8583012871203,257.12556424123136,510.68257052722447
2026-07-10,1476.9737380370398,165.31566570609576,404.3392499476278,285.8774146006983,256.3937736329374,541.1951606718449
2026-07-13,1424.954720292528,167.84412566291502,399.0526687680062,288.17291824519657,258.01185915545426,531.1024457835566
2026-07-14,1482.854779275129,165.2426893544369,406.9769057764251,288.3826688105781,256.01971972655645,534.5879574999645
2026-07-15,1487.755522199222,169.83598630590885,419.89340276649483,297.0869350040836,266.29759650310143,550.9805178325648
2026-07-16,1452.0493913776313,172.18414479820694,401.2601123218741,291.1792126290572,270.981180575821,537.418444551063
2026-07-17,1419.9138736381997,169.05898503938852,392.5547868159037,288.07969774724836,271.37145234295934,522.4331498794984
2026-07-20,1423.2044931587134,172.69499238506208,398.46399180297834,291.2957426964905,265.5576348746096,522.3037256997767
2026-07-21,1451.279248658988,170.74605128701867,392.98496452174703,288.45257973904125,266.4927323866705,520.6539625966591
2026-07-22,1484.675058274061,167.5650961197647,387.256866976083,285.30646349825435,264.98846992058714,507.19705881081654
2026-07-23,1461.5709906135849,163.80459584324862,359.635303056806,272.26754194011187,261.54896713585873,490.1575751737748
2026-07-24,1448.1287328687094,163.85612554767536,361.9559603672343,270.4614325748478,270.7860198563242,481.3346004059325
2026-07-27,1375.806331726062,167.03278876043433,369.6764126138446,269.62246587330566,273.9490739303476,480.2670979159372
2026-07-28,1379.3068929431035,168.85722380239213,377.77045297256115,269.00489563189154,276.52664584588064,479.89507749705
2026-07-29,1330.2985011574601,167.6509483349087,381.1665545475978,264.0992713848187,274.98987315049953,473.58718009041166
2026-07-30,1365.5144828220527,193.64814360170976,377.71386337882393,274.4115600529453,271.1193925132096,435.91763040134464
2026-07-31,1405.491424528741,199.49492752011068,403.15062649554505,316.4530267280397,251.18165618383554,450.2155443626693
2026-08-03,1446.7285511616576,209.3383085879844,422.82534522417706,330.9484852291383,246.71762171156794,477.3314907677213
2026-08-04,1483.8348636903002,211.55340336569296,427.51194534765784,323.25799861831683,251.5638066026314,475.47148747036863
2026-08-05,1534.8036382051107,209.2567483273354,410.2824017771276,317.6998308856063,252.8810793694158,476.14271485741415
2026-08-06,1533.193407852119,214.57980879539602,404.9845165063928,317.2454098505956,254.0275802976586,477.0565878821672
2026-08-07,1567.9893991742435,214.6356173290747,401.0789703113776,319.8322208836851,254.77563843856524,478.83567636792276
2026-08-10,1523.11160759405,217.241358717291,404.72414215084706,324.03868250615034,250.8692947217445,481.1162588508294
2026-08-11,1522.761562167287,216.27547207725937,389.19263208329215,317.2570379653502,248.14298043549798,484.512803793314
2026-08-12,1568.8994317242973,211.39026971915195,388.8983454544072,311.442553868264,245.97820647348456,468.1202928592556
2026-08-13,1577.3710016293742,213.30057010149685,392.09066226763525,308.9373174383761,248.4278236897496,481.156666858086
2026-08-14,1576.3908102647906,212.66522958379917,391.5699135565436,306.0475353419568,248.9730716454423,477.0160810778268
2026-08-17,1575.3405670350896,206.204578045419,389.4190595964128,304.4861320063058,248.69637457546085,460.1302763045692
2026-08-18,1538.4443031523874,206.75405322272954,389.6454871095335,302.31882210397936,252.30975368968748,439.66999304098044
2026-08-19,1523.1816594591676,207.9045201565343,390.2341295054754,309.7646204651797,257.8437447611715,441.57855510499974
2026-08-20,1518.210864669957,206.9368222329543,385.64940447835596,303.0878423170743,253.34330081896474,441.4168242788893
2026-08-21,1503.2982664034998,207.8357045069394,390.34734326203574,301.36332533500394,251.7563595497246,444.7082491242565
2026-08-24,1459.61071483383,209.58616567876246,394.0151232837313,305.3717178468181,252.56203704278607,452.0836984194319
2026-08-25,1491.606235792439,211.4785501042702,392.76987566882536,304.19482461771463,252.20395263788595,461.00369192352366
2026-08-26,1467.8721291435545,213.48276160102503,387.1549918797217,303.2859469877093,255.09304159396984,465.9287265488141
2026-08-27,1596.1340995902233,217.22022707589338,385.62676172704386,298.60173698075647,256.0126414871753,461.8528034598738
2026-08-28,1523.11160759405,220.86308579846724,392.3510366231811,310.4521016350569,260.1794395772925,467.4491148707518
2026-08-31,1545.7255260975282,218.17932796524016,384.1551211681033,302.6916685357883,257.8600371297119,462.8556432585501
2026-09-01,1522.341571824819,215.4826680180417,379.2533976226148,297.0403158651135,264.5984961845806,467.86959525922197
2026-09-02,1571.1399149645222,213.67630643583828,381.6306790958663,297.1102267935767,264.46013523162605,479.4421916651075
2026-09-03,1599.424719110737,219.39647113401378,387.6983833421254,301.6779245130882,267.1050621829539,493.86147784382774
2026-09-04,1612.7970319399071,214.91496187805953,383.39387532590007,301.22350347807753,260.39916302923814,498.7865124691182
2026-09-08,1580.381413689418,212.44195607335516,383.28059243116775,299.42904000756005,257.34732423924453,496.1258576049982
2026-09-09,1565.9589645799588,211.45274587632753,374.5470239819577,294.1039324097161,256.6311554294442,528.6439791513454
2026-09-10,1530.493256037428,211.79251904456368,376.75591943743655,293.5096717377871,265.77040426681236,521.1149497894696
2026-09-11,1530.002572133368,213.1645007062365,383.4391953976102,299.207643547432,270.40918432604605,524.0667596594218
2026-09-14,1478.6264273067518,217.37076048905442,395.7749663124257,295.4322933904924,271.06837951781046,538.2757068468231
2026-09-15,1487.107301810707,213.80532757555167,390.77949140577954,289.46632376174136,269.6523342667503,542.0281188850008
2026-09-16,1499.2329053396097,210.8721244971309,388.38935023254624,286.5998690147991,270.5231315621178,544.5108402012744
2026-09-17,1537.3620820483807,214.076285094193,393.44144930201554,292.69401460573,274.2585792607586,551.7892213616585
2026-09-18,1557.8986151655336,212.36883534402216,395.94487336998117,295.63039806112744,273.55055663522853,538.3970296656768
2026-09-21,1593.714796932477,215.73641834297348,402.09575083709046,301.1535925496144,275.8699590828092,599.9275076397932
2026-09-22,1604.1581931538474,214.1838070857019,397.779938729752,297.1102267935767,276.4965943734206,596.1640303282347
2026-09-23,1580.6078255954542,215.29773334270476,382.68023111508114,290.4567759949484,274.2748467933713,602.2341231542698
2026-09-24,1574.089472808914,214.15369777802104,387.81163166777174,290.58495195712817,273.3796606170486,629.3391524815667
