Date,nvda,msft,googl,amzn,aapl,meta
2023-01-03,100.0,100.0,100.0,100.0,100.0,100.0
2023-01-04,103.03178796588072,95.62568431740725,98.83303397942672,99.207643547432,101.03141732039995,102.10840093385872
2023-01-05,99.6507300265161,92.79155695056483,96.72351582153742,96.85388375921303,99.96001416144419,101.76367974734801
2023-01-06,103.80021933983217,93.88513258990201,98.00266717805872,100.30296217333377,103.63794139491715,104.23281288379007
2023-01-09,109.17218698202656,94.79922708063336,98.76571067867678,101.79445458052155,104.06171677583504,103.79189603192727
2023-01-10,111.1351762094823,95.52134519050372,99.21454708746352,104.71918325117645,104.52544074142189,106.6137712877873
2023-01-11,111.77785515269132,98.40971262803347,102.69299252590369,110.80167405736483,106.73224923694727,106.53359897840463
2023-01-12,115.34051984222025,99.5533807609649,102.25536514421229,111.01141573275038,106.66825947729568,109.59597882251595
2023-01-13,118.05099173167575,99.85390947204232,103.36623417567546,114.33232707468726,107.74765359498146,109.8124206120453
2023-01-17,123.66050065549949,100.3214109742265,102.43491699227147,111.92030225275164,108.69113311546432,108.51370817538522
2023-01-18,121.39013887846318,98.42640137573557,102.24415611711697,111.23281219287841,108.10743921624777,106.63784642640599
2023-01-19,117.11491718741551,96.80690377332388,104.40977990638865,109.15870500850818,108.15543464047701,109.14702869784905
2023-01-20,124.61752391171142,100.26712496518529,109.9865171910783,113.31857416199121,110.2342884526238,111.72841170535462
2023-01-23,134.07615478437768,101.25218765003794,111.97261505910751,113.63318223007151,112.82481198273754,114.85488497334366
2023-01-24,134.57911103265187,101.02679439804088,109.62744806404892,112.23491032083194,113.96017385643917,114.75068688492942
2023-01-25,134.98426206290537,100.429930491333,106.84470554093235,113.23700844878547,113.42446296348957,113.43596960214506
2023-01-26,138.33044113214754,103.51448095041467,109.42547816179906,115.61407780648952,115.10354531581424,118.08563036912764
2023-01-27,142.26337129747057,103.581262191711,111.5013346693134,119.13306714907341,116.67863965196923,121.64504891565933
2023-01-30,133.85959563638463,101.30644740859121,108.77468913530697,117.1638352473939,114.33592897720324,117.89325137832019
2023-01-31,136.47922738690485,103.43517822637529,110.90662534738694,120.17012074125853,115.36737734250889,119.42443513042747
2023-02-01,146.3010984972474,105.49711467761907,112.6907533131663,122.52388941947348,116.27888061010938,122.75132066202805
2023-02-02,151.65212411182708,110.44328411454347,120.89316846528195,131.56607325054435,120.58847233110362,151.3307930833151
2023-02-03,147.39786450140494,107.83454999969813,117.57181360934908,120.47308291459228,123.53079673273477,149.53505428413143
2023-02-06,147.32095452064047,107.175058991409,115.46230409373202,119.06315622061024,121.31605315930966,149.15829255563025
2023-02-07,154.8934927779416,111.67877645425735,120.78096584478945,118.9815905074045,123.65070457655307,153.61553731211504
2023-02-08,155.11700363634614,111.33232251454474,111.5013346693134,116.58122047021145,121.46794967397261,147.04988545182317
2023-02-09,156.03912128508784,110.03421619849358,106.60905670376304,114.47214893161362,120.62844575169713,142.63269600028775
2023-02-10,148.5504580876366,109.8171902895245,106.11533233296151,113.73805751276225,120.92473833180324,139.61040848081618
2023-02-13,152.20398296911162,113.24817500045282,106.16022029497631,115.98695090828643,123.19890185475926,143.8431905148643
2023-02-14,160.4680292509258,113.60297659532748,106.23876990736608,116.17338301418691,122.67840296560809,143.88328283950403
2023-02-15,159.0219799046105,112.69494596730816,108.77468913530697,117.87462598675621,124.3840473392591,142.02343827654585
2023-02-16,153.69892155576338,109.69470551283874,107.17011301758677,114.36728253891886,123.08681732718014,138.2395693474743
2023-02-17,149.40971623184944,107.98329838955883,105.86848311096911,113.26030912827456,122.15791649441918,138.59229295704708
2023-02-21,144.28922002945518,105.72787615439803,102.99596466382295,110.20741338543583,118.89877262102577,137.95095150167597
2023-02-22,144.98078152866373,105.24247838206693,102.83885679677118,111.61734007941789,119.24309787924798,137.1813368192719
2023-02-23,165.30909343212429,106.60660467526439,101.98608922575698,111.65229554364949,119.63546823354858,137.9188924498403
2023-02-24,162.66851296965237,104.28426994636763,100.01120902709535,108.94896333312265,117.4814112418074,136.59612955435512
2023-02-27,164.17044337273728,104.67759413228093,100.8415671861911,109.25192550645639,118.45034758497333,135.9147204541378
2023-02-28,162.1795269855706,104.36793681402554,101.05475475780854,109.79958481940729,118.04195805932582,140.24370432348644
2023-03-01,158.5609344489135,103.04984731403695,101.39137126155828,107.39920589221823,116.36033002473285,139.02517653610582
2023-03-02,162.86411003701986,105.07510527101923,103.23158757417555,107.35259564324411,116.8407809855168,139.91504351263552
2023-03-03,166.88789370995204,106.82418840710201,105.08303019843261,110.58028648723277,120.94073266722556,148.50890548755825
2023-03-06,164.54071553286832,107.4853266335088,106.74369466299069,109.24027072171387,123.1829323552615,148.22832091456405
2023-03-07,162.7101162827306,106.34717766566486,105.3186703933297,109.00722836683929,121.39717970691373,147.9156772897342
2023-03-08,168.94938332646961,106.15886979049223,105.75628049047661,109.43835761235687,122.41416114615804,148.2844427651216
2023-03-09,163.7441698377718,105.58143780747524,103.59065670120494,107.49242639016646,120.58842265925446,145.65499585965614
2023-03-10,160.45336381569223,104.02062973345517,101.69434339947753,105.72128137912998,118.91475453848581,143.90734563822593
2023-03-13,160.46036900079926,106.25093681428804,102.23294709002163,107.702168065552,120.49233246709767,145.02166299729552
2023-03-14,168.12496394635764,109.12563431022775,105.442099325462,110.5569769177477,122.1899300011884,155.5395616782284
2023-03-15,169.27778480004508,111.07137953926718,107.84333738281401,112.0950795739096,122.51027617423942,158.52977780596757
2023-03-16,178.45154260125116,115.57383697869483,112.56731573876174,116.56956568546892,124.80047128650462,164.2857103193189
2023-03-17,179.73711438645105,116.92540897603934,114.02602758561446,115.2994608484132,124.11980551980908,156.81417429647627
2023-03-20,180.95984003579596,113.91264047620484,113.57719117682772,113.85457869019955,126.04165903479401,158.57785404382426
2023-03-21,183.04892259517777,114.56119815627073,117.72890419185637,117.23374617585709,127.54713827438258,162.06513355377737
2023-03-22,184.92835761095648,113.93770969217891,115.98968147263629,115.00815345982198,126.3860091289408,160.18117683251015
2023-03-23,189.97984471884243,116.18477770955569,118.49191312338544,115.0198082445645,127.26684002969878,163.76465817776372
2023-03-24,187.10128849284044,117.40244596796443,118.31237855987075,114.34397296943379,128.32388181527264,165.15155151681702
2023-03-27,185.3685479354189,115.64913650332475,114.968562438386,114.23910657673902,126.7463535585099,162.61024849405445
2023-03-28,184.52312636865977,115.16793880906262,113.36400360521029,113.30691937724866,126.2418738407056,160.87864013843884
2023-03-29,188.5335547363975,117.37731112577055,113.76795205198222,116.81426282508605,128.74025609066902,164.622453762561
2023-03-30,191.3213510355074,118.85862615971374,113.20691302270298,118.8534145452247,130.01349459961446,166.61858014556265
2023-03-31,194.0741615151039,120.63699171508351,116.39361263486374,120.356561737155,132.04746989606537,169.90543505200742
2023-04-03,195.3877139347102,120.18927651817728,117.10053321955493,119.33116292971239,133.06442649938512,170.8113068746614
2023-04-04,191.81043060030626,120.1683286288084,117.50448166632688,121.12560862023795,132.63202063467955,172.1340697701466
2023-04-05,187.81395912808708,118.97996904017454,117.2239707939595,117.80470616829706,131.13457581668902,169.53666957662
2023-04-06,188.903880371224,122.01785925695894,121.65617739681105,118.92332547368787,131.85527709378954,173.24036619630888
2023-04-10,192.6907845118833,121.09310706812764,119.43447390297372,119.0515014358677,129.74924036220216,172.15809554917817
2023-04-11,189.82615844405214,118.34810667043274,118.21139360874584,116.42973493854656,128.76428484768934,171.4366064642179
2023-04-12,185.11700296791244,118.62426180346628,117.41471438456954,113.99440943712192,128.2037504481332,171.55684641844678
2023-04-13,184.8933985287908,121.2814018180563,120.54529972307566,119.31950814496987,132.57595353496546,176.6474487170857
2023-04-14,186.95454055978783,119.73314803988919,122.1611280792524,119.4476841071497,132.29568012620624,177.561341472647
2023-04-17,188.65935395749844,120.84622122913711,118.90708788179722,119.71568192625588,132.3117117155154,175.45299606832378
2023-04-18,193.3056365604354,120.66628725961444,117.25761515978999,119.20298696753258,133.3046519797771,174.6753234333221
2023-04-19,195.15013923139617,120.69978288221432,116.89855467503286,121.53344607626249,134.23357764846264,172.91970163857172
2023-04-20,189.37199785539732,119.72057405617026,118.14407030799589,120.96247719382653,133.44879968597456,170.8113068746614
2023-04-21,189.47679488985113,119.57414883449147,118.27873419404027,124.63295206807533,132.1435476702599,170.66699178181383
2023-04-24,188.93883945338968,117.90457842635149,118.90708788179722,123.7590299023016,132.3917827363253,170.58684415222473
2023-04-25,183.34231151189206,115.2474646622494,116.52826787863589,119.51759503561289,131.14259782032477,166.38612117001225
2023-04-26,188.33793093168228,123.59536920392509,116.37116865385634,122.32580252883048,131.13457581668902,167.86920400446928
2023-04-27,190.2244112385896,127.55383778195977,120.7248602134071,127.96550930475877,134.85817631544407,191.24581808610546
2023-04-28,193.87853771038868,128.57067668245284,120.44433205649523,122.87345295178538,135.8751329187638,192.6567495440871
2023-05-01,201.99028805949487,127.85930158476822,120.28725011626015,118.91167957894133,135.80307148362735,194.94952704569113
2023-05-02,197.09945230548462,127.79652354288136,118.17772331609862,120.75273551844101,134.96225125734972,191.79097004607286
2023-05-03,194.24883660786745,127.37393006292504,118.27873419404027,120.77604508792605,134.08942994226516,190.01926936581754
2023-05-04,192.57200384456323,127.79652354288136,117.4708200159519,121.1838736539546,132.76012433360557,187.2054150428648
2023-05-05,200.38330661715267,129.98917429877727,118.45825147301048,123.11815898139848,138.99017875780888,186.61216216524713
2023-05-08,203.6741260079061,129.1522693678069,120.92683011565694,123.31624587204149,138.93409924013247,187.00499043935648
2023-05-09,199.62174674156955,128.46188153522306,120.45554108359056,124.23677828678932,137.5487886215702,187.08515040884237
2023-05-10,201.81561296673132,130.68381471040593,125.39271565342796,128.39664744027235,138.98215675417316,186.85269143329197
2023-05-11,199.67066271925378,129.76322322391167,130.8011619707872,130.7154517642597,139.1342892101195,189.0251919609768
2023-05-12,198.00777348279422,129.28621248247453,131.8559080863235,128.47821315347804,138.3805188994556,187.43789869820876
2023-05-15,202.2907222673378,129.49124191845917,130.73382138549277,129.5735228893838,137.97958015117874,191.48631033445994
2023-05-16,204.1072977785876,130.44526340133348,134.1000901302572,132.1370332429843,137.97958015117874,191.4542512826243
2023-05-17,210.84962801999177,131.67819631847405,135.5924463429404,134.5840135291515,138.47678294308437,194.39639117250675
2023-05-18,221.32994642437103,133.57367842574774,137.82541071750651,137.6718736262178,140.36920588745528,197.8916545956768
2023-05-19,218.4373664594812,133.49818202245834,137.74685246284452,135.45793569492523,140.45742309152374,196.92161530976443
2023-05-22,217.82255451695073,134.68916665988527,140.31643334116035,134.01305353671157,139.68760877358838,199.07011473821126
2023-05-23,214.41294109020333,132.20660551528002,137.52242129504276,133.9897439672265,137.57063181722847,197.8034613533868
2023-05-24,213.36490390229582,131.61530014939154,135.65976964369037,136.04055047210767,137.79517341125523,199.78359523016098
2023-05-25,265.3611176264829,136.67693235748018,138.55474071411612,134.00139875196902,138.71731887253347,202.57338675439183
2023-05-26,272.1105065276895,139.59985856237103,139.82270897035883,139.95572248597358,140.67389301006563,210.06899791585312
2023-05-30,280.2501572991589,138.8953348420364,138.76794557027804,141.76183185123764,142.17343646368224,210.45375589746806
2023-05-31,264.34103433563405,137.71276348599127,137.87028139497681,140.50338179892447,142.13333886346587,212.21742330491927
2023-06-01,277.8676724543889,139.46985302089303,138.82404255938818,143.05522847778644,144.41065654884216,218.54258291685667
2023-06-02,274.772450131003,140.65241125169413,139.89000634429206,144.7797721298448,145.10026324838248,218.54258291685667
2023-06-05,273.682528887866,140.87890046156232,141.3936147954318,146.00326671792638,144.00170821489183,217.5645720576241
2023-06-06,270.07031320864417,139.93113972005955,142.8523266422845,147.52971458934573,143.70503067795494,217.34808090850763
2023-06-07,261.85991541506354,135.61176630870625,137.4551152788373,141.2607827872609,142.59040680126827,211.31957241517262
2023-06-08,269.0920471296555,136.40018658846822,137.05116683206535,144.7797721298448,144.7955761257721,212.10520428359771
2023-06-09,270.9088231710133,137.04177476398843,137.15214314091804,143.8242842508654,145.10832250590505,212.40178136281943
2023-06-12,275.88397515111114,139.1637329558863,138.73428391990308,147.48310434037165,147.3776181876456,217.2919837377436
2023-06-13,286.64487528263885,140.18697697543453,138.94748013379274,147.58797962306238,146.99273586460248,217.50847488686009
2023-06-14,300.44535731691246,141.46597949889394,138.76794557027804,147.3083181292177,147.50592057396815,219.1358111146808
2023-06-15,298.0416162806919,145.97825462080775,140.36130401863068,148.11232936652823,149.15780758888994,225.9339589702134
2023-06-16,298.3141500661716,143.55857652004107,138.610863630043,146.22465428805845,148.28375689553923,225.26859173581067
2023-06-20,306.11231143234846,141.76373878349463,138.12835692860904,146.5625719256238,148.35591767437396,227.93815564570946
2023-06-21,300.78072386957336,139.88083065993987,135.26706479310272,145.4556074049755,147.51396741352843,225.7816599641489
2023-06-22,300.6410479649971,142.45988859817933,138.1844625599914,151.6546193886012,149.9516630818079,228.37908483746907
2023-06-23,294.9391748734171,140.49305766470934,137.2755634307781,150.69914039961776,149.69505830916282,231.46549046061193
2023-06-26,283.91969785192816,137.80084699824357,132.78724255427196,148.36868129088788,148.56441526112926,223.2403569413863
2023-06-27,292.6123037119393,140.3043691574617,132.77603352717662,150.52434529846784,150.80166018221374,230.1186647664048
2023-06-28,287.30868341489673,140.84117851040557,134.8518641078742,150.36121387205642,151.75588124007263,228.70777032811355
2023-06-29,285.2473408537917,140.50564477367223,133.6400187675584,149.03286178127607,152.0285176020269,225.6934790617557
2023-06-30,295.5889458981132,142.8079438176557,134.31327770187463,151.89932541821432,155.5407768006635,230.0625429158473
2023-07-03,296.36462309330125,141.73856456556885,134.53769158513188,151.7361939918029,154.32993855219723,229.29290355364964
2023-07-05,295.6937830385886,141.80567393796431,136.61353945037396,151.92263498769935,153.42382468022814,235.98685332076803
2023-07-06,294.19847012906854,143.1140638826624,134.77333178002894,149.5688663094844,153.80871942123355,234.07893251995313
2023-07-07,296.9934587747196,141.41567043877427,134.06641983761,151.2234901430836,152.90259313130218,232.90849331032598
2023-07-10,294.73647904022545,139.1553327997484,130.66650672701508,148.1356300460173,151.24269653070695,235.77041153123866
2023-07-11,296.3086618244884,139.42374403884233,131.44073332791174,150.05826058871864,150.81772902540976,239.1294301540556
2023-07-12,306.76911437949934,141.40728340788033,133.44926653467613,152.41202926693362,152.17287641358323,247.98784717605474
2023-07-13,321.2683769968705,143.69699534290095,139.74415935796904,156.4903327072109,152.79032233428882,251.25066396357116
2023-07-14,317.7187267113523,144.77889607773085,140.73159945729986,156.93310784747504,152.91059029901334,247.61106076776
2023-07-17,324.6503306373843,144.9844111477422,139.86758829010137,155.62805643618373,155.5568083899727,249.01393427314397
2023-07-18,331.8685321938054,150.7547671542345,138.8689391636752,154.77744383989508,155.3483232211797,250.16036004363636
2023-07-19,328.95469603746494,148.90539402901152,136.92772061538855,157.72547319003905,156.44691550855717,253.33499592875955
2023-07-20,318.075028607291,145.4624719086966,133.75223003032315,151.43324070846512,154.86721410839465,242.5204831489146
2023-07-21,309.6130323715085,144.16248212013642,134.67233818663178,151.47984206744326,153.9129682146112,235.89867241837484
2023-07-24,311.73030946407863,144.7244131900302,136.36669022838154,150.0815701582037,154.56246489597288,233.77426046844346
2023-07-25,319.18612582983536,147.1860133200226,137.12969915991064,150.46609804474318,155.2601060171112,236.06706264984103
2023-07-26,317.59990593801064,141.64630722573557,145.05162072420342,149.3241602798713,155.965756723923,239.3539175562858
2023-07-27,320.7303680857135,138.68983289726899,145.1974504259819,149.44069034730458,154.93937488722938,249.88777172375586
2023-07-28,326.6698025119337,141.89791815255367,148.76568907299617,154.05500720578624,157.0322982506444,260.92679658562463
2023-07-31,326.5230412102072,140.87048718018048,148.9228055823202,155.7678782931101,157.52946378866318,255.41130696104068
2023-08-01,324.9717937692221,141.04664107944106,147.60995800633495,153.4490828591187,156.85586384250746,258.7061334408056
2023-08-02,309.3335468756173,137.33953404858912,144.05295431323276,149.39408898832647,154.42616534193914,251.9721283687378
2023-08-03,311.0525444363022,136.9872787510438,144.13148664107806,150.20974612038353,153.2955098759433,251.0742527991976
2023-08-04,312.2054856080544,137.45693935586027,143.74999945985797,162.63109743711195,145.93424117744138,249.1021892149179
2023-08-07,317.3553394182635,138.4340350176259,147.58748809851085,165.71894864418226,143.41635030872916,253.77592512051916
2023-08-08,312.093643282472,136.73142837042485,147.44162382764335,163.06222668262956,144.1781426230288,250.63334828723157
2023-08-09,297.3498943573969,135.12951859492688,145.4892481058948,160.6269011812049,142.88710917412976,244.67700351026872
2023-08-10,296.18984105114674,135.42305155097068,145.52286654490857,161.4542042080085,142.71067476599282,245.10186615642016
2023-08-11,285.4779504780203,134.61790971039673,145.3770022740411,161.27942688685053,142.75886887761862,241.81501124997538
2023-08-14,305.7279887959818,135.88855145345013,147.36306557298136,163.79632699147692,144.099822534901,245.46263537869385
2023-08-15,307.03461624252435,134.97432571027915,145.6238774228502,160.41715061582335,142.48583514087125,242.06353677113398
2023-08-16,303.8622566709181,134.64652274224147,144.41204936707888,157.38756444246968,141.7792530868881,235.9227598968903
2023-08-17,302.8700871711064,133.16729462208878,145.7809420785408,156.117450715418,139.715623696502,228.5474010295546
2023-08-18,302.55560248702784,132.99921274786695,143.0206348941594,155.23188265489773,140.10909924944593,227.07236380779844
2023-08-21,328.1860507647316,135.26852805376518,144.04172800159293,156.93310784747504,141.19308801317695,232.40342133510157
2023-08-22,319.10917574304926,135.51226383420402,144.83843315258596,156.43206767349426,142.3092020453377,230.55959395816444
2023-08-23,329.2272298229446,137.42017554751297,148.5300661626436,157.9119141859355,145.4327169346608,235.88267991214735
2023-08-24,329.5556981398894,134.46584063381277,145.6238774228502,153.62386018027667,141.6266735842995,229.8781848579471
2023-08-25,321.5548676778687,135.73079914622912,145.73608868561496,155.27848401387584,143.41730649182506,228.8760865201991
2023-08-28,327.263719217208,136.03338852060912,147.0040482995854,155.1386621569495,144.68597519064988,232.6920268410031
2023-08-29,340.88252097361107,138.0127278115782,150.99864480529004,157.20112344657323,147.8416153484027,238.8889255658043
2023-08-30,344.2365340857401,138.17243578015007,152.46855703696585,157.38756444246968,150.67607732963145,236.57208526547836
2023-08-31,344.8724551643087,137.7395652341688,152.79399044043697,160.81332439710937,150.85272284312722,237.20544280763255
2023-09-01,338.96093452912555,138.11776913903387,152.2217164572457,160.9415003592892,152.1294632174369,237.59824640194833
2023-09-05,339.23346831460526,140.17274921097595,152.345145389378,159.95106590607418,152.32216515616642,240.6204845618328
2023-09-06,328.86996538248746,139.89122585316053,150.87525044224668,157.72547319003905,146.87005881519477,239.8349020529948
2023-09-07,323.1397239649589,138.6431070287519,151.77288869073118,160.6269011812049,142.5741889425248,239.43405284597813
2023-09-08,318.4646185011618,140.47532546011197,153.02963063533406,161.069676321469,143.0720002145824,238.80879027611198
2023-09-11,315.7113401179799,142.0176466280067,153.6355230575391,166.74435634162086,144.0195155728077,246.5608615123617
2023-09-12,313.5589034131361,139.42472843213974,151.8626473302163,164.56536498456384,141.56244788336454,241.83110247537712
2023-09-13,317.8566112136303,141.22758569274907,153.39988286264204,168.78350806175953,139.88425962432436,244.5567141964528
2023-09-14,318.52753148038613,142.33704943990645,154.95958830289194,168.63202253009464,141.11279346904593,249.89581733645673
2023-09-15,306.780424277592,138.77338820035317,154.17416131717218,163.58657642609538,140.52657872348564,240.74879480855606
2023-09-18,307.241670263397,138.28586413849968,155.0830518041132,163.10882804160767,142.9034139586092,242.54454594763652
2023-09-19,304.1248976377353,138.11359531145285,154.89226500214198,160.37054925684524,143.78666636201265,244.56471044956652
2023-09-20,295.17304645406955,134.8020306327444,150.06731897961382,157.64389858683734,140.9120571087184,240.23575126001143
2023-09-21,286.6335119098507,134.28094532207118,146.36446830018863,150.69914039961776,139.65941999920278,237.07718192049637
2023-09-22,290.7774799608592,133.22190876222913,146.15126344402674,150.45443437000466,140.349982881839,239.76273833662262
2023-09-25,295.05427915542333,133.4446704028111,147.11622499326117,152.9596885798845,141.38581478783104,241.1656365218002
2023-09-26,292.88093384464946,131.1753419716689,144.2661678116669,146.7956231704944,138.07759512748962,239.66653650132216
2023-09-27,296.7733569281515,131.44847829859037,146.47664499386443,146.7956231704944,136.84906128276805,238.68847628250242
2023-09-28,301.1130423645922,131.80569493835466,148.46276014643811,146.7956231704944,137.0578444826559,243.67488049272717
2023-09-29,303.9781630733565,132.6923970449301,146.83573140543828,148.12398415127075,137.47534879262017,240.66863483907017
2023-10-02,312.9439711525408,135.23487492823773,150.54981703877556,150.85062593128265,139.51489975413676,245.96765799433115
2023-10-03,304.10393555710976,131.70064048565501,148.59737217884904,145.32743144279567,138.4308861544812,241.25386678378052
2023-10-04,307.76572227903534,134.04139649445733,151.75045335199604,147.9841534043484,139.4426147956792,244.97358058949047
2023-10-05,312.2870879933467,134.20949149392314,151.5596665500248,146.77231360100933,140.44634626916604,244.34022304733628
2023-10-06,319.79239518976397,137.52944320352555,154.376131219422,149.10277270973924,142.5179728272633,252.86997925848448
2023-10-09,316.37514825023777,138.60526695039943,155.31865742992133,149.45233624205113,143.72240340719082,255.2188786106461
2023-10-10,320.0439401572704,138.0043276554403,154.9147349099661,150.87391772077572,143.240648560367,258.0087071545673
2023-10-11,327.0880548425782,139.6979041347931,157.70869510245024,153.61221428553014,144.37281901776154,262.80265833460385
2023-10-12,328.05939594850304,139.1683792922501,155.9358366596719,154.1948290627126,145.10352917246328,259.8685517175254
2023-10-13,317.6889947806692,137.72695187471797,154.1292387860684,151.23513603783013,143.61003326647918,252.27677574045396
2023-10-16,322.1194535126759,139.79035835328588,156.08166636145043,154.45118098707226,143.5056354575541,257.45550958189904
2023-10-17,307.0459261406169,139.54660944760312,156.77736927677404,153.19273093475908,142.24497634440274,259.74026615059574
2023-10-18,294.8725988775528,138.72713484061885,154.80252364720135,149.30086849037824,141.19308801317695,254.10456125157648
2023-10-19,294.2087105332517,139.23561991708522,154.5668661677598,149.61546766846254,140.88795384392435,250.7696054274815
2023-10-20,289.2192005974193,137.28148109452985,152.15437587195126,145.8517811862615,138.8163148678648,247.43469896297356
2023-10-23,300.3164030887786,138.3951449197562,153.16425995228946,147.4714495556291,138.91269067315415,251.7316731400737
2023-10-24,305.12417927204496,138.90365624671048,155.75628481161272,149.80190866435902,139.26596928218342,250.56118457085944
2023-10-25,291.9584953477349,143.16491107778467,140.94477838664505,141.44721489316137,137.3870322448534,240.12348287910274
2023-10-26,281.80474690861115,137.79417937430912,137.20825741457264,139.326497459817,134.00657729790356,231.1608924484829
2023-10-27,283.02065453428315,138.60106687233048,137.08481119789585,148.84642078537956,135.07449721843855,237.8787816153554
2023-10-30,287.63982546661515,141.75289733197914,139.65440071848394,154.63762198296874,136.73664147020725,242.63275152982325
2023-10-31,284.97732037899925,142.08907420566678,139.22799964843236,155.08039712323284,137.12208260155316,241.51838481116656
2023-11-01,295.77404855649405,145.43425263417083,141.88733916623332,159.63644894799788,139.69153284967027,250.00008946425166
2023-11-02,304.0271191570624,146.37980833468743,143.05431382907884,160.88325310556453,142.58221094616056,249.21440823623945
2023-11-03,314.50235746537163,148.2624802038508,144.86087713359336,161.5008233469786,141.8434912057854,252.20458734428823
2023-11-06,319.7154985776734,149.8300018401592,146.15126344402674,162.82918432775494,143.91511776388265,253.16663037708688
2023-11-07,321.14116069633945,151.5110043357931,146.95914305302614,166.2899175266182,145.99481599746474,255.58769344562063
2023-11-08,325.466755550523,152.63304206666942,147.93533955617266,165.55581721777085,146.85396513607415,256.35728344823116
2023-11-09,328.0943149246471,151.57821871014028,146.14002849011467,163.83128245570848,146.4685736765774,256.97450040539644
2023-11-10,337.77294069449056,155.3520413560687,148.77690674236374,167.28035197983323,149.86954309722108,263.56427676389416
2023-11-13,339.7645522526984,154.09550925027818,148.215884997629,166.15007788969987,148.58311671232957,263.90090914806524
2023-11-14,347.0042506366998,155.60417729264543,149.93263780902498,169.89047258240782,150.70573142356662,269.60877776345666
2023-11-15,341.6373697749123,155.66734909185124,151.0547504366724,166.86086862906217,151.16404115759747,266.72282142361564
2023-11-16,345.7743593781615,158.40448746841082,153.64675801145117,166.4297393835446,152.53087384828058,267.9093024990574
2023-11-17,344.50257069571984,155.74313425050786,151.8289597530246,169.168018168307,152.51481742304682,268.59068691948113
2023-11-20,352.2664013074028,158.93930178427192,152.88374907992207,170.27500046894727,153.92986906128027,272.5429584199157
2023-11-21,349.0168510128809,157.09907695409288,153.69168054255493,167.67652576111922,153.27860902927424,270.14598282989743
2023-11-22,340.4354457821065,159.1119249929058,155.39721568458333,170.95083574407798,153.8173002331721,273.76147386739956
2023-11-24,333.86656071547003,158.9350492052271,153.37746480845138,170.9857912083096,152.73991782537638,271.14803180805836
2023-11-27,337.12303598305573,159.43197094175986,153.06326635889232,172.13935708793602,152.59518647495153,268.31817263898137
2023-11-28,334.18099192485306,161.1542785801531,153.94970422255372,171.32369995587894,153.08565873129902,271.75730187169705
2023-11-29,336.4101915550488,159.533035320294,151.46994247962866,170.49639692907533,152.2575048265515,266.31397596348523
2023-11-30,326.8364564003763,159.55830141492754,148.7095834416138,170.22838132997717,152.72383656421806,262.2655273075437
2023-12-01,326.80151068688446,157.7054632252977,147.95780946399677,171.32369995587894,153.76102202809912,260.39766181167823
2023-12-04,318.0313932557848,155.44416744346233,145.05162072420342,168.771844387021,152.30572377410186,256.5496624390386
2023-12-05,325.43948345583163,156.86748202432213,146.98159567630577,171.148922634721,155.51380498658176,255.1628307994692
2023-12-06,318.0104311751593,155.30098415704302,145.8931879103945,168.39898017522003,154.62938529472356,254.48939327257207
2023-12-07,325.6491309994347,156.20635036053733,153.64675801145117,171.148922634721,156.1972027049799,261.81660186267044
2023-12-08,332.00898348146603,157.58755915875585,151.46994247962866,171.77813877088158,157.35500383652945,266.7548804754513
2023-12-11,325.86578372814483,156.35372059978167,149.5623682971725,169.99533897510258,155.32081743471971,260.7663779274786
2023-12-12,333.0641996472408,157.65070470747375,148.69834848770174,171.84804969934478,156.55096561453826,267.93331593819215
2023-12-13,336.0764025059044,157.64653087989274,148.7544714036286,173.43276260448079,159.1640525821228,268.35018233122986
2023-12-14,337.9074562909537,154.09243794319028,148.04756810348186,171.77813877088158,159.28466824979128,267.0915622192095
2023-12-15,341.68137944928685,156.11373863911695,148.78817626536477,174.74947769051062,158.85048661647906,268.4945097639742
2023-12-18,349.97706938214736,156.92220116641417,152.37881568202522,179.52692597540369,157.49973518695427,276.27066847873937
2023-12-19,346.67139739472617,157.17910156655037,153.3325768464366,179.20064534258887,158.34394551693555,280.8722406679685
2023-12-20,336.2371474404972,156.0673802774309,155.22888150589174,177.25471412039846,156.64746559945044,280.0064241502639
2023-12-21,342.38029371912296,157.29700563309223,157.5628135470383,179.25891037630552,156.5268623497442,283.86249381539795
2023-12-22,341.2620308873852,157.73490314751226,158.76346714480326,178.7695160970713,155.65852391904434,283.301299989616
2023-12-26,344.4000597044975,157.7686350245035,158.797120152906,178.75787020232474,155.21630786413408,284.4557466930156
2023-12-27,345.3644758373586,157.52017415623715,157.50672520020038,178.67629559912305,155.29670175196338,286.86071853614766
2023-12-28,346.0983090833388,158.02969612697677,157.34964325996535,178.72291473809315,155.642442657886,287.25354681025703
2023-12-29,346.0983090833388,158.34974207583085,156.74369898412684,177.0449813350089,154.79821990994245,283.75822168760305
2024-01-02,336.6354537097301,156.17268410976587,155.03814655755394,174.70285855154052,149.25850484505426,277.6094732400392
2024-01-03,332.44921391195004,156.05895387080508,155.87967917465608,173.0016333589632,148.14091307538163,276.1504285245105
2024-01-04,335.44737966305195,154.9388324255477,153.04084830470163,168.45724520893668,146.25951728151932,278.2748404744419
2024-01-05,343.1280036485785,154.85884718882212,152.30025742736322,169.23794687676218,145.6725698761842,282.146927325597
2024-01-08,365.1846578157579,157.78124838395433,155.78992053517098,173.73573366781054,149.19419221838328,287.52611045034394
2024-01-09,371.38371188850095,158.24445136873982,158.15755743805371,176.38079195462475,148.85651056998324,286.54007865820404
2024-01-10,379.84014675595427,161.18371850236767,159.64990500846469,179.1307344141257,149.7007084820022,296.99379753598174
2024-01-11,383.13884029561615,161.96696743600722,159.42548248293517,180.8203137119565,149.21829548317734,296.3524684205074
2024-01-12,382.35610444062564,163.58398436730943,160.06504519778747,180.16778800631084,149.48360524738382,300.21646029937455
2024-01-16,394.04131468340944,164.34196720631545,159.88552791881725,178.46656281373353,147.642443651323,294.5807800801488
2024-01-17,391.74206320214364,164.00505531896573,158.74103180606812,176.77698351590274,146.87858995528416,295.31026541822285
2024-01-18,399.10820250359166,165.85791975908353,160.9963710234637,178.86273659501953,151.66253541758067,301.531226941746
2024-01-19,415.7694737962963,167.8791942045223,164.2504630745523,181.00675470785293,154.01829737070761,307.3994648556963
2024-01-22,416.90864523396414,166.969627922959,163.81281840831642,180.3542290022073,155.89169599685874,306.0606107348094
2024-01-23,418.43917123045344,167.97604537974348,164.99101938280177,181.79912005041695,156.9288690427775,308.8023630408739
2024-01-24,428.8454539189499,169.51727715238906,166.8536537496097,182.78955450363196,156.38213099931937,313.2115068797084
2024-01-25,430.62755162029333,170.48998898267024,170.41067472725638,183.81496220107053,156.11682123511287,315.19966168938987
2024-01-26,426.5321385927746,170.09417100040346,170.76972656974127,185.4113210009531,154.7097667645906,315.9692763717939
2024-01-29,436.55404517020895,172.53232944467356,172.25089103987364,187.9049115360944,154.15498188157213,321.4847166367908
2024-01-30,438.71354053485527,172.05648684994932,169.9506465759188,185.27149914402673,151.1881568403538,320.7151019543867
2024-01-31,429.99863572683176,167.4202044230497,157.20374442000892,180.84362328144155,148.26152874305015,312.7626061146286
2024-02-01,440.4817615527233,170.03099920119763,158.3931630638618,185.59776199684956,150.23942452182465,316.48231992033857
2024-02-02,462.37756383591903,173.16396868526795,159.7621335557739,200.198086890643,149.4273642961977,380.7840906153172
2024-02-05,484.5459801166377,170.81844821290616,161.22081083353766,198.45024255909559,150.89870655746643,368.29409133041423
2024-02-06,476.79551817882293,170.75110258611932,161.6920912233318,197.09857200883417,152.20121420351626,364.53429753996136
2024-02-07,489.90639054027287,174.35567521111298,163.30786772587507,198.70659448345523,152.2896921847927,376.45508206617507
2024-02-08,486.7056091680227,174.38094130574652,163.72305976883132,197.9025832461447,151.41330691453248,376.78374287702593
2024-02-09,504.12162231263756,177.09282671291652,167.1903048224484,203.2742922029668,152.03317433788357,375.2686009907333
2024-02-12,504.9251865615149,174.86522343234054,165.54082345816894,200.81565713205705,150.66459071451837,375.9019338530939
2024-02-13,504.0865963871025,171.10060158243192,162.8590399593606,196.50431133690515,148.9659376536335,368.8632567295164
2024-02-14,516.4706941623747,172.75434294634954,163.75671277693405,199.23094422692108,148.2494460657474,379.4132268021817
2024-02-15,507.79062811845205,171.51824684541324,160.19970908383186,197.85598188716656,148.01600079276272,388.0311639157232
2024-02-16,507.4762503837645,170.4635678665677,157.675059378892,197.51805535960523,146.7681570166889,379.445310533811
2024-02-20,485.3846772404411,169.92775603216526,158.348275101847,194.68655607689456,146.1643956904207,378.1866904217906
2024-02-21,471.54686986872696,169.67043562422216,159.9528685041117,196.44604630318852,146.77619143828687,375.6025926369934
2024-02-22,548.884755146388,173.6655761338964,161.6808735539642,203.42577773463168,148.42653862588543,390.1281319352148
2024-02-23,550.8346029674311,173.11292461148622,161.53499199855224,203.90352611911936,146.93722757319117,388.4428722319067
2024-02-26,552.7565904721328,171.93170515556957,154.36489626550994,203.6005550557896,145.84234825653672,386.60509140439194
2024-02-27,550.0237661599695,171.90637343471622,155.83482578173025,202.21392904129664,147.0258048981659,390.8664526393836
2024-02-28,542.7696028708425,172.00762156666588,153.02963063533406,201.77115390103245,146.05166542880278,388.4348266192058
2024-02-29,552.896266376709,174.50515861463575,155.36354539193613,205.9659696287511,145.512278819017,393.3382326836851
2024-03-01,575.0297636812836,175.28983819986755,153.88239820634826,207.66721260132041,144.63477593215123,403.1048414289329
2024-03-04,595.7025462043093,175.0451705271072,149.62970888246693,206.92146639772653,140.96377792163298,399.80648573868876
2024-03-05,600.8114651351335,169.8687055595646,148.86669995093783,202.88976431642732,136.95463879811015,393.4104951192315
2024-03-06,619.9337488629108,169.63246429343008,147.44162382764335,202.17897357706502,136.14958230321162,398.12120135558706
2024-03-07,647.6735332409067,172.6066970769819,150.78545723367262,206.03589833720628,136.05299539256345,411.04173963916037
2024-03-08,611.7424950103095,171.3748010541146,151.94118830033383,204.32300946989042,137.44571953460954,406.03406144688626
2024-03-11,599.4836349718358,170.65762459859724,154.47709024373023,200.37288199179292,139.07192620352717,388.0897537456368
2024-03-12,642.3897520558847,175.19700334929976,155.40843335395093,204.3696108288686,139.45831110000668,401.05844230644766
2024-03-13,635.2259610021077,175.12108693820346,156.85592753143604,205.7329272738765,137.76774213256894,397.70394008585237
2024-03-14,614.6500746272797,179.39049254578018,160.57003044931778,208.28478284273447,139.27318411827065,394.7025316717333
2024-03-15,613.9021775363901,175.67795166392654,158.41559840259697,203.2393367387352,138.96725519943186,388.4990434420513
2024-03-18,618.2213821644644,176.0576518466037,165.70912306777157,203.30924766719835,139.85280492585795,398.8354839408275
2024-03-19,624.812191856245,177.7831226687926,164.9797844288897,204.96387150079758,141.7527283194486,398.2416140683708
2024-03-20,631.6195740646924,179.39467949860517,166.8985417116245,207.5856379981187,143.8377911127376,405.6889885733173
2024-03-21,639.0489739308855,181.14126883833453,165.61939899737544,207.5856379981187,137.96095320775214,407.48661537670836
2024-03-22,658.995837462861,180.87550889852164,169.17640269047763,208.42460469966082,138.6935508927211,408.9471902394378
2024-03-25,663.9791443340184,178.39483778904741,168.39095842021337,209.40341103812128,137.5423064452577,403.6827187951621
2024-03-26,646.9186309649101,177.88434455025433,169.0641741431684,207.76043309926862,136.6245817785527,397.96075801764744
2024-03-27,630.7669200453706,177.7915622006624,169.2885793841534,209.54323289504765,139.52272307037595,396.3316201648968
2024-03-28,631.5078119511533,177.4920178828824,169.35591996944783,210.18411270594677,138.04949327884,389.6867585071711
2024-04-01,631.5566878228159,179.11625369836563,174.47261181825544,210.871593875824,136.8821675702183,394.31730477404074
2024-04-02,625.1895627822001,177.79577540397534,173.4290747298145,210.54533102300118,135.92417145182495,399.14844840297366
2024-04-03,621.7788397555216,177.37814326623794,173.8329972497697,212.54952727890824,136.57626348730406,406.6680359838794
2024-04-04,600.3991752330344,176.29389311273823,168.90707491838884,209.74131978569065,135.90806535474206,410.02261224385535
2024-04-05,615.097283505523,179.51701989760736,171.11757802740308,215.64904216071707,136.5199107744574,423.1999684592238
2024-04-08,608.9818638565001,179.1247063554794,173.75447356419667,215.78886401764345,135.61019569342585,416.7075045267369
2024-04-09,596.5481950385242,179.8376827329278,175.71813609349073,216.34816922534088,136.59234474846238,414.82167214115907
2024-04-10,608.3248202732195,178.56358905071147,175.20193317259282,216.67443207816368,135.07082150160235,417.17296543329604
2024-04-11,633.3248821033362,180.5337537961487,178.87119998209323,220.2866508086918,140.91544721242204,419.84539219924784
2024-04-12,616.3412653463186,177.98983213600482,176.9860611383722,216.88418264354522,142.13110363025467,410.8090091858808
2024-04-15,601.0701222371379,174.50515861463575,173.7657085181087,213.95944508289432,139.02362033024082,401.44364452434667
2024-04-16,610.9527807075598,174.9016853600766,173.2495228817553,213.6098904405784,136.3588994754777,401.0664879191485
2024-04-17,587.3296388111853,173.74574512403748,174.4501419104313,211.2328121928784,135.24792647970264,396.5804418435781
2024-04-18,591.774615923013,170.5521501380907,175.05608618626982,208.83244215568536,134.47506976100763,402.7035726654257
2024-04-19,532.5698929309594,168.3794760035102,172.9016714240935,203.48404276834833,132.83279424889395,386.0674174218735
2024-04-22,555.7598363193046,169.15574230736016,175.35903239737237,206.513628941702,133.50902680305396,386.59707047148464
2024-04-23,576.0631086966098,171.9443578907523,177.58077046029865,209.20530636748632,134.36237675327658,398.12927164808144
2024-04-24,556.8709870165445,172.5729389495027,178.55700153253414,205.7678827381081,136.06910148964633,396.0426691418854
2024-04-25,577.523983902245,168.34574412651895,175.0448512323578,202.36541457296147,136.76948698044953,354.2155030935813
2024-04-26,613.1892528963399,171.41698558821963,192.9420809606335,209.29852686543455,136.29449992307073,355.74829103227
2024-04-29,613.3430461205212,169.69998054838845,186.43400056572315,210.85994798107745,139.67567511183304,347.18543921795657
2024-04-30,603.872731026894,164.24930298391922,182.65257434709144,203.91517201386588,137.12369693665013,345.21924942454433
2024-05-01,580.3824737487707,166.61604697577317,183.86444561422402,208.5760902313257,136.29449992307073,352.4579562749331
2024-05-02,599.7841627603958,167.83947721628277,186.96136930235517,215.24120470469254,139.29732463695157,354.45618044038747
2024-05-03,620.5557665206562,171.5604576300062,187.65707221767877,216.97740314149345,147.6295538064718,362.7060924723483
2024-05-06,643.9762927958824,174.4629478300428,188.6220683360022,219.8788133526673,146.28514795567435,373.7166368524477
2024-05-07,632.8916301206115,172.69107927043595,192.15663669036925,219.94872428113047,146.84060340865614,375.7711062674274
2024-05-08,631.8990862979315,173.19731993018422,190.05832755957528,219.06315622061024,147.11434496925375,379.27008399952837
2024-05-09,620.2621904425077,173.94828076366872,190.7091425128841,220.81100055215765,148.5875747607897,381.53317170947855
2024-05-10,628.166926876763,174.96920161503502,189.2392129966638,218.4572318739427,147.56378827821354,382.159149993358
2024-05-13,631.8082862650177,174.53887736638305,189.789017072031,217.39688649226449,150.1675866100093,375.58652609138517
2024-05-14,638.4969546495145,175.73700213652722,191.135517656119,217.97950126944698,151.09464958435217,378.6681931941644
2024-05-15,661.3791511654108,178.80958237311236,193.5704260061182,216.7210512171338,152.94072869347764,386.4445740270716
2024-05-16,659.4850239770508,177.926279704724,195.44432989592718,213.97110875763286,153.03743978374865,379.775649570624
2024-05-17,646.3455426535227,177.59663920253118,197.55382212699973,215.2178951352075,153.06162997427867,378.7163681511953
2024-05-20,662.4274156207741,179.76475887745565,198.51883552986763,213.86622458494608,154.004823881629,376.25263371959477
2024-05-21,666.6629858251283,181.32852669398994,199.56237261830861,213.41178576994344,155.06087223022007,372.8740193406904
2024-05-22,663.6155698794955,181.95402332040845,197.91292582311812,213.38849398045036,153.89196944038827,375.4019212355495
2024-05-23,725.4624241001897,180.46635566838597,194.73742659578045,210.96481437377227,150.65127865894948,373.79689554110786
2024-05-24,744.1232212060322,181.80190174284866,196.35322038286822,210.61524195146438,153.15030664295165,383.7802669132014
2024-05-28,796.0662409768971,181.86948362402686,197.93537844639772,212.2465562155785,153.15839073639884,385.14454122145605
2024-05-29,802.5240591010355,181.38346896522938,197.374322132574,212.0950884639056,153.40021813392548,380.6824839052269
2024-05-30,772.296257566753,175.2552269315306,193.12165009323715,208.94897222311863,154.20635499154272,374.8160969757936
2024-05-31,766.2367724491952,175.4496249199032,193.55926019038407,205.59310541695015,154.98025481906967,374.63953773265877
2024-06-03,803.7472392852919,174.76917289700123,194.3110341680011,207.8070344582468,156.4151751969582,383.1943932938584
2024-06-04,813.7906426903065,175.84687355376218,195.00671979878024,208.9722640126117,156.6731583634169,382.7931492101448
2024-06-05,855.7462470623175,179.20264405414636,196.82451805720683,211.2328121928784,157.8984635379445,397.2946257096443
2024-06-06,845.6679246811588,179.41818681054733,198.30561338916127,215.56746755751539,156.77792871121048,396.2514108358238
2024-06-07,844.899118984339,179.13502279723625,195.75851106094174,214.7518104254583,158.72073132856923,395.6093413265426
2024-06-10,851.2033043083827,180.83403312759077,196.60102889707926,217.96783759470847,155.68159649296877,403.34561749491337
2024-06-11,845.1222688885492,182.86692341393896,198.4096663469314,218.16592448535147,166.9917151081027,407.2538849234288
2024-06-12,875.1079904764241,186.40862612033803,199.7240176782864,217.76975070406544,171.76408702955015,408.3533203669811
2024-06-13,905.9324626627978,186.62839520529587,196.76953592121566,214.20415111250742,172.70725610097594,404.54942378543484
2024-06-14,921.7990465060736,187.04681485767117,198.6006432788919,214.00606422186442,171.29652591361744,404.99926238266994
2024-06-17,915.5081763812029,189.4981116711507,199.10616435130112,214.47214893161362,174.6661772333798,406.9834190657946
2024-06-18,947.6609065284382,188.6401407236157,196.69089124383126,213.01561198865744,172.7475648065511,401.24776100285357
2024-06-20,914.1104547909217,188.36966882121922,198.0501823908345,216.8492271793136,169.03125365165704,403.0231019526591
2024-06-21,884.6838646189155,190.09402399767106,201.79100721448245,220.32160627292342,167.26582920756886,397.46417589140793
2024-06-24,825.5511720416646,189.20226867216894,201.33044324226597,216.23165693789957,167.78981754412195,400.78185586001024
2024-06-25,881.3288622249204,190.58854381455814,206.7338338303648,217.12887089316632,168.5395395990811,410.17259134932516
2024-06-26,883.4956034108031,191.099890194209,206.56534409077292,225.60009473179727,171.90917850088124,412.19695141616046
2024-06-27,866.6505930644524,191.39153311512177,208.28410190932857,230.54067444310178,172.59440165973515,417.37025570302217
2024-06-28,863.5052114767124,188.89795989082947,204.62190447852055,225.18061138102618,169.78902254617648,405.04746201949445
2024-07-01,868.8172807756398,193.03136172043597,205.56553689986657,229.78326456476935,174.73065129356053,405.4169678886887
2024-07-02,857.4240691074879,194.10910175292884,208.0931076928236,233.0459108729896,177.5682674372095,409.2889807004632
2024-07-03,896.6361542282408,194.73882470790426,208.74466588154505,230.237703379772,178.60015043119512,409.6584618898638
2024-07-05,879.51152469926,197.60851492327114,214.11438617699665,233.0459108729896,182.46151580353342,433.71780544067286
2024-07-08,896.0770762870674,197.05062642851874,212.35070582733724,232.21859006619403,183.65463361981986,425.21068060022
2024-07-09,918.3044751568931,194.21898629540777,212.29451377323247,232.27685509991068,184.3479036182341,425.75694315089765
2024-07-10,942.9780204964497,197.0548921328075,214.76592708117366,232.80120484337647,187.81430328215436,429.52446171673506
2024-07-11,890.4853878055102,192.17340389814495,208.46382660283257,227.27802813488148,183.45306525601927,411.8596526775632
2024-07-12,903.3463194403178,191.68736298885955,207.90216532995203,226.62550242923584,185.84732289222785,400.7496980890004
2024-07-15,897.754791382847,191.86066871017965,209.5422611865788,224.56304113961215,188.9590282994184,398.57276753837135
2024-07-16,883.2160911775643,189.98412632994817,206.6103011909656,224.91261356192004,189.29759162314068,393.4556344616544
2024-07-17,824.7124214431658,187.44832919581893,203.35249296281378,218.98158161740855,184.5091384405349,371.12343222382646
2024-07-18,846.380421523645,186.11700944991313,199.6116854237103,214.1109306145592,180.72028154997528,382.25744961111127
2024-07-19,824.2930194065685,184.73918696463772,199.57798056197413,213.38849398045036,180.82506431573114,383.01252789510795
2024-07-22,863.5052114767124,187.2031890142758,204.08266125983067,212.71265870531968,180.5429282126293,391.53571928116895
2024-07-23,856.8648842169235,188.01043089388426,204.2174807067754,217.21044549636807,181.38937377582175,392.57194977341175
2024-07-24,798.5711026622578,181.2693449689496,193.92743827235446,210.70846244941256,176.17365576489618,370.54508594151963
2024-07-25,784.8013685778812,176.83167373373553,187.91737745754895,209.5665424645327,175.3272102017037,364.2310569164782
2024-07-26,790.2532742054713,179.73518770280143,187.6027987480113,212.654393671603,175.70606981303888,374.10378877403804
2024-07-29,779.9783788437527,180.35224479735018,190.4449828195949,213.4700508036601,175.93180353144496,374.11178502715177
2024-07-30,725.0395462083867,178.74198736669018,191.2987010405555,211.7338701468512,176.38325855029478,372.08747431990355
2024-07-31,817.9323648041052,176.81051584046318,192.702932003207,217.8746170967602,179.02739042359036,381.43808046488834
2024-08-01,763.3429893036572,176.28645109940982,191.8267093053333,214.48381260635213,176.02855187560283,399.84195060203575
2024-08-02,749.782982974927,172.64329025715764,187.2208967377237,195.642035065878,177.23775095304757,392.1302061484646
2024-08-05,702.1134469675069,167.00530233605718,178.8967292542903,187.62526782224168,168.70074958545737,382.1610750172558
2024-08-06,728.674167785012,168.89028424815845,177.81827738599958,188.68561320391987,167.05622642217023,396.90989240782295
2024-08-07,691.3493650915985,168.39159060369036,178.54848025210546,189.66441954238033,169.14412051086006,392.7567273878024
2024-08-08,733.7067783253958,170.19201969416605,182.01970075095295,193.19506366970677,171.957546463979,409.39340090701944
2024-08-09,732.1691134570608,171.59937397836381,183.86200849345232,194.52342465048312,174.319554652135,415.9324109301623
2024-08-12,762.0149987162731,171.93328018484544,182.31177498357752,194.36029322407174,175.5624188253328,414.47042931919987
2024-08-13,811.7814379572881,174.9762761215324,184.41246938150974,198.35702206114735,178.5808777537297,424.58406064170794
2024-08-14,825.3416047101047,176.18079288548776,180.15490581608503,198.20555430947445,178.94405347869966,423.15421212196185
2024-08-15,858.752166644263,178.26391348049182,181.1996355380951,206.93311229247306,181.36529534695228,431.64519637742586
2024-08-16,870.7744546299627,177.18001770857916,183.0644477575075,206.315542051059,182.43869158885468,423.6843340876507
2024-08-19,908.6584956886361,178.47563679089888,187.23213169163577,207.66721260132041,182.30954478109678,425.17854750900364
2024-08-20,889.4368559766696,179.86012690010875,187.80504520297282,208.43626837439933,182.8099389893095,423.13007528385924
2024-08-21,898.1738190965757,179.58070358132784,186.31096917811385,209.86949574787047,182.72116297693825,429.90201319863024
2024-08-22,864.9029865416892,175.94365910276358,184.00808017885356,205.23188709989574,181.2119086768152,427.3073277823953
2024-08-23,904.2549614658002,176.4687213623583,186.05259980722548,206.2922324815739,183.07626702642332,424.150288590081
2024-08-26,883.9150054474004,175.07147351601398,186.65921818029872,204.49778679104838,183.350666739022,418.6234956200462
2024-08-27,896.775937082208,175.21965752038415,184.99663513130332,201.72453476206238,184.03668464746212,417.0007498338278
2024-08-28,877.9739133056205,173.84785952208887,182.94086326447487,199.0212114415315,182.79379563833976,415.137178622042
2024-08-29,821.9164435156484,174.91482372928607,181.73886147224044,200.5593052076974,185.4571505172516,416.2939205462428
2024-08-30,834.3581870126409,176.61689224148455,183.53621211454708,207.9934754541432,184.8195378257961,418.776115463427
2024-09-03,754.8854849422945,173.35669976765692,176.77358223307846,205.37170895682212,179.79149247887486,411.1044263148052
2024-09-04,742.3740104424048,173.12807114302237,175.75128784980353,201.96924079167547,178.24191705521434,411.89171172939893
2024-09-05,749.3636878877207,172.91216087979035,176.63874550158926,207.28268471478094,179.47673438885187,415.20144480447465
2024-09-06,718.7488365076024,170.07962823008972,169.53903243366992,199.70869261140876,178.21770202875976,401.874356281572
2024-09-09,744.1913479680652,171.78168361704422,167.2780757393183,204.38125672361508,178.29034710812357,405.5053955890175
2024-09-10,755.5843992121305,175.37210722904314,167.2218318315801,209.2169700422248,177.6446875771078,405.5053955890175
2024-09-11,817.1635591072854,179.11494117396907,170.0339753648573,215.00816234981795,179.7027040485413,411.1606715643306
2024-09-12,832.8217520623017,180.79162546433832,174.0047364837239,217.8979266662453,179.79149247887486,422.222253757514
2024-09-13,832.5421863543672,182.31164684273568,177.1206213171497,217.30366599431625,179.5735572407834,421.4351657812688
2024-09-16,816.3248085087866,182.62915961950443,177.79554821000823,215.43929159533553,174.58587027128652,428.80050465241874
2024-09-17,808.0062848809589,184.2423177290808,179.21284628828667,217.75810480931895,174.96518934722621,431.2448901258675
2024-09-18,792.4879282546053,182.40475732342676,179.76403312721226,217.23373728586114,178.11277024745647,432.55553524271437
2024-09-19,823.9442039679963,185.7411549637179,182.38495774490622,221.24212979767526,184.7146184624551,449.56183803009344
2024-09-20,810.8723681342418,184.29312554847112,184.0160137847699,223.25798972832084,184.1738907127426,451.3710643364582
2024-09-23,812.6897591345976,183.54795294757542,182.05876382147795,225.91471168987357,182.77765228737002,453.83154103530876
2024-09-24,844.9150544435901,181.71039254192138,182.55368946812087,226.0079321878218,183.50402857323448,452.96310845948665
2024-09-25,863.3693857502102,182.9551775543628,181.6538387979429,224.3416446794841,182.69694795048363,456.9674543243348
2024-09-26,867.0741661272963,182.61645438334585,183.04863239930825,222.7452858796015,183.62507886958298,456.58955732532985
2024-09-27,848.6198348206763,181.2234722412903,184.42095609284945,219.02820075637862,183.84297685378758,456.2035653540369
2024-09-30,848.8995074780016,182.18883393495076,186.5581900178126,217.1172249984198,188.04783548087502,460.28831798630654
2024-10-01,817.8626872759035,178.1199689299225,187.84054765733492,215.71895308918027,182.5678259786503,463.5287255212696
2024-10-02,830.7946333062997,176.61266591292767,186.5694768253581,215.2878060636707,183.0278493914764,460.5857588583029
2024-10-03,858.7558029235552,176.3628662697768,186.5694768253581,212.02517753544242,182.1320051743165,468.5944999475863
2024-10-04,873.2256277210682,176.15962186697146,187.91929604198623,217.32695778380932,183.04398032448384,479.1841057687105
2024-10-07,892.7983288088171,173.3990549299335,183.32983465345484,210.673506985181,178.91985087020734,470.2106315491303
2024-10-08,928.9380253011511,175.58801749227513,184.9046467855803,212.91074559596268,182.21270951120292,476.73177340173504
2024-10-09,927.2604171547625,176.75239726018407,182.06998149084555,215.76555444815838,185.25535863012988,474.81800348984626
2024-10-10,942.3593182698236,176.06648513579245,182.31747888325594,217.49008921022076,184.85182452773557,469.4468412980066
2024-10-11,942.2895872669263,176.26970328810987,183.62230643060244,220.01865298958566,183.64931873196213,474.3677453361206
2024-10-14,965.1477736445552,177.4637067316489,185.55708648607026,218.52714280240585,186.67581208195708,474.74569169471266
2024-10-15,919.9208013022693,177.2943123330305,186.11950827890792,218.70193790355583,188.73385338931516,471.4088355265135
2024-10-16,948.7206680433281,176.18503233928863,185.78204483247862,217.76975070406544,187.0632152513439,463.7860370489359
2024-10-17,957.1787606263412,176.4390714362403,183.2735907457166,218.51549690765935,187.36180515447262,463.8986262671609
2024-10-18,964.6585871303653,177.04876526892443,183.8247775846422,220.21673988022866,189.6619718904522,463.5287255212696
2024-10-21,1004.5730623761601,177.3112570229899,184.55594838523896,220.3099603781769,190.85644326462764,462.47544129167625
2024-10-22,1003.734044404184,181.00757510330223,185.75957492465452,221.04404290703226,190.3560738923395,467.9833295398434
2024-10-23,975.5633609300639,179.7754559512875,183.10487630704645,215.22955880994604,186.2399912776233,453.2526517975435
2024-10-24,981.505148242885,179.8305032244787,183.03736287630724,217.17549003213645,186.08666669729763,456.54133300871183
2024-10-25,989.4040024606381,181.2785063892375,185.9057848864116,218.86506932996724,186.76460051229063,460.9396177383795
2024-10-28,982.2739004650092,180.61801786240702,187.53680635718632,219.51759503561289,188.37065282842065,464.88754559514734
2024-10-29,987.3769906540269,182.88743817025698,190.86641458310845,222.36075799306207,188.58858806651207,477.0454042183073
2024-10-30,974.0252147894697,183.13301148485098,196.2432388263414,224.5746870343587,185.7073103674711,475.8552952132122
2024-10-31,928.0293832756687,172.04840169966658,192.47496614605905,217.19878182162952,182.32568813206652,456.3805194738688
2024-11-01,946.4836076328979,173.75047021186506,192.67742001555436,230.63387716105802,179.90448351770075,456.0427518191939
2024-11-04,951.0273525072646,172.9417845554204,190.37150622101004,228.12864073117018,179.17813206776086,450.83225508343594
2024-11-05,978.0099351973588,174.211980040179,190.93391072930322,232.46329609580712,180.34029190407225,460.28027237360567
2024-11-06,1017.8544655414744,177.90403241620254,198.5491871899747,241.30738414623903,179.75113410145053,459.9747365293213
2024-11-07,1040.7127588684941,180.12687123321905,203.3186152556328,244.75647145035575,183.59280458560576,475.7748884457906
2024-11-08,1031.974886678765,178.90325723929394,200.61894225328754,242.5774800932987,183.3746458241932,473.87725911889066
2024-11-11,1015.4078912741797,176.9852522133755,202.86866399372707,241.01607675764777,181.168892855462,468.9160776576852
2024-11-12,1036.588362556029,179.1107148454122,204.297248879551,243.42811046957937,181.168892855462,470.24291271910795
2024-11-13,1022.4682622669114,180.02950817348318,201.21513804603927,249.47565470153216,181.8879797974655,466.3671979382994
2024-11-14,1025.8933165119765,180.74505709874882,197.5030747044062,246.42274117870144,184.3926579543071,464.0835272805194
2024-11-15,992.4796530454807,175.7108172748161,194.02727380127146,236.0871607210818,181.79105760183566,445.525408433616
2024-11-18,979.6875433437473,176.03263513160553,197.18811573489,235.02679755941162,184.2310878470246,445.78267060169526
2024-11-19,1027.6407626106534,176.89210235695256,200.36024447605402,238.4176198298117,184.44115009702776,451.1620264849971
2024-11-20,1019.8117463451883,175.91828800617833,197.95300868176741,236.4017776791581,185.02288195820339,454.72411044923336
2024-11-21,1025.2639193462558,175.15887451558007,188.5604489349307,231.15824468451584,184.63505657809887,452.7702111930144
2024-11-22,992.2701391886164,176.91102895875076,185.33205900148397,229.69004406682112,185.7258007133126,449.59411920007113
2024-11-25,950.8176247516184,177.6704161988611,188.5829361272993,234.73549017082038,188.1496751895695,454.39438840725927
2024-11-26,957.1089226740529,181.57348312211755,190.23651392862052,242.2046158814978,189.91912305343786,461.1726937087689
2024-11-27,946.064472969778,179.45224681863775,190.36020212892006,239.73433491584154,189.81405467454942,457.68306961842757
2024-11-29,966.4058193302601,179.6516455249612,190.04526044394834,242.23957134572936,191.75319399303427,461.80000470150065
2024-12-02,969.0624422013741,182.8420117008925,192.9024129310517,245.5255272234347,193.57918083918352,476.6834997255298
2024-12-03,980.4564025152625,182.935332185487,192.73366392329257,248.70659892845325,196.05154745816108,493.42444537254175
2024-12-04,1014.5689802515944,185.57414935950123,196.1420032493215,254.20648384745513,196.3424009707866,493.529038337653
2024-12-05,1014.0795798386227,187.78022723997384,194.1960055244861,256.9913817711877,196.3666408331658,489.62918671874183
2024-12-06,995.7639618920604,188.18326410642157,196.52447564957697,264.5420643050748,196.205058307921,501.56191626503903
2024-12-09,970.3874382058118,189.22266530129127,197.49296324588533,263.44674567917303,199.36418791307574,493.360129830522
2024-12-10,944.2419483986567,188.0814253384935,208.52923131914517,262.2232510910914,200.18829356211856,497.98364235622677
2024-12-11,973.8827582007289,190.48268872197661,220.04974319055924,268.3057507872758,199.15411324511035,508.7262135378416
2024-12-12,960.1108851285334,190.7244950915525,216.17577552078114,266.8026124853415,200.34181682984075,507.20643185035954
2024-12-13,938.5094610439182,189.75297765847222,213.76584333755565,265.04312225904755,200.47917191066867,498.8116987897832
2024-12-16,922.7803071680089,191.58572109959093,221.46868330056327,271.4169115638312,202.83031438182576,502.3446112380304
2024-12-17,911.5251671635692,192.80331060653592,220.0722649520168,269.342804379461,204.80175282021236,498.4818780286348
2024-12-18,901.1789900327847,185.56141787285472,212.16667728225772,256.9564263069561,200.41454883494058,480.57668780017957
2024-12-19,913.5523928689622,185.4086794088285,212.29055561254654,260.18409937095277,201.820386345159,479.27305174470405
2024-12-20,941.655270429222,185.22626476819636,215.55641843842608,262.08342923416507,205.6177992117326,470.9681531326895
2024-12-23,976.3994912684846,184.65353162251904,219.18261216308207,262.2465606605765,206.24799837970426,482.71721565530623
2024-12-24,980.2443218730155,186.38444942095362,220.84929164911924,266.8958329832897,208.61530903775568,489.07458239784063
2024-12-26,978.2170961676223,185.86686855041918,220.27497808967928,264.56537387455984,209.27783216155373,485.53377241565386
2024-12-27,957.803986765815,182.65109190217072,217.0766805481724,260.7201127891571,206.50655277242805,482.6850825640899
2024-12-30,961.1596308561559,180.23288382872818,215.36495753922017,257.86530393696137,203.76756008524185,475.78846233224914
2024-12-31,938.7891337012437,178.82012194401665,213.18024297057022,255.63971122092627,202.3293862012348,471.1773884224991
2025-01-02,966.8920112615035,177.58132204282347,213.32662577777208,256.6068538846482,197.02110469944122,482.22628520179217
2025-01-03,1009.9549696273757,179.60498528266393,215.98434919066415,261.23281663787645,196.62519522588957,486.56385763929995
2025-01-06,1044.62935251435,181.5141176436617,221.70518772268431,265.21789958020554,197.9502538914479,507.1408329590746
2025-01-07,979.6850835077555,179.18921692956968,220.15111704393496,258.8091370311983,195.69603361592064,497.2346106216525
2025-01-08,979.4755696508911,180.11831357415355,218.4168204198917,258.83244660068334,196.09193067151,491.4646229658683
2025-01-10,950.1143255567534,177.73829996065052,216.26587985115586,255.11536147746043,191.36536861292976,495.600857647506
2025-01-13,931.3789312507257,176.99163108194273,215.1059313556415,254.55605626976302,189.38587091702058,489.5413760132521
2025-01-14,921.1025920722294,176.3467878459191,213.58563467680622,253.74038135771397,188.4809615873931,478.2107840702545
2025-01-15,952.4212239194719,180.86076924954844,220.21866504376314,260.25402807940793,192.18949909789714,496.6149010053376
2025-01-16,933.7560953632961,180.12680560699923,217.2456369704653,257.1195577333675,184.42500674605802,491.93136722169265
2025-01-17,962.6976700473591,182.01472757374876,220.72541331883048,263.27196835801504,185.81467606938213,493.1143684462422
2025-01-21,984.5089288370117,181.7898658941323,223.03404078685816,268.83011831073367,179.88426707510172,496.0837918479063
2025-01-22,1028.1312325175345,189.29904109592636,223.39442353926802,273.84059117050936,180.84574022293472,501.74908781940513
2025-01-23,1029.179657396984,189.51541074269718,222.95522326402892,274.318339554997,180.70837272414454,512.1703280888566
2025-01-24,997.0221145271564,188.3911548455907,225.4664947315412,273.6541679546048,179.99736987558816,521.0545108153334
2025-01-27,827.845878173815,184.36081243160106,216.00687095212172,274.318339554997,185.71774145579002,531.0251967735365
2025-01-28,901.7382283980446,189.72327523137835,219.93715166781595,277.49941126001556,192.50458005493957,542.6535257460532
2025-01-29,864.7570540977424,187.6571912030415,220.0609954290158,276.24097898769435,193.393333615635,544.3917236065495
2025-01-30,871.3982904273545,176.05828185831405,226.2097819978185,273.4094619249917,191.96324382507512,552.8494395002933
2025-01-31,839.3805838861892,176.0879842854079,229.75714091510082,276.9517519470647,190.6785932087903,554.6037779457787
2025-02-03,815.5420993911438,174.3316035136803,226.61517370405454,276.64879866372695,184.22300375357744,561.2670260497073
2025-02-04,829.453701842611,174.94675744785405,232.4148643279929,282.0554630847806,188.0931237893263,566.6827105891308
2025-02-05,872.6567104359278,175.3370628276553,215.46629682350692,275.1922617207708,187.82649772111765,567.2299603315508
2025-02-06,899.5711128892932,176.4104190286637,215.77036653000064,278.29177660257955,188.43248186263472,572.9596705642437
2025-02-07,907.6802296096474,173.8352199121501,208.72065764926217,267.01234527073103,183.91598205405762,574.9956054542591
2025-02-10,933.7560953632961,174.8831131398655,209.99323223660883,271.6616175934443,184.13435192082903,577.313284867566
2025-02-11,928.3729047193892,174.552199489008,208.69815317234912,271.2188246731882,188.15435676135073,579.2445774328831
2025-02-12,916.7683610547268,173.53400868838648,206.77243021818884,266.7559933463714,191.59194675277115,583.7350165117074
2025-02-13,945.7799875898602,174.17038614205242,209.62159724574238,268.4339267494556,195.36118326292143,586.2940643060404
2025-02-14,970.6672178125281,173.27523137836326,208.5967620344289,266.46468595778015,197.8443535090864,592.8203889152928
2025-02-18,974.5119414676677,173.78857279509683,206.9526215943938,264.0992713848187,197.73921062242428,576.4843399614415
2025-02-19,973.32362678486,175.96496137371952,208.64185741097745,264.0759795953256,198.06272337585781,566.3447948556944
2025-02-20,979.4755696508911,176.8959218029465,207.8422743833285,259.70636876645705,198.83921855750216,559.1585325666226
2025-02-21,939.7679345271872,173.52915234811928,202.32416627351532,252.36541901795948,198.61276459728364,550.07311080345
2025-02-24,910.7564149414449,171.73947283245127,201.86242695227418,247.85598633216455,199.86648206951799,537.6641599606012
2025-02-25,885.239894502447,169.14638400841275,197.549259007257,247.96085272485934,199.8179402549482,529.1098967144469
2025-02-26,917.7469479818884,169.92433034349025,194.5199006034985,249.7669620901234,194.41484761111315,542.1465040671375
2025-02-27,839.9398757261446,166.86360220220593,189.7562974293302,243.23002357893637,191.93977387635758,529.7054201330722
2025-02-28,873.2858402281712,168.7595436930184,191.76085519086413,247.35492837819183,195.61192675736828,537.7204792495072
2025-03-03,797.3661038744623,165.14621653029974,188.07831385120306,238.8953682142994,192.53022314705686,527.1383267260385
2025-03-04,810.8583042893324,165.1972081031056,192.48158612659495,237.47378673557483,190.83163217598337,515.0271622722958
2025-03-05,820.0161667373089,170.4726636606358,194.8465093559943,242.78723065868024,190.67794747475148,528.2810011679095
2025-03-06,772.968381014157,168.7170441530582,194.09200442034938,233.8615680050467,190.34632579194624,505.3140346396945
2025-03-07,787.7888393898885,167.19518524050565,195.79244062175619,232.17198870721592,193.3714283301653,503.4872363203143
2025-03-10,747.8715299852336,161.605156960855,187.00966231963255,226.68374968296052,183.996860242416,481.22048489501
2025-03-11,760.3150381471767,161.72842925217873,184.94642352958869,229.0724738254071,178.62611639033182,487.43303060892885
2025-03-12,809.1850810679725,162.9271971592772,188.40770541536014,231.75250535644483,175.50396747686005,498.5784747406323
2025-03-13,808.0663904386709,161.01427160277342,183.50328505731252,225.92635758462006,169.59936300820667,475.30567621061016
2025-03-14,850.6440124684273,165.17594520788154,186.58123031560453,230.65718673054306,172.68107903648038,489.3889042486326
2025-03-17,835.6824343713419,165.2354944397529,185.22826531188105,228.082039372192,173.093578907644,487.21421955921767
2025-03-18,807.0176981857439,163.03348538490957,181.1469349619753,224.67957120704543,172.03399143980187,469.05946725827425
2025-03-19,821.6297121985205,164.86139873624901,184.77731154639548,227.84897923732547,174.09655288543152,470.42870220503465
2025-03-20,828.6910457357706,164.44480349278493,183.54841500295004,227.1614980674482,173.17448193192698,471.9912786545515
2025-03-21,822.8881322070938,166.3237477926621,184.8900586300391,228.6296986851429,176.5473743398456,480.24706447737975
2025-03-24,848.8263540945942,167.09741529820684,189.0503447791299,236.8445528194222,178.53712927260173,498.4500904545284
2025-03-25,843.792460161519,167.98162360842883,192.2974020206151,239.69937945160993,180.9798542156064,504.45878107363393
2025-03-26,795.3420331761022,165.77536197454071,186.0964161274825,234.36262595901943,179.18420445131792,492.11128291675175
2025-03-27,779.0519832193731,166.03465116907861,182.91701059309236,234.63062377812562,181.0607696578516,485.3455643099582
2025-03-28,766.7471884174879,161.0270162146639,173.99892887677856,224.56304113961215,176.24808903082896,464.53284760208965
2025-03-31,757.7283067030464,159.57742489538524,174.34842236616598,221.6965686126779,179.66953567127965,464.22676880234695
2025-04-01,770.1031533560017,162.4681023758529,177.08816094261607,223.922161328713,180.5268966233201,471.9912786545515
2025-04-02,771.9907031568184,162.4468526058728,177.0542832354351,228.39663855027635,181.09309361367792,470.3240105207492
2025-04-03,711.7248817824881,158.6082043799989,169.92881619624043,207.88860906144845,164.34994264764117,428.1910618302251
2025-04-04,659.359304967993,152.96717140229842,164.15629687622476,199.25425379640612,152.3708932401705,406.53269199599123
2025-04-07,682.6405831362067,152.12547575728064,165.45287969585425,204.2181252972037,146.77365817398086,415.81138122253947
2025-04-08,673.2721908121516,150.722636557007,163.1416076925211,198.8580800151201,139.46167636778577,411.1398418185652
2025-04-09,799.3271813815549,165.99640420816323,178.93715780382925,222.67537495113837,160.83953372538497,471.80603212408306
2025-04-10,752.0652295030322,162.1110169885283,172.2964703836676,211.16290126441527,154.02092997871188,440.0070065933919
2025-04-11,775.5564493256741,165.1292062141205,177.16704760362322,215.4159820258505,160.27333673502713,437.81618131898813
2025-04-14,774.0183031850798,164.8571461572042,179.3430161927662,212.2116007513469,163.8080227735494,428.0783245332388
2025-04-15,784.4354412367574,163.9729509722262,176.23127965001564,209.26357140120297,163.5006409531233,420.0561576362582
2025-04-16,730.5317182816682,157.9705669029123,172.87147532488677,203.13447034604044,157.1349947987365,404.5834819005489
2025-04-17,709.5574989002595,156.3424460152153,170.42491719190795,201.13027409013338,159.32698866525655,403.914980332364
2025-04-21,677.5369047255388,152.66109071302364,166.49012521010445,194.96621757073927,156.2371885435357,390.36737785399447
2025-04-22,691.3798456680182,155.93435592984085,170.77444525038433,201.79444569052555,161.5594154169747,402.94844557713725
2025-04-23,718.0869802017293,159.1523376190755,175.1489214746724,210.44046463030642,165.49042072180399,419.0493701377336
2025-04-24,744.0950400415178,164.6403565026265,179.5797798830545,217.36191324804093,168.53976312240223,429.4235213610709
2025-04-25,776.1156876909339,166.57454495435434,182.601325672708,220.21673988022866,169.27581300088627,440.79636511064473
2025-04-28,760.1753087679049,166.28122200221395,181.07926597033574,218.71358379830235,169.9714548300968,442.7858032695914
2025-04-29,762.2027483720799,167.50549225833734,180.5719645898451,218.35236548124794,170.83688745762217,446.5714368039026
2025-04-30,761.5036202034619,168.024123148389,179.03861807992735,214.89163228238465,171.88033157449453,442.18978625509493
2025-05-01,780.3105636520329,180.8365662996761,181.85722603284012,221.6266576842147,172.54358735806733,460.8842362816287
2025-05-02,800.5157099631444,185.03653936667547,184.93515400658765,221.37030575985506,166.09705059735987,480.8673170491531
2025-05-05,795.7615956367856,185.41487452398022,185.13810912787287,217.14053456790487,160.87189493509814,482.6796036499194
2025-05-06,793.8039939848989,184.19909630070248,184.03321190652758,215.5791134522619,160.56451311467205,473.0463891888683
2025-05-07,818.4136905380603,184.21609349163776,170.67296768974174,219.8904770274058,158.736526976595,480.6981617440864
2025-05-08,820.5810199455935,186.26506220184368,173.94254669268452,223.81729493601824,159.7395133723448,481.6647211791068
2025-05-09,815.5472329619092,186.5031278768894,172.21756643811602,224.95921492089815,160.58069371952865,477.2186070095179
2025-05-12,859.9425668401943,190.9794135798499,178.65528145244792,243.1134935115031,170.7207546743383,515.0262244401405
2025-05-13,908.3929403509156,190.9284088818001,179.86165623443583,246.29456521652165,172.45397934222302,528.396650680536
2025-05-14,946.216555003704,192.54375890711867,186.4459269014144,244.9895138052303,171.96802722414708,531.0787519255638
2025-05-15,942.650862309544,192.97815198139995,184.8562154919471,239.07014553545736,171.25531069679545,518.6104708589944
2025-05-16,946.6359035656059,193.46365475568277,187.37042533202097,239.5595398146916,171.101427308167,515.7592143089
2025-05-19,947.8246460459774,195.42271554472518,187.76504876704593,240.22372919507578,169.09284674458775,515.8316248232079
2025-05-20,939.5049459748494,195.12458875329347,184.8787718224936,237.7884036936511,167.53781983548436,513.1495729377672
2025-05-21,921.4669686471846,192.7396794237913,190.04249491683152,234.35096228428088,163.67455451491654,511.8607941180154
2025-05-22,928.6680850384018,193.71493755140173,192.64687822545804,236.65812960351772,163.0833229125933,512.7227112283374
2025-05-23,917.9012759530243,191.7218167542689,189.94101735618892,234.199494532608,158.15097038303577,505.06289306041845
2025-05-27,947.3351386836148,196.19780057661822,194.93562846733363,240.06059776866434,162.15193848737545,517.3539732092203
2025-05-28,942.5109725061859,194.77961796614895,194.32679767256695,238.5457957919915,162.32201489882277,518.3688556800329
2025-05-29,973.1334707677569,195.34177216519012,193.7630622543488,239.6877157768714,161.94132984703182,519.552844096325
2025-05-30,944.748353764789,196.05724233899198,193.62775884015866,238.88370453956088,162.67027665108915,521.5180466979948
2025-06-02,960.4790049321717,196.74291820899222,190.57238719695764,240.79468029751973,163.3586788082879,540.3736064168944
2025-06-03,987.3259757945455,197.16880612518386,187.35915580901997,239.69937945160993,164.63025331028723,537.1115300231847
2025-06-04,992.2199799242625,197.55210262470752,189.46750726015685,241.4705155726504,164.2657861172397,554.1064801055259
2025-06-05,978.726603066092,199.17468465945112,189.6478887663511,242.26288091521445,162.49209131027013,551.424280141324
2025-06-06,990.8218305364175,200.32456103277818,195.81501423684716,248.85808446011808,165.1566879854104,561.9676360293149
2025-06-09,997.1838220062675,201.33389229372304,198.77252078920193,252.83150372770868,163.15620393324053,559.0277296607497
2025-06-10,1006.4824298527301,200.55452843229725,201.6058378894672,253.565604036556,164.14428877424902,565.7451745913381
2025-06-11,998.6513815488371,201.27853001467665,200.19484866992406,248.4269374346085,160.9937523989951,559.0921932815309
2025-06-12,1013.8238638448694,203.94026386465458,198.33228344129404,248.47355657357863,161.33391763985202,558.4639444566438
2025-06-13,992.6384728910366,202.2750772879991,197.16958670320736,247.14519559280225,159.1066691784065,550.0148171310592
2025-06-16,1011.6563205385544,204.05524100179213,199.54009284047376,251.80611381026208,160.70220348048164,565.9547553982575
2025-06-17,1007.6709584343197,203.58678791942046,198.614470914476,250.3146214030743,158.45064064888322,562.0130962090541
2025-06-18,1017.1800426821651,204.52370720940775,195.64571212366468,247.6345898720365,159.21194866265375,560.8362155733075
2025-06-20,1005.7831947347211,203.31421597798948,188.10522588695858,244.33698809958466,162.79174915815528,550.018815257616
2025-06-23,1008.0204690439333,206.9767759308226,186.46846594741643,242.9154066208601,163.19669890825003,563.0610496032384
2025-06-24,1034.100398874438,208.72713221557007,188.25200623868346,247.92589726062775,162.22481950802268,574.0798863939742
2025-06-25,1078.918289796353,209.64702806413413,192.66563195621893,247.01701963062246,163.24530281263122,571.2425986070353
2025-06-26,1083.8826666253128,211.85310594460677,195.89402188966568,252.9946351541201,162.79174915815528,585.2762202600004
2025-06-27,1102.9704591745099,211.20999524078653,201.5267956675598,260.1957630456913,162.85654608535535,591.3539155819024
2025-06-30,1104.6484951184623,211.8360431274516,198.9305360948389,255.63971122092627,166.16906236064716,594.948971750336
2025-07-01,1071.856528461539,209.55334007270858,198.49029874693102,256.8865153784929,168.31534570799832,579.7384694616245
2025-07-02,1099.4744974832468,209.14448872318414,201.65095055056028,256.2572814623403,172.05711368557544,575.1842577962389
2025-07-03,1114.0875275152375,212.44504132220555,202.65559741392104,260.3239390078711,172.95611206515557,579.5692154373836
2025-07-07,1106.3964759640935,211.9680699565003,199.5626491710203,260.3938499363343,170.04043661058674,579.0371684477971
2025-07-08,1118.7021798358019,211.49960374888468,196.81964381566343,255.6047557566947,170.08904051496793,580.9073044846702
2025-07-09,1138.8389320114031,214.43390954029357,199.3707734427468,259.31017720517906,171.00421949940463,590.6687551530638
2025-07-10,1147.3690015345232,213.56937597077587,200.49957518910807,258.98391435235624,172.03282415134714,586.2031439465619
2025-07-11,1153.1023444843893,214.35299241124645,203.4006477037353,262.19995930159837,171.0204249401858,578.3601523508336
2025-07-14,1147.159380728268,214.2252050359986,204.94711318291343,262.98066096942387,168.9632404722253,581.1087903193016
2025-07-15,1193.515417790777,215.41765970074968,205.4438018530933,263.74971674250276,169.36011854683514,572.6209650774134
2025-07-16,1198.1999080636297,215.33251624314568,206.53872589227356,260.06758708351146,170.21052543999636,566.5914940721295
2025-07-17,1209.5966490616827,217.9218381221661,207.2273075752714,260.871598320822,170.09712460841507,565.3824309855795
2025-07-18,1205.47139715409,217.2191519359866,208.89792793745002,263.49336481814316,171.03661796300463,567.695865474394
2025-07-21,1198.2699599147,217.22339138978745,214.58715303761608,267.18714037188096,172.0895121491755,574.7005832020317
2025-07-22,1167.8551573703471,215.18343972218585,215.98687273415825,265.0547681537941,173.64453905827887,568.1231220605209
2025-07-23,1194.0747631054278,215.43896197170565,214.73391610479652,266.01024714277753,173.4420517652692,575.1923034089397
2025-07-24,1214.770753646289,217.57264100646472,216.923798752246,270.6012544317741,173.12620089456516,576.1756451035814
2025-07-25,1213.0927177023366,218.77786653359422,218.06390459069723,269.6807309070223,173.22337144944072,574.4668161974226
2025-07-28,1235.8163617461546,218.26255633026577,217.3866097152449,271.25378013741977,173.36108665117484,578.4568477820054
2025-07-29,1227.1464024196766,218.29236375931137,220.96495982078,269.17967295304953,171.10953623753872,564.2459264920988
2025-07-30,1253.4359530564363,218.57770656312076,221.8454345165958,268.2241939640661,169.31151464245394,560.3848715086654
2025-07-31,1243.6473031006567,227.2060056916308,216.61903766397307,272.79189168357766,168.1128584149887,623.4433729232185
2025-08-01,1214.6310777417127,223.2069801097428,213.49221171389138,250.23304679987257,163.9094278535639,604.5572596198905
2025-08-04,1258.5398988405818,228.1173701316173,220.16349277778272,246.62082806934444,164.69505023748732,625.8051304478254
2025-08-05,1246.3739778228407,224.7571764240168,219.74582904496583,249.06781724550763,164.34677606725867,615.3988461332718
2025-08-06,1254.484698784059,223.56044292973297,221.34872856187147,259.04217938607286,172.7131422150987,622.27458725976
2025-08-07,1263.923945079616,221.81436547451824,221.83413042450582,259.9976761550483,178.20432788337942,614.0849432836749
2025-08-08,1277.418070583523,222.32540997355787,227.36530564994598,259.484972306329,185.75267318369606,620.1063193166708
2025-08-11,1272.943201116926,222.21043283642038,226.89122516394607,257.86530393696137,184.20399185332002,617.3413926844527
2025-08-12,1280.6343596174606,225.3917294687715,229.53264925139342,258.0633908276044,186.20673597462562,636.791834147345
2025-08-13,1269.6571810800913,221.70366716691348,227.97489696466977,261.66394588339404,189.1905860421359,628.7956797527776
2025-08-14,1272.6635284596005,222.51281220689688,229.08110781139555,269.14471748881795,188.74463218057804,630.448041291269
2025-08-15,1261.686349922231,221.5290226707089,230.16476232757478,269.2029825225346,187.77973167515455,632.9468210297262
2025-08-18,1272.5936905073124,220.22156461833237,229.71325545666588,269.73899594073896,187.21216870894543,618.5505544901769
2025-08-19,1228.0553652933318,217.09989596931632,227.5346423322174,265.68398428995465,186.9445864576409,605.7421365087507
2025-08-20,1226.3773293493794,215.37510765981364,224.99481679722405,260.79002371762033,183.25530920664,602.7113591402941
2025-08-21,1223.4406060233762,215.09779750531112,225.4802186598584,258.62269603530183,182.35529255415258,595.7630594207369
2025-08-22,1244.4863210726328,216.37329558863178,232.63686701729517,266.6511269536766,184.67426008503077,608.4102196310358
2025-08-25,1257.2115874050248,215.10635516437665,235.3460119500155,265.602427466745,184.1877739945766,607.2092021571867
2025-08-26,1270.91565456336,214.15934256177985,233.82212008592836,266.4996592020037,185.93105721191165,607.8540358033467
2025-08-27,1269.7270190323793,216.16426295323765,234.2059061115643,266.97738980649945,186.88783637000114,602.4373147125937
2025-08-28,1259.7286413209533,217.40134344747136,238.90177115591516,269.86717190291876,188.56626057032472,605.4439058833605
2025-08-29,1217.8471528768684,216.14293443179372,240.33536855963828,266.8375679495731,188.22569795467467,595.4406425976568
2025-09-02,1194.0747631054278,215.4731926079676,238.5744364525512,262.5728235133993,186.26351089818996,592.5468380834634
2025-09-03,1192.9560724761266,215.57131693185346,260.3717853664034,263.3302333917317,193.35824045421924,594.1105991630712
2025-09-04,1200.2276685159777,216.68895770600133,262.22302921839895,274.6212928383348,194.42042327617884,603.4609831899139
2025-09-05,1167.7853194180589,211.15623424150397,265.2708302311177,270.7177844992074,194.34746774775792,606.5240910879353
2025-09-08,1176.80468240476,212.521285864401,264.4234381534368,274.80773383423127,192.8798632931368,606.4031600994867
2025-09-09,1193.934766352679,212.6108787797093,270.73915885282827,277.6042954327023,190.01764716620238,617.2044198301894
2025-09-10,1239.8716687520684,213.4469568203099,270.2194471694009,268.38732539047754,183.88776844374743,606.1452068971879
2025-09-11,1238.822709125664,213.7199750200357,271.57522955387464,267.94453247022136,186.5148504548265,605.2746024995325
2025-09-12,1243.3679512915041,217.5122517589796,272.06106353012103,265.84711571636615,189.79060956175644,609.0551519963701
2025-09-15,1242.8783369797507,219.84137880162845,284.274409082475,269.66906723228374,191.92307171708504,616.3983284129023
2025-09-16,1222.8104602119188,217.14540119014464,283.76601877568214,272.7219807551145,193.09877955024874,627.9251247147093
2025-09-17,1190.7158035839677,217.56342708520094,281.924367845873,269.8904636924118,193.77987994562423,625.2811784305268
2025-09-18,1232.320079206719,216.8937246371067,284.74893896663144,269.4360248774092,192.8798632931368,628.9326526070407
2025-09-19,1235.32664048501,220.9376779290885,287.78814956074353,269.7273322660004,199.05837075589753,627.4253095355133
2025-09-22,1283.853215436781,219.4532128365936,285.3138497338742,265.2412091496906,207.63692262529133,617.1854163891476
2025-09-23,1247.633093002455,217.2264495716314,284.33091225838047,257.17782276708414,206.29907345858007,609.3129077603205
2025-09-24,1237.4243458390372,217.61888124095506,279.2241244535599,256.5952079899017,204.58010461139787,613.5556604309672
2025-09-25,1242.458774519067,216.28796837761223,277.6988498259144,254.19482017271662,208.2774907917705,604.0779780289372
2025-09-26,1245.9548431597207,218.17770162802904,278.54620733450633,256.0941500359289,207.13421867609375,599.9158789236476
2025-09-29,1271.546762919336,219.51715902519337,275.73297487492687,258.8790479596615,206.29907345858007,599.6335914448977
2025-09-30,1304.6202203732307,220.94620933766603,274.65965651634673,255.8494617863078,206.46125204601452,592.3579883031352
2025-10-01,1309.235086592577,221.69697329249107,276.6933041662407,257.08460226913587,207.126109746722,578.6133176731817
2025-10-02,1320.772359090334,220.00344931411414,277.585895327737,259.15870945350616,208.48829811951072,586.4454995193302
2025-10-03,1311.8921372612547,220.6902408298514,277.2017290421225,255.77953307785265,209.20993074378256,573.144522218015
2025-10-06,1297.3483034852065,225.47646604381256,282.94121759763675,257.3992014472202,208.13153006307954,577.2582489279251
2025-10-07,1293.8519139963798,223.51846839953134,277.66497211873343,258.42460914465886,207.9612798001602,575.1771993752805
2025-10-08,1322.31071912971,223.88957154741115,276.37696243316606,262.433001656473,209.242391297194,579.0166842191416
2025-10-09,1346.5039547545255,222.84446087141646,272.885812854533,265.3693851118704,205.98283763104521,591.6562430530237
2025-10-10,1280.7065504563498,217.96442953883405,267.2819042659206,252.12071298834636,198.87189021627248,568.9017695473683
2025-10-13,1316.7868900367084,219.28255841455453,275.8459639421932,256.4320765634902,200.8097629026043,577.2904807383158
2025-10-14,1258.8207479412074,219.07776523296127,277.3147181093889,252.14402255783145,200.89894870773097,571.6039107847674
2025-10-15,1257.4221707557988,219.01807162340629,283.61911743214586,251.188543568848,202.17195127539304,578.7827197761839
2025-10-16,1271.2669833126197,218.2416871923607,284.1049514083922,249.90678394704977,200.63947538579816,574.3625193898341
2025-10-17,1281.1261129170334,219.08207031298193,286.1838327111906,248.24049643871206,204.5638867526544,578.2745628267644
2025-10-20,1277.0705920123376,220.45136138967982,289.8557440559964,252.2488889505262,212.6316257434789,590.5753668142293
2025-10-21,1266.7220619949524,220.82249078804753,282.97512987390667,258.71591653325004,213.0613617462933,591.4626547523318
2025-10-22,1260.5688357362299,222.05103987370367,284.3648072501059,253.961777817842,209.5586022888043,591.5755401280795
2025-10-23,1273.7143062256512,222.0595712822812,285.9352809615669,257.6205979073483,210.47479954614832,592.0514652671085
2025-10-24,1302.3826252158456,223.3606242156026,293.66323536770403,261.2561262073615,213.10191881111425,595.568286489954
2025-10-27,1338.952365209176,226.7348619342462,304.22703041760064,264.47215337661163,217.95875771202026,605.6185894621847
2025-10-28,1405.658625431616,231.23527183561526,302.19340005225115,267.12887533816433,218.11281495212066,606.1187501584906
2025-10-29,1447.682249616269,231.0134027116229,310.215157145461,268.3523699262459,218.68041517221664,606.3042434868945
2025-10-30,1418.664206117679,224.2777900134219,318.02220562713904,259.683059196972,220.05880898578653,537.5811371350621
2025-10-31,1415.8674795444251,220.88646322713524,317.69452523288544,284.57236318940693,219.22367618623517,522.9653191519949
2025-11-03,1446.5635589869673,220.55373829261052,320.55297406082485,295.9683068086968,218.15337201694155,514.3830690199426
2025-11-04,1389.2967589588666,219.40198500939636,313.5707094726477,290.515041028665,218.9560939349306,506.00235408210887
2025-11-05,1364.963526581302,216.34342253336632,321.2196043723329,291.5404309461116,219.03720806457244,512.9633885751435
2025-11-06,1315.1086401939742,212.05204526739138,321.7167078715803,283.1973830696605,218.73716525985643,499.24295350246683
2025-11-07,1315.597933657555,211.93261867254955,315.02814226320885,284.79375964953505,217.68310378523083,501.47726457312507
2025-11-10,1391.8139198241859,215.8485877106241,327.7612859217126,289.44301419225627,218.67323759001627,509.5837376449097
2025-11-11,1350.6294205609001,216.9918358357486,329.1283205446429,290.25868910430535,223.39685659153508,505.80881514100395
2025-11-12,1355.1043969768884,218.041225341276,323.9311345721915,284.5490536199219,221.9522005312156,491.2333239406152
2025-11-13,1306.5780359238995,214.69256872312116,314.7344087143142,276.83523965962337,221.5301636650175,491.9431641630148
2025-11-14,1329.7224188717014,217.63169147906538,312.29403844825924,273.4677269587084,221.0918841041514,491.59631434430946
2025-11-17,1304.7601101765888,216.48419077489604,322.02171094347597,271.34700063536803,217.07440010997345,485.5870314101583
2025-11-18,1268.1205322309702,210.64007089731783,321.185692096063,259.32184087991754,217.05813257938092,482.1025407168777
2025-11-19,1304.200657912547,207.79479363572668,330.82307013091577,259.484972306329,217.96717709044907,476.15777076309496
2025-11-20,1263.0858896521584,204.46980183244156,327.02690019584253,253.01794472360513,216.0923379806729,475.214064816912
2025-11-21,1250.7796510334954,201.7730629568077,338.5623631982319,257.1545131975991,220.3451671960651,479.3277915268222
2025-11-24,1276.4414087453988,202.57652476615408,359.93850504764873,263.6681421393011,223.9406639958941,494.49204388240054
2025-11-25,1243.3679512915041,203.85437226814452,365.42952827626164,267.6182696173986,224.79285907562425,513.1811137139382
2025-11-26,1260.4288389834808,207.49135112048896,361.4864397131077,267.0240089454696,225.26357435397725,511.07592732319074
2025-11-28,1237.6341805440743,210.27358783531386,361.74629555482136,271.75483809139257,226.3186789374347,522.6427048905664
2025-12-01,1258.0515679215193,208.02130909608283,355.769542057229,272.52389386447146,229.76804115710075,516.9318993797413
2025-12-02,1268.8197673489792,209.4145537430177,356.8089999931726,273.15311000063207,232.27592314821175,521.9570508658566
2025-12-03,1255.7441348118464,204.17063814673656,361.1248816116731,270.77604953292405,230.62021140090633,515.9074905086142
2025-12-04,1282.3162457394872,205.49977910214406,358.8538998815231,266.96574391175295,227.82015959316772,533.5965351050628
2025-12-05,1275.5334084162619,206.49128628178377,362.97778477993876,267.45513819098716,226.26185434202122,543.1870535232533
2025-12-08,1297.4904392257747,209.85048247084293,354.67947497504764,264.37893287866336,225.53955114778606,537.8472840288233
2025-12-09,1293.4345974729063,210.2778535396027,358.4781684536149,265.57911789725995,224.96328319001555,529.9103117792151
2025-12-10,1285.113400110305,204.5253609901474,362.0168332450237,270.0769046883083,226.26185434202122,524.4010908221956
2025-12-11,1265.18412975314,206.62378561961518,353.2210742499955,268.32906035676086,225.65315066676388,526.4821403748404
2025-12-12,1223.8574947492862,204.5125507520371,349.67110536649676,263.5632757466063,225.8560601704912,519.6421355894284
2025-12-15,1232.7380374265383,202.9269819052762,348.4613946674242,259.31017720517906,222.47159422172348,522.7137826960219
2025-12-16,1242.7376985306557,203.59795750203506,346.595977488955,259.33348677466415,222.87741322917807,530.4958645612417
2025-12-17,1195.3273543721946,203.48256035709062,335.4599603095005,257.8303484727298,220.6292653372079,524.32023981849
2025-12-18,1217.7039476423909,206.84175654614978,341.9494079654613,264.2274473469985,220.91331380650158,536.3888563081337
2025-12-19,1265.6039061126055,207.67086508220473,347.26302262953055,264.9149462968677,222.11455297012202,531.8035974624484
2025-12-22,1284.484002944584,207.24348088820102,350.2250404479947,266.1733785691889,219.9231551657916,534.0074536678524
2025-12-23,1323.083642378081,208.06832371996714,355.39173648398315,270.49638803907936,221.05130220340595,536.7844240393282
2025-12-24,1318.8879108218546,208.56834301407577,355.0977955205547,270.77604953292405,222.22812765317522,538.891387375212
2025-12-26,1332.3139095637289,208.43586992673227,354.44208904115806,270.9391809593355,221.89537593580212,535.4524555808448
2025-12-29,1316.160808302107,208.17516320584608,354.4986095016079,270.41483121586964,222.18757058835433,531.7390351224929
2025-12-30,1311.4057314312295,208.33757497467485,354.8264627413063,270.95082685408204,221.6356418366613,537.5997950589942
2025-12-31,1304.1333867456415,206.68788931114256,353.86547663730227,268.95829427291346,220.64548319595136,532.869172229235
2026-01-02,1320.5662676139798,202.1235069706858,356.29616755844836,263.92449406366075,219.95564055512764,525.0548091940376
2026-01-05,1315.461573184098,202.08505000586698,357.86767834257813,271.5683970954961,216.9120973429162,531.8197380474371
2026-01-06,1309.3080260772026,204.5039930929716,355.3804323918932,280.7387479987508,212.93514557763453,533.2970211304073
2026-01-07,1322.3843003106813,206.62378561961518,364.0179340976617,281.4728483075981,211.28758001358773,523.6663240082995
2026-01-08,1293.923997885878,204.33304991556528,367.9296684971287,286.9843791213466,210.24059677746428,521.5432200874269
2026-01-09,1292.6654174532182,204.8330823349179,371.46833328853756,288.2544928483983,210.5084273880145,527.1941030594862
2026-01-12,1293.22486971726,203.93557815255892,375.187863553386,287.1941296867281,211.22263407084026,518.2414585856714
2026-01-13,1299.3084719224762,201.15336768822192,379.83443307687963,282.68469700093317,211.87194448276765,509.4584630127945
2026-01-14,1280.637995896753,196.32829175212294,379.68747987970994,275.75156692846815,210.98726401370146,496.889290950148
2026-01-15,1307.9792868440818,195.165815144589,376.22797830201995,277.5343667242472,209.5669471594594,501.15163937688214
2026-01-16,1302.2453021978702,196.53342619005932,373.0850258719383,278.629685350149,207.39182930368386,500.7076498907209
2026-01-20,1245.185235342469,194.25122189458696,364.0405422818416,269.168027058303,200.22527425380156,487.68644272921244
2026-01-21,1281.8967902281945,189.80222357383067,371.253520969739,269.5292453753574,200.99630553204076,494.82270375652985
2026-01-22,1292.52552764986,192.80669691947898,373.69555055206405,273.05988950268386,201.56443972451495,522.8106262059549
2026-01-23,1312.3148012542756,199.13614894316848,370.7447331184231,278.67630448911905,201.31282697270817,531.7955518497474
2026-01-26,1303.9236589899954,200.98669021510437,376.7706438605168,277.8140282180919,207.2944476434495,542.7743086557404
2026-01-27,1318.2586206055248,205.3886607867324,378.2290445855689,285.1083588276193,209.6156504075389,543.2667692564552
2026-01-28,1339.2365297409212,205.8373997526679,379.8796840143285,283.1624276054289,208.13038761054935,539.8439286874897
2026-01-29,1346.1593638168954,185.26777991485918,382.4121463333734,281.6709351982411,209.62377175487293,596.0136580445545
2026-01-30,1336.5095341705644,183.8958900398561,382.129474892946,278.83943591553043,210.59773737276402,578.4071426777737
2026-02-02,1297.9098947370674,180.9384444433361,388.56240208845696,283.10418035170426,219.1440273761429,570.2617742513369
2026-02-03,1261.0584500479836,175.74154347093926,384.06275119304405,278.04707057296645,218.71386916261085,558.3868941411466
2026-02-04,1218.0536721507863,177.0151383938849,376.52195383453727,271.4868402722864,224.40323309098852,540.0539043711061
2026-02-05,1201.9005708891646,168.24537538591497,374.49824479771945,259.484972306329,223.93251781263555,541.0387762129486
2026-02-06,1296.5114245010493,171.4378678513687,365.01279790884666,245.07108840843205,225.72619312092078,533.9751724978746
2026-02-09,1328.887464976581,176.7629893320642,366.66340276851736,243.20671400945133,223.09410667104112,546.6976554381215
2026-02-10,1318.3984034594919,176.6219323351673,360.1739896816455,241.1559163945661,222.33045166239881,541.4503858099578
2026-02-11,1328.9575168276513,172.8182891349493,351.5591307291459,237.80004958839763,223.8089839238302,539.8116968770992
2026-02-12,1307.210213773785,171.7370315370737,349.34325212679835,232.5798261632404,212.622635138785,524.5704929251979
2026-02-13,1278.330348888298,171.51479490625033,345.6350259540399,231.63597528901155,207.788980573464,516.4655006410268
2026-02-17,1293.4345974729063,169.60869447660858,341.4519242062354,234.3859177485125,214.36922153408773,516.0780278821202
2026-02-18,1314.4824515099817,170.77970249272008,342.9329676845564,238.62735261520123,214.7510490384089,519.2505659847907
2026-02-19,1313.9231061953308,170.68118441151526,342.39030212605945,238.70892721840292,211.68835732835487,520.5099264906179
2026-02-20,1327.349211886596,170.15431086825325,356.10399799291866,244.82638237881892,214.9378648630156,529.293020782669
2026-02-23,1339.4463644459584,164.68853927322374,352.15835131718165,239.18667560289063,216.23765297532515,514.4312439769735
2026-02-24,1348.5369557270296,166.62896221583517,351.49130617660603,243.02027301355486,221.07944130594242,516.0861228544082
2026-02-25,1367.4869974606872,171.59785145006384,353.7524011473135,245.44395262023295,222.77729961724114,527.7026548856027
2026-02-26,1292.8751452088643,172.07760536748978,347.5117126555101,242.27452680996095,221.73744429146893,530.3828311067326
2026-02-27,1239.0316882355737,168.2310032437728,352.463630941789,244.69820641663907,214.61291162595705,523.2546156921162
2026-03-02,1276.0229157786248,170.71972012779787,346.5394224594161,242.82218612291183,215.05158856161626,527.5977164033816
2026-03-03,1259.0305826462447,173.02426358849945,343.2156045558948,243.21835990419785,214.26361918282112,528.824795739231
2026-03-04,1279.938760778744,173.56827870038035,342.70681670457884,252.64508051180417,213.2643705937189,539.0367019996987
2026-03-05,1282.0364661327708,175.9156367068973,340.16308486253297,255.11536147746043,211.45278858381954,533.2566943477289
2026-03-06,1243.4371475474466,175.17887738738344,337.49497343840835,248.43860110934705,209.15375188240785,520.5744888305733
2026-03-09,1277.2115513096055,175.37163472026037,346.6023382013236,248.76486396216987,211.119713999427,522.6168898265016
2026-03-10,1292.0360202874974,173.8081556590933,347.37170784522135,249.74365252063834,211.89146551947874,528.0094740791521
2026-03-11,1300.9172046610952,173.43119865240496,349.24977731025007,247.7860576237094,211.87519798888616,528.6471999447666
2026-03-12,1280.7074060514774,172.13756148192405,343.4232610732786,244.1505471036882,207.7727254608337,515.182003297097
2026-03-13,1260.4973935430776,169.43466686687037,341.98643145973773,241.9832194213697,203.1909444245274,495.42809909257954
2026-03-16,1281.2668583155191,171.31942564982427,345.69728488325717,246.72571224203122,205.3843663567102,506.95366140470844
2026-03-17,1272.245677189172,171.08811947542074,351.761359899563,250.75739654333842,206.52979919782445,503.0835242572446
2026-03-18,1261.546353169482,167.8240681798673,348.10706150558235,244.54672088497423,203.04472291862842,497.4439939902235
2026-03-19,1248.6791649953038,166.63753300014463,347.47351381220915,243.25331536842944,202.2486073565747,490.1885295600068
2026-03-20,1207.6997946638537,163.57480982177756,340.5382977541068,239.30318789033197,201.4605883059304,479.65272568884546
2026-03-23,1228.259424731258,164.0588688192242,341.7375340192244,244.8613378430505,204.30390429426794,488.0555043621227
2026-03-24,1225.1824907537236,159.6639596288496,328.5911860403796,241.48217924738896,204.42574934020263,479.0548330100383
2026-03-25,1249.5182899166712,158.9357710936452,329.1455359509451,246.6907567777996,205.22187732021865,480.646531615957
2026-03-26,1197.4900849559172,156.7640157261423,317.82070240759015,241.83173388970482,205.44122820601052,442.3896432233513
2026-03-27,1171.4758220514539,152.8231874759972,310.3763182381933,232.27685509991068,202.1186161273815,424.75997821021025
2026-03-30,1155.042192537379,153.76127491269744,309.42601398267794,234.15287539363788,200.35576220148616,433.3728806458653
2026-03-31,1219.5880750626975,158.56310604173356,325.33287656043785,242.68236426598548,206.17234815346762,462.2573706357718
2026-04-01,1229.028711700337,158.22041904703903,336.45413273890637,245.36239579702323,207.66712310956703,467.99389249148743
2026-04-02,1240.497215739715,159.97237661155026,334.6212796422376,244.4302085975329,207.90271669002692,464.1399452885996
2026-04-06,1242.2455174335194,159.7239419937718,339.395651087617,247.94918905012082,210.29106337618813,462.9764904605502
2026-04-07,1245.4623412144115,159.47121542121664,345.5841402550905,249.0911268149927,205.93676699097,464.6166108214355
2026-04-08,1273.2947437649675,160.34502853821795,359.00206299680644,257.80703890324475,210.32357360144874,494.8100183426396
2026-04-09,1286.0919870374664,159.80531850635774,360.3257134130917,272.2558782653733,211.61524036642425,507.7131573717526
2026-04-10,1319.0992428183652,158.86293911488082,358.91152655281974,277.76742685911375,211.60714385501484,508.9007983974916
2026-04-13,1323.8544266386334,164.64569847692044,363.51616377140465,279.5269170854077,210.5673133651672,512.6740426754352
2026-04-14,1374.204381756653,168.38949056465586,376.63990356606945,290.1654686063571,210.26669933418614,535.2644942730848
2026-04-15,1390.708063121798,176.14695600654477,381.40290178118096,289.5595442596896,216.440761166449,542.608904679295
2026-04-16,1387.0716768802222,180.01925735794615,380.15838000952556,290.9578161689291,213.97924784650803,546.882951328177
2026-04-17,1410.358409467374,181.1029956269312,386.56188891033133,291.95991429688263,219.52779208258045,556.3199120708315
2026-04-20,1413.0157809842244,179.08116992124593,381.74233566568097,289.3031923353299,221.818657764809,542.0675287277425
2026-04-21,1397.7711078493032,181.68982528462746,375.9384621819784,291.2025221985422,216.2295564639157,540.3950778372924
2026-04-22,1416.0928219111495,185.44220128191634,383.8919107554029,297.5530197138328,221.9161884405908,545.1458393785973
2026-04-23,1396.092644107787,178.08739207440019,383.40541996646624,297.22675686101,222.12736830719956,532.5659562855454
2026-04-24,1456.442688127488,181.88687457228113,389.63919464047757,307.60893867760774,220.20203776277495,545.3963392832409
2026-04-27,1514.764757796059,181.97254303964374,396.35946010342553,304.2647355461778,217.39935334703202,548.2969060608699
2026-04-28,1490.7086312904373,183.87013831119586,395.72591241005233,302.6101294925706,219.91771609831102,542.4149708614932
2026-04-29,1463.295898149956,181.81833454829342,395.9068815907588,306.5019919369514,219.47903916265184,540.6212928250719
2026-04-30,1395.6032436948155,174.67342424227311,435.3459600963821,308.8557428351744,220.4376561791594,494.39796450934625
2026-05-01,1387.770911998231,177.52624851914436,436.35292308870316,312.5844916331358,227.57840670341474,491.844839865468
2026-05-04,1387.9806397538773,177.17499074014037,433.592373920699,317.00068604099056,224.88944598627242,493.18603856674315
2026-05-05,1374.134436854974,176.2154829052885,439.45280243394046,318.74853037253797,230.86039962741145,488.782669799602
2026-05-06,1453.3657541499538,177.32062844718126,450.3251611718956,320.4264637756222,233.56560303922177,495.18169603366715
2026-05-07,1479.0302925460217,180.23771391850747,450.2685715732677,315.9753139035359,233.50872877195914,498.3569489136294
2026-05-08,1504.904558697736,177.8175239332261,453.44768327040174,317.73478634983786,238.2854966520553,492.55581535837126
2026-05-11,1534.5551008943844,176.76377684670214,439.6904303514527,313.4350864494325,237.9846342618285,483.8541150254841
2026-05-12,1543.9257926303449,174.66913228749638,438.2309579846429,309.74132867568665,239.7084461143016,487.1990661659712
2026-05-13,1579.2406954196983,173.5725575299131,455.50675648522594,314.7634652102008,243.01785789902235,498.2115355699684
2026-05-14,1648.5418687146762,175.38019237932585,453.75317030954284,311.37264293980076,242.48120324093912,499.66586644492696
2026-05-15,1575.6743610291928,180.73031744977558,448.8996356504447,307.7837515587497,244.1237271122985,496.27244418988613
2026-05-18,1554.695168501105,181.42426222347407,449.08067396932904,308.62268270030785,242.18034085071238,493.83240236010397
2026-05-19,1542.7369432005821,178.80274412100633,438.58166139214393,302.19062836180757,243.09917071606066,486.88395456178523
2026-05-20,1562.7371210039446,180.3619312273967,439.99588282150484,308.7974955814497,245.76622614773328,488.8634714437204
2026-05-21,1535.0446082567469,179.90689214435773,438.58166139214393,312.81751620801845,247.99415759710445,490.7379017646731
2026-05-22,1505.8136285207822,179.68368424548092,433.2756173585569,310.3239434528691,251.10843352248787,493.064860780359
2026-05-26,1502.5269667876019,178.59330460304932,439.9619359761459,309.1237584342726,250.70999078463018,494.74540664309706
2026-05-27,1486.7226274898571,177.15093216795168,439.90534637751813,316.7676614661079,252.7590787411812,513.2638403819543
2026-05-28,1498.2610764309143,183.2982058054004,441.3761228364179,319.27289789599575,254.10886156964781,513.2880265796441
2026-05-29,1476.5128108325293,193.27896944784462,430.3001175953984,315.35774366212183,253.74295389297527,511.0419185676638
2026-06-01,1568.960933860692,197.6919652244036,425.8086595740691,304.4278847525812,249.06749174919543,485.1548882249064
2026-06-02,1558.1915579899317,189.4454925680931,409.3813593620136,298.90467248410226,256.2961614464244,482.86030909837245
2026-06-03,1501.757679818523,183.44846359831712,406.1456580662519,291.3306981607221,252.2793231862852,503.342069774589
2026-06-04,1530.8826727080595,183.75324488843935,421.0795736352275,295.7236007790837,253.06806247874198,507.0506036338158
2026-06-05,1435.9463720995243,178.86804220973457,416.9388190213992,286.6814258380088,249.9050087975054,479.1194940691679
2026-06-08,1460.7306100587107,176.75168849700992,411.2786492405042,285.7375927437719,245.1889150811309,472.97091838015905
2026-06-09,1457.580094900205,173.17579453008082,412.3540935980554,284.5374077251754,236.2526762260968,472.32455458679823
2026-06-10,1403.1807149927738,170.578636880413,403.4336784682368,277.32463393885763,237.0901932744068,461.32822576778995
2026-06-11,1434.336035120041,167.56510711642852,405.0071596904373,281.4145832738815,240.38333752853492,459.26790724173634
2026-06-12,1436.5765179109817,167.73681155798482,407.1693524976296,277.9655137497568,236.72431043365884,458.0963574413989
2026-06-15,1487.4051785028782,171.60892915597069,418.1161384841161,286.66977994326226,241.02571871750763,479.9516967080425
2026-06-16,1452.11915204908,169.06328808886735,422.5310605424875,286.6464703737772,243.31872028924911,485.3943315820346
2026-06-17,1432.7957499916279,162.65843153859623,411.82204074986925,276.74201916167516,240.64354351024252,459.0062027108162
2026-06-18,1475.0831113743552,162.86877669838688,416.6218204756344,284.77045008004995,242.31857760686245,466.8021052604301
2026-06-22,1460.8005549603897,157.69166859389,395.8490475049285,271.25378013741977,241.50547427240366,455.98969026303786
2026-06-23,1400.520241943586,160.52491000676474,391.8303217751296,272.79189168357766,239.30188202910995,454.6553525443726
2026-06-24,1393.2390204585495,156.88462359294104,390.879429845102,272.97833267947414,238.30986069405728,450.991883988188
2026-06-25,1370.4151648354145,151.46280843995189,389.0907906132133,264.51875473558977,223.73060174589102,439.02302322411765
2026-06-26,1347.941247619457,160.10851164196015,381.93637196201445,271.13726784997846,230.74784321726557,444.9912883413704
2026-06-29,1365.0241668859687,158.21968403337695,400.34320191519663,279.81822447399895,229.08907665123817,454.97880591878214
2026-06-30,1400.8702873001544,160.1299714158437,404.5543737632368,277.7208077201436,235.28506860489534,455.53681605119476
2026-07-01,1383.2973259243252,164.96367063722798,408.9013675618015,281.63597973400954,239.36695215148026,495.6648770320031
2026-07-02,1364.0440826673337,167.62948643807917,407.4297268756777,282.7662538241429,250.95392923574522,471.39560715716476
2026-07-06,1369.0849283108205,166.01968839095798,414.8445199049246,284.5024522609438,254.23083079520535,485.45899264116423
2026-07-07,1378.7465223901559,166.92118264748245,415.4897865194553,286.6231608042922,252.60457445443856,497.8241615302361
2026-07-08,1429.085140872735,164.56014813675347,409.70513344921466,283.8732183447912,254.82440939240027,487.7476486172436
2026-07-09,1419.7035402988981,164.99800627544167,406.2750847353187,287.8583012871203,257.1255323114758,510.68258077341665
2026-07-10,1476.9734418593366,165.31567655513797,404.3392848917266,285.8774146006983,256.3937417940553,541.1951473849507
2026-07-13,1424.9544345462039,167.8441366778905,399.0527032552242,288.17291824519657,258.0118271156389,531.1024445273823
2026-07-14,1482.8544819181,165.24270019868993,406.9769409484773,288.3826688105781,256.0196879341242,534.5879717719926
2026-07-15,1487.7552238594467,169.83599745160262,419.8934390548258,297.0869350040836,266.2975634343663,550.9804880935112
2026-07-16,1452.0491001980101,172.18415609800147,401.2601469998654,291.1792126290572,270.9811469254802,537.4184479359085
2026-07-17,1419.9135889027173,169.05899613409062,392.5548207415571,288.07969774724836,271.3714186441547,522.433124083647
2026-07-20,1423.2042077633628,172.69500371838163,398.46402623932124,291.2957426964905,265.55760189776265,522.3037032462134
2026-07-21,1451.2789576338034,170.74606249243658,392.98499848457755,288.45257973904125,266.49269929370354,520.6539577658396
2026-07-22,1484.6747605520113,167.56510711642852,387.25690044387574,285.30646349825435,264.9884370144189,507.1970535288063
2026-07-23,1461.5706975245962,163.80460659312504,359.63533413746796,272.26754194011187,261.54893465680664,490.1575810988814
2026-07-24,1448.1284424752982,163.85613630093349,361.9559916484538,270.4614325748478,270.7859862302183,481.33460426043575
2026-07-27,1375.8060558354696,167.03279972216484,369.67644456228663,269.62246587330566,273.949039911455,480.26710446975125
2026-07-28,1379.3066163505432,168.8572348838534,377.77048562051215,269.00489563189154,276.5266115069061,479.89508126161377
2026-07-29,1330.2982343925578,167.65095933720667,381.16658748904916,264.0992713848187,274.9898390023608,473.58717282537543
2026-07-30,1365.514208995286,193.6481563101054,377.7138960218843,274.4115600529453,271.11935884570573,435.91761415993284
2026-07-31,1405.4911426853937,199.49494061220864,403.15066133691977,316.4530267280397,251.18162499219218,450.2155564019354
2026-08-03,1446.7282610490251,209.33832232606622,422.82538176589446,330.9484852291383,246.71759107426675,477.3314923852657
2026-08-04,1483.8345661367348,211.5534172491431,427.511982294404,323.25799861831683,251.56377536353273,475.47147506375256
2026-08-05,1534.8033304307714,209.2567620600648,410.2824372348497,317.6998308856063,252.88104796673872,476.14271608902277
2026-08-06,1533.1931004006792,214.57982287745773,404.98455150625733,317.2454098505956,254.02754875260948,477.05655948499685
2026-08-07,1567.98908474516,214.63563141479892,401.07900497371406,319.8322208836851,254.7756068006225,478.83567644321727
2026-08-10,1523.1113021643148,217.24137297402018,404.7241771282092,324.03868250615034,250.86926356889006,481.11623744700864
2026-08-11,1522.7612568077466,216.27548627060108,389.1926657183789,317.2570379653502,248.14294962119624,484.5128187156253
2026-08-12,1568.8991171127248,211.39028359189624,388.898379064061,311.442553868264,245.97817592800362,468.1203023941066
2026-08-13,1577.370685318997,213.30058409960694,392.0906961531777,308.9373174383761,248.4277928400761,481.1566629488614
2026-08-14,1576.3904941509713,212.66524354021433,391.56994739708153,306.0475353419568,248.97304072806014,477.01608462355694
2026-08-17,1575.3402511318757,206.20459157784597,389.4190932510681,304.4861320063058,248.69634369243886,460.13026858834235
2026-08-18,1538.4439946479852,206.75406679121647,389.6455207837573,302.31882210397936,252.30972235795744,439.6699793325239
2026-08-19,1523.1813540153848,207.90453380052202,390.23416323057126,309.7646204651797,257.8437127422325,441.5785664877649
2026-08-20,1518.210560222968,206.93683581343566,385.64943780722734,303.0878423170743,253.34326935888916,441.4168151207666
2026-08-21,1503.2979649469362,207.83571814641104,390.34737699691584,301.36332533500394,251.75632828671485,444.7082604688137
2026-08-24,1459.6104221379358,209.5861794331102,394.0151573355909,305.3717178468181,252.56200567972758,452.0836686957365
2026-08-25,1491.6059366804793,211.47856398280803,392.76990961306734,304.19482461771463,252.20392131929424,461.0036864824637
2026-08-26,1467.8718347909978,213.48277561109165,387.1550253387101,303.2859469877093,255.09300991661212,465.92873672589593
2026-08-27,1596.13377951728,217.22024133123577,385.62679505395846,298.60173698075647,256.0126096956221,461.8528194597211
2026-08-28,1523.1113021643148,220.8631002928767,392.3510705312258,310.4521016350569,260.17940726830784,467.4491107284235
2026-08-31,1545.7252161330216,218.1793422835247,384.15515436783465,302.6916685357883,257.86000510874965,462.85565819127595
2026-09-01,1522.3412665494993,215.48268215935465,379.2534303987259,297.0403158651135,264.5984633268391,467.8696050511146
2026-09-02,1571.1395999036654,213.6763204586065,381.63071207742854,297.1102267935767,264.4601023910662,479.44220704977073
2026-09-03,1599.4243983779252,219.39648553217484,387.69841684807517,301.6779245130882,267.10502901394796,493.86147515691874
2026-09-04,1612.796708525544,214.91497598211606,383.3939084598425,301.22350347807753,260.39913069296824,498.786525400351
2026-09-08,1580.3810967753623,212.44197001511768,383.28062555532,299.42904000756005,257.3472922819508,496.1258462161341
2026-09-09,1565.9586505580385,211.4527597531719,374.54705635133115,294.1039324097161,256.6311235610841,528.6439915716037
2026-09-10,1530.49294912745,211.79253294370608,376.75595199770873,293.5096717377871,265.7703712635438,521.1149269499705
2026-09-11,1530.002265321787,213.1645146954169,383.4392285354693,299.207643547432,270.4091507467355,524.0667289790321
2026-09-14,1478.6261307976347,217.37077475427574,395.77500051637577,295.4322933904924,271.0683458566413,538.2756758854539
