Date,nvda,msft,googl,amzn,aapl,meta
2023-01-03,100.0,100.0,100.0,100.0,100.0,100.0
2023-01-04,103.03179465021768,95.62566520368343,98.83304262169897,99.207643547432,101.03141117545893,102.10838495016891
2023-01-05,99.65070328916836,92.79153820882706,96.72349853699295,96.85388375921303,99.96002657692453,101.76365728952845
2023-01-06,103.80020597115829,93.8851137046298,98.00267582033096,100.30296217333377,103.63794162079627,104.23278119975822
2023-01-09,109.17219366636348,94.79922120062628,98.76570203640453,101.79445458052155,104.06172323700783,103.79188694553004
2023-01-10,111.13516952514537,95.52130640261129,99.21454708746352,104.71918325117645,104.5254720673133,106.61376577796852
2023-01-11,111.77784846835436,98.4096997115203,102.69298388363146,110.80167405736483,106.7322310280068,106.53359195935144
2023-01-12,115.34051984222025,99.55336769434251,102.25539107102901,111.01141573275038,106.66825368234515,109.59595519874172
2023-01-13,118.05099173167575,99.85390292859593,103.36624281794768,114.33232707468726,107.74764786705032,109.81240721952146
2023-01-17,123.66047391815175,100.32138468155603,102.43491699227147,111.92030225275164,108.6911398640767,108.51371979410938
2023-01-18,121.39017898448479,98.42639501965309,102.24416475938921,111.23281219287841,108.10744592861869,106.63782286340695
2023-01-19,117.11491718741551,96.80689106718326,104.40977990638865,109.15870500850818,108.15544135582797,109.14702133331208
2023-01-20,124.61749717436368,100.26711836750337,109.9865171910783,113.31857416199121,110.23427046112428,111.72839105953246
2023-01-23,134.07612804702993,101.25217436044305,111.97261505910751,113.63318223007151,112.82480657004623,114.85488594403652
2023-01-24,134.57911103265187,101.02678113802939,109.62745670632114,112.23491032083194,113.96016851424227,114.7506673896142
2023-01-25,134.98427543157922,100.4299041844191,106.84468825638787,113.23700844878547,113.42447000599354,113.43595014033197
2023-01-26,138.33042776347366,103.51446736388827,109.42547816179906,115.61407780648952,115.10356488053517,118.08559938296293
2023-01-27,142.26338466614442,103.58124203379828,111.50135195385786,119.13306714907341,116.67864689652441,121.64503535792602
2023-01-30,133.85958226771078,101.3064406744957,108.77468913530697,117.1638352473939,114.3359733301891,117.89321679725478
2023-01-31,136.479214018231,103.43517121287871,110.90663398965917,120.17012074125853,115.36738450564803,119.42438606731673
2023-02-01,146.30108512857356,105.49711395610946,112.6907533131663,122.52388941947348,116.27887541188056,122.75132784799676
2023-02-02,151.6521107431532,110.4432696185949,120.89315982300973,131.56607325054435,120.58846740045652,151.33075016056068
2023-02-03,147.39782439538334,107.8345292835311,117.5717963248046,120.47308291459228,123.5308168207022,149.53501469884216
2023-02-06,147.32096788931432,107.17502523655953,115.46229545145977,119.06315622061024,121.31606069180098,149.15825208972774
2023-02-07,154.8934794092677,111.6787617961474,120.78095720251723,118.9815905074045,123.6507370899286,153.61551874665057
2023-02-08,155.11700363634614,111.33232102714996,111.50135195385786,116.58122047021145,121.46795721589515,147.04984861510906
2023-02-09,156.03910791641397,110.03421488147839,106.60907398830753,114.47214893161362,120.62842840556894,142.6326688674948
2023-02-10,148.55044471896272,109.81717587575226,106.11534097523376,113.73805751276225,120.92470858610874,139.61038018777987
2023-02-13,152.20400970645935,113.24814701111328,106.16022893724855,115.98695090828643,123.19894675804548,143.8431675623547
2023-02-14,160.4680693569474,113.6029616846616,106.23877854963833,116.17338301418691,122.67843541861356,143.88326682129642
2023-02-15,159.0220200106321,112.69494430106575,108.77468913530697,117.87462598675621,124.38406748020468,142.02339971446415
2023-02-16,153.6989081870895,109.69469767776401,107.17012165985899,114.36728253891886,123.0868001336918,138.23953385568578
2023-02-17,149.40971623184944,107.98329077911045,105.86848311096911,113.26030912827456,122.15791166121859,138.59226407862815
2023-02-21,144.28920666078133,105.7278754026004,102.99595602155071,110.20741338543583,118.89879242139165,137.95093527785718
2023-02-22,144.98078152866373,105.24247113135783,102.83885679677118,111.61734007941789,119.2431052830299,137.1813308372255
2023-02-23,165.30910680079813,106.60660380813154,101.98608922575698,111.65229554364949,119.63547566169271,137.9188756301169
2023-02-24,162.66848623230464,104.28425625880458,100.01120902709535,108.94896333312265,117.48140611824347,136.59610642000004
2023-02-27,164.17044337273728,104.677573830472,100.84155854391885,109.25192550645639,118.45034252157048,135.9147030595537
2023-02-28,162.17950024822287,104.36793624072325,101.05474611553629,109.79958481940729,118.0419653885292,140.24370642624893
2023-03-01,158.5609344489135,103.04984035111598,101.39137990383051,107.39920589221823,116.36029999563509,139.0251804698208
2023-03-02,162.8641367743676,105.07509804227824,103.23159621644777,107.35259564324411,116.84080065810237,139.91503328874498
2023-03-03,166.88786697260431,106.82419407403188,105.08303884070487,110.58028648723277,120.94075259437635,148.50889602738852
2023-03-06,164.5407289015422,107.48531908842043,106.74371194753517,109.24027072171387,123.18290274977785,148.228312361495
2023-03-07,162.7101296514045,106.34715058209794,105.31865310878521,109.00722836683929,121.3971872444422,147.91565669822802
2023-03-08,168.9493966951435,106.15886898212565,105.7562977750211,109.43835761235687,122.41416874683071,148.28440439540736
2023-03-09,163.74418320644568,105.58140426179241,103.5906480589327,107.49242639016646,120.58840531064124,145.6549575472097
2023-03-10,160.45339055303998,104.02062920573778,101.69433475720531,105.72128137912998,118.91478675780706,143.90732390673483
2023-03-13,160.46036900079926,106.25092286859518,102.23294709002163,107.702168065552,120.49232753048129,145.02164365837382
2023-03-14,168.1249505776838,109.1256199872239,105.442099325462,110.5569769177477,122.18996242386469,155.53951749859664
2023-03-15,169.27779816871896,111.07136496087955,107.84334602508628,112.0950795739096,122.51024652699066,158.52973418093805
2023-03-16,178.45155596992504,115.57383493459102,112.56731573876174,116.56956568546892,124.80047903534283,164.28571296253932
2023-03-17,179.73712775512493,116.9253673788117,114.02602758561446,115.2994608484132,124.11980080842181,156.81416018820346
2023-03-20,180.9598266671221,113.9126123996526,113.57719981909995,113.85457869019955,126.04165444273427,158.5778360021817
2023-03-21,183.0488691204823,114.56118311983596,117.72888690731189,117.23374617585709,127.54710893987166,162.06510072082955
2023-03-22,184.9283442422826,113.93770786282073,115.98966418809181,115.00815345982198,126.38601697622475,160.18117652855886
2023-03-23,189.97987145619015,116.18476246002216,118.49191312338544,115.0198082445645,127.26683551371035,163.764644889694
2023-03-24,187.10124838681884,117.40241743336675,118.31237855987075,114.34397296943379,128.3238773649157,165.1514963463919
2023-03-27,185.3685479354189,115.64913444933768,114.96857972293049,114.23910657673902,126.7463241742784,162.6102135294801
2023-03-28,184.52309963131205,115.16794994347615,113.36399496293805,113.30691937724866,126.24184442515107,160.87862206250853
2023-03-29,188.5335547363975,117.37730884495636,113.76794340971,116.81426282508605,128.74025166616468,164.62240101197833
2023-03-30,191.32132429815968,118.8585974339889,113.20691302270298,118.8534145452247,130.01351509009137,166.6185710202396
2023-03-31,194.0741615151039,120.63696275594387,116.39362127713598,120.356561737155,132.04746567690532,169.90540119234475
2023-04-03,195.38770056603633,120.18926074304359,117.10053321955493,119.33116292971239,133.06443476133077,170.8113085344054
2023-04-04,191.81040386295854,120.16831285642415,117.50447302405465,121.12560862023795,132.63202886977723,172.13404069562273
2023-04-05,187.81393239073932,118.97994029852312,117.22396215168726,117.80470616829706,131.13462121269978,169.53664114553223
2023-04-06,188.90389373989788,122.01784324181932,121.65618603908331,118.92332547368787,131.8552852806593,173.2403084864271
2023-04-10,192.6907978805572,121.0930649238795,119.4344652607015,119.0515014358677,129.74923600034546,172.15806073216157
2023-04-11,189.82617181272602,118.3480780117148,118.21138496647362,116.42973493854656,128.76430526060304,171.4365704624067
2023-04-12,185.11700296791244,118.62425935898679,117.41471438456954,113.99440943712192,128.20377082624347,171.556806491066
2023-04-13,184.8934118974647,121.28135964909403,120.54531700762014,119.31950814496987,132.5759617665819,176.64741173609107
2023-04-14,186.95454055978783,119.73310607413899,122.1611280792524,119.4476841071497,132.29570075838365,177.56132164045363
2023-04-17,188.6593806948462,120.84617911729335,118.90707059725274,119.71568192625588,132.31174476665126,175.45293051546813
2023-04-18,193.30562319176153,120.66627142187194,117.25762380206224,119.20298696753258,133.30467267460136,174.67531116290135
2023-04-19,195.15015260007004,120.69974078959093,116.89855467503286,121.53344607626249,134.2335859830007,172.9196626104914
2023-04-20,189.37199785539732,119.72054521731266,118.14406166572364,120.96247719382653,133.4488079717859,170.8113085344054
2023-04-21,189.476808258525,119.57413314009477,118.27872555176803,124.63295206807533,132.14359312891753,170.66700307067455
2023-04-24,188.93882608471583,117.90453670060548,118.90707059725274,123.7590299023016,132.39177853854358,170.58680455279108
2023-04-25,183.34232488056594,115.24741016001376,116.52826787863589,119.51759503561289,131.14259354498137,166.38606447632338
2023-04-26,188.33795766903,123.59535298173347,116.37117729612858,122.32580252883048,131.13462121269978,167.86915662440808
2023-04-27,190.22442460726344,127.55382104020958,120.72485157113483,127.96550930475877,134.85819710672638,191.24580197375542
2023-04-28,193.87857781641026,128.57064668199783,120.44433205649523,122.87345295178538,135.87517860911487,192.65671051589172
2023-05-01,201.99028805949487,127.85931105340961,120.28724147398793,118.91167957894133,135.80309233357804,194.9494816642835
2023-05-02,197.09949241150625,127.79653301976255,118.17773195837087,120.75273551844101,134.96227205509405,191.79093948167232
2023-05-03,194.24883660786745,127.37390021954593,118.27872555176803,120.77604508792605,134.0894382678531,190.01923640612583
2023-05-04,192.5720172132371,127.79653301976255,117.47081137367968,121.1838736539546,132.76016983054635,187.2053724856224
2023-05-05,200.3833333545004,129.9891703626255,118.45826011528273,123.11815898139848,138.9901625517573,186.61214550609506
2023-05-08,203.6740859018845,129.1522655415009,120.92682147338469,123.31624587204149,138.93409544856198,187.00498733761236
2023-05-09,199.62172000422183,128.46182529856316,120.45555836813504,124.23677828678932,137.54875990805988,187.08513645696308
2023-05-10,201.81561296673132,130.68375818211194,125.39272429570019,128.39664744027235,138.9821405476235,186.85265461231322
2023-05-11,199.6706493505799,129.76320619217427,130.801153328515,130.7154517642597,139.13431026690486,189.02517738241252
2023-05-12,198.0077868514681,129.2861823881037,131.8559080863235,128.47821315347804,138.3805523274026,187.43784198063912
2023-05-15,202.29073563601165,129.49121179717773,130.73382138549277,129.5735228893838,137.97962597219458,191.48629873034037
2023-05-16,204.1072977785876,130.44527253056114,134.10008148798497,132.1370332429843,137.97962597219458,191.4542267329669
2023-05-17,210.8496146513179,131.67817903539182,135.59242905839594,134.5840135291515,138.47675428719307,194.39634159406472
2023-05-18,221.32993305569718,133.57366089387887,137.82538479068978,137.6718736262178,140.36922702091638,197.89162122464768
2023-05-19,218.43735309080733,133.49817762574082,137.74685246284452,135.45793569492523,140.45739455861002,196.92158223747322
2023-05-22,217.8225144109291,134.68916210684813,140.3164246988881,134.01305353671157,139.68758019287705,199.07007262140044
2023-05-23,214.41292772152946,132.2065619123583,137.522429937315,133.9897439672265,137.5706279410005,197.8034324940955
2023-05-24,213.36489053362197,131.61528287456454,135.65977828596257,136.04055047210767,137.7951447130429,199.78354797922026
2023-05-25,265.36117110117834,136.67691441830175,138.55475799866062,134.00139875196902,138.71732748546617,202.57334246465211
2023-05-26,272.11045305299405,139.59985336479366,139.8227003280866,139.95572248597358,140.67391416244473,210.06896467405954
2023-05-30,280.2501572991589,138.89530348644496,138.76794557027804,141.76183185123764,142.17344529120467,210.45372984547583
2023-05-31,264.3410878103295,137.71273228561526,137.87027275270458,140.50338179892447,142.13332285257252,212.21740565945404
2023-06-01,277.86764571704117,139.46980846465246,138.8240684862049,143.05522847778644,144.41066551527314,218.5425172862447
2023-06-02,274.77247686835074,140.65240591596668,139.89003227110877,144.7797721298448,145.10028467559405,218.5425172862447
2023-06-05,273.682528887866,140.87884259513865,141.3936147954318,146.00326671792638,144.00172957389435,217.56450043603465
2023-06-06,270.07031320864417,139.9311213537585,142.8523266422845,147.52971458934573,143.70502718261068,217.34806076488812
2023-06-07,261.85988867771584,135.6117485093334,137.4550979942928,141.2607827872609,142.5904156546803,211.31953792859477
2023-06-08,269.09199365496,136.40012930988658,137.05114954752088,144.7797721298448,144.79557269813964,212.1051474938303
2023-06-09,270.9088499083611,137.0417567769235,137.15215178319028,143.8242842508654,145.108331515654,212.4017856828603
2023-06-12,275.88397515111114,139.16371469030926,138.73428391990308,147.48310434037165,147.3776273382947,217.29191933244306
2023-06-13,286.6448485452911,140.18691919982749,138.94746284924827,147.58797962306238,146.99273257339124,217.50840840212234
2023-06-14,300.4453840542602,141.4659740563837,138.76794557027804,147.3083181292177,147.50592973258352,219.13584306283744
2023-06-15,298.0416162806919,145.9782617112927,140.36128673408618,148.11232936652823,149.15781685007065,225.93397033976248
2023-06-16,298.31409659147613,143.55857080287237,138.61085498777075,146.22465428805845,148.28379093837643,225.2685474046536
2023-06-20,306.1122846950007,141.7637201766605,138.12836557088127,146.5625719256238,148.35591446780242,227.93806881252658
2023-06-21,300.78080408161657,139.880812300242,135.26705615083046,145.4556074049755,147.51395173671733,225.78162526483015
2023-06-22,300.6409944903016,142.45984364948936,138.18445391771917,151.6546193886012,149.95167239227897,228.37902481492068
2023-06-23,294.9391481360693,140.49306547513967,137.2755634307781,150.69914039961776,149.69508002166438,231.46544513974936
2023-06-26,283.91969785192816,137.80080266106413,132.7872511965442,148.36868129088788,148.56442448546636,223.2403671471847
2023-06-27,292.6123037119393,140.30435074217337,132.7760248849044,150.52434529846784,150.80166954546095,230.11861884419412
2023-06-28,287.30868341489673,140.84114689941748,134.85187275014647,150.36121387205642,151.75591549849338,228.70769795242464
2023-06-29,285.24731411644393,140.505626331966,133.64002740983062,149.03286178127607,152.02853945941254,225.6934241846448
2023-06-30,295.58897263546095,142.80793819900939,134.3132690596024,151.89932541821432,155.54079887612465,230.06255150954814
2023-07-03,296.3645696186058,141.73853283679668,134.5377002274041,151.7361939918029,154.32996055247764,229.29292236965009
2023-07-05,295.6937830385886,141.80566845086835,136.61353945037396,151.92263498769935,153.42382178832204,235.98681874251957
2023-07-06,294.19847012906854,143.11404509859486,134.7733231377567,149.5688663094844,153.80869171729935,234.07887451371005
2023-07-07,296.9934855120673,141.41566500286723,134.06641983761,151.2234901430836,152.90257778906982,232.90845037852552
2023-07-10,294.73647904022545,139.15530141003165,130.66648944247058,148.1356300460173,151.24270592133803,235.7704037706394
2023-07-11,296.3087152991839,139.42371261389593,131.44075061245624,150.05826058871864,150.81770113576553,239.1294298983261
2023-07-12,306.7690876421516,141.40725172258962,133.44927517694836,152.41202926693362,152.17287344400594,247.98779708046027
2023-07-13,321.2684037342182,143.6969764823222,139.7441507156968,156.4903327072109,152.7903069850856,251.25064426492605
2023-07-14,317.7186999740046,144.7789033256345,140.73157353048316,156.93310784747504,152.91062462912976,247.61100977207948
2023-07-17,324.650357374732,144.98437899294478,139.86758829010137,155.62805643618373,155.5568180484662,249.01397750007982
2023-07-18,331.8685321938054,150.75473424206385,138.8689391636752,154.77744383989508,155.34834528469145,250.16031985055957
2023-07-19,328.95469603746494,148.9053613595756,136.92771197311632,157.72547319003905,156.44691280435418,253.3349412555736
2023-07-20,318.0750553446387,145.46243969115255,133.75223003032315,151.43324070846512,154.86719888814525,242.52044157595395
2023-07-21,309.6131125835517,144.16245007321916,134.672346828904,151.47984206744326,153.91297777103895,235.89866706086698
2023-07-24,311.7302559893831,144.72435481887362,136.3666815861093,150.0815701582037,154.5624869106908,233.77420906311178
2023-07-25,319.1860990924876,147.1860202519863,137.12969915991064,150.46609804474318,155.26010323921946,236.06699256113671
2023-07-26,317.59990593801064,141.64630175955685,145.05160343965892,149.3241602798713,155.96577882577108,239.3538474325082
2023-07-27,320.73031461101806,138.68984094437693,145.19746771052638,149.44069034730458,154.9393720894235,249.88771404770156
2023-07-28,326.6698292492814,141.89792577859265,148.76570635754064,154.05500720578624,157.03227074686163,260.9267053593024
2023-07-31,326.5230144728595,140.870534316799,148.92278829777572,155.7678782931101,157.52944873371237,255.41126038318563
2023-08-01,324.9717937692221,141.04660944148551,147.60994072179048,153.4490828591187,156.855861163696,258.7060684183263
2023-08-02,309.3335468756173,137.33947664671587,144.05292838641603,149.39408898832647,154.42616251226818,251.97208513614822
2023-08-03,311.05251769895443,136.98722139540487,144.1314952833503,150.20974612038353,153.29550697607016,251.0742421045553
2023-08-04,312.2054856080544,137.45690818906175,143.75000810213024,162.63109743711195,145.9342750743976,249.10210448246607
2023-08-07,317.35528594356805,138.43400372258122,147.5875226675998,165.71894864418226,143.41635921342387,253.775847859435
2023-08-08,312.09367001981974,136.73143667457813,147.44162382764335,163.06222668262956,144.17813915705997,250.6333108014276
2023-08-09,297.349787408006,135.12947460836574,145.48923082135033,160.6269011812049,142.88709321003785,244.67690982291677
2023-08-10,296.1898677884945,135.42303377636713,145.52288382945306,161.4542042080085,142.71069604483532,245.10181130217435
2023-08-11,285.4779504780203,134.61787891622774,145.37701955858557,161.27942688685053,142.75886532352737,241.81495643080288
2023-08-14,305.72801553332954,135.88853361774858,147.3631001420703,163.79632699147692,144.09983148203236,245.46251938815226
2023-08-15,307.03458950517654,134.97430799457192,145.6238774228502,160.41715061582335,142.48584398779042,242.06345574968972
2023-08-16,303.8623101456136,134.64651819480142,144.41202344026215,157.38756444246968,141.77926188993575,235.92272414630537
2023-08-17,302.8700069590632,133.16725089307428,145.7809593630853,156.117450715418,139.71563237141928,228.54737501445678
2023-08-18,302.55557574968014,132.99918216615586,143.02062625188714,155.23188265489773,140.10910794879402,227.07231012794034
2023-08-21,328.1861309767748,135.26851029944322,144.04172800159293,156.93310784747504,141.19308436186662,232.40337508065082
2023-08-22,319.1092292177447,135.51224604789113,144.8383899412248,156.43206767349426,142.3092108812898,230.55957484658825
2023-08-23,329.22717634824915,137.42014438553983,148.5300661626436,157.9119141859355,145.4327011286252,235.88263723699683
2023-08-24,329.55564466519394,134.465796734361,145.6238774228502,153.62386018027667,141.62670721379965,229.87814678687553
2023-08-25,321.55489441521644,135.73078133123295,145.736054116526,155.27848401387584,143.41730297861608,228.87604815196076
2023-08-28,327.2637459545557,136.03333129017062,147.00401373049644,155.1386621569495,144.6859965921384,232.6919860081126
2023-08-29,340.8825477109589,138.0126965718311,150.99864480529004,157.20112344657323,147.84162452786128,238.88888374320837
2023-08-30,344.23656082308787,138.17239139419868,152.46855703696585,157.38756444246968,150.67608668508126,236.57206785901138
2023-08-31,344.87242842696094,137.73953403027494,152.79395587134803,160.81332439710937,150.85273220954494,237.2053817478473
2023-09-01,338.96093452912555,138.11776413598434,152.2217164572457,160.9415003592892,152.12944782720106,237.59819888009824
2023-09-05,339.23346831460526,140.17274393820531,152.34517995846696,159.95106590607418,152.32214977789542,240.6204999094463
2023-09-06,328.87004559453067,139.89119436685604,150.8752158731577,157.72547319003905,146.87003068044044,239.83479154714536
2023-09-07,323.13969722761107,138.643075706266,151.77285412164224,160.6269011812049,142.5741977949299,239.4339965518589
2023-09-08,318.4646185011618,140.4753595233542,153.02961335078956,161.069676321469,143.07202151585952,238.80870992459128
2023-09-11,315.71136685532764,142.01762798784654,153.6355403420836,166.74435634162086,144.01953693291588,246.56084636482066
2023-09-12,313.5589836251793,139.4247495080331,151.86266461476077,164.56536498456384,141.56246909091382,241.83098625467304
2023-09-13,317.8566112136303,141.22756715628634,153.39990014718654,168.78350806175953,139.88426830971218,244.55667379425745
2023-09-14,318.5275582177339,142.33701763258168,154.95958830289194,168.63202253009464,141.1128022307132,249.89576600853619
2023-09-15,306.7803975402442,138.77334373552532,154.1741267480832,163.58657642609538,140.5266495385702,240.7487385004075
2023-09-18,307.241670263397,138.2858722386295,155.08301723502427,163.10882804160767,142.9034104134927,242.54447396212603
2023-09-19,304.1249511124307,138.11356405846666,154.89226500214198,160.37054925684524,143.7866752897002,244.5647010558257
2023-09-20,295.17304645406955,134.80202606489357,150.06731897961382,157.64389858683734,140.912065857922,240.2356606402309
2023-09-21,286.633485172503,134.28091457212957,146.3644337310997,150.69914039961776,139.65941625266728,237.07709375835339
2023-09-22,290.77758691025014,133.22191752701536,146.15122887493777,150.45443437000466,140.34995434225434,239.7626696893629
2023-09-25,295.0543058927711,133.44465288787487,147.11622499326117,152.9596885798845,141.3858111484871,241.16558801883045
2023-09-26,292.88096058199716,131.17531162934526,144.26614188485019,146.7956231704944,138.07759128273895,239.66649074614196
2023-09-27,296.7733569281515,131.4485004213859,146.4766795629534,146.7956231704944,136.84905736173795,238.68847389593196
2023-09-28,301.11301562724447,131.80567763853793,148.46274286189364,146.7956231704944,137.05782815662604,243.6748605865347
2023-09-29,303.9781363360088,132.69239275397376,146.8357141208938,148.12398415127075,137.47538216436527,240.6685646817904
2023-10-02,312.9439978898885,135.23488342881728,150.54983432332003,150.85062593128265,139.51489599862805,245.96764408455968
2023-10-03,304.10396229445746,131.70064945011143,148.59738946339354,145.32743144279567,138.43089474962932,241.25376439974949
2023-10-04,307.7657490163831,134.0413657759571,151.75043606745155,147.9841534043484,139.4426234536454,244.9735233126804
2023-10-05,312.2871147306944,134.20947387860227,151.5596665500248,146.77231360100933,140.4463425714907,244.3402341231109
2023-10-06,319.79236845241627,137.52941202721073,154.37611393487754,149.10277270973924,142.5179816761779,252.86997756627386
2023-10-09,316.3751749875855,138.60523563288015,155.3186747144658,149.45233624205113,143.72244958477748,255.21882839894477
2023-10-10,320.0440203693136,138.004309542038,154.91470034087715,150.87391772077572,143.2406698721155,258.00863523400983
2023-10-11,327.0880013678827,139.69789892434704,157.70869510245024,153.61221428553014,144.37284039980625,262.802614639638
2023-10-12,328.05939594850304,139.16836102606317,155.93580209058294,154.1948290627126,145.10352576395152,259.86848999120895
2023-10-13,317.68894130597374,137.72694692296415,154.12922150152392,151.23513603783013,143.61002976523653,252.27672588748015
2023-10-16,322.11940003798037,139.79034000546272,156.08166636145043,154.45118098707226,143.50563194982945,257.455495163791
2023-10-17,307.04589940326923,139.54660425701482,156.7773865613185,153.19273093475908,142.244972758404,259.7402514002477
2023-10-18,294.8725454028573,138.72710350710412,154.80250636265689,149.30086849037824,141.19308436186662,254.10454569620532
2023-10-19,294.2087907452949,139.23561476731504,154.5668834523043,149.61546766846254,140.8879750095944,250.76955195469068
2023-10-20,289.2191738600716,137.28147620124514,152.1544104410402,145.8517811862615,138.81632348694416,247.43460761170874
2023-10-23,300.31634961408315,138.39511362981594,153.164242667745,147.4714495556291,138.9126868802544,251.731637778096
2023-10-24,305.1242060093927,138.90361176478464,155.75626752706825,149.80190866435902,139.26599034714476,250.5611889436451
2023-10-25,291.9584953477349,143.16489228704327,140.94477838664505,141.44721489316137,137.38704077518886,240.12345187313989
2023-10-26,281.80466669656795,137.79417441373153,137.20824013002817,139.326497459817,134.00656078242108,231.16082908768382
2023-10-27,283.0206010595877,138.60104868060472,137.08482848244032,148.84642078537956,135.07453044111523,237.87878254599173
2023-10-30,287.63982546661515,141.75289185181023,139.65438343393944,154.63762198296874,136.736637542197,242.63269974157774
2023-10-31,284.97734711634695,142.08906868137385,139.22799964843236,155.08039712323284,137.12207869747488,241.51831824177285
2023-11-01,295.7740218191463,145.43423354557288,141.88733916623332,159.63644894799788,139.6915539410548,249.99997221332535
2023-11-02,304.02706568236687,146.37980224722523,143.05431382907884,160.88325310556453,142.5822197990637,249.21436264808986
2023-11-03,314.5023842027193,148.2624869945256,144.86086849132113,161.5008233469786,141.8434875948585,252.20457933043127
2023-11-06,319.7155520523689,149.82999529985074,146.15122887493777,162.82918432775494,143.9151515354718,253.1665663567711
2023-11-07,321.141107221644,151.51095819912226,146.9591776221151,166.2899175266182,145.9948002263298,255.58768724282274
2023-11-08,325.4667822878707,152.63302203321288,147.93535684071713,165.55581721777085,146.8539618362467,256.357192886389
2023-11-09,328.0943416619949,151.57822506561635,146.14002849011467,163.83128245570848,146.46857035282105,256.9744769513547
2023-11-10,337.7728872197951,155.35202096573695,148.77692402690823,167.28035197983323,149.86957723851947,263.56416711943507
2023-11-13,339.7645522526984,154.09547589962708,148.215884997629,166.15007788969987,148.5831383557909,263.90091691704004
2023-11-14,347.0042506366998,155.60415686922022,149.93267237811395,169.89047258240782,150.70574078085767,269.60874447886493
2023-11-15,341.6373697749123,155.6673286601346,151.05476772121688,166.86086862906217,151.16402570741877,266.72273400131263
2023-11-16,345.7744128528569,158.4044666774381,153.64672344236223,166.4297393835446,152.53089573685742,267.9092126596337
2023-11-17,344.5025439583721,155.7431138088442,151.8289597530246,169.168018168307,152.51481447470061,268.59066541861273
2023-11-20,352.26642804475057,158.9392415473768,152.88374907992207,170.27500046894727,153.9298786187574,272.542869127294
2023-11-21,349.0168510128809,157.09905633445845,153.691645973466,167.67652576111922,153.2786309642778,270.1459041237463
2023-11-22,340.43539230741106,159.11189098383798,155.39721568458333,170.95083574407798,153.8173222016229,273.7614074333554
2023-11-24,333.86656071547003,158.93504146985913,153.3774475239069,170.9857912083096,152.73992730896967,271.1479533601283
2023-11-27,337.123009245708,159.43195001592747,153.06328364343676,172.13935708793602,152.5952207854846,268.3181090142875
2023-11-28,334.18096518750536,161.1542311777792,153.9497215070982,171.32369995587894,153.08565581839625,271.7572348627922
2023-11-29,336.4101915550488,159.5330275064389,151.4699251950842,170.49639692907533,152.2575266981549,266.313985842257
2023-11-30,326.8364296630285,159.55828047251396,148.7095834416138,170.22838132997717,152.72384604681287,262.26550439328935
2023-12-01,326.801457212189,157.70544252607363,147.9577921794523,171.32369995587894,153.7610564110187,260.397622374522
2023-12-04,318.03136651843704,155.44412079055434,145.05160343965892,168.771844387021,152.30575806666224,256.5496248706299
2023-12-05,325.43951019317933,156.86744830984287,146.98159567630577,171.148922634721,155.51382706036824,255.1627610642988
2023-12-06,318.0104044378115,155.30096377341266,145.8931879103945,168.39898017522003,154.62938247767048,254.48933556688797
2023-12-07,325.6491309994347,156.20635610855993,153.64672344236223,171.148922634721,156.1971999852723,261.81657052785977
2023-12-08,332.0089300067706,157.5875516002492,151.4699251950842,171.77813877088158,157.35502602463563,266.75479364905294
2023-12-11,325.8658104654926,156.35370007797707,149.5623682971725,169.99533897510258,155.32083949652363,260.76635772206816
2023-12-12,333.06422638458855,157.65071026592133,148.6983830567907,171.84804969934478,156.55100017068492,267.93324504580573
2023-12-13,336.0764559805999,157.6464839379192,148.75448868817307,173.43276260448079,159.16405004662636,268.3501686620278
2023-12-14,337.9074562909537,154.09239146770003,148.0475508189374,171.77813877088158,159.2846533038208,267.09151874739155
2023-12-15,341.6813527119391,156.1136918983261,148.78812441173133,174.74947769051062,158.85050889743948,268.4944617761255
2023-12-18,349.9770961194951,156.92220682047963,152.37879839748075,179.52692597540369,157.49973254812068,276.2706553017932
2023-12-19,346.67139739472617,157.17906781117028,153.3325595618921,179.20064534258887,158.34396776644496,280.8722027231806
2023-12-20,336.2371474404972,156.0673597932092,155.22888150589174,177.25471412039846,156.64747532566264,280.006419339328
2023-12-21,342.3802669817752,157.2969981127214,157.56283083158277,179.25891037630552,156.52683481457902,283.86239470625566
2023-12-22,341.2620576247329,157.73489556966635,158.76346714480326,178.7695160970713,155.65854600181638,283.30127677300135
2023-12-26,344.40003296714974,157.768614316988,158.7971374374505,178.75787020232474,155.2163050835229,284.4556710843157
2023-12-27,345.3645025747063,157.52016660657492,157.50672520020038,178.67629559912305,155.2967113943069,286.86066334943166
2023-12-28,346.09833582068654,158.0296622599541,157.34964325996535,178.72291473809315,155.6424523216965,287.25345578241627
2023-12-29,346.09833582068654,158.3497212920436,156.74369898412684,177.0449813350089,154.79824193929838,283.7582132007328
2024-01-02,336.6354804470779,156.17266361172278,155.03812927300947,174.70285855154052,149.2585016945242,277.6094296365139
2024-01-03,332.44921391195004,156.05893338768934,155.87971374374504,173.0016333589632,148.14094710934967,276.15034517533485
2024-01-04,335.44740640039964,154.93882521469286,153.04084830470163,168.45724520893668,146.2595263627457,278.2747784738237
2024-01-05,343.12805712327395,154.85881373798105,152.30025742736322,169.23794687676218,145.67259133893023,282.14688246168697
2024-01-08,365.1846310784101,157.78125392526775,155.78990325062648,173.73573366781054,149.19418906386005,287.52606158527425
2024-01-09,371.3836584138055,158.24444372401447,158.15752286896475,176.38079195462475,148.8565073944934,286.53999277422963
2024-01-10,379.84014675595427,161.18369734661414,159.6498877239202,179.1307344141257,149.70074261281766,296.99375966860504
2024-01-11,383.1388670329639,161.96694617745038,159.42549976747966,180.8203137119565,149.2183171660768,296.3523938189345
2024-01-12,382.35610444062564,163.5839628965152,160.06507976687644,180.16778800631084,149.4836269467563,300.2164705452295
2024-01-16,394.04128794606163,164.3419325107919,159.88554520336174,178.46656281373353,147.64242798248895,294.58071544265437
2024-01-17,391.7420097274482,164.00507316863167,158.74103180606812,176.77698351590274,146.87859907494868,295.31020827471116
2024-01-18,399.10820250359166,165.85789798982978,160.9963710234637,178.86273659501953,151.6625448342795,301.53118779451177
2024-01-19,415.7694737962963,167.8791852952136,164.25042850546333,181.00675470785293,154.01833176960133,307.3994370913699
2024-01-22,416.90856502192094,166.96959288254865,163.81281840831642,180.3542290022073,155.8916932581823,306.06061335811654
2024-01-23,418.4391444931057,167.97603645772287,164.99103666734624,181.79912005041695,156.928878786462,308.8022813230384
2024-01-24,428.8454271816021,169.5172286523513,166.8536710341542,182.78955450363196,156.382140709057,313.2114461587176
2024-01-25,430.6275248829456,170.48996660544614,170.41069201180085,183.81496220107053,156.11681851041442,315.19956420614426
2024-01-26,426.5321385927746,170.09413554988924,170.76974385428576,185.4113210009531,154.7097515345653,315.96924274457507
2024-01-29,436.5540719075567,172.5322805489029,172.25087375532914,187.9049115360944,154.1550162889526,321.48463832215907
2024-01-30,438.71356727220297,172.05647739236088,169.95059472228533,185.27149914402673,151.1881786455616,320.7150585807937
2024-01-31,429.99858225213626,167.42019557398456,157.2037617045534,180.84362328144155,148.26151311265497,312.76256169182074
2024-02-01,440.4817882900711,170.03097688421713,158.39318034840628,185.59776199684956,150.2394214321997,316.4822712062189
2024-02-02,462.37756383591903,173.16395908231982,159.76209898668495,200.198086890643,149.42737357411517,380.78397076891224
2024-02-05,484.546140540724,170.81845204305552,161.22082811808212,198.45024255909559,150.89871592673921,368.2940210547661
2024-02-06,476.79551817882293,170.75105392413897,161.69210850787627,197.09857200883417,152.20123607162458,364.534199931793
2024-02-07,489.9063370655774,174.3556654517505,163.30788501041954,198.70659448345523,152.2896892224685,376.45502915038287
2024-02-08,486.70550221863175,174.3809315430678,163.72305976883132,197.9025832461447,151.4133038977937,376.7836775886205
2024-02-09,504.121675787333,177.09280346905402,167.1903048224484,203.2742922029668,152.03318377759527,375.2685257927955
2024-02-12,504.9252935109059,174.86518735561413,165.54082345816894,200.81565713205705,150.66460006925496,375.9018396816314
2024-02-13,504.08670333649343,171.1005922503057,162.85905724390506,196.50431133690515,148.9659220669749,368.8632156481214
2024-02-14,516.4707476370702,172.75432027192352,163.75671277693405,199.23094422692108,148.24944285256507,379.4131614857177
2024-02-15,507.79068159314755,171.5182374584701,160.19969179928736,197.85598188716656,148.01598514712276,388.031106009066
2024-02-16,507.476196909069,170.46353236756926,157.675059378892,197.51805535960523,146.76817854745968,379.44524583272437
2024-02-20,485.3846772404411,169.92774685397788,158.3482923863915,194.68655607689456,146.1643799298149,378.1865712188217
2024-02-21,471.54692334342246,169.67040022932423,159.95288578865618,196.44604630318852,146.77621296955655,375.60248457330135
2024-02-22,548.884755146388,173.6655795903533,161.68085626941973,203.42577773463168,148.42656025962484,390.12812312189095
2024-02-23,550.8346029674311,173.11292814048,161.5350265676412,203.90352611911936,146.93723669649648,388.44281808008526
2024-02-26,552.7565369974373,171.93166946387456,154.36491355005444,203.6005550557896,145.84236972982424,386.60504446701543
2024-02-27,550.0238731093604,171.90636399683052,155.83480849718578,202.21392904129664,147.02577677308176,390.86635949424056
2024-02-28,542.7696028708425,172.00759899024888,153.02961335078956,201.77115390103245,146.05168691508678,388.4347414199843
2024-02-29,552.896266376709,174.5051225851687,155.36352810739166,205.9659696287511,145.5123002718106,393.3381632748708
2024-03-01,575.0297636812836,175.2898020674094,153.88239820634826,207.66721260132041,144.63480974842386,403.10477187973703
2024-03-04,595.7025462043093,175.04512130152,149.62969159792243,206.92146639772653,140.9637866740479,399.80645654877276
2024-03-05,600.8115720845245,169.8686832638855,148.86668266639333,202.88976431642732,136.9546348836353,393.41035923045234
2024-03-06,619.9336953882153,169.6324420287582,147.44162382764335,202.17897357706502,136.14960317467708,398.1212009054998
2024-03-07,647.6735332409067,172.6066744219348,150.78543994912812,206.03589833720628,136.05299142210575,411.04170823090084
2024-03-08,611.7424415356141,171.37479168599904,151.9412055848783,204.32300946989042,137.44570323266277,406.03398137415974
2024-03-11,599.4836349718358,170.6576021993706,154.47709024373023,200.37288199179292,139.07191000255128,388.0896679696147
2024-03-12,642.3898055305802,175.1969934795109,155.40839878486196,204.3696108288686,139.45834459487358,401.05838826295803
2024-03-13,635.2259610021077,175.12105082789435,156.8558929623471,205.7329272738765,137.7677506865426,397.70388210101595
2024-03-14,614.6500746272797,179.39042962461676,160.57001316477331,208.28478284273447,139.2731927657169,394.7024519517453
2024-03-15,613.9022310110855,175.67794173101208,158.41559840259697,203.2393367387352,138.96726382788304,388.49895951253035
2024-03-18,618.22143563916,176.05761561336817,165.70915763686054,203.30924766719835,139.8528011913297,398.83540489167734
2024-03-19,624.812191856245,177.7830993343271,164.97981899797867,204.96387150079758,141.75272470288627,398.24151103195817
2024-03-20,631.619627539388,179.39469532834565,166.89852442708,207.5856379981187,143.8378000435995,405.6888832245238
2024-03-21,639.04892045619,181.14123193786196,165.61936442828647,207.5856379981187,137.9609369377961,407.486569928285
2024-03-22,658.9959444122519,180.875432657204,169.17636812138866,208.42460469966082,138.693547086215,408.94711164617956
2024-03-25,663.9791978087139,178.3948143742928,168.39092385112443,209.40341103812128,137.54232740319716,403.68261121631963
2024-03-26,646.9186844396056,177.8843212025032,169.06419142771287,207.76043309926862,136.62456542562165,397.96068037340103
2024-03-27,630.7669200453706,177.7915388650892,169.2885966686979,209.54323289504765,139.52274415127908,396.33151676404043
2024-03-28,631.5078119511533,177.49203396235183,169.35590268490336,210.18411270594677,138.0495142682706,389.68669783343597
2024-04-01,631.5567412975113,179.11624331416567,174.47261181825544,210.871593875824,136.88218848716986,394.3172174942681
2024-04-02,625.1896162568956,177.7957520678491,173.4290747298145,210.54533102300118,135.92417989133165,399.14839399504024
2024-04-03,621.7788397555216,177.3780937344425,173.8330145343142,212.54952727890824,136.576259549336,406.6679374439211
2024-04-04,600.3991752330344,176.2938699737377,168.90707491838884,209.74131978569065,135.90809862917484,410.0225177036623
2024-04-05,615.097283505523,179.51700946080587,171.11757802740308,215.64904216071707,136.5199068329904,423.1998480007148
2024-04-08,608.9818638565001,179.12465659444328,173.7544389951077,215.78886401764345,135.6102165314009,416.7074976413744
2024-04-09,596.5481950385242,179.83764600355406,175.71810152440176,216.34816922534088,136.5923656474189,414.8216098574278
2024-04-10,608.3249272226105,178.56355248856562,175.20198502622628,216.67443207816368,135.0708298881247,417.17293061673513
2024-04-11,633.3248821033362,180.53375635114065,178.87116541300426,220.2866508086918,140.91548079776223,419.84524304170725
2024-04-12,616.3413722957094,177.98982189965042,176.9860438538277,216.88418264354522,142.13110003718558,410.8089423446878
2024-04-15,601.0701222371379,174.5051225851687,173.76572580265318,213.95944508289432,139.02359170830255,401.44359802116884
2024-04-16,610.9528341822553,174.901675529049,173.2495401662998,213.6098904405784,136.35890794197658,401.06639082525993
2024-04-17,587.3295318617944,173.74572231948756,174.45017647952028,211.2328121928784,135.24794729518447,396.5803618726564
2024-04-18,591.7745624483175,170.55210150222337,175.05608618626982,208.83244215568536,134.47509052850293,402.7035075983897
2024-04-19,532.5699998803505,168.37946702853833,172.9016714240935,203.48404276834833,132.83277766053152,386.06734143827407
2024-04-22,555.7597293699137,169.15570698001693,175.35904968191684,206.513628941702,133.5090350926048,386.5970172054472
2024-04-23,576.0631621713053,171.94434844788105,177.58077046029865,209.20530636748632,134.3623975137748,398.12920346780174
2024-04-24,556.8710939659354,172.57291629888644,178.55700153253414,205.7678827381081,136.06909752018865,396.0426094453823
2024-04-25,577.5238769528542,168.34572203073225,175.0448512323578,202.36541457296147,136.7694954724417,354.21538982882976
2024-04-26,613.1893063710354,171.4169893398095,192.9420809606335,209.29852686543455,136.294495967608,355.7482509986377
2024-04-29,613.3430461205212,169.6999188991282,186.43401785026762,210.85994798107745,139.67570862019605,347.1853364407481
2024-04-30,603.8728379762849,164.24928142580032,182.65259163163594,203.91517201386588,137.1237178685982,345.21922543965155
2024-05-01,580.3823667993797,166.61601198177115,183.86446289876847,208.5760902313257,136.294495967608,352.4579135307089
2024-05-02,599.7842162350913,167.83948143742927,186.96138658689964,215.24120470469254,139.2973332858967,354.4561582773447
2024-05-03,620.5558199953517,171.56040886179608,187.65707221767877,216.97740314149345,147.62957539072653,362.7060343333387
2024-05-06,643.9763997452733,174.4629380566005,188.6220856205467,219.8788133526673,146.28515703849214,373.71657209008833
2024-05-07,632.8915766459161,172.6910434790712,192.15663669036925,219.94872428113047,146.84060010799902,375.77103236696837
2024-05-08,631.8990862979315,173.1972971976164,190.05832755957528,219.06315622061024,147.1143416855932,379.2700539364054
2024-05-09,620.2622439172033,173.94821855680874,190.7091425128841,220.81100055215765,148.58758398656477,381.53307481846196
2024-05-10,628.166926876763,174.9691917751457,189.23919571211934,218.4572318739427,147.56379744042187,382.15910242372047
2024-05-13,631.8081793156268,174.53885445773258,189.78903435657548,217.39688649226449,150.16760835185008,375.5865288472303
2024-05-14,638.4967942254281,175.73700532110445,191.13555222520793,217.97950126944698,151.09467138375413,378.6681575143844
2024-05-15,661.3790976907153,178.80957202916377,193.5704260061182,216.7210512171338,152.94073818953922,386.44447453638395
2024-05-16,659.4850239770508,177.92624322622655,195.44432989592718,213.97110875763286,153.03746170377806,379.775598520341
2024-05-17,646.3455426535227,177.59660276729983,197.55383941154423,215.2178951352075,153.06163947784702,378.7162716852612
2024-05-20,662.4274156207741,179.76473528289557,198.51885281441213,213.86622458494608,154.004821025797,376.2525445647319
2024-05-21,666.6629323504328,181.32850289418155,199.56238990285308,213.41178576994344,155.060881857921,372.8739813173514
2024-05-22,663.6156768288864,181.9539863132599,197.91292582311812,213.38849398045036,153.8919789955122,375.40192653042675
2024-05-23,725.4624241001897,180.46630573125515,194.73740931123598,210.96481437377227,150.6513004308226,373.79682000650456
2024-05-24,744.1232212060322,181.8018647556664,196.35320309832375,210.61524195146438,153.15032856998897,383.78013997444737
2024-05-28,796.0661875022016,181.8694728784588,197.93534387730878,212.2465562155785,153.158400245975,385.14445335058826
2024-05-29,802.524112575731,181.38343203296745,197.374322132574,212.0950884639056,153.40022765851668,380.6824320848904
2024-05-30,772.296257566753,175.25520392885753,193.12161552414818,208.94897222311863,154.2063769841499,374.8160846315422
2024-05-31,766.2367189744997,175.44960189171493,193.5592256212951,205.59310541695015,154.98027685972812,374.63943547850783
2024-06-03,803.7472392852919,174.7691499581239,194.3110514525456,207.8070344582468,156.4151973267106,383.19432277482923
2024-06-04,813.790589215611,175.84688984916076,195.00670251423577,208.9722640126117,156.67314325529824,382.7930584934818
2024-06-05,855.7462470623175,179.20262053336523,196.82450077266236,211.2328121928784,157.898485759794,397.2945658588339
2024-06-06,845.6679781558544,179.4181632614757,198.30561338916127,215.56746755751539,156.77796328144922,396.251318246157
2024-06-07,844.8991724590345,179.1350124105728,195.75852834548624,214.7518104254583,158.7207411835101,395.60926081702826
2024-06-10,851.2031973589917,180.8339962674436,196.60102889707926,217.96783759470847,155.68160615921033,403.34558972678474
2024-06-11,845.1223223632446,182.86688628697004,198.4096836314759,218.16592448535147,166.9917378945505,407.253804042072
2024-06-12,875.1079370017287,186.40858852851204,199.72400039374193,217.76975070406544,171.7640976943506,408.35331658352584
2024-06-13,905.9325696121889,186.6283707098669,196.76955320576016,214.20415111250742,172.70726682433755,404.5493331722941
2024-06-14,921.7991534554645,187.04679030732362,198.6006432788919,214.00606422186442,171.296524131424,404.99918091057924
2024-06-17,915.5083902799848,189.49808679906448,199.10616435130112,214.47214893161362,174.6661880783705,406.98339647392044
2024-06-18,947.6610134778291,188.6401290893825,196.69092581292023,213.01561198865744,172.7475755324155,401.24770813963704
2024-06-20,914.1103478415307,188.36963097200163,198.0501823908345,216.8492271793136,169.03125172881332,403.02306670660533
2024-06-21,884.6838646189155,190.09399904736992,201.79098992993798,220.32160627292342,167.26582717511022,397.46410162315556
2024-06-24,825.5511720416646,189.20227008939733,201.33044324226597,216.23165693789957,167.78982796216073,400.7817811789491
2024-06-25,881.3288622249204,190.58851879935008,206.73385111490927,217.12887089316632,168.53953764570696,410.17251634829
2024-06-26,883.4956568854986,191.09989136236996,206.56536137531737,225.60009473179727,171.90918917469037,412.19686821947244
2024-06-27,866.6505395897568,191.39149486927718,208.28410190932857,230.54067444310178,172.59441237608968,417.37017895791695
2024-06-28,863.5052114767124,188.8979482227569,204.62188719397605,225.18061138102618,169.78902067038248,405.0473938785215
2024-07-01,868.8173877250307,193.0313232593599,205.56555418441107,229.78326456476935,174.73067456051743,405.4169196025913
2024-07-02,857.4240691074879,194.10906315039676,208.0931422619125,233.0459108729896,177.5682908803535,409.2889000941227
2024-07-03,896.6362077029363,194.73878602271952,208.74464859700055,230.237703379772,178.60013668451936,409.65842581819254
2024-07-05,879.5115781739554,197.6085021119171,214.11436889245218,233.0459108729896,182.46155196846135,433.7176353935053
2024-07-08,896.0770762870674,197.05061369038893,212.35070582733724,232.21859006619403,183.65464502290214,425.2106152753972
2024-07-09,918.3041543087203,194.2189476784531,212.29454834232143,232.27685509991068,184.34791506436136,425.7567654532349
2024-07-10,942.9780204964497,197.05484001839108,214.76592708117366,232.80120484337647,187.81431494350974,429.5244409429118
2024-07-11,890.4853343308148,192.17339180016242,208.463843887377,227.27802813488148,183.45312631843842,411.8595256394748
2024-07-12,903.3462124909269,191.68733782942883,207.90214804540753,226.62550242923584,185.8473095955277,400.7496721326761
2024-07-15,897.7545774840652,191.86063040275988,209.54224390203433,224.56304113961215,188.95902761388655,398.5726540960985
2024-07-16,883.2160377028688,189.98410139407136,206.61024933733216,224.91261356192004,189.29762821251927,393.45555888789823
2024-07-17,824.7124214431658,187.44827834228715,203.35251024735825,218.98158161740855,184.50916231463628,371.12344551307876
2024-07-18,846.3803680489497,186.11697189636257,199.61166813916583,214.1109306145592,180.72028035290114,382.25733140604956
2024-07-19,824.2929659318731,184.7391889676564,199.57796327742966,213.38849398045036,180.82508796108905,383.01246207659204
2024-07-22,863.5052114767124,187.20316444340378,204.08269582891964,212.71265870531968,180.5429518404694,391.5356355149022
2024-07-23,856.8649376916192,188.010419342302,204.21749799131987,217.21044549636807,181.3893726202914,392.5719673329973
2024-07-24,798.5710491875623,181.26934742739346,193.9274037032655,210.70846244941256,176.17365428552287,370.54506279263614
2024-07-25,784.8014220525768,176.83163739890776,187.91739474209342,209.5665424645327,175.3271962518117,364.2309423393774
2024-07-26,790.2532742054713,179.73516411212265,187.60283331710025,212.654393671603,175.70611797648547,374.10368369180924
2024-07-29,779.9784323184483,180.35222112568115,190.4449828195949,213.4700508036601,175.93183929094425,374.1117603519102
2024-07-30,725.0395462083867,178.74196390637132,191.29873560964447,211.7338701468512,176.38324466597263,372.08738378146137
2024-07-31,817.9324717534961,176.81049263365466,192.702932003207,217.8746170967602,179.02740153936796,381.4379579436947
2024-08-01,763.3430427783527,176.28642796138607,191.82672658987778,214.48381260635213,176.02857522314613,399.8418999960049
2024-08-02,749.782982974927,172.64328072254983,187.2209140222682,195.642035065878,177.23776195770677,392.13009745774775
2024-08-05,702.1134469675069,167.00529354144894,178.89674653883478,187.62526782224168,168.70074764209272,382.16097956796415
2024-08-06,728.674167785012,168.89027520614178,177.81831195508852,188.68561320391987,167.0562367946605,396.90982538668396
2024-08-07,691.3493650915985,168.39154225140166,178.54849753664993,189.66441954238033,169.14414343095032,392.75669314613265
2024-08-08,733.7067783253958,170.19198423080897,182.01968346640848,193.19506366970677,171.9575695587544,409.39335329157547
2024-08-09,732.1691134570608,171.59933833028808,183.8620430625413,194.52342465048312,174.3195530576409,415.93223706874545
2024-08-12,762.0149452415776,171.93324449294366,182.31177498357752,194.36029322407174,175.56242972597093,414.47033689120093
2024-08-13,811.7814914319835,174.9762531554723,184.41245209696527,198.35702206114735,178.58091367770953,424.58399488774586
2024-08-14,825.3415512354092,176.1807697613319,180.15488853154054,198.20555430947445,178.94405217133982,423.15405556087615
2024-08-15,858.7522201189583,178.2638769576791,181.19965282263956,206.93311229247306,181.36530660788998,431.6451693514461
2024-08-16,870.7744546299627,177.17999445327263,183.06443047296304,206.315542051059,182.43870291643933,423.68439820824113
2024-08-19,908.6583887392452,178.47558711505468,187.23211440709127,207.66721260132041,182.30956851862578,425.17850622912414
2024-08-20,889.436909451365,179.86011641827363,187.80506248751732,208.43626837439933,182.8099379219818,423.1300478739705
2024-08-21,898.1739260459667,179.58066688568323,186.31095189356938,209.86949574787047,182.72118674002454,429.9018951314844
2024-08-22,864.9030934910801,175.94366226021657,184.00802832522012,205.23188709989574,181.21193234619219,427.307286598493
2024-08-23,904.2550684151912,176.46869820041115,186.052582522681,206.2922324815739,183.07627839359492,424.1501769733309
2024-08-26,883.9150054474004,175.071450537459,186.65921818029872,204.49778679104838,183.35069054119407,418.6234691317522
2024-08-27,896.7758836075126,175.21966077286416,184.99661784675885,201.72453476206238,184.03670849222894,417.00072733164626
2024-08-28,877.9738063562295,173.84786295462064,182.94086326447487,199.0212114415315,182.7937945700097,415.1370688874271
2024-08-29,821.9164435156484,174.91481389653399,181.73886147224044,200.5593052076974,185.4571371963257,416.2937849297797
2024-08-30,834.3582404873363,176.61686906008958,183.53624668363605,207.9934754541432,184.8195741371332,418.77606119934825
2024-09-03,754.8855384169899,173.35667701417015,176.7735476639895,205.37170895682212,179.79150364209545,411.1043949689323
2024-09-04,742.3740104424048,173.1280352943014,175.75127056525906,201.96924079167547,178.24192812222205,411.89160998648146
2024-09-05,749.3637413624162,172.9121250594081,176.63878007067822,207.28268471478094,179.47674553252912,415.20123758144047
2024-09-06,718.7488899822979,170.07957965624203,169.5390497182144,199.70869261140876,178.21771309426396,401.8742791287556
2024-09-09,744.1913479680652,171.78166107028213,167.2780930238628,204.38125672361508,178.2903581781383,405.5052688783748
2024-09-10,755.584452686826,175.3720842110292,167.22184911612456,209.2169700422248,177.64468618907057,405.5052688783748
2024-09-11,817.1636660566763,179.11493078994138,170.0339753648573,215.00816234981795,179.70274004217512,411.1605857999101
2024-09-12,832.8217520623017,180.79158860975727,174.0047364837239,217.8979266662453,179.79150364209545,422.2222016395002
2024-09-13,832.5421863543672,182.31157041292144,177.1206213171497,217.30366599431625,179.57359322639851,421.4350360204838
2024-09-16,816.3248085087866,182.62914877422708,177.79553092546377,215.43929159533553,174.58588111129097,428.8004066487214
2024-09-17,808.0063383556544,184.2422935468303,179.2128981419201,217.75810480931895,174.9652002107825,431.2448436422205
2024-09-18,792.4879282546053,182.4047465076027,179.76403312721226,217.23373728586114,178.1127937244085,432.5554855125527
2024-09-19,823.9442039679963,185.74113058474134,182.38495774490622,221.24212979767526,184.7146423493147,449.5617701791308
2024-09-20,810.8723681342418,184.29311448479422,184.0160137847699,223.25798972832084,184.17388973010242,451.37084324468583
2024-09-23,812.6898126092931,183.54792885646197,182.05874653693348,225.91471168987357,182.77767605396375,453.83138415985417
2024-09-24,844.9150544435901,181.71035556674994,182.55368946812087,226.0079321878218,183.50402754900267,452.9631061500988
2024-09-25,863.3693322755148,182.9551666662948,181.65380422885394,224.3416446794841,182.69694687614032,456.9673512130088
2024-09-26,867.0741126526009,182.61643041449383,183.04861511476375,222.7452858796015,183.62510268879325,456.5894030391089
2024-09-27,848.6198348206763,181.22344845527053,184.42097337739395,219.02820075637862,183.842975850601,456.2034029043744
2024-09-30,848.8995609526972,182.18879689698272,186.5581900178126,217.1172249984198,188.0478471567304,460.2882169741632
2024-10-01,817.8625803265124,178.11991930076059,187.84053037279048,215.71895308918027,182.56783731425287,463.5285631269716
2024-10-02,830.7946333062997,176.61265585732966,186.5694595408136,215.2878060636707,183.0278731736048,460.5856949382496
2024-10-03,858.7558029235552,176.36281687123886,186.5694595408136,212.02517753544242,182.1320164828591,468.59438265820046
2024-10-04,873.2255742463728,176.15961187083659,187.9192614728973,217.32695778380932,183.0439792716877,479.184193111708
2024-10-07,892.7983822835125,173.39904529612974,183.32983465345484,210.673506985181,178.9198743972709,470.21065325051916
2024-10-08,928.938239199933,175.5879944459225,184.90466407012477,212.91074559596268,182.2127208247564,476.73165475884167
2024-10-09,927.2603102053715,176.75236093576152,182.07001605993452,215.76555444815838,185.25538255056392,474.81805439803475
2024-10-10,942.3593182698236,176.06644890139754,182.31746159871147,217.49008921022076,184.85182358718816,469.44675434041756
2024-10-11,942.2894803175355,176.26969327752656,183.62230643060244,220.01865298958566,183.64931771675134,474.3676385766233
2024-10-14,965.1477736445552,177.46368343910748,185.55706920152576,218.52714280240585,186.6758360905868,474.74558675052316
2024-10-15,919.9206943528783,177.294315313207,186.11950827890792,218.70193790355583,188.73386510776527,471.4086170676994
2024-10-16,948.7206680433281,176.18499608933408,185.78202754793415,217.76975070406544,187.06321444810132,463.7859788810158
2024-10-17,957.1787606263412,176.43904827818477,183.2735907457166,218.51549690765935,187.36184162365862,463.8984593400369
2024-10-18,964.6585871303653,177.04872890560287,183.82474301555325,220.21673988022866,189.661983666529,463.5285631269716
2024-10-21,1004.573169325551,177.31124687570014,184.55596566978346,220.3099603781769,190.85645511486894,462.47528761215085
2024-10-22,1003.734044404184,181.00752509513504,185.75954035556555,221.04404290703226,190.3560732935499,467.983224011293
2024-10-23,975.5633609300639,179.7754586058079,183.10487630704645,215.22955880994604,186.24000284122994,453.2525321533506
2024-10-24,981.505148242885,179.83046649604725,183.03738016085168,217.17549003213645,186.08666583342136,456.5411900711666
2024-10-25,989.404109410029,181.2784825959944,185.9057676018671,218.86506932996724,186.76461210847015,460.9395366281785
2024-10-28,982.2739004650092,180.61799415585463,187.53682364173082,219.51759503561289,188.37067694228273,464.8875661608442
2024-10-29,987.3768837046359,182.8874404163222,190.86639729856398,222.36075799306207,188.58858735797963,477.04533544166276
2024-10-30,974.0255356376426,183.1329874481996,196.24325611088588,224.5746870343587,185.70734673392982,475.8552753897189
2024-10-31,928.0292763262777,172.04839224313935,192.47498343060354,217.19878182162952,182.3256994526348,456.3803484486051
2024-11-01,946.4836076328979,173.75044740669495,192.6774027310099,230.63387716105802,179.9044946879369,456.04261068034566
2024-11-04,951.0274594566557,172.9417749816345,190.37148893646557,228.12864073117018,179.17811835697185,450.8322510423554
2024-11-05,978.0099351973588,174.21194404919237,190.93391072930322,232.46329609580712,180.34030310136762,460.2802144118614
2024-11-06,1017.8545724908654,177.90402219110956,198.54920447451917,241.30738414623903,179.75113284420217,459.97458568987486
2024-11-07,1040.7127588684941,180.1268607163731,203.3186152556328,244.75647145035575,183.5928159848491,475.7748545784382
2024-11-08,1031.974779729374,178.90322063256582,200.61895953783204,242.5774800932987,183.37465720989107,473.8773087407678
2024-11-11,1015.4078912741797,176.98521585839018,202.86869856281604,241.01607675764777,181.1689289401312,468.9159177077253
2024-11-12,1036.5882556066379,179.1107044619392,204.29726616409548,243.42811046957937,181.1689289401312,470.24271289825947
2024-11-13,1022.4680483681293,180.02948454417412,201.2151207614948,249.47565470153216,181.88800350881965,466.3670028175071
2024-11-14,1025.8933165119765,180.74502025028,197.50309198895067,246.42274117870144,184.39269423913927,464.0834074465695
2024-11-15,992.4798669442627,175.71078108710344,194.02727380127146,236.0871607210818,181.79104405328275,445.5253172728824
2024-11-18,979.6875433437473,176.03258577641122,197.18813301943447,235.02679755941162,184.23108686793577,445.78258483132845
2024-11-19,1027.6408695600444,176.89207913943562,200.36024447605402,238.4176198298117,184.44116154894468,451.16188745124754
2024-11-20,1019.8118532945794,175.9182780417191,197.95304325085638,236.4017776791581,185.02289344623995,454.72401564624425
2024-11-21,1025.2642401944286,175.15885152555347,188.5604489349307,231.15824468451584,184.63505562409236,452.7700566841988
2024-11-22,992.2701391886164,176.91099261350743,185.33207628602844,229.69004406682112,185.7257998270302,449.59392862393656
2024-11-25,950.8178386504003,177.67039287918857,188.5829188427548,234.73549017082038,188.14971170767421,454.3943298388194
2024-11-26,957.1090296234439,181.573459290158,190.23649664407606,242.2046158814978,189.91912242751806,461.17269770265335
2024-11-27,946.0642590709961,179.45224951558012,190.36020212892006,239.73433491584154,189.8140788780321,457.6829877566354
2024-11-29,966.406140178433,179.65162194524754,190.04526044394834,242.23957134572936,191.7531934809916,461.7999602712301
2024-12-02,969.0623352519831,182.84198770243555,192.9024129310517,245.5255272234347,193.57918044051607,476.6834417908994
2024-12-03,980.4564025152625,182.93530817478148,192.73366392329257,248.70659892845325,196.0515472130024,493.42440693819685
2024-12-04,1014.5688733022034,185.57412500244456,196.1420032493215,254.20648384745513,196.34241316165003,493.5289836319814
2024-12-05,1014.0799006867957,187.78020259336412,194.1960055244861,256.9913817711877,196.36665302553425,489.62916706725787
2024-12-06,995.7638549426694,188.18325253215454,196.52445836503247,264.5420643050748,196.20505807229378,501.5617778359034
2024-12-09,970.3874382058118,189.22265359060034,197.49294596134087,263.44674567917303,199.3641878735983,493.36009004858533
2024-12-10,944.2420553480478,188.08141377759304,208.52921403460073,262.2232510910914,200.18830599177272,497.9834963207047
2024-12-11,973.8828651501198,190.48265059542004,220.0497259060148,268.3057507872758,199.15412561055243,508.7260964359391
2024-12-12,960.1110990273153,190.72448318374276,216.17579280532567,266.8026124853415,200.34182926902716,507.2063505765704
2024-12-13,938.5096749427001,189.752939627692,213.7658087684667,265.04312225904755,200.47918435838338,498.81171212041784
2024-12-16,922.7803071680089,191.5857090787432,221.46870058510774,271.4169115638312,202.8303269755225,502.3444975869743
2024-12-17,911.52527411296,192.80328530063434,220.07228223656128,269.342804379461,204.8017531183523,498.481828718862
2024-12-18,901.1789900327847,185.5613935174691,212.16667728225772,256.9564263069561,200.41453644271678,480.57658955370465
2024-12-19,913.5526067677441,185.4086813239747,212.29055561254654,260.18409937095277,201.8203988761495,479.27291287648706
2024-12-20,941.6554843280039,185.2262535820427,215.55643572297058,262.08342923416507,205.61781197850374,470.96803155430075
2024-12-23,976.3994912684846,184.65349426105345,219.18259487853763,262.2465606605765,206.24802360356745,482.7171267738628
2024-12-24,980.2443218730155,186.38441183230088,220.84930893366374,266.8958329832897,208.61537166249394,489.0745697403236
2024-12-26,978.2170961676223,185.86684415494244,220.2749608051348,264.56537387455984,209.27784515557565,485.53368291439983
2024-12-27,957.803986765815,182.6510548035302,217.0766805481724,260.7201127891571,206.50654075845566,482.68501772758964
2024-12-30,961.1597378055469,180.23284704748332,215.36499210830908,257.86530393696137,203.76756031916895,475.7883403778728
2024-12-31,938.7891337012437,178.8201115986847,213.18022568602575,255.63971122092627,202.32939876382906,471.17733313746817
2025-01-02,966.8921182108944,177.581311860087,213.3266084932276,256.6068538846482,197.02110451448215,482.22630295268
2025-01-03,1009.9551835261575,179.60496170907453,215.9843319061197,261.23281663787645,196.62520743431162,486.5637411188385
2025-01-06,1044.6291386155683,181.51408069425182,221.70518772268431,265.21789958020554,197.95026618214257,507.1406999265752
2025-01-07,979.6851904571465,179.18919341055087,220.15111704393496,258.8091370311983,195.69607060257732,497.23451576748676
2025-01-08,979.4754627015001,180.11830305843083,218.4168377044362,258.83244660068334,196.09194284682175,491.46456955075683
2025-01-10,950.1142186073625,177.73828975731035,216.26587985115586,255.11536147746043,191.3653929127332,495.600856891648
2025-01-13,931.3789312507257,176.9916078513624,215.10594864018603,254.55605626976302,189.38588267595432,489.5412376790025
2025-01-14,921.1025920722294,176.34676469997598,213.58561739226175,253.74038135771397,188.48097329014118,478.21059743017724
2025-01-15,952.4212239194719,180.86073238589208,220.21866504376314,260.25402807940793,192.1894861949815,496.6148605729501
2025-01-16,933.7558814645142,180.12678196491964,217.2456369704653,257.1195577333675,184.42500577900955,491.9312868879683
2025-01-17,962.6977769967501,182.01469055863262,220.7254478879194,263.27196835801504,185.8147000245441,493.1142335511994
2025-01-21,984.5087149382297,181.78982890852978,223.03405807140263,268.83011831073367,179.88425340815652,496.0837769475943
2025-01-22,1028.1311255681435,189.29901624996864,223.39440625472355,273.84059117050936,180.84573903365026,501.74894887640875
2025-01-23,1029.1798712957661,189.5153727430982,222.95520597948445,274.318339554997,180.7084087802201,512.170260934782
2025-01-24,997.0222214765473,188.39111699355303,225.46656386971912,273.6541679546048,179.99739346955465,521.0544882487992
2025-01-27,827.845878173815,184.36076198331335,216.00683638303275,274.318339554997,185.71775298697025,531.0250880945646
2025-01-28,901.7382283980446,189.72326345498115,219.93713438327146,277.49941126001556,192.5046044254764,542.65345330014
2025-01-29,864.757000623047,187.65716657258056,220.0609781444713,276.24097898769435,193.39335804135442,544.3916888697635
2025-01-30,871.3982369526589,176.05825875023805,226.2097819978185,273.4094619249917,191.96325574403747,552.8493598536766
2025-01-31,839.3805838861892,176.08797429867565,229.75712363055635,276.9517519470647,190.67862988391502,554.6036499464366
2025-02-03,815.5421528658392,174.3315675069928,226.61519098859904,276.64879866372695,184.22299035602364,561.2668698304822
2025-02-04,829.453701842611,174.9467476109106,232.41489889708186,282.0554630847806,188.09314788595665,566.6825791690216
2025-02-05,872.6567104359278,175.33705293948333,215.46629682350692,275.1922617207708,187.82653421915631,567.2298655131121
2025-02-06,899.5710059399023,176.41038274912663,215.77038381454514,278.29177660257955,188.43248114440968,572.9595519256691
2025-02-07,907.6803365590384,173.8351970958564,208.7206749338067,267.01234527073103,183.91598105540393,574.9955124520425
2025-02-10,933.7558814645142,174.88309018603326,209.99321495206433,271.6616175934443,184.13436335369693,577.3131928105623
2025-02-11,928.3729047193892,174.55217657860896,208.69815317234912,271.2188246731882,188.15435602585694,579.2444778460856
2025-02-12,916.7682541053359,173.53399903686972,206.7724475027333,266.7559933463714,191.59195864867974,583.7349032681019
2025-02-13,945.7799875898602,174.17035015652507,209.62157996119794,268.4339267494556,195.36119539286122,586.2939448575294
2025-02-14,970.667110863137,173.27519551032714,208.5967793189734,266.46468595778015,197.84436579320578,592.8202320088536
2025-02-18,974.5119414676677,173.78854998492565,206.9526043098493,264.0992713848187,197.73922290001533,576.4842360328582
2025-02-19,973.3234128860781,175.96492515264984,208.64184012643298,264.0759795953256,198.06274809149878,566.3446438066312
2025-02-20,979.4754627015001,176.895885459686,207.84225709878405,259.70636876645705,198.83924332135558,559.1584910551298
2025-02-21,939.768041476578,173.52910332151316,202.32413170442635,252.36541901795948,198.61277692911347,550.0730635173127
2025-02-24,910.7563079920538,171.73945029122945,201.86240966772968,247.85598633216455,199.86648206122788,537.6640532990408
2025-02-25,885.239894502447,169.14634868229788,197.549259007257,247.96085272485934,199.81795266160722,529.109808183645
2025-02-26,917.7470549312794,169.92430804051025,194.51993517258748,249.7669620901234,194.41484726433205,542.1464761587553
2025-02-27,839.9398222514492,166.86359342619616,189.75633199841914,243.23002357893637,191.93976095793656,529.7053568942105
2025-02-28,873.2857867534758,168.75952154291946,191.76085519086413,247.35492837819183,195.6119389028767,537.7204170248832
2025-03-03,797.3661038744623,165.14618172921652,188.07831385120306,238.8953682142994,192.53022268325978,527.1382139454157
2025-03-04,810.8583042893324,165.1971995458141,192.48156884205045,237.47378673557483,190.83164402468418,515.0270274809594
2025-03-05,820.0161667373089,170.472654410928,194.84649207144983,242.78723065868024,190.67797173187307,528.2808514059409
2025-03-06,772.968381014157,168.71702200853744,194.09198713580494,233.8615680050467,190.34635002847747,505.313892787771
2025-03-07,787.7888393898885,167.19516329573258,195.79247519084512,232.17198870721592,193.37144033656156,503.4871844460322
2025-03-10,747.8714765105382,161.60512262454444,187.00966231963255,226.68374968296052,183.99688408471013,481.22030183367974
2025-03-11,760.3150916218722,161.72842115017286,184.9464062450442,229.0724738254071,178.6261274811944,487.4329083021829
2025-03-12,809.185027593277,162.9271757746879,188.40768813081564,231.75250535644483,175.50396595590593,498.578353451812
2025-03-13,808.0664439133665,161.014237344018,183.50330234185702,225.92635758462006,169.59937353859976,475.30561791605743
2025-03-14,850.6440124684273,165.1759497786231,186.58124760014903,230.65718673054306,172.68108975821667,489.3887938070048
2025-03-17,835.6824343713419,165.235472752194,185.2282825964255,228.082039372192,173.09358965499234,487.2141222007318
2025-03-18,807.0176981857439,163.03345086112745,181.1469349619753,224.67957120704543,172.03400212136063,469.05932164823395
2025-03-19,821.6296587238251,164.86136397254882,184.7772769773065,227.84897923732547,174.09658853098043,470.4286489754466
2025-03-20,828.6910457357706,164.4447819090061,183.54839771840557,227.1614980674482,173.17449268429857,471.99117396415755
2025-03-21,822.8881322070938,166.3237259622673,184.8900586300391,228.6296986851429,176.54737288367642,480.2469531448125
2025-03-24,848.8263540945942,167.09738024102407,189.0503274945854,236.8445528194222,178.53715277590214,498.4500654623181
2025-03-25,843.7924066868234,167.98158843519155,192.29738473607063,239.69937945160993,180.97987787057514,504.4587053891885
2025-03-26,795.3420331761022,165.77532709088064,186.09639884293802,234.36262595901943,179.1842155768321,492.11119634416275
2025-03-27,779.0519832193731,166.03464250187068,182.9170451621813,234.63062377812562,181.06074364599218,485.34552390323984
2025-03-28,766.7471884174879,161.02699507947793,173.99892887677856,224.56304113961215,176.24809997404026,464.53273650026097
2025-03-31,757.7283067030464,159.5774170757039,174.34842236616598,221.6965686126779,179.66954682692793,464.22661379294715
2025-04-01,770.1031533560017,162.46809417676315,177.08814365807163,223.922161328713,180.52690783220177,471.99117396415755
2025-04-02,771.9907031568184,162.44683128432987,177.0543005199796,228.39663855027635,181.09310485771465,470.32392408606387
2025-04-03,711.7249352571835,158.60818356228788,169.92885076532937,207.88860906144845,164.34995285209877,428.19107574752485
2025-04-04,659.3592514932975,152.9671381997444,164.15633144531375,199.25425379640612,152.37090270085108,406.53263486277984
2025-04-07,682.6405831362067,152.12544266520118,165.45289698039872,204.2181252972037,146.7736672871302,415.8113588591607
2025-04-08,673.2721908121516,150.72264302478033,163.1416076925211,198.8580800151201,139.46167260897244,411.1397643183654
2025-04-09,799.3271813815549,165.99638242073306,178.93712323474028,222.67537495113837,160.83953129391884,471.8059788649613
2025-04-10,752.0652295030322,162.1109957110646,172.29650495275658,211.16290126441527,154.02095195980604,440.00690838480193
2025-04-11,775.5563958509786,165.12919766575442,177.16703031907875,215.4159820258505,160.27334668636902,437.8161328568598
2025-04-14,774.0183031850798,164.85713764454667,179.3430161927662,212.2116007513469,163.80803294435927,428.07829889730743
2025-04-15,784.4354412367574,163.97291632513694,176.23126236547114,209.26357140120297,163.50066352281095,420.0560265808565
2025-04-16,730.5317717563637,157.9705330436505,172.87147532488677,203.13447034604044,157.13501697318236,404.5833934606099
2025-04-17,709.5574989002595,156.3424123696483,170.42489990736348,201.13027409013338,159.32698613987682,403.91490781647184
2025-04-21,677.5369582002343,152.66108380112792,166.49010792555995,194.96621757073927,156.2371734083478,390.36728611809224
2025-04-22,691.3798456680182,155.9343092125944,170.77439339675092,201.79444569052555,161.5594130302059,402.9483514258547
2025-04-23,718.0870336764248,159.15231672994565,175.14893875921686,210.44046463030642,165.49044341503668,419.04928448386534
2025-04-24,744.0950400415178,164.6403086426964,179.5797798830545,217.36191324804093,168.53977358700502,429.4233715449509
2025-04-25,776.1156876909339,166.57452309104178,182.60134295725248,220.21673988022866,169.27582351119023,440.79629693779117
2025-04-28,760.1753087679049,166.2812001774008,181.07928325488024,218.71358379830235,169.97144054766696,442.78567464780235
2025-04-29,762.2027483720799,167.5054965233202,180.57191273621166,218.35236548124794,170.83689806485293,446.57133120339216
2025-04-30,761.5036202034619,168.02410109481582,179.03863536447184,214.89163228238465,171.88032982854952,442.18973074897497
2025-05-01,780.3105636520329,180.83655568968095,181.85722603284012,221.6266576842147,172.5435980712668,460.88406207592516
2025-05-02,800.5157099631444,185.03651508018143,184.93515400658765,221.37030575985506,166.09706091029506,480.8672505202746
2025-05-05,795.7615956367856,185.414863313071,185.13812641241736,217.14053456790487,160.87189250564134,482.6794356933915
2025-05-06,793.8039939848989,184.19907212412488,184.03317733743864,215.5791134522619,160.56451066612996,473.0463266232219
2025-05-07,818.4136905380603,184.2160824380715,170.67296768974174,219.8904770274058,158.73652441455357,480.6980111471494
2025-05-08,820.5810199455935,186.2650508793453,173.94252940814005,223.81729493601824,159.7395108725786,481.6646416355656
2025-05-09,815.5472864366047,186.50309027265985,172.21754915357153,224.95921492089815,160.5807161079173,477.21857609593883
2025-05-12,859.9425668401943,190.97937538809703,178.65528145244792,243.1134935115031,170.7207776923215,515.0261877059031
2025-05-13,908.3929403509156,190.9283838219839,179.86162166534686,246.29456521652165,172.4539776318957,528.396592168122
2025-05-14,946.2164480543132,192.54374676052615,186.44590961686993,244.9895138052303,171.96803790161013,531.0786361040415
2025-05-15,942.650862309544,192.97813977779228,184.85623277649157,239.07014553545736,171.25532133000607,518.6103476464964
2025-05-16,946.6360105149967,193.46362936310945,187.37042533202097,239.5595398146916,171.10142551385997,515.7591631345172
2025-05-19,947.8246460459774,195.42267676977815,187.76504876704593,240.22372919507578,169.0928696614944,515.8316307820288
2025-05-20,939.5048390254585,195.1245631427185,184.8787718224936,237.7884036936511,167.53783023787662,513.1493892519784
2025-05-21,921.4670755965753,192.73965412624148,190.04249491683152,234.35096228428088,163.67456467743938,511.86072972871006
2025-05-22,928.6681919877929,193.71491212584692,192.6468955100025,236.65812960351772,163.08332062044366,512.7225859292108
2025-05-23,917.9011690036335,191.72179159031603,189.94101735618892,234.199494532608,158.15099262056336,505.0627506473832
2025-05-27,947.3352456330057,196.19778795042387,194.9355938982447,240.06059776866434,162.15194855535938,517.3538959665666
2025-05-28,942.5110794555769,194.7796055260945,194.32678038802246,238.5457957919915,162.3220249773667,518.3687888214579
2025-05-29,973.133363818366,195.34175965135157,193.7630622543488,239.6877157768714,161.94133990193907,519.5527234553434
2025-05-30,944.748353764789,196.05722973124622,193.62775884015866,238.88370453956088,162.67028675125658,521.5180440799162
2025-06-02,960.4790049321717,196.74289238600758,190.57236991241317,240.79468029751973,163.35870136916114,540.373562819157
2025-06-03,987.3260827439364,197.16878024630043,187.35917309356444,239.69937945160993,164.63025111418622,537.1114813119485
2025-06-04,992.2199799242625,197.55205044503103,189.46750726015685,241.4705155726504,164.26580873443507,554.1063549174665
2025-06-05,978.7264961167009,199.1746716425335,189.6478887663511,242.26288091521445,162.49210139937404,551.4242121844816
2025-06-06,990.8217235870264,200.32452161445207,195.81503152139166,248.85808446011808,165.15669823995864,561.967588017225
2025-06-09,997.1839289556586,201.33386586816192,198.77250350465744,252.83150372770868,163.15621406357909,559.0276837404667
2025-06-10,1006.4824298527301,200.55450210902956,201.60582060492277,253.565604036556,164.1442989659376,565.7450444163819
2025-06-11,998.651595447619,201.278503596382,200.1948141008351,248.4269374346085,160.9937499771044,559.0920994271437
2025-06-12,1013.8238638448694,203.94022397175866,198.33228344129404,248.47355657357863,161.33392765704517,558.4638488879125
2025-06-13,992.6384728910366,202.27505073890518,197.16958670320736,247.14519559280225,159.1066790573102,550.0146744516284
2025-06-16,1011.6564274879453,204.05522734428968,199.54012740956273,251.80611381026208,160.70220104048872,565.9546423907457
2025-06-17,1007.6709584343197,203.58677432340363,198.614470914476,250.3146214030743,158.45063806909118,562.0129852688018
2025-06-18,1017.1799357327741,204.523693490418,195.64572940820918,247.6345898720365,159.21195854809426,560.8361640236291
2025-06-20,1005.7831947347211,203.31418929250611,188.10524317150305,244.33698809958466,162.79175926586493,550.0187745298448
2025-06-23,1008.0205759933243,206.97674876461937,186.46844866287196,242.9154066208601,163.1967090411029,563.0609257420879
2025-06-24,1034.1002919250468,208.72710481962832,188.251988954139,247.92589726062775,162.22482958053178,574.0798118508685
2025-06-25,1078.918289796353,209.6469874222116,192.66563195621893,247.01701963062246,163.24532536646495,571.2424589280531
2025-06-26,1083.882559675922,211.85303876264666,195.89405645875462,252.9946351541201,162.79175926586493,585.2760386921418
2025-06-27,1102.9704591745099,211.20996751896303,201.5267956675598,260.1957630456913,162.85655619708822,591.353836564831
2025-06-30,1104.648602067853,211.8360153234578,198.93055337938338,255.63971122092627,166.16907267805357,594.9488147840917
2025-07-01,1071.8566354109298,209.5533125683251,198.49029874693102,256.8865153784929,168.31534374070398,579.7383643762976
2025-07-02,1099.4746044326378,209.1444743977056,201.65098511964925,256.2572814623403,172.05712436856984,575.184116049997
2025-07-03,1114.0875275152375,212.4450265635215,202.65563198301,260.3239390078711,172.9561228039686,579.5690756046396
2025-07-07,1106.3965829134845,211.96804213517763,199.56268374010924,260.3938499363343,170.04044716836603,579.0370534071619
2025-07-08,1118.7021798358019,211.49957598904936,196.8196783847524,255.6047557566947,170.0890634937281,580.9071830591683
2025-07-09,1138.8389320114031,214.43386827008126,199.37079072729128,259.31017720517906,171.00425495295113,590.66872831443
2025-07-10,1147.3688945851325,213.56934793927792,200.49957518910807,258.98391435235624,172.03282241487037,586.2030515573103
2025-07-11,1153.1021305856075,214.35295115165468,203.4006477037353,262.19995930159837,171.02043555881238,578.3600465161284
2025-07-14,1147.1590598800951,214.22519004366376,204.94711318291343,262.98066096942387,168.96326338108474,581.1086796741648
2025-07-15,1193.515417790777,215.4176576771445,205.4438018530933,263.74971674250276,169.36012906237363,572.6208755852876
2025-07-16,1198.200015013021,215.33247485498904,206.53876046136253,260.06758708351146,170.21053600833642,566.5913894776062
2025-07-17,1209.596756011074,217.9218226446392,207.22732485981587,260.871598320822,170.09714758767717,565.3823109905622
2025-07-18,1205.471611052872,217.21911030020448,208.89794522199446,263.49336481814316,171.03664100059973,567.6957924738001
2025-07-21,1198.2699599147,217.22336287869112,214.5871703221606,267.18714037188096,172.08951041621845,574.7004550160598
2025-07-22,1167.855264319738,215.1834114788381,215.98689001870275,265.0547681537941,173.6445498398362,568.1230403833623
2025-07-23,1194.0747631054278,215.43894682006223,214.73389882025208,266.01024714277753,173.44206253425418,575.1922174093643
2025-07-24,1214.77086059568,217.5725993242863,216.92381603679053,270.6012544317741,173.12619922597594,576.1755940003753
2025-07-25,1213.0927177023366,218.77785094371148,218.06390459069723,269.6807309070223,173.22338220484784,574.4667011591922
2025-07-28,1235.8164686955456,218.26254080801877,217.38662699978937,271.25378013741977,173.36108499716966,578.4566700461438
2025-07-29,1227.1464024196766,218.29233510790985,220.96495982078,269.17967295304953,171.10954686169825,564.2457989480953
2025-07-30,1253.4359530564363,218.57767787426727,221.8454345165958,268.2241939640661,169.31154999090074,560.3847602315631
2025-07-31,1243.6474100500477,227.20594961980768,216.61902037942858,272.79189168357766,168.11286885308502,623.4432716203638
2025-08-01,1214.630863842931,223.20695081328594,213.49224628298035,250.23304679987257,163.90945044863307,604.5571751893647
2025-08-04,1258.5400057899726,228.1173401906599,220.16347549323822,246.62082806934444,164.69506046337256,625.8050154700768
2025-08-05,1246.3740847722315,224.7571731745774,219.74584632951033,249.06781724550763,164.34677385355658,615.3987699641855
2025-08-06,1254.4845918346682,223.56043983736777,221.34874584641594,259.04217938607286,172.71315293882583,622.274452937493
2025-08-07,1263.9236242314435,221.81433636084543,221.83414770905028,259.9976761550483,178.20433894805322,614.0848183921605
2025-08-08,1277.418070583523,222.32538079280926,227.36532293449042,259.484972306329,185.75269713500828,620.106153741942
2025-08-11,1272.9433080663168,222.21042992124725,226.89122516394607,257.86530393696137,184.20400329051185,617.3413672637035
2025-08-12,1280.6344665668516,225.391699885561,229.53264925139342,258.0633908276044,186.20674753616748,636.791693735519
2025-08-13,1269.6570741307003,221.70363806777007,227.97489696466977,261.66394588339404,189.19059778894442,628.7955038443481
2025-08-14,1272.6636354089915,222.51275675106677,229.08110781139555,269.14471748881795,188.7446438996974,630.4479835611563
2025-08-15,1261.686349922231,221.52896734400355,230.16476232757478,269.2029825225346,187.77975575232645,632.9467095421231
2025-08-18,1272.5936905073124,220.2215357137185,229.71325545666588,269.73899594073896,187.21218033291441,618.5504457507475
2025-08-19,1228.0554722427228,217.09986747442906,227.53462504767293,265.68398428995465,186.9446104829588,605.742048395372
2025-08-20,1226.3772223999886,215.375079391309,224.99481679722405,260.79002371762033,183.25532058492828,602.7113002169275
2025-08-21,1223.4407129727674,215.0977955236886,225.48020137531392,258.62269603530183,182.355303876559,595.7629520019775
2025-08-22,1244.4863210726328,216.37325406387032,232.63684973275068,266.6511269536766,184.6742839693845,608.4101125465295
2025-08-25,1257.2115874050248,215.10632693114644,235.34602923455998,265.602427466745,184.18778543076144,607.2090860203202
2025-08-26,1270.91565456336,214.15931445284735,233.82212008592836,266.4996592020037,185.93106875633666,607.8539838650807
2025-08-27,1269.7270190323793,216.16422145591224,234.20592339610877,266.97738980649945,186.88786039179544,602.4371877588213
2025-08-28,1259.7285343715623,217.40131491301838,238.90178844045963,269.86717190291876,188.56625986040595,605.443780054762
2025-08-29,1217.8472598262595,216.14290606251,240.33538584418278,266.8375679495731,188.22572205953657,595.4405277788635
2025-09-02,1194.0747631054278,215.47317745183133,238.57441916800673,262.5728235133993,186.26351004529388,592.546761731673
2025-09-03,1192.9560724761266,215.57130176283815,260.3717853664034,263.3302333917317,193.3582524597967,594.110521683702
2025-09-04,1200.2276685159777,216.6889161398085,262.2230465029434,274.6212928383348,194.420435347707,603.4609723496035
2025-09-05,1167.7853194180589,211.15619340149445,265.2708302311177,270.7177844992074,194.3474798147563,606.5239777699193
2025-09-08,1176.8047893541507,212.52125797046745,264.4234208688923,274.80773383423127,192.8798752690119,606.4030501618018
2025-09-09,1193.9349802514607,212.61082462353195,270.73915885282827,277.6042954327023,190.017658964363,617.204286335384
2025-09-10,1239.8717757014592,213.44692880487975,270.2194471694009,268.38732539047754,183.88777986130503,606.1450416253648
2025-09-11,1238.8228160750548,213.71994696877127,271.57522955387464,267.94453247022136,186.51487445346214,605.2744912831041
2025-09-12,1243.3678443421131,217.51222320996965,272.06104624557656,265.84711571636615,189.79062134582034,609.0550103912901
2025-09-15,1242.8783369797507,219.84132369643046,284.274409082475,269.66906723228374,191.9230836335531,616.3982010783329
2025-09-16,1222.8105671613098,217.1453726892847,283.7660014911377,272.7219807551145,193.09879153971627,627.9249535020874
2025-09-17,1190.7158035839677,217.5633985294741,281.9243851304175,269.8904636924118,193.77989197738117,625.2810452334337
2025-09-18,1232.3199722573281,216.8936961692799,284.7489562511759,269.4360248774092,192.8798752690119,628.9325847726676
2025-09-19,1235.32664048501,220.93767518096757,287.78814956074353,269.7273322660004,199.05838311539497,627.4251885464809
2025-09-22,1283.85310848739,219.4531709075856,285.3138670184187,265.2412091496906,207.6369355174295,617.1852679002839
2025-09-23,1247.633093002455,217.2264210601337,284.33091225838047,257.17782276708414,206.29907384968837,609.3127719350634
2025-09-24,1237.4243458390372,217.618865803192,279.22410716901544,256.5952079899017,204.58012973170185,613.5555625125156
2025-09-25,1242.458774519067,216.28793998929243,277.6988498259144,254.19482017271662,208.27750372368143,604.0779106248402
2025-09-26,1245.954950109112,218.17767299167716,278.5462246190508,256.0941500359289,207.13424395498214,599.9158372498651
2025-09-29,1271.5468698687268,219.51709083730776,275.7329575903824,258.8790479596615,206.29907384968837,599.6334752367934
2025-09-30,1304.6202203732307,220.94618033794086,274.65963923180226,255.8494617863078,206.4612648651555,592.3579111410548
2025-10-01,1309.235086592577,221.6969441942263,276.6933214507851,257.08460226913587,207.1261226071439,578.6132633948907
2025-10-02,1320.7724660397248,220.00344668861294,277.58586075864804,259.15870945350616,208.48831106451064,586.4454501574054
2025-10-03,1311.8921372612547,220.6901856132382,277.2017636112115,255.77953307785265,209.2099437335885,573.1444012351362
2025-10-06,1297.3480895864247,225.47643644948022,282.94121759763675,257.3992014472202,208.13156782185388,577.2581134465709
2025-10-07,1293.8520209457708,223.51841281170644,277.6649548341889,258.42460914465886,207.9613051304007,575.1771014583496
2025-10-08,1322.31071912971,223.88951591087803,276.37696243316606,262.433001656473,209.2423794530893,579.0165530160799
2025-10-09,1346.5039547545255,222.84445787302562,272.885812854533,265.3693851118704,205.98285042048153,591.656106186592
2025-10-10,1280.7066574057408,217.9643878052324,267.2819215504651,252.12071298834636,198.8719025641914,568.9017094547495
2025-10-13,1316.7867830873174,219.28251650794527,275.8459293731043,256.4320765634902,200.80977537084541,577.2904200869748
2025-10-14,1258.8207479412074,219.07777585420064,277.3147008248444,252.14402255783145,200.89896118150955,571.6038091949565
2025-10-15,1257.4223846545806,219.0180297515116,283.6191347166903,251.188543568848,202.17196382821214,578.7826509636142
2025-10-16,1271.2670902620107,218.2416716728528,284.1049514083922,249.90678394704977,200.6395002614292,574.3624208566039
2025-10-17,1281.1262198664242,219.0820415579295,286.18381542664605,248.24049643871206,204.56391187195143,578.2744388589113
2025-10-20,1277.0706989617286,220.4513587053891,289.8557094869074,252.2488889505262,212.63163894573728,590.5752168919765
2025-10-21,1266.7220619949524,220.82246180456067,282.97512987390667,258.71591653325004,213.06137497523392,591.462513336832
2025-10-22,1260.5688357362299,222.0510107289668,284.3648245346503,253.961777817842,209.55864013618532,591.5754383826476
2025-10-23,1273.71419927626,222.05951588594007,285.9352636770224,257.6205979073483,210.47483745041586,592.0513932454793
2025-10-24,1302.3825182664548,223.36056864849513,293.66326993679303,261.2561262073615,213.10193204257303,595.5681735874319
2025-10-27,1338.952151310394,226.7348584252308,304.22703041760064,264.47215337661163,217.95879608096539,605.61850266502
2025-10-28,1405.658839330398,231.2352152349412,302.19340005225115,267.12887533816433,218.11282849470507,606.1186134103555
2025-10-29,1447.682249616269,231.01339864103866,310.215122576372,268.3523699262459,218.68042875004323,606.3041542992809
2025-10-30,1418.66431306707,224.27776057641861,318.02220562713904,259.683059196972,220.05884748512347,537.5810143655256
2025-10-31,1415.867372595034,220.88643423525184,317.69452523288544,284.57236318940693,219.2236897977927,522.9652234947079
2025-11-03,1446.5635589869673,220.5537093443981,320.5530086299138,295.9683068086968,218.15338556204415,514.3829694112553
2025-11-04,1389.2967589588666,219.4019693375966,313.5706749035587,290.515041028665,218.95613236580016,506.0022613413319
2025-11-05,1364.9636335306927,216.34339413776806,321.219569803244,291.5404309461116,219.0372216645522,512.9633543777258
2025-11-06,1315.1086401939742,212.052030560289,321.7167424406693,283.1973830696605,218.7371788412066,499.24286251406545
2025-11-07,1315.598040606946,211.93257773063775,315.02814226320885,284.79375964953505,217.68309246520846,501.4772075478735
2025-11-10,1391.8140267735769,215.84855937997406,327.7612513526236,289.44301419225627,218.67325116739718,509.5836549640925
2025-11-11,1350.6293136115091,216.99179422980225,329.1283205446429,290.25868910430535,223.39687046220465,505.808668491572
2025-11-12,1355.1043969768884,218.0411835975948,323.9311345721915,284.5490536199219,221.95221431218673,491.2332856205255
2025-11-13,1306.5780359238995,214.69254054420142,314.73444328340315,276.83523965962337,221.53017741978448,491.94304373875764
2025-11-14,1329.7224188717014,217.63166291437867,312.29403844825924,273.4677269587084,221.09189783170567,491.59626603900887
2025-11-17,1304.7601101765888,216.48414923557934,322.02174551256496,271.34700063536803,217.07441358808288,485.58703332974574
2025-11-18,1268.1204252815794,210.6400563755405,321.185692096063,259.32184087991754,217.05814605648027,482.10241143259884
2025-11-19,1304.200657912547,207.79476636215665,330.82307013091577,259.484972306329,217.96719062399083,476.15774260561085
2025-11-20,1263.0859966015494,204.46977499528475,327.02690019584253,253.01794472360513,216.09235139780628,475.21398363784743
2025-11-21,1250.7795440841046,201.77302334836216,338.5623631982319,257.1545131975991,220.3451808772558,479.32764645074934
2025-11-24,1276.4413017960078,202.5764981774945,359.93853961673767,263.6681421393011,223.94067790032858,494.4918598319104
2025-11-25,1243.3678443421131,203.85434551176434,365.42949370717264,267.6182696173986,224.79287303297136,513.1810537114569
2025-11-26,1260.4288389834808,207.49133701198872,361.4864397131077,267.0240089454696,225.26358834055097,511.0758364421991
2025-11-28,1237.6341805440743,210.2735602363961,361.74629555482136,271.75483809139257,226.31869298951966,522.6427004745285
2025-12-01,1258.0515679215193,208.0212817927821,355.76957662631787,272.52389386447146,229.768055423356,516.9318349029409
2025-12-02,1268.8197673489792,209.41452625685022,356.8089654240836,273.15311000063207,232.27593757018087,521.9569994417349
2025-12-03,1255.7441348118464,204.17062447408796,361.1248816116731,270.77604953292405,230.62022572007268,515.9073587327005
2025-12-04,1282.3162457394872,205.4997652550425,358.853969019701,266.96574391175295,227.8201737384793,533.5964299186412
2025-12-05,1275.533301466871,206.49127230454445,362.9777502108499,267.45513819098716,226.26186839057797,543.1869080550667
2025-12-08,1297.4903322763837,209.8504418022165,354.6795095441365,264.37893287866336,225.53956515149508,537.8471736598626
2025-12-09,1293.4345974729063,210.277825940125,358.4781684536149,265.57911789725995,224.96329715794428,529.9101632108997
2025-12-10,1285.113400110305,204.52533414569834,362.0168332450237,270.0769046883083,226.26186839057797,524.4010412469721
2025-12-11,1265.18412975314,206.6237584997428,353.2210396809066,268.32906035676086,225.6531646775263,526.482102633726
2025-12-12,1223.8576016986772,204.51251078402714,349.67110536649676,263.5632757466063,225.85607419385224,519.642036002515
2025-12-15,1232.7381443759293,202.92694214537596,348.4613946674242,259.31017720517906,222.47160803494364,522.7136367675255
2025-12-16,1242.7376985306557,203.59794390455218,346.595977488955,259.33348677466415,222.8774270675955,530.4957334178542
2025-12-17,1195.3273543721946,203.48253364951168,335.4599603095005,257.8303484727298,220.62927903603824,524.320126450364
2025-12-18,1217.7039476423909,206.8417293976682,341.9493733963724,264.2274473469985,220.91332752296844,536.3887807781418
2025-12-19,1265.6039061126055,207.67082469965837,347.26302262953055,264.9149462968677,222.11456676117356,531.8035595718209
2025-12-22,1284.484002944584,207.24346681223435,350.2250750170836,266.1733785691889,219.92316882077967,534.0073269138705
2025-12-23,1323.083642378081,208.0682832852534,355.39173648398315,270.49638803907936,221.0513159284405,536.7843148296927
2025-12-24,1318.8879108218546,208.56830251373327,355.0977609514658,270.77604953292405,222.22814145127865,538.8913104461286
2025-12-26,1332.3139095637289,208.4358163185349,354.44208904115806,270.9391809593355,221.895389713245,535.4523327932221
2025-12-29,1316.160808302107,208.17513588235164,354.4986095016079,270.41483121586964,222.1875843839396,531.738946291013
2025-12-30,1311.4057314312295,208.33754762986345,354.8264627413063,270.95082685408204,221.6356555979774,537.5996870108966
2025-12-31,1304.1333867456415,206.6878621828564,353.86547663730227,268.95829427291346,220.64549689578863,532.8691353212909
2026-01-02,1320.5662676139798,202.1234804414859,356.2962021275373,263.92449406366075,219.9556542121327,525.0547320305582
2026-01-05,1315.461466234707,202.08502348171464,357.86771291166707,271.5683970954961,216.91211081094823,531.8195646964247
2026-01-06,1309.3080260772026,204.50397937656936,355.3804323918932,280.7387479987508,212.9351587987384,533.2969760132457
2026-01-07,1322.3843003106813,206.6237584997428,364.0178995285727,281.4728483075981,211.28759313239453,523.6662874711798
2026-01-08,1293.9241048352687,204.33300997111527,367.9296684971287,286.9843791213466,210.2406098312641,521.543138534542
2026-01-09,1292.6654174532182,204.8330423248374,371.46833328853756,288.2544928483983,210.50844045844386,527.194034287398
2026-01-12,1293.22486971726,203.93555138552023,375.1878289842971,287.1941296867281,211.2226471856146,518.2413900055531
2026-01-13,1299.3083649730852,201.15334128635513,379.83446764596863,282.68469700093317,211.87195763785755,509.4583308865623
2026-01-14,1280.638102846144,196.3282528583168,379.68751444879894,275.75156692846815,210.98727711386172,496.88922002372
2026-01-15,1307.9793937934728,195.165789528603,376.22794373293095,277.5343667242472,209.56696017143247,501.1515230215996
2026-01-16,1302.245409147261,196.53337414408654,373.0850258719383,278.629685350149,207.39184218060424,500.70757840797546
2026-01-20,1245.18534229186,194.25120952388576,364.0405422818416,269.168027058303,200.22528668575183,487.6863227750762
2026-01-21,1281.8966832788035,189.8022117870713,371.253520969739,269.5292453753574,200.99631801186428,494.82263240705527
2026-01-22,1292.52552764986,192.80667161313295,373.69551598297505,273.05988950268386,201.5644522396138,522.81060608727
2026-01-23,1312.3148012542756,199.13612280606654,370.7447331184231,278.67630448911905,201.3128394721844,531.7954582124536
2026-01-26,1303.9236589899954,200.9866638351144,376.7706438605168,277.8140282180919,207.29446051432348,542.774282111192
2026-01-27,1318.2586206055248,205.38862070373085,378.2290445855689,285.1083588276193,209.6156634225359,543.2666372868894
2026-01-28,1339.2365297409212,205.8373858612528,379.8796840143285,283.1624276054289,208.1304005333267,539.8438623527176
2026-01-29,1346.1593638168954,185.26774247277203,382.4121463333734,281.6709351982411,209.6237847703742,596.0135507585053
2026-01-30,1336.5095341705644,183.89587902831732,382.129509462035,278.83943591553043,210.59775044873862,578.4070739192852
2026-02-02,1297.9098947370674,180.93842069472694,388.56240208845696,283.10418035170426,219.14404098275512,570.2617004592767
2026-02-03,1261.0584500479836,175.74152040443596,384.06275119304405,278.04707057296645,218.71388274251458,558.3868365753899
2026-02-04,1218.0536721507863,177.01510203497693,376.52191926544833,271.4868402722864,224.4032470241438,540.0538061168104
2026-02-05,1201.9005708891646,168.24534017805965,374.4981756595415,259.484972306329,223.93253171656423,541.0386646638032
2026-02-06,1296.51153145044,171.43784534973324,365.01279790884666,245.07108840843205,225.7262071362184,533.9750696719993
2026-02-09,1328.8873580271902,176.76296613149367,366.6634373376063,243.20671400945133,223.094120522913,546.6975629789612
2026-02-10,1318.3985104088829,176.62192227835305,360.1739896816455,241.1559163945661,222.33046546685551,541.4503520355561
2026-02-11,1328.9574098782603,172.81826645213022,351.5591307291459,237.80004958839763,223.8089978200887,539.8116051108464
2026-02-12,1307.210213773785,171.73699587093006,349.3432175577094,232.5798261632404,212.62264834048517,524.5704288156955
2026-02-13,1278.3304558376888,171.514772394518,345.6349913849509,231.63597528901155,207.78899347504338,516.4654633554584
2026-02-17,1293.4345974729063,169.60865908981432,341.45188963714645,234.3859177485125,214.36923484423312,516.0778824676765
2026-02-18,1314.4824515099817,170.77969320271268,342.9329676845564,238.62735261520123,214.75106237226186,519.2504538335825
2026-02-19,1313.9231061953308,170.68116200919633,342.39030212605945,238.70892721840292,211.6883704720459,520.5098200269432
2026-02-20,1327.3491049372049,170.15428853508777,356.10399799291866,244.82638237881892,214.93787820846794,529.292879145934
2026-02-23,1339.4463644459584,164.68850453221177,352.1583167480927,239.18667560289063,216.23766640148108,514.4311329806649
2026-02-24,1348.5369557270296,166.6289534706225,351.49134074569497,243.02027301355486,221.07945503272416,516.085983827044
2026-02-25,1367.4869974606872,171.59782892743013,353.7524011473135,245.44395262023295,222.77731344944254,527.7025921818301
2026-02-26,1292.8752521582555,172.07758278188723,347.51178179368804,242.27452680996095,221.7374580591059,530.3826601764405
2026-02-27,1239.0316882355737,168.2309811630461,352.46359637270007,244.69820641663907,214.61292495123308,523.2545507008941
2026-03-02,1276.0228088292338,170.71969772042107,346.5394224594161,242.82218612291183,215.05160191412966,527.5976696983164
2026-03-03,1259.0306895956357,173.0242408786457,343.21556998680586,243.21835990419785,214.26363248640962,528.8246798527405
2026-03-04,1279.9386538293531,173.56825591912332,342.7068858427568,252.64508051180417,213.2643838352643,539.036591530881
2026-03-05,1282.0364661327708,175.9156136175438,340.16308486253297,255.11536147746043,211.45280171288414,533.2565680134745
2026-03-06,1243.4371475474466,175.17885439473142,337.49497343840835,248.43860110934705,209.15376486872566,520.5743839092183
2026-03-09,1277.2115513096055,175.37161170230848,346.6023382013236,248.76486396216987,211.1197271078111,522.6168156433791
2026-03-10,1292.0360202874974,173.80813284635184,347.37170784522135,249.74365252063834,211.89147867578072,528.0093570700693
2026-03-11,1300.9172046610952,173.43117588914,349.24977731025007,247.7860576237094,211.87521114417808,528.6470427290516
2026-03-12,1280.7074060514774,172.13755201369437,343.4232610732786,244.1505471036882,207.7727383614038,515.1818918810609
2026-03-13,1260.4973935430776,169.4346446281599,341.98643145973773,241.9832194213697,203.19095704061561,495.4280608241664
2026-03-16,1281.2668583155191,171.31940316373465,345.69728488325717,246.72571224203122,205.38437910898756,506.95357828460266
2026-03-17,1272.245677189172,171.08808389444837,351.761359899563,250.75739654333842,206.52981202122157,503.0834008395157
2026-03-18,1261.546353169482,167.82405927779405,348.10706150558235,244.54672088497423,203.04473552563778,497.4438667491869
2026-03-19,1248.6791649953038,166.63751112856477,347.47351381220915,243.25331536842944,202.24861991415338,490.1884078562685
2026-03-20,1207.6997946638537,163.5748014774298,340.5382977541068,239.30318789033197,201.4606008145811,479.6526393975651
2026-03-23,1228.259424731258,164.05884728610022,341.7375340192244,244.8613378430505,204.30391697945964,488.0554286116178
2026-03-24,1225.1824907537236,159.66393867256812,328.5911860403796,241.48217924738896,204.42576203295963,479.0547689559614
2026-03-25,1249.5182899166712,158.93575023294025,329.1455359509451,246.6907567777996,205.22189006240708,480.64643907898164
2026-03-26,1197.4900849559172,156.76400827572775,317.82070240759015,241.83173388970482,205.44124096181844,442.3895972123914
2026-03-27,1171.4758220514539,152.8231542923414,310.3763182381933,232.27685509991068,202.11862867688902,424.75995246132203
2026-03-30,1155.042192537379,153.7612416059154,309.42601398267794,234.15287539363788,200.35577464153843,433.372784236533
2026-03-31,1219.5880750626975,158.56308522994178,325.33287656043785,242.68236426598548,206.17236095467067,462.2572918872234
2026-04-01,1229.028711700337,158.22039828022577,336.45413273890637,245.36239579702323,207.66713600358037,467.99374589876396
2026-04-02,1240.497215739715,159.9723556147883,334.6212796422376,244.4302085975329,207.90272959866817,464.1398699694773
2026-04-06,1242.2455174335194,159.72390790437524,339.395651087617,247.94918905012082,210.2910764331214,462.9764357266737
2026-04-07,1245.4623412144115,159.4711944902333,345.5841402550905,249.0911268149927,205.93677977754587,464.6165164117671
2026-04-08,1273.2947437649675,160.34502061778676,359.00206299680644,257.80703890324475,210.32358666040057,494.80993698414426
2026-04-09,1286.0919870374664,159.8053106567648,360.3257134130917,272.2558782653733,211.61525350557545,507.7130313267587
2026-04-10,1319.0992428183652,158.86293138897744,358.91152655281974,277.76742685911375,211.6071569936633,508.90072024913155
2026-04-13,1323.8544266386334,164.64567686677367,363.51616377140465,279.5269170854077,210.56732643925278,512.6739283744739
2026-04-14,1374.204381756653,168.38946846312732,376.63990356606945,290.1654686063571,210.26671238960665,535.2644207747259
2026-04-15,1390.708063121798,176.1469328868301,381.40290178118096,289.5595442596896,216.4407746052159,542.6087970265542
2026-04-16,1387.0716768802222,180.01923372998252,380.15838000952556,290.9578161689291,213.97926113244,546.882856875223
2026-04-17,1410.358409467374,181.10297185672434,386.56188891033133,291.95991429688263,219.5278057130205,556.3198043719307
2026-04-20,1413.0157809842244,179.08114641640856,381.74233566568097,289.3031923353299,221.81867153748848,542.0674385063909
2026-04-21,1397.7711078493032,181.68981456264,375.9384621819784,291.2025221985422,216.22956988956892,540.3950017823609
2026-04-22,1416.0928219111495,185.4421769421782,383.8919107554029,297.5530197138328,221.91620221932595,545.1457574718522
2026-04-23,1396.092644107787,178.08735557475632,383.40541996646624,297.22675686101,222.1273820990468,532.5658777288753
2026-04-24,1456.442688127488,181.88685069918822,389.63919464047757,307.60893867760774,220.20205143507877,545.3962574313147
2026-04-27,1514.764757796059,181.97251915530666,396.35946010342553,304.2647355461778,217.3993668453177,548.2967910774888
2026-04-28,1490.7086312904373,183.8701141777948,395.72591241005233,302.6101294925706,219.9177297529614,542.414858387065
2026-04-29,1463.295898149956,181.8182975589543,395.9068815907588,306.5019919369514,219.47905279006483,540.6211976637211
2026-04-30,1395.6032436948155,174.67340131596302,435.3459600963821,308.8557428351744,220.43766986609276,494.3978544241295
2026-05-01,1387.770911998231,177.5262252183942,436.35292308870316,312.5844916331358,227.57842083371597,491.8447406586294
2026-05-04,1387.9806397538773,177.17496748549365,433.592373920699,317.00068604099056,224.8894599496166,493.18596022072006
2026-05-05,1374.134436854974,176.21547290182173,439.45280243394046,318.74853037253797,230.86041396149102,488.78257501337004
2026-05-06,1453.3657541499538,177.32060517341924,450.3251611718956,320.4264637756222,233.5656175412669,495.1816115443877
2026-05-07,1479.0302925460217,180.23769026187088,450.2685715732677,315.9753139035359,233.508743270473,498.35689982959354
2026-05-08,1504.904558697736,177.81750059424536,453.44768327040174,317.73478634983786,238.28551144715772,492.5557831387124
2026-05-11,1534.5551008943844,176.76375364602822,439.6904303514527,313.4350864494325,237.9846490382505,483.8540340045915
2026-05-12,1543.9257926303449,174.66910936174966,438.2309579846429,309.74132867568665,239.70846099775477,487.1989568511844
2026-05-13,1579.2406954196983,173.57253474809445,455.50675648522594,314.7634652102008,243.01787298795628,498.2114705492432
2026-05-14,1648.5418687146762,175.380182485493,453.75317030954284,311.37264293980076,242.48121829655224,499.66576335274755
2026-05-15,1575.6743610291928,180.73029372848362,448.8996356504447,307.7837515587497,244.1237422698956,496.272331147016
2026-05-18,1554.695168501105,181.4242384111002,449.08067396932904,308.62268270030785,242.18035588764502,493.83234002146247
2026-05-19,1542.7369432005821,178.80272065271305,438.58166139214393,302.19062836180757,243.0991858100433,486.8838436109142
2026-05-20,1562.7371210039446,180.36190755445628,439.99588282150484,308.7974955814497,245.76624140731286,488.86339101291264
2026-05-21,1535.0446082567469,179.90686853114232,438.58166139214393,312.81751620801845,247.99417299501587,490.73786773579917
2026-05-22,1505.8136285207822,179.6836606615621,433.2756173585569,310.3239434528691,251.1084491137641,493.0647362214062
2026-05-26,1502.5269667876019,178.59328116224543,439.9619359761459,309.1237584342726,250.71000635116724,494.7453731018691
2026-05-27,1486.7226274898571,177.15090891646267,439.90534637751813,316.7676614661079,252.75909443494572,513.2636974567104
2026-05-28,1498.2610764309143,183.29818174706688,441.3761228364179,319.27289789599575,254.10887734722007,513.2879521362796
2026-05-29,1476.5128108325293,193.27894407951166,430.3001175953984,315.35774366212183,253.74296964782843,511.0418502516825
2026-06-01,1568.960933860692,197.6919392768543,425.8086595740691,304.4278847525812,249.06750721374996,485.1548455669108
2026-06-02,1558.1915579899317,189.44546770291328,409.3813593620136,298.90467248410226,256.29617735980565,482.86028372170773
2026-06-03,1501.757679818523,183.4484395202619,406.1456580662519,291.3306981607221,252.27933885026178,503.3419527598126
2026-06-04,1530.8826727080595,183.75322077038086,421.0795736352275,295.7236007790837,253.06807819169123,507.0505476043471
2026-06-05,1435.9463720995243,178.86801873287075,416.9388190213992,286.6814258380088,249.90502431406122,479.1193822367693
2026-06-08,1460.7306100587107,176.75166529792264,411.2786492405042,285.7375927437719,245.18893030486532,472.97084566521386
2026-06-09,1457.580094900205,173.17577180033828,412.3540935980554,284.5374077251754,236.25269089498184,472.32446586447156
2026-06-10,1403.1807149927738,170.5786144915537,403.4336784682368,277.32463393885763,237.0902079952931,461.3281548851475
2026-06-11,1434.336035120041,167.5650851231023,405.0071596904373,281.4145832738815,240.38335245389194,459.26784088213924
2026-06-12,1436.5765179109817,167.73678954212198,407.1693524976296,277.9655137497568,236.72432513182753,458.09630527996836
2026-06-15,1487.4051785028782,171.60890663188303,418.1161384841161,286.66977994326226,241.02573368274997,479.95159931763334
2026-06-16,1452.11915204908,169.06326589890125,422.5310605424875,286.6464703737772,243.3187353968635,485.3942308565094
2026-06-17,1432.7957499916279,162.65841018928307,411.82204074986925,276.74201916167516,240.64355845175567,459.0061274557477
2026-06-18,1475.0831113743552,162.86875532146541,416.6218204756344,284.77045008004995,242.3185926523782,466.8020062967075
2026-06-22,1460.8005549603897,157.6916478964765,395.8490475049285,271.25378013741977,241.50548926743394,455.9896060547287
2026-06-23,1400.520241943586,160.52488893748145,391.8303217751296,272.79189168357766,239.3018968873196,454.65525288868724
2026-06-24,1393.2390204585495,156.88460300145414,390.879429845102,272.97833267947414,238.3098754906725,450.99180830306597
2026-06-25,1370.4151648354145,151.46278856009135,389.0907906132133,264.51875473558977,223.73061563728274,439.02293901139825
2026-06-26,1347.941247619457,160.10849062733016,381.93637196201445,271.13726784997846,230.7478575443565,444.99122033703014
2026-06-29,1365.0241668859687,158.21966326666018,400.34320191519663,279.81822447399895,229.08909087533664,454.97871448098846
2026-06-30,1400.8702873001544,160.12995039839703,404.5543737632368,277.7208077201436,235.28508321370177,455.53672030668093
2026-07-01,1383.2973259243252,164.9636489853466,408.9013675618015,281.63597973400954,239.36696701373012,495.66477859299766
2026-07-02,1364.0440826673337,167.629464436303,407.4297268756777,282.7662538241429,250.95394481742832,471.3955264565265
2026-07-06,1369.0849283108205,166.01966660047168,414.8445199049246,284.5024522609438,254.23084658035066,485.45889353585005
2026-07-07,1378.7465223901559,166.92116073867288,415.4897865194553,286.6231608042922,252.60459013860995,497.8240872555923
2026-07-08,1429.085140872735,164.5601265378354,409.70513344921466,283.8732183447912,254.82442521440078,487.7475769556586
2026-07-09,1419.7035402988981,164.99798461905363,406.2750847353187,287.8583012871203,257.12554827635256,510.6824759260882
2026-07-10,1476.9734418593366,165.31565485705494,404.3392848917266,285.8774146006983,256.39375771349535,541.1950604184192
2026-07-13,1424.9544345462039,167.84411464794098,399.0527032552242,288.17291824519657,258.0118431355456,531.1023473997508
2026-07-14,1482.8544819181,165.24267851018527,406.9769409484773,288.3826688105781,256.0197038303393,534.5878584704868
2026-07-15,1487.7552238594467,169.83597516021655,419.8934390548258,297.0869350040836,266.2975799687328,550.9804157664556
2026-07-16,1452.0491001980101,172.18413349841387,401.2601469998654,291.1792126290572,270.98116375064956,537.4183449972531
2026-07-17,1419.9135889027173,169.05897394468786,392.5548207415571,288.07969774724836,271.37143549355596,522.433053101632
2026-07-20,1423.2042077633628,172.69498105174404,398.46402623932124,291.2957426964905,265.5576183861851,522.3036289458853
2026-07-21,1451.2789576338034,170.74604008160225,392.98499848457755,288.45257973904125,266.492715840186,520.6538661483772
2026-07-22,1484.6747605520113,167.5650851231023,387.25690044387574,285.30646349825435,264.988453467502,507.1969648553521
2026-07-23,1461.5706975245962,163.80458509337365,359.63533413746796,272.26754194011187,261.5489508963317,490.15748437478095
2026-07-24,1448.1284424752982,163.8561147944187,361.9559916484538,270.4614325748478,270.78600304327017,481.33451124134626
2026-07-27,1375.8060558354696,167.03277779870524,369.67644456228663,269.62246587330566,273.94905692090026,480.26700894909993
2026-07-28,1379.3066163505432,168.8572127209323,377.77048562051215,269.00489563189154,276.5266286763923,479.8949885991274
2026-07-29,1330.2982343925578,167.65093733261213,381.16658748904916,264.0992713848187,274.9898560764291,473.5870923609924
2026-07-30,1365.514208995286,193.6481308933158,377.7138960218843,274.4115600529453,271.11937567945665,435.9175496500021
2026-07-31,1405.4911426853937,199.49491442801443,403.15066133691977,316.4530267280397,251.1816405880129,450.2154609627169
2026-08-03,1446.7282610490251,209.33829484990434,422.82538176589446,330.9484852291383,246.7176063929164,477.33140234468897
2026-08-04,1483.8345661367348,211.55338948224465,427.511982294404,323.25799861831683,251.5637909830811,475.4713993918917
2026-08-05,1534.8033304307714,209.25673459460788,410.2824372348497,317.6998308856063,252.88106366807628,476.14262665459614
2026-08-06,1533.1931004006792,214.57979471333618,404.98455150625733,317.2454098505956,254.02756452513304,477.05649951005915
2026-08-07,1567.98908474516,214.6356032433524,401.07900497371406,319.8322208836851,254.77562261959287,478.8355876662484
2026-08-10,1523.1113021643148,217.24134446056368,404.7241771282092,324.03868250615034,250.86927914531628,481.1161697266897
2026-08-11,1522.7612568077466,216.2754578839196,389.1926657183789,317.2570379653502,248.14296502834617,484.512714039983
2026-08-12,1568.8991171127248,211.39025584640945,388.898379064061,311.442553868264,245.97819120074314,468.120206142547
2026-08-13,1577.370685318997,213.30055610338857,392.0906961531777,308.9373174383761,248.42780826491193,481.1565777264609
2026-08-14,1576.3904941509713,212.66521562738592,391.56994739708153,306.0475353419568,248.97305618675026,477.0159927132225
2026-08-17,1575.3402511318757,206.20456451299378,389.4190932510681,304.4861320063058,248.69635913394893,460.13019106796725
2026-08-18,1538.4439946479852,206.75403965424434,389.6455207837573,302.31882210397936,252.3097380238215,439.6699115945334
2026-08-19,1523.1813540153848,207.9045065125483,390.23416323057126,309.7646204651797,257.843728751701,441.57847330500203
2026-08-20,1518.210560222968,206.93680865247467,385.64943780722734,303.0878423170743,253.343285088926,441.4167425088515
2026-08-21,1503.2979649469362,207.83569086746957,390.34737699691584,301.36332533500394,251.7563439182188,444.7081667445002
2026-08-24,1459.6104221379358,209.58615192441647,394.0151573355909,305.3717178468181,252.56202136125586,452.0836146734142
2026-08-25,1491.6059366804793,211.47853622573422,392.76990961306734,304.19482461771463,252.20393697858913,461.0036065251263
2026-08-26,1467.8718347909978,213.48274759096023,387.1550253387101,303.2859469877093,255.09302575529,465.9286402380812
2026-08-27,1596.13377951728,217.2202128205529,385.62679505395846,298.60173698075647,256.01262559139775,461.85271790418324
2026-08-28,1523.1113021643148,220.86307130405976,392.3510705312258,310.4521016350569,260.1794234227992,467.44902827837535
2026-08-31,1545.7252161330216,218.1793136469575,384.15515436783465,302.6916685357883,257.86002111922977,462.855557517089
2026-09-01,1522.3412665494993,215.48265387673064,379.2534303987259,297.0403158651135,264.59847975570887,467.86950858895375
2026-09-02,1571.1395999036654,213.67629241307188,381.63071207742854,297.1102267935767,264.4601188113451,479.44210285107954
2026-09-03,1599.4243983779252,219.39645673585463,387.69841684807517,301.6779245130882,267.10504559844986,493.86138635870634
2026-09-04,1612.796708525544,214.91494777400484,383.3939084598425,301.22350347807753,260.39914686110217,498.7864200716612
2026-09-08,1580.3810967753623,212.4419421315945,383.28062555532,299.42904000756005,257.34730826059666,496.12576570041284
2026-09-09,1565.9586505580385,211.45273199948497,374.54705635133115,294.1039324097161,256.6311394952632,528.643881222957
2026-09-10,1530.49294912745,211.79250514542306,376.75595199770873,293.5096717377871,265.7703877651771,521.1148532557925
2026-09-11,1530.002265321787,213.164486717058,383.4392285354693,299.207643547432,270.40916753638976,524.0666625789381
2026-09-14,1478.6261307976347,217.370746223835,395.77500051637577,295.4322933904924,271.06836268722486,538.2756071342102
2026-09-15,1487.1070036009191,213.8053135443181,390.779525178007,289.46632376174136,269.6523175240867,542.0280184772741
2026-09-16,1499.2326046982735,210.87211065839236,388.3893837982112,286.5998690147991,270.5231147653865,544.5107393336373
2026-09-17,1537.3617737609964,214.0762710451775,393.44148330429675,292.69401460573,274.2585622320941,551.7891191457413
2026-09-18,1557.898302759956,212.36882140706007,395.944907588615,295.63039806112744,273.55053965052497,538.3969299305895
2026-09-21,1593.7144773446767,215.73640418500975,402.0957855872998,301.1535925496144,275.8699419540944,599.9273965065235
2026-09-22,1604.1578714718316,214.18379302963012,397.77997310697725,297.1102267935767,276.49657720579813,596.1639198921284
2026-09-23,1580.6075086359963,215.29771921353023,382.6802641873486,290.4567759949484,274.27482976369674,602.2340115937121
2026-09-24,1574.089157156582,214.15368372392524,387.8116651835087,290.58495195712817,273.379643642956,629.3390358999515
2026-09-25,1577.5236229480506,221.9984835095113,389.57880244206416,290.92286070469754,277.5708303537983,608.3526620529672
2026-09-28,1604.0878196207614,219.00938021687364,388.2534581404198,286.82124769493515,275.3979103424309,579.1838658464287
2026-09-29,1592.5229541801405,218.89755315296537,386.1805227209226,287.4271720416027,268.0734977012177,597.9363886449322
2026-09-30,1600.7235126297537,220.59211380320036,389.7600136063934,290.31693635803003,271.0195352564908,586.9212074261061
2026-10-01,1618.1058901909162,220.54908925912864,383.1446998975286,289.2449273016133,268.8222263656826,587.5282165962644
2026-10-02,1648.3449748859434,223.9940978410683,389.4995009519895,295.1578947742737,270.4919456781173,596.2691387668385
