Date,nvda,msft,googl,amzn,aapl,meta
2023-01-03,100.0,100.0,100.0,100.0,100.0,100.0
2023-01-04,103.03177459720688,95.62567804185548,98.83303397942672,99.207643547432,101.0314298664448,102.10837890554086
2023-01-05,99.65071665784222,92.79154429838455,96.72351582153742,96.85388375921303,99.96002657444258,101.76365739843105
2023-01-06,103.80019928682135,93.88512642857607,98.00269310487543,100.30296217333377,103.6379791005669,104.23279998557562
2023-01-09,109.17218698202656,94.7992274219404,98.7656933941323,101.79445458052155,104.0617234891995,103.79189335448909
2023-01-10,111.1351762094823,95.52133235917779,99.21453844519127,104.71918325117645,104.52545372135332,106.61374766190555
2023-01-11,111.77783509968052,98.40971273239802,102.69299252590369,110.80167405736483,106.73222523702788,106.53359853760576
2023-01-12,115.34055994824183,99.55338735289637,102.25536514421229,111.01141573275038,106.66826030535772,109.5959743157253
2023-01-13,118.0510051003496,99.85388979376502,103.3662255334032,114.33232707468726,107.74767939300993,109.81238930096873
2023-01-17,123.66048728682564,100.32139126526884,102.43490834999925,111.92030225275164,108.69114661268992,108.51371414499901
2023-01-18,121.39017898448479,98.42640804162644,102.24417340166143,111.23281219287841,108.10748989488192,106.63781709846339
2023-01-19,117.1148770813939,96.8069039828747,104.40977990638865,109.15870500850818,108.15542323525212,109.1470280729409
2023-01-20,124.61753728038528,100.26712494765488,109.9865171910783,113.31857416199121,110.2342773055502,111.72838560892218
2023-01-23,134.07614141570377,101.25219413048316,111.97260641683529,113.63318223007151,112.82481357531806,114.85490538574945
2023-01-24,134.57911103265187,101.0267877680347,109.6274653485934,112.23491032083194,113.96020042593615,114.75067447525788
2023-01-25,134.9842888002531,100.42991077525365,106.84470554093235,113.23700844878547,113.42447704849836,113.43594479516032
2023-01-26,138.33041439479982,103.51447415715103,109.42548680407131,115.61407780648952,115.10355960933086,118.08563137380045
2023-01-27,142.26333119144897,103.58125539406475,111.50134331158563,119.13306714907341,116.67867897700815,121.64503051965036
2023-01-30,133.8596090050585,101.30645388547556,108.7746977775792,117.1638352473939,114.33594317539753,117.89322407694513
2023-01-31,136.47924075557873,103.43517143831598,110.90662534738694,120.17012074125853,115.36739166878806,119.424393441554
2023-02-01,146.3010984972474,105.49710775424268,112.69074467089406,122.52388941947348,116.2788826316149,122.7513107283987
2023-02-02,151.65208400580548,110.44328999181181,120.89316846528195,131.56607325054435,120.58848730573648,151.3307595049575
2023-02-03,147.39782439538334,107.83453636030316,117.57180496707684,120.47308291459228,123.53084932663592,149.5350486316235
2023-02-06,147.3209812579882,107.17505852053704,115.46228680918753,119.06315622061024,121.31608064225709,149.1582612999768
2023-02-07,154.8934794092677,111.67872974947257,120.78096584478945,118.9815905074045,123.65073234941666,153.61554058176162
2023-02-08,155.11701700502002,111.33232833346884,111.50134331158563,116.58122047021145,121.46797717578248,147.04985769516804
2023-02-09,156.03910791641397,110.0342352278506,106.6090653460353,114.47214893161362,120.62844831333007,142.6326653251671
2023-02-10,148.5504580876366,109.81718308263791,106.11534097523376,113.73805751276225,120.92474093022967,139.61038880846533
2023-02-13,152.20398296911162,113.24818069364679,106.16022893724855,115.98695090828643,123.19895440744581,143.84321349330884
2023-02-14,160.4680292509258,113.60294288950783,106.23876990736608,116.17338301418691,122.6784306177316,143.8832757058248
2023-02-15,159.0220200106321,112.69493857156536,108.7746977775792,117.87462598675621,124.38407520318893,142.02342083378306
2023-02-16,153.69893492443725,109.69470487661188,107.17010437531454,114.36728253891886,123.0868326120566,138.23955474135792
2023-02-17,149.40971623184944,107.9832781777805,105.86848311096911,113.26030912827456,122.15791924598123,138.59226028681283
2023-02-21,144.28920666078133,105.72786921587762,102.99596466382295,110.20741338543583,118.89878738583235,137.9509561457089
2023-02-22,144.9807948973376,105.24248460064447,102.83885679677118,111.61734007941789,119.24311268681274,137.18133930792158
2023-02-23,165.30909343212429,106.6066108043195,101.98606329894027,111.65229554364949,119.6354955078016,137.91887179672108
2023-02-24,162.66852633832625,104.28426310258565,100.01120902709535,108.94896333312265,117.48141341264274,136.59613955382747
2023-02-27,164.1704300040634,104.67759382530812,100.8415671861911,109.25192550645639,118.45033745816697,135.91469910240392
2023-02-28,162.1795269855706,104.36794308999593,101.05474611553629,109.79958481940729,118.04196029976966,140.24371508604114
2023-03-01,158.5609478175874,103.04984711388701,101.39137126155828,107.39920589221823,116.36033205635272,139.02517670473728
2023-03-02,162.86411003701986,105.07510493795927,103.23157028963107,107.35259564324411,116.8407830767989,139.9150419282422
2023-03-03,166.88788034127816,106.82418795925636,105.08302155616039,110.58028648723277,120.94074768560199,148.508917547175
2023-03-06,164.54070216419444,107.48533270489669,106.74371194753517,109.24027072171387,123.18291039818202,148.228321514322
2023-03-07,162.7101296514045,106.34715756125897,105.31866175105745,109.00722836683929,121.39718236400779,147.9156658317491
2023-03-08,168.94936995779577,106.15886282368736,105.75628049047661,109.43835761235687,122.4141763475043,148.28445060059974
2023-03-09,163.74418320644568,105.58143087856506,103.5906480589327,107.49242639016646,120.58842521591735,145.6549541915028
2023-03-10,160.45336381569223,104.0206229069749,101.69434339947753,105.72128137912998,118.91479414120467,143.90732044311474
2023-03-13,160.46032889477763,106.25091671619806,102.23292980547714,107.702168065552,120.49228533997281,145.02165261319487
2023-03-14,168.12496394635764,109.12565339921156,105.442099325462,110.5569769177477,122.18995759265354,155.5395394525111
2023-03-15,169.2777714313712,111.071385375316,107.84335466735851,112.0950795739096,122.5102541336297,158.52973162022502
2023-03-16,178.4515292325773,115.57386876975062,112.56731573876174,116.56956568546892,124.80046194825434,164.28571075724744
2023-03-17,179.7371010177772,116.92541442791035,114.02602758561446,115.2994608484132,124.1198085149978,156.8141822208248
2023-03-20,180.95981329844824,113.91263300054936,113.57718253455549,113.85457869019955,126.04167468660164,158.57783344443888
2023-03-21,183.04888248915617,114.56119063805286,117.72889554958412,117.23374617585709,127.54710444128476,162.06508602878503
2023-03-22,184.92835761095648,113.93772846536443,115.98966418809181,115.00815345982198,126.38599998758204,160.1811987690873
2023-03-23,189.97987145619015,116.18478321003151,118.49192176565771,115.0198082445645,127.26685583364896,163.76461795295924
2023-03-24,187.10130186151432,117.40245138852931,118.31237855987075,114.34397296943379,128.32388533252202,165.15151889382847
2023-03-27,185.3685479354189,115.6491551641958,114.96857108065824,114.23910657673902,126.7463568798624,162.61022357036313
2023-03-28,184.52312636865977,115.16795750151286,113.36400360521029,113.30691937724866,126.24188951737582,160.87863199646898
2023-03-29,188.5335547363975,117.37734279847115,113.76794340971,116.81426282508605,128.74027207758743,164.62242352674426
2023-03-30,191.3213510355074,118.85861835947193,113.20691302270298,118.8534145452247,130.0135107446432,166.61855660936354
2023-03-31,194.07418825245165,120.63697067289118,116.39361263486374,120.356561737155,132.04748629367242,169.90539933405836
2023-04-03,195.38768719736245,120.18925550536682,117.10054186182717,119.33116292971239,133.06443060531365,170.81129438242323
2023-04-04,191.81041723163239,120.16830761737265,117.50448166632688,121.12560862023795,132.63203710487593,172.1340266253168
2023-04-05,187.8139457594132,118.97994810672634,117.22396215168726,117.80470616829706,131.1345796829694,169.5366269148416
2023-04-06,188.90386700255016,122.0178381241455,121.65618603908331,118.92332547368787,131.85529346753015,173.2403562326009
2023-04-10,192.6907978805572,121.09309912124529,119.4344652607015,119.0515014358677,129.7492564744159,172.15809606187463
2023-04-11,189.82617181272602,118.34809890369438,118.21139360874584,116.42973493854656,128.76430083759166,171.43660574756902
2023-04-12,185.11701633658632,118.62426714384799,117.41470574229729,113.99440943712192,128.20376636842857,171.55685413328663
2023-04-13,184.8934386348124,121.28139385881688,120.5453256498924,119.31950814496987,132.5759824161632,176.64742264374541
2023-04-14,186.95456729713555,119.73317955798512,122.1611280792524,119.4476841071497,132.29572139056359,177.56135730380817
2023-04-17,188.65935395749844,120.84620017321383,118.90708788179722,119.71568192625588,132.31171572797209,175.45294134936546
2023-04-18,193.30562319176153,120.66627934074265,117.25761515978999,119.20298696753258,133.30471820535587,174.67533429841606
2023-04-19,195.15013923139617,120.69978808638746,116.89855467503286,121.53344607626249,134.23359431753977,172.91967328796406
2023-04-20,189.3720112240712,119.72059244984827,118.14407895026812,120.96247719382653,133.44881625759822,170.81129438242323
2023-04-21,189.476808258525,119.57415411253571,118.27872555176803,124.63295206807533,132.14358891572547,170.6670136090496
2023-04-24,188.93883945338968,117.90454443823401,118.90708788179722,123.7590299023016,132.39181159465284,170.5868027365801
2023-04-25,183.34232488056594,115.24744397375134,116.52826787863589,119.51759503561289,131.14257685167362,166.38607475035832
2023-04-26,188.33793093168228,123.59534796758564,116.37116865385634,122.32580252883048,131.1345796829694,167.8691793396552
2023-04-27,190.2244112385896,127.55382941108412,120.72486885567932,127.96550930475877,134.85816822615595,191.24578908356577
2023-04-28,193.8785644477364,128.57066824484588,120.44432341422298,122.87345295178538,135.8751746276163,192.65674711135887
2023-05-01,201.99030142816875,127.85931944433233,120.28724147398793,118.91167957894133,135.80310076556748,194.94950605169112
2023-05-02,197.09947904283237,127.79654140656535,118.17770603155415,120.75273551844101,134.96230527080476,191.7909266251439
2023-05-03,194.24883660786745,127.37390857861296,118.27872555176803,120.77604508792605,134.08944659344206,190.01923578983195
2023-05-04,192.57199047588935,127.79654140656535,117.47081137367968,121.1838736539546,132.76016565563745,187.20539639484545
2023-05-05,200.38330661715267,129.98916576807972,118.45824283073824,123.11815898139848,138.99018359959518,186.61214467941954
2023-05-08,203.67411263923225,129.15230026776152,120.92682147338469,123.31624587204149,138.93411649291863,187.00497418556017
2023-05-09,199.62172000422183,128.4618599795128,120.45557565267953,124.23677828678932,137.548805702329,187.08513565949391
2023-05-10,201.81562633540517,130.68377988363554,125.39272429570019,128.39664744027235,138.9821740129271,186.8526538004887
2023-05-11,199.67063598190603,129.76320158279933,130.80114468624274,130.7154517642597,139.13434374165666,189.02516435510336
2023-05-12,198.00776011412034,129.28617774742347,131.85591672859576,128.47821315347804,138.38057333738988,187.43787825385067
2023-05-15,202.2907222673378,129.491233420439,130.73383867003727,129.5735228893838,137.97960970339693,191.48629820463492
2023-05-16,204.10732451593537,130.4452679659476,134.1000901302572,132.1370332429843,137.97960970339693,191.45422620528106
2023-05-17,210.8496146513179,131.6782008021755,135.5924463429404,134.5840135291515,138.47673804926205,194.396353597683
2023-05-18,221.32994642437103,133.57368278505584,137.82539343296202,137.6718736262178,140.36922331845247,197.89164579372704
2023-05-19,218.4373664594812,133.4982126372072,137.74684382057225,135.45793569492523,140.45740327958424,196.92159439702047
2023-05-22,217.82254114827685,134.6891709459881,140.3164246988881,134.01305353671157,139.6876137019813,199.07009726324702
2023-05-23,214.41295445887718,132.20658371381774,137.52243857958723,133.9897439672265,137.57063648273592,197.8034447080954
2023-05-24,213.36490390229582,131.6152915119775,135.65977828596257,136.04055047210767,137.79519052261,199.7835603154887
2023-05-25,265.36119783852604,136.67691026264728,138.55474071411612,134.00139875196902,138.71733609839993,202.57336732281917
2023-05-26,272.11045305299405,139.5998494009606,139.8227003280866,139.95572248597358,140.67391047889876,210.06892824689785
2023-05-30,280.25018403650665,138.89532572686122,138.7679369280058,141.76183185123764,142.1734292828005,210.4536934420727
2023-05-31,264.3410610729818,137.7127544484238,137.87027275270458,140.50338179892447,142.13334409556865,212.2174434627583
2023-06-01,277.86764571704117,139.46983074277128,138.82404255938818,143.05522847778644,144.41068689966906,218.5425307808451
2023-06-02,274.77250360569843,140.652441396938,139.89002362883653,144.7797721298448,145.1002936848445,218.5425307808451
2023-06-05,273.68247541317055,140.87890434145635,141.39362343770404,146.00326671792638,144.00176335086337,217.56451387024435
2023-06-06,270.07031320864417,139.93110428642223,142.85231800001227,147.52971458934573,143.70502368726602,217.34804948646516
2023-06-07,261.85988867771584,135.61174428377615,137.4551152788373,141.2607827872609,142.59043692605724,211.3195756764574
2023-06-08,269.0920471296555,136.40017763704017,137.05116683206535,144.7797721298448,144.7956065243982,212.10516059093493
2023-06-09,270.9088231710133,137.04176577045536,137.15214314091804,143.8242842508654,145.10834052540403,212.40179879828182
2023-06-12,275.8840018884589,139.1637106978541,138.73428391990308,147.48310434037165,147.37762407098108,217.29195744908924
2023-06-13,286.64490201998655,140.18696777549377,138.94748877606497,147.58797962306238,146.99275411810726,217.50842183286844
2023-06-14,300.445303842217,141.46599646550328,138.7679369280058,147.3083181292177,147.5059388912,219.13580719553894
2023-06-15,298.0416697553874,145.9782844165367,140.3612953763584,148.11232936652823,149.15780127532489,225.93393489223587
2023-06-16,298.3141500661716,143.55855397359187,138.61083770322625,146.22465428805845,148.2837753093625,225.2685613145741
2023-06-20,306.11231143234846,141.76371635483386,138.12835692860904,146.5625719256238,148.35593609715815,227.93808288728513
2023-06-21,300.78075060692106,139.88080835484723,135.26705615083046,145.4556074049755,147.5139608958319,225.78161450716442
2023-06-22,300.64102122764933,142.45983987334665,138.18447120226364,151.6546193886012,149.95169412071502,228.37903891690746
2023-06-23,294.93912139872157,140.49306156992475,137.2755634307781,150.69914039961776,149.69507689824098,231.46548413158484
2023-06-26,283.91969785192816,137.80079857916618,132.78724255427196,148.36868129088788,148.56442129184077,223.2403562326009
2023-06-27,292.61227697459157,140.30435994981693,132.7760248849044,150.52434529846784,150.80169132667316,230.11863305359768
2023-06-28,287.30862994020123,140.84114301704582,134.8518641078742,150.36121387205642,151.7559249209907,228.70768737543852
2023-06-29,285.24736759113944,140.5056355528185,133.6400360521029,149.03286178127607,152.0285737347647,225.69346282006853
2023-06-30,295.58899937280864,142.8079344457108,134.31326041733013,151.89932541821432,155.54079611566092,230.06251631695386
2023-07-03,296.3645963559535,141.73856838904638,134.53770886967635,151.7361939918029,154.32995771683318,229.29291182880047
2023-07-05,295.6938365132841,141.8056646317946,136.61355673491843,151.92263498769935,153.42381889641555,235.9868827128095
2023-07-06,294.1984433917208,143.11408074111424,134.7733231377567,149.5688663094844,153.8087385211447,234.07891366692
2023-07-07,296.9934855120673,141.41567428344212,134.06641983761,151.2234901430836,152.90259970072708,232.90841536166025
2023-07-10,294.73647904022545,139.15531054226744,130.66648944247058,148.1356300460173,151.2427153119703,235.77044302829822
2023-07-11,296.30874203653167,139.42372176374653,131.44075061245624,150.05826058871864,150.81772291797313,239.12939526559492
2023-07-12,306.76911437949934,141.4072741278555,133.4492578924039,152.41202926693362,152.17290772831979,247.98781239325285
2023-07-13,321.2684037342182,143.69698591261096,139.7441507156968,156.4903327072109,152.79032888977196,251.25056098212193
2023-07-14,317.7186999740046,144.77889970168292,140.7316080995721,156.93310784747504,152.9106341233228,247.61102506160614
2023-07-17,324.65038411207973,144.98436225723466,139.86757964782913,155.62805643618373,155.55684012492472,249.0139187784335
2023-07-18,331.8685054564577,150.75474413552655,138.8689391636752,154.77744383989508,155.3483549302421,250.16033529750143
2023-07-19,328.9546693001172,148.90538425691403,136.9277292576608,157.72547319003905,156.4469225181147,253.33495689854257
2023-07-20,318.0750553446387,145.46244923730197,133.75224731486762,151.43324070846512,154.86720850382164,242.5204318518795
2023-07-21,309.6130591088562,144.1624595340552,134.672346828904,151.47984206744326,153.91297490950407,235.89865692791
2023-07-24,311.7302559893831,144.7243774418284,136.3666815861093,150.0815701582037,154.56249650744766,233.7742481975092
2023-07-25,319.18604561779216,147.18602991124777,137.12969915991064,150.46609804474318,155.26013771521883,236.0670565363772
2023-07-26,317.5998524633152,141.64629793002447,145.05162072420342,149.3241602798713,155.9658009276219,239.35388691143805
2023-07-27,320.7303680857135,138.6898369208232,145.1974504259819,149.44069034730458,154.93938170958108,249.88775417707845
2023-07-28,326.66977577458596,141.8979219655734,148.76572364208513,154.05500720578624,157.0322804969669,260.92677086958463
2023-07-31,326.5230412102072,140.87049106062662,148.9228055823202,155.7678782931101,157.52945851468735,255.41122675582773
2023-08-01,324.97182050656977,141.0466449483269,147.60995800633495,153.4490828591187,156.85589573877573,258.7061337914883
2023-08-02,309.33362708766043,137.33951191027217,144.05295431323276,149.39408898832647,154.4261969364883,251.9721006949633
2023-08-03,311.05249096160674,136.987256635844,144.13148664107806,150.20974612038353,153.29551649416044,251.07428230719813
2023-08-04,312.2054856080544,137.45691720983842,143.74999945985797,162.63109743711195,145.93425929950266,249.102144563333
2023-08-07,317.3553394182635,138.43402593272407,147.5875226675998,165.71894864418226,143.41636811811966,253.77586352962913
2023-08-08,312.093643282472,136.73144564774486,147.44164111218785,163.06222668262956,144.17813569109072,250.6333509768437
2023-08-09,297.34984088270147,135.129509726888,145.48919625226137,160.6269011812049,142.88713933576312,244.676949630536
2023-08-10,296.18992126318994,135.42305578891146,145.52286654490857,161.4542042080085,142.7107049057166,245.10180173749472
2023-08-11,285.4779237406726,134.61788775068968,145.37701955858557,161.27942688685053,142.7588741873995,241.81499606170172
2023-08-14,305.7279620586341,135.88854253559876,147.3631174266148,163.79632699147692,144.099828011201,245.4625839435493
2023-08-15,307.03464297987205,134.97432997766805,145.6238774228502,160.41715061582335,142.48586525267453,242.06352009520086
2023-08-16,303.86228340826585,134.64651390589975,144.41204936707888,157.38756444246968,141.77927069298445,235.9227140148339
2023-08-17,302.8700604337586,133.16727275758012,145.7809593630853,156.117450715418,139.71564104633762,228.54741382610678
2023-08-18,302.5556292243756,132.99921714487505,143.02062625188714,155.23188265489773,140.10910423017938,227.072299449972
2023-08-21,328.1861309767748,135.2685060513605,144.04172800159293,156.93310784747504,141.1930931285197,232.4033894311339
2023-08-22,319.1092292177447,135.512254941047,144.83840722576926,156.43206767349426,142.30920729927914,230.55958908321998
2023-08-23,329.22725656029235,137.42015340390384,148.5300661626436,157.9119141859355,145.4327474124068,235.88267650158582
2023-08-24,329.55567140254163,134.46583180932853,145.6238774228502,153.62386018027667,141.62671600737627,229.87816098143034
2023-08-25,321.55489441521644,135.73079023873044,145.73608868561496,155.27848401387584,143.4173243013343,228.8760869839057
2023-08-28,327.263719217208,136.03334021752335,147.0040310150409,155.1386621569495,144.68599315770194,232.69200037641684
2023-08-29,340.8825477109589,138.0127318795683,150.99864480529004,157.20112344657323,147.8416212893572,238.88889849415972
2023-08-30,344.23656082308787,138.1724004619298,152.46859160605482,157.38756444246968,150.67610845849606,236.5721071661715
2023-08-31,344.8724551643087,137.7395430695993,152.79395587134803,160.81332439710937,150.85275399392762,237.20544579338124
2023-09-01,338.96098800382106,138.1177732001305,152.22175102633463,160.9415003592892,152.12950694474628,237.59823825062
2023-09-05,339.233495051953,140.172753137212,152.345145389378,159.95106590607418,152.3221840714778,240.620465368786
2023-09-06,328.8700188571829,139.89120354738571,150.87519858861324,157.72547319003905,146.87005221753788,239.83490515357633
2023-09-07,323.1397239649589,138.64308480488637,151.7728714061867,160.6269011812049,142.5741942293722,239.43406073500574
2023-09-08,318.46467197585724,140.4753293664911,153.02961335078956,161.069676321469,143.07201798121162,238.80877406912782
2023-09-11,315.7113401179799,142.0176504331691,153.6355230575391,166.74435634162086,144.01953345709904,246.56081219096583
2023-09-12,313.5589034131361,139.42473240746557,151.8626300456718,164.56536498456384,141.56245304457428,241.83100118729382
2023-09-13,317.856637950978,141.2275895497602,153.39993471627548,168.78350806175953,139.8842645771373,244.55668889518444
2023-09-14,318.5275582177339,142.33704009886458,154.95958830289194,168.63202253009464,141.1128234103454,249.89580613841028
2023-09-15,306.780424277592,138.7733397174516,154.17410946353874,163.58657642609538,140.52664584588067,240.74875336620147
2023-09-18,307.2416167887015,138.28586818856485,155.08303451956874,163.10882804160767,142.90340686837578,242.54446423953547
2023-09-19,304.1249511124307,138.11354687185096,154.89228228668648,160.37054925684524,143.78668421738888,244.5647161572484
2023-09-20,295.17304645406955,134.80202178619726,150.06730169506935,157.64389858683734,140.91207460712667,240.23570017361115
2023-09-21,286.6335119098507,134.28094963496403,146.36445101564414,150.69914039961776,139.65943734205902,237.07715779596577
2023-09-22,290.77750669820693,133.22191314462253,146.15124615948224,150.45443437000466,140.34998789248527,239.7627091935368
2023-09-25,295.0543058927711,133.44464852009932,147.11624227780567,152.9596885798845,141.38581992710655,241.16557821109623
2023-09-26,292.88093384464946,131.17534648837074,144.26615052712245,146.7956231704944,138.07761227391543,239.66650554510915
2023-09-27,296.773303453456,131.44849592261042,146.47664499386443,146.7956231704944,136.84906585867117,238.68843923597262
2023-09-28,301.11301562724447,131.8056994136888,148.46272557734918,146.7956231704944,137.05782424855798,243.67482623447557
2023-09-29,303.9781363360088,132.69241458731645,146.8357141208938,148.12398415127075,137.47537828222306,240.66862894116957
2023-10-02,312.943944415193,135.2348791785278,150.5497824696866,150.85062593128265,139.51491707904654,245.96760987407572
2023-10-03,304.10396229445746,131.7006318426404,148.59737217884904,145.32743144279567,138.43089092681473,241.25380399599575
2023-10-04,307.7657490163831,134.04138769782776,151.75045335199604,147.9841534043484,139.4426569475403,244.973563138615
2023-10-05,312.2871682053899,134.20949581150523,151.55971840365825,146.77231360100933,140.44632645585105,244.34024921067316
2023-10-06,319.79236845241627,137.52942105274556,154.376131219422,149.10277270973924,142.51800294305744,252.86996848126427
2023-10-09,316.37514825023777,138.60525785426032,155.3186747144658,149.45233624205113,143.72243367255072,255.2188194589724
2023-10-10,320.0440203693136,138.00431859873854,154.91471762542162,150.87391772077572,143.24066634793894,258.00870056410656
2023-10-11,327.0880281052305,139.69789496694833,157.70869510245024,153.61221428553014,144.37283694592597,262.80268026575425
2023-10-12,328.05936921115534,139.16837015915604,155.93580209058294,154.1948290627126,145.10355960933086,259.8685554361483
2023-10-13,317.688914568626,137.72694283621934,154.12925607061288,151.23513603783013,143.6100262639935,252.27676616437412
2023-10-16,322.1194267753281,139.7903491793737,156.08166636145043,154.45118098707226,143.50562844210435,257.45551106119666
2023-10-17,307.0459528779647,139.54658716444413,156.77736927677404,153.19273093475908,142.24499400833247,259.7402921380007
2023-10-18,294.8725721402051,138.727125736482,154.80252364720135,149.30086849037824,141.1930931285197,254.10453668742804
2023-10-19,294.2087372705994,139.2356370300646,154.5668661677598,149.61546766846254,140.88798375730332,250.76959213851944
2023-10-20,289.2191471227238,137.2814852105089,152.15439315649573,145.8517811862615,138.81631968806073,247.4346722888787
2023-10-23,300.3164030887786,138.3951358374066,153.164242667745,147.4714495556291,138.912695505318,251.73162862279602
2023-10-24,305.12417927204496,138.9036340057461,155.75626752706825,149.80190866435902,139.26599899414492,250.56115501680415
2023-10-25,291.9585220850827,143.16492793289956,140.94479567118952,141.44721489316137,137.3870617234892,240.12349139959142
2023-10-26,281.8047201712634,137.79418345664172,137.2082487723004,139.326497459817,134.00658152082804,231.16081866217405
2023-10-27,283.02065453428315,138.6010446512239,137.08481119789585,148.84642078537956,135.0745388278684,237.8787478360354
2023-10-30,287.63982546661515,141.75288802927298,139.6543920762117,154.63762198296874,136.73665845011394,242.63269002443496
2023-10-31,284.97734711634695,142.0890780061417,139.22799100616012,155.08039712323284,137.12207479339614,241.51835785435486
2023-11-01,295.77407529384175,145.43425621511435,141.88733916623332,159.63644894799788,139.69155019651427,249.99998765036605
2023-11-02,304.02706568236687,146.37977247784838,143.05429654453437,160.88325310556453,142.58224106993177,249.21435333735272
2023-11-03,314.5023307280239,148.26249672443151,144.86087713359336,161.5008233469786,141.84348398393115,252.20457020433454
2023-11-06,319.7154985776734,149.83003138311253,146.15124615948224,162.82918432775494,143.91516047113754,253.1665572900754
2023-11-07,321.141107221644,151.51100751794237,146.9591603375706,166.2899175266182,145.9948341270482,255.58765362635887
2023-11-08,325.466755550523,152.6330451751836,147.93535684071713,165.55581721777085,146.85399579031028,256.35720871597647
2023-11-09,328.0943416619949,151.57822188787853,146.14002849011467,163.83128245570848,146.46856702906425,256.97449281905836
2023-11-10,337.7729674318383,155.35203116090216,148.77690674236374,167.28035197983323,149.86957412593057,263.5642080933079
2023-11-13,339.7644987780029,154.09548601232999,148.215884997629,166.15007788969987,148.58315999925495,263.90090851317075
2023-11-14,347.0042506366998,155.60418020617527,149.93265509356945,169.89047258240782,150.70578739204132,269.60878582597934
2023-11-15,341.63739651226007,155.66733887599224,151.05469858303897,166.86086862906217,151.16405992909344,266.72275047095326
2023-11-16,345.77438611550923,158.40449019816688,153.6467407269067,166.4297393835446,152.53091762543696,267.90922920253723
2023-11-17,344.5025439583721,155.74312402967539,151.82897703756908,169.168018168307,152.514811526354,268.59068200359474
2023-11-20,352.26634783270737,158.93927822844392,152.88378364901106,170.27500046894727,153.92990059419958,272.5428859563174
2023-11-21,349.0168510128809,157.0990797695181,153.6916286889215,167.67652576111922,153.27864048132028,270.1459455040293
2023-11-22,340.4354190447588,159.1119145509923,155.39721568458333,170.95083574407798,153.81731933414878,273.7614490368891
2023-11-24,333.8665339781223,158.9350519001644,153.37748209299588,170.9857912083096,152.73993679256412,271.14797010301817
2023-11-27,337.12303598305573,159.4319473535999,153.06330092798126,172.13935708793602,152.5952054241666,268.3181255824396
2023-11-28,334.1809384501576,161.1542680042077,153.94968693800922,171.32369995587894,153.0856653234569,271.7572269440362
2023-11-29,336.41021829239656,159.53302485074465,151.4699079105397,170.49639692907533,152.25752373383335,266.31395288812246
2023-11-30,326.8364564003763,159.55827781847697,148.7095834416138,170.22838132997717,152.72385552940884,262.26549588843636
2023-12-01,326.80148394953676,157.70546600092808,147.9577921794523,171.32369995587894,153.76104112208722,260.3976384535986
2023-12-04,318.03131304374153,155.4441572422499,145.05162072420342,168.771844387021,152.30575510533538,256.5496160128318
2023-12-05,325.4394567184839,156.86745860445984,146.9815783917613,171.148922634721,155.513811880266,255.16277682013228
2023-12-06,318.010350963116,155.30097396522714,145.89317062585002,168.39898017522003,154.6294044965447,254.48935128113868
2023-12-07,325.6491577367824,156.2063269840626,153.6467407269067,171.148922634721,156.19722210149203,261.8166113938217
2023-12-08,332.00895674411834,157.58754881688074,151.4699079105397,171.77813877088158,157.35502337681692,266.7548348199411
2023-12-11,325.86578372814483,156.3537234641218,149.56238558171697,169.99533897510258,155.32084914036645,260.76639852318135
2023-12-12,333.0642531219363,157.6506943614546,148.69836577224623,171.84804969934478,156.551022308872,267.93326159019324
2023-12-13,336.07642924325216,157.64650740890443,148.75448868817307,173.43276260448079,159.16408476502107,268.3501852321595
2023-12-14,337.90740281625824,154.09240158020052,148.04758538802636,171.77813877088158,159.2846631937761,267.0915846383397
2023-12-15,341.68132597459135,156.11371526872,148.7881416962758,174.74947769051062,158.85051876043886,268.494503054435
2023-12-18,349.97706938214736,156.92220399344708,152.37879839748075,179.52692597540369,157.49976716317826,276.27067236100055
2023-12-19,346.6713706573785,157.17907812623767,153.3325768464366,179.20064534258887,158.34397759799324,280.8721706679892
2023-12-20,336.2371474404972,156.06737003531936,155.22888150589174,177.25471412039846,156.64748505187603,280.006411929944
2023-12-21,342.38029371912296,157.2969821850419,157.5628135470383,179.25891037630552,156.52688178719336,283.86246163277474
2023-12-22,341.26208436208066,157.7348927959675,158.7634498602588,178.7695160970713,155.6585308306997,283.3012695670688
2023-12-26,344.4000597044975,157.76861154550198,158.797120152906,178.75787020232474,155.21632713883903,284.455639250397
2023-12-27,345.3645025747063,157.52019006927046,157.50674248474488,178.67629559912305,155.29672103665163,286.8607057618205
2023-12-28,346.0983090833388,158.02968575608588,157.34966054450982,178.72291473809315,155.64248682143588,287.2534735197914
2023-12-29,346.0983090833388,158.34975793442274,156.74369898412684,177.0449813350089,154.7982391327294,283.75825542155104
2024-01-02,336.6354804470779,156.17264761025746,155.03812927300947,174.70285855154052,149.2585233799214,277.6094467783881
2024-01-03,332.4492406492978,156.05894362924653,155.87971374374504,173.0016333589632,148.14095630739428,276.1504363249169
2024-01-04,335.44740640039964,154.93884850798472,153.04081373561266,168.45724520893668,146.25953544397325,278.2747956567819
2024-01-05,343.12805712327395,154.85882390077893,152.30025742736322,169.23794687676218,145.67258796575126,282.14689988374056
2024-01-08,365.1846578157579,157.78123802936813,155.78993781971548,173.73573366781054,149.1942107452641,287.5260546402144
2024-01-09,371.38371188850095,158.24445410899847,158.15755743805371,176.38079195462475,148.8565042190032,286.53998576828184
2024-01-10,379.8401200186065,161.18370792449022,159.64987043937572,179.1307344141257,149.70072707178204,296.9937780074261
2024-01-11,383.1388670329639,161.96696993197122,159.42548248293517,180.8203137119565,149.21831401305127,296.35243681742026
2024-01-12,382.35610444062564,163.58398675715472,160.06507976687644,180.16778800631084,149.48366106409532,300.2164643837792
2024-01-16,394.04131468340944,164.34195642117407,159.88554520336174,178.46656281373353,147.64241231365293,294.5807336324744
2024-01-17,391.7420364647959,164.00505768117773,158.74101452152362,176.77698351590274,146.8785957766505,295.310226509576
2024-01-18,399.10820250359166,165.85790887445592,160.9963710234637,178.86273659501953,151.66255425097947,301.5312064135107
2024-01-19,415.7694470589486,167.8791831872461,164.2504630745523,181.00675470785293,154.01836616849934,307.3994066741868
2024-01-22,416.90856502192094,166.96963009061733,163.81283569286092,180.3542290022073,155.89170293746935,306.0606322567993
2024-01-23,418.4391444931057,167.97602123086824,164.9909848137128,181.79912005041695,156.9288885301477,308.802325090282
2024-01-24,428.84548065629764,169.5172529023686,166.8536537496097,182.78955450363196,156.38217525472348,313.21149019821905
2024-01-25,430.6275248829456,170.48999091930054,170.41067472725638,183.81496220107053,156.11684062164326,315.19963306767625
2024-01-26,426.5321920674701,170.09414671252364,170.76974385428576,185.4113210009531,154.70978597639345,315.9692128565617
2024-01-29,436.55409864490446,172.53230499678662,172.2509083244181,187.9049115360944,154.155001024482,321.48470757178285
2024-01-30,438.71356727220297,172.05646243329014,169.95061200682983,185.27149914402673,151.18817561484443,320.7150783843616
2024-01-31,429.99860898948396,167.4201803106522,157.2037617045534,180.84362328144155,148.26153473614931,312.7625810043364
2024-02-01,440.4817615527233,170.03097491746354,158.39314577931734,185.59776199684956,150.23944317850203,316.4822907484199
2024-02-02,462.37756383591903,173.1639704464151,159.76209898668495,200.198086890643,149.42737043406993,380.7840436801613
2024-02-05,484.546140540724,170.81843700273788,161.22081083353766,198.45024255909559,150.8987128780494,368.2940684955157
2024-02-06,476.7955716535185,170.75105200464137,161.6920739387873,197.09857200883417,152.20125793973563,364.53422244111266
2024-02-07,489.9063370655774,174.35563751832365,163.30788501041954,198.70659448345523,152.28968626014392,376.45500299725614
2024-02-08,486.70555569332714,174.3809429870284,163.72305976883132,197.9025832461447,151.41331329901837,376.783700854323
2024-02-09,504.12162231263756,177.09281509098452,167.1902875379039,203.2742922029668,152.033205635272,375.2685983634759
2024-02-12,504.92524003621037,174.8651857061115,165.54082345816894,200.81565713205705,150.66460942399274,375.9019122914178
2024-02-13,504.08670333649343,171.10061660423318,162.85905724390506,196.50431133690515,148.9659437342059,368.8631890262141
2024-02-14,516.4708545864611,172.7543316091358,163.75673006147852,199.23094422692108,148.24945205734616,379.413184913786
2024-02-15,507.79068159314755,171.5182355893198,160.19974365292083,197.85598188716656,148.01599433740847,388.0310805707408
2024-02-16,507.476196909069,170.46353042920265,157.675059378892,197.51805535960523,146.76818766026935,379.44529396204166
2024-02-20,485.3846772404411,169.92777113093592,158.348275101847,194.68655607689456,146.16440142309867,378.1866439696861
2024-02-21,471.54692334342246,169.67042448939358,159.9528685041117,196.44604630318852,146.77622208286508,375.60255716460307
2024-02-22,548.8848086210835,173.66557786212496,161.6808735539642,203.42577773463168,148.4265694754031,390.1280978130527
2024-02-23,550.8346029674311,173.11292637598322,161.5350092830967,203.90352611911936,146.93725823776674,388.4428667649862
2024-02-26,552.7566439468283,171.93168074709934,154.36489626550994,203.6005550557896,145.84239120311443,386.60504363990145
2024-02-27,550.0238196346648,171.90637527839462,155.83484306627474,202.21392904129664,147.02579831984949,390.8664083287907
2024-02-28,542.769549396147,172.00761027845664,153.02961335078956,201.77115390103245,146.05168356544579,388.4347654051186
2024-02-29,552.8963733260999,174.5051471625226,155.36354539193613,205.9659696287511,145.5123217246068,393.3382122620503
2024-03-01,575.0297102065881,175.28982669625884,153.88239820634826,207.66721260132041,144.63480631080924,403.1048214699868
2024-03-04,595.7024927296138,175.04513278906887,149.62970888246693,206.92146639772653,140.96379542646395,399.80643183755393
2024-03-05,600.81162555922,169.8686812864812,148.86668266639333,202.88976431642732,136.9546433871238,393.410383522822
2024-03-06,619.9338023376062,169.6324531610934,147.44164111218785,202.17897357706502,136.14961162818133,398.12117609021954
2024-03-07,647.6734797662112,172.60669887470073,150.78540538003918,206.03589833720628,136.0529998696114,411.041733611974
2024-03-08,611.742548485005,171.37480293267805,151.94118830033383,204.32300946989042,137.44573660256927,406.0340311452828
2024-03-11,599.4836349718358,170.6576133989832,154.47709024373023,200.37288199179292,139.07193105546483,388.0896919334414
2024-03-12,642.3898055305802,175.19700497702655,155.40841606940643,204.3696108288686,139.45832841788933,401.05843772684733
2024-03-13,635.2259075274123,175.12106232042618,156.85591024689157,205.7329272738765,137.76775924051734,397.7039066585027
2024-03-14,614.6500211525843,179.39046764781796,160.57001316477331,208.28478284273447,139.2732014131643,394.7024516246314
2024-03-15,613.9022310110855,175.67795326009053,158.41561568714144,203.2393367387352,138.96728487429917,388.49900820089795
2024-03-18,618.2213821644644,176.0576402926063,165.70915763686054,203.30924766719835,139.85282229272866,398.83538012049786
2024-03-19,624.812191856245,177.783097876316,164.9797844288897,204.96387150079758,141.7527335042873,398.24153562264263
2024-03-20,631.6195740646924,179.39469397609747,166.89859356525793,207.5856379981187,143.83779655649863,405.68890827506976
2024-03-21,639.0488669814945,181.14127007596167,165.6194162819199,207.5856379981187,137.96094550376574,407.48659508983496
2024-03-22,658.995837462861,180.8754707778603,169.17640269047763,208.42460469966082,138.69354327970842,408.94716159718314
2024-03-25,663.9791443340184,178.39482608166932,168.39092385112443,209.40341103812128,137.54234836113923,403.6825867444463
2024-03-26,646.9186844396056,177.8843460016211,169.06419142771287,207.76043309926862,136.62459874454387,397.9606802474768
2024-03-27,630.7669200453706,177.79151115714572,169.28856209960892,209.54323289504765,139.52274039625723,396.3315659360541
2024-03-28,631.5078119511533,177.49201935999608,169.35593725399232,210.18411270594677,138.04949800381232,389.6867218958763
2024-04-01,631.5566343481204,179.11625506888686,174.47264638734438,210.871593875824,136.882209404124,394.31724184263453
2024-04-02,625.1896697315912,177.79578998639764,173.4290747298145,210.54533102300118,135.92420074880323,399.148418641723
2024-04-03,621.7788932302172,177.3781185003386,173.8329972497697,212.54952727890824,136.57628044729506,406.66801195345766
2024-04-04,600.3991217583389,176.2938946684803,168.90709220293334,209.74131978569065,135.90808223175645,410.0225430218023
2024-04-05,615.0973369802184,179.51702124182782,171.11759531194758,215.64904216071707,136.51992772745055,423.199824733995
2024-04-08,608.9818638565001,179.1246946002028,173.75447356419667,215.78886401764345,135.61022495141472,416.70747397376397
2024-04-09,596.5481415638287,179.83763155513196,175.7181533780352,216.34816922534088,136.59237412841415,414.8215366748314
2024-04-10,608.3249272226105,178.5636035827451,175.20195045713731,216.67443207816368,135.0708382746481,417.1730551734716
2024-04-11,633.3248286286407,180.53375507364476,178.87116541300426,220.2866508086918,140.91547712921513,419.84536776345414
2024-04-12,616.3412653463186,177.98983358044885,176.98607842291668,216.88418264354522,142.13112128004371,410.808992410656
2024-04-15,601.0700687624425,174.5051471625226,173.7657085181087,213.95944508289432,139.02360034025222,401.4436475088442
2024-04-16,610.9527807075598,174.90168700718402,173.2495228817553,213.6098904405784,136.35890399051266,401.0664155903755
2024-04-17,587.3296388111853,173.74573372176178,174.45017647952028,211.2328121928784,135.24795569270506,396.5803863607679
2024-04-18,591.7745624483175,170.55213894539853,175.0561034708143,208.83244215568536,134.47509887803696,402.7035571638622
2024-04-19,532.569946405655,168.37947807864552,172.9016714240935,203.48404276834833,132.8328231619861,386.0673652772258
2024-04-22,555.7597828446092,169.15573120630893,175.35906696646134,206.513628941702,133.50905580012045,386.5970163778376
2024-04-23,576.0631086966098,171.9443466066948,177.58075317575418,209.20530636748632,134.36240585631174,398.1292527508192
2024-04-24,556.8710404912399,172.57292762419385,178.55698424798965,205.7678827381081,136.06910596869432,396.04265859955643
2024-04-25,577.523983902245,168.34571995338177,175.04486851690226,202.36541457296147,136.76950396443493,354.21538700171385
2024-04-26,613.1893063710354,171.41698746401468,192.942098245178,209.29852686543455,136.29451684807242,355.7482482661731
2024-04-29,613.3429391711302,169.69996941162094,186.43400056572315,210.85994798107745,139.67570487467168,347.1853331795392
2024-04-30,603.8727845015894,164.24930533010215,182.6526089161804,203.91517201386588,137.12371396462123,345.2191973577711
2024-05-01,580.3823667993797,166.61602291614946,183.86442832967953,208.5760902313257,136.29451684807242,352.457910595072
2024-05-02,599.7841627603958,167.83949245209925,186.96136930235517,215.24120470469254,139.29735435280676,354.45618016436373
2024-05-03,620.5558734700472,171.56043324589953,187.65708950222327,216.97740314149345,147.62958455702017,362.70605672977246
2024-05-06,643.9762927958824,174.462962631186,188.6220683360022,219.8788133526673,146.28514128538345,373.71664456493846
2024-05-07,632.8915766459161,172.69105481213086,192.15661940582478,219.94872428113047,146.84063406123298,375.77105557014187
2024-05-08,631.899032823236,173.19732168914265,190.05834484411977,219.06315622061024,147.1143632378599,379.2700032578334
2024-05-09,620.2621904425077,173.94825622285822,190.70915979742858,220.81100055215765,148.58759321234095,381.533098377431
2024-05-10,628.166926876763,174.9691770072254,189.2392129966638,218.4572318739427,147.56379418466753,382.15912602134557
2024-05-13,631.8082327903223,174.53886591205708,189.78905164111995,217.39688649226449,150.1676052577659,375.58647794120736
2024-05-14,638.4968477001236,175.73700372881592,191.13553494066346,217.97950126944698,151.0946807651949,378.66818089645005
2024-05-15,661.3791511654108,178.80957063851616,193.57046057520716,216.7210512171338,152.940747685602,386.44454779715875
2024-05-16,659.4851309264418,177.92626802809565,195.44431261138268,213.97110875763286,153.03747120584637,379.77564667005703
2024-05-17,646.3455961282182,177.59662754753586,197.55383941154423,215.2178951352075,153.06166139938034,378.7162703710299
2024-05-20,662.427522570165,179.76476020541793,198.51883552986763,213.86622458494608,154.0048305879285,376.25254309837004
2024-05-21,666.6629323504328,181.32851479408495,199.56238990285308,213.41178576994344,155.0608914856231,372.8739549431015
2024-05-22,663.6156233541909,181.95401137945453,197.91290853857362,213.38849398045036,153.89197613267353,375.40187561300496
2024-05-23,725.4624241001897,180.46635695030514,194.73742659578045,210.96481437377227,150.6513097847346,373.79686778704195
2024-05-24,744.1231677313367,181.80185043614853,196.35322038286822,210.61524195146438,153.15031324313753,383.7802130707044
2024-05-28,796.0662409768971,181.86945856337783,197.93536116185325,212.2465562155785,153.15839733758855,385.14445243328544
2024-05-29,802.524112575731,181.38345706171876,197.37428756348504,212.0950884639056,153.40023718310908,380.68245559133385
2024-05-30,772.2963110414485,175.2552023049502,193.12163280869268,208.94897222311863,154.2063617228683,374.8160583772136
2024-05-31,766.2368259238907,175.4496134058083,193.5592256212951,205.59310541695015,154.98028648242547,374.63953270961093
2024-06-03,803.7471858105965,174.7691745528049,194.3110514525456,207.8070344582468,156.4152070385019,383.19437113564516
2024-06-04,813.7905357409156,175.84688826408356,195.00671979878024,208.9722640126117,156.67319023699685,382.79308213025257
2024-06-05,855.7462470623175,179.20265854424122,196.82451805720683,211.2328121928784,157.89849556368242,397.2946150903141
2024-06-06,845.6679246811588,179.41820128649695,198.30564795825023,215.56746755751539,156.77793576187312,396.25129331541484
2024-06-07,844.89922593373,179.13503729176884,195.7585456300307,214.7518104254583,158.72076345641605,395.6093346437118
2024-06-10,851.2031973589917,180.83402126013752,196.60102889707926,217.96783759470847,155.6816158254531,403.34558993336873
2024-06-11,845.1222154138536,182.86691141307483,198.4096663469314,218.16592448535147,166.99174826303732,407.2538538885169
2024-06-12,875.1079904764241,186.40858763655913,199.72400039374193,217.76975070406544,171.76409594118854,408.35331709932785
2024-06-13,905.9325696121889,186.62838295758058,196.76953592121566,214.20415111250742,172.7072651297367,404.5493334532071
2024-06-14,921.7990465060736,187.04678945725348,198.6006432788919,214.00606422186442,171.29653476719423,404.99920591853737
2024-06-17,915.5084972293757,189.4981123603499,199.10616435130112,214.47214893161362,174.6661865053987,406.98344630366813
2024-06-18,947.6610134778291,188.64014146912027,196.69092581292023,213.01561198865744,172.74757384031741,401.24770821668073
2024-06-20,914.1104547909217,188.36965645923073,198.0501823908345,216.8492271793136,169.0312870598608,403.02309159254213
2024-06-21,884.6839180936109,190.09399839727655,201.79104178357142,220.32160627292342,167.26583756061518,397.4641508651042
2024-06-24,825.5511720416646,189.20223000505388,201.3304259577215,216.23165693789957,167.78983838020082,400.7818306257584
2024-06-25,881.3287552755293,190.58851818171019,206.7338338303648,217.12887089316632,168.53953569233252,410.1725416756922
2024-06-26,883.4956568854986,191.0998776530464,206.56536137531737,225.60009473179727,171.90918743053703,412.19691837114254
2024-06-27,866.6504861150613,191.39152055481978,208.2840673402396,230.54067444310178,172.59443551040937,417.3703035268332
2024-06-28,863.5052649514078,188.89794749417123,204.62188719397605,225.18061138102618,169.7890312125521,405.04746828799244
2024-07-01,868.8172807756398,193.03136217776134,205.56555418441107,229.78326456476935,174.7306854095134,405.41694463634406
2024-07-02,857.4240691074879,194.10906276379686,208.09312497736806,233.0459108729896,177.56827706960888,409.2889253669632
2024-07-03,896.6363681270227,194.73879880268908,208.74466588154505,230.237703379772,178.60016019173338,409.65845111385056
2024-07-05,879.5115781739554,197.60850195497216,214.11438617699665,233.0459108729896,182.46153846153845,433.7176621747755
2024-07-08,896.0770762870674,197.05063974731806,212.35067125824833,232.21859006619403,183.65464400802202,425.2106415313744
2024-07-09,918.3044751568931,194.2189735495507,212.294531057777,232.27685509991068,184.34792651049008,425.7568905400075
2024-07-10,942.977806597668,197.0548660755976,214.76592708117366,232.80120484337647,187.81431418690278,429.5244674652599
2024-07-11,890.4852808561192,192.17339128653174,208.46382660283257,227.27802813488148,183.45310045511837,411.85957577031456
2024-07-12,903.3462124909269,191.68736353438646,207.9021826144965,226.62550242923584,185.84733355271737,400.74967217896693
2024-07-15,897.7545774840652,191.86062986860384,209.54227847112327,224.56304113961215,188.95903934631838,398.5727281057662
2024-07-16,883.2160911775643,189.98411386200894,206.61026662187666,224.91261356192004,189.29761513004712,393.4556078823268
2024-07-17,824.7123679684702,187.44830376905136,203.35249296281378,218.98158161740855,184.50913651688532,371.1234437300044
2024-07-18,846.380421523645,186.11698411051506,199.6116854237103,214.1109306145592,180.72027915582683,382.25740440827593
2024-07-19,824.2929659318731,184.7391879661471,199.57796327742966,213.38849398045036,180.82508677052226,383.0125104261785
2024-07-22,863.5052649514078,187.20315047835277,204.08269582891964,212.71265870531968,180.54296305034862,391.5356349922432
2024-07-23,856.8649376916192,188.01041855547118,204.21751527586434,217.21044549636807,181.38937146476093,392.57194217506196
2024-07-24,798.5709957128668,181.2693461981716,193.92743827235446,210.70846244941256,176.17367764207702,370.5450115753119
2024-07-25,784.8013685778812,176.83164900369889,187.91737745754895,209.5665424645327,175.32723197377328,364.23098952923937
2024-07-26,790.2532742054713,179.73514965697507,187.60285060164475,212.654393671603,175.7061413040104,374.10373149129487
2024-07-29,779.9783788437527,180.3522198362718,190.44496553505041,213.4700508036601,175.9318377965565,374.1117834526267
2024-07-30,725.0395462083867,178.74197563653001,191.2987010405555,211.7338701468512,176.38329287146786,372.0874067571763
2024-07-31,817.9324182788006,176.81051736230125,192.70294928775144,217.8746170967602,179.02738781921929,381.4379814967904
2024-08-01,763.3430427783527,176.2864395303972,191.82672658987778,214.48381260635213,176.0285737347647,399.84192468551043
2024-08-02,749.782982974927,172.643292052475,187.2208967377237,195.642035065878,177.23777296236736,392.13012167106353
2024-08-05,702.1133934928114,167.00530450137433,178.8967292542903,187.62526782224168,168.70078295261925,382.1610031657052
2024-08-06,728.6742212597075,168.89027316452828,177.81826010145508,188.68561320391987,167.05623474918818,396.90982519587135
2024-08-07,691.349311616903,168.39157955278753,178.54848025210546,189.66441954238033,169.14414151511576,392.7567420974075
2024-08-08,733.7067783253958,170.1920085251079,182.01968346640848,193.19506366970677,171.95756781760494,409.3933538715979
2024-08-09,732.1691134570608,171.5993627169463,183.86200849345232,194.52342465048312,174.3195638811104,415.9323615488713
2024-08-12,762.0149452415776,171.93326890151494,182.31177498357752,194.36029322407174,175.5624654625381,414.4703624839856
2024-08-13,811.7815983813744,174.97627776374472,184.4124866660542,198.35702206114735,178.5808999298385,424.58402110503044
2024-08-14,825.3414977607138,176.18076819816596,180.15487124699604,198.20555430947445,178.9440881178713,423.15418048693624
2024-08-15,858.752166644263,178.2639017817058,181.1996355380951,206.93311229247306,181.36529303290138,431.6450972076737
2024-08-16,870.774347680572,177.17999295568202,183.06443047296304,206.315542051059,182.4387142440254,423.6842761743699
2024-08-19,908.6584956886361,178.47561195297516,187.23211440709127,207.66721260132041,182.30957983819394,425.17853248311866
2024-08-20,889.4368559766696,179.8601282218124,187.80504520297282,208.43626837439933,182.80994927261779,423.129975204405
2024-08-21,898.1741399447486,179.58067867088278,186.31098646265832,209.86949574787047,182.72117324922232,429.90197107567536
2024-08-22,864.9030400163847,175.94367380673327,184.0080456097646,205.23188709989574,181.21195601557213,427.3073129839358
2024-08-23,904.2550684151912,176.46869665614088,186.052582522681,206.2922324815739,183.07631459669557,424.1502525623638
2024-08-26,883.9150054474004,175.07144890149263,186.65921818029872,204.49778679104838,183.35067708947764,418.6234949809853
2024-08-27,896.7762044556855,175.21965914662425,184.99663513130332,201.72453476206238,184.03670750107105,417.00070368214216
2024-08-28,877.9738598309251,173.84786123835488,182.94086326447487,199.0212114415315,182.79381833760718,415.13704512284556
2024-08-29,821.9164969903438,174.91481225028815,181.73884418769597,200.5593052076974,185.45714871132583,416.2938600336948
2024-08-30,834.3581870126409,176.6168937760294,183.53626396818055,207.9934754541432,184.81957319458328,418.7761364565393
2024-09-03,754.8855918916854,173.35668839091278,176.7735476639895,205.37170895682212,179.79150238735355,411.10439565460837
2024-09-04,742.3740104424048,173.12804665603915,175.751305134348,201.96924079167547,178.24192677126732,411.8916354200345
2024-09-05,749.3637413624162,172.91214953221962,176.63876278613375,207.28268471478094,179.47674425824397,415.2013126178927
2024-09-06,718.7488899822979,170.0795908179212,169.53903243366992,199.70869261140876,178.21772415976952,401.8743039437568
2024-09-09,744.1912944933697,171.78164609317622,167.2780757393183,204.38125672361508,178.29036924815438,405.5053186168509
2024-09-10,755.584452686826,175.37209572003542,167.22181454703562,209.2169700422248,177.64468480103318,405.5053186168509
2024-09-11,817.1636125819809,179.11492941933332,170.03399264940177,215.00816234981795,179.70275119988574,411.16063588759164
2024-09-12,832.8218055369973,180.79161359966812,174.0047364837239,217.8979266662453,179.79150238735355,422.22227710948414
2024-09-13,832.5421863543672,182.31162175306918,177.1206213171497,217.30366599431625,179.57359195812663,421.435062043326
2024-09-16,816.324755034091,182.62916075948695,177.79554821000823,215.43929159533553,174.58589195129676,428.80053192343325
2024-09-17,808.0062848809589,184.24230563795473,179.21286357283114,217.75810480931895,174.96519865637632,431.2449196693361
2024-09-18,792.4879282546053,182.40473222764973,179.76399855812332,217.23373728586114,178.11280478339967,432.55551222206225
2024-09-19,823.9441504933006,185.74114277422882,182.38495774490622,221.24212979767526,184.71466623617724,449.5617485402115
2024-09-20,810.8723146595464,184.29312657925385,184.0160137847699,223.25798972832084,184.17391358338972,451.37092051454505
2024-09-23,812.6898126092931,183.547954027261,182.05878110602245,225.91471168987357,182.77767498463277,453.83151098018305
2024-09-24,844.9150544435901,181.71036749171287,182.55368946812087,226.0079321878218,183.50403894273458,452.9630847212058
2024-09-25,863.3693857502102,182.95515242246378,181.6538215133984,224.3416446794841,182.69695821976072,456.9674288284421
2024-09-26,867.0741661272963,182.61644239891905,183.04863239930825,222.7452858796015,183.62510167207884,456.5895300297404
2024-09-27,848.6198348206763,181.22346034827962,184.42097337739395,219.02820075637862,183.84299968334193,456.2034804726353
2024-09-30,848.8994540033061,182.188808853344,186.55820730235706,217.1172249984198,188.0478464146234,460.288294794654
2024-10-01,817.8625803265124,178.1199441153399,187.84053037279048,215.71895308918027,182.56783623189307,463.5286411475478
2024-10-02,830.7946867809951,176.61265432250678,186.56944225626913,215.2878060636707,183.0278597018447,460.58577277710907
2024-10-03,858.7558029235552,176.36284157050622,186.56944225626913,212.02517753544242,182.1320153734392,468.59436219451015
2024-10-04,873.2256811957636,176.15962343152523,187.9192614728973,217.32695778380932,183.04402789074678,479.18412390338335
2024-10-07,892.7983288088171,173.39904355040977,183.32983465345484,210.673506985181,178.91987308840967,470.2106328866306
2024-10-08,928.938132250542,175.58801909434118,184.9046295010358,212.91074559596268,182.21274455627508,476.7317335946845
2024-10-09,927.2605241041534,176.75234628486385,182.06999877539002,215.76555444815838,185.2553816350733,474.81798492010904
2024-10-10,942.3594252192146,176.06646045597225,182.31746159871147,217.49008921022076,184.85183506460444,469.44673392935965
2024-10-11,942.2895872669263,176.26971797068254,183.6223237151469,220.01865298958566,183.64931670154044,474.3677172664925
2024-10-14,965.1478805939462,177.46368196013432,185.55706920152576,218.52714280240585,186.6758476812557,474.7455666666585
2024-10-15,919.9208013022693,177.29430069787574,186.11949099436342,218.70193790355583,188.73386440825297,471.40864617631865
2024-10-16,948.7206680433281,176.1850207769317,185.78204483247862,217.76975070406544,187.06322606282248,463.7860075189511
2024-10-17,957.1787606263412,176.4390598572118,183.27357346117213,218.51549690765935,187.36185325692148,463.89858678198925
2024-10-18,964.6584801809745,177.04875364988402,183.8247775846422,220.21673988022866,189.66198302464346,463.5286411475478
2024-10-21,1004.5730623761601,177.31128476245246,184.55594838523896,220.3099603781769,190.8564545471479,462.4752667706177
2024-10-22,1003.734044404184,181.00753697397388,185.75955764011002,221.04404290703226,190.3560975306879,467.9833517054721
2024-10-23,975.5632539806732,179.77544415330468,183.10487630704645,215.22955880994604,186.2399895689104,453.25251074232915
2024-10-24,981.5050412934941,179.83047829764024,183.03738016085168,217.17549003213645,186.08667738750876,456.5412676602853
2024-10-25,989.4040024606381,181.27849449261518,185.9057676018671,218.86506932996724,186.76462370465114,460.93956509035115
2024-10-28,982.2739004650092,180.61799288388693,187.53682364173082,219.51759503561289,188.37070105614782,464.88754546826476
2024-10-29,987.3768837046359,182.88743929328965,190.86641458310845,222.36075799306207,188.5885990674109,477.045364898339
2024-10-30,974.0253217388607,183.1329994665245,196.24325611088588,224.5746870343587,185.7073706824292,475.85535417144695
2024-10-31,928.0293832756687,172.0484035340242,192.47496614605905,217.19878182162952,182.32572319116835,456.3804260277921
2024-11-01,946.4837145822887,173.75047193452235,192.67743730009886,230.63387716105802,179.90450585817445,456.0427376372137
2024-11-04,951.0273525072646,172.94176008066248,190.37147165192107,228.12864073117018,179.17814190007263,450.8322788804217
2024-11-05,978.0098282479678,174.21195548206293,190.93391072930322,232.46329609580712,180.34031429866445,460.28019343478644
2024-11-06,1017.8543585920835,177.90399449054794,198.54920447451917,241.30738414623903,179.75115642288134,459.9746140924637
2024-11-07,1040.7128658178851,180.12684628693108,203.31863254017728,244.75647145035575,183.59281496613,475.7748345581288
2024-11-08,1031.974672779983,178.9032454985502,200.61894225328754,242.5774800932987,183.37465617762655,473.87718980621696
2024-11-11,1015.4078912741797,176.9852668489894,202.86869856281604,241.01607675764777,181.1689277709134,468.91604545949656
2024-11-12,1036.5884695054199,179.11071621629694,204.297248879551,243.42811046957937,181.1689277709134,470.2427913334221
2024-11-13,1022.4681553175204,180.02948323358476,201.2151207614948,249.47565470153216,181.8880148022129,466.3671304118875
2024-11-14,1025.8932095625858,180.74501898664855,197.50310927349517,246.42274117870144,184.39270568804832,464.08343610287045
2024-11-15,992.4797599948718,175.71080574358012,194.02729108581596,236.0871607210818,181.79106775861962,445.52524598618373
2024-11-18,979.6874363943564,176.03259732876364,197.18813301943447,235.02679755941162,184.23111072477445,445.78261235758714
2024-11-19,1027.6407626106534,176.89210387343644,200.36022719150958,238.4176198298117,184.44118541882688,451.1619647082041
2024-11-20,1019.8117463451883,175.91827646132683,197.95304325085638,236.4017776791581,185.02290493427793,454.7239943260842
2024-11-21,1025.2641332450378,175.158863020566,188.5604662194752,231.15824468451584,184.63510434194106,452.7701340404569
2024-11-22,992.2700322392254,176.91100422350635,185.3320935705729,229.69004406682112,185.72583619463916,449.59400578407457
2024-11-25,950.8177317010093,177.67040453902408,188.5829188427548,234.73549017082038,188.14969855392812,454.39430849830177
2024-11-26,957.1089226740529,181.57347120613701,190.23649664407606,242.2046158814978,189.919134219562,461.17272617922333
2024-11-27,946.0643660203871,179.45224816710902,190.36021941346456,239.73433491584154,189.81410308151771,457.68306541625805
2024-11-29,966.4059262796511,179.6516206098605,190.04527772849283,242.23957134572936,191.75321780487653,461.8000381850681
2024-12-02,969.062549150765,182.8419997016632,192.90239564650722,245.5255272234347,193.57919245981236,476.68347122522937
2024-12-03,980.4565094646534,182.93530705489036,192.73368120783704,248.70659892845325,196.0515593858075,493.42438800771504
2024-12-04,1014.5690872009855,185.574124055729,196.142020533866,254.20648384745513,196.34243777047877,493.52896470795713
2024-12-05,1014.0795798386227,187.78020179142504,194.1959882399416,256.9913817711877,196.3666527999404,489.62914790242706
2024-12-06,995.7639618920604,188.18323863142302,196.52447564957697,264.5420643050748,196.20505783666653,501.56175940788944
2024-12-09,970.3873312564207,189.222666008567,197.4929286767964,263.44674567917303,199.3642126700485,493.3600711141321
2024-12-10,944.2420553480478,188.08142612066442,208.52921403460073,262.2232510910914,200.18831842142845,497.98357646880993
2024-12-11,973.8826512513378,190.48267622131866,220.0497604751037,268.3057507872758,199.15412555803223,508.7261772473802
2024-12-12,960.1108851285334,190.7244825750257,216.17579280532567,266.8026124853415,200.3418417082151,507.20643129417005
2024-12-13,938.5096749427001,189.75296520570242,213.76582605301118,265.04312225904755,200.47918438813585,498.8117923196638
2024-12-16,922.7803071680089,191.58572165178822,221.46870058510774,271.4169115638312,202.83033956922085,502.3444792072918
2024-12-17,911.5251671635692,192.8032979535843,220.0722649520168,269.342804379461,204.80175341649232,498.4818594992026
2024-12-18,901.1789900327847,185.5614056951611,212.16667728225772,256.9564263069561,200.41454888641908,480.5766192284294
2024-12-19,913.5524998183531,185.40865411591545,212.290572897091,260.18409937095277,201.82039898917776,479.2728930721765
2024-12-20,941.6554843280039,185.2262526124976,215.5564011538816,262.08342923416507,205.6178247452765,470.96811003425046
2024-12-23,976.3994912684846,184.65351950440657,219.1826294476266,262.2465606605765,206.2480239915061,482.71715658076175
2024-12-24,980.2443218730155,186.38445031449066,220.84929164911924,266.8958329832897,208.61535977945698,489.07455054124745
2024-12-26,978.2170961676223,185.86685635268,220.2749608051348,264.56537387455984,209.27785814959924,485.53371289521607
2024-12-27,957.8042006645969,182.6510667902277,217.0766978327169,260.7201127891571,206.50656599837322,482.6849981339703
2024-12-30,961.1596308561559,180.23287200072608,215.3649748237646,257.86530393696137,203.7675729710599,475.78841915546786
2024-12-31,938.7892406506346,178.82013645921498,213.18024297057022,255.63971122092627,202.329398908461,471.1773622318061
2025-01-02,966.8919043121125,177.58132351407647,213.3266084932276,256.6068538846482,197.02112916545073,482.2262833307358
2025-01-03,1009.9550765767665,179.60497349586845,215.98431462157518,261.23281663787645,196.625232060699,486.5638205617947
2025-01-06,1044.62935251435,181.51407948109087,221.70518772268431,265.21789958020554,197.95025363691116,507.1407312415853
2025-01-07,979.6850835077555,179.18921829530262,220.15109975939052,258.8091370311983,195.69607033534712,497.2345464708081
2025-01-08,979.4754627015001,180.1183017536703,218.4168377044362,258.83244660068334,196.09196744009884,491.4645504992587
2025-01-10,950.1143255567534,177.73827517111545,216.2658625666114,255.11536147746043,191.36540479457585,495.6008874940938
2025-01-13,931.3790382001166,176.9916194666518,215.10594864018603,254.55605626976302,189.38590685285334,489.5413173058137
2025-01-14,921.1025920722294,176.34676314770368,213.58563467680622,253.74038135771397,188.48097257492688,478.2106269588063
2025-01-15,952.4213308688628,180.8607705055837,220.21866504376314,260.25402807940793,192.18949812799195,496.61489123800885
2025-01-16,933.755988413905,180.12678066071555,217.2456196859208,257.1195577333675,184.42500481196097,491.931317263825
2025-01-17,962.6975630979682,182.01471562881105,220.72543060337492,263.27196835801504,185.81471156174524,493.11431339863657
2025-01-21,984.5088218876207,181.7898539639514,223.03405807140263,268.83011831073367,179.88427699510112,496.083708782788
2025-01-22,1028.1312325175345,189.29901554770362,223.39438897017905,273.84059117050936,180.8457502623295,501.7490292570238
2025-01-23,1029.1798712957661,189.51539830551798,222.95522326402892,274.318339554997,180.7084075824087,512.1702925603582
2025-01-24,997.0223284259383,188.39112935694905,225.46652930063016,273.6541679546048,179.99740464556027,521.0544710244244
2025-01-27,827.8458246991196,184.36080033269866,216.00687095212172,274.318339554997,185.71776451815197,531.0251208843919
2025-01-28,901.7381214486536,189.7232759058009,219.93713438327146,277.49941126001556,192.5046163780525,542.6535362065333
2025-01-29,864.7570540977424,187.6571788878102,220.0609781444713,276.24097898769435,193.39337004911306,544.3917224849538
2025-01-30,871.3983439020499,176.0582703042753,226.2097819978185,273.4094619249917,191.96328008096512,552.8494433896485
2025-01-31,839.3806373608846,176.087985854663,229.7571581996453,276.9517519470647,190.67864172311667,554.6036841921969
2025-02-03,815.5420993911438,174.3315920729569,226.61519098859904,276.64879866372695,184.2230266303234,561.2668550891483
2025-02-04,829.453701842611,174.94675909200356,232.41488161253736,282.0554630847806,188.09314714666237,566.6826635591694
2025-02-05,872.6566034865367,175.33706444619054,215.46631410805136,275.1922617207708,187.82654588127187,567.2299499370539
2025-02-06,899.5708989905113,176.4103943262724,215.77038381454514,278.29177660257955,188.43250526211216,572.9595873048727
2025-02-07,907.6803365590384,173.8352085040025,208.72064036471772,267.01234527073103,183.91600489267773,574.995547956963
2025-02-10,933.755988413905,174.8831147881917,209.99321495206433,271.6616175934443,184.13438720453007,577.3132284585953
2025-02-11,928.3730116687801,174.55218803380774,208.69815317234912,271.2188246731882,188.15436770832687,579.244513613372
2025-02-12,916.7683610547268,173.53401042524933,206.7724475027333,266.7559933463714,191.59198296255363,583.7348899141281
2025-02-13,945.780094539251,174.17038783715222,209.62157996119794,268.4339267494556,195.3612075228025,586.2939810601074
2025-02-14,970.667110863137,173.27522000696555,208.59681388806237,266.46468595778015,197.84436565936284,592.8203180129537
2025-02-18,974.5119414676677,173.7885482647674,206.9526215943938,264.0992713848187,197.73923517760792,576.4842716297046
2025-02-19,973.32362678486,175.96492357531886,208.64185741097745,264.0759795953256,198.06274797121517,566.3446787773764
2025-02-20,979.4754627015001,176.89591019393663,207.8422743833285,259.70636876645705,198.8392805031759,559.1584761836075
2025-02-21,939.7679345271872,173.5291409600577,202.32411441988188,252.36541901795948,198.61278926094488,550.0730974833175
2025-02-24,910.7563079920538,171.73946156183962,201.86242695227418,247.85598633216455,199.86650688886542,537.6641358973478
2025-02-25,885.2399479771425,169.1463729079757,197.54924172271254,247.96085272485934,199.81795265030394,529.1098408552072
2025-02-26,917.7470549312794,169.92431919199953,194.5199006034985,249.7669620901234,194.41484691755093,542.1465096353079
2025-02-27,839.9398222514492,166.8635912515792,189.75631471387467,243.23002357893637,191.9397728754416,529.7052908054752
2025-02-28,873.2857867534758,168.7595194927251,191.7608379063197,247.35492837819183,195.6119510483866,537.7204502281348
2025-03-03,797.3661038744623,165.14620569237857,188.07833113574753,238.8953682142994,192.5302346374265,527.1382464952356
2025-03-04,810.8582508146368,165.19719726183803,192.48156884205045,237.47378673557483,190.83166829135027,515.0271086814715
2025-03-05,820.0162736866998,170.47267872364625,194.84652664053877,242.78723065868024,190.67799598899768,528.2809334248524
2025-03-06,772.9683275394615,168.71703308079708,194.09198713580494,233.8615680050467,190.34636184704794,505.3139733885148
2025-03-07,787.7888393898885,167.19517426811842,195.79247519084512,232.17198870721592,193.37145234295932,503.4872155354443
2025-03-10,747.8715299852336,161.60514635532016,187.00966231963255,226.68374968296052,183.99688309107955,481.22043034522414
2025-03-11,760.3150916218722,161.72841863855396,184.94642352958869,229.0724738254071,178.62612615409452,487.4329877988086
2025-03-12,809.1849741185816,162.92718646698182,188.40768813081564,231.75250535644483,175.5039644349516,498.5783842381128
2025-03-13,808.0664439133665,161.014247910773,183.5033196264015,225.92635758462006,169.5993716510304,475.3056966638452
2025-03-14,850.6440124684273,165.1759474932525,186.58123031560453,230.65718673054306,172.6811004799543,489.38882402586705
2025-03-17,835.6824878460372,165.23548359597274,185.22826531188105,228.082039372192,173.09362523826968,487.2141522853121
2025-03-18,807.0176981857439,163.03347468563894,181.14691767743082,224.67957120704543,172.0340128029207,469.0594000103243
2025-03-19,821.6296587238251,164.86140104226243,184.77731154639548,227.84897923732547,174.09657450467847,470.4286780235547
2025-03-20,828.6909922610752,164.4447927008948,183.54839771840557,227.1614980674482,173.17449101870764,471.9912031087486
2025-03-21,822.8881322070938,166.32373687746397,184.8900586300391,228.6296986851429,176.54739626343468,480.2470321977187
2025-03-24,848.8263006198988,167.09740433223587,189.0503274945854,236.8445528194222,178.53715144327785,498.45009624069735
2025-03-25,843.792460161519,167.9815994591875,192.29738473607063,239.69937945160993,180.97988910758303,504.45878593712604
2025-03-26,795.3420331761022,165.77535109533105,186.09639884293802,234.36262595901943,179.18422670234762,492.11127612966425
2025-03-27,779.0519832193731,166.03464027285278,182.91702787763683,234.63062377812562,181.060754888021,485.34545507536615
2025-03-28,766.7471349427925,161.0270187723133,173.99892887677856,224.56304113961215,176.2481109172529,464.5327651843072
2025-03-31,757.7282532283509,159.57744067340897,174.34842236616598,221.6965686126779,179.6695579825776,464.2266918566267
2025-04-01,770.1030998813062,162.46809171368622,177.08812637352713,223.922161328713,180.52691904108485,471.9912031087486
2025-04-02,771.9907031568184,162.44684194510066,177.0543005199796,228.39663855027635,181.0931161017528,470.32395312770535
2025-04-03,711.7249352571835,158.60819397114273,169.9288334807849,207.88860906144845,164.34995063859378,428.1910527890043
2025-04-04,659.3592514932975,152.96714823839878,164.15629687622476,199.25425379640612,152.37091216153286,406.5326599654259
2025-04-07,682.6405831362067,152.12545264861828,165.45284512676528,204.2181252972037,146.77368881824447,415.811384534751
2025-04-08,673.2721908121516,150.72263979089388,163.1415904079766,198.8580800151201,139.4616936860863,411.13978970549334
2025-04-09,799.3271813815549,165.99640643969053,178.93715780382925,222.67537495113837,160.8395536983801,471.80600799811697
2025-04-10,752.0652295030322,162.11100634979573,172.2964703836676,211.16290126441527,154.0209739409029,440.0068861558874
2025-04-11,775.5563958509786,165.12919537731563,177.1670648881677,215.4159820258505,160.2733566377121,437.8162092897404
2025-04-14,774.0183031850798,164.85712221301048,179.3430334773107,212.2116007513469,163.80803069720656,428.0783253303589
2025-04-15,784.4354412367574,163.972940211302,176.23126236547114,209.26357140120297,163.50067367453758,420.0561019170831
2025-04-16,730.5317182816682,157.97055653590184,172.8714580403423,203.13447034604044,157.13501431170332,404.58346784142975
2025-04-17,709.557552374955,156.34243575505224,170.42491719190795,201.13027409013338,159.3270084504244,403.91493275747814
2025-04-21,677.5369047255388,152.6610938196971,166.49012521010445,194.96621757073927,156.23720794501327,390.3673102225577
2025-04-22,691.3797921933228,155.9343325712161,170.77442796583986,201.79444569052555,161.55942306140062,402.94842570571365
2025-04-23,718.0869802017293,159.15232717450988,175.14890419012792,210.44046463030642,165.49044127234458,419.04931035939165
2025-04-24,744.0950400415178,164.64034569790297,179.57976259851003,217.36191324804093,168.53978405160905,429.4234474595939
2025-04-25,776.1156876909339,166.57453402269735,182.60136024179695,220.21673988022866,169.27584643945931,440.7963241561557
2025-04-28,760.1753622426004,166.28122421504975,181.07928325488024,218.71358379830235,169.97145110116293,442.78575138754314
2025-04-29,762.2026948973844,167.50549439082891,180.57194730530063,218.35236548124794,170.83692109004886,446.57135877835447
2025-04-30,761.5036202034619,168.02411212160172,179.03861807992735,214.89163228238465,171.8803280826043,442.18965925631
2025-05-01,780.3105636520329,180.83654130681353,181.85722603284012,221.6266576842147,172.5436087844676,460.88409053467245
2025-05-02,800.5157099631444,185.03652722342767,184.93515400658765,221.37030575985506,166.09707122323152,480.8672308144114
2025-05-05,795.7615421620902,185.4148623559037,185.13810912787287,217.14053456790487,160.87190249414803,482.6795148964989
2025-05-06,793.8039939848989,184.19908421241288,184.03316005289417,215.5791134522619,160.56453305351522,473.0463558329667
2025-05-07,818.4136905380603,184.21609452747583,170.67296768974174,219.8904770274058,158.73654668843952,480.6980902279076
2025-05-08,820.5810199455935,186.26504997797255,173.942563977229,223.81729493601824,159.73953320873977,481.6646713774757
2025-05-09,815.5472329619092,186.50310251215186,172.21754915357153,224.95921492089815,160.58071366038112,477.2185561647767
2025-05-12,859.9426203148898,190.97940104659378,178.65526416790345,243.1134935115031,170.72077587437988,515.0262195078276
2025-05-13,908.3930473003066,190.92840947713427,179.86163894989133,246.29456521652165,172.45398833953197,528.3966247956445
2025-05-14,946.2166619530951,192.5437462712005,186.4459269014144,244.9895138052303,171.96803616111066,531.0786688971751
2025-05-15,942.6509692589351,192.97813931697416,184.85623277649157,239.07014553545736,171.25531954525417,518.610429068272
2025-05-16,946.6360105149967,193.46364205939528,187.37042533202097,239.5595398146916,171.10143613751654,515.7591949817015
2025-05-19,947.8246460459774,195.42267646938575,187.76503148250143,240.22372919507578,169.09286774247627,515.8315638366164
2025-05-20,939.5047320760675,195.12457594800514,184.8787718224936,237.7884036936511,167.53784064027022,513.1495197350855
2025-05-21,921.4669686471846,192.73966677501556,190.04249491683152,234.35096228428088,163.67456242199967,511.8607119366375
2025-05-22,928.6680850384018,193.7149248386235,192.6468955100025,236.65812960351772,163.08334316422136,512.722617588892
2025-05-23,917.9013829024153,191.72180417229166,189.9410346407334,234.199494532608,158.1510024401299,505.06278183408364
2025-05-27,947.3351386836148,196.19778770089906,194.93561118278916,240.06059776866434,162.15195862334454,517.353878513687
2025-05-28,942.5110794555769,194.77960518349974,194.32678038802246,238.5457957919915,162.3220474738757,518.3688208297818
2025-05-29,973.1334707677569,195.34177247089198,193.7630622543488,239.6877157768714,161.94134995684757,519.5527061382373
2025-05-30,944.7484607141799,196.05722947249714,193.62777612470313,238.88370453956088,162.67028443346146,521.5180268841651
2025-06-02,960.4787910333897,196.74290529749905,190.57238719695764,240.79468029751973,163.35869909410954,540.3735467876996
2025-06-03,987.3259757945455,197.1687800604982,187.35915580901997,239.69937945160993,164.63026133604873,537.1114650790636
2025-06-04,992.2199799242625,197.55207653486758,189.46748997561238,241.4705155726504,164.26581893366944,554.1063891325197
2025-06-05,978.7264961167009,199.17467158837033,189.64790605089553,242.26288091521445,162.49211148847925,551.4243450309889
2025-06-06,990.8218305364175,200.3245478862354,195.8149969523027,248.85808446011808,165.15669607654434,561.9675733191593
2025-06-09,997.1839289556586,201.3338922061847,198.77252078920193,252.83150372770868,163.15623661188275,559.0276688608673
2025-06-10,1006.4824298527301,200.55452839590563,201.6058378894672,253.565604036556,164.14432157559125,565.7451287486388
2025-06-11,998.6514884982281,201.27852993077155,200.1948313853796,248.4269374346085,160.9937599731772,559.0921339500576
2025-06-12,1013.8238638448694,203.94023735558378,198.33228344129404,248.47355657357863,161.33393767423956,558.4638339734971
2025-06-13,992.6384728910366,202.27505088820817,197.16958670320736,247.14519559280225,159.10670135417894,550.0147084140278
2025-06-16,1011.6563205385544,204.05524073566198,199.54011012501823,251.80611381026208,160.7022110184593,565.9546279388733
2025-06-17,1007.6709584343197,203.58677455879004,198.61448819902049,250.3146214030743,158.45066032522647,562.0129705735392
2025-06-18,1017.1799357327741,204.52369378729088,195.6456948391202,247.6345898720365,159.2119808514998,560.8361986542357
2025-06-20,1005.7831947347211,203.31420263524694,188.10522588695858,244.33698809958466,162.79178179153965,550.0187590939616
2025-06-23,1008.0205759933243,206.97676234772013,186.46844866287196,242.9154066208601,163.19673159192087,563.0610099086053
2025-06-24,1034.1002919250468,208.72710539235518,188.25200623868346,247.92589726062775,162.22485207100593,574.0798472992462
2025-06-25,1078.918289796353,209.64701430579308,192.66563195621893,247.01701963062246,163.24531066641003,571.2424942012293
2025-06-26,1083.882559675922,211.85307891624606,195.89403917421015,252.9946351541201,162.79178179153965,585.2761242304017
2025-06-27,1102.9703522251189,211.20998137987388,201.52681295210425,260.1957630456913,162.85656630882235,591.3538730798481
2025-06-30,1104.6484951184623,211.83602922545379,198.93055337938338,255.63971122092627,166.16910783138889,594.9489009196278
2025-07-01,1071.856528461539,209.55331319527284,198.49029874693102,256.8865153784929,168.31536660933705,579.7384001740804
2025-07-02,1099.4744974832468,209.14448812306597,201.65096783510475,256.2572814623403,172.0571474695294,575.1842009650992
2025-07-03,1114.0875275152375,212.4450405054846,202.65561469846548,260.3239390078711,172.956133542783,579.5691607905051
2025-07-07,1106.3964759640935,211.96805604583807,199.56268374010924,260.3938499363343,170.0404701441105,579.0370891616401
2025-07-08,1118.7022867851929,211.4995898689661,196.81966110020792,255.6047557566947,170.08904921859963,580.907169530588
2025-07-09,1138.8388250620123,214.4338954678076,199.3707561582023,259.31017720517906,171.00425315261057,590.6687153886072
2025-07-10,1147.3690015345232,213.56934882978288,200.49955790456355,258.98391435235624,172.032845514321,586.2030383557401
2025-07-11,1153.1023444843893,214.35296521882768,203.4006477037353,262.19995930159837,171.02044617744028,578.3600822288026
2025-07-14,1147.159380728268,214.22520410245224,204.94711318291343,262.98066096942387,168.96328628994704,581.1087155565622
2025-07-15,1193.515417790777,215.41765868894706,205.4438018530933,263.74971674250276,169.3601395779134,572.6208615450429
2025-07-16,1198.200015013021,215.33250211168755,206.53874317681803,260.06758708351146,170.21055899464164,566.5914244635875
2025-07-17,1209.596756011074,217.92182382078062,207.22732485981587,260.871598320822,170.0971581489783,565.3823459018852
2025-07-18,1205.471611052872,217.2191245554726,208.89792793745002,263.49336481814316,171.03663920227,567.6958275279762
2025-07-21,1198.2699599147,217.22339025948148,214.5871703221606,267.18714037188096,172.08952110122505,574.7005399012968
2025-07-22,1167.8551573703471,215.18342560051104,215.98689001870275,265.0547681537941,173.6445606213949,568.1230754639203
2025-07-23,1194.0747631054278,215.4389478332619,214.73391610479652,266.01024714277753,173.44206088527665,575.1923023249668
2025-07-24,1214.770753646289,217.5726267279957,216.923798752246,270.6012544317741,173.12619755738652,576.1755801796279
2025-07-25,1213.0927177023366,218.77783905078763,218.06390459069723,269.6807309070223,173.22340537822015,574.4667366314595
2025-07-28,1235.8164686955456,218.26252888127712,217.38662699978937,271.25378013741977,173.36109576112804,578.456804561856
2025-07-29,1227.1462954702856,218.29233630836654,220.96494253623553,269.17967295304953,171.10955748585906,564.2458831877765
2025-07-30,1253.4360600058274,218.57767909344994,221.8454345165958,268.2241939640661,169.3115356674966,560.3847454357606
2025-07-31,1243.6473031006567,227.2059907809605,216.61902037942858,272.79189168357766,168.11287929118262,623.4433101168448
2025-08-01,1214.630970792322,223.20696546151342,213.49221171389138,250.23304679987257,163.9094606257412,604.5571631211279
2025-08-04,1258.5400057899726,228.11735516113765,220.16349277778272,246.62082806934444,164.69505827129524,625.8051035109269
2025-08-05,1246.3738708734495,224.7571616740539,219.74582904496583,249.06781724550763,164.34679647578187,615.3988079639331
2025-08-06,1254.4845918346682,223.56045450879333,221.34872856187147,259.04217938607286,172.71315124459045,622.2744913618016
2025-08-07,1263.9237311808342,221.8143509176809,221.83413042450582,259.9976761550483,178.2043500127284,614.0848069122384
2025-08-08,1277.418070583523,222.32536913269644,227.36530564994598,259.484972306329,185.75269625039584,620.106192032362
2025-08-11,1272.9433080663168,222.21041825359057,226.8912078794016,257.86530393696137,184.2040147277051,617.3413559848673
2025-08-12,1280.6343596174606,225.3917146771653,229.53263196684892,258.0633908276044,186.2067466797469,636.7917824547762
2025-08-13,1269.6570741307003,221.70365261734082,227.97489696466977,261.66394588339404,189.19060953575442,628.7955920698555
2025-08-14,1272.6636354089915,222.51279760422312,229.08110781139555,269.14471748881795,188.7446556188182,630.4480224901654
2025-08-15,1261.686349922231,221.52900813259754,230.16474504303034,269.2029825225346,187.77976741153753,632.9468474224956
2025-08-18,1272.5936905073124,220.2215764165107,229.71325545666588,269.73899594073896,187.21219195688482,618.5504839451054
2025-08-19,1228.0553652933318,217.09988172187175,227.53465961676193,265.68398428995465,186.94462209031585,605.7420857988349
2025-08-20,1226.3773293493794,215.3750804003173,224.99481679722405,260.79002371762033,183.25534438118183,602.7112880347113
2025-08-21,1223.4404990739854,215.0977833892567,225.48020137531392,258.62269603530183,182.35531519896682,595.7629887892492
2025-08-22,1244.486214123242,216.37328138887125,232.63688430183964,266.6511269536766,184.6742954357774,608.4101501147405
2025-08-25,1257.2115874050248,215.1063410477606,235.3460119500155,265.602427466745,184.18780928491157,607.2091235143699
2025-08-26,1270.91565456336,214.15932850731272,233.82212008592836,266.4996592020037,185.93106788279925,607.853972000416
2025-08-27,1269.7271259817703,216.16424876719515,234.2059061115643,266.97738980649945,186.88787199562887,602.4371755596793
2025-08-28,1259.7285343715623,217.40132918024392,238.90175387137066,269.86717190291876,188.56627156845093,605.4438174398073
2025-08-29,1217.8470459274774,216.14292024715093,240.33536855963828,266.8375679495731,188.22570891050992,595.440613944762
2025-09-02,1194.0747631054278,215.47317846727742,238.5744537370957,262.5728235133993,186.26352161036155,592.546798320351
2025-09-03,1192.9561794255173,215.5713027847238,260.37176808185893,263.3302333917317,193.35827688333944,594.1105583689395
2025-09-04,1200.2276685159777,216.68895661076823,262.22302921839895,274.6212928383348,194.42044741923667,603.4609108151425
2025-09-05,1167.785212468668,211.15623350936255,265.2708302311177,270.7177844992074,194.34747946379233,606.523965823129
2025-09-08,1176.8048963035417,212.5212719174333,264.4234208688923,274.80773383423127,192.87988724488844,606.4030876060802
2025-09-09,1193.9349802514607,212.61085170161886,270.73915885282827,277.6042954327023,190.01765834456123,617.2043738451548
2025-09-10,1239.8716687520684,213.446955937837,270.2194471694009,268.38732539047754,183.88780369682783,606.1451778507833
2025-09-11,1238.822709125664,213.71996099440253,271.57521226933017,267.94453247022136,186.51488603413696,605.2745780562318
2025-09-12,1243.3678443421131,217.51223748447364,272.06104624557656,265.84711571636615,189.7906207119219,609.0550973978579
2025-09-15,1242.8783369797507,219.84133812378457,284.274409082475,269.66906723228374,191.92310796798648,616.3982391397936
2025-09-16,1222.8104602119188,217.14537381447064,283.7660014911377,272.7219807551145,193.09880352918532,627.9250416738398
2025-09-17,1190.7158035839677,217.5634128073366,281.9243851304175,269.8904636924118,193.77991642710344,625.2810838433937
2025-09-18,1232.320079206719,216.89369727794926,284.74893896663144,269.4360248774092,192.87988724488844,628.9325742095679
2025-09-19,1235.32664048501,220.93766342978483,287.78816684528806,269.7273322660004,199.05839547489398,627.4252766873736
2025-09-22,1283.85310848739,219.45318530946665,285.3138497338742,265.2412091496906,207.6369484095693,617.1853554088802
2025-09-23,1247.633093002455,217.22643531588162,284.33091225838047,257.17782276708414,206.2990866587606,609.3129083560834
2025-09-24,1237.4243458390372,217.61886695945148,279.22410716901544,256.5952079899017,204.58013001608126,613.5556003984486
2025-09-25,1242.458667569676,216.2879541834514,277.6988498259144,254.19482017271662,208.27750423763013,604.0779479255456
2025-09-26,1245.9550570585027,218.17768730985216,278.54620733450633,256.0941500359289,207.13424439794608,599.9158248950342
2025-09-29,1271.546655969945,219.5171314938699,275.73297487492687,258.8790479596615,206.2990866587606,599.6335616615988
2025-09-30,1304.6202203732307,220.94619483780252,274.65963923180226,255.8494617863078,206.46125284837046,592.3578489210001
2025-10-01,1309.235193541968,221.6969587433577,276.6932868816962,257.08460226913587,207.1261354675674,578.6132991232007
2025-10-02,1320.7724660397248,220.00343487612037,277.5858780431925,259.15870945350616,208.48832400951216,586.4454369708027
2025-10-03,1311.8920303118637,220.6902000962999,277.201746326667,255.77953307785265,209.2099567233961,573.144436625754
2025-10-06,1297.3481965358155,225.47645124664544,282.94121759763675,257.3992014472202,208.13156832674147,577.2581984897386
2025-10-07,1293.8520209457708,223.5184537308602,277.6649548341889,258.42460914465886,207.96130562471672,575.1771369744829
2025-10-08,1322.31071912971,223.88955685438586,276.3769451486216,262.433001656473,209.24239244491082,579.016638167828
2025-10-09,1346.5039547545255,222.8444462469778,272.8858301390775,265.3693851118704,205.9828632099195,591.6561921188095
2025-10-10,1280.7066574057408,217.96440210941032,267.2819215504651,252.12071298834636,198.87190249414803,568.901695184853
2025-10-13,1316.7868900367084,219.28254402387012,275.84594665764877,256.4320765634902,200.80978783908802,577.2904063350659
2025-10-14,1258.8207479412074,219.07775085571663,277.3147181093889,252.14402255783145,200.89897365528975,571.6038444904455
2025-10-15,1257.4222777051896,219.01805725007915,283.61911743214586,251.188543568848,202.17197638103278,578.7826373038477
2025-10-16,1271.2668763632287,218.24165974474158,284.1049341238477,249.90678394704977,200.63951271909946,574.3624563224322
2025-10-17,1281.1261129170334,219.0820559354548,286.1838327111906,248.24049643871206,204.56392457328772,578.2744745662993
2025-10-20,1277.0705920123376,220.45132067180506,289.85572677145194,252.2488889505262,212.6316521479973,590.5753027574509
2025-10-21,1266.7220619949524,220.82247629630314,282.97511258936214,258.71591653325004,213.0614130401038,591.4625992570955
2025-10-22,1260.568728786839,222.05099905084805,284.3648072501059,253.961777817842,209.55865314764338,591.5754749113481
2025-10-23,1273.714413175042,222.0595567093519,285.9352636770224,257.6205979073483,210.47485051876043,592.0513804050335
2025-10-24,1302.3825182664548,223.36060955729016,293.66323536770403,261.2561262073615,213.10194527403343,595.5681609641408
2025-10-27,1338.952365209176,226.73487330498148,304.22703041760064,264.47215337661163,217.95883444991526,605.6185894593899
2025-10-28,1405.658732381007,231.23523041003327,302.19340005225115,267.12887533816433,218.1128668732188,606.1187002356063
2025-10-29,1447.682249616269,231.01338755108753,310.215157145461,268.3523699262459,218.6804423278715,606.3041917374527
2025-10-30,1418.66431306707,224.27774904443308,318.02220562713904,259.683059196972,220.05886114853746,537.5810475601693
2025-10-31,1415.8674795444251,220.88644873119262,317.69455980197444,284.57236318940693,219.22370340935197,522.9652557868533
2025-11-03,1446.5635589869673,220.55372381850336,320.5530086299138,295.9683068086968,218.15337427122077,514.3830011734623
2025-11-04,1389.2967589588666,219.4019968613606,313.5707094726477,290.515041028665,218.9561459607468,506.0022925860455
2025-11-05,1364.9636335306927,216.34340833556624,321.2196043723329,291.5404309461116,219.0372352645337,512.9633366537382
2025-11-06,1315.1086401939742,212.0520313512182,321.7167078715803,283.1973830696605,218.73719242255848,499.2428933413985
2025-11-07,1315.597933657555,211.93259163897076,315.02814226320885,284.79375964953505,217.68310598111228,501.47718911463744
2025-11-10,1391.8141337229677,215.84857354529814,327.7612859217126,289.44301419225627,218.67328958070743,509.58363703141475
2025-11-11,1350.6294205609001,216.99180847015248,329.1283205446429,290.25868910430535,223.3969091688036,505.8086997243315
2025-11-12,1355.1045039262792,218.04119790681247,323.9311691412805,284.5490536199219,221.9522032572319,491.2332665547461
2025-11-13,1306.5780359238995,214.69255463366034,314.7344087143142,276.83523965962337,221.53019117455312,491.94312351387595
2025-11-14,1329.7224188717014,217.63167719672109,312.2940038791703,273.4677269587084,221.09191155926163,491.5962469956428
2025-11-17,1304.7601101765888,216.48417656785787,322.0217800816539,271.34700063536803,217.0744022302663,485.5870139153206
2025-11-18,1268.1203183321884,210.6400701990502,321.185692096063,259.32184087991754,217.05818436950892,482.10244120154033
2025-11-19,1304.200550963156,207.7947799989408,330.82307013091577,259.484972306329,217.96717932160666,476.15772260894414
2025-11-20,1263.0859966015494,204.4697884138623,327.02690019584253,253.01794472360513,216.09236481494128,475.214062379977
2025-11-21,1250.7795440841046,201.7730497152052,338.5623631982319,257.1545131975991,220.34521939437593,479.32767604835425
2025-11-24,1276.4413017960078,202.57651147182344,359.93853961673767,263.6681421393011,223.94069180476478,494.4919397644134
2025-11-25,1243.3678443421131,203.85435888995355,365.42949370717264,267.6182696173986,224.79286215439257,513.1810853994476
2025-11-26,1260.4288389834808,207.49133750361685,361.4864051440187,267.0240089454696,225.26360232712642,511.07586800019664
2025-11-28,1237.6341805440743,210.27357403585412,361.74629555482136,271.75483809139257,226.31868220567873,522.642633949687
2025-12-01,1258.0515679215193,208.02129544443156,355.769542057229,272.52389386447146,229.76804485368535,516.9318668225355
2025-12-02,1268.8197673489792,209.41453999993308,356.8089999931726,273.15311000063207,232.27595199215182,521.9569822730884
2025-12-03,1255.7441348118464,204.17062474779027,361.1248816116731,270.77604953292405,230.62026487516843,515.907489386107
2025-12-04,1282.3162457394872,205.49976561597126,358.85393445061203,266.96574391175295,227.82021271972033,533.5964134687083
2025-12-05,1275.5334084162619,206.49127273054208,362.97778477993876,267.45513819098716,226.2619072750641,543.1869909943999
2025-12-08,1297.4903322763837,209.85046869914993,354.6795095441365,264.37893287866336,225.53955431927827,537.8472068709411
2025-12-09,1293.434704422297,210.27783973986294,358.4781684536149,265.57911789725995,224.9633111258747,529.9101959318824
2025-12-10,1285.113293160914,204.52534756792198,362.0168332450237,270.0769046883083,226.2619072750641,524.4010242292409
2025-12-11,1265.18412975314,206.6237720596781,353.2210742499955,268.32906035676086,225.65315385236283,526.4821351430322
2025-12-12,1223.8576016986772,204.51253733065235,349.67110536649676,263.5632757466063,225.85608821721502,519.6420680894597
2025-12-15,1232.7381443759293,202.92696858794633,348.4613946674242,259.31017720517906,222.47162184816554,522.7137184426716
2025-12-16,1242.7376985306557,203.59794414067161,346.595977488955,259.33348677466415,222.8774409060146,530.4958155735305
2025-12-17,1195.3274613215858,203.48254700330028,335.4599603095005,257.8303484727298,220.6292678989426,524.3201588261722
2025-12-18,1217.7039476423909,206.8417429719081,341.9494079654613,264.2274473469985,220.913341239437,536.3888138991672
2025-12-19,1265.6037991632147,207.67085145355176,347.26302262953055,264.9149462968677,222.1145557162992,531.8035430111817
2025-12-22,1284.484002944584,207.24346728759565,350.2250750170836,266.1733785691889,219.9232073116971,534.0074092863813
2025-12-23,1323.083642378081,208.0683100652305,355.39173648398315,270.49638803907936,221.05132965347673,536.7843479751417
2025-12-24,1318.8879108218546,208.56832932652475,355.0977955205547,270.77604953292405,222.2281800853114,538.8913437216808
2025-12-26,1332.3139095637289,208.43585624787494,354.44208904115806,270.9391809593355,221.895378654762,535.4524152549594
2025-12-29,1316.160808302107,208.17514954409796,354.4986095016079,270.41483121586964,222.1875981795265,531.7389791249198
2025-12-30,1311.4058383806205,208.33756130226826,354.8264627413063,270.95082685408204,221.63566935929518,537.5997202066934
2025-12-31,1304.1333867456415,206.68787574699857,353.8655112063912,268.95829427291346,220.64551059562763,532.8691188264488
2026-01-02,1320.5662676139798,202.12349370608501,356.29616755844836,263.92449406366075,219.95564303321183,525.0547644517269
2026-01-05,1315.461573184098,202.08503674378994,357.86767834257813,271.5683970954961,216.91209944305433,531.819696332381
2026-01-06,1309.3081330265936,204.5039796721485,355.3804669609821,280.7387479987508,212.9351720198439,533.2969595448221
2026-01-07,1322.3843003106813,206.6237720596781,364.0179340976617,281.4728483075981,211.28758141527535,523.6662704080788
2026-01-08,1293.923997885878,204.33303650596054,367.9296684971287,286.9843791213466,210.24064772099317,521.5431707388761
2026-01-09,1292.6654174532182,204.8330688924979,371.46833328853756,288.2544928483983,210.50845352887487,527.1940668406648
2026-01-12,1293.22486971726,203.9355647690387,375.1878289842971,287.1941296867281,211.22266030039057,518.2414220060103
2026-01-13,1299.3084719224762,201.15335448728766,379.83446764596863,282.68469700093317,211.87194595702144,509.45841174321754
2026-01-14,1280.637995896753,196.32827886784014,379.68751444879894,275.75156692846815,210.98731504995126,496.88925070571986
2026-01-15,1307.9793937934728,195.16580233659516,376.22794373293095,277.5343667242472,209.5669731834071,501.15160336532466
2026-01-16,1302.245409147261,196.53341329231432,373.0850258719383,278.629685350149,207.39185505752621,500.70760932575195
2026-01-20,1245.185128393078,194.25120914661443,364.0405077127526,269.168027058303,200.22529911770368,487.6864022873498
2026-01-21,1281.8967902281945,189.80221111782905,371.25348640065005,269.5292453753574,200.99634290965312,494.8226629614472
2026-01-22,1292.52552764986,192.80668426630513,373.69555055206405,273.05988950268386,201.56446475471418,522.8105889713323
2026-01-23,1312.3148012542756,199.13613587461666,370.7447331184231,278.67630448911905,201.31286438962604,531.7954910498498
2026-01-26,1303.9235520406044,200.98667702510852,376.7706438605168,277.8140282180919,207.29446096723518,542.7742662279747
2026-01-27,1318.2586206055248,205.38864730785184,378.2290445855689,285.1083588276193,209.61565160160686,543.2667202311455
2026-01-28,1339.2365297409212,205.83738624433835,379.8796840143285,283.1624276054289,208.13042587406946,539.8438462885522
2026-01-29,1346.1593638168954,185.26776775643592,382.4121463333734,281.6709351982411,209.62379778587703,596.013587561251
2026-01-30,1336.5095341705644,183.8958779714648,382.129474892946,278.83943591553043,210.59773868878722,578.4070602363275
2026-02-02,1297.9098947370674,180.93843256903074,388.56240208845696,283.10418035170426,219.14405458936898,570.2616862733572
2026-02-03,1261.0584500479836,175.74153193768686,384.06275119304405,278.04707057296645,218.71389632242,558.3868216562192
2026-02-04,1218.0536721507863,177.01512677705128,376.52191926544833,271.4868402722864,224.4032857932285,540.0538394641444
2026-02-05,1201.9005708891646,168.24536434460774,374.49821022863046,259.484972306329,223.93254562049464,541.0386980719504
2026-02-06,1296.5114245010493,171.43785660055022,365.01279790884666,245.07108840843205,225.72622115151776,533.9751026439825
2026-02-09,1328.887464976581,176.7629777317782,366.6634373376063,243.20671400945133,223.0941343747866,546.6975967365352
2026-02-10,1318.3984034594919,176.62192074413827,360.1739896816455,241.1559163945661,222.3304792713139,541.4503360705885
2026-02-11,1328.9575168276513,172.818277793539,351.55916529823486,237.80004958839763,223.8090117163489,539.8116384432249
2026-02-12,1307.2103207231758,171.73702026662227,349.34325212679835,232.5798261632404,212.62263670625927,524.5704118084236
2026-02-13,1278.330348888298,171.5147836503834,345.6349913849509,231.63597528901155,207.78900637662443,516.4654458477196
2026-02-17,1293.434704422297,169.60868334583185,341.4519242062354,234.3859177485125,214.36924815438013,516.077963733077
2026-02-18,1314.4824515099817,170.77969128509451,342.9329331154674,238.62735261520123,214.7510757061165,519.2504858963475
2026-02-19,1313.92299924594,170.68117321035504,342.39030212605945,238.70892721840292,211.68838361573853,520.5098521674719
2026-02-20,1327.3491049372049,170.1542997016698,356.10399799291866,244.82638237881892,214.9378915539219,529.2929612273363
2026-02-23,1339.4463644459584,164.68852846533818,352.15835131718165,239.18667560289063,216.23767982763863,514.4311647458458
2026-02-24,1348.5369557270296,166.628951280607,351.49130617660603,243.02027301355486,221.0794687595075,516.0860650929446
2026-02-25,1367.4869974606872,171.59784018874623,353.75243571640243,245.44395262023295,222.7773272816456,527.7025753679635
2026-02-26,1292.8752521582555,172.07759407468774,347.51174722459905,242.27452680996095,221.73747182674455,530.3827917236705
2026-02-27,1239.0315812861827,168.2309922034087,352.46359637270007,244.69820641663907,214.61296311243845,523.2545336123692
2026-03-02,1276.0227018798428,170.71970892410872,346.5394224594161,242.82218612291183,215.05161526664472,527.5976528779711
2026-03-03,1259.0306895956357,173.02425223357181,343.2156045558948,243.21835990419785,214.26364578999983,528.8247125066965
2026-03-04,1279.938760778744,173.5682673097511,342.70685127366784,252.64508051180417,213.26439707681132,539.0366248154039
2026-03-05,1282.0364661327708,175.91562516221978,340.16311943162196,255.11536147746043,211.45281484195039,533.2566503396273
2026-03-06,1243.4370405980558,175.17886589105666,337.49497343840835,248.43860110934705,209.1537778550451,520.5744160537338
2026-03-09,1277.2115513096055,175.37162321128366,346.6023382013236,248.76486396216987,211.11974021619676,522.616847914011
2026-03-10,1292.0361272368882,173.80814425272183,347.37170784522135,249.74365252063834,211.8914918320843,528.0094390722165
2026-03-11,1300.9172046610952,173.43118727077174,349.24977731025007,247.7860576237094,211.8752491353993,528.6471247705747
2026-03-12,1280.7072991020864,172.13755018518734,343.4232610732786,244.1505471036882,207.7727636799394,515.1819236925999
2026-03-13,1260.4975004924686,169.43465574751443,341.98643145973773,241.9832194213697,203.1909696567054,495.4280420174066
2026-03-16,1281.266751366128,171.31941440677872,345.69728488325717,246.72571224203122,205.38439186126652,506.9536095880582
2026-03-17,1272.245784138563,171.08810824755494,351.761359899563,250.75739654333842,206.5298248446202,503.0834813025307
2026-03-18,1261.546353169482,167.82405716620883,348.10706150558235,244.54672088497423,203.0447481326487,497.44394686397106
2026-03-19,1248.679058045913,166.637522064354,347.47351381220915,243.25331536842944,202.2486324717336,490.1884875230413
2026-03-20,1207.6999016132447,163.57479908698184,340.5382977541068,239.30318789033197,201.46061332323336,479.65266901523773
2026-03-23,1228.259424731258,164.0588580526615,341.7375340192244,244.8613378430505,204.30392966465288,488.05545874814726
2026-03-24,1225.1824907537236,159.6639491507082,328.5911860403796,241.48217924738896,204.42577472571824,479.0547985367166
2026-03-25,1249.5182899166712,158.93576066329203,329.1455359509451,246.6907567777996,205.22190280459714,480.6464687580195
2026-03-26,1197.4900849559172,156.76400543831323,317.82070240759015,241.83173388970482,205.44125371762792,442.3895751306036
2026-03-27,1171.4759290008446,152.82317744678977,310.3763182381933,232.27685509991068,202.1186412263981,424.75992929093593
2026-03-30,1155.042192537379,153.76126482192686,309.42601398267794,234.15287539363788,200.35578708159224,433.37281099650926
2026-03-31,1219.5879681133065,158.56309563583696,325.33287656043785,242.68236426598548,206.17238617383907,462.2573204307651
2026-04-01,1229.028604750946,158.22040866363173,336.45413273890637,245.36239579702323,207.6671613155591,467.9938241950571
2026-04-02,1240.497322689106,159.97236611316862,334.6212796422376,244.4302085975329,207.90274250731107,464.13989862926474
2026-04-06,1242.2455174335194,159.72393151169396,339.395651087617,247.94918905012082,210.29111432598398,462.9764149160855
2026-04-07,1245.4623412144115,159.4712049557243,345.5841402550905,249.0911268149927,205.93679256412324,464.6165451009867
2026-04-08,1273.2947437649675,160.34501801538056,359.00206299680644,257.80703890324475,210.32362455528167,494.8099675377522
2026-04-09,1286.0920939868574,159.80530801893946,360.3257134130917,272.2558782653733,211.6152914806559,507.713112075645
2026-04-10,1319.0992428183652,158.86292868930732,358.91152655281974,277.76742685911375,211.6071701323134,508.9007516728197
2026-04-13,1323.8544266386334,164.64568767184636,363.51616377140465,279.5269170854077,210.56733951334002,512.6740094296865
2026-04-14,1374.204381756653,168.38947951389088,376.63990356606945,290.1654686063571,210.26675028095644,535.2644538263241
2026-04-15,1390.708063121798,176.1469444466867,381.40290178118096,289.5595442596896,216.44078804398444,542.6088305316542
2026-04-16,1387.0716768802222,180.01924554396356,380.15838000952556,290.9578161689291,213.97929925430125,546.8828906442385
2026-04-17,1410.358409467374,181.102983741827,386.56188891033133,291.95991429688263,219.52781934346226,556.3198387236604
2026-04-20,1413.0157809842244,179.08115816882645,381.74233566568097,289.3031923353299,221.8186853101697,542.067471978063
2026-04-21,1397.7711078493032,181.68981336101183,375.9384621819784,291.2025221985422,216.2295833152238,540.3950351507631
2026-04-22,1416.0928219111495,185.44218911204646,383.8919107554029,297.5530197138328,221.91621599806282,545.1457911336049
2026-04-23,1396.092644107787,178.0873803871986,383.40541996646624,297.22675686101,222.12739589089577,532.5659106138435
2026-04-24,1456.442688127488,181.88686263573388,389.63919464047757,307.60893867760774,220.20206510738433,545.3962911085353
2026-04-27,1514.764757796059,181.97253109747442,396.35946010342553,304.2647355461778,217.39938034360503,548.2968249338121
2026-04-28,1490.7086312904373,183.87012624449451,395.72591241005233,302.6101294925706,219.91774340761347,542.4148918801898
2026-04-29,1463.295898149956,181.8183226162442,395.9068815907588,306.5019919369514,219.47906641747954,540.6212310460905
2026-04-30,1395.6031367454243,174.6734127791173,435.3459600963821,308.8557428351744,220.43768355302782,494.3978849522921
2026-05-01,1387.771018947622,177.5262368687685,436.35292308870316,312.5844916331358,227.57845979994661,491.8447710291419
2026-05-04,1387.9806397538773,177.17497911281626,433.592373920699,317.00068604099056,224.88944907703484,493.1859906740504
2026-05-05,1374.134436854974,176.21547134093325,439.45280243394046,318.74853037253797,230.86042829557238,488.7826051947994
2026-05-06,1453.3657541499538,177.3206168102995,450.3251611718956,320.4264637756222,233.56565687924152,495.1816421209459
2026-05-07,1479.0302925460217,180.2377020901884,450.2685715732677,315.9753139035359,233.50878260491626,498.3568812036842
2026-05-08,1504.904558697736,177.81751226373495,453.44768327040174,317.73478634983786,238.28552624226208,492.55576415459467
2026-05-11,1534.5551008943844,176.76376524636441,439.6904303514527,313.4350864494325,237.98466381467432,483.85406388169247
2026-05-12,1543.9257926303449,174.66912082462227,438.2309579846429,309.74132867568665,239.70847588120975,487.19903633336406
2026-05-13,1579.2406954196983,173.572546139003,455.50675648522594,314.7634652102008,243.017888076892,498.21150131288954
2026-05-14,1648.5418687146762,175.38018086978755,453.75317030954284,311.37264293980076,242.48123335216724,499.66579420619394
2026-05-15,1575.6742540798018,180.73030558912885,448.8996356504447,307.7837515587497,244.12375742749458,496.2724111894599
2026-05-18,1554.695168501105,181.42425031728635,449.08067396932904,308.62268270030785,242.1803709245795,493.8323705147056
2026-05-19,1542.7369432005821,178.80273238685893,438.58166139214393,302.19062836180757,243.09920090402778,486.8839230736362
2026-05-20,1562.7371210039446,180.36191939092572,439.99588282150484,308.7974955814497,245.76625666689432,488.8634211993322
2026-05-21,1535.0446082567469,179.90688033774927,438.58166139214393,312.81751620801845,247.9941883929292,490.7378486394284
2026-05-22,1505.8136285207822,179.68367245352073,433.2756173585569,310.3239434528691,251.10846470504234,493.064816065787
2026-05-26,1502.5269667876019,178.5932928826466,439.9619359761459,309.1237584342726,250.71002191770617,494.7453542529546
2026-05-27,1486.7226274898571,177.15092054220642,439.90534637751813,316.7676614661079,252.7591101287122,513.26377854834
2026-05-28,1498.2611833803053,183.29819377623284,441.3761228364179,319.27289789599575,254.10889312479435,513.2879838308713
2026-05-29,1476.5128108325293,193.27895676367731,430.3001175953984,315.35774366212183,253.74298540268353,511.0418818075813
2026-06-01,1568.960933860692,197.6919522506281,425.8086595740691,304.4278847525812,249.06752267830643,485.15482612579876
2026-06-02,1558.1915579899317,189.44548013550238,409.3813593620136,298.90467248410226,256.296193273189,482.8602641389106
2026-06-03,1501.757679818523,183.44845155928874,406.1456580662519,291.3306981607221,252.27935451424028,503.34203323879274
2026-06-04,1530.8826727080595,183.7532328294093,421.0795736352275,295.7236007790837,253.06809390464244,507.05052951525465
2026-06-05,1435.9463720995243,178.8680304713019,416.9388190213992,286.6814258380088,249.905039830619,479.11946122005
2026-06-08,1460.7306100587107,176.75167689746553,411.2786492405042,285.7375927437719,245.1889455286017,472.970874870298
2026-06-09,1457.580094900205,173.1757831652088,412.3540935980554,284.5374077251754,236.25270556386872,472.32449502964283
2026-06-10,1403.1807149927738,170.57862568598264,403.4336784682368,277.32463393885763,237.09022271618122,461.32818337131664
2026-06-11,1434.336035120041,167.5650961197647,405.0071596904373,281.4145832738815,240.3833673792508,459.26786924108785
2026-06-12,1436.5765179109817,167.7368005500527,407.1693524976296,277.9655137497568,236.7243398299981,458.09628416804094
2026-06-15,1487.4051785028782,171.6089178939261,418.1161384841161,286.66977994326226,241.02574864799416,479.9516289537662
2026-06-16,1452.11915204908,169.06327699388356,422.5310605424875,286.6464703737772,243.31875050447977,485.3942608287148
2026-06-17,1432.7957499916279,162.65842086393894,411.82204074986925,276.74201916167516,240.6435733932707,459.006155798536
2026-06-18,1475.0831113743552,162.86876600992542,416.6218204756344,284.77045008004995,242.31860769789577,466.802035120877
2026-06-22,1460.8005549603897,157.69165824518257,395.8490475049285,271.25378013741977,241.50550426246608,455.98963421125234
2026-06-23,1400.520241943586,160.5248994721224,391.8303217751296,272.79189168357766,239.3019117455311,454.655280962817
2026-06-24,1393.2390204585495,156.88461329719692,390.879429845102,272.97833267947414,238.3098902872896,450.9918361509847
2026-06-25,1370.4151648354145,151.46279850002097,389.0907906132133,264.51875473558977,223.7306295286762,439.02296612026123
2026-06-26,1347.941247619457,160.10850113464446,381.93637196201445,271.13726784997846,230.74787187144926,444.99124781442356
2026-06-29,1365.0241668859687,158.21967365001788,400.34320191519663,279.81822447399895,229.08910509943686,454.9787425750913
2026-06-30,1400.8702873001544,160.12996090711968,404.5543737632368,277.7208077201436,235.28509782251007,455.5367484352396
2026-07-01,1383.2973259243252,164.9636598112866,408.9013675618015,281.63597973400954,239.36698187598176,495.66480919939056
2026-07-02,1364.0440826673337,167.62947543719037,407.4297268756777,282.7662538241429,250.95396039911338,471.39555556433754
2026-07-06,1369.0849283108205,166.01967749571412,414.8445199049246,284.5024522609438,254.23086236549796,485.4589235120482
2026-07-07,1378.7465223901559,166.92117169307693,415.4897865194553,286.6231608042922,252.60460582278324,497.82411799531855
2026-07-08,1429.085140872735,164.56013733729375,409.70513344921466,283.8732183447912,254.82444103640324,487.7476070731787
2026-07-09,1419.7035402988981,164.99799544724692,406.2750847353187,287.8583012871203,257.12556424123136,510.6825074597964
2026-07-10,1476.9734418593366,165.31566570609576,404.3392848917266,285.8774146006983,256.3937736329374,541.1950938362236
2026-07-13,1424.9544345462039,167.84412566291502,399.0527032552242,288.17291824519657,258.01185915545426,531.1023801943486
2026-07-14,1482.8544819181,165.2426893544369,406.9769409484773,288.3826688105781,256.01971972655645,534.5878914803086
2026-07-15,1487.7552238594467,169.83598630590885,419.8934390548258,297.0869350040836,266.29759650310143,550.9804497884878
2026-07-16,1452.0491001980101,172.18414479820694,401.2601469998654,291.1792126290572,270.981180575821,537.4183781818523
2026-07-17,1419.9135889027173,169.05898503938852,392.5548207415571,288.07969774724836,271.37145234295934,522.4330853609168
2026-07-20,1423.2042077633628,172.69499238506208,398.46402623932124,291.2957426964905,265.5576348746096,522.3036611971785
2026-07-21,1451.2789576338034,170.74605128701867,392.98499848457755,288.45257973904125,266.4927323866705,520.6538982978005
2026-07-22,1484.6747605520113,167.5650961197647,387.25690044387574,285.30646349825435,264.98846992058714,507.1969961738364
2026-07-23,1461.5706975245962,163.80459584324862,359.63533413746796,272.26754194011187,261.54896713585873,490.15751464110855
2026-07-24,1448.1284424752982,163.85612554767536,361.9559916484538,270.4614325748478,270.7860198563242,481.3345409628713
2026-07-27,1375.8060558354696,167.03278876043433,369.67644456228663,269.62246587330566,273.9490739303476,480.26703860470866
2026-07-28,1379.3066163505432,168.85722380239213,377.77048562051215,269.00489563189154,276.52664584588064,479.8950182317646
2026-07-29,1330.2982343925578,167.6509483349087,381.16658748904916,264.0992713848187,274.98987315049953,473.5871216041286
2026-07-30,1365.514208995286,193.64814360170976,377.7138960218843,274.4115600529453,271.1193925132096,435.917576567113
2026-07-31,1405.4911426853937,199.49492752011068,403.15066133691977,316.4530267280397,251.18165618383554,450.21548876269753
2026-08-03,1446.7282610490251,209.3383085879844,422.82538176589446,330.9484852291383,246.71762171156794,477.3314318190295
2026-08-04,1483.8345661367348,211.55340336569296,427.511982294404,323.25799861831683,251.5638066026314,475.47142875138036
2026-08-05,1534.8033304307714,209.2567483273354,410.2824372348497,317.6998308856063,252.8810793694158,476.14265605553186
2026-08-06,1533.1931004006792,214.57980879539602,404.98455150625733,317.2454098505956,254.0275802976586,477.05652896742487
2026-08-07,1567.98908474516,214.6356173290747,401.07900497371406,319.8322208836851,254.77563843856524,478.83561723346963
2026-08-10,1523.1113021643148,217.241358717291,404.7241771282092,324.03868250615034,250.8692947217445,481.11619943473255
2026-08-11,1522.7612568077466,216.27547207725937,389.1926657183789,317.2570379653502,248.14298043549798,484.51274395775636
2026-08-12,1568.8991171127248,211.39026971915195,388.898379064061,311.442553868264,245.97820647348456,468.12023504811293
2026-08-13,1577.370685318997,213.30057010149685,392.0906961531777,308.9373174383761,248.4278236897496,481.1566074369989
2026-08-14,1576.3904941509713,212.66522958379917,391.56994739708153,306.0475353419568,248.9730716454423,477.0160221680869
2026-08-17,1575.3402511318757,206.204578045419,389.4190932510681,304.4861320063058,248.69637457546085,460.1302194801644
2026-08-18,1538.4439946479852,206.75405322272954,389.6455207837573,302.31882210397936,252.30975368968748,439.66993874334565
2026-08-19,1523.1813540153848,207.9045201565343,390.23416323057126,309.7646204651797,257.8437447611715,441.57850057166456
2026-08-20,1518.210560222968,206.9368222329543,385.64943780722734,303.0878423170743,253.34330081896474,441.4167697655274
2026-08-21,1503.2979649469362,207.8357045069394,390.34737699691584,301.36332533500394,251.7563595497246,444.70819420441563
2026-08-24,1459.6104221379358,209.58616567876246,394.0151573355909,305.3717178468181,252.56203704278607,452.08364258875
2026-08-25,1491.6059366804793,211.4785501042702,392.76990961306734,304.19482461771463,252.20395263788595,461.00363499125524
2026-08-26,1467.8718347909978,213.48276160102503,387.1550253387101,303.2859469877093,255.09304159396984,465.9286690083219
2026-08-27,1596.13377951728,217.22022707589338,385.62679505395846,298.60173698075647,256.0126414871753,461.8527464227433
2026-08-28,1523.1113021643148,220.86308579846724,392.3510705312258,310.4521016350569,260.1794395772925,467.4490571424973
2026-08-31,1545.7252161330216,218.17932796524016,384.15515436783465,302.6916685357883,257.8600371297119,462.8555860975725
2026-09-01,1522.3412665494993,215.4826680180417,379.2534303987259,297.0403158651135,264.5984961845806,467.86953747903954
2026-09-02,1571.1395999036654,213.67630643583828,381.63071207742854,297.1102267935767,264.46013523162605,479.44213245575185
2026-09-03,1599.4243983779252,219.39647113401378,387.69841684807517,301.6779245130882,267.1050621829539,493.86141685374304
2026-09-04,1612.796708525544,214.91496187805953,383.3939084598425,301.22350347807753,260.39916302923814,498.7864508708097
2026-09-08,1580.3810967753623,212.44195607335516,383.28062555532,299.42904000756005,257.34732423924453,496.1257963352709
2026-09-09,1565.9586505580385,211.45274587632753,374.54705635133115,294.1039324097161,256.6311554294442,528.6439138657491
2026-09-10,1530.49294912745,211.79251904456368,376.75595199770873,293.5096717377871,265.77040426681236,521.1148854336809
2026-09-11,1530.002265321787,213.1645007062365,383.4392285354693,299.207643547432,270.40918432604605,524.0666949390953
2026-09-14,1478.6261307976347,217.37076048905442,395.77500051637577,295.4322933904924,271.06837951781046,538.2756403717437
2026-09-15,1487.1070036009191,213.80532757555167,390.779525178007,289.46632376174136,269.6523342667503,542.0280519465123
2026-09-16,1499.2326046982735,210.8721244971309,388.3893837982112,286.5998690147991,270.5231315621178,544.5107729561788
2026-09-17,1537.3617737609964,214.076285094193,393.44148330429675,292.69401460573,274.2585792607586,551.7891532177094
2026-09-18,1557.898302759956,212.36883534402216,395.944907588615,295.63039806112744,273.55055663522853,538.3969631756145
2026-09-21,1593.7144773446767,215.73641834297348,402.0957855872998,301.1535925496144,275.8699590828092,599.927433550942
2026-09-22,1604.1578714718316,214.1838070857019,397.77997310697725,297.1102267935767,276.4965943734206,596.1639567041593
2026-09-23,1580.6075086359963,215.29773334270476,382.6802641873486,290.4567759949484,274.2748467933713,602.2340487805601
2026-09-24,1574.089157156582,214.15369777802104,387.8116651835087,290.58495195712817,273.3796606170486,629.339074760485
2026-09-25,1577.5236229480506,221.99849807843162,389.57880244206416,290.92286070469754,277.57084758812096,608.3526996176307
2026-09-28,1604.0878196207614,219.0093945896304,388.2534581404198,286.82124769493515,275.39792744183734,579.1839016099724
2026-09-29,1592.5229541801405,218.8975675183834,386.1805227209226,287.4271720416027,268.0735143458527,597.9364255664099
2026-09-30,1600.7235126297537,220.592128279826,389.7600136063934,290.31693635803003,271.0195520840448,586.9212436674164
2026-10-01,1618.1058901909162,220.54910373293072,383.1446998975286,289.2449273016133,268.822243056806,587.5282528750565
2026-10-02,1639.7637835539508,222.58343766260947,389.1030280707052,293.0785424922695,271.5648248756652,589.2683656963724
2026-10-05,1674.4584868252055,225.87359485248965,392.4673263773989,292.93870285535115,270.9137758681709,600.4535279569778
2026-10-06,1698.3593228151726,228.94442923010016,390.8644614295822,294.3835939035608,269.26168996069714,596.366293106706
