Date,nvda,msft,googl,amzn,aapl,meta
2023-01-03,100.0,100.0,100.0,100.0,100.0,100.0
2023-01-04,103.0318017398663,95.62569059295984,98.8330253371545,99.207643547432,101.03142359342199,102.1083911249855
2023-01-05,99.6507232954855,92.7915499148795,96.72350717926518,96.85388375921303,99.96002657692453,101.76366346434504
2023-01-06,103.80023321654681,93.88513875122877,98.00267582033096,100.30296217333377,103.6379478297778,104.23278119975822
2023-01-09,109.17220826123997,94.79924642719352,98.7656933941323,101.79445458052155,104.0616984010817,103.79188694553004
2023-01-10,111.13519106678356,95.52132520871929,99.21452980291903,104.71918325117645,104.5254720673133,106.61375342833537
2023-01-11,111.77785672723456,98.40973877415857,102.69299252590369,110.80167405736483,106.73224344596986,106.53360430898462
2023-01-12,115.34054863039589,99.55338729427737,102.25538242875677,111.01141573275038,106.66827851827125,109.5959675483749
2023-01-13,118.05102088220558,99.85391602507735,103.36625146021991,114.33232707468726,107.74766028501337,109.81241956915464
2023-01-17,123.6605038185951,100.32139130745223,102.43491699227147,111.92030225275164,108.69112744611364,108.5137074444762
2023-01-18,121.3901952127441,98.42642096033347,102.24416475938921,111.23281219287841,108.10747076454481,106.6377858145074
2023-01-19,117.11491947545328,96.80691012639545,104.40977990638865,109.15870500850818,108.15544135582797,109.14702133331208
2023-01-20,124.61755394009964,100.26713810796053,109.98654311789502,113.31857416199121,110.23427046112428,111.72839105953246
2023-01-23,134.07615933990826,101.25220085745912,111.97261505910751,113.63318223007151,112.82481898800927,114.85488594403652
2023-01-24,134.57910228674538,101.02680102804793,109.6274653485934,112.23491032083194,113.9601809322053,114.7506673896142
2023-01-25,134.9842934771892,100.42992395692532,106.84470554093235,113.23700844878547,113.42447000599354,113.43592544106559
2023-01-26,138.33043288774422,103.5144877436792,109.42549544634355,115.61407780648952,115.103527626646,118.08559938296293
2023-01-27,142.2633769475236,103.58128211460294,111.50134331158563,119.13306714907341,116.67865931448746,121.64502300829282
2023-01-30,133.8596135316398,101.30646061957324,108.77467185076249,117.1638352473939,114.33594849426298,117.89321679725478
2023-01-31,136.47923226369446,103.43517188919064,110.9066167051147,120.17012074125853,115.36738450564803,119.4244107665831
2023-02-01,146.30111805576675,105.49712816361878,112.69073602862183,122.52388941947348,116.27887541188056,122.75132784799676
2023-02-02,151.65213101703202,110.44326511202955,120.89315118073749,131.56607325054435,120.58847981841959,151.33076251019386
2023-02-03,147.39787083787172,107.83454395122764,117.57181360934908,120.47308291459228,123.53084165662828,149.53502704847534
2023-02-06,147.32104105887933,107.17505289965862,115.46229545145977,119.06315622061024,121.31606069180098,149.15823974009456
2023-02-07,154.89347337912326,111.67875753282411,120.78096584478945,118.9815905074045,123.6507370899286,153.61550639701738
2023-02-08,155.11701100475958,111.3323298208647,111.50134331158563,116.58122047021145,121.46795721589515,147.04986096474224
2023-02-09,156.0391287767762,110.03423654486855,106.60904806149081,114.47214893161362,120.6284656594581,142.63268121712798
2023-02-10,148.5504913155412,109.81717124592241,106.11533233296151,113.73805751276225,120.92472100407178,139.61038018777987
2023-02-13,152.20396321074145,113.24818243250294,106.16022029497631,115.98695090828643,123.19892192211938,143.8431675623547
2023-02-14,160.46806407205182,113.60301030115151,106.23876126509384,116.17338301418691,122.67841058268746,143.88326682129642
2023-02-15,159.0220011637432,112.69496648829677,108.77467185076249,117.87462598675621,124.38406748020468,142.02338736483097
2023-02-16,153.69894210327368,109.69472583693288,107.17010437531454,114.36728253891886,123.08681255165486,138.2395215060526
2023-02-17,149.4097094685985,107.98330547609496,105.86848311096911,113.26030912827456,122.15794891510777,138.5922887778945
2023-02-21,144.28921258166173,105.72788965554174,102.99595602155071,110.20741338543583,118.8987800034286,137.95093527785718
2023-02-22,144.9808276480255,105.24251153922306,102.83885679677118,111.61734007941789,119.24313011895602,137.1813308372255
2023-02-23,165.30912890043646,106.60662479669816,101.9860719412125,111.65229554364949,119.63547566169271,137.91886328048372
2023-02-24,162.66854808495393,104.28427022752808,100.01121766936758,108.94896333312265,117.48140611824347,136.59611876963322
2023-02-27,164.17046532015138,104.6776010018762,100.84154990164662,109.25192550645639,118.45035493953353,135.9146907099205
2023-02-28,162.1795352981499,104.36794366329913,101.05474611553629,109.79958481940729,118.04192813464003,140.24369407661575
2023-03-01,158.5609422777349,103.04984751418691,101.39137126155828,107.39920589221823,116.36029999563509,139.0251804698208
2023-03-02,162.86414517847015,105.0751384171913,103.23159621644777,107.35259564324411,116.8407882401393,139.91500858947862
2023-03-03,166.8878759146263,106.82421510543737,105.08303884070487,110.58028648723277,120.94076501233941,148.50889602738852
2023-03-06,164.54072416110725,107.485366500477,106.74369466299069,109.24027072171387,123.18292758570396,148.22828766222864
2023-03-07,162.71015140359398,106.34717808220617,105.31865310878521,109.00722836683929,121.39719966240526,147.91565669822802
2023-03-08,168.94944601879166,106.15888331992042,105.75628049047661,109.43835761235687,122.41415632886765,148.28444144430688
2023-03-09,163.74420509687445,105.58143161114153,103.59065670120494,107.49242639016646,120.5883928926782,145.65494519757652
2023-03-10,160.453385266182,104.02064312255874,101.69432611493305,105.72128137912998,118.91476192188095,143.90731155710165
2023-03-13,160.46037708354987,106.25093722451342,102.2329211632049,107.702168065552,120.49232753048129,145.02163130874064
2023-03-14,168.12495968508748,109.12565459697589,105.442099325462,110.5569769177477,122.18996242386469,155.53952984822982
2023-03-15,169.2778074302431,111.07141307895209,107.84334602508628,112.0950795739096,122.51028378087983,158.5297094816717
2023-03-16,178.4515664578591,115.57383143812454,112.56732438103398,116.56956568546892,124.80046661737978,164.28568826327293
2023-03-17,179.73715178359856,116.92541664941243,114.02603622788669,115.2994608484132,124.11981322638488,156.81417253783664
2023-03-20,180.9598241217031,113.91260857612684,113.57719117682772,113.85457869019955,126.04166686069733,158.57784835181488
2023-03-21,183.0489203290432,114.56119254924477,117.72890419185637,117.23374617585709,127.54713377579779,162.06510072082955
2023-03-22,184.9283823334288,113.9377302947254,115.98967283036403,115.00815345982198,126.38597972233558,160.18118887819205
2023-03-23,189.97989685398298,116.18475908383428,118.49191312338544,115.0198082445645,127.26683551371035,163.76462019042762
2023-03-24,187.10128676845355,117.40245367264366,118.31236991759853,114.34397296943379,128.3238773649157,165.1514963463919
2023-03-27,185.3685459793875,115.64917034343057,114.96857108065824,114.23910657673902,126.74636142816757,162.6102135294801
2023-03-28,184.5231644056337,115.1679594923444,113.3639863206658,113.30691937724866,126.24186926107718,160.87859736324216
2023-03-29,188.53363341553955,117.37733195404509,113.76794340971,116.81426282508605,128.74028892005384,164.62242571124472
2023-03-30,191.32134987528698,118.85863395995659,113.20690438043076,118.8534145452247,130.01351509009137,166.61855867060643
2023-03-31,194.07420082892472,120.63698650678893,116.39362991940823,120.356561737155,132.04747809486838,169.90540119234475
2023-04-03,195.38771331810864,120.18927128050085,117.10053321955493,119.33116292971239,133.06444717929384,170.81129618477223
2023-04-04,191.81044287414494,120.16836276549172,117.50447302405465,121.12560862023795,132.63202886977723,172.13401599635637
2023-04-05,187.81397086765043,118.97996372313582,117.22396215168726,117.80470616829706,131.13458395881062,169.53662879589905
2023-04-06,188.90391899384673,122.01788038977514,121.65617739681105,118.92332547368787,131.8552852806593,173.2403084864271
2023-04-10,192.69078353473802,121.09310188976619,119.43447390297372,119.0515014358677,129.74923600034546,172.15808543142793
2023-04-11,189.82618382129556,118.34810131192728,118.21138496647362,116.42973493854656,128.76430526060304,171.4365828120399
2023-04-12,185.11705445295544,118.62429583881833,117.41471438456954,113.99440943712192,128.20377082624347,171.55683119033236
2023-04-13,184.89342324658958,121.2813835268071,120.5453256498924,119.31950814496987,132.5759617665819,176.6473993864579
2023-04-14,186.95455218445832,119.73318214801326,122.1611280792524,119.4476841071497,132.29570075838365,177.5613586893532
2023-04-17,188.65936581007992,120.84621603457346,118.90709652406946,119.71568192625588,132.3117323486882,175.4529552147345
2023-04-18,193.30560892813637,120.66629517848726,117.25762380206224,119.20298696753258,133.30468509256443,174.67532351253453
2023-04-19,195.15017868906097,120.69976455279567,116.89855467503286,121.53344607626249,134.23357356503763,172.91968730975776
2023-04-20,189.37200980324985,119.72062128871397,118.14407030799589,120.96247719382653,133.44884522567506,170.81129618477223
2023-04-21,189.4768469577406,119.574182932181,118.27872555176803,124.63295206807533,132.14355587502834,170.6669783714082
2023-04-24,188.93882460598334,117.90455991349414,118.90709652406946,123.7590299023016,132.3918033744697,170.58680455279108
2023-04-25,183.342376128358,115.24745910026053,116.52828516318037,119.51759503561289,131.14260596294443,166.38607682595656
2023-04-26,188.33796947864505,123.59537731502247,116.37118593840081,122.32580252883048,131.13458395881062,167.86916897404126
2023-04-27,190.22440993172282,127.55384615283651,120.72484292886261,127.96550930475877,134.85818468876332,191.24576492485588
2023-04-28,193.87856362938155,128.57067199481605,120.44433205649523,122.87345295178538,135.8751413552257,192.65673521515808
2023-05-01,201.99031506292133,127.85932310093622,120.2872328317157,118.91167957894133,135.80309233357804,194.9494816642835
2023-05-02,197.09950539242243,127.79653192968465,118.17772331609862,120.75273551844101,134.96228447305708,191.79092713203914
2023-05-03,194.2488625763644,127.37392529675029,118.27872555176803,120.77604508792605,134.0894631037792,190.01923640612583
2023-05-04,192.57201622021418,127.79653192968465,117.47082865822414,121.1838736539546,132.76015741258328,187.2053724856224
2023-05-05,200.38332003707134,129.98918282947596,118.45824283073824,123.11815898139848,138.9901625517573,186.61213315646188
2023-05-08,203.6741532364394,129.1523040940723,120.92683875792918,123.31624587204149,138.93409544856198,187.00497498797915
2023-05-09,199.62177342835344,128.46187684044642,120.45555836813504,124.23677828678932,137.54879716194907,187.0851241073299
2023-05-10,201.81566668415735,130.68379703620158,125.39270701115571,128.39664744027235,138.98217780151265,186.85265461231322
2023-05-11,199.67066267522574,129.76320548929237,130.801153328515,130.7154517642597,139.13432268486793,189.02514033351295
2023-05-12,198.0077865851356,129.28620784179566,131.855925370868,128.47821315347804,138.38052749147647,187.43786667990548
2023-05-15,202.290722573577,129.4912372912356,130.73383867003727,129.5735228893838,137.97957630034233,191.48631107997355
2023-05-16,204.10735180238157,130.4452982124532,134.10006420344047,132.1370332429843,137.97957630034233,191.45421438333372
2023-05-17,210.84965620779465,131.67819183477206,135.59242905839594,134.5840135291515,138.47675428719307,194.39634159406472
2023-05-18,221.32994927590238,133.57370031692872,137.82541935977875,137.6718736262178,140.36920218499029,197.8916088750145
2023-05-19,218.43739566166423,133.49823015917443,137.74686974738896,135.45793569492523,140.45741939453615,196.92158223747322
2023-05-22,217.82257026826585,134.68920174951637,140.3164246988881,134.01305353671157,139.68759261084008,199.07007262140044
2023-05-23,214.41298312304963,132.20660106625553,137.52243857958723,133.9897439672265,137.5706279410005,197.8034324940955
2023-05-24,213.36494579503346,131.6152956615619,135.65976964369037,136.04055047210767,137.7951447130429,199.78354797922026
2023-05-25,265.3612065764526,136.676954452316,138.55474935638838,134.00139875196902,138.7173523213923,202.5733671639185
2023-05-26,272.1105161679092,139.5998545985378,139.82270897035883,139.95572248597358,140.67391416244473,210.06893997479318
2023-05-30,280.2502482395961,138.89535708245756,138.76794557027804,141.76183185123764,142.17344529120467,210.45370514620947
2023-05-31,264.34112314923215,137.71277252355998,137.87027275270458,140.50338179892447,142.13334768849865,212.21738096018768
2023-06-01,277.86762938956286,139.46984904852803,138.82404255938818,143.05522847778644,144.41066551527314,218.542541985511
2023-06-02,274.7724868644406,140.65242048218082,139.89002362883653,144.7797721298448,145.10032192948324,218.542541985511
2023-06-05,273.682592212947,140.87890970691262,141.39363207997627,146.00326671792638,144.00170473796825,217.564525135301
2023-06-06,270.07032257611706,139.9311620284567,142.85231800001227,147.52971458934573,143.70505201853678,217.34806076488812
2023-06-07,261.8598969475637,135.61177520839442,137.45510663656506,141.2607827872609,142.59039081875417,211.31953792859477
2023-06-08,269.09205636634715,136.4001824146526,137.05114954752088,144.7797721298448,144.7955851161027,212.10517219309665
2023-06-09,270.90885938793525,137.04178375752264,137.15214314091804,143.8242842508654,145.10830667972786,212.40176098359393
2023-06-12,275.88398529579365,139.1637552139215,138.73428391990308,147.48310434037165,147.3776521742208,217.29199343024214
2023-06-13,286.6448868659112,140.18694679964204,138.9474714915205,147.58797962306238,146.9927449913543,217.5084331013887
2023-06-14,300.4454776945318,141.46600190801684,138.76794557027804,147.3083181292177,147.5059421505466,219.13584306283744
2023-06-15,298.0416828622602,145.97829045129907,140.3612953763584,148.11232936652823,149.15781685007065,225.93392094122976
2023-06-16,298.3141632094715,143.55859906649323,138.61084634549852,146.22465428805845,148.28377852041336,225.2685474046536
2023-06-20,306.11235235551055,141.76372183642388,138.12835692860904,146.5625719256238,148.35592688576548,227.93809351179294
2023-06-21,300.7807908173241,139.8808267145458,135.26706479310272,145.4556074049755,147.5139641546804,225.78162526483015
2023-06-22,300.6409812073184,142.45988482203907,138.18444527544693,151.6546193886012,149.95168481024203,228.37900011565432
2023-06-23,294.93916082817606,140.4930931352279,137.27558935759484,150.69914039961776,149.69509243962744,231.46544513974936
2023-06-26,283.919762545583,137.80082979110318,132.78724255427196,148.36868129088788,148.56442448546636,223.24034244791835
2023-06-27,292.6123160929778,140.30439149035251,132.77604216944886,150.52434529846784,150.8016571274979,230.11864354346048
2023-06-28,287.30872182426276,140.84116150279064,134.85187275014647,150.36121387205642,151.75590308053032,228.70772265169103
2023-06-29,285.24737898758355,140.505667119772,133.6400187675584,149.03286178127607,152.0285518773756,225.6934982824439
2023-06-30,295.58903888914324,142.80796631484668,134.31326041733013,151.89932541821432,155.54078645816162,230.06250211101542
2023-07-03,296.36460923862387,141.73857386733567,134.5377002274041,151.7361939918029,154.32996055247764,229.29292236965009
2023-07-05,295.693876043634,141.80568324413528,136.6135480926462,151.92263498769935,153.42382178832204,235.98684344178596
2023-07-06,294.1984827221565,143.11408639994286,134.7733231377567,149.5688663094844,153.80871655322548,234.0788251151773
2023-07-07,296.99355195351444,141.41569284459558,134.0664284798822,151.2234901430836,152.9025902070329,232.90845037852552
2023-07-10,294.7365451799407,139.15534193198746,130.66650672701508,148.1356300460173,151.24270592133803,235.77035437210668
2023-07-11,296.3086746996811,139.4237531886962,131.44074197018398,150.05826058871864,150.8177135537286,239.12938049979337
2023-07-12,306.7691553904673,141.40729268790642,133.44929246149283,152.41202926693362,152.172885861969,247.98782177972663
2023-07-13,321.26841994619775,143.69699164794733,139.74415935796904,156.4903327072109,152.79034423897474,251.2506195656597
2023-07-14,317.7187691861384,144.77891870426797,140.7315821727554,156.93310784747504,152.91062462912976,247.61100977207948
2023-07-17,324.650374038834,144.98443378776648,139.8675969323736,155.62805643618373,155.55684288439232,249.01390340228073
2023-07-18,331.86852308553046,150.7547639224558,138.86892187913074,154.77744383989508,155.34832044876532,250.16034454982594
2023-07-19,328.95468653964866,148.90539067586545,136.92773789993302,157.72547319003905,156.44690038639112,253.33496595484
2023-07-20,318.0750443923586,145.46248145484938,133.75223867259538,151.43324070846512,154.86721130610832,242.52044157595395
2023-07-21,309.6131272373732,144.1624653304861,134.672346828904,151.47984206744326,153.91297777103895,235.8986423616006
2023-07-24,311.7303511382926,144.7243964372573,136.3666815861093,150.0815701582037,154.56249932865387,233.77425846164445
2023-07-25,319.1861417634419,147.18604922977454,137.12969915991064,150.46609804474318,155.26011565718252,236.06699256113671
2023-07-26,317.59992165956066,141.6463296466927,145.05162072420342,149.3241602798713,155.96576640780802,239.35382273324183
2023-07-27,320.73038422576485,138.68985512420386,145.19748499507088,149.44069034730458,154.9393720894235,249.8876893484352
2023-07-28,326.66979270865744,141.89794059002307,148.76570635754064,154.05500720578624,157.03227074686163,260.92673005856875
2023-07-31,326.52308486201355,140.87050955022343,148.92278829777572,155.7678782931101,157.5294363157493,255.41126038318563
2023-08-01,324.9718372136472,141.0466240853099,147.60995800633495,153.4490828591187,156.855861163696,258.706117816859
2023-08-02,309.33364170411846,137.3395430616642,144.052962955505,149.39408898832647,154.42617493023124,251.97206043688186
2023-08-03,311.0525592825566,136.9872746157568,144.1314952833503,150.20974612038353,153.29551939403322,251.0742421045553
2023-08-04,312.20547387109053,137.45694837664018,143.74999081758574,162.63109743711195,145.93425023847146,249.10212918173244
2023-08-07,317.3553818444695,138.4340441025289,147.58750538305532,165.71894864418226,143.41635921342387,253.77582316016864
2023-08-08,312.09373847996153,136.73142421834737,147.44162382764335,163.06222668262956,144.17815157502304,250.63326140289485
2023-08-09,297.3498806344372,135.12952746296696,145.48923082135033,160.6269011812049,142.8871056280009,244.67690982291677
2023-08-10,296.1900143345625,135.42308668876387,145.52290111399753,161.4542042080085,142.71070846279835,245.10183600144072
2023-08-11,285.4779886426416,134.6178922943722,145.3769849894966,161.27942688685053,142.75889015945347,241.8150058293356
2023-08-14,305.7280029304137,135.88854724605787,147.36308285752585,163.79632699147692,144.09983148203236,245.46259348595134
2023-08-15,307.03465728898635,134.97434769337931,145.6238774228502,160.41715061582335,142.48588124167958,242.06350514822245
2023-08-16,303.862324030629,134.646557829074,144.4120147979899,157.38756444246968,141.77927430789882,235.92267474777265
2023-08-17,302.8701009234747,133.16731648660033,145.7809420785408,156.117450715418,139.71563237141928,228.5473503151904
2023-08-18,302.5555894600024,132.99920835085828,143.0206348941594,155.23188265489773,140.10909553083098,227.0723348272067
2023-08-21,328.1861748509142,135.26853693092792,144.04172800159293,156.93310784747504,141.19308436186662,232.40342447918354
2023-08-22,319.10924514107126,135.51224647687258,144.8383899412248,156.43206767349426,142.3092108812898,230.5595501473219
2023-08-23,329.22730057361645,137.42018456588022,148.53008344718808,157.9119141859355,145.43273838251437,235.88263723699683
2023-08-24,329.5556887224192,134.46588883403265,145.6238774228502,153.62386018027667,141.62670721379965,229.8781714861419
2023-08-25,321.5548839281447,135.73080805372896,145.73610597015946,155.27848401387584,143.4173278145422,228.87607285122712
2023-08-28,327.2637629680331,136.03338432272193,147.0040482995854,155.1386621569495,144.68598417417536,232.69201070737898
2023-08-29,340.8825665450897,138.0127368688324,150.99862752074554,157.20112344657323,147.84163694582432,238.88888374320837
2023-08-30,344.23655336825453,138.1724054721508,152.46853975242135,157.38756444246968,150.67609910304432,236.57204315974502
2023-08-31,344.8724745318373,137.73957427349637,152.79399044043697,160.81332439710937,150.852744627508,237.2053817478473
2023-09-01,338.9609798437135,138.11777820318153,152.2217164572457,160.9415003592892,152.12946024516413,237.59819888009824
2023-09-05,339.23354040297863,140.17278466047387,152.34519724301146,159.95106590607418,152.32217461382155,240.62047521017993
2023-09-06,328.87003608539777,139.8912481589383,150.87525044224668,157.72547319003905,146.87004309840347,239.83484094567808
2023-09-07,323.13974042710913,138.64311612737552,151.7728714061867,160.6269011812049,142.5741977949299,239.43402125112527
2023-09-08,318.4646610756637,140.47536092946683,153.02963063533406,161.069676321469,143.07200909789645,238.80873462385765
2023-09-11,315.7113555870537,142.01766907333345,153.63555762662807,166.74435634162086,144.01953693291588,246.56084636482066
2023-09-12,313.5589453318089,139.42475070730305,151.86266461476077,164.56536498456384,141.56246909091382,241.83103565320576
2023-09-13,317.8567071815523,141.22759496098226,153.399917431731,168.78350806175953,139.88428072767525,244.55667379425745
2023-09-14,318.5275740632987,142.33705878094958,154.95957101834745,168.63202253009464,141.11281464867628,249.89576600853619
2023-09-15,306.78046529007185,138.77338418228183,154.17416131717218,163.58657642609538,140.52661228468105,240.7487385004075
2023-09-18,307.241684600188,138.28588633892363,155.08301723502427,163.10882804160767,142.9034104134927,242.54447396212603
2023-09-19,304.12493829520645,138.11357812483695,154.89226500214198,160.37054925684524,143.7866752897002,244.56475045435843
2023-09-20,295.17308591479673,134.8020657297823,150.0673362641583,157.64389858683734,140.91207827588502,240.23568533949725
2023-09-21,286.6335769663066,134.2809541344226,146.3644337310997,150.69914039961776,139.65942867063035,237.0771431568861
2023-09-22,290.77757230866,133.22191750507997,146.15124615948224,150.45443437000466,140.34997917818043,239.76271908789562
2023-09-25,295.0543453376242,133.44467916028094,147.11622499326117,152.9596885798845,141.3858111484871,241.16558801883045
2023-09-26,292.88097299895156,131.17533745496647,144.2661678116669,146.7956231704944,138.07761611866508,239.66651544540832
2023-09-27,296.7733431281164,131.4485000503025,146.47664499386443,146.7956231704944,136.84905736173795,238.6884491966656
2023-09-28,301.1130558820669,131.80572983875442,148.46274286189364,146.7956231704944,137.05782815662604,243.67476178946927
2023-09-29,303.97823044856256,132.6924188782759,146.83574868998278,148.12398415127075,137.4753697464022,240.6685646817904
2023-10-02,312.9440397263566,135.2349100536816,150.54981703877556,150.85062593128265,139.51489599862805,245.96761938529332
2023-10-03,304.10397621177856,131.7006491286708,148.59738946339354,145.32743144279567,138.43090716759238,241.25383849754857
2023-10-04,307.76579016058787,134.04139216584326,151.75040149836258,147.9841534043484,139.44263587160845,244.97354801194678
2023-10-05,312.2871564793459,134.2095003015853,151.55968383456928,146.77231360100933,140.4463425714907,244.34025882237728
2023-10-06,319.79243794177205,137.52946535430843,154.376131219422,149.10277270973924,142.51799409414093,252.8699281677411
2023-10-09,316.3752172827565,138.60526292129492,155.31865742992133,149.45233624205113,143.7224123308883,255.2188036996784
2023-10-10,320.0439829429067,138.00431046165357,154.91468305633268,150.87391772077572,143.24065745415243,258.0087093318089
2023-10-11,327.088071832568,139.6979264278839,157.70869510245024,153.61221428553014,144.37282798184322,262.80266403817075
2023-10-12,328.05938633099703,139.16842780107984,155.93578480603847,154.1948290627126,145.1035133459885,259.86856408900803
2023-10-13,317.6889837767779,137.7269740384626,154.12925607061288,151.23513603783013,143.6100173472735,252.27675058674652
2023-10-16,322.11946983842955,139.79039377768893,156.0816836459949,154.45118098707226,143.50563194982945,257.455495163791
2023-10-17,307.04599392594224,139.54661860552017,156.77736927677404,153.19273093475908,142.244972758404,259.7402514002477
2023-10-18,294.8725848234115,138.7271439447569,154.80254093174582,149.30086849037824,141.19308436186662,254.10449629767257
2023-10-19,294.20877660241126,139.2356290545932,154.5668661677598,149.61546766846254,140.88798742755748,250.76962605248977
2023-10-20,289.21918578749353,137.28151635428475,152.1543585874068,145.8517811862615,138.81632348694416,247.43468170950786
2023-10-23,300.3163897624019,138.39514087686217,153.164242667745,147.4714495556291,138.91266204432827,251.73158837956328
2023-10-24,305.1242735378095,138.90366536243297,155.75628481161272,149.80190866435902,139.26597792918173,250.5611889436451
2023-10-25,291.95856111607054,143.16494672364686,140.94478702891732,141.44721489316137,137.38704077518886,240.12345187313989
2023-10-26,281.80475784482246,137.79420154246566,137.20825741457264,139.326497459817,134.00656078242108,231.1607796891511
2023-10-27,283.0207191077478,138.60107596819518,137.0848025556236,148.84642078537956,135.07450560518913,237.87878254599173
2023-10-30,287.6398906576018,141.75290663468655,139.6543920762117,154.63762198296874,136.73666237812313,242.63267504231138
2023-10-31,284.97735847669287,142.0891097809259,139.22799964843236,155.08039712323284,137.12207869747488,241.5183429410392
2023-11-01,295.7741415722699,145.43422280273722,141.88732188168885,159.63644894799788,139.6915539410548,250.00002161185807
2023-11-02,304.02710632675917,146.37980481579672,143.05429654453437,160.88325310556453,142.58220738110063,249.21431324955714
2023-11-03,314.5023727728204,148.26250305900237,144.86085120677666,161.5008233469786,141.8434875948585,252.20460402969763
2023-11-06,319.71559479410405,149.8300247981813,146.15124615948224,162.82918432775494,143.9151266995457,253.1665169582384
2023-11-07,321.14115015395697,151.5110142788882,146.95912576848164,166.2899175266182,145.9948250622559,255.58766254355638
2023-11-08,325.46682579846924,152.63306520864447,147.93535684071713,165.55581721777085,146.8540115080989,256.3572422849217
2023-11-09,328.0943587865119,151.57825490813607,146.14002849011467,163.83128245570848,146.46857035282105,256.9744522520883
2023-11-10,337.7729323755569,155.3520646764814,148.7769585959972,167.28035197983323,149.8695896564825,263.5641424201687
2023-11-13,339.7646244120707,154.0955062377398,148.2158677130845,166.15007788969987,148.58312593782784,263.9008922177737
2023-11-14,347.0043772386265,155.60418750436006,149.93267237811395,169.89047258240782,150.7057531988207,269.6087691781313
2023-11-15,341.6374154473042,155.6673593077116,151.05478500576137,166.86086862906217,151.16405054334487,266.72273400131263
2023-11-16,345.7744323409654,158.40451098914406,153.64675801145117,166.4297393835446,152.53088331889435,267.9091879603673
2023-11-17,344.50261675115115,155.74317072183138,151.82899432211357,169.168018168307,152.51481447470061,268.59071481714545
2023-11-20,352.2664751381068,158.93927283912367,152.88374907992207,170.27500046894727,153.92986620079435,272.5428938265604
2023-11-21,349.01692440916304,157.09907413866728,153.69166325801044,167.67652576111922,153.2786309642778,270.1458794244799
2023-11-22,340.43541108176316,159.11193543482065,155.39719840003886,170.95083574407798,153.8173222016229,273.7614074333554
2023-11-24,333.86657861165634,158.93508588602393,153.37746480845138,170.9857912083096,152.7399397269327,271.1479780593947
2023-11-27,337.1230543145897,159.4319682794333,153.06328364343676,172.13935708793602,152.5952207854846,268.31813371355383
2023-11-28,334.1810098630747,161.1542891560999,153.9497215070982,171.32369995587894,153.08564340043318,271.7572348627922
2023-11-29,336.41029000333884,159.53304578984475,151.4699079105397,170.49639692907533,152.2575018622288,266.31388704519156
2023-11-30,326.8364733567307,159.55829876089157,148.7095661570693,170.22838132997717,152.72384604681287,262.26550439328935
2023-12-01,326.80152763856717,157.7054735749118,147.95775761036333,171.32369995587894,153.76103157509257,260.39764707378833
2023-12-04,318.0314090350189,155.44417764467613,145.05162072420342,168.771844387021,152.3057456486992,256.5496001713635
2023-12-05,325.4395537001319,156.86747919369785,146.98159567630577,171.148922634721,155.51381464240518,255.16273636503243
2023-12-06,318.010446951591,155.30099434886023,145.89317062585002,168.39898017522003,154.62939489563354,254.48933556688797
2023-12-07,325.64920127176214,156.20634748652546,153.64675801145117,171.148922634721,156.1972248211984,261.81652112932704
2023-12-08,332.00897439196757,157.5875563753875,151.4699079105397,171.77813877088158,157.3550011887095,266.754867746852
2023-12-11,325.8658540294358,156.35374398593078,149.5623682971725,169.99533897510258,155.32083949652363,260.7663824213345
2023-12-12,333.064297648216,157.65071505349425,148.6984003413352,171.84804969934478,156.55100017068492,267.9332697450721
2023-12-13,336.07647417221995,157.64652810039448,148.75445411908413,173.43276260448079,159.1640624645894,268.3501686620278
2023-12-14,337.9075282020568,154.09244805569514,148.0475508189374,171.77813877088158,159.2846533038208,267.09151874739155
2023-12-15,341.6814251275622,156.11370950853768,148.7881589808203,174.74947769051062,158.85048406151336,268.4944617761255
2023-12-18,349.9771161694466,156.92222458987055,152.37879839748075,179.52692597540369,157.49976980200987,276.27063060252686
2023-12-19,346.6714170027496,157.1790987563765,153.3325595618921,179.20064534258887,158.34396776644496,280.8721286253815
2023-12-20,336.23716565359956,156.0674036447886,155.22888150589174,177.25471412039846,156.64747532566264,280.00639464006156
2023-12-21,342.3803127534826,157.29700283065594,157.56283083158277,179.25891037630552,156.52685965050512,283.86239470625566
2023-12-22,341.26212998430185,157.7349266243032,158.7634498602588,178.7695160970713,155.6585335838533,283.30127677300135
2023-12-26,344.40007900887315,157.76864537826333,158.79715472199496,178.75787020232474,155.21629266555985,284.45564638504936
2023-12-27,345.3645487453665,157.5201976189362,157.50672520020038,178.67629559912305,155.29669897634383,286.860613950899
2023-12-28,346.0983820894505,158.02970649786903,157.34962597542085,178.72291473809315,155.6424274857704,287.25348048168263
2023-12-29,346.0983820894505,158.34976559297132,156.74368169958234,177.0449813350089,154.79822952133532,283.7582132007328
2024-01-02,336.63549871343207,156.17266810829983,155.03814655755394,174.70285855154052,149.2585265304503,277.6094296365139
2024-01-03,332.44925835600714,156.05896411236495,155.87969645920057,173.0016333589632,148.1409346913866,276.15034517533485
2024-01-04,335.4474779826267,154.93882946835342,153.04083102015716,168.45724520893668,146.25951394478264,278.27480317309005
2024-01-05,343.1280762575997,154.85887047686836,152.3002747119077,169.23794687676218,145.67259133893023,282.1468577624206
2024-01-08,365.1847066361103,157.78127186378674,155.78993781971548,173.73573366781054,149.19417664589702,287.5260368860079
2024-01-09,371.38376153758486,158.24446175372563,158.15752286896475,176.38079195462475,148.8564825585673,286.5399433756969
2024-01-10,379.84019753555145,161.1837290802465,159.64990500846469,179.1307344141257,149.7007301948546,296.99375966860504
2024-01-11,383.13883804150237,161.96699119053255,159.42548248293517,180.8203137119565,149.21832958403985,296.35241851820086
2024-01-12,382.3560753445191,163.58398197746382,160.06504519778747,180.16778800631084,149.4836269467563,300.2164705452295
2024-01-16,394.04136736151474,164.3419648662134,159.88554520336174,178.46656281373353,147.642440400452,294.58071544265437
2024-01-17,391.7420888355182,164.00511858297756,158.74103180606812,176.77698351590274,146.87861149291172,295.3102329739775
2024-01-18,399.10825585907276,165.85793064371254,160.99640559255263,178.86273659501953,151.6625448342795,301.5311630952454
2024-01-19,415.7695293791687,167.8792052217999,164.25044579000783,181.00675470785293,154.01829451571217,307.3994370913699
2024-01-22,416.9086474944261,166.96965200579007,163.81283569286092,180.3542290022073,155.8916932581823,306.06061335811654
2024-01-23,418.439227170229,167.9760695286219,164.99103666734624,181.79912005041695,156.92886636849897,308.8023307215712
2024-01-24,428.84551124990764,169.5172882771679,166.8536537496097,182.78955450363196,156.38212829109395,313.2114461587176
2024-01-25,430.6276091894939,170.49001329652927,170.41067472725638,183.81496220107053,156.11681851041442,315.199613604677
2024-01-26,426.5322490891754,170.09416903779683,170.76972656974127,185.4113210009531,154.70980120641752,315.96919334604235
2024-01-29,436.5541302690546,172.53234076731886,172.2509083244181,187.9049115360944,154.15500387098953,321.4846877206918
2024-01-30,438.7135724476942,172.05648501612208,169.9506465759188,185.27149914402673,151.18816622759854,320.7150585807937
2024-01-31,429.998639737252,167.42020228496074,157.20377898909786,180.84362328144155,148.26151311265497,312.76256169182074
2024-02-01,440.4818471766527,170.03102348493496,158.3931630638618,185.59776199684956,150.2394462681258,316.48224650695255
2024-02-02,462.37767912437846,173.16399317461017,159.76211627122942,200.198086890643,149.42737357411517,380.7839954681786
2024-02-05,484.546205318126,170.81847254832076,161.22079354899316,198.45024255909559,150.89872834470228,368.29407045329884
2024-02-06,476.79552844536676,170.7510875413798,161.69210850787627,197.09857200883417,152.20123607162458,364.5342246310594
2024-02-07,489.90640255956663,174.35569977866243,163.30788501041954,198.70659448345523,152.2896892224685,376.45497975185015
2024-02-08,486.7055138100091,174.38093962446445,163.72305976883132,197.9025832461447,151.41332873371982,376.7836775886205
2024-02-09,504.12179665642736,177.09282520960522,167.1902875379039,203.2742922029668,152.03319619555833,375.2685257927955
2024-02-12,504.925307538028,174.86522178284008,165.5408407427134,200.81565713205705,150.66460006925496,375.9018396816314
2024-02-13,504.0867707262098,171.10061281111834,162.8590399593606,196.50431133690515,148.96594690290104,368.8632156481214
2024-02-14,516.4708701570719,172.75435428356474,163.75673006147852,199.23094422692108,148.24945527052813,379.41313678645133
2024-02-15,507.7906960033341,171.51827122675297,160.19970908383186,197.85598188716656,148.0159727291597,388.0310813097996
2024-02-16,507.47621127721317,170.46355280295836,157.67502480980303,197.51805535960523,146.76816612949665,379.44524583272437
2024-02-20,485.38474212994413,169.9277934343719,158.34824053275807,194.68655607689456,146.1643799298149,378.1865959180881
2024-02-21,471.5470398577038,169.6704336338074,159.9528685041117,196.44604630318852,146.77622538751962,375.6025092725677
2024-02-22,548.8848285250106,173.66561378140207,161.6808735539642,203.42577773463168,148.4265726775879,390.12812312189095
2024-02-23,550.8346231320199,173.11294909747863,161.53499199855224,203.90352611911936,146.93722427853342,388.4427933808189
2024-02-26,552.7565574189633,171.9317164387982,154.36489626550994,203.6005550557896,145.84236972982424,386.6049950684827
2024-02-27,550.0238931655654,171.90639784152722,155.83484306627474,202.21392904129664,147.02580160900789,390.8664088927733
2024-02-28,542.7695684825451,172.00761972963176,153.02963063533406,201.77115390103245,146.05168691508678,388.4347414199843
2024-02-29,552.8963402916177,174.50515694150556,155.36351082284716,205.9659696287511,145.51231268977364,393.3382126734035
2024-03-01,575.0298405551475,175.28984970347773,153.88241549089273,207.66721260132041,144.63480974842386,403.1047965790034
2024-03-04,595.7025188924454,175.04514263892628,149.62970888246693,206.92146639772653,140.96379909201096,399.8064812480391
2024-03-05,600.8116524050749,169.86872983265116,148.86669995093783,202.88976431642732,136.9546348836353,393.41040862898507
2024-03-06,619.933831739843,169.63247542576818,147.44162382764335,202.17897357706502,136.14960317467708,398.1211762062335
2024-03-07,647.6736198262807,172.6067084045077,150.78545723367262,206.03589833720628,136.05299142210575,411.04170823090084
2024-03-08,611.7425767921796,171.37482542604053,151.9412055848783,204.32300946989042,137.44574048655193,406.0340307726925
2024-03-11,599.483661640156,170.6576095477231,154.47709024373023,200.37288199179292,139.0719224205143,388.08964327034835
2024-03-12,642.3899448842924,175.19704109730722,155.40843335395093,204.3696108288686,139.45834459487358,401.0584129622244
2024-03-13,635.2259389740009,175.12109843073918,156.85591024689157,205.7329272738765,137.76773826857956,397.70388210101595
2024-03-14,614.6500498484494,179.3904780680112,160.57004773386225,208.28478284273447,139.27318034775388,394.7024272524789
2024-03-15,613.902259606981,175.677976318252,158.41561568714144,203.2393367387352,138.96725140992,388.498934813264
2024-03-18,618.2214648124759,176.05765027535782,165.70915763686054,203.30924766719835,139.85282602725582,398.83545429021007
2024-03-19,624.8122753853604,177.78313433602767,164.9797671443452,204.96387150079758,141.75273712084933,398.2415357312246
2024-03-20,631.6197119785674,179.39471752209027,166.8985417116245,207.5856379981187,143.83778762563642,405.6888832245238
2024-03-21,639.0489524138648,181.1412676007072,165.61938171283094,207.5856379981187,137.96094935575917,407.48654522901865
2024-03-22,658.9960325112824,180.87548139296385,169.17638540593313,208.42460469966082,138.69355950417804,408.9471363454459
2024-03-25,663.9791261498315,178.39483637118218,168.3909411356689,209.40341103812128,137.54233982116023,403.68261121631963
2024-03-26,646.9187174493636,177.88435622413218,169.06419142771287,207.76043309926862,136.62457784358472,397.96068037340103
2024-03-27,630.7670043705543,177.79154761796164,169.2885966686979,209.54323289504765,139.52274415127908,396.3315414633068
2024-03-28,631.5078429006817,177.492055781503,169.3558854003589,210.18411270594677,138.04950185030754,389.6866731341696
2024-04-01,631.556772253581,179.1162523278442,174.47259453371095,210.871593875824,136.88218848716986,394.31724219353447
2024-04-02,625.1895928870624,177.79578707204072,173.4290747298145,210.54533102300118,135.9241923092947,399.1484186943066
2024-04-03,621.7790298285233,177.3781286564061,173.83303181885867,212.54952727890824,136.57627196729902,406.6679621431875
2024-04-04,600.3992554984527,176.29390468224076,168.90707491838884,209.74131978569065,135.90807379324875,410.0225177036623
2024-04-05,615.0973657358838,179.5170579291212,171.11759531194758,215.64904216071707,136.51989441502732,423.19979860218206
2024-04-08,608.9818917946077,179.12470498551266,173.7544908487411,215.78886401764345,135.61020411343785,416.7074976413744
2024-04-09,596.5482747891175,179.83769453499588,175.71813609349073,216.34816922534088,136.59235322945582,414.82151106036235
2024-04-10,608.3249550728943,178.5636007691656,175.20198502622628,216.67443207816368,135.07084230608777,417.1730294138006
2024-04-11,633.324913295783,180.53375251865245,178.87119998209323,220.2866508086918,140.9154683797992,419.84529244024
2024-04-12,616.3414012176859,177.98985694205027,176.9860611383722,216.88418264354522,142.13110003718558,410.80896704395417
2024-04-15,601.0702560669556,174.50515694150556,173.76572580265318,213.95944508289432,139.02361654422864,401.4436227204352
2024-04-16,610.9528623838554,174.901683712969,173.2495401662998,213.6098904405784,136.35890794197658,401.06639082525993
2024-04-17,587.3296638546772,173.7457565263147,174.45019376406478,211.2328121928784,135.24794729518447,396.58033717339003
2024-04-18,591.7746415607394,170.55216133078432,175.05606890172535,208.83244215568536,134.47507811053987,402.70355699692243
2024-04-19,532.5700176032036,168.37950017886428,172.90168870863798,203.48404276834833,132.83280249645762,386.06736613754043
2024-04-22,555.7598036676294,169.1557534084128,175.35906696646134,206.513628941702,133.50902267464173,386.5969925061808
2024-04-23,576.063239183321,171.94435604956644,177.58077046029865,209.20530636748632,134.36238509581173,398.1291787685353
2024-04-24,556.8711684122258,172.57296340005792,178.55698424798965,205.7678827381081,136.06909752018865,396.04265884391504
2024-04-25,577.523954160148,168.34574204916964,175.04488580144672,202.36541457296147,136.76948305447866,354.21538982882976
2024-04-26,613.1893348716222,171.41700996291397,192.94206367608902,209.29852686543455,136.294495967608,355.7482509986377
2024-04-29,613.3431815910662,169.69997855991258,186.43401785026762,210.85994798107745,139.67568378426992,347.1853364407481
2024-04-30,603.872918706086,164.24930063773596,182.65257434709144,203.91517201386588,137.12370545063516,345.2192007403852
2024-05-01,580.3823909141132,166.6160447849104,183.86442832967953,208.5760902313257,136.294495967608,352.4579135307089
2024-05-02,599.7842964182978,167.83950135619875,186.96140387144413,215.24120470469254,139.29732086793365,354.4561335780783
2024-05-03,620.5559029554465,171.5604557636264,187.6570549331343,216.97740314149345,147.62957539072653,362.7060343333387
2024-05-06,643.9763254122817,174.46295927938732,188.62210290509117,219.8788133526673,146.28514462052908,373.716547390822
2024-05-07,632.8916077804355,172.69107747825458,192.15661940582478,219.94872428113047,146.8406125259621,375.7710570662347
2024-05-08,631.8991707744708,173.19734442171517,190.05834484411977,219.06315622061024,147.1143416855932,379.27002923713906
2024-05-09,620.2623268380509,173.94827905399274,190.70915979742858,220.81100055215765,148.58758398656477,381.5330995177283
2024-05-10,628.1669039049567,174.96921309760307,189.2392129966638,218.4572318739427,147.56377260449577,382.15912712298683
2024-05-13,631.8083707294184,174.53888882071053,189.789017072031,217.39688649226449,150.16759593388701,375.5864547494312
2024-05-14,638.4969865333989,175.73702679472794,191.135517656119,217.97950126944698,151.09467138375413,378.66813281511804
2024-05-15,661.3793465324496,178.8096072329549,193.5704432906627,216.7210512171338,152.94072577157615,386.4445486341831
2024-05-16,659.4851656161673,177.9262782561091,195.44432989592718,213.97110875763286,153.03747412174113,379.775598520341
2024-05-17,646.3456290613619,177.5966377322832,197.5538566960887,215.2178951352075,153.06166431377312,378.7162716852612
2024-05-20,662.4275576532493,179.764770674738,198.51885281441213,213.86622458494608,154.004821025797,376.25251986546556
2024-05-21,666.6630214744379,181.32853859389647,199.56237261830861,213.41178576994344,155.06089427588407,372.8739813173514
2024-05-22,663.6157655455138,181.95402213611916,197.91292582311812,213.38849398045036,153.8919789955122,375.4019018311604
2024-05-23,725.4624676102055,180.4663675117115,194.73744388032492,210.96481437377227,150.6513004308226,373.7968447057709
2024-05-24,744.1232672107495,181.80188742333135,196.35322038286822,210.61524195146438,153.15031615202594,383.7801893729801
2024-05-28,796.0662939257082,181.869521809924,197.93534387730878,212.2465562155785,153.158400245975,385.144502749121
2024-05-29,802.5242733372794,181.3834808687416,197.374322132574,212.0950884639056,153.40022765851668,380.6824567841568
2024-05-30,772.2963608125348,175.2552384328694,193.12165009323715,208.94897222311863,154.20636456618683,374.8160352330095
2024-05-31,766.2367679354988,175.44963643399961,193.5592256212951,205.59310541695015,154.98025202380202,374.63948487704056
2024-06-03,803.7473467356534,174.76918436644212,194.3110514525456,207.8070344582468,156.41517249078447,383.19429807556287
2024-06-04,813.7906980086354,175.84692446966298,195.00670251423577,208.9722640126117,156.67315567326128,382.7930584934818
2024-06-05,855.746307989555,179.20265581453924,196.82448348811786,211.2328121928784,157.89849817775706,397.2945411595676
2024-06-06,845.6680377357607,179.4182117103303,198.3056652427947,215.56746755751539,156.77796328144922,396.251318246157
2024-06-07,844.8992319361619,179.13504767843622,195.7585456300307,214.7518104254583,158.72072876554705,395.60926081702826
2024-06-10,851.2034181029916,180.83405812029036,196.6010116125348,217.96783759470847,155.68160615921033,403.34558972678474
2024-06-11,845.1224888196094,182.86692228955982,198.40963177784243,218.16592448535147,166.99172547658745,407.2537793428056
2024-06-12,875.1081609414756,186.40865147887712,199.72400039374193,217.76975070406544,171.76408527638753,408.3532671849931
2024-06-13,905.9325837739705,186.62838120252312,196.76953592121566,214.20415111250742,172.70727924230061,404.54935787156046
2024-06-14,921.799383637209,187.04682713284737,198.6006432788919,214.00606422186442,171.29651171346097,404.99918091057924
2024-06-17,915.5086196207372,189.4981109819514,199.10616435130112,214.47214893161362,174.6661880783705,406.98339647392044
2024-06-18,947.661033218151,188.6401662286007,196.69087395928676,213.01561198865744,172.74756311445245,401.2476834403707
2024-06-20,914.1106839447888,188.3696811832093,198.050199675379,216.8492271793136,169.03125172881332,403.02311610513806
2024-06-21,884.6840898388372,190.0939970970896,201.79102449902692,220.32160627292342,167.26581475714715,397.46407692388914
2024-06-24,825.5512289322205,189.20226796355462,201.3304259577215,216.23165693789957,167.78982796216073,400.78180587821544
2024-06-25,881.3288196228095,190.58851694643016,206.7338338303648,217.12887089316632,168.5395252277439,410.1725657468227
2024-06-26,883.4958819465728,191.0999421111077,206.56534409077292,225.60009473179727,171.90917675672733,412.1968929187388
2024-06-27,866.6506554494566,191.39154567542542,208.28411919387304,230.54067444310178,172.59441237608968,417.3702283564497
2024-06-28,863.5053269159234,188.89797228748932,204.62190447852055,225.18061138102618,169.78903308834555,405.0474185777879
2024-07-01,868.8174503997067,193.03137438835537,205.56553689986657,229.78326456476935,174.7306869784805,405.41689490332493
2024-07-02,857.4242372084333,194.1090882410866,208.0931076928236,233.0459108729896,177.5682908803535,409.2889000941227
2024-07-03,896.63627409662,194.73883748787802,208.74471773517848,230.237703379772,178.60014910248242,409.6584505174589
2024-07-05,879.511642278303,197.60854101681667,214.11440346154114,233.0459108729896,182.46153955049832,433.7177341905708
2024-07-08,896.0771426060028,197.05065248545216,212.35072311188173,232.21859006619403,183.65463260493908,425.2106646739299
2024-07-09,918.3044909726347,194.21895966553203,212.29449648868803,232.27685509991068,184.34793990028749,425.7568642503004
2024-07-10,942.9781465601227,197.05486568904155,214.76594436571816,232.80120484337647,187.81431494350974,429.524391544379
2024-07-11,890.4856138010186,192.17342963500465,208.46382660283257,227.27802813488148,183.4531014825123,411.8595256394748
2024-07-12,903.3465471551626,191.68738869382221,207.90214804540753,226.62550242923584,185.84732201349075,400.7496474334097
2024-07-15,897.7548044513678,191.86065505078125,209.5422611865788,224.56304113961215,188.95902761388655,398.5727034946313
2024-07-16,883.2161557771561,189.98415192313385,206.61028390642113,224.91261356192004,189.29762821251927,393.4555835871646
2024-07-17,824.7124782215918,187.4483021216105,203.35251024735825,218.98158161740855,184.50914989667325,371.1234208138124
2024-07-18,846.3805346734985,186.11702166406974,199.6116854237103,214.1109306145592,180.72028035290114,382.2573561053159
2024-07-19,824.2932900277367,184.73922533886264,199.5779978465186,213.38849398045036,180.82507554312602,383.01251147512477
2024-07-22,863.5053269159234,187.20320129971424,204.08269582891964,212.71265870531968,180.54293942250635,391.5356355149022
2024-07-23,856.8650522431133,188.0104301070541,204.2174807067754,217.21044549636807,181.3893726202914,392.5719179344646
2024-07-24,798.5711559459357,181.26935686497228,193.92742098781,210.70846244941256,176.17365428552287,370.54498869483706
2024-07-25,784.8014200207281,176.83165908804094,187.91736017300445,209.5665424645327,175.32720866977476,364.23096703864377
2024-07-26,790.2533263771658,179.73516012240867,187.60281603255578,212.654393671603,175.7061055585224,374.10375778960827
2024-07-29,779.9785365912351,180.352256633187,190.44496553505041,213.4700508036601,175.9318268729812,374.1117109533775
2024-07-30,725.0396431365721,178.7419990968519,191.29873560964447,211.7338701468512,176.38325708393566,372.087359082195
2024-07-31,817.9324206761274,176.81052744386974,192.7029147186625,217.8746170967602,179.02740153936796,381.4379579436947
2024-08-01,763.3430913525056,176.28644954317915,191.82674387442225,214.48381260635213,176.02855038722004,399.8418999960049
2024-08-02,749.7830832109821,172.64331471232975,187.2209140222682,195.642035065878,177.23777437566983,392.1301221570141
2024-08-05,702.1134873560736,167.0053264212294,178.8967292542903,187.62526782224168,168.70073522412966,382.16097956796415
2024-08-06,728.6743186738007,168.89029533179013,177.81827738599958,188.68561320391987,167.05622437669743,396.90982538668396
2024-08-07,691.3494040411501,168.3916016545946,178.54849753664993,189.66441954238033,169.14414343095032,392.7566684468663
2024-08-08,733.7068229375726,170.19203086322568,182.019666181864,193.19506366970677,171.95755714079132,409.39335329157547
2024-08-09,732.1692113383749,171.5993983650276,183.86200849345232,194.52342465048312,174.3195282217148,415.93233586581084
2024-08-12,762.0151540622893,171.9332783429326,182.31175769903305,194.36029322407174,175.562442143934,414.4702874926682
2024-08-13,811.7816534311208,174.97628760456473,184.4124866660542,198.35702206114735,178.58088884178343,424.58399488774586
2024-08-14,825.3416615726442,176.18079132232313,180.15490581608503,198.20555430947445,178.94407700726595,423.1542037564743
2024-08-15,858.7523883974601,178.26392517927937,181.19965282263956,206.93311229247306,181.3652941899269,431.6451693514461
2024-08-16,870.77446409157,177.18002933623472,183.06443047296304,206.315542051059,182.43869049847626,423.6842006141102
2024-08-19,908.6586171642432,178.47563537833616,187.23211440709127,207.66721260132041,182.30956851862578,425.1784074320587
2024-08-20,889.4370283573005,179.8601518288946,187.80506248751732,208.43626837439933,182.8099379219818,423.12999847543773
2024-08-21,898.1740461199257,179.5807022412865,186.31096917811385,209.86949574787047,182.72116190409844,429.9018951314844
2024-08-22,864.9032625918719,175.9436837745264,184.00808017885356,205.23188709989574,181.21194476415525,427.30723719996024
2024-08-23,904.2549754033079,176.46870669284453,186.05259980722548,206.2922324815739,183.07627839359492,424.1502263718636
2024-08-26,883.9150701404278,175.07148500529374,186.65920089575422,204.49778679104838,183.35066570526797,418.6234691317522
2024-08-27,896.7762173933822,175.21969526987832,184.99663513130332,201.72453476206238,184.03669607426588,417.00067793311354
2024-08-28,877.9739237297001,173.84787093106746,182.94086326447487,199.0212114415315,182.7938194059358,415.1370688874271
2024-08-29,821.9166068696944,174.91484833353033,181.73886147224044,200.5593052076974,185.45714961428877,416.2938343283124
2024-08-30,834.3583520299833,176.61693008267395,183.53621211454708,207.9934754541432,184.81956171917014,418.776110597881
2024-09-03,754.8855858604865,173.3567373948922,176.7735476639895,205.37170895682212,179.79150364209545,411.10437026966594
2024-09-04,742.3740562132758,173.1280956300088,175.75127056525906,201.96924079167547,178.24191570425901,411.8916346857478
2024-09-05,749.3638415424243,172.91215910211776,176.63874550158926,207.28268471478094,179.47675795049219,415.2013363785059
2024-09-06,718.7489860695058,170.0796131412839,169.53906700275888,199.70869261140876,178.21773793019005,401.87430382802194
2024-09-09,744.1913939818901,171.78170801567234,167.2780757393183,204.38125672361508,178.2903333422122,405.50524417910844
2024-09-10,755.5845536984608,175.37211873805234,167.22184911612456,209.2169700422248,177.64468618907057,405.50524417910844
2024-09-11,817.1636683512313,179.11496605385116,170.0339753648573,215.00816234981795,179.70272762421206,411.16056110064375
2024-09-12,832.8219168742432,180.79163732901006,174.0047364837239,217.8979266662453,179.79150364209545,422.22230043656566
2024-09-13,832.5422976542319,182.31163255667104,177.1206213171497,217.30366599431625,179.57359322639851,421.43508541901656
2024-09-16,816.3247572164946,182.62919785525625,177.7955136409193,215.43929159533553,174.58590594721707,428.8004066487214
2024-09-17,808.0064463754011,184.24234294545326,179.21286357283114,217.75810480931895,174.96518779281945,431.24479424368775
2024-09-18,792.4879807250434,182.40476929396223,179.76403312721226,217.23373728586114,178.1127937244085,432.55553491108543
2024-09-19,823.9442606437217,185.74116715320855,182.38494046036175,221.24212979767526,184.7146423493147,449.5617701791308
2024-09-20,810.8724765371386,184.29311139244345,184.01599650022544,223.25798972832084,184.17388973010242,451.37089264321855
2024-09-23,812.6899747298609,183.5479649931345,182.05876382147795,225.91471168987357,182.7776636360007,453.8314335583869
2024-09-24,844.9151673975432,181.71041759213315,182.5536721835764,226.0079321878218,183.50402754900267,452.963056751566
2024-09-25,863.3694476965605,182.9551895610203,181.65380422885394,224.3416446794841,182.69694687614032,456.9674006115415
2024-09-26,867.0742820436294,182.61647949301906,183.04863239930825,222.7452858796015,183.62510268879325,456.58950183617435
2024-09-27,848.6200017446121,181.22349725954732,184.42093880830498,219.02820075637862,183.8430006865271,456.2034523029071
2024-09-30,848.8996209646235,182.1888327660712,186.55820730235706,217.1172249984198,188.04787199265652,460.2882169741632
2024-10-01,817.8626361892055,178.11996749401865,187.84053037279048,215.71895308918027,182.56783731425287,463.52871132256973
2024-10-02,830.7947443725394,176.61266437810522,186.56942497172463,215.2878060636707,183.02786075564174,460.58574433678234
2024-10-03,858.7559177278331,176.3628778438058,186.56942497172463,212.02517753544242,182.1320164828591,468.59433325966774
2024-10-04,873.2257444597701,176.1596465529071,187.9192441883528,217.32695778380932,183.04399168965077,479.1841437131753
2024-10-07,892.7985551135353,173.39906630945876,183.32983465345484,210.673506985181,178.91984956134476,470.21060385198643
2024-10-08,928.9381494878628,175.58802901545374,184.9046467855803,212.91074559596268,182.21270840679335,476.7317041573744
2024-10-09,927.2605411172002,176.75238260928685,182.06999877539002,215.76555444815838,185.25537013260086,474.8179556009693
2024-10-10,942.3596581495948,176.0664704398814,182.31747888325594,217.49008921022076,184.85183600515123,469.44665554335205
2024-10-11,942.289713238565,176.26972798126974,183.62230643060244,220.01865298958566,183.64931771675134,474.367687975156
2024-10-14,965.1481165708411,177.46370525267704,185.55708648607026,218.52714280240585,186.67582367262375,474.74553735199044
2024-10-15,919.9208173340922,177.29432396818677,186.11950827890792,218.70193790355583,188.73386510776527,471.4087158647648
2024-10-16,948.7206879253118,176.1850307764022,185.78206211702312,217.76975070406544,187.06321444810132,463.7859788810158
2024-10-17,957.1791024872756,176.43908301527037,183.2735907457166,218.51549690765935,187.36182920569556,463.89860753563505
2024-10-18,964.6586091430379,177.0487768879664,183.8247775846422,220.21673988022866,189.661983666529,463.52871132256973
2024-10-21,1004.5731966742746,177.31129490974786,184.5559311006945,220.3099603781769,190.8564426969059,462.47528761215085
2024-10-22,1003.734285539538,181.00756073165627,185.75955764011002,221.04404290703226,190.35606087558685,467.9832734098257
2024-10-23,975.5633844005603,179.77544149878221,183.10487630704645,215.22955880994604,186.23999042326687,453.25258155188334
2024-10-24,981.5050655583143,179.8305150260756,183.03736287630724,217.17549003213645,186.08666583342136,456.54123946969935
2024-10-25,989.4041347308502,181.27853141110623,185.9057676018671,218.86506932996724,186.7645996905071,460.9395366281785
2024-10-28,982.2741387314263,180.61801659044073,187.53684092627526,219.51759503561289,188.37067694228273,464.88751676231146
2024-10-29,987.3769087544439,182.887450172469,190.86641458310845,222.36075799306207,188.58858735797963,477.04528604313003
2024-10-30,974.0255589025521,183.13303662842387,196.2432388263414,224.5746870343587,185.70734673392982,475.8552753897189
2024-10-31,928.029507340907,172.04842611579838,192.4749488615146,217.19878182162952,182.32568703467174,456.3803978471379
2024-11-01,946.483948064032,173.7504947396972,192.67743730009886,230.63387716105802,179.9044946879369,456.04261068034566
2024-11-04,951.0275865964321,172.94176965444709,190.37147165192107,228.12864073117018,179.17811835697185,450.8322510423554
2024-11-05,978.0100659443349,174.21199147305344,190.93389344475872,232.46329609580712,180.34030310136762,460.2801650133286
2024-11-06,1017.8547085645417,177.9040309661276,198.54922175906364,241.30738414623903,179.75113284420217,459.97453629134213
2024-11-07,1040.7127910486022,180.12688305426548,203.31863254017728,244.75647145035575,183.59280356688603,475.7748051799054
2024-11-08,1031.9748107413297,178.903282105284,200.61895953783204,242.5774800932987,183.37464479192803,473.8772099437023
2024-11-11,1015.4079200713619,176.98525070300454,202.86869856281604,241.01607675764777,181.16891652216813,468.9160165047908
2024-11-12,1036.5882872353545,179.1107265997721,204.29723159500654,243.42811046957937,181.16891652216813,470.2427622967922
2024-11-13,1022.4682920079717,180.0295068628952,201.2151553305838,249.47565470153216,181.88800350881965,466.36705221603984
2024-11-14,1025.8934536603267,180.74505583511962,197.5030747044062,246.42274117870144,184.39269423913927,464.08350624363493
2024-11-15,992.4798926762719,175.7108419312984,194.02727380127146,236.0871607210818,181.79106888920887,445.5253172728824
2024-11-18,979.6874604161869,176.03262043347303,197.18813301943447,235.02679755941162,184.23109928589884,445.7826836283939
2024-11-19,1027.641006942019,176.89214021620296,200.36024447605402,238.4176198298117,184.44116154894468,451.16193684978026
2024-11-20,1019.811882680513,175.9182995510313,197.9530259663119,236.4017776791581,185.02289344623995,454.72396624771153
2024-11-21,1025.2643772586796,175.1588860105956,188.5604316503862,231.15824468451584,184.63508046001846,452.7700566841988
2024-11-22,992.2701648925877,176.91102744350877,185.33207628602844,229.69004406682112,185.72581224499325,449.5939780224693
2024-11-25,950.817858812748,177.6704409839445,188.5829361272993,234.73549017082038,188.1496868717481,454.3943298388194
2024-11-26,957.1092645256509,181.57350816334446,190.23649664407606,242.2046158814978,189.91914726344416,461.17269770265335
2024-11-27,946.0642785978532,179.45228484590078,190.36021941346456,239.73433491584154,189.8140788780321,457.6830371551681
2024-11-29,966.4061624247302,179.65167044006517,190.04524315940387,242.23957134572936,191.75320589895466,461.79991087269735
2024-12-02,969.0625717521888,182.8420105748785,192.9024129310517,245.5255272234347,193.57920527644217,476.68339239236667
2024-12-03,980.456640538704,182.93535731608694,192.73368120783704,248.70659892845325,196.05155963096544,493.42440693819685
2024-12-04,1014.5693297848412,185.57417466327678,196.14198596477704,254.20648384745513,196.34242557961306,493.5289342334487
2024-12-05,1014.0799293064431,187.7802395632811,194.1960055244861,256.9913817711877,196.36665302553425,489.62916706725787
2024-12-06,995.7640950125148,188.18328958142348,196.52444108048797,264.5420643050748,196.20505807229378,501.5617778359034
2024-12-09,970.3875679337608,189.2226645940155,197.49296324588533,263.44674567917303,199.3641878735983,493.3599912515199
2024-12-10,944.2420746313003,188.08147705730173,208.52921403460073,262.2232510910914,200.18830599177272,497.98359511777016
2024-12-11,973.8828883959561,190.48271434788106,220.0497259060148,268.3057507872758,199.15412561055243,508.7260964359391
2024-12-12,960.1111204320489,190.72450760808098,216.17577552078114,266.8026124853415,200.34182926902716,507.2063505765704
2024-12-13,938.5096934596094,189.75299011124366,213.76584333755565,265.04312225904755,200.47918435838338,498.81171212041784
2024-12-16,922.78032358211,191.5857336726384,221.46868330056327,271.4169115638312,202.83033939348556,502.344546985507
2024-12-17,911.5253959718175,192.80332325948916,220.0722476674723,269.342804379461,204.80176553631537,498.481828718862
2024-12-18,901.1791105084809,185.56144317579475,212.16667728225772,256.9564263069561,200.41454886067984,480.5765401551719
2024-12-19,913.5525149988185,185.40869157650008,212.290572897091,260.18409937095277,201.82038645818645,479.27291287648706
2024-12-20,941.6553963160609,185.22627692389676,215.55641843842608,262.08342923416507,205.61781197850374,470.9681303513662
2024-12-23,976.3995148507604,184.65356999112274,219.18261216308207,262.2465606605765,206.24799876764132,482.7171267738628
2024-12-24,980.2445598681047,186.38446165266126,220.84930893366374,266.8958329832897,208.61537166249394,489.0745697403236
2024-12-26,978.2172269422931,185.8668938734048,220.27497808967928,264.56537387455984,209.27784515557565,485.5336335158671
2024-12-27,957.8040078621182,182.6510776383826,217.0766978327169,260.7201127891571,206.50655317641872,482.684968329057
2024-12-30,961.1596524010644,180.23288253148698,215.36495753922017,257.86530393696137,203.767572737132,475.78838977640555
2024-12-31,938.789259204918,178.82014680455086,213.18022568602575,255.63971122092627,202.3294111817921,471.17733313746817
2025-01-02,966.8921405221605,177.58132057157027,213.3266084932276,256.6068538846482,197.02110451448215,482.22625355414726
2025-01-03,1009.9553185437903,179.60499706946095,215.98431462157518,261.23281663787645,196.62520743431162,486.56369172030577
2025-01-06,1044.62949216746,181.51412955574787,221.70517043813987,265.21789958020554,197.9502537641795,507.1406999265752
2025-01-07,979.6851075292716,179.18924181432624,220.15109975939052,258.8091370311983,195.69605818461426,497.23451576748676
2025-01-08,979.4755936443979,180.11835164512803,218.4168204198917,258.83244660068334,196.09194284682175,491.46452015222405
2025-01-10,950.1144525744561,177.73831162494403,216.26587985115586,255.11536147746043,191.36540533069626,495.60080749311527
2025-01-13,931.3791627131593,176.9916426972352,215.1059313556415,254.55605626976302,189.38588267595432,489.5412376790025
2025-01-14,921.1025013126368,176.34678629364808,213.58563467680622,253.74038135771397,188.48096087217812,478.2106962272426
2025-01-15,952.4214581949815,180.86076799351298,220.21868232830766,260.25402807940793,192.18949861294456,496.61481117441735
2025-01-16,933.755899345904,180.1268043027965,217.2456196859208,257.1195577333675,184.42500577900955,491.9312374894357
2025-01-17,962.6977987472882,182.01473951868806,220.72543060337492,263.27196835801504,185.81468760658103,493.1142335511994
2025-01-21,984.5089535034118,181.7898778243148,223.03405807140263,268.83011831073367,179.88425340815652,496.0837769475943
2025-01-22,1028.1314769144694,189.29905351890767,223.39440625472355,273.84059117050936,180.84573903365026,501.7490476734742
2025-01-23,1029.1799019340797,189.51541005463318,222.95520597948445,274.318339554997,180.7084087802201,512.1703103333148
2025-01-24,997.0223547652143,188.39116720899085,225.46652930063016,273.6541679546048,179.9973810515916,521.0544882487992
2025-01-27,827.8458818964402,184.36082453050506,216.00685366757725,274.318339554997,185.71774056900722,531.0250880945646
2025-01-28,901.7383489485035,189.72328768220055,219.93713438327146,277.49941126001556,192.5046044254764,542.65345330014
2025-01-29,864.7571697043082,187.6572166435192,220.06101271356027,276.24097898769435,193.39335804135442,544.3916394712307
2025-01-30,871.3984069217655,176.05828028710948,226.20976471327404,273.4094619249917,191.96325574403747,552.8493598536766
2025-01-31,839.380696100257,176.08799584139743,229.7571754841898,276.9517519470647,190.67861746595196,554.6036499464366
2025-02-03,815.542315367727,174.33162807965002,226.6152082731435,276.64879866372695,184.2230151919497,561.2668204319494
2025-02-04,829.4538127295862,174.94675580370435,232.41488161253736,282.0554630847806,188.09316030391972,566.682677966087
2025-02-05,872.6567201491675,175.33706120911987,215.46631410805136,275.1922617207708,187.8265093832302,567.2298655131121
2025-02-06,899.5711262006324,176.41041748056855,215.77038381454514,278.29177660257955,188.43248114440968,572.9596013242018
2025-02-07,907.6803509544734,173.83524444554405,208.72065764926217,267.01234527073103,183.91600589133003,574.9955124520425
2025-02-10,933.755899345904,174.88312461678385,209.99321495206433,271.6616175934443,184.13437577166,577.3131928105623
2025-02-11,928.3731357799569,174.55221094420978,208.6981704568936,271.2188246731882,188.15436844381998,579.2445272446183
2025-02-12,916.7684836145156,173.53403320201306,206.77243021818884,266.7559933463714,191.59195864867974,583.7348538695692
2025-02-13,945.7799001293084,174.1703975721972,209.62157996119794,268.4339267494556,195.36119539286122,586.2939448575294
2025-02-14,970.6672406284747,173.27521649927274,208.59679660351787,266.46468595778015,197.84435337524272,592.8202320088536
2025-02-18,974.5121786964138,173.78857107493982,206.95263887893827,264.0992713848187,197.7392104820523,576.4842360328582
2025-02-19,973.3236499559335,175.9649597963907,208.64185741097745,264.0759795953256,198.06274809149878,566.3446932051639
2025-02-20,979.4755936443979,176.89593341195794,207.84225709878405,259.70636876645705,198.83924332135558,559.1584910551298
2025-02-21,939.7679532123088,173.5291637361823,202.3241489889708,252.36541901795948,198.61276451115043,550.0729647202472
2025-02-24,910.7564297481108,171.7394841030644,201.86240966772968,247.85598633216455,199.86648206122788,537.6641026975735
2025-02-25,885.240066322,169.14638198360643,197.549259007257,247.96085272485934,199.81795266160722,529.1098575821777
2025-02-26,917.7472845713118,169.92432836973762,194.51991788804298,249.7669620901234,194.41484726433205,542.1464761587553
2025-02-27,839.9399345402796,166.8636131528341,189.7562974293302,243.23002357893637,191.93977337589962,529.7053568942105
2025-02-28,873.2859035002201,168.7595416428252,191.7608206217752,247.35492837819183,195.61192648491362,537.7204170248832
2025-03-03,797.3662104717505,165.14622736822238,188.07833113574753,238.8953682142994,192.53023510122284,527.138164546883
2025-03-04,810.858412690349,165.1972189443746,192.48156884205045,237.47378673557483,190.83163160672112,515.0270768794921
2025-03-05,820.0162763626107,170.47268797335786,194.84649207144983,242.78723065868024,190.67797173187307,528.2809008044737
2025-03-06,772.9685378244953,168.71705522532073,194.09196985126044,233.8615680050467,190.34633761051444,505.3139421863038
2025-03-07,787.7888912321207,167.19518308764953,195.79245790630065,232.17198870721592,193.37144033656156,503.48713504749946
2025-03-10,747.8715764910502,161.60516756639126,187.00966231963255,226.68374968296052,183.99688408471013,481.22035123221247
2025-03-11,760.3151932659307,161.7284398658049,184.94642352958869,229.0724738254071,178.62611506323134,487.4329083021829
2025-03-12,809.1851892453014,162.92720785157394,188.40767084627117,231.75250535644483,175.50397837386896,498.578353451812
2025-03-13,808.0664984664458,161.01426904428726,183.50330234185702,225.92635758462006,169.59934870267367,475.3055685175247
2025-03-14,850.6441261882663,165.17599542348964,186.58123031560453,230.65718673054306,172.68108975821667,489.38874440847206
2025-03-17,835.6825460910159,165.2355052835345,185.2282825964255,228.082039372192,173.09358965499234,487.2140728021991
2025-03-18,807.01775259862,163.03349608418165,181.14691767743082,224.67957120704543,172.03401453932366,469.05937104676667
2025-03-19,821.6297685648293,164.86140955548012,184.77729426185098,227.84897923732547,174.09657611301736,470.4285995769139
2025-03-20,828.6911030460863,164.44481428467645,183.54839771840557,227.1614980674482,173.17449268429857,471.9911245656248
2025-03-21,822.8882422163392,166.32374558261682,184.8900586300391,228.6296986851429,176.54738530163948,480.24705194187794
2025-03-24,848.8264140967336,167.09741313893446,189.05031021004092,236.8445528194222,178.53712793997605,498.4500654623181
2025-03-25,843.7926264400987,167.9816346324285,192.2974020206151,239.69937945160993,180.97985303464904,504.4587053891885
2025-03-26,795.3421929775014,165.77537285375178,186.0964161274825,234.36262595901943,179.18422799479515,492.11119634416275
2025-03-27,779.0521408430086,166.03467519055067,182.9170451621813,234.63062377812562,181.06075606395524,485.3454251061744
2025-03-28,766.7473443961352,161.02701365701412,173.9988943076896,224.56304113961215,176.24809997404026,464.5328352973264
2025-03-31,757.7284080012861,159.57746161833876,174.34842236616598,221.6965686126779,179.66953440896486,464.2266631914799
2025-04-01,770.1032028338918,162.46809991277618,177.08812637352713,223.922161328713,180.5269326681279,471.9911245656248
2025-04-02,771.9908598364543,162.44687639189118,177.0542832354351,228.39663855027635,181.0931172756777,470.32392408606387
2025-04-03,711.7249769306791,158.6082147888565,169.9288334807849,207.88860906144845,164.3499404341357,428.1909769504594
2025-04-04,659.3593396408974,152.9671683157115,164.15631416076926,199.25425379640612,152.37090270085108,406.5326101635135
2025-04-07,682.640674396212,152.1254857407012,165.45287969585425,204.2181252972037,146.7736672871302,415.81130946062797
2025-04-08,673.272280819727,150.72264644836451,163.1415904079766,198.8580800151201,139.46167260897244,411.1397643183654
2025-04-09,799.3272347663105,165.9964019766356,178.93714051928475,222.67537495113837,160.8395437118819,471.80588006789577
2025-04-10,752.0653300441935,162.11102762726222,172.2964876682121,211.16290126441527,154.02095195980604,440.0068589862692
2025-04-11,775.5564995325977,165.1292170509268,177.16704760362322,215.4159820258505,160.27333426840596,437.81608345832706
2025-04-14,774.0183531863737,164.85717010140104,179.3430334773107,212.2116007513469,163.8080205263962,428.0782494987747
2025-04-15,784.4355461053873,163.97296173315183,176.23126236547114,209.26357140120297,163.50065110484792,420.0560759793892
2025-04-16,730.5318694187868,157.97056414467932,172.87147532488677,203.13447034604044,157.1350045552193,404.5834428591427
2025-04-17,709.5576472334027,156.34244315013487,170.42489990736348,201.13027409013338,159.32699855783986,403.91490781647184
2025-04-21,677.5370487779527,152.6611007315946,166.49010792555995,194.96621757073927,156.23719824427386,390.3673108173586
2025-04-22,691.37999157105,155.93436616322384,170.77442796583986,201.79444569052555,161.55942544816895,402.94837612512106
2025-04-23,718.0871296751512,159.15236118888728,175.14893875921686,210.44046463030642,165.4904185791106,419.04928448386534
2025-04-24,744.0950860424676,164.64035418210662,179.57979716759897,217.36191324804093,168.53978600496805,429.4234209434836
2025-04-25,776.1158449220255,166.57455588601275,182.60134295725248,220.21673988022866,169.27582351119023,440.79629693779117
2025-04-28,760.1753569185737,166.28124603986754,181.07928325488024,218.71358379830235,169.97144054766696,442.7857240463351
2025-04-29,762.2029037431957,167.50552950157999,180.57193002075616,218.35236548124794,170.836910482816,446.5713806019248
2025-04-30,761.503722006411,168.0241473004226,179.03861807992735,214.89163228238465,171.88032982854952,442.18968135044224
2025-05-01,780.3106144945187,180.83657816729712,181.8572433173846,221.6266576842147,172.54358565330378,460.88411147445794
2025-05-02,800.5158169814933,185.0365515099249,184.93513672204318,221.37030575985506,166.09706091029506,480.86720112174186
2025-05-05,795.7617020195725,185.41488669205833,185.13810912787287,217.14053456790487,160.8719049236044,482.6794356933915
2025-05-06,793.8041535806829,184.1991215142385,184.03319462198314,215.5791134522619,160.56452308409303,473.0463266232219
2025-05-07,818.4138534238349,184.21610558104442,170.67295040519724,219.8904770274058,158.73652441455357,480.6980111471494
2025-05-08,820.5811296464086,186.26510067620606,173.94254669268452,223.81729493601824,159.7395108725786,481.6646416355656
2025-05-09,815.5473419897737,186.50314011638548,172.21754915357153,224.95921492089815,160.5807161079173,477.2185266974061
2025-05-12,859.9427887525321,190.9794129878629,178.65528145244792,243.1134935115031,170.7207776923215,515.0261877059031
2025-05-13,908.3930617910216,190.92843453695548,179.86163894989133,246.29456521652165,172.4539776318957,528.3965427695892
2025-05-14,946.216574550921,192.54377154303856,186.4459269014144,244.9895138052303,171.96802548364707,531.0786361040415
2025-05-15,942.6509883294804,192.97817777107224,184.85623277649157,239.07014553545736,171.25532133000607,518.610446443562
2025-05-16,946.6361370676946,193.46366745197196,187.37044261656547,239.5595398146916,171.10142551385997,515.7590643374517
2025-05-19,947.8246658081749,195.4227152443353,187.76504876704593,240.22372919507578,169.09285724353134,515.8315813834961
2025-05-20,939.504964624813,195.12461468382827,184.8787718224936,237.7884036936511,167.53783023787662,513.1494880490438
2025-05-21,921.4670918351148,192.73967894732385,190.04249491683152,234.35096228428088,163.67456467743938,511.8607791272428
2025-05-22,928.668209189026,193.71493713893682,192.64687822545804,236.65812960351772,163.08333303840672,512.7225859292108
2025-05-23,917.9013986642688,191.72184246149266,189.9410346407334,234.199494532608,158.15099262056336,505.0627012488505
2025-05-27,947.3352653297768,196.19781345233903,194.93561118278916,240.06059776866434,162.15193613739632,517.3538465680339
2025-05-28,942.511205456826,194.7796307487998,194.32678038802246,238.5457957919915,162.3220249773667,518.3687888214579
2025-05-29,973.1337078122194,195.34179810997787,193.7630795388933,239.6877157768714,161.9413523199021,519.5527728538761
2025-05-30,944.7484800651322,196.05726833073334,193.62775884015866,238.88370453956088,162.67027433329352,521.5179946813835
2025-06-02,960.4791333354946,196.74294424573188,190.57236991241317,240.79468029751973,163.35870136916114,540.3734640220915
2025-06-03,987.3261077869527,197.16883218987294,187.35913852447547,239.69937945160993,164.63025111418622,537.1114319134158
2025-06-04,992.2200056215281,197.55210246406128,189.46748997561238,241.4705155726504,164.26579631647203,554.1063549174665
2025-06-05,978.7268408582823,199.17468460528877,189.6478887663511,242.26288091521445,162.49210139937404,551.4242615830143
2025-06-06,990.821856046769,200.32457417932275,195.8149969523027,248.85808446011808,165.15668582199558,561.9674892201596
2025-06-09,997.1839553165385,201.3338923812613,198.77250350465744,252.83150372770868,163.15622648154215,559.0276837404667
2025-06-10,1006.4826713555068,200.5545547191785,201.6058378894672,253.565604036556,164.1442989659376,565.7450938149146
2025-06-11,998.6516220047065,201.27854322382657,200.1948141008351,248.4269374346085,160.99376239506745,559.0920994271437
2025-06-12,1013.8239993796935,203.94027724848405,198.3322488722051,248.47355657357863,161.33392765704517,558.463750090847
2025-06-13,992.6386055936545,202.27509056254866,197.16960398775183,247.14519559280225,159.1066790573102,550.0146744516284
2025-06-16,1011.6564557836066,204.0552675184119,199.54011012501823,251.80611381026208,160.70218862252565,565.9546423907457
2025-06-17,1007.6710931465818,203.5867881548078,198.61448819902049,250.3146214030743,158.4506629050173,562.0130346673345
2025-06-18,1017.1799647668554,204.52372063152643,195.64571212366468,247.6345898720365,159.21195854809426,560.8361640236291
2025-06-20,1005.783222245209,203.3142424459786,188.10524317150305,244.33698809958466,162.791771683828,550.0187251313121
2025-06-23,1008.0207107523256,206.97678951392692,186.46848323196093,242.9154066208601,163.19672145906597,563.0609257420879
2025-06-24,1034.100430170561,208.72713278829877,188.25197166959452,247.92589726062775,162.2248171625687,574.0797624523358
2025-06-25,1078.9185409828451,209.6470549477218,192.66563195621893,247.01701963062246,163.24530053053886,571.2424095295203
2025-06-26,1083.8825976272606,211.85308047199166,195.89403917421015,252.9946351541201,162.791771683828,585.2760386921418
2025-06-27,1102.970606627053,211.21002222694588,201.52681295210425,260.1957630456913,162.85655619708822,591.353836564831
2025-06-30,1104.648749744742,211.8360701546961,198.93055337938338,255.63971122092627,166.16907267805357,594.9489135811572
2025-07-01,1071.8568856533723,209.55334069965824,198.49031603147552,256.8865153784929,168.31534374070398,579.7383643762976
2025-07-02,1099.4746444684263,209.14451557379206,201.65096783510475,256.2572814623403,172.05712436856984,575.184116049997
2025-07-03,1114.0876764539855,212.4450683894163,202.65563198301,260.3239390078711,172.9561228039686,579.569174401705
2025-07-07,1106.396730824055,211.96808386716438,199.56268374010924,260.3938499363343,170.04044716836603,579.0370534071619
2025-07-08,1118.7023293914679,211.49961762880508,196.8196783847524,255.6047557566947,170.08905107576504,580.9071830591683
2025-07-09,1138.8390842590861,214.43393673802623,199.3707734427468,259.31017720517906,171.00424253498807,590.6686295173646
2025-07-10,1147.3691549225637,213.5693899865276,200.49957518910807,258.98391435235624,172.0328099969073,586.2030021587776
2025-07-11,1153.1023916894965,214.35300647842394,203.4006477037353,262.19995930159837,171.02043555881238,578.3600465161284
2025-07-14,1147.1593201894743,214.22523222003474,204.94711318291343,262.98066096942387,168.96326338108474,581.1086796741648
2025-07-15,1193.515470398577,215.41770008828695,205.44378456854884,263.74971674250276,169.36012906237363,572.6207767882222
2025-07-16,1198.2001751964945,215.3325172493608,206.53872589227356,260.06758708351146,170.21053600833642,566.5914388761389
2025-07-17,1209.597024667546,217.9218655487983,207.22732485981587,260.871598320822,170.09716000564023,565.3823109905622
2025-07-18,1205.4717722084617,217.21915306601454,208.897962506539,263.49336481814316,171.03664100059973,567.6957924738001
2025-07-21,1198.2701201075242,217.22341877058327,214.5871703221606,267.18714037188096,172.0895228341815,574.7004550160598
2025-07-22,1167.8554204465204,215.18344071861765,215.98689001870275,265.0547681537941,173.6445498398362,568.1230403833623
2025-07-23,1194.0749227374101,215.43898923539606,214.73391610479652,266.01024714277753,173.4420501162911,575.1922174093643
2025-07-24,1214.770916045051,217.57265528493562,216.92381603679053,270.6012544317741,173.12619922597594,576.1755940003753
2025-07-25,1213.0928798767675,218.77790714164914,218.06392187524173,269.6807309070223,173.2233946228109,574.4667011591922
2025-07-28,1235.8166339078412,218.2625575287684,217.38662699978937,271.25378013741977,173.36108499716966,578.4567688432093
2025-07-29,1227.1464595234936,218.29236495977017,220.96495982078,269.17967295304953,171.10954686169825,564.245848346628
2025-07-30,1253.4361206242236,218.5777077823055,221.8454345165958,268.2241939640661,169.31153757293768,560.3847602315631
2025-07-31,1243.647469359831,227.20602060230303,216.61902037942858,272.79189168357766,168.11286885308502,623.4432716203638
2025-08-01,1214.6310262229915,223.20702100846376,213.49222899843582,250.23304679987257,163.90945044863307,604.5571751893647
2025-08-04,1258.5401740401041,228.117385102099,220.1635100623272,246.62082806934444,164.69506046337256,625.8050648686095
2025-08-05,1246.3742513959405,224.75721742447126,219.74582904496583,249.06781724550763,164.34677385355658,615.3987205656528
2025-08-06,1254.4847595426443,223.56048385165033,221.34874584641594,259.04217938607286,172.71314052086277,622.274452937493
2025-08-07,1263.9239001506985,221.81438003135753,221.83416499359478,259.9976761550483,178.20432653009019,614.0847689936278
2025-08-08,1277.418241357402,222.32542456393506,227.36530564994598,259.484972306329,185.75269713500828,620.106153741942
2025-08-11,1272.9434782419792,222.2104999202313,226.8912078794016,257.86530393696137,184.2039908725488,617.3413672637035
2025-08-12,1280.6346377707198,225.39177051086932,229.53263196684892,258.0633908276044,186.20673511820442,636.791693735519
2025-08-13,1269.6573508164417,221.703681716488,227.9748796801253,261.66394588339404,189.19061020690748,628.7955532428808
2025-08-14,1272.6638055472652,222.51282680957257,229.08110781139555,269.14471748881795,188.74465631766043,630.4479835611563
2025-08-15,1261.6864116435818,221.5290372088222,230.16476232757478,269.2029825225346,187.77975575232645,632.9468083391886
2025-08-18,1272.59375368683,220.22155282015245,229.7132381721214,269.73899594073896,187.21216791495138,618.5504457507475
2025-08-19,1228.0555294680705,217.0999102167628,227.53465961676193,265.68398428995465,186.9446104829588,605.7420977939048
2025-08-20,1226.3773863503816,215.3751217940687,224.99481679722405,260.79002371762033,183.25532058492828,602.7112014198619
2025-08-21,1223.4408765305882,215.09783787185705,225.48020137531392,258.62269603530183,182.35531629452203,595.7629026034448
2025-08-22,1244.4864874439727,216.37330978839415,232.63686701729517,266.6511269536766,184.6742839693845,608.4101125465295
2025-08-25,1257.2117554775643,215.10635615574967,235.3460465191045,265.602427466745,184.1877978487245,607.2090860203202
2025-08-26,1270.9158244679518,214.15934349100408,233.82212008592836,266.4996592020037,185.9310563383736,607.853934466548
2025-08-27,1269.7271887780662,216.16427713928204,234.2059061115643,266.97738980649945,186.88786039179544,602.4371877588213
2025-08-28,1259.7287027805842,217.40135771470062,238.90177115591516,269.86717190291876,188.56625986040595,605.443780054762
2025-08-29,1217.8474226363096,216.1429486164384,240.33538584418278,266.8375679495731,188.2257096415735,595.4405277788635
2025-09-02,1194.0749227374101,215.47321987390444,238.57441916800673,262.5728235133993,186.26351004529388,592.5467123331402
2025-09-03,1192.9562319585546,215.57131795374022,260.37176808185893,263.3302333917317,193.35826487775975,594.1104722851693
2025-09-04,1200.227935919927,216.68897192647947,262.2230465029434,274.6212928383348,194.42044776567005,603.4609229510708
2025-09-05,1167.7854755354908,211.15626122413516,265.2708302311177,270.7177844992074,194.34745497883017,606.5239283713865
2025-09-08,1176.8049466773662,212.52131293661537,264.42345543798126,274.80773383423127,192.87986285104884,606.4030007632691
2025-09-09,1193.9351398647557,212.61087960731368,270.7391415682838,277.6042954327023,190.0176341284369,617.2043357339168
2025-09-10,1239.8718345064904,213.44697082802773,270.2194298848564,268.38732539047754,183.88777986130503,606.1450910238975
2025-09-11,1238.8229816892592,213.7199890456707,271.57521226933017,267.94453247022136,186.51487445346214,605.2745900801696
2025-09-12,1243.3680105639276,217.51225290824254,272.06106353012103,265.84711571636615,189.79062134582034,609.0550103912901
2025-09-15,1242.8785031361242,219.84138010374323,284.27442636701954,269.66906723228374,191.92309605151615,616.3982504768657
2025-09-16,1222.8107306348884,217.14540231533257,283.7660014911377,272.7219807551145,193.09879153971627,627.9250029006201
2025-09-17,1190.7159627669014,217.56344136306717,281.924402414962,269.8904636924118,193.77990439534423,625.2810452334337
2025-09-18,1232.3201370021882,216.89373887102286,284.7489562511759,269.4360248774092,192.87986285104884,628.9325353741349
2025-09-19,1235.326805631822,220.93766617790442,287.78816684528806,269.7273322660004,199.05838311539497,627.4252379450136
2025-09-22,1283.853280121548,219.4532141132345,285.3138670184187,265.2412091496906,207.6369355174295,617.1853172988166
2025-09-23,1247.6332597944768,217.2264638273831,284.33091225838047,257.17782276708414,206.2990614317253,609.3128707321289
2025-09-24,1237.4245112662843,217.61890864770538,279.2241244535599,256.5952079899017,204.58012973170185,613.5555625125156
2025-09-25,1242.4589406193506,216.2879825717749,277.6988498259144,254.19482017271662,208.27749130571837,604.0779106248402
2025-09-26,1245.9551166767878,218.1777028209629,278.5462246190508,256.0941500359289,207.13423153701908,599.9157878513324
2025-09-29,1271.5470398577038,219.51717343127567,275.7329575903824,258.8790479596615,206.2990614317253,599.6335246353261
2025-09-30,1304.6203947836764,220.94622383753153,274.65965651634673,255.8494617863078,206.46125244719244,592.3578123439894
2025-10-01,1309.2352616199694,221.697014092116,276.6933041662407,257.08460226913587,207.12613502510692,578.6132633948907
2025-10-02,1320.7726426095119,220.0034637521098,277.58586075864804,259.15870945350616,208.48831106451064,586.4454007588727
2025-10-03,1311.8923126438594,220.69022906242898,277.2017636112115,255.77953307785265,209.2099437335885,573.1444012351362
2025-10-06,1297.3482630246829,225.4764808409817,282.94121759763675,257.3992014472202,208.13155540389084,577.2581628451036
2025-10-07,1293.852193916651,223.51845681771482,277.6649548341889,258.42460914465886,207.96128029447462,575.1771014583496
2025-10-08,1322.3108959051413,223.88958624043832,276.37696243316606,262.433001656473,209.24240428901544,579.0166024146126
2025-10-09,1346.5041347642718,222.84450174634665,272.885812854533,265.3693851118704,205.98285042048153,591.6561555851247
2025-10-10,1280.7068286192598,217.9644307177717,267.2818869813762,252.12071298834636,198.87189014622834,568.9016600562168
2025-10-13,1316.7869591242716,219.282559679996,275.84594665764877,256.4320765634902,200.80977537084541,577.2903706884421
2025-10-14,1258.8209162288704,219.0778189859423,277.3147181093889,252.14402255783145,200.89896118150955,571.6038091949565
2025-10-15,1257.4225527553008,219.01808599673535,283.61911743214586,251.188543568848,202.17196382821214,578.7826015650813
2025-10-16,1271.2672602135847,218.24170151473857,284.1049686929367,249.90678394704977,200.6395002614292,574.3624208566039
2025-10-17,1281.1263911360334,219.08205844002134,286.18381542664605,248.24049643871206,204.56389945398837,578.2744388589113
2025-10-20,1277.0708696891684,220.45137585707027,289.8557440559964,252.2488889505262,212.63166378166338,590.5752662905093
2025-10-21,1266.7222313389163,220.82253153028347,282.97514715845114,258.71591653325004,213.06139981116004,591.4625627353647
2025-10-22,1260.569004257589,222.05105444607497,284.3648072501059,253.961777817842,209.55864013618532,591.5754383826476
2025-10-23,1273.7143695549803,222.05955960472275,285.9352636770224,257.6205979073483,210.47483745041586,592.0513438469466
2025-10-24,1302.3826923777494,223.36066512440667,293.66326993679303,261.2561262073615,213.10193204257303,595.5681241888992
2025-10-27,1338.9523303105643,226.73490306448875,304.2270649866896,264.47215337661163,217.95882091689148,605.6185520635527
2025-10-28,1405.6590272483688,231.23528701071302,302.1933654831622,267.12887533816433,218.1128781665573,606.1186628088882
2025-10-29,1447.6824431522134,231.0134441226499,310.215122576372,268.3523699262459,218.68042875004323,606.3041542992809
2025-10-30,1418.6645027237005,224.27777848143674,318.02220562713904,259.683059196972,220.05884748512347,537.5810143655256
2025-10-31,1415.8675618777509,220.88647772307976,317.69455980197444,284.57236318940693,219.2236897977927,522.9652234947079
2025-11-03,1446.5637523733576,220.55377901720922,320.55297406082485,295.9683068086968,218.15336072611805,514.3829694112553
2025-11-04,1389.296944689444,219.4019994079202,313.5707094726477,290.515041028665,218.95613236580016,506.0022613413319
2025-11-05,1364.9638160082538,216.34343673116828,321.2196043723329,291.5404309461116,219.0372216645522,512.963304979193
2025-11-06,1315.1088160065826,212.05205918356646,321.71667330249136,283.1973830696605,218.7371788412066,499.24286251406545
2025-11-07,1315.5982164849809,211.9326194556423,315.02814226320885,284.79375964953505,217.68309246520846,501.47715814934077
2025-11-10,1391.8142128406798,215.84860187595189,327.7612513526236,289.44301419225627,218.67327600332328,509.58360556555976
2025-11-11,1350.6294941727613,216.99183695085864,329.1283205446429,290.25868910430535,223.39687046220465,505.808668491572
2025-11-12,1355.1045781364,218.04122652525356,323.9311345721915,284.5490536199219,221.95221431218673,491.2332362219928
2025-11-13,1306.578210596079,214.69258281258377,314.73444328340315,276.83523965962337,221.53017741978448,491.94309313729036
2025-11-14,1329.7225966379785,217.6316926361667,312.29396931008137,273.4677269587084,221.09187299577954,491.59621664047614
2025-11-17,1304.7602846057362,216.48420498193605,322.02174551256496,271.34700063536803,217.07438875215678,485.586983931213
2025-11-18,1268.120594812486,210.6400847208303,321.185657526974,259.32184087991754,217.05817089240637,482.10241143259884
2025-11-19,1304.200832266903,207.79480727251442,330.82307013091577,259.484972306329,217.96716578806473,476.1576932070781
2025-11-20,1263.0861654594196,204.46981525102262,327.02686562675353,253.01794472360513,216.09235139780628,475.2140330363802
2025-11-21,1250.7797112967648,201.77306307316715,338.5623286291429,257.1545131975991,220.3451808772558,479.32764645074934
2025-11-24,1276.4414724393055,202.5765380604865,359.93853961673767,263.6681421393011,223.94065306440248,494.4919092304431
2025-11-25,1243.3680105639276,203.85439877158208,365.42949370717264,267.6182696173986,224.79287303297136,513.1810537114569
2025-11-26,1260.4290074861242,207.4913778626077,361.48647428219664,267.0240089454696,225.26358834055097,511.0758364421991
2025-11-28,1237.6343459993739,210.27360163477547,361.74629555482136,271.75483809139257,226.31869298951966,522.6426016774631
2025-12-01,1258.0517361063532,208.0213227477359,355.76957662631787,272.52389386447146,229.768055423356,516.9318349029409
2025-12-02,1268.8199369733786,209.41456748610415,356.8089654240836,273.15311000063207,232.27593757018087,521.9569500432021
2025-12-03,1255.7443026882067,204.17066467092945,361.1248816116731,270.77604953292405,230.62025055599875,515.9074575297659
2025-12-04,1282.316417168187,205.49980571356343,358.853969019701,266.96574391175295,227.8201737384793,533.5963805201085
2025-12-05,1275.533471988781,206.49132608351684,362.97781934902775,267.45513819098716,226.26186839057797,543.1869574535995
2025-12-08,1297.490505733658,209.8504831172929,354.67947497504764,264.37893287866336,225.539540315569,537.8471736598626
2025-12-09,1293.4347703879826,210.27785421409936,358.4781684536149,265.57911789725995,224.96327232201816,529.9101632108997
2025-12-10,1285.1135719129472,204.5253744123746,362.0168332450237,270.0769046883083,226.26186839057797,524.4009918484394
2025-12-11,1265.1842988915027,206.6238123047989,353.2210742499955,268.32906035676086,225.6531646775263,526.482102633726
2025-12-12,1223.8577653122304,204.5125641734236,349.67110536649676,263.5632757466063,225.85607419385224,519.642036002515
2025-12-15,1232.7383091766935,202.92698209736292,348.46142923651314,259.31017720517906,222.47160803494364,522.7136861660583
2025-12-16,1242.7378646682278,203.59798398864507,346.595977488955,259.33348677466415,222.8774270675955,530.495782816387
2025-12-17,1195.3275141716317,203.48257371088275,335.4599603095005,257.8303484727298,220.62925420011211,524.320126450364
2025-12-18,1217.704110433282,206.84177012039328,341.9493733963724,264.2274473469985,220.9133523588945,536.3887807781418
2025-12-19,1265.604075307087,207.67087871085948,347.26302262953055,264.9149462968677,222.11454192524744,531.8035101732881
2025-12-22,1284.4841746630843,207.24349448880815,350.2251095861726,266.1733785691889,219.92316882077967,534.0073763124033
2025-12-23,1323.083819256842,208.06832424946074,355.39173648398315,270.49638803907936,221.0513159284405,536.7843148296927
2025-12-24,1318.8880871397016,208.5683435763838,355.0977609514658,270.77604953292405,222.22814145127865,538.8913104461286
2025-12-26,1332.3140876764542,208.43587048034658,354.442123610247,270.9391809593355,221.895389713245,535.4523821917549
2025-12-29,1316.1609842553764,208.17517686759598,354.4986440706969,270.41483121586964,222.1875843839396,531.738946291013
2025-12-30,1311.405906748808,208.33758864708324,354.8264627413063,270.95082685408204,221.6356804339035,537.5996870108966
2025-12-31,1304.1335610910044,206.6878897500435,353.86547663730227,268.95829427291346,220.64549689578863,532.8690859227581
2026-01-02,1320.566444156201,202.12352023528837,356.29616755844836,263.92449406366075,219.95562937620662,525.0547320305582
2026-01-05,1315.4616420944838,202.08505014270094,357.86767834257813,271.5683970954961,216.9120859750221,531.8196634934901
2026-01-06,1309.308201114346,204.5040065137965,355.3804323918932,280.7387479987508,212.9351587987384,533.2969266147129
2026-01-07,1322.3844770959493,206.6238123047989,364.0179686667506,281.4728483075981,211.2875682964684,523.666238072647
2026-01-08,1293.9242778157857,204.33306332517182,367.9296684971287,286.9843791213466,210.2406098312641,521.543138534542
2026-01-09,1292.6655902654652,204.83309577733965,371.46833328853756,288.2544928483983,210.50844045844386,527.194034287398
2026-01-12,1293.225042604298,203.93559153608086,375.187863553386,287.1941296867281,211.2226720215407,518.2413900055531
2026-01-13,1299.3085386734062,201.15339401440272,379.83443307687963,282.68469700093317,211.87195763785755,509.458380285095
2026-01-14,1280.638274050498,196.32830463640744,379.68747987970994,275.75156692846815,210.98727711386172,496.88922002372
2026-01-15,1307.9795686529958,195.16582795258452,376.22797830201995,277.5343667242472,209.56696017143247,501.1515724201323
2026-01-16,1302.245583240226,196.53342596256115,373.0850258719383,278.629685350149,207.39184218060424,500.70757840797546
2026-01-20,1245.1855087566496,194.2512346425612,364.0405422818416,269.168027058303,200.22528668575183,487.6863721736089
2026-01-21,1281.8968546514136,189.80224915507878,371.253520969739,269.5292453753574,200.99631801186428,494.82263240705527
2026-01-22,1292.5257004434054,192.80670957265448,373.69551598297505,273.05988950268386,201.5644522396138,522.8105566887373
2026-01-23,1312.3149766933852,199.136162011722,370.7447331184231,278.67630448911905,201.3128394721844,531.7954582124536
2026-01-26,1303.9238333073201,200.98670340510196,376.7706438605168,277.8140282180919,207.2944480963604,542.7742327126592
2026-01-27,1318.258796839244,205.38867426561467,378.2290445855689,285.1083588276193,209.61563858660978,543.2666866854221
2026-01-28,1339.236708779109,205.83742638624406,379.8796840143285,283.1624276054289,208.13042536925278,539.8438129541848
2026-01-29,1346.1595437805747,185.2677789480392,382.4121463333734,281.6709351982411,209.6237847703742,596.0135507585053
2026-01-30,1336.5097128441892,183.89591523349384,382.129509462035,278.83943591553043,210.59772561281252,578.4070245207524
2026-02-02,1297.9100682504313,180.93845631764302,388.56236751936797,283.10418035170426,219.14404098275512,570.2616510607439
2026-02-03,1261.0586186347975,175.741568129438,384.06275119304405,278.04707057296645,218.71388274251458,558.3867871768572
2026-02-04,1218.053834988431,177.01513688547521,376.52195383453727,271.4868402722864,224.4032470241438,540.0538061168104
2026-02-05,1201.9007315673537,168.24537330197887,374.49824479771945,259.484972306329,223.93255655249033,541.0386646638032
2026-02-06,1296.5117047768617,171.43787910218862,365.01279790884666,245.07108840843205,225.7261823002923,533.9750696719993
2026-02-09,1328.887535681831,176.7630009323518,366.6634373376063,243.20671400945133,223.094120522913,546.6975629789612
2026-02-10,1318.3986866613036,176.62195705144262,360.1739896816455,241.1559163945661,222.33046546685551,541.4503026370234
2026-02-11,1328.957587542266,172.81830047636106,351.5590961600569,237.80004958839763,223.8089978200887,539.8116051108464
2026-02-12,1307.2103885304784,171.73704280752662,349.34325212679835,232.5798261632404,212.62264834048517,524.5703794171628
2026-02-13,1278.3306267335413,171.5148192873635,345.6349913849509,231.63597528901155,207.78899347504338,516.4654139569257
2026-02-17,1293.4347703879826,169.60869248214198,341.45188963714645,234.3859177485125,214.36923484423312,516.0779318662093
2026-02-18,1314.482627238877,170.77972682559195,342.9329676845564,238.62735261520123,214.75106237226186,519.2504538335825
2026-02-19,1313.9232818494493,170.68119561267693,342.39030212605945,238.70892721840292,211.6883704720459,520.5098200269432
2026-02-20,1327.3492823862016,170.1543220348382,356.10403256200766,244.82638237881892,214.93787820846794,529.2929285444667
2026-02-23,1339.4465435121986,164.68855008111075,352.1583167480927,239.18667560289063,216.23766640148108,514.4311329806649
2026-02-24,1348.5371360085614,166.62897315106483,351.49130617660603,243.02027301355486,221.07945503272416,516.0860332255767
2026-02-25,1367.4871802755886,171.59786271138287,353.75243571640243,245.44395262023295,222.77731344944254,527.7025427832973
2026-02-26,1292.8754249985545,172.07761666029327,347.5117126555101,242.27452680996095,221.7374580591059,530.3827589735059
2026-02-27,1239.0318538777012,168.23101428413833,352.46359637270007,244.69820641663907,214.61292495123308,523.2545013023614
2026-03-02,1276.0229794165843,170.7197313314885,346.53945702850507,242.82218612291183,215.05160191412966,527.5976202997837
2026-03-03,1259.030857911365,173.02427494342857,343.21556998680586,243.21835990419785,214.26363248640962,528.8246798527405
2026-03-04,1279.9388249402002,173.5682900910111,342.7068858427568,252.64508051180417,213.2643838352643,539.036591530881
2026-03-05,1282.0366375240678,175.91564825157627,340.16311943162196,255.11536147746043,211.45280171288414,533.2566174120072
2026-03-06,1243.4373137785258,175.17888888371172,337.49497343840835,248.43860110934705,209.15376486872566,520.5743839092183
2026-03-09,1277.211722055875,175.37164622923856,346.6023382013236,248.76486396216987,211.1197271078111,522.6168156433791
2026-03-10,1292.0361930156023,173.80816706546628,347.37170784522135,249.74365252063834,211.89147867578072,528.009406468602
2026-03-11,1300.9173785764967,173.43121003403968,349.24977731025007,247.7860576237094,211.87521114417808,528.6470921275843
2026-03-12,1280.7075772650965,172.13757277866225,343.42322650418964,244.1505471036882,207.7727383614038,515.1818918810609
2026-03-13,1260.4975620548857,169.43467798622783,341.98643145973773,241.9832194213697,203.19095704061561,495.42801142563366
2026-03-16,1281.2670296039296,171.3194368928713,345.69728488325717,246.72571224203122,205.38437910898756,506.95357828460266
2026-03-17,1272.2458472715703,171.08813070328804,351.761359899563,250.75739654333842,206.52981202122157,503.08345023804844
2026-03-18,1261.5465218215222,167.8240791935272,348.10706150558235,244.54672088497423,203.04473552563778,497.4439161477196
2026-03-19,1248.6793319271715,166.63754393593672,347.47351381220915,243.25331536842944,202.24861991415338,490.1884572548012
2026-03-20,1207.6999561173222,163.57482055657468,340.5382977541068,239.30318789033197,201.4606008145811,479.6526393975651
2026-03-23,1228.2595889332765,164.05887958578828,341.73756858831337,244.8613378430505,204.30391697945964,488.0554286116178
2026-03-24,1225.182654544397,159.6639701069924,328.5911860403796,241.48217924738896,204.42576203295963,479.0547689559614
2026-03-25,1249.5184569607184,158.93578152399974,329.1455359509451,246.6907567777996,205.22189006240708,480.64643907898164
2026-03-26,1197.4902450444827,156.76402601397274,317.82066783850115,241.83173388970482,205.44124096181844,442.38954781385866
2026-03-27,1171.4759786622567,152.82319750520597,310.3763528072823,232.27685509991068,202.11862867688902,424.7599030627893
2026-03-30,1155.0423469512234,153.76128500346934,309.42601398267794,234.15287539363788,200.35577464153843,433.372784236533
2026-03-31,1219.5882381054714,158.56311644763147,325.33287656043785,242.68236426598548,206.17236095467067,462.2572918872234
2026-04-01,1229.0288760051992,158.22042943044772,336.45413273890637,245.36239579702323,207.66713600358037,467.9937952972967
2026-04-02,1240.4973815777644,159.97238710993332,334.62131421132653,244.4302085975329,207.90272959866817,464.1398699694773
2026-04-06,1242.2456835052935,159.72395247585104,339.395616518528,247.94918905012082,210.2910764331214,462.97638632814096
2026-04-07,1245.4625077162325,159.47122588671036,345.5841402550905,249.0911268149927,205.93677977754587,464.6165164117671
2026-04-08,1273.2949139876118,160.34503906105672,359.00206299680644,257.80703890324475,210.32358666040057,494.80993698414426
2026-04-09,1286.0921589709328,159.8053289937774,360.3257134130917,272.2558782653733,211.61525350557545,507.7130807252915
2026-04-10,1319.0994191644645,158.86294954045565,358.91152655281974,277.76742685911375,211.6071569936633,508.90072024913155
2026-04-13,1323.854603620438,164.64570928199595,363.51616377140465,279.5269170854077,210.56732643925278,512.6739777730066
2026-04-14,1374.2045654695796,168.38950161542232,376.63990356606945,290.1654686063571,210.26671238960665,535.2644207747259
2026-04-15,1390.708249041048,176.14696756640438,381.40290178118096,289.5595442596896,216.4407746052159,542.6087970265542
2026-04-16,1387.0718623133357,180.01926917193026,380.15838000952556,290.9578161689291,213.97926113244,546.882856875223
2026-04-17,1410.3585980136152,181.103007512037,386.56188891033133,291.95991429688263,219.5278057130205,556.3198043719307
2026-04-20,1413.0159698857212,179.08118167366692,381.74233566568097,289.3031923353299,221.81867153748848,542.0674385063909
2026-04-21,1397.771294712789,181.68983720824468,375.9384621819784,291.2025221985422,216.22956988956892,540.3950017823609
2026-04-22,1416.093011224006,185.4422134517878,383.8919107554029,297.5530197138328,221.91620221932595,545.1457574718522
2026-04-23,1396.0928307468846,178.08740376160327,383.40541996646624,297.22675686101,222.1273820990468,532.5658777288753
2026-04-24,1456.442882834587,181.88688650882992,389.63916007138863,307.60893867760774,220.20205143507877,545.3962574313147
2026-04-27,1514.7649603000466,181.97255498181462,396.35942553433654,304.2647355461778,217.3993668453177,548.2967910774888
2026-04-28,1490.7088305784391,183.87015037789877,395.72587784096334,302.6101294925706,219.9177297529614,542.414858387065
2026-04-29,1463.2960937732385,181.8183464803442,395.9069161598478,306.5019919369514,219.47905279006483,540.6211976637211
2026-04-30,1395.6034302684864,174.6734357054304,435.3459600963821,308.8557428351744,220.43766986609276,494.3978544241295
2026-05-01,1387.771097524823,177.52626016952172,436.35292308870316,312.5844916331358,227.57842083371597,491.8447406586294
2026-05-04,1387.980825308507,177.17500236746605,433.592373920699,317.00068604099056,224.8894599496166,493.18596022072006
2026-05-05,1374.1346205585498,176.21549446964528,439.45280243394046,318.74853037253797,230.86041396149102,488.78257501337004
2026-05-06,1453.3659484457078,177.32064008406456,450.3251611718956,320.4264637756222,233.5656175412669,495.1816115443877
2026-05-07,1479.0304902727846,180.2377257468281,450.2685715732677,315.9753139035359,233.508743270473,498.3568504310608
2026-05-08,1504.9047598835455,177.81753560271878,453.44768327040174,317.73478634983786,238.28551144715772,492.5557337401797
2026-05-11,1534.5553060440786,176.76378844704138,439.69039578236374,313.4350864494325,237.9846490382505,483.8540340045915
2026-05-12,1543.9259990327762,174.669143750372,438.2309579846429,309.74132867568665,239.70846099775477,487.1990062497171
2026-05-13,1579.2409065432648,173.57256892082464,455.50675648522594,314.7634652102008,243.01787298795628,498.2114705492432
2026-05-14,1648.5420891028916,175.38020388886565,453.75317030954284,311.37264293980076,242.48121829655224,499.66576335274755
2026-05-15,1575.6745716759874,180.7303293104239,448.8996356504447,307.7837515587497,244.1237422698956,496.27238054554874
2026-05-18,1554.6953763432593,181.4242741296634,449.08067396932904,308.62268270030785,242.18035588764502,493.83234002146247
2026-05-19,1542.7371494440804,178.8027558551553,438.58166139214393,302.19062836180757,243.0991858100433,486.8838930094469
2026-05-20,1562.7373299212018,180.3619430638692,439.99588282150484,308.7974955814497,245.76624140731286,488.86339101291264
2026-05-21,1535.0448134718818,179.90690395096775,438.58166139214393,312.81751620801845,247.99417299501587,490.7378183372664
2026-05-22,1505.8138298281224,179.68369603744264,433.2756173585569,310.3239434528691,251.1084491137641,493.0647856199389
2026-05-26,1502.5271676555587,178.59331632345354,439.961901407057,309.1237584342726,250.71000635116724,494.7453237033364
2026-05-27,1486.722826244983,177.15094379369845,439.9053118084292,316.7676614661079,252.75909443494572,513.2637468552431
2026-05-28,1498.2612767285782,183.29821783456956,441.3761228364179,319.27289789599575,254.10887734722007,513.2879521362796
2026-05-29,1476.513008222738,193.27898213201357,430.3001175953984,315.35774366212183,253.74296964782843,511.0418502516825
2026-06-01,1568.9611436099901,197.69197819818083,425.8086595740691,304.4278847525812,249.06750721374996,485.1547961683781
2026-06-02,1558.1917662995072,189.44550500068547,409.3813593620136,298.90467248410226,256.29617735980565,482.86023432317495
2026-06-03,1501.7578805836363,183.44847563734712,406.1456580662519,291.3306981607221,252.27933885026178,503.3420021583454
2026-06-04,1530.8828773667988,183.753256947471,421.07960820431646,295.7236007790837,253.06807819169123,507.0504982058144
2026-06-05,1435.9465640665371,178.8680539481688,416.9388190213992,286.6814258380088,249.90502431406122,479.119431635302
2026-06-08,1460.730805339048,176.75170009655585,411.2786492405042,285.7375927437719,245.18893030486532,472.97084566521386
2026-06-09,1457.5802897593603,173.17580589495435,412.3540935980554,284.5374077251754,236.25269089498184,472.32446586447156
2026-06-10,1403.1809025794525,170.57864807484486,403.4336784682368,277.32463393885763,237.0902079952931,461.3281548851475
2026-06-11,1434.3362268717733,167.5651181130938,405.0071596904373,281.4145832738815,240.38335245389194,459.26784088213924
2026-06-12,1436.576709962237,167.73682256591843,407.1693524976296,277.9655137497568,236.72432513182753,458.0962558814356
2026-06-15,1487.4053773492524,171.60894041801674,418.1161384841161,286.66977994326226,241.02573368274997,479.95159931763334
2026-06-16,1452.1193461781797,169.0632991838526,422.5310605424875,286.6464703737772,243.3187353968635,485.3942308565094
2026-06-17,1432.7959415374444,162.65844221325492,411.82204074986925,276.74201916167516,240.64355845175567,459.0061274557477
2026-06-18,1475.0833085734319,162.86878738684973,416.6218204756344,284.77045008004995,242.3185926523782,466.8020062967075
2026-06-22,1460.8007502500777,157.69167894259877,395.8490475049285,271.25378013741977,241.50548926743394,455.9896060547287
2026-06-23,1400.5204291745945,160.52492054140848,391.8303217751296,272.79189168357766,239.3018968873196,454.65525288868724
2026-06-24,1393.2392067161552,156.8846338886865,390.879429845102,272.97833267947414,238.3098754906725,450.99180830306597
2026-06-25,1370.415348041773,151.46281837988408,389.0907906132133,264.51875473558977,223.73061563728274,439.02293901139825
2026-06-26,1347.9414278213503,160.10852214927723,381.93637196201445,271.13726784997846,230.7478575443565,444.99122033703014
2026-06-29,1365.024349371622,158.2196944167374,400.34320191519663,279.81822447399895,229.08909087533664,454.97871448098846
2026-06-30,1400.8704745779592,160.12998192456908,404.5543737632368,277.7208077201436,235.28508321370177,455.53672030668093
2026-07-01,1383.2975108528578,164.9636814631708,408.9013675618015,281.63597973400954,239.36696701373012,495.66477859299766
2026-07-02,1364.0442650219632,167.62949743896942,407.4297268756777,282.7662538241429,250.95394481742832,471.3955264565265
2026-07-06,1369.0851113393442,166.01969928620323,414.8445199049246,284.5024522609438,254.23084658035066,485.45889353585005
2026-07-07,1378.7467067103066,166.9211936018894,415.4897865194553,286.6231608042922,252.60459013860995,497.8240872555923
2026-07-08,1429.0853319224925,164.56015893621466,409.70513344921466,283.8732183447912,254.82442521440078,487.7475769556586
2026-07-09,1419.7037300944596,164.9980171036378,406.2750847353187,287.8583012871203,257.12554827635256,510.6824759260882
2026-07-10,1476.9736393111255,165.3156874041816,404.3392848917266,285.8774146006983,256.39375771349535,541.1950604184192
2026-07-13,1424.9546250437406,167.84414769286744,399.0527032552242,288.17291824519657,258.0118431355456,531.1023473997508
2026-07-14,1482.854680156106,165.24271104294442,406.9769409484773,288.3826688105781,256.0197038303393,534.5878584704868
2026-07-15,1487.755422752617,169.83600859729785,419.8934390548258,297.0869350040836,266.2975799687328,550.9804157664556
2026-07-16,1452.0492943177446,172.1841673977975,401.2601469998654,291.1792126290572,270.98116375064956,537.4183449972531
2026-07-17,1419.9137787263594,169.0590072287942,392.5548207415571,288.07969774724836,271.37143549355596,522.433053101632
2026-07-20,1423.2043980269173,172.69501505170263,398.46402623932124,291.2957426964905,265.5576183861851,522.3036289458853
2026-07-21,1451.2791516505802,170.74607369785596,392.98499848457755,288.45257973904125,266.492715840186,520.6538661483772
2026-07-22,1484.6749590333645,167.5651181130938,387.25690044387574,285.30646349825435,264.988453467502,507.1969648553521
2026-07-23,1461.5708929172422,163.80461734300286,359.63533413746796,272.26754194011187,261.5489508963317,490.15748437478095
2026-07-24,1448.1286360708928,163.85614705419303,361.9559916484538,270.4614325748478,270.78600304327017,481.33451124134626
2026-07-27,1375.8062397625188,167.0328106838968,369.67644456228663,269.62246587330566,273.94905692090026,480.26700894909993
2026-07-28,1379.306800745571,168.85724596531614,377.77048562051215,269.00489563189154,276.5266286763923,479.8949885991274
2026-07-29,1330.2984122358139,167.6509703395061,381.16658748904916,264.0992713848187,274.9898560764291,473.5870923609924
2026-07-30,1365.5143915464516,193.64816901850273,377.7138960218843,274.4115600529453,271.11937567945665,435.9175496500021
2026-07-31,1405.491330580946,199.49495370430833,403.15066133691977,316.4530267280397,251.1816405880129,450.2154609627169
2026-08-03,1446.728454457434,209.3383360641499,422.82538176589446,330.9484852291383,246.7176063929164,477.33140234468897
2026-08-04,1483.834764505765,211.5534311325951,427.511982294404,323.25799861831683,251.5637909830811,475.4713993918917
2026-08-05,1534.8035356136506,209.256775792796,410.2824372348497,317.6998308856063,252.88106366807628,476.14262665459614
2026-08-06,1533.1933053682922,214.5798369595213,404.98455150625733,317.2454098505956,254.02756452513304,477.05649951005915
2026-08-07,1567.989294364535,214.635645500525,401.07900497371406,319.8322208836851,254.77562261959287,478.8355876662484
2026-08-10,1523.1115057841246,217.24138723075117,404.7241771282092,324.03868250615034,250.86927914531628,481.1161697266897
2026-08-11,1522.76146038076,216.27550046394458,389.1926657183789,317.2570379653502,248.14296502834617,484.512714039983
2026-08-12,1568.899326853759,211.3902974646424,388.898379064061,311.442553868264,245.97819120074314,468.120206142547
2026-08-13,1577.3708961925677,213.3005980977189,392.0906961531777,308.9373174383761,248.42780826491193,481.1565777264609
2026-08-14,1576.3907048935034,212.66525749663123,391.56994739708153,306.0475353419568,248.97305618675026,477.0159927132225
2026-08-17,1575.3404617340043,206.20460511027468,389.4190932510681,304.4861320063058,248.69635913394893,460.13019106796725
2026-08-18,1538.4442003175727,206.75408035970523,389.6455207837573,302.31882210397936,252.3097380238215,439.6699115945334
2026-08-19,1523.1815576445597,207.90454744451154,390.23416323057126,309.7646204651797,257.843728751701,441.57847330500203
2026-08-20,1518.2107631876138,206.93684939391886,385.64943780722734,303.0878423170743,253.343285088926,441.4167425088515
2026-08-21,1503.298165917965,207.83573178588446,390.34737699691584,301.36332533500394,251.7563439182188,444.7081667445002
2026-08-24,1459.610617268519,209.5861931874598,394.0151573355909,305.3717178468181,252.56202136125586,452.0836146734142
2026-08-25,1491.6061360884391,211.47857786134767,392.76990961306734,304.19482461771463,252.20393697858913,461.0036065251263
2026-08-26,1467.8720310260226,213.48278962116015,387.1550253387101,303.2859469877093,255.09302575529,465.9286402380812
2026-08-27,1596.133992899228,217.22025558658,385.62679505395846,298.60173698075647,256.01262559139775,461.85271790418324
2026-08-28,1523.1115057841246,220.86311478728803,392.3510705312258,310.4521016350569,260.1794234227992,467.44902827837535
2026-08-31,1545.7254227760122,218.1793566018111,384.15515436783465,302.6916685357883,257.86002111922977,462.855557517089
2026-09-01,1522.3414700663654,215.48269630066943,379.2534303987259,297.0403158651135,264.59847975570887,467.86950858895375
2026-09-02,1571.1398099442226,213.6763344813766,381.63071207742854,297.1102267935767,264.4601188113451,479.44210285107954
2026-09-03,1599.4246121997855,219.39649993033777,387.69841684807517,301.6779245130882,267.10504559844986,493.86138635870634
2026-09-04,1612.7969241351052,214.91499008617447,383.3939084598425,301.22350347807753,260.39914686110217,498.7864200716612
2026-09-08,1580.381308051385,212.44198395688198,383.28062555532,299.42904000756005,257.34730826059666,496.12576570041284
2026-09-09,1565.9588599059714,211.4527736300181,374.54705635133115,294.1039324097161,256.6311394952632,528.643881222957
2026-09-10,1530.4931537340883,211.79254684285033,376.75595199770873,293.5096717377871,265.7703877651771,521.1148532557925
2026-09-11,1530.0024698628274,213.16452868459913,383.4392285354693,299.207643547432,270.40916753638976,524.0666625789381
2026-09-14,1478.6263284703662,217.37078901949891,395.77500051637577,295.4322933904924,271.06836268722486,538.2756071342102
2026-09-15,1487.107202407431,213.8053556380244,390.779525178007,289.46632376174136,269.6523175240867,542.0280184772741
2026-09-16,1499.2328051258178,210.87215217461352,388.3893837982112,286.5998690147991,270.5231147653865,544.5107393336373
2026-09-17,1537.3619792859054,214.07631319222952,393.44148330429675,292.69401460573,274.2585622320941,551.7891191457413
2026-09-18,1557.8985110303272,212.3688632179517,395.944907588615,295.63039806112744,273.55053965052497,538.3969299305895
2026-09-21,1593.7146904031958,215.7364466589066,402.0957855872998,301.1535925496144,275.8699419540944,599.9273965065235
2026-09-22,1604.1580859264943,214.18383519785093,397.77997310697725,297.1102267935767,276.49657720579813,596.1639198921284
2026-09-23,1580.6077199422875,215.29776160105936,382.6802641873486,290.4567759949484,274.27482976369674,602.2340115937121
2026-09-24,1574.089367591456,214.15372588621815,387.8116651835087,290.58495195712817,273.379643642956,629.3390358999515
2026-09-25,1577.523833842067,221.99852721627798,389.57880244206416,290.92286070469754,277.5708303537983,608.3526620529672
